episode,decision,simulation_time,state,action,next_state,old_waiting_time,new_waiting_time,old_queue,new_queue,throughput_during_transition,throughput_rate,normalized_wait,normalized_queue,normalized_throughput,wait_contribution,queue_contribution,throughput_contribution,starvation_penalty,reward,q_value_before,q_value_after,epsilon,transition_duration
1,0,116.0,Low*Low*NoStarvation,30,Medium*Medium*NoStarvation,0.83,26.71,2,7,31,0.4697,0.2671,0.35,0.047,-0.1336,-0.07,0.0141,0.0,-0.1895,0.0,-0.0189,1.0,66
1,1,212.0,Medium*Medium*NoStarvation,45,Medium*Medium*NoStarvation,26.71,41.0,7,7,46,0.4792,0.41,0.35,0.0479,-0.205,-0.07,0.0144,0.0,-0.2606,0.0,-0.0261,1.0,96
1,2,258.0,Medium*Medium*NoStarvation,20,Low*Medium*NoStarvation,41.0,14.43,7,7,21,0.4565,0.1443,0.35,0.0457,-0.0721,-0.07,0.0137,0.0,-0.1284,0.0,-0.0128,1.0,46
1,3,354.0,Low*Medium*NoStarvation,45,Medium*Medium*NoStarvation,14.43,40.57,7,7,44,0.4583,0.4057,0.35,0.0458,-0.2029,-0.07,0.0137,0.0,-0.2591,0.0,-0.0259,1.0,96
1,4,380.0,Medium*Medium*NoStarvation,10,Low*Medium*NoStarvation,40.57,6.57,7,7,9,0.3462,0.0657,0.35,0.0346,-0.0329,-0.07,0.0104,0.0,-0.0925,0.0,-0.0092,1.0,26
1,5,476.0,Low*Medium*NoStarvation,45,Medium*Medium*NoStarvation,6.57,43.14,7,7,42,0.4375,0.4314,0.35,0.0437,-0.2157,-0.07,0.0131,0.0,-0.2726,-0.0259,-0.0506,1.0,96
1,6,572.0,Medium*Medium*NoStarvation,45,Medium*Medium*NoStarvation,43.14,43.14,7,7,41,0.4271,0.4314,0.35,0.0427,-0.2157,-0.07,0.0128,0.0,-0.2729,-0.0261,-0.0507,1.0,96
1,7,668.0,Medium*Medium*NoStarvation,45,Medium*Medium*NoStarvation,43.14,41.0,7,7,43,0.4479,0.41,0.35,0.0448,-0.205,-0.07,0.0134,0.0,-0.2616,-0.0507,-0.0718,1.0,96
1,8,734.0,Medium*Medium*NoStarvation,30,Medium*Medium*NoStarvation,41.0,26.29,7,7,28,0.4242,0.2629,0.35,0.0424,-0.1314,-0.07,0.0127,0.0,-0.1887,0.0,-0.0189,1.0,66
1,9,760.0,Medium*Medium*NoStarvation,10,Low*Medium*NoStarvation,26.29,7.43,7,7,9,0.3462,0.0743,0.35,0.0346,-0.0371,-0.07,0.0104,0.0,-0.0968,-0.0092,-0.018,1.0,26
1,10,826.0,Low*Medium*NoStarvation,30,Medium*Medium*NoStarvation,7.43,27.14,7,7,28,0.4242,0.2714,0.35,0.0424,-0.1357,-0.07,0.0127,0.0,-0.193,0.0,-0.0205,1.0,66
1,11,922.0,Medium*Medium*NoStarvation,45,Medium*Medium*NoStarvation,27.14,40.29,7,7,42,0.4375,0.4029,0.35,0.0437,-0.2014,-0.07,0.0131,0.0,-0.2583,-0.0718,-0.0916,1.0,96
1,12,1018.0,Medium*Medium*NoStarvation,45,Medium*Medium*NoStarvation,40.29,42.71,7,7,39,0.4062,0.4271,0.35,0.0406,-0.2136,-0.07,0.0122,0.0,-0.2714,-0.0916,-0.1108,1.0,96
1,13,1064.0,Medium*Medium*NoStarvation,20,Low*Medium*NoStarvation,42.71,16.14,7,7,10,0.2174,0.1614,0.35,0.0217,-0.0807,-0.07,0.0065,0.0,-0.1442,-0.0128,-0.026,1.0,46
1,14,1130.0,Low*Medium*NoStarvation,30,Medium*Medium*NoStarvation,16.14,27.29,7,7,15,0.2273,0.2729,0.35,0.0227,-0.1364,-0.07,0.0068,0.0,-0.1996,-0.0205,-0.04,1.0,66
1,15,1226.0,Medium*Medium*NoStarvation,45,Medium*Medium*NoStarvation,27.29,43.14,7,7,22,0.2292,0.4314,0.35,0.0229,-0.2157,-0.07,0.0069,0.0,-0.2788,-0.1108,-0.1292,1.0,96
1,16,1292.0,Medium*Medium*NoStarvation,30,Medium*Medium*NoStarvation,43.14,26.14,7,7,15,0.2273,0.2614,0.35,0.0227,-0.1307,-0.07,0.0068,0.0,-0.1939,-0.0189,-0.038,1.0,66
1,17,1318.0,Medium*Medium*NoStarvation,10,Low*Medium*NoStarvation,26.14,9.0,7,7,4,0.1538,0.09,0.35,0.0154,-0.045,-0.07,0.0046,0.0,-0.1104,-0.018,-0.0272,1.0,26
1,18,1344.0,Low*Medium*NoStarvation,10,Low*Medium*NoStarvation,9.0,7.29,7,7,4,0.1538,0.0729,0.35,0.0154,-0.0364,-0.07,0.0046,0.0,-0.1018,0.0,-0.0102,1.0,26
1,19,1390.0,Low*Medium*NoStarvation,20,Low*Medium*NoStarvation,7.29,16.0,7,7,10,0.2174,0.16,0.35,0.0217,-0.08,-0.07,0.0065,0.0,-0.1435,0.0,-0.0143,1.0,46
1,20,1416.0,Low*Medium*NoStarvation,10,Low*Medium*NoStarvation,16.0,8.0,7,7,4,0.1538,0.08,0.35,0.0154,-0.04,-0.07,0.0046,0.0,-0.1054,-0.0102,-0.0206,1.0,26
1,21,1482.0,Low*Medium*NoStarvation,30,Medium*Medium*NoStarvation,8.0,26.0,7,7,15,0.2273,0.26,0.35,0.0227,-0.13,-0.07,0.0068,0.0,-0.1932,-0.04,-0.0576,1.0,66
1,22,1578.0,Medium*Medium*NoStarvation,45,Medium*Medium*NoStarvation,26.0,41.57,7,7,23,0.2396,0.4157,0.35,0.024,-0.2079,-0.07,0.0072,0.0,-0.2707,-0.1292,-0.1457,1.0,96
1,23,1644.0,Medium*Medium*NoStarvation,30,Medium*Medium*NoStarvation,41.57,26.71,7,7,15,0.2273,0.2671,0.35,0.0227,-0.1336,-0.07,0.0068,0.0,-0.1968,-0.038,-0.0562,1.0,66
1,24,1670.0,Medium*Medium*NoStarvation,10,Low*Medium*NoStarvation,26.71,6.71,7,7,4,0.1538,0.0671,0.35,0.0154,-0.0336,-0.07,0.0046,0.0,-0.099,-0.0272,-0.0357,1.0,26
1,25,1716.0,Low*Medium*NoStarvation,20,Low*Medium*NoStarvation,6.71,15.43,7,7,10,0.2174,0.1543,0.35,0.0217,-0.0771,-0.07,0.0065,0.0,-0.1406,-0.0143,-0.0283,1.0,46
1,26,1762.0,Low*Medium*NoStarvation,20,Low*Medium*NoStarvation,15.43,15.86,7,7,10,0.2174,0.1586,0.35,0.0217,-0.0793,-0.07,0.0065,0.0,-0.1428,-0.0283,-0.0416,1.0,46
1,27,1858.0,Low*Medium*NoStarvation,45,Medium*Medium*NoStarvation,15.86,40.57,7,7,23,0.2396,0.4057,0.35,0.024,-0.2029,-0.07,0.0072,0.0,-0.2657,-0.0506,-0.0744,1.0,96
1,28,1924.0,Medium*Medium*NoStarvation,30,Medium*Medium*NoStarvation,40.57,26.57,7,7,15,0.2273,0.2657,0.35,0.0227,-0.1329,-0.07,0.0068,0.0,-0.196,-0.0562,-0.0725,1.0,66
1,29,1990.0,Medium*Medium*NoStarvation,30,Medium*Medium*NoStarvation,26.57,26.71,7,7,15,0.2273,0.2671,0.35,0.0227,-0.1336,-0.07,0.0068,0.0,-0.1968,-0.0725,-0.0873,1.0,66
1,30,2056.0,Medium*Medium*NoStarvation,30,Medium*Medium*NoStarvation,26.71,26.86,7,7,15,0.2273,0.2686,0.35,0.0227,-0.1343,-0.07,0.0068,0.0,-0.1975,-0.0873,-0.1006,1.0,66
1,31,2102.0,Medium*Medium*NoStarvation,20,Low*Medium*NoStarvation,26.86,15.29,7,7,10,0.2174,0.1529,0.35,0.0217,-0.0764,-0.07,0.0065,0.0,-0.1399,-0.026,-0.0392,1.0,46
1,32,2148.0,Low*Medium*NoStarvation,20,Low*Medium*NoStarvation,15.29,17.0,7,7,10,0.2174,0.17,0.35,0.0217,-0.085,-0.07,0.0065,0.0,-0.1485,-0.0416,-0.0541,1.0,46
1,33,2214.0,Low*Medium*NoStarvation,30,Medium*Medium*NoStarvation,17.0,26.0,7,7,15,0.2273,0.26,0.35,0.0227,-0.13,-0.07,0.0068,0.0,-0.1932,-0.0576,-0.0744,1.0,66
1,34,2280.0,Medium*Medium*NoStarvation,30,Medium*Medium*NoStarvation,26.0,26.86,7,7,15,0.2273,0.2686,0.35,0.0227,-0.1343,-0.07,0.0068,0.0,-0.1975,-0.1006,-0.1135,1.0,66
1,35,2326.0,Medium*Medium*NoStarvation,20,Low*Medium*NoStarvation,26.86,16.29,7,7,10,0.2174,0.1629,0.35,0.0217,-0.0814,-0.07,0.0065,0.0,-0.1449,-0.0392,-0.0517,1.0,46
1,36,2422.0,Low*Medium*NoStarvation,45,Medium*Medium*NoStarvation,16.29,40.0,7,7,23,0.2396,0.4,0.35,0.024,-0.2,-0.07,0.0072,0.0,-0.2628,-0.0744,-0.0965,1.0,96
1,37,2518.0,Medium*Medium*NoStarvation,45,Medium*Medium*NoStarvation,40.0,39.71,7,7,23,0.2396,0.3971,0.35,0.024,-0.1986,-0.07,0.0072,0.0,-0.2614,-0.1457,-0.1605,1.0,96
1,38,2564.0,Medium*Medium*NoStarvation,20,Low*Medium*NoStarvation,39.71,17.14,7,7,10,0.2174,0.1714,0.35,0.0217,-0.0857,-0.07,0.0065,0.0,-0.1492,-0.0517,-0.0633,1.0,46
1,39,2596.0,Low*Medium*NoStarvation,30,Low*Low*NoStarvation,17.14,0.0,7,0,13,0.197,0.0,0.0,0.0197,-0.0,-0.0,0.0059,0.0,0.0059,-0.0744,-0.0664,1.0,66
2,0,116.0,Low*Low*NoStarvation,30,Medium*Medium*NoStarvation,0.83,26.71,2,7,31,0.4697,0.2671,0.35,0.047,-0.1336,-0.07,0.0141,0.0,-0.1895,-0.0189,-0.0392,0.995,66
2,1,182.0,Medium*Medium*NoStarvation,30,Medium*Medium*NoStarvation,26.71,26.43,7,7,30,0.4545,0.2643,0.35,0.0455,-0.1321,-0.07,0.0136,0.0,-0.1885,-0.1135,-0.1242,0.995,66
2,2,248.0,Medium*Medium*NoStarvation,30,Medium*Medium*NoStarvation,26.43,25.29,7,7,30,0.4545,0.2529,0.35,0.0455,-0.1264,-0.07,0.0136,0.0,-0.1828,-0.1242,-0.1333,0.995,66
2,3,294.0,Medium*Medium*NoStarvation,20,Low*Medium*NoStarvation,25.29,15.29,7,7,20,0.4348,0.1529,0.35,0.0435,-0.0764,-0.07,0.013,0.0,-0.1334,-0.0633,-0.0721,0.995,46
2,4,360.0,Low*Medium*NoStarvation,30,Medium*Medium*NoStarvation,15.29,25.43,7,7,30,0.4545,0.2543,0.35,0.0455,-0.1271,-0.07,0.0136,0.0,-0.1835,-0.0664,-0.0813,0.995,66
2,5,456.0,Medium*Medium*NoStarvation,45,Medium*Medium*NoStarvation,25.43,41.86,7,7,41,0.4271,0.4186,0.35,0.0427,-0.2093,-0.07,0.0128,0.0,-0.2665,-0.1605,-0.1743,0.995,96
2,6,482.0,Medium*Medium*NoStarvation,10,Low*Medium*NoStarvation,41.86,7.14,7,7,9,0.3462,0.0714,0.35,0.0346,-0.0357,-0.07,0.0104,0.0,-0.0953,-0.0357,-0.0435,0.995,26
2,7,578.0,Low*Medium*NoStarvation,45,Medium*Medium*NoStarvation,7.14,40.86,7,7,43,0.4479,0.4086,0.35,0.0448,-0.2043,-0.07,0.0134,0.0,-0.2608,-0.0965,-0.1168,0.995,96
2,8,624.0,Medium*Medium*NoStarvation,20,Low*Medium*NoStarvation,40.86,16.43,7,7,19,0.413,0.1643,0.35,0.0413,-0.0821,-0.07,0.0124,0.0,-0.1398,-0.0721,-0.0807,0.995,46
2,9,670.0,Low*Medium*NoStarvation,20,Low*Medium*NoStarvation,16.43,16.0,7,7,19,0.413,0.16,0.35,0.0413,-0.08,-0.07,0.0124,0.0,-0.1376,-0.0541,-0.0643,0.995,46
2,10,716.0,Low*Medium*NoStarvation,20,Low*Medium*NoStarvation,16.0,16.71,7,7,19,0.413,0.1671,0.35,0.0413,-0.0836,-0.07,0.0124,0.0,-0.1412,-0.0643,-0.0739,0.995,46
2,11,762.0,Low*Medium*NoStarvation,20,Low*Medium*NoStarvation,16.71,15.14,7,7,19,0.413,0.1514,0.35,0.0413,-0.0757,-0.07,0.0124,0.0,-0.1333,-0.0739,-0.0817,0.995,46
2,12,808.0,Low*Medium*NoStarvation,20,Low*Medium*NoStarvation,15.14,15.29,7,7,20,0.4348,0.1529,0.35,0.0435,-0.0764,-0.07,0.013,0.0,-0.1334,-0.0817,-0.0887,0.995,46
2,13,904.0,Low*Medium*NoStarvation,45,Medium*Medium*NoStarvation,15.29,41.43,7,7,42,0.4375,0.4143,0.35,0.0437,-0.2071,-0.07,0.0131,0.0,-0.264,-0.1168,-0.1355,0.995,96
2,14,950.0,Medium*Medium*NoStarvation,20,Low*Medium*NoStarvation,41.43,16.0,7,7,19,0.413,0.16,0.35,0.0413,-0.08,-0.07,0.0124,0.0,-0.1376,-0.0807,-0.0883,0.995,46
2,15,976.0,Low*Medium*NoStarvation,10,Low*Medium*NoStarvation,16.0,6.76,7,8,8,0.3077,0.0676,0.4,0.0308,-0.0338,-0.08,0.0092,0.0,-0.1046,-0.0206,-0.0309,0.995,26
2,16,1022.0,Low*Medium*NoStarvation,20,Low*Medium*NoStarvation,6.76,15.43,8,7,18,0.3913,0.1543,0.35,0.0391,-0.0771,-0.07,0.0117,0.0,-0.1354,-0.0887,-0.0961,0.995,46
2,17,1088.0,Low*Medium*NoStarvation,30,Medium*Medium*NoStarvation,15.43,25.43,7,7,15,0.2273,0.2543,0.35,0.0227,-0.1271,-0.07,0.0068,0.0,-0.1903,-0.0813,-0.0961,0.995,66
2,18,1154.0,Medium*Medium*NoStarvation,30,Medium*Medium*NoStarvation,25.43,26.71,7,7,15,0.2273,0.2671,0.35,0.0227,-0.1336,-0.07,0.0068,0.0,-0.1968,-0.1333,-0.1436,0.995,66
2,19,1200.0,Medium*Medium*NoStarvation,20,Low*Medium*NoStarvation,26.71,16.71,7,7,10,0.2174,0.1671,0.35,0.0217,-0.0836,-0.07,0.0065,0.0,-0.147,-0.0883,-0.0969,0.995,46
2,20,1246.0,Low*Medium*NoStarvation,20,Low*Medium*NoStarvation,16.71,17.57,7,7,10,0.2174,0.1757,0.35,0.0217,-0.0879,-0.07,0.0065,0.0,-0.1513,-0.0961,-0.1044,0.995,46
2,21,1272.0,Low*Medium*NoStarvation,10,Low*Medium*NoStarvation,17.57,6.14,7,6,5,0.1923,0.0614,0.3,0.0192,-0.0307,-0.06,0.0058,0.0,-0.0849,-0.0309,-0.0391,0.995,26
2,22,1368.0,Low*Medium*NoStarvation,45,Medium*Medium*NoStarvation,6.14,41.0,6,7,23,0.2396,0.41,0.35,0.024,-0.205,-0.07,0.0072,0.0,-0.2678,-0.1355,-0.1526,0.995,96
2,23,1394.0,Medium*Medium*NoStarvation,10,Low*Medium*NoStarvation,41.0,6.14,7,7,5,0.1923,0.0614,0.35,0.0192,-0.0307,-0.07,0.0058,0.0,-0.0949,-0.0435,-0.0522,0.995,26
2,24,1420.0,Low*Medium*NoStarvation,10,Low*Medium*NoStarvation,6.14,7.29,7,7,4,0.1538,0.0729,0.35,0.0154,-0.0364,-0.07,0.0046,0.0,-0.1018,-0.0391,-0.0488,0.995,26
2,25,1516.0,Low*Medium*NoStarvation,45,Medium*Medium*NoStarvation,7.29,41.71,7,7,22,0.2292,0.4171,0.35,0.0229,-0.2086,-0.07,0.0069,0.0,-0.2717,-0.1526,-0.1692,0.995,96
2,26,1542.0,Medium*Medium*NoStarvation,10,Low*Medium*NoStarvation,41.71,6.71,7,7,5,0.1923,0.0671,0.35,0.0192,-0.0336,-0.07,0.0058,0.0,-0.0978,-0.0522,-0.0611,0.995,26
2,27,1608.0,Low*Medium*NoStarvation,30,Medium*Medium*NoStarvation,6.71,27.14,7,7,15,0.2273,0.2714,0.35,0.0227,-0.1357,-0.07,0.0068,0.0,-0.1989,-0.0961,-0.1119,0.995,66
2,28,1704.0,Medium*Medium*NoStarvation,45,Medium*Medium*NoStarvation,27.14,41.57,7,7,22,0.2292,0.4157,0.35,0.0229,-0.2079,-0.07,0.0069,0.0,-0.271,-0.1743,-0.1894,0.995,96
2,29,1730.0,Medium*Medium*NoStarvation,10,Low*Medium*NoStarvation,41.57,7.57,7,7,4,0.1538,0.0757,0.35,0.0154,-0.0379,-0.07,0.0046,0.0,-0.1032,-0.0611,-0.0697,0.995,26
2,30,1796.0,Low*Medium*NoStarvation,30,Medium*Medium*NoStarvation,7.57,26.14,7,7,15,0.2273,0.2614,0.35,0.0227,-0.1307,-0.07,0.0068,0.0,-0.1939,-0.1119,-0.1264,0.995,66
2,31,1842.0,Medium*Medium*NoStarvation,20,Low*Medium*NoStarvation,26.14,15.86,7,7,10,0.2174,0.1586,0.35,0.0217,-0.0793,-0.07,0.0065,0.0,-0.1428,-0.0969,-0.1059,0.995,46
2,32,1908.0,Low*Medium*NoStarvation,30,Medium*Medium*NoStarvation,15.86,26.71,7,7,14,0.2121,0.2671,0.35,0.0212,-0.1336,-0.07,0.0064,0.0,-0.1972,-0.1264,-0.1397,0.995,66
2,33,1934.0,Medium*Medium*NoStarvation,10,Low*Medium*NoStarvation,26.71,5.14,7,6,5,0.1923,0.0514,0.3,0.0192,-0.0257,-0.06,0.0058,0.0,-0.0799,-0.0697,-0.0752,0.995,26
2,34,1960.0,Low*Medium*NoStarvation,10,Low*Medium*NoStarvation,5.14,6.43,6,7,5,0.1923,0.0643,0.35,0.0192,-0.0321,-0.07,0.0058,0.0,-0.0964,-0.0488,-0.058,0.995,26
2,35,2026.0,Low*Medium*NoStarvation,30,Medium*Medium*NoStarvation,6.43,26.86,7,7,15,0.2273,0.2686,0.35,0.0227,-0.1343,-0.07,0.0068,0.0,-0.1975,-0.1397,-0.1523,0.995,66
2,36,2052.0,Medium*Medium*NoStarvation,10,Low*Medium*NoStarvation,26.86,5.71,7,6,5,0.1923,0.0571,0.3,0.0192,-0.0286,-0.06,0.0058,0.0,-0.0828,-0.0752,-0.0811,0.995,26
2,37,2098.0,Low*Medium*NoStarvation,20,Low*Medium*NoStarvation,5.71,16.43,6,7,10,0.2174,0.1643,0.35,0.0217,-0.0821,-0.07,0.0065,0.0,-0.1456,-0.1044,-0.1138,0.995,46
2,38,2194.0,Low*Medium*NoStarvation,45,Medium*Medium*NoStarvation,16.43,40.14,7,7,23,0.2396,0.4014,0.35,0.024,-0.2007,-0.07,0.0072,0.0,-0.2635,-0.1692,-0.186,0.995,96
2,39,2290.0,Medium*Medium*NoStarvation,45,Medium*Medium*NoStarvation,40.14,40.29,7,7,23,0.2396,0.4029,0.35,0.024,-0.2014,-0.07,0.0072,0.0,-0.2642,-0.1894,-0.2042,0.995,96
2,40,2356.0,Medium*Medium*NoStarvation,30,Medium*Medium*NoStarvation,40.29,25.43,7,7,15,0.2273,0.2543,0.35,0.0227,-0.1271,-0.07,0.0068,0.0,-0.1903,-0.1436,-0.1556,0.995,66
2,41,2422.0,Medium*Medium*NoStarvation,30,Medium*Medium*NoStarvation,25.43,26.29,7,7,15,0.2273,0.2629,0.35,0.0227,-0.1314,-0.07,0.0068,0.0,-0.1946,-0.1556,-0.1668,0.995,66
2,42,2488.0,Medium*Medium*NoStarvation,30,Medium*Medium*NoStarvation,26.29,27.29,7,7,15,0.2273,0.2729,0.35,0.0227,-0.1364,-0.07,0.0068,0.0,-0.1996,-0.1668,-0.1774,0.995,66
2,43,2584.0,Medium*Medium*NoStarvation,45,Medium*Medium*NoStarvation,27.29,40.29,7,7,23,0.2396,0.4029,0.35,0.024,-0.2014,-0.07,0.0072,0.0,-0.2642,-0.2042,-0.2175,0.995,96
2,44,2630.0,Medium*Medium*NoStarvation,20,Low*Medium*NoStarvation,40.29,17.5,7,6,10,0.2174,0.175,0.3,0.0217,-0.0875,-0.06,0.0065,0.0,-0.141,-0.1059,-0.1146,0.995,46
2,45,2649.0,Low*Medium*NoStarvation,45,Low*Low*NoStarvation,17.5,0.0,6,0,6,0.0625,0.0,0.0,0.0063,-0.0,-0.0,0.0019,0.0,0.0019,-0.186,-0.1672,0.995,96
3,0,116.0,Low*Low*NoStarvation,30,Medium*Medium*NoStarvation,0.83,26.71,2,7,31,0.4697,0.2671,0.35,0.047,-0.1336,-0.07,0.0141,0.0,-0.1895,-0.0392,-0.0615,0.99,66
3,1,142.0,Medium*Medium*NoStarvation,10,Low*Medium*NoStarvation,26.71,7.0,7,7,10,0.3846,0.07,0.35,0.0385,-0.035,-0.07,0.0115,0.0,-0.0935,-0.0811,-0.0876,0.99,26
3,2,208.0,Low*Medium*NoStarvation,30,Medium*Medium*NoStarvation,7.0,26.29,7,7,29,0.4394,0.2629,0.35,0.0439,-0.1314,-0.07,0.0132,0.0,-0.1882,-0.1523,-0.1638,0.99,66
3,3,274.0,Medium*Medium*NoStarvation,30,Medium*Medium*NoStarvation,26.29,27.29,7,7,30,0.4545,0.2729,0.35,0.0455,-0.1364,-0.07,0.0136,0.0,-0.1928,-0.1774,-0.1868,0.99,66
3,4,300.0,Medium*Medium*NoStarvation,10,Low*Medium*NoStarvation,27.29,7.11,7,8,9,0.3462,0.0711,0.4,0.0346,-0.0355,-0.08,0.0104,0.0,-0.1052,-0.0876,-0.0946,0.99,26
3,5,396.0,Low*Medium*NoStarvation,45,Medium*Medium*NoStarvation,7.11,40.57,8,7,44,0.4583,0.4057,0.35,0.0458,-0.2029,-0.07,0.0137,0.0,-0.2591,-0.1672,-0.1849,0.99,96
3,6,462.0,Medium*Medium*NoStarvation,30,Medium*Medium*NoStarvation,40.57,26.0,7,7,30,0.4545,0.26,0.35,0.0455,-0.13,-0.07,0.0136,0.0,-0.1864,-0.1868,-0.1952,0.99,66
3,7,558.0,Medium*Medium*NoStarvation,45,Medium*Medium*NoStarvation,26.0,41.29,7,7,43,0.4479,0.4129,0.35,0.0448,-0.2064,-0.07,0.0134,0.0,-0.263,-0.2175,-0.2306,0.99,96
3,8,604.0,Medium*Medium*NoStarvation,20,Low*Medium*NoStarvation,41.29,15.43,7,7,19,0.413,0.1543,0.35,0.0413,-0.0771,-0.07,0.0124,0.0,-0.1348,-0.1146,-0.1219,0.99,46
3,9,630.0,Low*Medium*NoStarvation,10,Low*Medium*NoStarvation,15.43,5.86,7,7,9,0.3462,0.0586,0.35,0.0346,-0.0293,-0.07,0.0104,0.0,-0.0889,-0.058,-0.0663,0.99,26
3,10,726.0,Low*Medium*NoStarvation,45,Medium*Medium*NoStarvation,5.86,40.29,7,7,43,0.4479,0.4029,0.35,0.0448,-0.2014,-0.07,0.0134,0.0,-0.258,-0.1849,-0.2007,0.99,96
3,11,792.0,Medium*Medium*NoStarvation,30,Medium*Medium*NoStarvation,40.29,26.86,7,7,28,0.4242,0.2686,0.35,0.0424,-0.1343,-0.07,0.0127,0.0,-0.1916,-0.1952,-0.2034,0.99,66
3,12,818.0,Medium*Medium*NoStarvation,10,Low*Medium*NoStarvation,26.86,6.43,7,7,10,0.3846,0.0643,0.35,0.0385,-0.0321,-0.07,0.0115,0.0,-0.0906,-0.0946,-0.1001,0.99,26
3,13,884.0,Low*Medium*NoStarvation,30,Medium*Medium*NoStarvation,6.43,26.14,7,7,29,0.4394,0.2614,0.35,0.0439,-0.1307,-0.07,0.0132,0.0,-0.1875,-0.1638,-0.1751,0.99,66
3,14,950.0,Medium*Medium*NoStarvation,30,Medium*Medium*NoStarvation,26.14,25.43,7,7,28,0.4242,0.2543,0.35,0.0424,-0.1271,-0.07,0.0127,0.0,-0.1844,-0.2034,-0.2105,0.99,66
3,15,1046.0,Medium*Medium*NoStarvation,45,Medium*Medium*NoStarvation,25.43,42.14,7,7,33,0.3438,0.4214,0.35,0.0344,-0.2107,-0.07,0.0103,0.0,-0.2704,-0.2306,-0.2436,0.99,96
3,16,1092.0,Medium*Medium*NoStarvation,20,Low*Medium*NoStarvation,42.14,16.29,7,7,10,0.2174,0.1629,0.35,0.0217,-0.0814,-0.07,0.0065,0.0,-0.1449,-0.1219,-0.1301,0.99,46
3,17,1158.0,Low*Medium*NoStarvation,30,Medium*Medium*NoStarvation,16.29,26.86,7,7,14,0.2121,0.2686,0.35,0.0212,-0.1343,-0.07,0.0064,0.0,-0.1979,-0.1751,-0.1864,0.99,66
3,18,1184.0,Medium*Medium*NoStarvation,10,Low*Medium*NoStarvation,26.86,8.57,7,7,4,0.1538,0.0857,0.35,0.0154,-0.0429,-0.07,0.0046,0.0,-0.1082,-0.1001,-0.1069,0.99,26
3,19,1280.0,Low*Medium*NoStarvation,45,Medium*Medium*NoStarvation,8.57,40.71,7,7,23,0.2396,0.4071,0.35,0.024,-0.2036,-0.07,0.0072,0.0,-0.2664,-0.2007,-0.2169,0.99,96
3,20,1376.0,Medium*Medium*NoStarvation,45,Medium*Medium*NoStarvation,40.71,41.29,7,7,23,0.2396,0.4129,0.35,0.024,-0.2064,-0.07,0.0072,0.0,-0.2692,-0.2436,-0.2558,0.99,96
3,21,1472.0,Medium*Medium*NoStarvation,45,Medium*Medium*NoStarvation,41.29,40.43,7,7,22,0.2292,0.4043,0.35,0.0229,-0.2021,-0.07,0.0069,0.0,-0.2653,-0.2558,-0.2663,0.99,96
3,22,1568.0,Medium*Medium*NoStarvation,45,Medium*Medium*NoStarvation,40.43,39.71,7,7,23,0.2396,0.3971,0.35,0.024,-0.1986,-0.07,0.0072,0.0,-0.2614,-0.2663,-0.2755,0.99,96
3,23,1614.0,Medium*Medium*NoStarvation,20,Low*Medium*NoStarvation,39.71,17.86,7,7,10,0.2174,0.1786,0.35,0.0217,-0.0893,-0.07,0.0065,0.0,-0.1528,-0.1301,-0.1384,0.99,46
3,24,1680.0,Low*Medium*NoStarvation,30,Medium*Medium*NoStarvation,17.86,26.71,7,7,14,0.2121,0.2671,0.35,0.0212,-0.1336,-0.07,0.0064,0.0,-0.1972,-0.1864,-0.1971,0.99,66
3,25,1726.0,Medium*Medium*NoStarvation,20,Low*Medium*NoStarvation,26.71,16.0,7,7,10,0.2174,0.16,0.35,0.0217,-0.08,-0.07,0.0065,0.0,-0.1435,-0.1384,-0.1449,0.99,46
3,26,1822.0,Low*Medium*NoStarvation,45,Medium*Medium*NoStarvation,16.0,41.43,7,7,23,0.2396,0.4143,0.35,0.024,-0.2071,-0.07,0.0072,0.0,-0.27,-0.2169,-0.2318,0.99,96
3,27,1918.0,Medium*Medium*NoStarvation,45,Medium*Medium*NoStarvation,41.43,40.86,7,7,23,0.2396,0.4086,0.35,0.024,-0.2043,-0.07,0.0072,0.0,-0.2671,-0.2755,-0.2843,0.99,96
3,28,1964.0,Medium*Medium*NoStarvation,20,Low*Medium*NoStarvation,40.86,16.29,7,7,10,0.2174,0.1629,0.35,0.0217,-0.0814,-0.07,0.0065,0.0,-0.1449,-0.1449,-0.1508,0.99,46
3,29,2010.0,Low*Medium*NoStarvation,20,Low*Medium*NoStarvation,16.29,16.57,7,7,10,0.2174,0.1657,0.35,0.0217,-0.0829,-0.07,0.0065,0.0,-0.1463,-0.1138,-0.123,0.99,46
3,30,2056.0,Low*Medium*NoStarvation,20,Low*Medium*NoStarvation,16.57,16.14,7,7,10,0.2174,0.1614,0.35,0.0217,-0.0807,-0.07,0.0065,0.0,-0.1442,-0.123,-0.1311,0.99,46
3,31,2082.0,Low*Medium*NoStarvation,10,Low*Medium*NoStarvation,16.14,5.71,7,6,5,0.1923,0.0571,0.3,0.0192,-0.0286,-0.06,0.0058,0.0,-0.0828,-0.0663,-0.0739,0.99,26
3,32,2108.0,Low*Medium*NoStarvation,10,Low*Medium*NoStarvation,5.71,6.57,6,7,5,0.1923,0.0657,0.35,0.0192,-0.0329,-0.07,0.0058,0.0,-0.0971,-0.0739,-0.0829,0.99,26
3,33,2174.0,Low*Medium*NoStarvation,30,Medium*Medium*NoStarvation,6.57,25.86,7,7,15,0.2273,0.2586,0.35,0.0227,-0.1293,-0.07,0.0068,0.0,-0.1925,-0.1971,-0.2063,0.99,66
3,34,2220.0,Medium*Medium*NoStarvation,20,Low*Medium*NoStarvation,25.86,14.86,7,7,10,0.2174,0.1486,0.35,0.0217,-0.0743,-0.07,0.0065,0.0,-0.1378,-0.1508,-0.157,0.99,46
3,35,2266.0,Low*Medium*NoStarvation,20,Low*Medium*NoStarvation,14.86,16.71,7,7,10,0.2174,0.1671,0.35,0.0217,-0.0836,-0.07,0.0065,0.0,-0.147,-0.1311,-0.1401,0.99,46
3,36,2362.0,Low*Medium*NoStarvation,45,Medium*Medium*NoStarvation,16.71,39.57,7,7,23,0.2396,0.3957,0.35,0.024,-0.1979,-0.07,0.0072,0.0,-0.2607,-0.2318,-0.2443,0.99,96
3,37,2458.0,Medium*Medium*NoStarvation,45,Medium*Medium*NoStarvation,39.57,40.14,7,7,23,0.2396,0.4014,0.35,0.024,-0.2007,-0.07,0.0072,0.0,-0.2635,-0.2843,-0.2918,0.99,96
3,38,2484.0,Medium*Medium*NoStarvation,10,Low*Medium*NoStarvation,40.14,8.57,7,7,4,0.1538,0.0857,0.35,0.0154,-0.0429,-0.07,0.0046,0.0,-0.1082,-0.1069,-0.1145,0.99,26
3,39,2510.0,Low*Medium*NoStarvation,10,Low*Medium*NoStarvation,8.57,7.86,7,7,4,0.1538,0.0786,0.35,0.0154,-0.0393,-0.07,0.0046,0.0,-0.1047,-0.0829,-0.0925,0.99,26
3,40,2536.0,Low*Medium*NoStarvation,10,Low*Medium*NoStarvation,7.86,9.57,7,7,4,0.1538,0.0957,0.35,0.0154,-0.0479,-0.07,0.0046,0.0,-0.1132,-0.0925,-0.1029,0.99,26
3,41,2602.0,Low*Medium*NoStarvation,30,Medium*Medium*NoStarvation,9.57,25.43,7,7,15,0.2273,0.2543,0.35,0.0227,-0.1271,-0.07,0.0068,0.0,-0.1903,-0.2063,-0.215,0.99,66
3,42,2626.0,Medium*Medium*NoStarvation,30,Low*Low*NoStarvation,25.43,0.0,7,0,9,0.1364,0.0,0.0,0.0136,-0.0,-0.0,0.0041,0.0,0.0041,-0.2105,-0.189,0.99,66
4,0,96.0,Low*Low*NoStarvation,20,Low*Medium*NoStarvation,0.83,16.14,2,7,21,0.4565,0.1614,0.35,0.0457,-0.0807,-0.07,0.0137,0.0,-0.137,0.0,-0.023,0.9851,46
4,1,122.0,Low*Medium*NoStarvation,10,Low*Medium*NoStarvation,16.14,6.14,7,7,9,0.3462,0.0614,0.35,0.0346,-0.0307,-0.07,0.0104,0.0,-0.0903,-0.1029,-0.1109,0.9851,26
4,2,168.0,Low*Medium*NoStarvation,20,Low*Medium*NoStarvation,6.14,17.0,7,7,20,0.4348,0.17,0.35,0.0435,-0.085,-0.07,0.013,0.0,-0.142,-0.1401,-0.1503,0.9851,46
4,3,234.0,Low*Medium*NoStarvation,30,Medium*Medium*NoStarvation,17.0,25.57,7,7,30,0.4545,0.2557,0.35,0.0455,-0.1279,-0.07,0.0136,0.0,-0.1842,-0.215,-0.2222,0.9851,66
4,4,300.0,Medium*Medium*NoStarvation,30,Medium*Medium*NoStarvation,25.57,25.43,7,7,32,0.4848,0.2543,0.35,0.0485,-0.1271,-0.07,0.0145,0.0,-0.1826,-0.189,-0.1987,0.9851,66
4,5,366.0,Medium*Medium*NoStarvation,30,Medium*Medium*NoStarvation,25.43,26.0,7,7,30,0.4545,0.26,0.35,0.0455,-0.13,-0.07,0.0136,0.0,-0.1864,-0.1987,-0.2078,0.9851,66
4,6,432.0,Medium*Medium*NoStarvation,30,Medium*Medium*NoStarvation,26.0,24.43,7,7,29,0.4394,0.2443,0.35,0.0439,-0.1221,-0.07,0.0132,0.0,-0.179,-0.2078,-0.2152,0.9851,66
4,7,528.0,Medium*Medium*NoStarvation,45,Medium*Medium*NoStarvation,24.43,41.14,7,7,43,0.4479,0.4114,0.35,0.0448,-0.2057,-0.07,0.0134,0.0,-0.2623,-0.2918,-0.2992,0.9851,96
4,8,554.0,Medium*Medium*NoStarvation,10,Low*Medium*NoStarvation,41.14,6.86,7,7,9,0.3462,0.0686,0.35,0.0346,-0.0343,-0.07,0.0104,0.0,-0.0939,-0.1145,-0.1224,0.9851,26
4,9,620.0,Low*Medium*NoStarvation,30,Medium*Medium*NoStarvation,6.86,26.0,7,7,29,0.4394,0.26,0.35,0.0439,-0.13,-0.07,0.0132,0.0,-0.1868,-0.2222,-0.2297,0.9851,66
4,10,686.0,Medium*Medium*NoStarvation,30,Medium*Medium*NoStarvation,26.0,25.0,7,7,28,0.4242,0.25,0.35,0.0424,-0.125,-0.07,0.0127,0.0,-0.1823,-0.2152,-0.2229,0.9851,66
4,11,712.0,Medium*Medium*NoStarvation,10,Low*Medium*NoStarvation,25.0,6.21,7,7,10,0.3846,0.0621,0.35,0.0385,-0.0311,-0.07,0.0115,0.0,-0.0895,-0.1224,-0.1291,0.9851,26
4,12,778.0,Low*Medium*NoStarvation,30,Medium*Medium*NoStarvation,6.21,27.29,7,7,29,0.4394,0.2729,0.35,0.0439,-0.1364,-0.07,0.0132,0.0,-0.1932,-0.2297,-0.2377,0.9851,66
4,13,874.0,Medium*Medium*NoStarvation,45,Medium*Medium*NoStarvation,27.29,40.14,7,7,41,0.4271,0.4014,0.35,0.0427,-0.2007,-0.07,0.0128,0.0,-0.2579,-0.2992,-0.3067,0.9851,96
4,14,900.0,Medium*Medium*NoStarvation,10,Low*Medium*NoStarvation,40.14,6.43,7,7,9,0.3462,0.0643,0.35,0.0346,-0.0321,-0.07,0.0104,0.0,-0.0918,-0.1291,-0.1354,0.9851,26
4,15,966.0,Low*Medium*NoStarvation,30,Medium*Medium*NoStarvation,6.43,26.43,7,7,30,0.4545,0.2643,0.35,0.0455,-0.1321,-0.07,0.0136,0.0,-0.1885,-0.2377,-0.2449,0.9851,66
4,16,1062.0,Medium*Medium*NoStarvation,45,Medium*Medium*NoStarvation,26.43,41.14,7,7,31,0.3229,0.4114,0.35,0.0323,-0.2057,-0.07,0.0097,0.0,-0.266,-0.3067,-0.3148,0.9851,96
4,17,1108.0,Medium*Medium*NoStarvation,20,Low*Medium*NoStarvation,41.14,15.86,7,7,10,0.2174,0.1586,0.35,0.0217,-0.0793,-0.07,0.0065,0.0,-0.1428,-0.157,-0.1655,0.9851,46
4,18,1134.0,Low*Medium*NoStarvation,10,Low*Medium*NoStarvation,15.86,5.14,7,6,5,0.1923,0.0514,0.3,0.0192,-0.0257,-0.06,0.0058,0.0,-0.0799,-0.1109,-0.1178,0.9851,26
4,19,1160.0,Low*Medium*NoStarvation,10,Low*Medium*NoStarvation,5.14,9.0,6,7,4,0.1538,0.09,0.35,0.0154,-0.045,-0.07,0.0046,0.0,-0.1104,-0.1178,-0.1277,0.9851,26
4,20,1206.0,Low*Medium*NoStarvation,20,Low*Medium*NoStarvation,9.0,16.43,7,7,10,0.2174,0.1643,0.35,0.0217,-0.0821,-0.07,0.0065,0.0,-0.1456,-0.1503,-0.1613,0.9851,46
4,21,1302.0,Low*Medium*NoStarvation,45,Medium*Medium*NoStarvation,16.43,40.71,7,7,23,0.2396,0.4071,0.35,0.024,-0.2036,-0.07,0.0072,0.0,-0.2664,-0.2443,-0.2587,0.9851,96
4,22,1328.0,Medium*Medium*NoStarvation,10,Low*Medium*NoStarvation,40.71,8.0,7,7,4,0.1538,0.08,0.35,0.0154,-0.04,-0.07,0.0046,0.0,-0.1054,-0.1354,-0.1439,0.9851,26
4,23,1354.0,Low*Medium*NoStarvation,10,Low*Medium*NoStarvation,8.0,5.57,7,7,5,0.1923,0.0557,0.35,0.0192,-0.0279,-0.07,0.0058,0.0,-0.0921,-0.1277,-0.1356,0.9851,26
4,24,1380.0,Low*Medium*NoStarvation,10,Low*Medium*NoStarvation,5.57,5.71,7,6,5,0.1923,0.0571,0.3,0.0192,-0.0286,-0.06,0.0058,0.0,-0.0828,-0.1356,-0.1425,0.9851,26
4,25,1476.0,Low*Medium*NoStarvation,45,Medium*Medium*NoStarvation,5.71,39.57,6,7,23,0.2396,0.3957,0.35,0.024,-0.1979,-0.07,0.0072,0.0,-0.2607,-0.2587,-0.2719,0.9851,96
4,26,1502.0,Medium*Medium*NoStarvation,10,Low*Medium*NoStarvation,39.57,5.71,7,6,5,0.1923,0.0571,0.3,0.0192,-0.0286,-0.06,0.0058,0.0,-0.0828,-0.1439,-0.1506,0.9851,26
4,27,1598.0,Low*Medium*NoStarvation,45,Medium*Medium*NoStarvation,5.71,40.14,6,7,23,0.2396,0.4014,0.35,0.024,-0.2007,-0.07,0.0072,0.0,-0.2635,-0.2719,-0.2846,0.9851,96
4,28,1624.0,Medium*Medium*NoStarvation,10,Low*Medium*NoStarvation,40.14,8.57,7,7,4,0.1538,0.0857,0.35,0.0154,-0.0429,-0.07,0.0046,0.0,-0.1082,-0.1506,-0.1592,0.9851,26
4,29,1720.0,Low*Medium*NoStarvation,45,Medium*Medium*NoStarvation,8.57,42.57,7,7,22,0.2292,0.4257,0.35,0.0229,-0.2129,-0.07,0.0069,0.0,-0.276,-0.2846,-0.298,0.9851,96
4,30,1816.0,Medium*Medium*NoStarvation,45,Medium*Medium*NoStarvation,42.57,40.0,7,7,23,0.2396,0.4,0.35,0.024,-0.2,-0.07,0.0072,0.0,-0.2628,-0.3148,-0.3239,0.9851,96
4,31,1882.0,Medium*Medium*NoStarvation,30,Medium*Medium*NoStarvation,40.0,26.14,7,7,15,0.2273,0.2614,0.35,0.0227,-0.1307,-0.07,0.0068,0.0,-0.1939,-0.2229,-0.2344,0.9851,66
4,32,1978.0,Medium*Medium*NoStarvation,45,Medium*Medium*NoStarvation,26.14,40.86,7,7,23,0.2396,0.4086,0.35,0.024,-0.2043,-0.07,0.0072,0.0,-0.2671,-0.3239,-0.3326,0.9851,96
4,33,2024.0,Medium*Medium*NoStarvation,20,Low*Medium*NoStarvation,40.86,17.0,7,7,10,0.2174,0.17,0.35,0.0217,-0.085,-0.07,0.0065,0.0,-0.1485,-0.1655,-0.1767,0.9851,46
4,34,2090.0,Low*Medium*NoStarvation,30,Medium*Medium*NoStarvation,17.0,26.0,7,7,15,0.2273,0.26,0.35,0.0227,-0.13,-0.07,0.0068,0.0,-0.1932,-0.2449,-0.2541,0.9851,66
4,35,2116.0,Medium*Medium*NoStarvation,10,Low*Medium*NoStarvation,26.0,6.29,7,7,5,0.1923,0.0629,0.35,0.0192,-0.0314,-0.07,0.0058,0.0,-0.0957,-0.1592,-0.1657,0.9851,26
4,36,2162.0,Low*Medium*NoStarvation,20,Low*Medium*NoStarvation,6.29,15.57,7,7,10,0.2174,0.1557,0.35,0.0217,-0.0779,-0.07,0.0065,0.0,-0.1413,-0.1613,-0.1722,0.9851,46
4,37,2188.0,Low*Medium*NoStarvation,10,Low*Medium*NoStarvation,15.57,6.14,7,6,5,0.1923,0.0614,0.3,0.0192,-0.0307,-0.06,0.0058,0.0,-0.0849,-0.1425,-0.1496,0.9851,26
4,38,2214.0,Low*Medium*NoStarvation,10,Low*Medium*NoStarvation,6.14,6.71,6,7,5,0.1923,0.0671,0.35,0.0192,-0.0336,-0.07,0.0058,0.0,-0.0978,-0.1496,-0.1579,0.9851,26
4,39,2310.0,Low*Medium*NoStarvation,45,Medium*Medium*NoStarvation,6.71,40.86,7,7,23,0.2396,0.4086,0.35,0.024,-0.2043,-0.07,0.0072,0.0,-0.2671,-0.298,-0.3099,0.9851,96
4,40,2376.0,Medium*Medium*NoStarvation,30,Medium*Medium*NoStarvation,40.86,25.14,7,7,15,0.2273,0.2514,0.35,0.0227,-0.1257,-0.07,0.0068,0.0,-0.1889,-0.2344,-0.2447,0.9851,66
4,41,2472.0,Medium*Medium*NoStarvation,45,Medium*Medium*NoStarvation,25.14,40.86,7,7,23,0.2396,0.4086,0.35,0.024,-0.2043,-0.07,0.0072,0.0,-0.2671,-0.3326,-0.3409,0.9851,96
4,42,2518.0,Medium*Medium*NoStarvation,20,Low*Medium*NoStarvation,40.86,16.86,7,7,10,0.2174,0.1686,0.35,0.0217,-0.0843,-0.07,0.0065,0.0,-0.1478,-0.1767,-0.188,0.9851,46
4,43,2584.0,Low*Medium*NoStarvation,30,Medium*Medium*NoStarvation,16.86,25.57,7,7,15,0.2273,0.2557,0.35,0.0227,-0.1279,-0.07,0.0068,0.0,-0.191,-0.2541,-0.2627,0.9851,66
4,44,2612.0,Medium*Medium*NoStarvation,45,Low*Low*NoStarvation,25.57,0.0,7,0,11,0.1146,0.0,0.0,0.0115,-0.0,-0.0,0.0034,0.0,0.0034,-0.3409,-0.3065,0.9851,96
5,0,146.0,Low*Low*NoStarvation,45,Medium*Medium*NoStarvation,0.83,40.71,2,7,47,0.4896,0.4071,0.35,0.049,-0.2036,-0.07,0.0147,0.0,-0.2589,0.0,-0.0408,0.9801,96
5,1,192.0,Medium*Medium*NoStarvation,20,Low*Medium*NoStarvation,40.71,16.29,7,7,20,0.4348,0.1629,0.35,0.0435,-0.0814,-0.07,0.013,0.0,-0.1384,-0.188,-0.1972,0.9801,46
5,2,218.0,Low*Medium*NoStarvation,10,Low*Medium*NoStarvation,16.29,7.0,7,7,9,0.3462,0.07,0.35,0.0346,-0.035,-0.07,0.0104,0.0,-0.0946,-0.1579,-0.1658,0.9801,26
5,3,284.0,Low*Medium*NoStarvation,30,Medium*Medium*NoStarvation,7.0,26.43,7,7,30,0.4545,0.2643,0.35,0.0455,-0.1321,-0.07,0.0136,0.0,-0.1885,-0.2627,-0.2702,0.9801,66
5,4,380.0,Medium*Medium*NoStarvation,45,Medium*Medium*NoStarvation,26.43,42.14,7,7,44,0.4583,0.4214,0.35,0.0458,-0.2107,-0.07,0.0137,0.0,-0.267,-0.3065,-0.3174,0.9801,96
5,5,426.0,Medium*Medium*NoStarvation,20,Low*Medium*NoStarvation,42.14,16.0,7,7,19,0.413,0.16,0.35,0.0413,-0.08,-0.07,0.0124,0.0,-0.1376,-0.1972,-0.2062,0.9801,46
5,6,472.0,Low*Medium*NoStarvation,20,Low*Medium*NoStarvation,16.0,16.14,7,7,19,0.413,0.1614,0.35,0.0413,-0.0807,-0.07,0.0124,0.0,-0.1383,-0.1722,-0.1837,0.9801,46
5,7,538.0,Low*Medium*NoStarvation,30,Medium*Medium*NoStarvation,16.14,27.0,7,7,28,0.4242,0.27,0.35,0.0424,-0.135,-0.07,0.0127,0.0,-0.1923,-0.2702,-0.2773,0.9801,66
5,8,584.0,Medium*Medium*NoStarvation,20,Low*Medium*NoStarvation,27.0,15.14,7,7,21,0.4565,0.1514,0.35,0.0457,-0.0757,-0.07,0.0137,0.0,-0.132,-0.2062,-0.2137,0.9801,46
5,9,630.0,Low*Medium*NoStarvation,20,Low*Medium*NoStarvation,15.14,15.57,7,7,19,0.413,0.1557,0.35,0.0413,-0.0779,-0.07,0.0124,0.0,-0.1355,-0.1837,-0.1938,0.9801,46
5,10,656.0,Low*Medium*NoStarvation,10,Low*Medium*NoStarvation,15.57,5.29,7,7,9,0.3462,0.0529,0.35,0.0346,-0.0264,-0.07,0.0104,0.0,-0.086,-0.1658,-0.1727,0.9801,26
5,11,702.0,Low*Medium*NoStarvation,20,Low*Medium*NoStarvation,5.29,16.57,7,7,20,0.4348,0.1657,0.35,0.0435,-0.0829,-0.07,0.013,0.0,-0.1398,-0.1938,-0.2039,0.9801,46
5,12,768.0,Low*Medium*NoStarvation,30,Medium*Medium*NoStarvation,16.57,27.14,7,7,29,0.4394,0.2714,0.35,0.0439,-0.1357,-0.07,0.0132,0.0,-0.1925,-0.2773,-0.2837,0.9801,66
5,13,834.0,Medium*Medium*NoStarvation,30,Medium*Medium*NoStarvation,27.14,26.43,7,7,27,0.4091,0.2643,0.35,0.0409,-0.1321,-0.07,0.0123,0.0,-0.1899,-0.2447,-0.2541,0.9801,66
5,14,900.0,Medium*Medium*NoStarvation,30,Medium*Medium*NoStarvation,26.43,26.71,7,7,28,0.4242,0.2671,0.35,0.0424,-0.1336,-0.07,0.0127,0.0,-0.1908,-0.2541,-0.2627,0.9801,66
5,15,926.0,Medium*Medium*NoStarvation,10,Low*Medium*NoStarvation,26.71,8.71,7,7,8,0.3077,0.0871,0.35,0.0308,-0.0436,-0.07,0.0092,0.0,-0.1043,-0.1657,-0.1751,0.9801,26
5,16,1022.0,Low*Medium*NoStarvation,45,Medium*Medium*NoStarvation,8.71,40.71,7,7,40,0.4167,0.4071,0.35,0.0417,-0.2036,-0.07,0.0125,0.0,-0.2611,-0.3099,-0.3207,0.9801,96
5,17,1118.0,Medium*Medium*NoStarvation,45,Medium*Medium*NoStarvation,40.71,40.0,7,7,23,0.2396,0.4,0.35,0.024,-0.2,-0.07,0.0072,0.0,-0.2628,-0.3174,-0.3277,0.9801,96
5,18,1214.0,Medium*Medium*NoStarvation,45,Medium*Medium*NoStarvation,40.0,41.71,7,7,22,0.2292,0.4171,0.35,0.0229,-0.2086,-0.07,0.0069,0.0,-0.2717,-0.3277,-0.3379,0.9801,96
5,19,1310.0,Medium*Medium*NoStarvation,45,Medium*Medium*NoStarvation,41.71,41.14,7,7,23,0.2396,0.4114,0.35,0.024,-0.2057,-0.07,0.0072,0.0,-0.2685,-0.3379,-0.3467,0.9801,96
5,20,1376.0,Medium*Medium*NoStarvation,30,Medium*Medium*NoStarvation,41.14,26.86,7,7,15,0.2273,0.2686,0.35,0.0227,-0.1343,-0.07,0.0068,0.0,-0.1975,-0.2627,-0.272,0.9801,66
5,21,1442.0,Medium*Medium*NoStarvation,30,Medium*Medium*NoStarvation,26.86,25.29,7,7,15,0.2273,0.2529,0.35,0.0227,-0.1264,-0.07,0.0068,0.0,-0.1896,-0.272,-0.2795,0.9801,66
5,22,1488.0,Medium*Medium*NoStarvation,20,Low*Medium*NoStarvation,25.29,15.57,7,7,10,0.2174,0.1557,0.35,0.0217,-0.0779,-0.07,0.0065,0.0,-0.1413,-0.2137,-0.222,0.9801,46
5,23,1584.0,Low*Medium*NoStarvation,45,Medium*Medium*NoStarvation,15.57,40.57,7,7,23,0.2396,0.4057,0.35,0.024,-0.2029,-0.07,0.0072,0.0,-0.2657,-0.3207,-0.331,0.9801,96
5,24,1680.0,Medium*Medium*NoStarvation,45,Medium*Medium*NoStarvation,40.57,42.29,7,7,21,0.2188,0.4229,0.35,0.0219,-0.2114,-0.07,0.0066,0.0,-0.2749,-0.3467,-0.3553,0.9801,96
5,25,1746.0,Medium*Medium*NoStarvation,30,Medium*Medium*NoStarvation,42.29,26.71,7,7,15,0.2273,0.2671,0.35,0.0227,-0.1336,-0.07,0.0068,0.0,-0.1968,-0.2795,-0.287,0.9801,66
5,26,1772.0,Medium*Medium*NoStarvation,10,Low*Medium*NoStarvation,26.71,7.0,7,7,4,0.1538,0.07,0.35,0.0154,-0.035,-0.07,0.0046,0.0,-0.1004,-0.1751,-0.1831,0.9801,26
5,27,1798.0,Low*Medium*NoStarvation,10,Low*Medium*NoStarvation,7.0,6.29,7,7,5,0.1923,0.0629,0.35,0.0192,-0.0314,-0.07,0.0058,0.0,-0.0957,-0.1727,-0.1806,0.9801,26
5,28,1824.0,Low*Medium*NoStarvation,10,Low*Medium*NoStarvation,6.29,5.43,7,6,5,0.1923,0.0543,0.3,0.0192,-0.0271,-0.06,0.0058,0.0,-0.0814,-0.1806,-0.1869,0.9801,26
5,29,1870.0,Low*Medium*NoStarvation,20,Low*Medium*NoStarvation,5.43,16.86,6,7,10,0.2174,0.1686,0.35,0.0217,-0.0843,-0.07,0.0065,0.0,-0.1478,-0.2039,-0.2151,0.9801,46
5,30,1966.0,Low*Medium*NoStarvation,45,Medium*Medium*NoStarvation,16.86,41.86,7,7,22,0.2292,0.4186,0.35,0.0229,-0.2093,-0.07,0.0069,0.0,-0.2724,-0.331,-0.3416,0.9801,96
5,31,2012.0,Medium*Medium*NoStarvation,20,Low*Medium*NoStarvation,41.86,16.29,7,7,10,0.2174,0.1629,0.35,0.0217,-0.0814,-0.07,0.0065,0.0,-0.1449,-0.222,-0.2311,0.9801,46
5,32,2078.0,Low*Medium*NoStarvation,30,Medium*Medium*NoStarvation,16.29,26.29,7,7,15,0.2273,0.2629,0.35,0.0227,-0.1314,-0.07,0.0068,0.0,-0.1946,-0.2837,-0.2913,0.9801,66
5,33,2104.0,Medium*Medium*NoStarvation,10,Low*Medium*NoStarvation,26.29,9.0,7,7,4,0.1538,0.09,0.35,0.0154,-0.045,-0.07,0.0046,0.0,-0.1104,-0.1831,-0.1927,0.9801,26
5,34,2170.0,Low*Medium*NoStarvation,30,Medium*Medium*NoStarvation,9.0,26.29,7,7,15,0.2273,0.2629,0.35,0.0227,-0.1314,-0.07,0.0068,0.0,-0.1946,-0.2913,-0.299,0.9801,66
5,35,2196.0,Medium*Medium*NoStarvation,10,Low*Medium*NoStarvation,26.29,6.57,7,7,5,0.1923,0.0657,0.35,0.0192,-0.0329,-0.07,0.0058,0.0,-0.0971,-0.1927,-0.1999,0.9801,26
5,36,2292.0,Low*Medium*NoStarvation,45,Medium*Medium*NoStarvation,6.57,41.14,7,7,22,0.2292,0.4114,0.35,0.0229,-0.2057,-0.07,0.0069,0.0,-0.2688,-0.3416,-0.3523,0.9801,96
5,37,2358.0,Medium*Medium*NoStarvation,30,Medium*Medium*NoStarvation,41.14,25.71,7,7,15,0.2273,0.2571,0.35,0.0227,-0.1286,-0.07,0.0068,0.0,-0.1918,-0.287,-0.2954,0.9801,66
5,38,2454.0,Medium*Medium*NoStarvation,45,Medium*Medium*NoStarvation,25.71,40.29,7,7,23,0.2396,0.4029,0.35,0.024,-0.2014,-0.07,0.0072,0.0,-0.2642,-0.3553,-0.3642,0.9801,96
5,39,2520.0,Medium*Medium*NoStarvation,30,Medium*Medium*NoStarvation,40.29,26.86,7,7,15,0.2273,0.2686,0.35,0.0227,-0.1343,-0.07,0.0068,0.0,-0.1975,-0.2954,-0.3036,0.9801,66
5,40,2546.0,Medium*Medium*NoStarvation,10,Low*Medium*NoStarvation,26.86,5.86,7,7,5,0.1923,0.0586,0.35,0.0192,-0.0293,-0.07,0.0058,0.0,-0.0935,-0.1999,-0.2061,0.9801,26
5,41,2596.0,Low*Medium*NoStarvation,45,Low*Low*NoStarvation,5.86,0.0,7,0,22,0.2292,0.0,0.0,0.0229,-0.0,-0.0,0.0069,0.0,0.0069,-0.3523,-0.3164,0.9801,96
6,0,76.0,Low*Low*NoStarvation,10,Low*Medium*NoStarvation,0.83,6.71,2,7,11,0.4231,0.0671,0.35,0.0423,-0.0336,-0.07,0.0127,0.0,-0.0909,0.0,-0.0259,0.9752,26
6,1,102.0,Low*Medium*NoStarvation,10,Low*Medium*NoStarvation,6.71,8.43,7,7,8,0.3077,0.0843,0.35,0.0308,-0.0421,-0.07,0.0092,0.0,-0.1029,-0.1869,-0.1953,0.9752,26
6,2,168.0,Low*Medium*NoStarvation,30,Medium*Medium*NoStarvation,8.43,25.86,7,7,30,0.4545,0.2586,0.35,0.0455,-0.1293,-0.07,0.0136,0.0,-0.1856,-0.299,-0.3062,0.9752,66
6,3,194.0,Medium*Medium*NoStarvation,10,Low*Medium*NoStarvation,25.86,7.71,7,7,9,0.3462,0.0771,0.35,0.0346,-0.0386,-0.07,0.0104,0.0,-0.0982,-0.2061,-0.2129,0.9752,26
6,4,290.0,Low*Medium*NoStarvation,45,Medium*Medium*NoStarvation,7.71,41.86,7,7,44,0.4583,0.4186,0.35,0.0458,-0.2093,-0.07,0.0137,0.0,-0.2655,-0.3164,-0.3305,0.9752,96
6,5,336.0,Medium*Medium*NoStarvation,20,Low*Medium*NoStarvation,41.86,16.86,7,7,20,0.4348,0.1686,0.35,0.0435,-0.0843,-0.07,0.013,0.0,-0.1412,-0.2311,-0.2397,0.9752,46
6,6,402.0,Low*Medium*NoStarvation,30,Medium*Medium*NoStarvation,16.86,24.14,7,7,31,0.4697,0.2414,0.35,0.047,-0.1207,-0.07,0.0141,0.0,-0.1766,-0.3062,-0.3124,0.9752,66
6,7,448.0,Medium*Medium*NoStarvation,20,Low*Medium*NoStarvation,24.14,15.14,7,7,21,0.4565,0.1514,0.35,0.0457,-0.0757,-0.07,0.0137,0.0,-0.132,-0.2397,-0.2465,0.9752,46
6,8,494.0,Low*Medium*NoStarvation,20,Low*Medium*NoStarvation,15.14,15.86,7,7,20,0.4348,0.1586,0.35,0.0435,-0.0793,-0.07,0.013,0.0,-0.1362,-0.2151,-0.2248,0.9752,46
6,9,560.0,Low*Medium*NoStarvation,30,Medium*Medium*NoStarvation,15.86,26.14,7,7,29,0.4394,0.2614,0.35,0.0439,-0.1307,-0.07,0.0132,0.0,-0.1875,-0.3124,-0.3191,0.9752,66
6,10,656.0,Medium*Medium*NoStarvation,45,Medium*Medium*NoStarvation,26.14,42.86,7,7,41,0.4271,0.4286,0.35,0.0427,-0.2143,-0.07,0.0128,0.0,-0.2715,-0.3642,-0.3741,0.9752,96
6,11,682.0,Medium*Medium*NoStarvation,10,Low*Medium*NoStarvation,42.86,6.29,7,7,10,0.3846,0.0629,0.35,0.0385,-0.0314,-0.07,0.0115,0.0,-0.0899,-0.2129,-0.2182,0.9752,26
6,12,708.0,Low*Medium*NoStarvation,10,Low*Medium*NoStarvation,6.29,7.43,7,7,9,0.3462,0.0743,0.35,0.0346,-0.0371,-0.07,0.0104,0.0,-0.0968,-0.1953,-0.203,0.9752,26
6,13,734.0,Low*Medium*NoStarvation,10,Low*Medium*NoStarvation,7.43,6.71,7,7,10,0.3846,0.0671,0.35,0.0385,-0.0336,-0.07,0.0115,0.0,-0.092,-0.203,-0.2102,0.9752,26
6,14,760.0,Low*Medium*NoStarvation,10,Low*Medium*NoStarvation,6.71,6.36,7,8,10,0.3846,0.0636,0.4,0.0385,-0.0318,-0.08,0.0115,0.0,-0.1002,-0.2102,-0.2181,0.9752,26
6,15,856.0,Low*Medium*NoStarvation,45,Medium*Medium*NoStarvation,6.36,41.57,8,7,42,0.4375,0.4157,0.35,0.0437,-0.2079,-0.07,0.0131,0.0,-0.2647,-0.3305,-0.3435,0.9752,96
6,16,882.0,Medium*Medium*NoStarvation,10,Low*Medium*NoStarvation,41.57,5.71,7,7,10,0.3846,0.0571,0.35,0.0385,-0.0286,-0.07,0.0115,0.0,-0.087,-0.2182,-0.2247,0.9752,26
6,17,948.0,Low*Medium*NoStarvation,30,Medium*Medium*NoStarvation,5.71,26.86,7,7,29,0.4394,0.2686,0.35,0.0439,-0.1343,-0.07,0.0132,0.0,-0.1911,-0.3191,-0.3265,0.9752,66
6,18,1014.0,Medium*Medium*NoStarvation,30,Medium*Medium*NoStarvation,26.86,26.71,7,7,26,0.3939,0.2671,0.35,0.0394,-0.1336,-0.07,0.0118,0.0,-0.1918,-0.3036,-0.3127,0.9752,66
6,19,1110.0,Medium*Medium*NoStarvation,45,Medium*Medium*NoStarvation,26.71,41.86,7,7,22,0.2292,0.4186,0.35,0.0229,-0.2093,-0.07,0.0069,0.0,-0.2724,-0.3741,-0.3841,0.9752,96
6,20,1206.0,Medium*Medium*NoStarvation,45,Medium*Medium*NoStarvation,41.86,40.29,7,7,23,0.2396,0.4029,0.35,0.024,-0.2014,-0.07,0.0072,0.0,-0.2642,-0.3841,-0.3924,0.9752,96
6,21,1302.0,Medium*Medium*NoStarvation,45,Medium*Medium*NoStarvation,40.29,39.0,7,7,23,0.2396,0.39,0.35,0.024,-0.195,-0.07,0.0072,0.0,-0.2578,-0.3924,-0.3991,0.9752,96
6,22,1348.0,Medium*Medium*NoStarvation,20,Low*Medium*NoStarvation,39.0,16.0,7,7,10,0.2174,0.16,0.35,0.0217,-0.08,-0.07,0.0065,0.0,-0.1435,-0.2465,-0.2558,0.9752,46
6,23,1374.0,Low*Medium*NoStarvation,10,Low*Medium*NoStarvation,16.0,7.29,7,7,4,0.1538,0.0729,0.35,0.0154,-0.0364,-0.07,0.0046,0.0,-0.1018,-0.2181,-0.2261,0.9752,26
6,24,1470.0,Low*Medium*NoStarvation,45,Medium*Medium*NoStarvation,7.29,40.71,7,7,22,0.2292,0.4071,0.35,0.0229,-0.2036,-0.07,0.0069,0.0,-0.2667,-0.3435,-0.3561,0.9752,96
6,25,1496.0,Medium*Medium*NoStarvation,10,Low*Medium*NoStarvation,40.71,6.43,7,7,5,0.1923,0.0643,0.35,0.0192,-0.0321,-0.07,0.0058,0.0,-0.0964,-0.2247,-0.2321,0.9752,26
6,26,1592.0,Low*Medium*NoStarvation,45,Medium*Medium*NoStarvation,6.43,40.86,7,7,23,0.2396,0.4086,0.35,0.024,-0.2043,-0.07,0.0072,0.0,-0.2671,-0.3561,-0.3681,0.9752,96
6,27,1618.0,Medium*Medium*NoStarvation,10,Low*Medium*NoStarvation,40.86,7.29,7,7,4,0.1538,0.0729,0.35,0.0154,-0.0364,-0.07,0.0046,0.0,-0.1018,-0.2321,-0.2393,0.9752,26
6,28,1684.0,Low*Medium*NoStarvation,30,Medium*Medium*NoStarvation,7.29,25.43,7,7,15,0.2273,0.2543,0.35,0.0227,-0.1271,-0.07,0.0068,0.0,-0.1903,-0.3265,-0.3344,0.9752,66
6,29,1750.0,Medium*Medium*NoStarvation,30,Medium*Medium*NoStarvation,25.43,26.14,7,7,15,0.2273,0.2614,0.35,0.0227,-0.1307,-0.07,0.0068,0.0,-0.1939,-0.3127,-0.3223,0.9752,66
6,30,1816.0,Medium*Medium*NoStarvation,30,Medium*Medium*NoStarvation,26.14,26.29,7,7,15,0.2273,0.2629,0.35,0.0227,-0.1314,-0.07,0.0068,0.0,-0.1946,-0.3223,-0.3311,0.9752,66
6,31,1912.0,Medium*Medium*NoStarvation,45,Medium*Medium*NoStarvation,26.29,41.0,7,7,22,0.2292,0.41,0.35,0.0229,-0.205,-0.07,0.0069,0.0,-0.2681,-0.3991,-0.4076,0.9752,96
6,32,2008.0,Medium*Medium*NoStarvation,45,Medium*Medium*NoStarvation,41.0,41.43,7,7,23,0.2396,0.4143,0.35,0.024,-0.2071,-0.07,0.0072,0.0,-0.27,-0.4076,-0.4153,0.9752,96
6,33,2054.0,Medium*Medium*NoStarvation,20,Low*Medium*NoStarvation,41.43,17.0,7,7,10,0.2174,0.17,0.35,0.0217,-0.085,-0.07,0.0065,0.0,-0.1485,-0.2558,-0.2653,0.9752,46
6,34,2080.0,Low*Medium*NoStarvation,10,Low*Medium*NoStarvation,17.0,6.0,7,6,5,0.1923,0.06,0.3,0.0192,-0.03,-0.06,0.0058,0.0,-0.0842,-0.2261,-0.2322,0.9752,26
6,35,2146.0,Low*Medium*NoStarvation,30,Medium*Medium*NoStarvation,6.0,26.14,6,7,15,0.2273,0.2614,0.35,0.0227,-0.1307,-0.07,0.0068,0.0,-0.1939,-0.3344,-0.3419,0.9752,66
6,36,2172.0,Medium*Medium*NoStarvation,10,Low*Medium*NoStarvation,26.14,5.14,7,6,5,0.1923,0.0514,0.3,0.0192,-0.0257,-0.06,0.0058,0.0,-0.0799,-0.2393,-0.2436,0.9752,26
6,37,2218.0,Low*Medium*NoStarvation,20,Low*Medium*NoStarvation,5.14,15.57,6,7,10,0.2174,0.1557,0.35,0.0217,-0.0779,-0.07,0.0065,0.0,-0.1413,-0.2248,-0.2367,0.9752,46
6,38,2284.0,Low*Medium*NoStarvation,30,Medium*Medium*NoStarvation,15.57,27.0,7,7,15,0.2273,0.27,0.35,0.0227,-0.135,-0.07,0.0068,0.0,-0.1982,-0.3419,-0.3495,0.9752,66
6,39,2310.0,Medium*Medium*NoStarvation,10,Low*Medium*NoStarvation,27.0,5.86,7,7,5,0.1923,0.0586,0.35,0.0192,-0.0293,-0.07,0.0058,0.0,-0.0935,-0.2436,-0.2495,0.9752,26
6,40,2376.0,Low*Medium*NoStarvation,30,Medium*Medium*NoStarvation,5.86,25.14,7,7,15,0.2273,0.2514,0.35,0.0227,-0.1257,-0.07,0.0068,0.0,-0.1889,-0.3495,-0.3559,0.9752,66
6,41,2402.0,Medium*Medium*NoStarvation,10,Low*Medium*NoStarvation,25.14,6.0,7,6,5,0.1923,0.06,0.3,0.0192,-0.03,-0.06,0.0058,0.0,-0.0842,-0.2495,-0.2539,0.9752,26
6,42,2448.0,Low*Medium*NoStarvation,20,Low*Medium*NoStarvation,6.0,15.71,6,7,10,0.2174,0.1571,0.35,0.0217,-0.0786,-0.07,0.0065,0.0,-0.142,-0.2367,-0.2481,0.9752,46
6,43,2514.0,Low*Medium*NoStarvation,30,Medium*Medium*NoStarvation,15.71,26.86,7,7,15,0.2273,0.2686,0.35,0.0227,-0.1343,-0.07,0.0068,0.0,-0.1975,-0.3559,-0.3629,0.9752,66
6,44,2610.0,Medium*Medium*NoStarvation,45,Medium*Medium*NoStarvation,26.86,41.14,7,7,23,0.2396,0.4114,0.35,0.024,-0.2057,-0.07,0.0072,0.0,-0.2685,-0.4153,-0.4235,0.9752,96
6,45,2641.0,Medium*Medium*NoStarvation,30,Low*Low*NoStarvation,41.14,0.0,7,0,12,0.1818,0.0,0.0,0.0182,-0.0,-0.0,0.0055,0.0,0.0055,-0.3311,-0.2995,0.9752,66
7,0,146.0,Low*Low*NoStarvation,45,Medium*Medium*NoStarvation,0.83,40.71,2,7,47,0.4896,0.4071,0.35,0.049,-0.2036,-0.07,0.0147,0.0,-0.2589,-0.0408,-0.0855,0.9704,96
7,1,192.0,Medium*Medium*NoStarvation,20,Low*Medium*NoStarvation,40.71,16.29,7,7,20,0.4348,0.1629,0.35,0.0435,-0.0814,-0.07,0.013,0.0,-0.1384,-0.2653,-0.2735,0.9704,46
7,2,218.0,Low*Medium*NoStarvation,10,Low*Medium*NoStarvation,16.29,7.0,7,7,9,0.3462,0.07,0.35,0.0346,-0.035,-0.07,0.0104,0.0,-0.0946,-0.2322,-0.2393,0.9704,26
7,3,284.0,Low*Medium*NoStarvation,30,Medium*Medium*NoStarvation,7.0,26.43,7,7,30,0.4545,0.2643,0.35,0.0455,-0.1321,-0.07,0.0136,0.0,-0.1885,-0.3629,-0.3683,0.9704,66
7,4,330.0,Medium*Medium*NoStarvation,20,Low*Medium*NoStarvation,26.43,15.0,7,7,21,0.4565,0.15,0.35,0.0457,-0.075,-0.07,0.0137,0.0,-0.1313,-0.2735,-0.2809,0.9704,46
7,5,376.0,Low*Medium*NoStarvation,20,Low*Medium*NoStarvation,15.0,15.57,7,7,20,0.4348,0.1557,0.35,0.0435,-0.0779,-0.07,0.013,0.0,-0.1348,-0.2481,-0.2583,0.9704,46
7,6,402.0,Low*Medium*NoStarvation,10,Low*Medium*NoStarvation,15.57,7.5,7,8,9,0.3462,0.075,0.4,0.0346,-0.0375,-0.08,0.0104,0.0,-0.1071,-0.2393,-0.2476,0.9704,26
7,7,448.0,Low*Medium*NoStarvation,20,Low*Medium*NoStarvation,7.5,15.86,8,7,20,0.4348,0.1586,0.35,0.0435,-0.0793,-0.07,0.013,0.0,-0.1362,-0.2583,-0.2684,0.9704,46
7,8,544.0,Low*Medium*NoStarvation,45,Medium*Medium*NoStarvation,15.86,43.71,7,7,42,0.4375,0.4371,0.35,0.0437,-0.2186,-0.07,0.0131,0.0,-0.2754,-0.3681,-0.3817,0.9704,96
7,9,570.0,Medium*Medium*NoStarvation,10,Low*Medium*NoStarvation,43.71,6.14,7,7,9,0.3462,0.0614,0.35,0.0346,-0.0307,-0.07,0.0104,0.0,-0.0903,-0.2539,-0.2598,0.9704,26
7,10,636.0,Low*Medium*NoStarvation,30,Medium*Medium*NoStarvation,6.14,26.86,7,7,29,0.4394,0.2686,0.35,0.0439,-0.1343,-0.07,0.0132,0.0,-0.1911,-0.3683,-0.3739,0.9704,66
7,11,662.0,Medium*Medium*NoStarvation,10,Low*Medium*NoStarvation,26.86,7.0,7,7,9,0.3462,0.07,0.35,0.0346,-0.035,-0.07,0.0104,0.0,-0.0946,-0.2598,-0.2656,0.9704,26
7,12,688.0,Low*Medium*NoStarvation,10,Low*Medium*NoStarvation,7.0,8.0,7,8,9,0.3462,0.08,0.4,0.0346,-0.04,-0.08,0.0104,0.0,-0.1096,-0.2476,-0.2561,0.9704,26
7,13,754.0,Low*Medium*NoStarvation,30,Medium*Medium*NoStarvation,8.0,26.29,8,7,30,0.4545,0.2629,0.35,0.0455,-0.1314,-0.07,0.0136,0.0,-0.1878,-0.3739,-0.3792,0.9704,66
7,14,820.0,Medium*Medium*NoStarvation,30,Medium*Medium*NoStarvation,26.29,26.43,7,7,28,0.4242,0.2643,0.35,0.0424,-0.1321,-0.07,0.0127,0.0,-0.1894,-0.2995,-0.3124,0.9704,66
7,15,846.0,Medium*Medium*NoStarvation,10,Low*Medium*NoStarvation,26.43,6.0,7,6,9,0.3462,0.06,0.3,0.0346,-0.03,-0.06,0.0104,0.0,-0.0796,-0.2656,-0.27,0.9704,26
7,16,942.0,Low*Medium*NoStarvation,45,Medium*Medium*NoStarvation,6.0,43.57,6,7,42,0.4375,0.4357,0.35,0.0437,-0.2179,-0.07,0.0131,0.0,-0.2747,-0.3817,-0.3953,0.9704,96
7,17,968.0,Medium*Medium*NoStarvation,10,Low*Medium*NoStarvation,43.57,5.14,7,7,10,0.3846,0.0514,0.35,0.0385,-0.0257,-0.07,0.0115,0.0,-0.0842,-0.27,-0.2745,0.9704,26
7,18,1064.0,Low*Medium*NoStarvation,45,Medium*Medium*NoStarvation,5.14,41.86,7,7,30,0.3125,0.4186,0.35,0.0312,-0.2093,-0.07,0.0094,0.0,-0.2699,-0.3953,-0.4074,0.9704,96
7,19,1110.0,Medium*Medium*NoStarvation,20,Low*Medium*NoStarvation,41.86,16.57,7,7,10,0.2174,0.1657,0.35,0.0217,-0.0829,-0.07,0.0065,0.0,-0.1463,-0.2809,-0.2905,0.9704,46
7,20,1136.0,Low*Medium*NoStarvation,10,Low*Medium*NoStarvation,16.57,5.57,7,7,5,0.1923,0.0557,0.35,0.0192,-0.0279,-0.07,0.0058,0.0,-0.0921,-0.2561,-0.2628,0.9704,26
7,21,1202.0,Low*Medium*NoStarvation,30,Medium*Medium*NoStarvation,5.57,26.71,7,7,15,0.2273,0.2671,0.35,0.0227,-0.1336,-0.07,0.0068,0.0,-0.1968,-0.3792,-0.3857,0.9704,66
7,22,1248.0,Medium*Medium*NoStarvation,20,Low*Medium*NoStarvation,26.71,16.43,7,7,10,0.2174,0.1643,0.35,0.0217,-0.0821,-0.07,0.0065,0.0,-0.1456,-0.2905,-0.2996,0.9704,46
7,23,1294.0,Low*Medium*NoStarvation,20,Low*Medium*NoStarvation,16.43,16.14,7,7,10,0.2174,0.1614,0.35,0.0217,-0.0807,-0.07,0.0065,0.0,-0.1442,-0.2684,-0.2797,0.9704,46
7,24,1390.0,Low*Medium*NoStarvation,45,Medium*Medium*NoStarvation,16.14,40.14,7,7,23,0.2396,0.4014,0.35,0.024,-0.2007,-0.07,0.0072,0.0,-0.2635,-0.4074,-0.4177,0.9704,96
7,25,1456.0,Medium*Medium*NoStarvation,30,Medium*Medium*NoStarvation,40.14,26.14,7,7,15,0.2273,0.2614,0.35,0.0227,-0.1307,-0.07,0.0068,0.0,-0.1939,-0.3124,-0.3253,0.9704,66
7,26,1482.0,Medium*Medium*NoStarvation,10,Low*Medium*NoStarvation,26.14,6.57,7,7,5,0.1923,0.0657,0.35,0.0192,-0.0329,-0.07,0.0058,0.0,-0.0971,-0.2745,-0.2804,0.9704,26
7,27,1528.0,Low*Medium*NoStarvation,20,Low*Medium*NoStarvation,6.57,17.43,7,7,9,0.1957,0.1743,0.35,0.0196,-0.0871,-0.07,0.0059,0.0,-0.1513,-0.2797,-0.2905,0.9704,46
7,28,1554.0,Low*Medium*NoStarvation,10,Low*Medium*NoStarvation,17.43,7.29,7,7,5,0.1923,0.0729,0.35,0.0192,-0.0364,-0.07,0.0058,0.0,-0.1007,-0.2628,-0.2702,0.9704,26
7,29,1580.0,Low*Medium*NoStarvation,10,Low*Medium*NoStarvation,7.29,6.14,7,7,5,0.1923,0.0614,0.35,0.0192,-0.0307,-0.07,0.0058,0.0,-0.0949,-0.2702,-0.277,0.9704,26
7,30,1676.0,Low*Medium*NoStarvation,45,Medium*Medium*NoStarvation,6.14,43.43,7,7,22,0.2292,0.4343,0.35,0.0229,-0.2171,-0.07,0.0069,0.0,-0.2803,-0.4177,-0.4292,0.9704,96
7,31,1742.0,Medium*Medium*NoStarvation,30,Medium*Medium*NoStarvation,43.43,26.71,7,7,15,0.2273,0.2671,0.35,0.0227,-0.1336,-0.07,0.0068,0.0,-0.1968,-0.3253,-0.3376,0.9704,66
7,32,1768.0,Medium*Medium*NoStarvation,10,Low*Medium*NoStarvation,26.71,9.0,7,7,4,0.1538,0.09,0.35,0.0154,-0.045,-0.07,0.0046,0.0,-0.1104,-0.2804,-0.2883,0.9704,26
7,33,1814.0,Low*Medium*NoStarvation,20,Low*Medium*NoStarvation,9.0,16.43,7,7,10,0.2174,0.1643,0.35,0.0217,-0.0821,-0.07,0.0065,0.0,-0.1456,-0.2905,-0.3009,0.9704,46
7,34,1910.0,Low*Medium*NoStarvation,45,Medium*Medium*NoStarvation,16.43,43.29,7,7,22,0.2292,0.4329,0.35,0.0229,-0.2164,-0.07,0.0069,0.0,-0.2796,-0.4292,-0.4402,0.9704,96
7,35,1956.0,Medium*Medium*NoStarvation,20,Low*Medium*NoStarvation,43.29,16.29,7,7,10,0.2174,0.1629,0.35,0.0217,-0.0814,-0.07,0.0065,0.0,-0.1449,-0.2996,-0.3091,0.9704,46
7,36,2002.0,Low*Medium*NoStarvation,20,Low*Medium*NoStarvation,16.29,16.71,7,7,10,0.2174,0.1671,0.35,0.0217,-0.0836,-0.07,0.0065,0.0,-0.147,-0.3009,-0.3105,0.9704,46
7,37,2028.0,Low*Medium*NoStarvation,10,Low*Medium*NoStarvation,16.71,6.57,7,7,5,0.1923,0.0657,0.35,0.0192,-0.0329,-0.07,0.0058,0.0,-0.0971,-0.277,-0.2839,0.9704,26
7,38,2054.0,Low*Medium*NoStarvation,10,Low*Medium*NoStarvation,6.57,9.0,7,7,4,0.1538,0.09,0.35,0.0154,-0.045,-0.07,0.0046,0.0,-0.1104,-0.2839,-0.2921,0.9704,26
7,39,2080.0,Low*Medium*NoStarvation,10,Low*Medium*NoStarvation,9.0,6.57,7,7,5,0.1923,0.0657,0.35,0.0192,-0.0329,-0.07,0.0058,0.0,-0.0971,-0.2921,-0.2989,0.9704,26
7,40,2106.0,Low*Medium*NoStarvation,10,Low*Medium*NoStarvation,6.57,6.43,7,7,5,0.1923,0.0643,0.35,0.0192,-0.0321,-0.07,0.0058,0.0,-0.0964,-0.2989,-0.3056,0.9704,26
7,41,2152.0,Low*Medium*NoStarvation,20,Low*Medium*NoStarvation,6.43,15.57,7,7,10,0.2174,0.1557,0.35,0.0217,-0.0779,-0.07,0.0065,0.0,-0.1413,-0.3105,-0.321,0.9704,46
7,42,2218.0,Low*Medium*NoStarvation,30,Medium*Medium*NoStarvation,15.57,26.29,7,7,15,0.2273,0.2629,0.35,0.0227,-0.1314,-0.07,0.0068,0.0,-0.1946,-0.3857,-0.3925,0.9704,66
7,43,2314.0,Medium*Medium*NoStarvation,45,Medium*Medium*NoStarvation,26.29,42.71,7,7,22,0.2292,0.4271,0.35,0.0229,-0.2136,-0.07,0.0069,0.0,-0.2767,-0.4235,-0.4348,0.9704,96
7,44,2410.0,Medium*Medium*NoStarvation,45,Medium*Medium*NoStarvation,42.71,41.14,7,7,22,0.2292,0.4114,0.35,0.0229,-0.2057,-0.07,0.0069,0.0,-0.2688,-0.4348,-0.4441,0.9704,96
7,45,2436.0,Medium*Medium*NoStarvation,10,Low*Medium*NoStarvation,41.14,6.0,7,6,5,0.1923,0.06,0.3,0.0192,-0.03,-0.06,0.0058,0.0,-0.0842,-0.2883,-0.2954,0.9704,26
7,46,2502.0,Low*Medium*NoStarvation,30,Medium*Medium*NoStarvation,6.0,26.86,6,7,15,0.2273,0.2686,0.35,0.0227,-0.1343,-0.07,0.0068,0.0,-0.1975,-0.3925,-0.3996,0.9704,66
7,47,2568.0,Medium*Medium*NoStarvation,30,Medium*Medium*NoStarvation,26.86,26.43,7,7,15,0.2273,0.2643,0.35,0.0227,-0.1321,-0.07,0.0068,0.0,-0.1953,-0.3376,-0.35,0.9704,66
7,48,2594.0,Medium*Medium*NoStarvation,10,Low*Medium*NoStarvation,26.43,6.57,7,7,5,0.1923,0.0657,0.35,0.0192,-0.0329,-0.07,0.0058,0.0,-0.0971,-0.2954,-0.3031,0.9704,26
7,49,2660.0,Low*Medium*NoStarvation,30,Medium*Medium*NoStarvation,6.57,26.0,7,7,15,0.2273,0.26,0.35,0.0227,-0.13,-0.07,0.0068,0.0,-0.1932,-0.3996,-0.4062,0.9704,66
7,50,2686.0,Medium*Medium*NoStarvation,30,Low*Low*NoStarvation,26.0,0.0,7,0,10,0.1515,0.0,0.0,0.0152,-0.0,-0.0,0.0045,0.0,0.0045,-0.35,-0.3166,0.9704,66
8,0,96.0,Low*Low*NoStarvation,20,Low*Medium*NoStarvation,0.83,16.14,2,7,21,0.4565,0.1614,0.35,0.0457,-0.0807,-0.07,0.0137,0.0,-0.137,-0.023,-0.0619,0.9655,46
8,1,142.0,Low*Medium*NoStarvation,20,Low*Medium*NoStarvation,16.14,16.14,7,7,20,0.4348,0.1614,0.35,0.0435,-0.0807,-0.07,0.013,0.0,-0.1377,-0.321,-0.3302,0.9655,46
8,2,188.0,Low*Medium*NoStarvation,20,Low*Medium*NoStarvation,16.14,16.14,7,7,20,0.4348,0.1614,0.35,0.0435,-0.0807,-0.07,0.013,0.0,-0.1377,-0.3302,-0.3385,0.9655,46
8,3,284.0,Low*Medium*NoStarvation,45,Medium*Medium*NoStarvation,16.14,40.29,7,7,45,0.4688,0.4029,0.35,0.0469,-0.2014,-0.07,0.0141,0.0,-0.2574,-0.4402,-0.4492,0.9655,96
8,4,310.0,Medium*Medium*NoStarvation,10,Low*Medium*NoStarvation,40.29,6.14,7,7,10,0.3846,0.0614,0.35,0.0385,-0.0307,-0.07,0.0115,0.0,-0.0892,-0.3031,-0.3092,0.9655,26
8,5,376.0,Low*Medium*NoStarvation,30,Medium*Medium*NoStarvation,6.14,26.14,7,7,30,0.4545,0.2614,0.35,0.0455,-0.1307,-0.07,0.0136,0.0,-0.1871,-0.4062,-0.4121,0.9655,66
8,6,442.0,Medium*Medium*NoStarvation,30,Medium*Medium*NoStarvation,26.14,26.43,7,7,28,0.4242,0.2643,0.35,0.0424,-0.1321,-0.07,0.0127,0.0,-0.1894,-0.3166,-0.3317,0.9655,66
8,7,508.0,Medium*Medium*NoStarvation,30,Medium*Medium*NoStarvation,26.43,26.43,7,7,29,0.4394,0.2643,0.35,0.0439,-0.1321,-0.07,0.0132,0.0,-0.189,-0.3317,-0.3452,0.9655,66
8,8,574.0,Medium*Medium*NoStarvation,30,Medium*Medium*NoStarvation,26.43,26.0,7,7,28,0.4242,0.26,0.35,0.0424,-0.13,-0.07,0.0127,0.0,-0.1873,-0.3452,-0.3573,0.9655,66
8,9,620.0,Medium*Medium*NoStarvation,20,Low*Medium*NoStarvation,26.0,16.14,7,7,19,0.413,0.1614,0.35,0.0413,-0.0807,-0.07,0.0124,0.0,-0.1383,-0.3091,-0.3195,0.9655,46
8,10,716.0,Low*Medium*NoStarvation,45,Medium*Medium*NoStarvation,16.14,42.43,7,7,41,0.4271,0.4243,0.35,0.0427,-0.2121,-0.07,0.0128,0.0,-0.2693,-0.4492,-0.4591,0.9655,96
8,11,742.0,Medium*Medium*NoStarvation,10,Low*Medium*NoStarvation,42.43,6.43,7,7,10,0.3846,0.0643,0.35,0.0385,-0.0321,-0.07,0.0115,0.0,-0.0906,-0.3092,-0.3148,0.9655,26
8,12,768.0,Low*Medium*NoStarvation,10,Low*Medium*NoStarvation,6.43,8.71,7,7,9,0.3462,0.0871,0.35,0.0346,-0.0436,-0.07,0.0104,0.0,-0.1032,-0.3056,-0.3128,0.9655,26
8,13,864.0,Low*Medium*NoStarvation,45,Medium*Medium*NoStarvation,8.71,42.57,7,7,41,0.4271,0.4257,0.35,0.0427,-0.2129,-0.07,0.0128,0.0,-0.27,-0.4591,-0.4685,0.9655,96
8,14,960.0,Medium*Medium*NoStarvation,45,Medium*Medium*NoStarvation,42.57,41.0,7,7,41,0.4271,0.41,0.35,0.0427,-0.205,-0.07,0.0128,0.0,-0.2622,-0.4441,-0.4543,0.9655,96
8,15,986.0,Medium*Medium*NoStarvation,10,Low*Medium*NoStarvation,41.0,7.57,7,7,8,0.3077,0.0757,0.35,0.0308,-0.0379,-0.07,0.0092,0.0,-0.0986,-0.3148,-0.3214,0.9655,26
8,16,1012.0,Low*Medium*NoStarvation,10,Low*Medium*NoStarvation,7.57,6.71,7,7,10,0.3846,0.0671,0.35,0.0385,-0.0336,-0.07,0.0115,0.0,-0.092,-0.3128,-0.3189,0.9655,26
8,17,1078.0,Low*Medium*NoStarvation,30,Medium*Medium*NoStarvation,6.71,27.0,7,7,14,0.2121,0.27,0.35,0.0212,-0.135,-0.07,0.0064,0.0,-0.1986,-0.4121,-0.4195,0.9655,66
8,18,1124.0,Medium*Medium*NoStarvation,20,Low*Medium*NoStarvation,27.0,16.86,7,7,10,0.2174,0.1686,0.35,0.0217,-0.0843,-0.07,0.0065,0.0,-0.1478,-0.3195,-0.331,0.9655,46
8,19,1220.0,Low*Medium*NoStarvation,45,Medium*Medium*NoStarvation,16.86,41.29,7,7,22,0.2292,0.4129,0.35,0.0229,-0.2064,-0.07,0.0069,0.0,-0.2696,-0.4685,-0.4775,0.9655,96
8,20,1246.0,Medium*Medium*NoStarvation,10,Low*Medium*NoStarvation,41.29,8.57,7,7,4,0.1538,0.0857,0.35,0.0154,-0.0429,-0.07,0.0046,0.0,-0.1082,-0.3214,-0.3288,0.9655,26
8,21,1272.0,Low*Medium*NoStarvation,10,Low*Medium*NoStarvation,8.57,5.14,7,6,5,0.1923,0.0514,0.3,0.0192,-0.0257,-0.06,0.0058,0.0,-0.0799,-0.3189,-0.3237,0.9655,26
8,22,1298.0,Low*Medium*NoStarvation,10,Low*Medium*NoStarvation,5.14,5.57,6,6,5,0.1923,0.0557,0.3,0.0192,-0.0279,-0.06,0.0058,0.0,-0.0821,-0.3237,-0.3287,0.9655,26
8,23,1394.0,Low*Medium*NoStarvation,45,Medium*Medium*NoStarvation,5.57,39.43,6,7,23,0.2396,0.3943,0.35,0.024,-0.1971,-0.07,0.0072,0.0,-0.26,-0.4775,-0.4853,0.9655,96
8,24,1420.0,Medium*Medium*NoStarvation,10,Low*Medium*NoStarvation,39.43,6.57,7,7,5,0.1923,0.0657,0.35,0.0192,-0.0329,-0.07,0.0058,0.0,-0.0971,-0.3288,-0.3352,0.9655,26
8,25,1486.0,Low*Medium*NoStarvation,30,Medium*Medium*NoStarvation,6.57,27.29,7,7,14,0.2121,0.2729,0.35,0.0212,-0.1364,-0.07,0.0064,0.0,-0.2001,-0.4195,-0.4274,0.9655,66
8,26,1552.0,Medium*Medium*NoStarvation,30,Medium*Medium*NoStarvation,27.29,26.57,7,7,15,0.2273,0.2657,0.35,0.0227,-0.1329,-0.07,0.0068,0.0,-0.196,-0.3573,-0.3709,0.9655,66
8,27,1648.0,Medium*Medium*NoStarvation,45,Medium*Medium*NoStarvation,26.57,40.29,7,7,23,0.2396,0.4029,0.35,0.024,-0.2014,-0.07,0.0072,0.0,-0.2642,-0.4543,-0.4651,0.9655,96
8,28,1674.0,Medium*Medium*NoStarvation,10,Low*Medium*NoStarvation,40.29,5.86,7,6,5,0.1923,0.0586,0.3,0.0192,-0.0293,-0.06,0.0058,0.0,-0.0835,-0.3352,-0.3396,0.9655,26
8,29,1770.0,Low*Medium*NoStarvation,45,Medium*Medium*NoStarvation,5.86,42.0,6,7,23,0.2396,0.42,0.35,0.024,-0.21,-0.07,0.0072,0.0,-0.2728,-0.4853,-0.4939,0.9655,96
8,30,1866.0,Medium*Medium*NoStarvation,45,Medium*Medium*NoStarvation,42.0,40.57,7,7,23,0.2396,0.4057,0.35,0.024,-0.2029,-0.07,0.0072,0.0,-0.2657,-0.4651,-0.4749,0.9655,96
8,31,1912.0,Medium*Medium*NoStarvation,20,Low*Medium*NoStarvation,40.57,16.43,7,7,10,0.2174,0.1643,0.35,0.0217,-0.0821,-0.07,0.0065,0.0,-0.1456,-0.331,-0.3421,0.9655,46
8,32,1978.0,Low*Medium*NoStarvation,30,Medium*Medium*NoStarvation,16.43,26.71,7,7,15,0.2273,0.2671,0.35,0.0227,-0.1336,-0.07,0.0068,0.0,-0.1968,-0.4274,-0.4349,0.9655,66
8,33,2044.0,Medium*Medium*NoStarvation,30,Medium*Medium*NoStarvation,26.71,26.14,7,7,15,0.2273,0.2614,0.35,0.0227,-0.1307,-0.07,0.0068,0.0,-0.1939,-0.3709,-0.3838,0.9655,66
8,34,2070.0,Medium*Medium*NoStarvation,10,Low*Medium*NoStarvation,26.14,7.0,7,7,5,0.1923,0.07,0.35,0.0192,-0.035,-0.07,0.0058,0.0,-0.0992,-0.3396,-0.3451,0.9655,26
8,35,2136.0,Low*Medium*NoStarvation,30,Medium*Medium*NoStarvation,7.0,26.57,7,7,15,0.2273,0.2657,0.35,0.0227,-0.1329,-0.07,0.0068,0.0,-0.196,-0.4349,-0.4418,0.9655,66
8,36,2202.0,Medium*Medium*NoStarvation,30,Medium*Medium*NoStarvation,26.57,25.43,7,7,15,0.2273,0.2543,0.35,0.0227,-0.1271,-0.07,0.0068,0.0,-0.1903,-0.3838,-0.3952,0.9655,66
8,37,2248.0,Medium*Medium*NoStarvation,20,Low*Medium*NoStarvation,25.43,16.71,7,7,10,0.2174,0.1671,0.35,0.0217,-0.0836,-0.07,0.0065,0.0,-0.147,-0.3421,-0.3522,0.9655,46
8,38,2314.0,Low*Medium*NoStarvation,30,Medium*Medium*NoStarvation,16.71,26.86,7,7,15,0.2273,0.2686,0.35,0.0227,-0.1343,-0.07,0.0068,0.0,-0.1975,-0.4418,-0.4484,0.9655,66
8,39,2340.0,Medium*Medium*NoStarvation,10,Low*Medium*NoStarvation,26.86,5.0,7,6,5,0.1923,0.05,0.3,0.0192,-0.025,-0.06,0.0058,0.0,-0.0792,-0.3451,-0.3481,0.9655,26
8,40,2366.0,Low*Medium*NoStarvation,10,Low*Medium*NoStarvation,5.0,5.71,6,6,5,0.1923,0.0571,0.3,0.0192,-0.0286,-0.06,0.0058,0.0,-0.0828,-0.3287,-0.3337,0.9655,26
8,41,2432.0,Low*Medium*NoStarvation,30,Medium*Medium*NoStarvation,5.71,26.43,6,7,15,0.2273,0.2643,0.35,0.0227,-0.1321,-0.07,0.0068,0.0,-0.1953,-0.4484,-0.4544,0.9655,66
8,42,2458.0,Medium*Medium*NoStarvation,10,Low*Medium*NoStarvation,26.43,6.29,7,7,5,0.1923,0.0629,0.35,0.0192,-0.0314,-0.07,0.0058,0.0,-0.0957,-0.3481,-0.3529,0.9655,26
8,43,2484.0,Low*Medium*NoStarvation,10,Low*Medium*NoStarvation,6.29,5.43,7,6,5,0.1923,0.0543,0.3,0.0192,-0.0271,-0.06,0.0058,0.0,-0.0814,-0.3337,-0.3385,0.9655,26
8,44,2510.0,Low*Medium*NoStarvation,10,Low*Medium*NoStarvation,5.43,6.43,6,7,5,0.1923,0.0643,0.35,0.0192,-0.0321,-0.07,0.0058,0.0,-0.0964,-0.3385,-0.3447,0.9655,26
8,45,2606.0,Low*Medium*NoStarvation,45,Medium*Medium*NoStarvation,6.43,40.29,7,7,23,0.2396,0.4029,0.35,0.024,-0.2014,-0.07,0.0072,0.0,-0.2642,-0.4939,-0.5026,0.9655,96
8,46,2632.0,Medium*Medium*NoStarvation,10,Low*Medium*NoStarvation,40.29,5.86,7,7,5,0.1923,0.0586,0.35,0.0192,-0.0293,-0.07,0.0058,0.0,-0.0935,-0.3529,-0.3574,0.9655,26
8,47,2662.0,Low*Medium*NoStarvation,30,Low*Low*NoStarvation,5.86,0.0,7,0,12,0.1818,0.0,0.0,0.0182,-0.0,-0.0,0.0055,0.0,0.0055,-0.4544,-0.4108,0.9655,66
9,0,96.0,Low*Low*NoStarvation,20,Low*Medium*NoStarvation,0.83,16.14,2,7,21,0.4565,0.1614,0.35,0.0457,-0.0807,-0.07,0.0137,0.0,-0.137,-0.0619,-0.0998,0.9607,46
9,1,192.0,Low*Medium*NoStarvation,45,Medium*Medium*NoStarvation,16.14,39.71,7,7,46,0.4792,0.3971,0.35,0.0479,-0.1986,-0.07,0.0144,0.0,-0.2542,-0.5026,-0.5095,0.9607,96
9,2,288.0,Medium*Medium*NoStarvation,45,Medium*Medium*NoStarvation,39.71,39.29,7,7,46,0.4792,0.3929,0.35,0.0479,-0.1964,-0.07,0.0144,0.0,-0.2521,-0.4749,-0.4843,0.9607,96
9,3,314.0,Medium*Medium*NoStarvation,10,Low*Medium*NoStarvation,39.29,6.43,7,7,9,0.3462,0.0643,0.35,0.0346,-0.0321,-0.07,0.0104,0.0,-0.0918,-0.3574,-0.3613,0.9607,26
9,4,410.0,Low*Medium*NoStarvation,45,Medium*Medium*NoStarvation,6.43,41.14,7,7,43,0.4479,0.4114,0.35,0.0448,-0.2057,-0.07,0.0134,0.0,-0.2623,-0.5095,-0.5164,0.9607,96
9,5,436.0,Medium*Medium*NoStarvation,10,Low*Medium*NoStarvation,41.14,6.62,7,8,8,0.3077,0.0662,0.4,0.0308,-0.0331,-0.08,0.0092,0.0,-0.1039,-0.3613,-0.366,0.9607,26
9,6,462.0,Low*Medium*NoStarvation,10,Low*Medium*NoStarvation,6.62,8.0,8,7,9,0.3462,0.08,0.35,0.0346,-0.04,-0.07,0.0104,0.0,-0.0996,-0.3447,-0.3507,0.9607,26
9,7,508.0,Low*Medium*NoStarvation,20,Low*Medium*NoStarvation,8.0,16.57,7,7,20,0.4348,0.1657,0.35,0.0435,-0.0829,-0.07,0.013,0.0,-0.1398,-0.3385,-0.349,0.9607,46
9,8,554.0,Low*Medium*NoStarvation,20,Low*Medium*NoStarvation,16.57,15.64,7,8,19,0.413,0.1564,0.4,0.0413,-0.0782,-0.08,0.0124,0.0,-0.1458,-0.349,-0.3601,0.9607,46
9,9,580.0,Low*Medium*NoStarvation,10,Low*Medium*NoStarvation,15.64,6.14,8,7,10,0.3846,0.0614,0.35,0.0385,-0.0307,-0.07,0.0115,0.0,-0.0892,-0.3507,-0.3561,0.9607,26
9,10,676.0,Low*Medium*NoStarvation,45,Medium*Medium*NoStarvation,6.14,40.21,7,9,44,0.4583,0.4021,0.45,0.0458,-0.2011,-0.09,0.0137,0.0,-0.2773,-0.5164,-0.5242,0.9607,96
9,11,702.0,Medium*Medium*NoStarvation,10,Low*Medium*NoStarvation,40.21,6.29,9,7,9,0.3462,0.0629,0.35,0.0346,-0.0314,-0.07,0.0104,0.0,-0.091,-0.366,-0.3706,0.9607,26
9,12,798.0,Low*Medium*NoStarvation,45,Medium*Medium*NoStarvation,6.29,40.29,7,7,44,0.4583,0.4029,0.35,0.0458,-0.2014,-0.07,0.0137,0.0,-0.2577,-0.5242,-0.5293,0.9607,96
9,13,894.0,Medium*Medium*NoStarvation,45,Medium*Medium*NoStarvation,40.29,42.71,7,7,41,0.4271,0.4271,0.35,0.0427,-0.2136,-0.07,0.0128,0.0,-0.2708,-0.4843,-0.4947,0.9607,96
9,14,990.0,Medium*Medium*NoStarvation,45,Medium*Medium*NoStarvation,42.71,41.0,7,7,41,0.4271,0.41,0.35,0.0427,-0.205,-0.07,0.0128,0.0,-0.2622,-0.4947,-0.5031,0.9607,96
9,15,1016.0,Medium*Medium*NoStarvation,10,Low*Medium*NoStarvation,41.0,6.86,7,7,8,0.3077,0.0686,0.35,0.0308,-0.0343,-0.07,0.0092,0.0,-0.0951,-0.3706,-0.3751,0.9607,26
9,16,1082.0,Low*Medium*NoStarvation,30,Medium*Medium*NoStarvation,6.86,27.0,7,7,15,0.2273,0.27,0.35,0.0227,-0.135,-0.07,0.0068,0.0,-0.1982,-0.4108,-0.4212,0.9607,66
9,17,1178.0,Medium*Medium*NoStarvation,45,Medium*Medium*NoStarvation,27.0,39.57,7,7,23,0.2396,0.3957,0.35,0.024,-0.1979,-0.07,0.0072,0.0,-0.2607,-0.5031,-0.5106,0.9607,96
9,18,1204.0,Medium*Medium*NoStarvation,10,Low*Medium*NoStarvation,39.57,8.0,7,7,5,0.1923,0.08,0.35,0.0192,-0.04,-0.07,0.0058,0.0,-0.1042,-0.3751,-0.38,0.9607,26
9,19,1230.0,Low*Medium*NoStarvation,10,Low*Medium*NoStarvation,8.0,6.57,7,7,5,0.1923,0.0657,0.35,0.0192,-0.0329,-0.07,0.0058,0.0,-0.0971,-0.3561,-0.3622,0.9607,26
9,20,1326.0,Low*Medium*NoStarvation,45,Medium*Medium*NoStarvation,6.57,40.71,7,7,22,0.2292,0.4071,0.35,0.0229,-0.2036,-0.07,0.0069,0.0,-0.2667,-0.5293,-0.5347,0.9607,96
9,21,1422.0,Medium*Medium*NoStarvation,45,Medium*Medium*NoStarvation,40.71,41.14,7,7,22,0.2292,0.4114,0.35,0.0229,-0.2057,-0.07,0.0069,0.0,-0.2688,-0.5106,-0.5181,0.9607,96
9,22,1468.0,Medium*Medium*NoStarvation,20,Low*Medium*NoStarvation,41.14,15.86,7,7,10,0.2174,0.1586,0.35,0.0217,-0.0793,-0.07,0.0065,0.0,-0.1428,-0.3522,-0.3636,0.9607,46
9,23,1514.0,Low*Medium*NoStarvation,20,Low*Medium*NoStarvation,15.86,16.29,7,7,10,0.2174,0.1629,0.35,0.0217,-0.0814,-0.07,0.0065,0.0,-0.1449,-0.3601,-0.371,0.9607,46
9,24,1560.0,Low*Medium*NoStarvation,20,Low*Medium*NoStarvation,16.29,16.14,7,7,10,0.2174,0.1614,0.35,0.0217,-0.0807,-0.07,0.0065,0.0,-0.1442,-0.371,-0.3809,0.9607,46
9,25,1606.0,Low*Medium*NoStarvation,20,Low*Medium*NoStarvation,16.14,15.0,7,7,11,0.2391,0.15,0.35,0.0239,-0.075,-0.07,0.0072,0.0,-0.1378,-0.3809,-0.3892,0.9607,46
9,26,1652.0,Low*Medium*NoStarvation,20,Low*Medium*NoStarvation,15.0,15.0,7,7,10,0.2174,0.15,0.35,0.0217,-0.075,-0.07,0.0065,0.0,-0.1385,-0.3892,-0.3968,0.9607,46
9,27,1748.0,Low*Medium*NoStarvation,45,Medium*Medium*NoStarvation,15.0,40.57,7,7,23,0.2396,0.4057,0.35,0.024,-0.2029,-0.07,0.0072,0.0,-0.2657,-0.5347,-0.5405,0.9607,96
9,28,1794.0,Medium*Medium*NoStarvation,20,Low*Medium*NoStarvation,40.57,16.71,7,7,10,0.2174,0.1671,0.35,0.0217,-0.0836,-0.07,0.0065,0.0,-0.147,-0.3636,-0.3746,0.9607,46
9,29,1820.0,Low*Medium*NoStarvation,10,Low*Medium*NoStarvation,16.71,6.0,7,7,5,0.1923,0.06,0.35,0.0192,-0.03,-0.07,0.0058,0.0,-0.0942,-0.3622,-0.368,0.9607,26
9,30,1886.0,Low*Medium*NoStarvation,30,Medium*Medium*NoStarvation,6.0,26.14,7,7,15,0.2273,0.2614,0.35,0.0227,-0.1307,-0.07,0.0068,0.0,-0.1939,-0.4212,-0.4322,0.9607,66
9,31,1912.0,Medium*Medium*NoStarvation,10,Low*Medium*NoStarvation,26.14,8.29,7,7,4,0.1538,0.0829,0.35,0.0154,-0.0414,-0.07,0.0046,0.0,-0.1068,-0.38,-0.3858,0.9607,26
9,32,1978.0,Low*Medium*NoStarvation,30,Medium*Medium*NoStarvation,8.29,25.0,7,7,15,0.2273,0.25,0.35,0.0227,-0.125,-0.07,0.0068,0.0,-0.1882,-0.4322,-0.4415,0.9607,66
9,33,2074.0,Medium*Medium*NoStarvation,45,Medium*Medium*NoStarvation,25.0,40.43,7,7,23,0.2396,0.4043,0.35,0.024,-0.2021,-0.07,0.0072,0.0,-0.265,-0.5181,-0.5265,0.9607,96
9,34,2100.0,Medium*Medium*NoStarvation,10,Low*Medium*NoStarvation,40.43,7.0,7,7,5,0.1923,0.07,0.35,0.0192,-0.035,-0.07,0.0058,0.0,-0.0992,-0.3858,-0.3903,0.9607,26
9,35,2196.0,Low*Medium*NoStarvation,45,Medium*Medium*NoStarvation,7.0,39.86,7,7,23,0.2396,0.3986,0.35,0.024,-0.1993,-0.07,0.0072,0.0,-0.2621,-0.5405,-0.5464,0.9607,96
9,36,2242.0,Medium*Medium*NoStarvation,20,Low*Medium*NoStarvation,39.86,15.14,7,7,10,0.2174,0.1514,0.35,0.0217,-0.0757,-0.07,0.0065,0.0,-0.1392,-0.3746,-0.3842,0.9607,46
9,37,2308.0,Low*Medium*NoStarvation,30,Medium*Medium*NoStarvation,15.14,26.43,7,7,15,0.2273,0.2643,0.35,0.0227,-0.1321,-0.07,0.0068,0.0,-0.1953,-0.4415,-0.4515,0.9607,66
9,38,2334.0,Medium*Medium*NoStarvation,10,Low*Medium*NoStarvation,26.43,5.29,7,6,5,0.1923,0.0529,0.3,0.0192,-0.0264,-0.06,0.0058,0.0,-0.0807,-0.3903,-0.3925,0.9607,26
9,39,2430.0,Low*Medium*NoStarvation,45,Medium*Medium*NoStarvation,5.29,40.43,6,7,23,0.2396,0.4043,0.35,0.024,-0.2021,-0.07,0.0072,0.0,-0.265,-0.5464,-0.5528,0.9607,96
9,40,2456.0,Medium*Medium*NoStarvation,10,Low*Medium*NoStarvation,40.43,7.43,7,7,5,0.1923,0.0743,0.35,0.0192,-0.0371,-0.07,0.0058,0.0,-0.1014,-0.3925,-0.3965,0.9607,26
9,41,2522.0,Low*Medium*NoStarvation,30,Medium*Medium*NoStarvation,7.43,26.71,7,7,15,0.2273,0.2671,0.35,0.0227,-0.1336,-0.07,0.0068,0.0,-0.1968,-0.4515,-0.4606,0.9607,66
9,42,2548.0,Medium*Medium*NoStarvation,10,Low*Medium*NoStarvation,26.71,5.43,7,6,5,0.1923,0.0543,0.3,0.0192,-0.0271,-0.06,0.0058,0.0,-0.0814,-0.3965,-0.3981,0.9607,26
9,43,2594.0,Low*Medium*NoStarvation,20,Low*Medium*NoStarvation,5.43,17.14,6,7,10,0.2174,0.1714,0.35,0.0217,-0.0857,-0.07,0.0065,0.0,-0.1492,-0.3968,-0.4051,0.9607,46
9,44,2618.0,Low*Medium*NoStarvation,30,Low*Low*NoStarvation,17.14,0.0,7,0,9,0.1364,0.0,0.0,0.0136,-0.0,-0.0,0.0041,0.0,0.0041,-0.4606,-0.4164,0.9607,66
10,0,146.0,Low*Low*NoStarvation,45,Medium*Medium*NoStarvation,0.83,40.71,2,7,47,0.4896,0.4071,0.35,0.049,-0.2036,-0.07,0.0147,0.0,-0.2589,-0.0855,-0.1374,0.9559,96
10,1,172.0,Medium*Medium*NoStarvation,10,Low*Medium*NoStarvation,40.71,8.43,7,7,9,0.3462,0.0843,0.35,0.0346,-0.0421,-0.07,0.0104,0.0,-0.1018,-0.3981,-0.4016,0.9559,26
10,2,198.0,Low*Medium*NoStarvation,10,Low*Medium*NoStarvation,8.43,5.71,7,7,9,0.3462,0.0571,0.35,0.0346,-0.0286,-0.07,0.0104,0.0,-0.0882,-0.368,-0.3732,0.9559,26
10,3,224.0,Low*Medium*NoStarvation,10,Low*Medium*NoStarvation,5.71,7.57,7,7,9,0.3462,0.0757,0.35,0.0346,-0.0379,-0.07,0.0104,0.0,-0.0975,-0.3732,-0.3792,0.9559,26
10,4,270.0,Low*Medium*NoStarvation,20,Low*Medium*NoStarvation,7.57,16.57,7,7,19,0.413,0.1657,0.35,0.0413,-0.0829,-0.07,0.0124,0.0,-0.1405,-0.4051,-0.4128,0.9559,46
10,5,336.0,Low*Medium*NoStarvation,30,Medium*Medium*NoStarvation,16.57,27.14,7,7,30,0.4545,0.2714,0.35,0.0455,-0.1357,-0.07,0.0136,0.0,-0.1921,-0.4164,-0.4286,0.9559,66
10,6,382.0,Medium*Medium*NoStarvation,20,Low*Medium*NoStarvation,27.14,15.71,7,7,21,0.4565,0.1571,0.35,0.0457,-0.0786,-0.07,0.0137,0.0,-0.1349,-0.3842,-0.3934,0.9559,46
10,7,428.0,Low*Medium*NoStarvation,20,Low*Medium*NoStarvation,15.71,17.71,7,7,20,0.4348,0.1771,0.35,0.0435,-0.0886,-0.07,0.013,0.0,-0.1455,-0.4128,-0.4202,0.9559,46
10,8,524.0,Low*Medium*NoStarvation,45,Medium*Medium*NoStarvation,17.71,40.14,7,7,45,0.4688,0.4014,0.35,0.0469,-0.2007,-0.07,0.0141,0.0,-0.2567,-0.5528,-0.5586,0.9559,96
10,9,550.0,Medium*Medium*NoStarvation,10,Low*Medium*NoStarvation,40.14,8.29,7,8,8,0.3077,0.0829,0.4,0.0308,-0.0414,-0.08,0.0092,0.0,-0.1122,-0.4016,-0.4068,0.9559,26
10,10,576.0,Low*Medium*NoStarvation,10,Low*Medium*NoStarvation,8.29,5.29,8,7,10,0.3846,0.0529,0.35,0.0385,-0.0264,-0.07,0.0115,0.0,-0.0849,-0.3792,-0.3839,0.9559,26
10,11,642.0,Low*Medium*NoStarvation,30,Medium*Medium*NoStarvation,5.29,25.14,7,7,30,0.4545,0.2514,0.35,0.0455,-0.1257,-0.07,0.0136,0.0,-0.1821,-0.4286,-0.4393,0.9559,66
10,12,708.0,Medium*Medium*NoStarvation,30,Medium*Medium*NoStarvation,25.14,25.86,7,7,29,0.4394,0.2586,0.35,0.0439,-0.1293,-0.07,0.0132,0.0,-0.1861,-0.3952,-0.4097,0.9559,66
10,13,754.0,Medium*Medium*NoStarvation,20,Low*Medium*NoStarvation,25.86,17.29,7,7,19,0.413,0.1729,0.35,0.0413,-0.0864,-0.07,0.0124,0.0,-0.144,-0.3934,-0.403,0.9559,46
10,14,800.0,Low*Medium*NoStarvation,20,Low*Medium*NoStarvation,17.29,16.43,7,7,19,0.413,0.1643,0.35,0.0413,-0.0821,-0.07,0.0124,0.0,-0.1398,-0.4202,-0.4267,0.9559,46
10,15,866.0,Low*Medium*NoStarvation,30,Medium*Medium*NoStarvation,16.43,28.29,7,7,27,0.4091,0.2829,0.35,0.0409,-0.1414,-0.07,0.0123,0.0,-0.1992,-0.4393,-0.4516,0.9559,66
10,16,962.0,Medium*Medium*NoStarvation,45,Medium*Medium*NoStarvation,28.29,43.29,7,7,42,0.4375,0.4329,0.35,0.0437,-0.2164,-0.07,0.0131,0.0,-0.2733,-0.5265,-0.5374,0.9559,96
10,17,988.0,Medium*Medium*NoStarvation,10,Low*Medium*NoStarvation,43.29,6.86,7,7,10,0.3846,0.0686,0.35,0.0385,-0.0343,-0.07,0.0115,0.0,-0.0927,-0.4068,-0.4099,0.9559,26
10,18,1034.0,Low*Medium*NoStarvation,20,Low*Medium*NoStarvation,6.86,14.29,7,7,14,0.3043,0.1429,0.35,0.0304,-0.0714,-0.07,0.0091,0.0,-0.1323,-0.4267,-0.4318,0.9559,46
10,19,1130.0,Low*Medium*NoStarvation,45,Medium*Medium*NoStarvation,14.29,40.43,7,7,23,0.2396,0.4043,0.35,0.024,-0.2021,-0.07,0.0072,0.0,-0.265,-0.5586,-0.5655,0.9559,96
10,20,1196.0,Medium*Medium*NoStarvation,30,Medium*Medium*NoStarvation,40.43,26.0,7,7,15,0.2273,0.26,0.35,0.0227,-0.13,-0.07,0.0068,0.0,-0.1932,-0.4097,-0.4243,0.9559,66
10,21,1242.0,Medium*Medium*NoStarvation,20,Low*Medium*NoStarvation,26.0,17.14,7,7,10,0.2174,0.1714,0.35,0.0217,-0.0857,-0.07,0.0065,0.0,-0.1492,-0.403,-0.4121,0.9559,46
10,22,1268.0,Low*Medium*NoStarvation,10,Low*Medium*NoStarvation,17.14,5.0,7,6,5,0.1923,0.05,0.3,0.0192,-0.025,-0.06,0.0058,0.0,-0.0792,-0.3839,-0.388,0.9559,26
10,23,1314.0,Low*Medium*NoStarvation,20,Low*Medium*NoStarvation,5.0,15.43,6,7,10,0.2174,0.1543,0.35,0.0217,-0.0771,-0.07,0.0065,0.0,-0.1406,-0.4318,-0.4376,0.9559,46
10,24,1380.0,Low*Medium*NoStarvation,30,Medium*Medium*NoStarvation,15.43,26.14,7,7,15,0.2273,0.2614,0.35,0.0227,-0.1307,-0.07,0.0068,0.0,-0.1939,-0.4516,-0.4627,0.9559,66
10,25,1476.0,Medium*Medium*NoStarvation,45,Medium*Medium*NoStarvation,26.14,42.14,7,7,22,0.2292,0.4214,0.35,0.0229,-0.2107,-0.07,0.0069,0.0,-0.2738,-0.5374,-0.548,0.9559,96
10,26,1542.0,Medium*Medium*NoStarvation,30,Medium*Medium*NoStarvation,42.14,26.57,7,7,15,0.2273,0.2657,0.35,0.0227,-0.1329,-0.07,0.0068,0.0,-0.196,-0.4243,-0.4384,0.9559,66
10,27,1588.0,Medium*Medium*NoStarvation,20,Low*Medium*NoStarvation,26.57,16.0,7,7,11,0.2391,0.16,0.35,0.0239,-0.08,-0.07,0.0072,0.0,-0.1428,-0.4121,-0.4201,0.9559,46
10,28,1654.0,Low*Medium*NoStarvation,30,Medium*Medium*NoStarvation,16.0,26.57,7,7,15,0.2273,0.2657,0.35,0.0227,-0.1329,-0.07,0.0068,0.0,-0.196,-0.4627,-0.4729,0.9559,66
10,29,1700.0,Medium*Medium*NoStarvation,20,Low*Medium*NoStarvation,26.57,16.29,7,7,10,0.2174,0.1629,0.35,0.0217,-0.0814,-0.07,0.0065,0.0,-0.1449,-0.4201,-0.4275,0.9559,46
10,30,1766.0,Low*Medium*NoStarvation,30,Medium*Medium*NoStarvation,16.29,25.71,7,7,15,0.2273,0.2571,0.35,0.0227,-0.1286,-0.07,0.0068,0.0,-0.1918,-0.4729,-0.4817,0.9559,66
10,31,1812.0,Medium*Medium*NoStarvation,20,Low*Medium*NoStarvation,25.71,14.43,7,7,10,0.2174,0.1443,0.35,0.0217,-0.0721,-0.07,0.0065,0.0,-0.1356,-0.4275,-0.4333,0.9559,46
10,32,1908.0,Low*Medium*NoStarvation,45,Medium*Medium*NoStarvation,14.43,40.71,7,7,23,0.2396,0.4071,0.35,0.024,-0.2036,-0.07,0.0072,0.0,-0.2664,-0.5655,-0.5725,0.9559,96
10,33,1974.0,Medium*Medium*NoStarvation,30,Medium*Medium*NoStarvation,40.71,26.71,7,7,15,0.2273,0.2671,0.35,0.0227,-0.1336,-0.07,0.0068,0.0,-0.1968,-0.4384,-0.4511,0.9559,66
10,34,2000.0,Medium*Medium*NoStarvation,10,Low*Medium*NoStarvation,26.71,6.86,7,7,5,0.1923,0.0686,0.35,0.0192,-0.0343,-0.07,0.0058,0.0,-0.0985,-0.4099,-0.4137,0.9559,26
10,35,2046.0,Low*Medium*NoStarvation,20,Low*Medium*NoStarvation,6.86,17.14,7,7,10,0.2174,0.1714,0.35,0.0217,-0.0857,-0.07,0.0065,0.0,-0.1492,-0.4376,-0.4437,0.9559,46
10,36,2142.0,Low*Medium*NoStarvation,45,Medium*Medium*NoStarvation,17.14,39.86,7,7,23,0.2396,0.3986,0.35,0.024,-0.1993,-0.07,0.0072,0.0,-0.2621,-0.5725,-0.5787,0.9559,96
10,37,2238.0,Medium*Medium*NoStarvation,45,Medium*Medium*NoStarvation,39.86,40.29,7,7,23,0.2396,0.4029,0.35,0.024,-0.2014,-0.07,0.0072,0.0,-0.2642,-0.548,-0.5568,0.9559,96
10,38,2304.0,Medium*Medium*NoStarvation,30,Medium*Medium*NoStarvation,40.29,26.29,7,7,15,0.2273,0.2629,0.35,0.0227,-0.1314,-0.07,0.0068,0.0,-0.1946,-0.4511,-0.4627,0.9559,66
10,39,2350.0,Medium*Medium*NoStarvation,20,Low*Medium*NoStarvation,26.29,16.43,7,7,10,0.2174,0.1643,0.35,0.0217,-0.0821,-0.07,0.0065,0.0,-0.1456,-0.4333,-0.4394,0.9559,46
10,40,2376.0,Low*Medium*NoStarvation,10,Low*Medium*NoStarvation,16.43,6.14,7,6,5,0.1923,0.0614,0.3,0.0192,-0.0307,-0.06,0.0058,0.0,-0.0849,-0.388,-0.3926,0.9559,26
10,41,2402.0,Low*Medium*NoStarvation,10,Low*Medium*NoStarvation,6.14,5.57,6,7,5,0.1923,0.0557,0.35,0.0192,-0.0279,-0.07,0.0058,0.0,-0.0921,-0.3926,-0.3979,0.9559,26
10,42,2428.0,Low*Medium*NoStarvation,10,Low*Medium*NoStarvation,5.57,9.0,7,7,4,0.1538,0.09,0.35,0.0154,-0.045,-0.07,0.0046,0.0,-0.1104,-0.3979,-0.4049,0.9559,26
10,43,2524.0,Low*Medium*NoStarvation,45,Medium*Medium*NoStarvation,9.0,40.57,7,7,23,0.2396,0.4057,0.35,0.024,-0.2029,-0.07,0.0072,0.0,-0.2657,-0.5787,-0.5846,0.9559,96
10,44,2590.0,Medium*Medium*NoStarvation,30,Medium*Medium*NoStarvation,40.57,26.86,7,7,15,0.2273,0.2686,0.35,0.0227,-0.1343,-0.07,0.0068,0.0,-0.1975,-0.4627,-0.4734,0.9559,66
10,45,2616.0,Medium*Medium*NoStarvation,10,Low*Medium*NoStarvation,26.86,6.29,7,7,5,0.1923,0.0629,0.35,0.0192,-0.0314,-0.07,0.0058,0.0,-0.0957,-0.4137,-0.4183,0.9559,26
10,46,2636.0,Low*Medium*NoStarvation,20,Low*Low*NoStarvation,6.29,0.0,7,0,7,0.1522,0.0,0.0,0.0152,-0.0,-0.0,0.0046,0.0,0.0046,-0.4437,-0.4012,0.9559,46
11,0,96.0,Low*Low*NoStarvation,20,Low*Medium*NoStarvation,0.83,16.14,2,7,21,0.4565,0.1614,0.35,0.0457,-0.0807,-0.07,0.0137,0.0,-0.137,-0.0998,-0.1397,0.9511,46
11,1,122.0,Low*Medium*NoStarvation,10,Low*Medium*NoStarvation,16.14,6.14,7,7,9,0.3462,0.0614,0.35,0.0346,-0.0307,-0.07,0.0104,0.0,-0.0903,-0.4049,-0.4096,0.9511,26
11,2,218.0,Low*Medium*NoStarvation,45,Medium*Medium*NoStarvation,6.14,40.57,7,7,45,0.4688,0.4057,0.35,0.0469,-0.2029,-0.07,0.0141,0.0,-0.2588,-0.5846,-0.5897,0.9511,96
11,3,284.0,Medium*Medium*NoStarvation,30,Medium*Medium*NoStarvation,40.57,26.57,7,7,30,0.4545,0.2657,0.35,0.0455,-0.1329,-0.07,0.0136,0.0,-0.1892,-0.4734,-0.4826,0.9511,66
11,4,330.0,Medium*Medium*NoStarvation,20,Low*Medium*NoStarvation,26.57,16.57,7,7,20,0.4348,0.1657,0.35,0.0435,-0.0829,-0.07,0.013,0.0,-0.1398,-0.4394,-0.4456,0.9511,46
11,5,426.0,Low*Medium*NoStarvation,45,Medium*Medium*NoStarvation,16.57,39.86,7,7,45,0.4688,0.3986,0.35,0.0469,-0.1993,-0.07,0.0141,0.0,-0.2552,-0.5897,-0.5939,0.9511,96
11,6,522.0,Medium*Medium*NoStarvation,45,Medium*Medium*NoStarvation,39.86,40.43,7,7,42,0.4375,0.4043,0.35,0.0437,-0.2021,-0.07,0.0131,0.0,-0.259,-0.5568,-0.5647,0.9511,96
11,7,588.0,Medium*Medium*NoStarvation,30,Medium*Medium*NoStarvation,40.43,26.71,7,7,29,0.4394,0.2671,0.35,0.0439,-0.1336,-0.07,0.0132,0.0,-0.1904,-0.4826,-0.4911,0.9511,66
11,8,654.0,Medium*Medium*NoStarvation,30,Medium*Medium*NoStarvation,26.71,26.14,7,7,28,0.4242,0.2614,0.35,0.0424,-0.1307,-0.07,0.0127,0.0,-0.188,-0.4911,-0.4984,0.9511,66
11,9,700.0,Medium*Medium*NoStarvation,20,Low*Medium*NoStarvation,26.14,16.14,7,7,19,0.413,0.1614,0.35,0.0413,-0.0807,-0.07,0.0124,0.0,-0.1383,-0.4456,-0.4509,0.9511,46
11,10,726.0,Low*Medium*NoStarvation,10,Low*Medium*NoStarvation,16.14,7.86,7,7,8,0.3077,0.0786,0.35,0.0308,-0.0393,-0.07,0.0092,0.0,-0.1001,-0.4096,-0.4147,0.9511,26
11,11,792.0,Low*Medium*NoStarvation,30,Medium*Medium*NoStarvation,7.86,27.0,7,7,29,0.4394,0.27,0.35,0.0439,-0.135,-0.07,0.0132,0.0,-0.1918,-0.4817,-0.4904,0.9511,66
11,12,858.0,Medium*Medium*NoStarvation,30,Medium*Medium*NoStarvation,27.0,25.14,7,7,29,0.4394,0.2514,0.35,0.0439,-0.1257,-0.07,0.0132,0.0,-0.1825,-0.4984,-0.5045,0.9511,66
11,13,904.0,Medium*Medium*NoStarvation,20,Low*Medium*NoStarvation,25.14,16.57,7,7,19,0.413,0.1657,0.35,0.0413,-0.0829,-0.07,0.0124,0.0,-0.1405,-0.4509,-0.456,0.9511,46
11,14,1000.0,Low*Medium*NoStarvation,45,Medium*Medium*NoStarvation,16.57,39.86,7,7,42,0.4375,0.3986,0.35,0.0437,-0.1993,-0.07,0.0131,0.0,-0.2562,-0.5939,-0.5978,0.9511,96
11,15,1096.0,Medium*Medium*NoStarvation,45,Medium*Medium*NoStarvation,39.86,40.86,7,7,24,0.25,0.4086,0.35,0.025,-0.2043,-0.07,0.0075,0.0,-0.2668,-0.5647,-0.5726,0.9511,96
11,16,1122.0,Medium*Medium*NoStarvation,10,Low*Medium*NoStarvation,40.86,6.57,7,7,5,0.1923,0.0657,0.35,0.0192,-0.0329,-0.07,0.0058,0.0,-0.0971,-0.4183,-0.4223,0.9511,26
11,17,1148.0,Low*Medium*NoStarvation,10,Low*Medium*NoStarvation,6.57,5.86,7,7,5,0.1923,0.0586,0.35,0.0192,-0.0293,-0.07,0.0058,0.0,-0.0935,-0.4147,-0.4187,0.9511,26
11,18,1194.0,Low*Medium*NoStarvation,20,Low*Medium*NoStarvation,5.86,16.86,7,7,10,0.2174,0.1686,0.35,0.0217,-0.0843,-0.07,0.0065,0.0,-0.1478,-0.4012,-0.412,0.9511,46
11,19,1220.0,Low*Medium*NoStarvation,10,Low*Medium*NoStarvation,16.86,8.86,7,7,4,0.1538,0.0886,0.35,0.0154,-0.0443,-0.07,0.0046,0.0,-0.1097,-0.4187,-0.4249,0.9511,26
11,20,1266.0,Low*Medium*NoStarvation,20,Low*Medium*NoStarvation,8.86,15.86,7,7,10,0.2174,0.1586,0.35,0.0217,-0.0793,-0.07,0.0065,0.0,-0.1428,-0.412,-0.4221,0.9511,46
11,21,1362.0,Low*Medium*NoStarvation,45,Medium*Medium*NoStarvation,15.86,39.71,7,7,23,0.2396,0.3971,0.35,0.024,-0.1986,-0.07,0.0072,0.0,-0.2614,-0.5978,-0.6021,0.9511,96
11,22,1458.0,Medium*Medium*NoStarvation,45,Medium*Medium*NoStarvation,39.71,39.86,7,7,23,0.2396,0.3986,0.35,0.024,-0.1993,-0.07,0.0072,0.0,-0.2621,-0.5726,-0.5795,0.9511,96
11,23,1554.0,Medium*Medium*NoStarvation,45,Medium*Medium*NoStarvation,39.86,40.86,7,7,23,0.2396,0.4086,0.35,0.024,-0.2043,-0.07,0.0072,0.0,-0.2671,-0.5795,-0.5863,0.9511,96
11,24,1620.0,Medium*Medium*NoStarvation,30,Medium*Medium*NoStarvation,40.86,27.14,7,7,15,0.2273,0.2714,0.35,0.0227,-0.1357,-0.07,0.0068,0.0,-0.1989,-0.5045,-0.5119,0.9511,66
11,25,1686.0,Medium*Medium*NoStarvation,30,Medium*Medium*NoStarvation,27.14,27.14,7,7,15,0.2273,0.2714,0.35,0.0227,-0.1357,-0.07,0.0068,0.0,-0.1989,-0.5119,-0.5186,0.9511,66
11,26,1752.0,Medium*Medium*NoStarvation,30,Medium*Medium*NoStarvation,27.14,25.71,7,7,15,0.2273,0.2571,0.35,0.0227,-0.1286,-0.07,0.0068,0.0,-0.1918,-0.5186,-0.524,0.9511,66
11,27,1798.0,Medium*Medium*NoStarvation,20,Low*Medium*NoStarvation,25.71,16.29,7,7,10,0.2174,0.1629,0.35,0.0217,-0.0814,-0.07,0.0065,0.0,-0.1449,-0.456,-0.4629,0.9511,46
11,28,1844.0,Low*Medium*NoStarvation,20,Low*Medium*NoStarvation,16.29,17.0,7,7,10,0.2174,0.17,0.35,0.0217,-0.085,-0.07,0.0065,0.0,-0.1485,-0.4221,-0.4327,0.9511,46
11,29,1910.0,Low*Medium*NoStarvation,30,Medium*Medium*NoStarvation,17.0,25.86,7,7,16,0.2424,0.2586,0.35,0.0242,-0.1293,-0.07,0.0073,0.0,-0.192,-0.4904,-0.4985,0.9511,66
11,30,1976.0,Medium*Medium*NoStarvation,30,Medium*Medium*NoStarvation,25.86,27.0,7,7,15,0.2273,0.27,0.35,0.0227,-0.135,-0.07,0.0068,0.0,-0.1982,-0.524,-0.5294,0.9511,66
11,31,2002.0,Medium*Medium*NoStarvation,10,Low*Medium*NoStarvation,27.0,8.43,7,7,4,0.1538,0.0843,0.35,0.0154,-0.0421,-0.07,0.0046,0.0,-0.1075,-0.4223,-0.4291,0.9511,26
11,32,2068.0,Low*Medium*NoStarvation,30,Medium*Medium*NoStarvation,8.43,25.86,7,7,15,0.2273,0.2586,0.35,0.0227,-0.1293,-0.07,0.0068,0.0,-0.1925,-0.4985,-0.5065,0.9511,66
11,33,2094.0,Medium*Medium*NoStarvation,10,Low*Medium*NoStarvation,25.86,8.43,7,7,4,0.1538,0.0843,0.35,0.0154,-0.0421,-0.07,0.0046,0.0,-0.1075,-0.4291,-0.4352,0.9511,26
11,34,2160.0,Low*Medium*NoStarvation,30,Medium*Medium*NoStarvation,8.43,26.29,7,7,15,0.2273,0.2629,0.35,0.0227,-0.1314,-0.07,0.0068,0.0,-0.1946,-0.5065,-0.5145,0.9511,66
11,35,2186.0,Medium*Medium*NoStarvation,10,Low*Medium*NoStarvation,26.29,5.71,7,7,5,0.1923,0.0571,0.35,0.0192,-0.0286,-0.07,0.0058,0.0,-0.0928,-0.4352,-0.4392,0.9511,26
11,36,2252.0,Low*Medium*NoStarvation,30,Medium*Medium*NoStarvation,5.71,26.14,7,7,15,0.2273,0.2614,0.35,0.0227,-0.1307,-0.07,0.0068,0.0,-0.1939,-0.5145,-0.522,0.9511,66
11,37,2318.0,Medium*Medium*NoStarvation,30,Medium*Medium*NoStarvation,26.14,26.0,7,7,15,0.2273,0.26,0.35,0.0227,-0.13,-0.07,0.0068,0.0,-0.1932,-0.5294,-0.5353,0.9511,66
11,38,2414.0,Medium*Medium*NoStarvation,45,Medium*Medium*NoStarvation,26.0,42.86,7,7,22,0.2292,0.4286,0.35,0.0229,-0.2143,-0.07,0.0069,0.0,-0.2774,-0.5863,-0.5949,0.9511,96
11,39,2440.0,Medium*Medium*NoStarvation,10,Low*Medium*NoStarvation,42.86,7.0,7,7,5,0.1923,0.07,0.35,0.0192,-0.035,-0.07,0.0058,0.0,-0.0992,-0.4392,-0.4434,0.9511,26
11,40,2466.0,Low*Medium*NoStarvation,10,Low*Medium*NoStarvation,7.0,6.29,7,6,5,0.1923,0.0629,0.3,0.0192,-0.0314,-0.06,0.0058,0.0,-0.0857,-0.4249,-0.4292,0.9511,26
11,41,2492.0,Low*Medium*NoStarvation,10,Low*Medium*NoStarvation,6.29,6.57,6,7,5,0.1923,0.0657,0.35,0.0192,-0.0329,-0.07,0.0058,0.0,-0.0971,-0.4292,-0.4346,0.9511,26
11,42,2588.0,Low*Medium*NoStarvation,45,Medium*Medium*NoStarvation,6.57,40.14,7,7,22,0.2292,0.4014,0.35,0.0229,-0.2007,-0.07,0.0069,0.0,-0.2638,-0.6021,-0.6082,0.9511,96
11,43,2616.0,Medium*Medium*NoStarvation,45,Low*Low*NoStarvation,40.14,0.0,7,0,11,0.1146,0.0,0.0,0.0115,-0.0,-0.0,0.0034,0.0,0.0034,-0.5949,-0.5374,0.9511,96
12,0,146.0,Low*Low*NoStarvation,45,Medium*Medium*NoStarvation,0.83,40.71,2,7,47,0.4896,0.4071,0.35,0.049,-0.2036,-0.07,0.0147,0.0,-0.2589,-0.1374,-0.1894,0.9464,96
12,1,172.0,Medium*Medium*NoStarvation,10,Low*Medium*NoStarvation,40.71,8.43,7,7,9,0.3462,0.0843,0.35,0.0346,-0.0421,-0.07,0.0104,0.0,-0.1018,-0.4434,-0.4482,0.9464,26
12,2,198.0,Low*Medium*NoStarvation,10,Low*Medium*NoStarvation,8.43,5.71,7,7,9,0.3462,0.0571,0.35,0.0346,-0.0286,-0.07,0.0104,0.0,-0.0882,-0.4346,-0.4389,0.9464,26
12,3,294.0,Low*Medium*NoStarvation,45,Medium*Medium*NoStarvation,5.71,40.0,7,7,46,0.4792,0.4,0.35,0.0479,-0.2,-0.07,0.0144,0.0,-0.2556,-0.6082,-0.6133,0.9464,96
12,4,340.0,Medium*Medium*NoStarvation,20,Low*Medium*NoStarvation,40.0,16.86,7,7,20,0.4348,0.1686,0.35,0.0435,-0.0843,-0.07,0.013,0.0,-0.1412,-0.4629,-0.4697,0.9464,46
12,5,386.0,Low*Medium*NoStarvation,20,Low*Medium*NoStarvation,16.86,16.57,7,7,20,0.4348,0.1657,0.35,0.0435,-0.0829,-0.07,0.013,0.0,-0.1398,-0.4327,-0.4424,0.9464,46
12,6,452.0,Low*Medium*NoStarvation,30,Medium*Medium*NoStarvation,16.57,28.14,7,7,27,0.4091,0.2814,0.35,0.0409,-0.1407,-0.07,0.0123,0.0,-0.1984,-0.522,-0.53,0.9464,66
12,7,518.0,Medium*Medium*NoStarvation,30,Medium*Medium*NoStarvation,28.14,24.86,7,7,29,0.4394,0.2486,0.35,0.0439,-0.1243,-0.07,0.0132,0.0,-0.1811,-0.5353,-0.5402,0.9464,66
12,8,614.0,Medium*Medium*NoStarvation,45,Medium*Medium*NoStarvation,24.86,41.86,7,7,41,0.4271,0.4186,0.35,0.0427,-0.2093,-0.07,0.0128,0.0,-0.2665,-0.5374,-0.5507,0.9464,96
12,9,640.0,Medium*Medium*NoStarvation,10,Low*Medium*NoStarvation,41.86,9.0,7,7,8,0.3077,0.09,0.35,0.0308,-0.045,-0.07,0.0092,0.0,-0.1058,-0.4482,-0.4535,0.9464,26
12,10,736.0,Low*Medium*NoStarvation,45,Medium*Medium*NoStarvation,9.0,42.0,7,7,42,0.4375,0.42,0.35,0.0437,-0.21,-0.07,0.0131,0.0,-0.2669,-0.6133,-0.6195,0.9464,96
12,11,762.0,Medium*Medium*NoStarvation,10,Low*Medium*NoStarvation,42.0,8.57,7,7,9,0.3462,0.0857,0.35,0.0346,-0.0429,-0.07,0.0104,0.0,-0.1025,-0.4535,-0.4579,0.9464,26
12,12,808.0,Low*Medium*NoStarvation,20,Low*Medium*NoStarvation,8.57,16.29,7,7,20,0.4348,0.1629,0.35,0.0435,-0.0814,-0.07,0.013,0.0,-0.1384,-0.4424,-0.4515,0.9464,46
12,13,854.0,Low*Medium*NoStarvation,20,Low*Medium*NoStarvation,16.29,17.43,7,7,18,0.3913,0.1743,0.35,0.0391,-0.0871,-0.07,0.0117,0.0,-0.1454,-0.4515,-0.4604,0.9464,46
12,14,880.0,Low*Medium*NoStarvation,10,Low*Medium*NoStarvation,17.43,6.71,7,7,9,0.3462,0.0671,0.35,0.0346,-0.0336,-0.07,0.0104,0.0,-0.0932,-0.4389,-0.4439,0.9464,26
12,15,976.0,Low*Medium*NoStarvation,45,Medium*Medium*NoStarvation,6.71,41.86,7,7,43,0.4479,0.4186,0.35,0.0448,-0.2093,-0.07,0.0134,0.0,-0.2658,-0.6195,-0.6253,0.9464,96
12,16,1022.0,Medium*Medium*NoStarvation,20,Low*Medium*NoStarvation,41.86,16.57,7,7,16,0.3478,0.1657,0.35,0.0348,-0.0829,-0.07,0.0104,0.0,-0.1424,-0.4697,-0.4769,0.9464,46
12,17,1118.0,Low*Medium*NoStarvation,45,Medium*Medium*NoStarvation,16.57,41.86,7,7,22,0.2292,0.4186,0.35,0.0229,-0.2093,-0.07,0.0069,0.0,-0.2724,-0.6253,-0.6312,0.9464,96
12,18,1184.0,Medium*Medium*NoStarvation,30,Medium*Medium*NoStarvation,41.86,25.43,7,7,15,0.2273,0.2543,0.35,0.0227,-0.1271,-0.07,0.0068,0.0,-0.1903,-0.5402,-0.5464,0.9464,66
12,19,1230.0,Medium*Medium*NoStarvation,20,Low*Medium*NoStarvation,25.43,16.57,7,7,10,0.2174,0.1657,0.35,0.0217,-0.0829,-0.07,0.0065,0.0,-0.1463,-0.4769,-0.4838,0.9464,46
12,20,1296.0,Low*Medium*NoStarvation,30,Medium*Medium*NoStarvation,16.57,26.43,7,7,15,0.2273,0.2643,0.35,0.0227,-0.1321,-0.07,0.0068,0.0,-0.1953,-0.53,-0.5377,0.9464,66
12,21,1322.0,Medium*Medium*NoStarvation,10,Low*Medium*NoStarvation,26.43,6.71,7,7,5,0.1923,0.0671,0.35,0.0192,-0.0336,-0.07,0.0058,0.0,-0.0978,-0.4579,-0.4618,0.9464,26
12,22,1368.0,Low*Medium*NoStarvation,20,Low*Medium*NoStarvation,6.71,17.43,7,7,9,0.1957,0.1743,0.35,0.0196,-0.0871,-0.07,0.0059,0.0,-0.1513,-0.4604,-0.4694,0.9464,46
12,23,1414.0,Low*Medium*NoStarvation,20,Low*Medium*NoStarvation,17.43,15.86,7,7,10,0.2174,0.1586,0.35,0.0217,-0.0793,-0.07,0.0065,0.0,-0.1428,-0.4694,-0.4767,0.9464,46
12,24,1440.0,Low*Medium*NoStarvation,10,Low*Medium*NoStarvation,15.86,6.0,7,7,5,0.1923,0.06,0.35,0.0192,-0.03,-0.07,0.0058,0.0,-0.0942,-0.4439,-0.4488,0.9464,26
12,25,1486.0,Low*Medium*NoStarvation,20,Low*Medium*NoStarvation,6.0,16.71,7,7,10,0.2174,0.1671,0.35,0.0217,-0.0836,-0.07,0.0065,0.0,-0.147,-0.4767,-0.4841,0.9464,46
12,26,1582.0,Low*Medium*NoStarvation,45,Medium*Medium*NoStarvation,16.71,41.43,7,7,23,0.2396,0.4143,0.35,0.024,-0.2071,-0.07,0.0072,0.0,-0.27,-0.6312,-0.6367,0.9464,96
12,27,1608.0,Medium*Medium*NoStarvation,10,Low*Medium*NoStarvation,41.43,6.86,7,7,4,0.1538,0.0686,0.35,0.0154,-0.0343,-0.07,0.0046,0.0,-0.0997,-0.4618,-0.466,0.9464,26
12,28,1634.0,Low*Medium*NoStarvation,10,Low*Medium*NoStarvation,6.86,6.57,7,7,5,0.1923,0.0657,0.35,0.0192,-0.0329,-0.07,0.0058,0.0,-0.0971,-0.4488,-0.4541,0.9464,26
12,29,1680.0,Low*Medium*NoStarvation,20,Low*Medium*NoStarvation,6.57,15.57,7,7,10,0.2174,0.1557,0.35,0.0217,-0.0779,-0.07,0.0065,0.0,-0.1413,-0.4841,-0.4907,0.9464,46
12,30,1746.0,Low*Medium*NoStarvation,30,Medium*Medium*NoStarvation,15.57,27.0,7,7,15,0.2273,0.27,0.35,0.0227,-0.135,-0.07,0.0068,0.0,-0.1982,-0.5377,-0.5457,0.9464,66
12,31,1792.0,Medium*Medium*NoStarvation,20,Low*Medium*NoStarvation,27.0,15.86,7,7,10,0.2174,0.1586,0.35,0.0217,-0.0793,-0.07,0.0065,0.0,-0.1428,-0.4838,-0.4905,0.9464,46
12,32,1818.0,Low*Medium*NoStarvation,10,Low*Medium*NoStarvation,15.86,7.57,7,7,4,0.1538,0.0757,0.35,0.0154,-0.0379,-0.07,0.0046,0.0,-0.1032,-0.4541,-0.4598,0.9464,26
12,33,1844.0,Low*Medium*NoStarvation,10,Low*Medium*NoStarvation,7.57,7.43,7,7,4,0.1538,0.0743,0.35,0.0154,-0.0371,-0.07,0.0046,0.0,-0.1025,-0.4598,-0.4655,0.9464,26
12,34,1910.0,Low*Medium*NoStarvation,30,Medium*Medium*NoStarvation,7.43,26.0,7,7,15,0.2273,0.26,0.35,0.0227,-0.13,-0.07,0.0068,0.0,-0.1932,-0.5457,-0.5524,0.9464,66
12,35,1956.0,Medium*Medium*NoStarvation,20,Low*Medium*NoStarvation,26.0,16.57,7,7,10,0.2174,0.1657,0.35,0.0217,-0.0829,-0.07,0.0065,0.0,-0.1463,-0.4905,-0.498,0.9464,46
12,36,2022.0,Low*Medium*NoStarvation,30,Medium*Medium*NoStarvation,16.57,26.71,7,7,15,0.2273,0.2671,0.35,0.0227,-0.1336,-0.07,0.0068,0.0,-0.1968,-0.5524,-0.5588,0.9464,66
12,37,2118.0,Medium*Medium*NoStarvation,45,Medium*Medium*NoStarvation,26.71,42.29,7,7,22,0.2292,0.4229,0.35,0.0229,-0.2114,-0.07,0.0069,0.0,-0.2746,-0.5507,-0.565,0.9464,96
12,38,2184.0,Medium*Medium*NoStarvation,30,Medium*Medium*NoStarvation,42.29,26.0,7,7,15,0.2273,0.26,0.35,0.0227,-0.13,-0.07,0.0068,0.0,-0.1932,-0.5464,-0.553,0.9464,66
12,39,2210.0,Medium*Medium*NoStarvation,10,Low*Medium*NoStarvation,26.0,6.71,7,7,5,0.1923,0.0671,0.35,0.0192,-0.0336,-0.07,0.0058,0.0,-0.0978,-0.466,-0.4711,0.9464,26
12,40,2276.0,Low*Medium*NoStarvation,30,Medium*Medium*NoStarvation,6.71,27.29,7,7,15,0.2273,0.2729,0.35,0.0227,-0.1364,-0.07,0.0068,0.0,-0.1996,-0.5588,-0.5652,0.9464,66
12,41,2322.0,Medium*Medium*NoStarvation,20,Low*Medium*NoStarvation,27.29,16.0,7,7,10,0.2174,0.16,0.35,0.0217,-0.08,-0.07,0.0065,0.0,-0.1435,-0.498,-0.5045,0.9464,46
12,42,2368.0,Low*Medium*NoStarvation,20,Low*Medium*NoStarvation,16.0,15.57,7,7,10,0.2174,0.1557,0.35,0.0217,-0.0779,-0.07,0.0065,0.0,-0.1413,-0.4907,-0.4977,0.9464,46
12,43,2434.0,Low*Medium*NoStarvation,30,Medium*Medium*NoStarvation,15.57,25.0,7,7,15,0.2273,0.25,0.35,0.0227,-0.125,-0.07,0.0068,0.0,-0.1882,-0.5652,-0.5699,0.9464,66
12,44,2460.0,Medium*Medium*NoStarvation,10,Low*Medium*NoStarvation,25.0,7.0,7,7,5,0.1923,0.07,0.35,0.0192,-0.035,-0.07,0.0058,0.0,-0.0992,-0.4711,-0.4758,0.9464,26
12,45,2556.0,Low*Medium*NoStarvation,45,Medium*Medium*NoStarvation,7.0,40.43,7,7,23,0.2396,0.4043,0.35,0.024,-0.2021,-0.07,0.0072,0.0,-0.265,-0.6367,-0.6423,0.9464,96
12,46,2582.0,Medium*Medium*NoStarvation,10,Low*Medium*NoStarvation,40.43,7.57,7,7,5,0.1923,0.0757,0.35,0.0192,-0.0379,-0.07,0.0058,0.0,-0.1021,-0.4758,-0.4803,0.9464,26
12,47,2648.0,Low*Medium*NoStarvation,30,Medium*Medium*NoStarvation,7.57,26.14,7,7,15,0.2273,0.2614,0.35,0.0227,-0.1307,-0.07,0.0068,0.0,-0.1939,-0.5699,-0.5756,0.9464,66
12,48,2679.0,Medium*Medium*NoStarvation,45,Low*Low*NoStarvation,26.14,0.0,7,0,12,0.125,0.0,0.0,0.0125,-0.0,-0.0,0.0037,0.0,0.0037,-0.565,-0.5104,0.9464,96
13,0,76.0,Low*Low*NoStarvation,10,Low*Medium*NoStarvation,0.83,6.71,2,7,11,0.4231,0.0671,0.35,0.0423,-0.0336,-0.07,0.0127,0.0,-0.0909,-0.0259,-0.0743,0.9416,26
13,1,142.0,Low*Medium*NoStarvation,30,Medium*Medium*NoStarvation,6.71,26.14,7,7,30,0.4545,0.2614,0.35,0.0455,-0.1307,-0.07,0.0136,0.0,-0.1871,-0.5756,-0.5799,0.9416,66
13,2,188.0,Medium*Medium*NoStarvation,20,Low*Medium*NoStarvation,26.14,16.29,7,7,20,0.4348,0.1629,0.35,0.0435,-0.0814,-0.07,0.013,0.0,-0.1384,-0.5045,-0.5097,0.9416,46
13,3,214.0,Low*Medium*NoStarvation,10,Low*Medium*NoStarvation,16.29,7.86,7,7,9,0.3462,0.0786,0.35,0.0346,-0.0393,-0.07,0.0104,0.0,-0.0989,-0.4655,-0.4707,0.9416,26
13,4,280.0,Low*Medium*NoStarvation,30,Medium*Medium*NoStarvation,7.86,26.0,7,7,30,0.4545,0.26,0.35,0.0455,-0.13,-0.07,0.0136,0.0,-0.1864,-0.5799,-0.5838,0.9416,66
13,5,326.0,Medium*Medium*NoStarvation,20,Low*Medium*NoStarvation,26.0,16.86,7,7,20,0.4348,0.1686,0.35,0.0435,-0.0843,-0.07,0.013,0.0,-0.1412,-0.5097,-0.5153,0.9416,46
13,6,392.0,Low*Medium*NoStarvation,30,Medium*Medium*NoStarvation,16.86,26.14,7,7,30,0.4545,0.2614,0.35,0.0455,-0.1307,-0.07,0.0136,0.0,-0.1871,-0.5838,-0.5874,0.9416,66
13,7,438.0,Medium*Medium*NoStarvation,20,Low*Medium*NoStarvation,26.14,16.57,7,7,20,0.4348,0.1657,0.35,0.0435,-0.0829,-0.07,0.013,0.0,-0.1398,-0.5153,-0.5201,0.9416,46
13,8,484.0,Low*Medium*NoStarvation,20,Low*Medium*NoStarvation,16.57,16.0,7,7,20,0.4348,0.16,0.35,0.0435,-0.08,-0.07,0.013,0.0,-0.137,-0.4977,-0.504,0.9416,46
13,9,550.0,Low*Medium*NoStarvation,30,Medium*Medium*NoStarvation,16.0,25.57,7,7,28,0.4242,0.2557,0.35,0.0424,-0.1279,-0.07,0.0127,0.0,-0.1851,-0.5874,-0.5904,0.9416,66
13,10,596.0,Medium*Medium*NoStarvation,20,Low*Medium*NoStarvation,25.57,15.86,7,7,19,0.413,0.1586,0.35,0.0413,-0.0793,-0.07,0.0124,0.0,-0.1369,-0.5201,-0.5241,0.9416,46
13,11,692.0,Low*Medium*NoStarvation,45,Medium*Medium*NoStarvation,15.86,42.0,7,7,41,0.4271,0.42,0.35,0.0427,-0.21,-0.07,0.0128,0.0,-0.2672,-0.6423,-0.648,0.9416,96
13,12,718.0,Medium*Medium*NoStarvation,10,Low*Medium*NoStarvation,42.0,8.57,7,7,9,0.3462,0.0857,0.35,0.0346,-0.0429,-0.07,0.0104,0.0,-0.1025,-0.4803,-0.4849,0.9416,26
13,13,744.0,Low*Medium*NoStarvation,10,Low*Medium*NoStarvation,8.57,7.86,7,8,10,0.3846,0.0786,0.4,0.0385,-0.0393,-0.08,0.0115,0.0,-0.1077,-0.4707,-0.4768,0.9416,26
13,14,840.0,Low*Medium*NoStarvation,45,Medium*Medium*NoStarvation,7.86,41.29,8,7,42,0.4375,0.4129,0.35,0.0437,-0.2064,-0.07,0.0131,0.0,-0.2633,-0.648,-0.6532,0.9416,96
13,15,866.0,Medium*Medium*NoStarvation,10,Low*Medium*NoStarvation,41.29,6.86,7,7,9,0.3462,0.0686,0.35,0.0346,-0.0343,-0.07,0.0104,0.0,-0.0939,-0.4849,-0.4887,0.9416,26
13,16,892.0,Low*Medium*NoStarvation,10,Low*Medium*NoStarvation,6.86,8.71,7,7,9,0.3462,0.0871,0.35,0.0346,-0.0436,-0.07,0.0104,0.0,-0.1032,-0.4768,-0.4824,0.9416,26
13,17,958.0,Low*Medium*NoStarvation,30,Medium*Medium*NoStarvation,8.71,26.86,7,7,30,0.4545,0.2686,0.35,0.0455,-0.1343,-0.07,0.0136,0.0,-0.1906,-0.5904,-0.5944,0.9416,66
13,18,1004.0,Medium*Medium*NoStarvation,20,Low*Medium*NoStarvation,26.86,16.14,7,7,18,0.3913,0.1614,0.35,0.0391,-0.0807,-0.07,0.0117,0.0,-0.139,-0.5241,-0.529,0.9416,46
13,19,1070.0,Low*Medium*NoStarvation,30,Medium*Medium*NoStarvation,16.14,26.29,7,7,16,0.2424,0.2629,0.35,0.0242,-0.1314,-0.07,0.0073,0.0,-0.1942,-0.5944,-0.5983,0.9416,66
13,20,1136.0,Medium*Medium*NoStarvation,30,Medium*Medium*NoStarvation,26.29,26.0,7,7,15,0.2273,0.26,0.35,0.0227,-0.13,-0.07,0.0068,0.0,-0.1932,-0.553,-0.561,0.9416,66
13,21,1182.0,Medium*Medium*NoStarvation,20,Low*Medium*NoStarvation,26.0,15.71,7,7,10,0.2174,0.1571,0.35,0.0217,-0.0786,-0.07,0.0065,0.0,-0.142,-0.529,-0.5337,0.9416,46
13,22,1208.0,Low*Medium*NoStarvation,10,Low*Medium*NoStarvation,15.71,7.29,7,7,5,0.1923,0.0729,0.35,0.0192,-0.0364,-0.07,0.0058,0.0,-0.1007,-0.4824,-0.4876,0.9416,26
13,23,1234.0,Low*Medium*NoStarvation,10,Low*Medium*NoStarvation,7.29,7.0,7,7,5,0.1923,0.07,0.35,0.0192,-0.035,-0.07,0.0058,0.0,-0.0992,-0.4876,-0.4926,0.9416,26
13,24,1300.0,Low*Medium*NoStarvation,30,Medium*Medium*NoStarvation,7.0,26.71,7,7,15,0.2273,0.2671,0.35,0.0227,-0.1336,-0.07,0.0068,0.0,-0.1968,-0.5983,-0.6022,0.9416,66
13,25,1326.0,Medium*Medium*NoStarvation,10,Low*Medium*NoStarvation,26.71,7.0,7,7,4,0.1538,0.07,0.35,0.0154,-0.035,-0.07,0.0046,0.0,-0.1004,-0.4887,-0.4942,0.9416,26
13,26,1392.0,Low*Medium*NoStarvation,30,Medium*Medium*NoStarvation,7.0,27.29,7,7,15,0.2273,0.2729,0.35,0.0227,-0.1364,-0.07,0.0068,0.0,-0.1996,-0.6022,-0.6064,0.9416,66
13,27,1418.0,Medium*Medium*NoStarvation,10,Low*Medium*NoStarvation,27.29,8.86,7,7,4,0.1538,0.0886,0.35,0.0154,-0.0443,-0.07,0.0046,0.0,-0.1097,-0.4942,-0.5001,0.9416,26
13,28,1444.0,Low*Medium*NoStarvation,10,Low*Medium*NoStarvation,8.86,8.29,7,7,4,0.1538,0.0829,0.35,0.0154,-0.0414,-0.07,0.0046,0.0,-0.1068,-0.4926,-0.4984,0.9416,26
13,29,1490.0,Low*Medium*NoStarvation,20,Low*Medium*NoStarvation,8.29,15.0,7,7,10,0.2174,0.15,0.35,0.0217,-0.075,-0.07,0.0065,0.0,-0.1385,-0.504,-0.5123,0.9416,46
13,30,1516.0,Low*Medium*NoStarvation,10,Low*Medium*NoStarvation,15.0,6.71,7,7,5,0.1923,0.0671,0.35,0.0192,-0.0336,-0.07,0.0058,0.0,-0.0978,-0.4984,-0.5032,0.9416,26
13,31,1612.0,Low*Medium*NoStarvation,45,Medium*Medium*NoStarvation,6.71,40.0,7,7,23,0.2396,0.4,0.35,0.024,-0.2,-0.07,0.0072,0.0,-0.2628,-0.6532,-0.6592,0.9416,96
13,32,1708.0,Medium*Medium*NoStarvation,45,Medium*Medium*NoStarvation,40.0,40.14,7,7,23,0.2396,0.4014,0.35,0.024,-0.2007,-0.07,0.0072,0.0,-0.2635,-0.5104,-0.5308,0.9416,96
13,33,1774.0,Medium*Medium*NoStarvation,30,Medium*Medium*NoStarvation,40.14,26.57,7,7,15,0.2273,0.2657,0.35,0.0227,-0.1329,-0.07,0.0068,0.0,-0.196,-0.561,-0.5695,0.9416,66
13,34,1800.0,Medium*Medium*NoStarvation,10,Low*Medium*NoStarvation,26.57,8.43,7,7,4,0.1538,0.0843,0.35,0.0154,-0.0421,-0.07,0.0046,0.0,-0.1075,-0.5001,-0.5061,0.9416,26
13,35,1826.0,Low*Medium*NoStarvation,10,Low*Medium*NoStarvation,8.43,6.14,7,7,5,0.1923,0.0614,0.35,0.0192,-0.0307,-0.07,0.0058,0.0,-0.0949,-0.5032,-0.5077,0.9416,26
13,36,1892.0,Low*Medium*NoStarvation,30,Medium*Medium*NoStarvation,6.14,25.71,7,7,15,0.2273,0.2571,0.35,0.0227,-0.1286,-0.07,0.0068,0.0,-0.1918,-0.6064,-0.6105,0.9416,66
13,37,1988.0,Medium*Medium*NoStarvation,45,Medium*Medium*NoStarvation,25.71,39.86,7,7,23,0.2396,0.3986,0.35,0.024,-0.1993,-0.07,0.0072,0.0,-0.2621,-0.5308,-0.5494,0.9416,96
13,38,2054.0,Medium*Medium*NoStarvation,30,Medium*Medium*NoStarvation,39.86,26.0,7,7,15,0.2273,0.26,0.35,0.0227,-0.13,-0.07,0.0068,0.0,-0.1932,-0.5695,-0.5775,0.9416,66
13,39,2150.0,Medium*Medium*NoStarvation,45,Medium*Medium*NoStarvation,26.0,41.29,7,7,23,0.2396,0.4129,0.35,0.024,-0.2064,-0.07,0.0072,0.0,-0.2692,-0.5494,-0.567,0.9416,96
13,40,2246.0,Medium*Medium*NoStarvation,45,Medium*Medium*NoStarvation,41.29,39.14,7,7,23,0.2396,0.3914,0.35,0.024,-0.1957,-0.07,0.0072,0.0,-0.2585,-0.567,-0.5817,0.9416,96
13,41,2342.0,Medium*Medium*NoStarvation,45,Medium*Medium*NoStarvation,39.14,40.29,7,7,23,0.2396,0.4029,0.35,0.024,-0.2014,-0.07,0.0072,0.0,-0.2642,-0.5817,-0.5955,0.9416,96
13,42,2408.0,Medium*Medium*NoStarvation,30,Medium*Medium*NoStarvation,40.29,26.57,7,7,15,0.2273,0.2657,0.35,0.0227,-0.1329,-0.07,0.0068,0.0,-0.196,-0.5775,-0.5849,0.9416,66
13,43,2474.0,Medium*Medium*NoStarvation,30,Medium*Medium*NoStarvation,26.57,26.0,7,7,15,0.2273,0.26,0.35,0.0227,-0.13,-0.07,0.0068,0.0,-0.1932,-0.5849,-0.5913,0.9416,66
13,44,2540.0,Medium*Medium*NoStarvation,30,Medium*Medium*NoStarvation,26.0,27.0,7,7,15,0.2273,0.27,0.35,0.0227,-0.135,-0.07,0.0068,0.0,-0.1982,-0.5913,-0.5975,0.9416,66
13,45,2566.0,Medium*Medium*NoStarvation,10,Low*Medium*NoStarvation,27.0,9.0,7,7,4,0.1538,0.09,0.35,0.0154,-0.045,-0.07,0.0046,0.0,-0.1104,-0.5061,-0.5122,0.9416,26
13,46,2592.0,Low*Medium*NoStarvation,10,Low*Medium*NoStarvation,9.0,5.71,7,7,5,0.1923,0.0571,0.35,0.0192,-0.0286,-0.07,0.0058,0.0,-0.0928,-0.5077,-0.5119,0.9416,26
13,47,2638.0,Low*Medium*NoStarvation,20,Low*Medium*NoStarvation,5.71,19.0,7,7,9,0.1957,0.19,0.35,0.0196,-0.095,-0.07,0.0059,0.0,-0.1591,-0.5123,-0.523,0.9416,46
13,48,2684.0,Low*Medium*NoStarvation,20,Low*Low*NoStarvation,19.0,18.33,7,3,10,0.2174,0.1833,0.15,0.0217,-0.0917,-0.03,0.0065,0.0,-0.1151,-0.523,-0.4878,0.9416,46
13,49,2697.0,Low*Low*NoStarvation,30,Low*Low*NoStarvation,18.33,0.0,3,0,3,0.0455,0.0,0.0,0.0045,-0.0,-0.0,0.0014,0.0,0.0014,-0.0615,-0.0608,0.9416,66
14,0,96.0,Low*Low*NoStarvation,20,Low*Medium*NoStarvation,0.83,16.14,2,7,21,0.4565,0.1614,0.35,0.0457,-0.0807,-0.07,0.0137,0.0,-0.137,-0.1397,-0.1833,0.9369,46
14,1,162.0,Low*Medium*NoStarvation,30,Medium*Medium*NoStarvation,16.14,26.0,7,7,30,0.4545,0.26,0.35,0.0455,-0.13,-0.07,0.0136,0.0,-0.1864,-0.6105,-0.6142,0.9369,66
14,2,208.0,Medium*Medium*NoStarvation,20,Low*Medium*NoStarvation,26.0,16.43,7,7,20,0.4348,0.1643,0.35,0.0435,-0.0821,-0.07,0.013,0.0,-0.1391,-0.5337,-0.5382,0.9369,46
14,3,274.0,Low*Medium*NoStarvation,30,Medium*Medium*NoStarvation,16.43,25.29,7,7,30,0.4545,0.2529,0.35,0.0455,-0.1264,-0.07,0.0136,0.0,-0.1828,-0.6142,-0.6171,0.9369,66
14,4,340.0,Medium*Medium*NoStarvation,30,Medium*Medium*NoStarvation,25.29,26.71,7,7,29,0.4394,0.2671,0.35,0.0439,-0.1336,-0.07,0.0132,0.0,-0.1904,-0.5975,-0.6029,0.9369,66
14,5,406.0,Medium*Medium*NoStarvation,30,Medium*Medium*NoStarvation,26.71,25.29,7,7,29,0.4394,0.2529,0.35,0.0439,-0.1264,-0.07,0.0132,0.0,-0.1832,-0.6029,-0.607,0.9369,66
14,6,432.0,Medium*Medium*NoStarvation,10,Low*Medium*NoStarvation,25.29,5.57,7,7,9,0.3462,0.0557,0.35,0.0346,-0.0279,-0.07,0.0104,0.0,-0.0875,-0.5122,-0.5137,0.9369,26
14,7,498.0,Low*Medium*NoStarvation,30,Medium*Medium*NoStarvation,5.57,26.43,7,7,30,0.4545,0.2643,0.35,0.0455,-0.1321,-0.07,0.0136,0.0,-0.1885,-0.6171,-0.6205,0.9369,66
14,8,544.0,Medium*Medium*NoStarvation,20,Low*Medium*NoStarvation,26.43,17.0,7,7,19,0.413,0.17,0.35,0.0413,-0.085,-0.07,0.0124,0.0,-0.1426,-0.5382,-0.5425,0.9369,46
14,9,640.0,Low*Medium*NoStarvation,45,Medium*Medium*NoStarvation,17.0,42.29,7,7,41,0.4271,0.4229,0.35,0.0427,-0.2114,-0.07,0.0128,0.0,-0.2686,-0.6592,-0.6663,0.9369,96
14,10,706.0,Medium*Medium*NoStarvation,30,Medium*Medium*NoStarvation,42.29,27.29,7,7,28,0.4242,0.2729,0.35,0.0424,-0.1364,-0.07,0.0127,0.0,-0.1937,-0.607,-0.6119,0.9369,66
14,11,752.0,Medium*Medium*NoStarvation,20,Low*Medium*NoStarvation,27.29,17.29,7,7,19,0.413,0.1729,0.35,0.0413,-0.0864,-0.07,0.0124,0.0,-0.144,-0.5425,-0.5466,0.9369,46
14,12,848.0,Low*Medium*NoStarvation,45,Medium*Medium*NoStarvation,17.29,42.0,7,7,41,0.4271,0.42,0.35,0.0427,-0.21,-0.07,0.0128,0.0,-0.2672,-0.6663,-0.6726,0.9369,96
14,13,874.0,Medium*Medium*NoStarvation,10,Low*Medium*NoStarvation,42.0,6.86,7,7,9,0.3462,0.0686,0.35,0.0346,-0.0343,-0.07,0.0104,0.0,-0.0939,-0.5137,-0.5156,0.9369,26
14,14,920.0,Low*Medium*NoStarvation,20,Low*Medium*NoStarvation,6.86,15.86,7,7,20,0.4348,0.1586,0.35,0.0435,-0.0793,-0.07,0.013,0.0,-0.1362,-0.4878,-0.4965,0.9369,46
14,15,1016.0,Low*Medium*NoStarvation,45,Medium*Medium*NoStarvation,15.86,40.29,7,7,40,0.4167,0.4029,0.35,0.0417,-0.2014,-0.07,0.0125,0.0,-0.2589,-0.6726,-0.6777,0.9369,96
14,16,1082.0,Medium*Medium*NoStarvation,30,Medium*Medium*NoStarvation,40.29,26.71,7,7,15,0.2273,0.2671,0.35,0.0227,-0.1336,-0.07,0.0068,0.0,-0.1968,-0.6119,-0.6168,0.9369,66
14,17,1108.0,Medium*Medium*NoStarvation,10,Low*Medium*NoStarvation,26.71,9.71,7,7,4,0.1538,0.0971,0.35,0.0154,-0.0486,-0.07,0.0046,0.0,-0.114,-0.5156,-0.5201,0.9369,26
14,18,1204.0,Low*Medium*NoStarvation,45,Medium*Medium*NoStarvation,9.71,40.57,7,7,23,0.2396,0.4057,0.35,0.024,-0.2029,-0.07,0.0072,0.0,-0.2657,-0.6777,-0.6833,0.9369,96
14,19,1270.0,Medium*Medium*NoStarvation,30,Medium*Medium*NoStarvation,40.57,26.57,7,7,15,0.2273,0.2657,0.35,0.0227,-0.1329,-0.07,0.0068,0.0,-0.196,-0.6168,-0.6215,0.9369,66
14,20,1296.0,Medium*Medium*NoStarvation,10,Low*Medium*NoStarvation,26.57,6.0,7,7,5,0.1923,0.06,0.35,0.0192,-0.03,-0.07,0.0058,0.0,-0.0942,-0.5201,-0.5222,0.9369,26
14,21,1342.0,Low*Medium*NoStarvation,20,Low*Medium*NoStarvation,6.0,16.86,7,7,9,0.1957,0.1686,0.35,0.0196,-0.0843,-0.07,0.0059,0.0,-0.1484,-0.4965,-0.5064,0.9369,46
14,22,1388.0,Low*Medium*NoStarvation,20,Low*Medium*NoStarvation,16.86,16.29,7,7,10,0.2174,0.1629,0.35,0.0217,-0.0814,-0.07,0.0065,0.0,-0.1449,-0.5064,-0.5158,0.9369,46
14,23,1414.0,Low*Medium*NoStarvation,10,Low*Medium*NoStarvation,16.29,7.86,7,7,4,0.1538,0.0786,0.35,0.0154,-0.0393,-0.07,0.0046,0.0,-0.1047,-0.5119,-0.5172,0.9369,26
14,24,1480.0,Low*Medium*NoStarvation,30,Medium*Medium*NoStarvation,7.86,25.86,7,7,15,0.2273,0.2586,0.35,0.0227,-0.1293,-0.07,0.0068,0.0,-0.1925,-0.6205,-0.6247,0.9369,66
14,25,1506.0,Medium*Medium*NoStarvation,10,Low*Medium*NoStarvation,25.86,5.86,7,7,5,0.1923,0.0586,0.35,0.0192,-0.0293,-0.07,0.0058,0.0,-0.0935,-0.5222,-0.5258,0.9369,26
14,26,1552.0,Low*Medium*NoStarvation,20,Low*Medium*NoStarvation,5.86,17.29,7,7,10,0.2174,0.1729,0.35,0.0217,-0.0864,-0.07,0.0065,0.0,-0.1499,-0.5158,-0.5257,0.9369,46
14,27,1648.0,Low*Medium*NoStarvation,45,Medium*Medium*NoStarvation,17.29,41.71,7,7,22,0.2292,0.4171,0.35,0.0229,-0.2086,-0.07,0.0069,0.0,-0.2717,-0.6833,-0.6894,0.9369,96
14,28,1694.0,Medium*Medium*NoStarvation,20,Low*Medium*NoStarvation,41.71,15.29,7,7,10,0.2174,0.1529,0.35,0.0217,-0.0764,-0.07,0.0065,0.0,-0.1399,-0.5466,-0.5525,0.9369,46
14,29,1720.0,Low*Medium*NoStarvation,10,Low*Medium*NoStarvation,15.29,8.0,7,7,4,0.1538,0.08,0.35,0.0154,-0.04,-0.07,0.0046,0.0,-0.1054,-0.5172,-0.5226,0.9369,26
14,30,1786.0,Low*Medium*NoStarvation,30,Medium*Medium*NoStarvation,8.0,26.14,7,7,15,0.2273,0.2614,0.35,0.0227,-0.1307,-0.07,0.0068,0.0,-0.1939,-0.6247,-0.6289,0.9369,66
14,31,1832.0,Medium*Medium*NoStarvation,20,Low*Medium*NoStarvation,26.14,16.86,7,7,10,0.2174,0.1686,0.35,0.0217,-0.0843,-0.07,0.0065,0.0,-0.1478,-0.5525,-0.559,0.9369,46
14,32,1858.0,Low*Medium*NoStarvation,10,Low*Medium*NoStarvation,16.86,6.0,7,7,5,0.1923,0.06,0.35,0.0192,-0.03,-0.07,0.0058,0.0,-0.0942,-0.5226,-0.5268,0.9369,26
14,33,1924.0,Low*Medium*NoStarvation,30,Medium*Medium*NoStarvation,6.0,27.29,7,7,15,0.2273,0.2729,0.35,0.0227,-0.1364,-0.07,0.0068,0.0,-0.1996,-0.6289,-0.6333,0.9369,66
14,34,1990.0,Medium*Medium*NoStarvation,30,Medium*Medium*NoStarvation,27.29,25.14,7,7,16,0.2424,0.2514,0.35,0.0242,-0.1257,-0.07,0.0073,0.0,-0.1884,-0.6215,-0.6255,0.9369,66
14,35,2036.0,Medium*Medium*NoStarvation,20,Low*Medium*NoStarvation,25.14,16.86,7,7,10,0.2174,0.1686,0.35,0.0217,-0.0843,-0.07,0.0065,0.0,-0.1478,-0.559,-0.5652,0.9369,46
14,36,2082.0,Low*Medium*NoStarvation,20,Low*Medium*NoStarvation,16.86,16.71,7,7,10,0.2174,0.1671,0.35,0.0217,-0.0836,-0.07,0.0065,0.0,-0.147,-0.5257,-0.5351,0.9369,46
14,37,2108.0,Low*Medium*NoStarvation,10,Low*Medium*NoStarvation,16.71,5.71,7,7,5,0.1923,0.0571,0.35,0.0192,-0.0286,-0.07,0.0058,0.0,-0.0928,-0.5268,-0.5308,0.9369,26
14,38,2154.0,Low*Medium*NoStarvation,20,Low*Medium*NoStarvation,5.71,17.43,7,7,10,0.2174,0.1743,0.35,0.0217,-0.0871,-0.07,0.0065,0.0,-0.1506,-0.5351,-0.5444,0.9369,46
14,39,2220.0,Low*Medium*NoStarvation,30,Medium*Medium*NoStarvation,17.43,26.29,7,7,15,0.2273,0.2629,0.35,0.0227,-0.1314,-0.07,0.0068,0.0,-0.1946,-0.6333,-0.6368,0.9369,66
14,40,2246.0,Medium*Medium*NoStarvation,10,Low*Medium*NoStarvation,26.29,9.0,7,7,4,0.1538,0.09,0.35,0.0154,-0.045,-0.07,0.0046,0.0,-0.1104,-0.5258,-0.532,0.9369,26
14,41,2312.0,Low*Medium*NoStarvation,30,Medium*Medium*NoStarvation,9.0,26.71,7,7,15,0.2273,0.2671,0.35,0.0227,-0.1336,-0.07,0.0068,0.0,-0.1968,-0.6368,-0.6406,0.9369,66
14,42,2408.0,Medium*Medium*NoStarvation,45,Medium*Medium*NoStarvation,26.71,39.57,7,7,23,0.2396,0.3957,0.35,0.024,-0.1979,-0.07,0.0072,0.0,-0.2607,-0.5955,-0.6099,0.9369,96
14,43,2504.0,Medium*Medium*NoStarvation,45,Medium*Medium*NoStarvation,39.57,40.29,7,7,23,0.2396,0.4029,0.35,0.024,-0.2014,-0.07,0.0072,0.0,-0.2642,-0.6099,-0.6232,0.9369,96
14,44,2530.0,Medium*Medium*NoStarvation,10,Low*Medium*NoStarvation,40.29,6.57,7,7,5,0.1923,0.0657,0.35,0.0192,-0.0329,-0.07,0.0058,0.0,-0.0971,-0.532,-0.5363,0.9369,26
14,45,2556.0,Low*Medium*NoStarvation,10,Low*Medium*NoStarvation,6.57,6.14,7,7,5,0.1923,0.0614,0.35,0.0192,-0.0307,-0.07,0.0058,0.0,-0.0949,-0.5308,-0.535,0.9369,26
14,46,2582.0,Low*Medium*NoStarvation,10,Low*Medium*NoStarvation,6.14,8.14,7,7,4,0.1538,0.0814,0.35,0.0154,-0.0407,-0.07,0.0046,0.0,-0.1061,-0.535,-0.5402,0.9369,26
14,47,2608.0,Low*Medium*NoStarvation,10,Low*Medium*NoStarvation,8.14,6.0,7,7,5,0.1923,0.06,0.35,0.0192,-0.03,-0.07,0.0058,0.0,-0.0942,-0.5402,-0.5442,0.9369,26
14,48,2654.0,Low*Medium*NoStarvation,45,Low*Low*NoStarvation,6.0,0.0,7,0,20,0.2083,0.0,0.0,0.0208,-0.0,-0.0,0.0063,0.0,0.0063,-0.6894,-0.6253,0.9369,96
15,0,116.0,Low*Low*NoStarvation,30,Medium*Medium*NoStarvation,0.83,26.71,2,7,31,0.4697,0.2671,0.35,0.047,-0.1336,-0.07,0.0141,0.0,-0.1895,-0.0608,-0.1219,0.9322,66
15,1,182.0,Medium*Medium*NoStarvation,30,Medium*Medium*NoStarvation,26.71,26.43,7,7,30,0.4545,0.2643,0.35,0.0455,-0.1321,-0.07,0.0136,0.0,-0.1885,-0.6255,-0.6301,0.9322,66
15,2,228.0,Medium*Medium*NoStarvation,20,Low*Medium*NoStarvation,26.43,16.14,7,7,20,0.4348,0.1614,0.35,0.0435,-0.0807,-0.07,0.013,0.0,-0.1377,-0.5652,-0.5714,0.9322,46
15,3,274.0,Low*Medium*NoStarvation,20,Low*Medium*NoStarvation,16.14,15.86,7,7,20,0.4348,0.1586,0.35,0.0435,-0.0793,-0.07,0.013,0.0,-0.1362,-0.5444,-0.5526,0.9322,46
15,4,320.0,Low*Medium*NoStarvation,20,Low*Medium*NoStarvation,15.86,16.0,7,7,20,0.4348,0.16,0.35,0.0435,-0.08,-0.07,0.013,0.0,-0.137,-0.5526,-0.56,0.9322,46
15,5,416.0,Low*Medium*NoStarvation,45,Medium*Medium*NoStarvation,16.0,41.29,7,7,44,0.4583,0.4129,0.35,0.0458,-0.2064,-0.07,0.0137,0.0,-0.2627,-0.6253,-0.6373,0.9322,96
15,6,482.0,Medium*Medium*NoStarvation,30,Medium*Medium*NoStarvation,41.29,27.14,7,7,28,0.4242,0.2714,0.35,0.0424,-0.1357,-0.07,0.0127,0.0,-0.193,-0.6301,-0.6347,0.9322,66
15,7,578.0,Medium*Medium*NoStarvation,45,Medium*Medium*NoStarvation,27.14,40.57,7,7,42,0.4375,0.4057,0.35,0.0437,-0.2029,-0.07,0.0131,0.0,-0.2597,-0.6232,-0.6351,0.9322,96
15,8,674.0,Medium*Medium*NoStarvation,45,Medium*Medium*NoStarvation,40.57,42.71,7,7,41,0.4271,0.4271,0.35,0.0427,-0.2136,-0.07,0.0128,0.0,-0.2708,-0.6351,-0.6469,0.9322,96
15,9,740.0,Medium*Medium*NoStarvation,30,Medium*Medium*NoStarvation,42.71,26.29,7,7,28,0.4242,0.2629,0.35,0.0424,-0.1314,-0.07,0.0127,0.0,-0.1887,-0.6347,-0.6383,0.9322,66
15,10,766.0,Medium*Medium*NoStarvation,10,Low*Medium*NoStarvation,26.29,8.86,7,7,7,0.2692,0.0886,0.35,0.0269,-0.0443,-0.07,0.0081,0.0,-0.1062,-0.5363,-0.5423,0.9322,26
15,11,832.0,Low*Medium*NoStarvation,30,Medium*Medium*NoStarvation,8.86,25.71,7,7,29,0.4394,0.2571,0.35,0.0439,-0.1286,-0.07,0.0132,0.0,-0.1854,-0.6406,-0.6439,0.9322,66
15,12,898.0,Medium*Medium*NoStarvation,30,Medium*Medium*NoStarvation,25.71,26.14,7,7,29,0.4394,0.2614,0.35,0.0439,-0.1307,-0.07,0.0132,0.0,-0.1875,-0.6383,-0.6421,0.9322,66
15,13,924.0,Medium*Medium*NoStarvation,10,Low*Medium*NoStarvation,26.14,9.29,7,7,8,0.3077,0.0929,0.35,0.0308,-0.0464,-0.07,0.0092,0.0,-0.1072,-0.5423,-0.5477,0.9322,26
15,14,950.0,Low*Medium*NoStarvation,10,Low*Medium*NoStarvation,9.29,9.71,7,7,8,0.3077,0.0971,0.35,0.0308,-0.0486,-0.07,0.0092,0.0,-0.1093,-0.5442,-0.5497,0.9322,26
15,15,1046.0,Low*Medium*NoStarvation,45,Medium*Medium*NoStarvation,9.71,40.71,7,7,36,0.375,0.4071,0.35,0.0375,-0.2036,-0.07,0.0112,0.0,-0.2623,-0.6373,-0.6491,0.9322,96
15,16,1112.0,Medium*Medium*NoStarvation,30,Medium*Medium*NoStarvation,40.71,25.43,7,7,15,0.2273,0.2543,0.35,0.0227,-0.1271,-0.07,0.0068,0.0,-0.1903,-0.6421,-0.6462,0.9322,66
15,17,1158.0,Medium*Medium*NoStarvation,20,Low*Medium*NoStarvation,25.43,15.29,7,7,10,0.2174,0.1529,0.35,0.0217,-0.0764,-0.07,0.0065,0.0,-0.1399,-0.5714,-0.5778,0.9322,46
15,18,1254.0,Low*Medium*NoStarvation,45,Medium*Medium*NoStarvation,15.29,42.57,7,7,22,0.2292,0.4257,0.35,0.0229,-0.2129,-0.07,0.0069,0.0,-0.276,-0.6491,-0.6611,0.9322,96
15,19,1350.0,Medium*Medium*NoStarvation,45,Medium*Medium*NoStarvation,42.57,41.57,7,7,23,0.2396,0.4157,0.35,0.024,-0.2079,-0.07,0.0072,0.0,-0.2707,-0.6469,-0.6586,0.9322,96
15,20,1416.0,Medium*Medium*NoStarvation,30,Medium*Medium*NoStarvation,41.57,25.0,7,7,15,0.2273,0.25,0.35,0.0227,-0.125,-0.07,0.0068,0.0,-0.1882,-0.6462,-0.6497,0.9322,66
15,21,1442.0,Medium*Medium*NoStarvation,10,Low*Medium*NoStarvation,25.0,7.57,7,7,4,0.1538,0.0757,0.35,0.0154,-0.0379,-0.07,0.0046,0.0,-0.1032,-0.5477,-0.5528,0.9322,26
15,22,1508.0,Low*Medium*NoStarvation,30,Medium*Medium*NoStarvation,7.57,25.0,7,7,15,0.2273,0.25,0.35,0.0227,-0.125,-0.07,0.0068,0.0,-0.1882,-0.6439,-0.6481,0.9322,66
15,23,1554.0,Medium*Medium*NoStarvation,20,Low*Medium*NoStarvation,25.0,15.86,7,7,10,0.2174,0.1586,0.35,0.0217,-0.0793,-0.07,0.0065,0.0,-0.1428,-0.5778,-0.5837,0.9322,46
15,24,1600.0,Low*Medium*NoStarvation,20,Low*Medium*NoStarvation,15.86,16.14,7,7,11,0.2391,0.1614,0.35,0.0239,-0.0807,-0.07,0.0072,0.0,-0.1435,-0.56,-0.5678,0.9322,46
15,25,1666.0,Low*Medium*NoStarvation,30,Medium*Medium*NoStarvation,16.14,25.43,7,7,15,0.2273,0.2543,0.35,0.0227,-0.1271,-0.07,0.0068,0.0,-0.1903,-0.6481,-0.6521,0.9322,66
15,26,1712.0,Medium*Medium*NoStarvation,20,Low*Medium*NoStarvation,25.43,17.0,7,7,10,0.2174,0.17,0.35,0.0217,-0.085,-0.07,0.0065,0.0,-0.1485,-0.5837,-0.5897,0.9322,46
15,27,1738.0,Low*Medium*NoStarvation,10,Low*Medium*NoStarvation,17.0,6.43,7,7,5,0.1923,0.0643,0.35,0.0192,-0.0321,-0.07,0.0058,0.0,-0.0964,-0.5497,-0.5539,0.9322,26
15,28,1784.0,Low*Medium*NoStarvation,20,Low*Medium*NoStarvation,6.43,16.71,7,7,10,0.2174,0.1671,0.35,0.0217,-0.0836,-0.07,0.0065,0.0,-0.147,-0.5678,-0.5756,0.9322,46
15,29,1850.0,Low*Medium*NoStarvation,30,Medium*Medium*NoStarvation,16.71,25.43,7,7,15,0.2273,0.2543,0.35,0.0227,-0.1271,-0.07,0.0068,0.0,-0.1903,-0.6521,-0.6556,0.9322,66
15,30,1896.0,Medium*Medium*NoStarvation,20,Low*Medium*NoStarvation,25.43,15.57,7,7,10,0.2174,0.1557,0.35,0.0217,-0.0779,-0.07,0.0065,0.0,-0.1413,-0.5897,-0.5947,0.9322,46
15,31,1922.0,Low*Medium*NoStarvation,10,Low*Medium*NoStarvation,15.57,7.14,7,7,5,0.1923,0.0714,0.35,0.0192,-0.0357,-0.07,0.0058,0.0,-0.0999,-0.5539,-0.5583,0.9322,26
15,32,2018.0,Low*Medium*NoStarvation,45,Medium*Medium*NoStarvation,7.14,40.29,7,7,23,0.2396,0.4029,0.35,0.024,-0.2014,-0.07,0.0072,0.0,-0.2642,-0.6611,-0.6712,0.9322,96
15,33,2084.0,Medium*Medium*NoStarvation,30,Medium*Medium*NoStarvation,40.29,26.14,7,7,15,0.2273,0.2614,0.35,0.0227,-0.1307,-0.07,0.0068,0.0,-0.1939,-0.6497,-0.6538,0.9322,66
15,34,2110.0,Medium*Medium*NoStarvation,10,Low*Medium*NoStarvation,26.14,6.29,7,7,5,0.1923,0.0629,0.35,0.0192,-0.0314,-0.07,0.0058,0.0,-0.0957,-0.5528,-0.5573,0.9322,26
15,35,2176.0,Low*Medium*NoStarvation,30,Medium*Medium*NoStarvation,6.29,26.86,7,7,15,0.2273,0.2686,0.35,0.0227,-0.1343,-0.07,0.0068,0.0,-0.1975,-0.6556,-0.66,0.9322,66
15,36,2272.0,Medium*Medium*NoStarvation,45,Medium*Medium*NoStarvation,26.86,39.86,7,7,23,0.2396,0.3986,0.35,0.024,-0.1993,-0.07,0.0072,0.0,-0.2621,-0.6586,-0.6691,0.9322,96
15,37,2318.0,Medium*Medium*NoStarvation,20,Low*Medium*NoStarvation,39.86,16.71,7,7,10,0.2174,0.1671,0.35,0.0217,-0.0836,-0.07,0.0065,0.0,-0.147,-0.5947,-0.6002,0.9322,46
15,38,2414.0,Low*Medium*NoStarvation,45,Medium*Medium*NoStarvation,16.71,41.71,7,7,22,0.2292,0.4171,0.35,0.0229,-0.2086,-0.07,0.0069,0.0,-0.2717,-0.6712,-0.6814,0.9322,96
15,39,2480.0,Medium*Medium*NoStarvation,30,Medium*Medium*NoStarvation,41.71,26.57,7,7,15,0.2273,0.2657,0.35,0.0227,-0.1329,-0.07,0.0068,0.0,-0.196,-0.6538,-0.6582,0.9322,66
15,40,2506.0,Medium*Medium*NoStarvation,10,Low*Medium*NoStarvation,26.57,4.71,7,6,5,0.1923,0.0471,0.3,0.0192,-0.0236,-0.06,0.0058,0.0,-0.0778,-0.5573,-0.5596,0.9322,26
15,41,2552.0,Low*Medium*NoStarvation,20,Low*Medium*NoStarvation,4.71,17.29,6,7,10,0.2174,0.1729,0.35,0.0217,-0.0864,-0.07,0.0065,0.0,-0.1499,-0.5756,-0.5833,0.9322,46
15,42,2618.0,Low*Medium*NoStarvation,30,Medium*Medium*NoStarvation,17.29,26.43,7,7,15,0.2273,0.2643,0.35,0.0227,-0.1321,-0.07,0.0068,0.0,-0.1953,-0.66,-0.6639,0.9322,66
15,43,2639.0,Medium*Medium*NoStarvation,30,Low*Low*NoStarvation,26.43,0.0,7,0,7,0.1061,0.0,0.0,0.0106,-0.0,-0.0,0.0032,0.0,0.0032,-0.6582,-0.5988,0.9322,66
16,0,96.0,Low*Low*NoStarvation,20,Low*Medium*NoStarvation,0.83,16.14,2,7,21,0.4565,0.1614,0.35,0.0457,-0.0807,-0.07,0.0137,0.0,-0.137,-0.1833,-0.2289,0.9276,46
16,1,142.0,Low*Medium*NoStarvation,20,Low*Medium*NoStarvation,16.14,16.14,7,7,20,0.4348,0.1614,0.35,0.0435,-0.0807,-0.07,0.013,0.0,-0.1377,-0.5833,-0.589,0.9276,46
16,2,238.0,Low*Medium*NoStarvation,45,Medium*Medium*NoStarvation,16.14,40.0,7,7,46,0.4792,0.4,0.35,0.0479,-0.2,-0.07,0.0144,0.0,-0.2556,-0.6814,-0.6892,0.9276,96
16,3,284.0,Medium*Medium*NoStarvation,20,Low*Medium*NoStarvation,40.0,16.43,7,7,20,0.4348,0.1643,0.35,0.0435,-0.0821,-0.07,0.013,0.0,-0.1391,-0.6002,-0.6043,0.9276,46
16,4,350.0,Low*Medium*NoStarvation,30,Medium*Medium*NoStarvation,16.43,24.57,7,7,31,0.4697,0.2457,0.35,0.047,-0.1229,-0.07,0.0141,0.0,-0.1788,-0.6639,-0.6657,0.9276,66
16,5,376.0,Medium*Medium*NoStarvation,10,Low*Medium*NoStarvation,24.57,5.86,7,6,8,0.3077,0.0586,0.3,0.0308,-0.0293,-0.06,0.0092,0.0,-0.0801,-0.5596,-0.5619,0.9276,26
16,6,442.0,Low*Medium*NoStarvation,30,Medium*Medium*NoStarvation,5.86,25.43,6,7,30,0.4545,0.2543,0.35,0.0455,-0.1271,-0.07,0.0136,0.0,-0.1835,-0.6657,-0.6681,0.9276,66
16,7,538.0,Medium*Medium*NoStarvation,45,Medium*Medium*NoStarvation,25.43,42.14,7,7,41,0.4271,0.4214,0.35,0.0427,-0.2107,-0.07,0.0128,0.0,-0.2679,-0.6691,-0.6796,0.9276,96
16,8,564.0,Medium*Medium*NoStarvation,10,Low*Medium*NoStarvation,42.14,6.43,7,7,10,0.3846,0.0643,0.35,0.0385,-0.0321,-0.07,0.0115,0.0,-0.0906,-0.5619,-0.565,0.9276,26
16,9,630.0,Low*Medium*NoStarvation,30,Medium*Medium*NoStarvation,6.43,25.86,7,7,29,0.4394,0.2586,0.35,0.0439,-0.1293,-0.07,0.0132,0.0,-0.1861,-0.6681,-0.6707,0.9276,66
16,10,696.0,Medium*Medium*NoStarvation,30,Medium*Medium*NoStarvation,25.86,27.29,7,7,27,0.4091,0.2729,0.35,0.0409,-0.1364,-0.07,0.0123,0.0,-0.1942,-0.5988,-0.6092,0.9276,66
16,11,722.0,Medium*Medium*NoStarvation,10,Low*Medium*NoStarvation,27.29,7.43,7,7,8,0.3077,0.0743,0.35,0.0308,-0.0371,-0.07,0.0092,0.0,-0.0979,-0.565,-0.5686,0.9276,26
16,12,788.0,Low*Medium*NoStarvation,30,Medium*Medium*NoStarvation,7.43,25.43,7,7,31,0.4697,0.2543,0.35,0.047,-0.1271,-0.07,0.0141,0.0,-0.1831,-0.6707,-0.6731,0.9276,66
16,13,834.0,Medium*Medium*NoStarvation,20,Low*Medium*NoStarvation,25.43,18.14,7,7,18,0.3913,0.1814,0.35,0.0391,-0.0907,-0.07,0.0117,0.0,-0.149,-0.6043,-0.609,0.9276,46
16,14,860.0,Low*Medium*NoStarvation,10,Low*Medium*NoStarvation,18.14,7.71,7,7,8,0.3077,0.0771,0.35,0.0308,-0.0386,-0.07,0.0092,0.0,-0.0993,-0.5583,-0.5627,0.9276,26
16,15,886.0,Low*Medium*NoStarvation,10,Low*Medium*NoStarvation,7.71,6.0,7,7,10,0.3846,0.06,0.35,0.0385,-0.03,-0.07,0.0115,0.0,-0.0885,-0.5627,-0.5659,0.9276,26
16,16,952.0,Low*Medium*NoStarvation,30,Medium*Medium*NoStarvation,6.0,25.43,7,7,29,0.4394,0.2543,0.35,0.0439,-0.1271,-0.07,0.0132,0.0,-0.184,-0.6731,-0.6754,0.9276,66
16,17,998.0,Medium*Medium*NoStarvation,20,Low*Medium*NoStarvation,25.43,15.86,7,7,19,0.413,0.1586,0.35,0.0413,-0.0793,-0.07,0.0124,0.0,-0.1369,-0.609,-0.6128,0.9276,46
16,18,1094.0,Low*Medium*NoStarvation,45,Medium*Medium*NoStarvation,15.86,40.0,7,7,25,0.2604,0.4,0.35,0.026,-0.2,-0.07,0.0078,0.0,-0.2622,-0.6892,-0.6976,0.9276,96
16,19,1140.0,Medium*Medium*NoStarvation,20,Low*Medium*NoStarvation,40.0,16.43,7,7,10,0.2174,0.1643,0.35,0.0217,-0.0821,-0.07,0.0065,0.0,-0.1456,-0.6128,-0.617,0.9276,46
16,20,1166.0,Low*Medium*NoStarvation,10,Low*Medium*NoStarvation,16.43,6.86,7,7,5,0.1923,0.0686,0.35,0.0192,-0.0343,-0.07,0.0058,0.0,-0.0985,-0.5659,-0.5701,0.9276,26
16,21,1212.0,Low*Medium*NoStarvation,20,Low*Medium*NoStarvation,6.86,16.14,7,7,10,0.2174,0.1614,0.35,0.0217,-0.0807,-0.07,0.0065,0.0,-0.1442,-0.589,-0.5958,0.9276,46
16,22,1258.0,Low*Medium*NoStarvation,20,Low*Medium*NoStarvation,16.14,16.43,7,7,10,0.2174,0.1643,0.35,0.0217,-0.0821,-0.07,0.0065,0.0,-0.1456,-0.5958,-0.6021,0.9276,46
16,23,1354.0,Low*Medium*NoStarvation,45,Medium*Medium*NoStarvation,16.43,40.57,7,7,22,0.2292,0.4057,0.35,0.0229,-0.2029,-0.07,0.0069,0.0,-0.266,-0.6976,-0.7057,0.9276,96
16,24,1380.0,Medium*Medium*NoStarvation,10,Low*Medium*NoStarvation,40.57,7.29,7,7,5,0.1923,0.0729,0.35,0.0192,-0.0364,-0.07,0.0058,0.0,-0.1007,-0.5686,-0.5731,0.9276,26
16,25,1406.0,Low*Medium*NoStarvation,10,Low*Medium*NoStarvation,7.29,5.86,7,7,5,0.1923,0.0586,0.35,0.0192,-0.0293,-0.07,0.0058,0.0,-0.0935,-0.5701,-0.5737,0.9276,26
16,26,1502.0,Low*Medium*NoStarvation,45,Medium*Medium*NoStarvation,5.86,42.57,7,7,22,0.2292,0.4257,0.35,0.0229,-0.2129,-0.07,0.0069,0.0,-0.276,-0.7057,-0.7143,0.9276,96
16,27,1528.0,Medium*Medium*NoStarvation,10,Low*Medium*NoStarvation,42.57,8.71,7,7,4,0.1538,0.0871,0.35,0.0154,-0.0436,-0.07,0.0046,0.0,-0.109,-0.5731,-0.5783,0.9276,26
16,28,1554.0,Low*Medium*NoStarvation,10,Low*Medium*NoStarvation,8.71,8.57,7,7,4,0.1538,0.0857,0.35,0.0154,-0.0429,-0.07,0.0046,0.0,-0.1082,-0.5737,-0.5788,0.9276,26
16,29,1580.0,Low*Medium*NoStarvation,10,Low*Medium*NoStarvation,8.57,6.57,7,7,5,0.1923,0.0657,0.35,0.0192,-0.0329,-0.07,0.0058,0.0,-0.0971,-0.5788,-0.5828,0.9276,26
16,30,1676.0,Low*Medium*NoStarvation,45,Medium*Medium*NoStarvation,6.57,42.14,7,7,22,0.2292,0.4214,0.35,0.0229,-0.2107,-0.07,0.0069,0.0,-0.2738,-0.7143,-0.7223,0.9276,96
16,31,1742.0,Medium*Medium*NoStarvation,30,Medium*Medium*NoStarvation,42.14,25.14,7,7,15,0.2273,0.2514,0.35,0.0227,-0.1257,-0.07,0.0068,0.0,-0.1889,-0.6092,-0.6192,0.9276,66
16,32,1788.0,Medium*Medium*NoStarvation,20,Low*Medium*NoStarvation,25.14,17.29,7,7,10,0.2174,0.1729,0.35,0.0217,-0.0864,-0.07,0.0065,0.0,-0.1499,-0.617,-0.6227,0.9276,46
16,33,1884.0,Low*Medium*NoStarvation,45,Medium*Medium*NoStarvation,17.29,41.71,7,7,23,0.2396,0.4171,0.35,0.024,-0.2086,-0.07,0.0072,0.0,-0.2714,-0.7223,-0.7292,0.9276,96
16,34,1980.0,Medium*Medium*NoStarvation,45,Medium*Medium*NoStarvation,41.71,41.43,7,7,23,0.2396,0.4143,0.35,0.024,-0.2071,-0.07,0.0072,0.0,-0.27,-0.6796,-0.6907,0.9276,96
16,35,2026.0,Medium*Medium*NoStarvation,20,Low*Medium*NoStarvation,41.43,16.57,7,7,10,0.2174,0.1657,0.35,0.0217,-0.0829,-0.07,0.0065,0.0,-0.1463,-0.6227,-0.6275,0.9276,46
16,36,2122.0,Low*Medium*NoStarvation,45,Medium*Medium*NoStarvation,16.57,39.57,7,7,23,0.2396,0.3957,0.35,0.024,-0.1979,-0.07,0.0072,0.0,-0.2607,-0.7292,-0.7344,0.9276,96
16,37,2148.0,Medium*Medium*NoStarvation,10,Low*Medium*NoStarvation,39.57,8.57,7,7,4,0.1538,0.0857,0.35,0.0154,-0.0429,-0.07,0.0046,0.0,-0.1082,-0.5783,-0.5837,0.9276,26
16,38,2244.0,Low*Medium*NoStarvation,45,Medium*Medium*NoStarvation,8.57,41.86,7,7,22,0.2292,0.4186,0.35,0.0229,-0.2093,-0.07,0.0069,0.0,-0.2724,-0.7344,-0.7408,0.9276,96
16,39,2270.0,Medium*Medium*NoStarvation,10,Low*Medium*NoStarvation,41.86,5.43,7,6,5,0.1923,0.0543,0.3,0.0192,-0.0271,-0.06,0.0058,0.0,-0.0814,-0.5837,-0.586,0.9276,26
16,40,2316.0,Low*Medium*NoStarvation,20,Low*Medium*NoStarvation,5.43,15.57,6,7,10,0.2174,0.1557,0.35,0.0217,-0.0779,-0.07,0.0065,0.0,-0.1413,-0.6021,-0.6085,0.9276,46
16,41,2382.0,Low*Medium*NoStarvation,30,Medium*Medium*NoStarvation,15.57,27.57,7,7,15,0.2273,0.2757,0.35,0.0227,-0.1379,-0.07,0.0068,0.0,-0.201,-0.6754,-0.6807,0.9276,66
16,42,2448.0,Medium*Medium*NoStarvation,30,Medium*Medium*NoStarvation,27.57,25.71,7,7,15,0.2273,0.2571,0.35,0.0227,-0.1286,-0.07,0.0068,0.0,-0.1918,-0.6192,-0.6292,0.9276,66
16,43,2494.0,Medium*Medium*NoStarvation,20,Low*Medium*NoStarvation,25.71,16.14,7,7,10,0.2174,0.1614,0.35,0.0217,-0.0807,-0.07,0.0065,0.0,-0.1442,-0.6275,-0.6316,0.9276,46
16,44,2560.0,Low*Medium*NoStarvation,30,Medium*Medium*NoStarvation,16.14,26.57,7,7,15,0.2273,0.2657,0.35,0.0227,-0.1329,-0.07,0.0068,0.0,-0.196,-0.6807,-0.685,0.9276,66
16,45,2656.0,Medium*Medium*NoStarvation,45,Medium*Low*NoStarvation,26.57,46.0,7,3,23,0.2396,0.46,0.15,0.024,-0.23,-0.03,0.0072,0.0,-0.2528,-0.6907,-0.6469,0.9276,96
16,46,2668.0,Medium*Low*NoStarvation,30,Low*Low*NoStarvation,46.0,0.0,3,0,3,0.0455,0.0,0.0,0.0045,-0.0,-0.0,0.0014,0.0,0.0014,0.0,-0.0066,0.9276,66
17,0,116.0,Low*Low*NoStarvation,30,Medium*Medium*NoStarvation,0.83,26.71,2,7,31,0.4697,0.2671,0.35,0.047,-0.1336,-0.07,0.0141,0.0,-0.1895,-0.1219,-0.1814,0.9229,66
17,1,212.0,Medium*Medium*NoStarvation,45,Medium*Medium*NoStarvation,26.71,41.0,7,7,46,0.4792,0.41,0.35,0.0479,-0.205,-0.07,0.0144,0.0,-0.2606,-0.6469,-0.661,0.9229,96
17,2,258.0,Medium*Medium*NoStarvation,20,Low*Medium*NoStarvation,41.0,14.43,7,7,21,0.4565,0.1443,0.35,0.0457,-0.0721,-0.07,0.0137,0.0,-0.1284,-0.6316,-0.6338,0.9229,46
17,3,284.0,Low*Medium*NoStarvation,10,Low*Medium*NoStarvation,14.43,5.71,7,6,9,0.3462,0.0571,0.3,0.0346,-0.0286,-0.06,0.0104,0.0,-0.0782,-0.5828,-0.5847,0.9229,26
17,4,350.0,Low*Medium*NoStarvation,30,Medium*Medium*NoStarvation,5.71,27.29,6,7,30,0.4545,0.2729,0.35,0.0455,-0.1364,-0.07,0.0136,0.0,-0.1928,-0.685,-0.6885,0.9229,66
17,5,446.0,Medium*Medium*NoStarvation,45,Medium*Medium*NoStarvation,27.29,40.86,7,7,43,0.4479,0.4086,0.35,0.0448,-0.2043,-0.07,0.0134,0.0,-0.2608,-0.661,-0.6737,0.9229,96
17,6,542.0,Medium*Medium*NoStarvation,45,Medium*Medium*NoStarvation,40.86,40.29,7,7,42,0.4375,0.4029,0.35,0.0437,-0.2014,-0.07,0.0131,0.0,-0.2583,-0.6737,-0.6849,0.9229,96
17,7,588.0,Medium*Medium*NoStarvation,20,Low*Medium*NoStarvation,40.29,17.43,7,7,20,0.4348,0.1743,0.35,0.0435,-0.0871,-0.07,0.013,0.0,-0.1441,-0.6338,-0.6374,0.9229,46
17,8,654.0,Low*Medium*NoStarvation,30,Medium*Medium*NoStarvation,17.43,25.43,7,7,29,0.4394,0.2543,0.35,0.0439,-0.1271,-0.07,0.0132,0.0,-0.184,-0.6885,-0.6908,0.9229,66
17,9,680.0,Medium*Medium*NoStarvation,10,Low*Medium*NoStarvation,25.43,7.57,7,7,8,0.3077,0.0757,0.35,0.0308,-0.0379,-0.07,0.0092,0.0,-0.0986,-0.586,-0.5898,0.9229,26
17,10,726.0,Low*Medium*NoStarvation,20,Low*Medium*NoStarvation,7.57,16.0,7,7,19,0.413,0.16,0.35,0.0413,-0.08,-0.07,0.0124,0.0,-0.1376,-0.6085,-0.614,0.9229,46
17,11,792.0,Low*Medium*NoStarvation,30,Medium*Medium*NoStarvation,16.0,26.14,7,7,29,0.4394,0.2614,0.35,0.0439,-0.1307,-0.07,0.0132,0.0,-0.1875,-0.6908,-0.6935,0.9229,66
17,12,858.0,Medium*Medium*NoStarvation,30,Medium*Medium*NoStarvation,26.14,25.57,7,7,29,0.4394,0.2557,0.35,0.0439,-0.1279,-0.07,0.0132,0.0,-0.1847,-0.6292,-0.6378,0.9229,66
17,13,954.0,Medium*Medium*NoStarvation,45,Medium*Medium*NoStarvation,25.57,39.57,7,7,42,0.4375,0.3957,0.35,0.0437,-0.1979,-0.07,0.0131,0.0,-0.2547,-0.6849,-0.695,0.9229,96
17,14,1000.0,Medium*Medium*NoStarvation,20,Low*Medium*NoStarvation,39.57,15.86,7,7,18,0.3913,0.1586,0.35,0.0391,-0.0793,-0.07,0.0117,0.0,-0.1375,-0.6374,-0.6401,0.9229,46
17,15,1026.0,Low*Medium*NoStarvation,10,Low*Medium*NoStarvation,15.86,6.57,7,7,7,0.2692,0.0657,0.35,0.0269,-0.0329,-0.07,0.0081,0.0,-0.0948,-0.5847,-0.5884,0.9229,26
17,16,1052.0,Low*Medium*NoStarvation,10,Low*Medium*NoStarvation,6.57,7.14,7,7,4,0.1538,0.0714,0.35,0.0154,-0.0357,-0.07,0.0046,0.0,-0.1011,-0.5884,-0.5926,0.9229,26
17,17,1078.0,Low*Medium*NoStarvation,10,Low*Medium*NoStarvation,7.14,8.0,7,7,4,0.1538,0.08,0.35,0.0154,-0.04,-0.07,0.0046,0.0,-0.1054,-0.5926,-0.5972,0.9229,26
17,18,1144.0,Low*Medium*NoStarvation,30,Medium*Medium*NoStarvation,8.0,26.14,7,7,15,0.2273,0.2614,0.35,0.0227,-0.1307,-0.07,0.0068,0.0,-0.1939,-0.6935,-0.6966,0.9229,66
17,19,1170.0,Medium*Medium*NoStarvation,10,Low*Medium*NoStarvation,26.14,6.14,7,6,5,0.1923,0.0614,0.3,0.0192,-0.0307,-0.06,0.0058,0.0,-0.0849,-0.5898,-0.5931,0.9229,26
17,20,1216.0,Low*Medium*NoStarvation,20,Low*Medium*NoStarvation,6.14,15.43,6,7,10,0.2174,0.1543,0.35,0.0217,-0.0771,-0.07,0.0065,0.0,-0.1406,-0.614,-0.6204,0.9229,46
17,21,1242.0,Low*Medium*NoStarvation,10,Low*Medium*NoStarvation,15.43,8.71,7,7,4,0.1538,0.0871,0.35,0.0154,-0.0436,-0.07,0.0046,0.0,-0.109,-0.5972,-0.6021,0.9229,26
17,22,1308.0,Low*Medium*NoStarvation,30,Medium*Medium*NoStarvation,8.71,26.0,7,7,15,0.2273,0.26,0.35,0.0227,-0.13,-0.07,0.0068,0.0,-0.1932,-0.6966,-0.6997,0.9229,66
17,23,1334.0,Medium*Medium*NoStarvation,10,Low*Medium*NoStarvation,26.0,8.14,7,7,4,0.1538,0.0814,0.35,0.0154,-0.0407,-0.07,0.0046,0.0,-0.1061,-0.5931,-0.5986,0.9229,26
17,24,1430.0,Low*Medium*NoStarvation,45,Medium*Medium*NoStarvation,8.14,41.29,7,7,22,0.2292,0.4129,0.35,0.0229,-0.2064,-0.07,0.0069,0.0,-0.2696,-0.7408,-0.7475,0.9229,96
17,25,1456.0,Medium*Medium*NoStarvation,10,Low*Medium*NoStarvation,41.29,7.57,7,7,4,0.1538,0.0757,0.35,0.0154,-0.0379,-0.07,0.0046,0.0,-0.1032,-0.5986,-0.6033,0.9229,26
17,26,1482.0,Low*Medium*NoStarvation,10,Low*Medium*NoStarvation,7.57,8.29,7,7,4,0.1538,0.0829,0.35,0.0154,-0.0414,-0.07,0.0046,0.0,-0.1068,-0.6021,-0.6068,0.9229,26
17,27,1578.0,Low*Medium*NoStarvation,45,Medium*Medium*NoStarvation,8.29,40.71,7,7,23,0.2396,0.4071,0.35,0.024,-0.2036,-0.07,0.0072,0.0,-0.2664,-0.7475,-0.7537,0.9229,96
17,28,1624.0,Medium*Medium*NoStarvation,20,Low*Medium*NoStarvation,40.71,15.43,7,7,10,0.2174,0.1543,0.35,0.0217,-0.0771,-0.07,0.0065,0.0,-0.1406,-0.6401,-0.6447,0.9229,46
17,29,1650.0,Low*Medium*NoStarvation,10,Low*Medium*NoStarvation,15.43,7.14,7,7,4,0.1538,0.0714,0.35,0.0154,-0.0357,-0.07,0.0046,0.0,-0.1011,-0.6068,-0.6108,0.9229,26
17,30,1716.0,Low*Medium*NoStarvation,30,Medium*Medium*NoStarvation,7.14,25.29,7,7,15,0.2273,0.2529,0.35,0.0227,-0.1264,-0.07,0.0068,0.0,-0.1896,-0.6997,-0.703,0.9229,66
17,31,1742.0,Medium*Medium*NoStarvation,10,Low*Medium*NoStarvation,25.29,6.29,7,7,5,0.1923,0.0629,0.35,0.0192,-0.0314,-0.07,0.0058,0.0,-0.0957,-0.6033,-0.6075,0.9229,26
17,32,1808.0,Low*Medium*NoStarvation,30,Medium*Medium*NoStarvation,6.29,25.86,7,7,15,0.2273,0.2586,0.35,0.0227,-0.1293,-0.07,0.0068,0.0,-0.1925,-0.703,-0.7066,0.9229,66
17,33,1854.0,Medium*Medium*NoStarvation,20,Low*Medium*NoStarvation,25.86,17.0,7,7,10,0.2174,0.17,0.35,0.0217,-0.085,-0.07,0.0065,0.0,-0.1485,-0.6447,-0.6501,0.9229,46
17,34,1880.0,Low*Medium*NoStarvation,10,Low*Medium*NoStarvation,17.0,6.57,7,7,5,0.1923,0.0657,0.35,0.0192,-0.0329,-0.07,0.0058,0.0,-0.0971,-0.6108,-0.6144,0.9229,26
17,35,1906.0,Low*Medium*NoStarvation,10,Low*Medium*NoStarvation,6.57,6.29,7,7,5,0.1923,0.0629,0.35,0.0192,-0.0314,-0.07,0.0058,0.0,-0.0957,-0.6144,-0.6179,0.9229,26
17,36,1932.0,Low*Medium*NoStarvation,10,Low*Medium*NoStarvation,6.29,8.71,7,7,4,0.1538,0.0871,0.35,0.0154,-0.0436,-0.07,0.0046,0.0,-0.109,-0.6179,-0.6226,0.9229,26
17,37,1998.0,Low*Medium*NoStarvation,30,Medium*Medium*NoStarvation,8.71,25.0,7,7,15,0.2273,0.25,0.35,0.0227,-0.125,-0.07,0.0068,0.0,-0.1882,-0.7066,-0.7094,0.9229,66
17,38,2094.0,Medium*Medium*NoStarvation,45,Medium*Medium*NoStarvation,25.0,40.57,7,7,23,0.2396,0.4057,0.35,0.024,-0.2029,-0.07,0.0072,0.0,-0.2657,-0.695,-0.7067,0.9229,96
17,39,2160.0,Medium*Medium*NoStarvation,30,Medium*Medium*NoStarvation,40.57,26.14,7,7,15,0.2273,0.2614,0.35,0.0227,-0.1307,-0.07,0.0068,0.0,-0.1939,-0.6378,-0.6481,0.9229,66
17,40,2226.0,Medium*Medium*NoStarvation,30,Medium*Medium*NoStarvation,26.14,25.29,7,7,15,0.2273,0.2529,0.35,0.0227,-0.1264,-0.07,0.0068,0.0,-0.1896,-0.6481,-0.6569,0.9229,66
17,41,2322.0,Medium*Medium*NoStarvation,45,Medium*Medium*NoStarvation,25.29,42.29,7,7,22,0.2292,0.4229,0.35,0.0229,-0.2114,-0.07,0.0069,0.0,-0.2746,-0.7067,-0.7182,0.9229,96
17,42,2368.0,Medium*Medium*NoStarvation,20,Low*Medium*NoStarvation,42.29,16.0,7,7,10,0.2174,0.16,0.35,0.0217,-0.08,-0.07,0.0065,0.0,-0.1435,-0.6501,-0.6553,0.9229,46
17,43,2434.0,Low*Medium*NoStarvation,30,Medium*Medium*NoStarvation,16.0,26.43,7,7,15,0.2273,0.2643,0.35,0.0227,-0.1321,-0.07,0.0068,0.0,-0.1953,-0.7094,-0.7127,0.9229,66
17,44,2530.0,Medium*Medium*NoStarvation,45,Medium*Medium*NoStarvation,26.43,40.0,7,7,23,0.2396,0.4,0.35,0.024,-0.2,-0.07,0.0072,0.0,-0.2628,-0.7182,-0.7273,0.9229,96
17,45,2576.0,Medium*Medium*NoStarvation,20,Low*Medium*NoStarvation,40.0,16.43,7,7,10,0.2174,0.1643,0.35,0.0217,-0.0821,-0.07,0.0065,0.0,-0.1456,-0.6553,-0.6601,0.9229,46
17,46,2622.0,Low*Medium*NoStarvation,20,Low*Medium*NoStarvation,16.43,16.14,7,7,10,0.2174,0.1614,0.35,0.0217,-0.0807,-0.07,0.0065,0.0,-0.1442,-0.6204,-0.6286,0.9229,46
17,47,2668.0,Low*Medium*NoStarvation,20,Medium*Low*NoStarvation,16.14,20.67,7,3,10,0.2174,0.2067,0.15,0.0217,-0.1033,-0.03,0.0065,0.0,-0.1268,-0.6286,-0.5785,0.9229,46
17,48,2680.0,Medium*Low*NoStarvation,20,Low*Low*NoStarvation,20.67,0.0,3,0,3,0.0652,0.0,0.0,0.0065,-0.0,-0.0,0.002,0.0,0.002,0.0,-0.0065,0.9229,46
18,0,116.0,Low*Low*NoStarvation,30,Medium*Medium*NoStarvation,0.83,26.71,2,7,31,0.4697,0.2671,0.35,0.047,-0.1336,-0.07,0.0141,0.0,-0.1895,-0.1814,-0.2369,0.9183,66
18,1,182.0,Medium*Medium*NoStarvation,30,Medium*Medium*NoStarvation,26.71,26.43,7,7,30,0.4545,0.2643,0.35,0.0455,-0.1321,-0.07,0.0136,0.0,-0.1885,-0.6569,-0.6647,0.9183,66
18,2,208.0,Medium*Medium*NoStarvation,10,Low*Medium*NoStarvation,26.43,6.0,7,7,9,0.3462,0.06,0.35,0.0346,-0.03,-0.07,0.0104,0.0,-0.0896,-0.6075,-0.6077,0.9183,26
18,3,274.0,Low*Medium*NoStarvation,30,Medium*Medium*NoStarvation,6.0,27.29,7,7,29,0.4394,0.2729,0.35,0.0439,-0.1364,-0.07,0.0132,0.0,-0.1932,-0.7127,-0.7154,0.9183,66
18,4,300.0,Medium*Medium*NoStarvation,10,Low*Medium*NoStarvation,27.29,6.86,7,7,9,0.3462,0.0686,0.35,0.0346,-0.0343,-0.07,0.0104,0.0,-0.0939,-0.6077,-0.6084,0.9183,26
18,5,326.0,Low*Medium*NoStarvation,10,Low*Medium*NoStarvation,6.86,8.43,7,7,9,0.3462,0.0843,0.35,0.0346,-0.0421,-0.07,0.0104,0.0,-0.1018,-0.6226,-0.6226,0.9183,26
18,6,372.0,Low*Medium*NoStarvation,20,Low*Medium*NoStarvation,8.43,17.14,7,7,20,0.4348,0.1714,0.35,0.0435,-0.0857,-0.07,0.013,0.0,-0.1427,-0.5785,-0.5869,0.9183,46
18,7,418.0,Low*Medium*NoStarvation,20,Low*Medium*NoStarvation,17.14,16.14,7,7,20,0.4348,0.1614,0.35,0.0435,-0.0807,-0.07,0.013,0.0,-0.1377,-0.5869,-0.5948,0.9183,46
18,8,464.0,Low*Medium*NoStarvation,20,Low*Medium*NoStarvation,16.14,17.14,7,7,20,0.4348,0.1714,0.35,0.0435,-0.0857,-0.07,0.013,0.0,-0.1427,-0.5948,-0.6032,0.9183,46
18,9,560.0,Low*Medium*NoStarvation,45,Medium*Medium*NoStarvation,17.14,43.86,7,7,44,0.4583,0.4386,0.35,0.0458,-0.2193,-0.07,0.0137,0.0,-0.2755,-0.7537,-0.7606,0.9183,96
18,10,656.0,Medium*Medium*NoStarvation,45,Medium*Medium*NoStarvation,43.86,42.86,7,7,41,0.4271,0.4286,0.35,0.0427,-0.2143,-0.07,0.0128,0.0,-0.2715,-0.7273,-0.7365,0.9183,96
18,11,752.0,Medium*Medium*NoStarvation,45,Medium*Medium*NoStarvation,42.86,40.0,7,7,42,0.4375,0.4,0.35,0.0437,-0.2,-0.07,0.0131,0.0,-0.2569,-0.7365,-0.7433,0.9183,96
18,12,778.0,Medium*Medium*NoStarvation,10,Low*Medium*NoStarvation,40.0,7.29,7,7,9,0.3462,0.0729,0.35,0.0346,-0.0364,-0.07,0.0104,0.0,-0.096,-0.6084,-0.6115,0.9183,26
18,13,844.0,Low*Medium*NoStarvation,30,Medium*Medium*NoStarvation,7.29,26.14,7,7,28,0.4242,0.2614,0.35,0.0424,-0.1307,-0.07,0.0127,0.0,-0.188,-0.7154,-0.7177,0.9183,66
18,14,940.0,Medium*Medium*NoStarvation,45,Medium*Medium*NoStarvation,26.14,40.57,7,7,41,0.4271,0.4057,0.35,0.0427,-0.2029,-0.07,0.0128,0.0,-0.26,-0.7433,-0.75,0.9183,96
18,15,1036.0,Medium*Medium*NoStarvation,45,Medium*Medium*NoStarvation,40.57,40.14,7,7,36,0.375,0.4014,0.35,0.0375,-0.2007,-0.07,0.0112,0.0,-0.2595,-0.75,-0.756,0.9183,96
18,16,1062.0,Medium*Medium*NoStarvation,10,Low*Medium*NoStarvation,40.14,5.29,7,7,5,0.1923,0.0529,0.35,0.0192,-0.0264,-0.07,0.0058,0.0,-0.0907,-0.6115,-0.6137,0.9183,26
18,17,1158.0,Low*Medium*NoStarvation,45,Medium*Medium*NoStarvation,5.29,41.71,7,7,22,0.2292,0.4171,0.35,0.0229,-0.2086,-0.07,0.0069,0.0,-0.2717,-0.7606,-0.767,0.9183,96
18,18,1224.0,Medium*Medium*NoStarvation,30,Medium*Medium*NoStarvation,41.71,26.0,7,7,15,0.2273,0.26,0.35,0.0227,-0.13,-0.07,0.0068,0.0,-0.1932,-0.6647,-0.6728,0.9183,66
18,19,1270.0,Medium*Medium*NoStarvation,20,Low*Medium*NoStarvation,26.0,15.86,7,7,10,0.2174,0.1586,0.35,0.0217,-0.0793,-0.07,0.0065,0.0,-0.1428,-0.6601,-0.6627,0.9183,46
18,20,1316.0,Low*Medium*NoStarvation,20,Low*Medium*NoStarvation,15.86,16.43,7,7,10,0.2174,0.1643,0.35,0.0217,-0.0821,-0.07,0.0065,0.0,-0.1456,-0.6032,-0.6117,0.9183,46
18,21,1362.0,Low*Medium*NoStarvation,20,Low*Medium*NoStarvation,16.43,15.86,7,7,10,0.2174,0.1586,0.35,0.0217,-0.0793,-0.07,0.0065,0.0,-0.1428,-0.6117,-0.6198,0.9183,46
18,22,1428.0,Low*Medium*NoStarvation,30,Medium*Medium*NoStarvation,15.86,26.29,7,7,15,0.2273,0.2629,0.35,0.0227,-0.1314,-0.07,0.0068,0.0,-0.1946,-0.7177,-0.7206,0.9183,66
18,23,1524.0,Medium*Medium*NoStarvation,45,Medium*Medium*NoStarvation,26.29,41.0,7,7,22,0.2292,0.41,0.35,0.0229,-0.205,-0.07,0.0069,0.0,-0.2681,-0.756,-0.7624,0.9183,96
18,24,1550.0,Medium*Medium*NoStarvation,10,Low*Medium*NoStarvation,41.0,6.57,7,7,5,0.1923,0.0657,0.35,0.0192,-0.0329,-0.07,0.0058,0.0,-0.0971,-0.6137,-0.6178,0.9183,26
18,25,1596.0,Low*Medium*NoStarvation,20,Low*Medium*NoStarvation,6.57,16.43,7,7,10,0.2174,0.1643,0.35,0.0217,-0.0821,-0.07,0.0065,0.0,-0.1456,-0.6198,-0.6282,0.9183,46
18,26,1662.0,Low*Medium*NoStarvation,30,Medium*Medium*NoStarvation,16.43,26.43,7,7,15,0.2273,0.2643,0.35,0.0227,-0.1321,-0.07,0.0068,0.0,-0.1953,-0.7206,-0.7237,0.9183,66
18,27,1688.0,Medium*Medium*NoStarvation,10,Low*Medium*NoStarvation,26.43,7.71,7,7,4,0.1538,0.0771,0.35,0.0154,-0.0386,-0.07,0.0046,0.0,-0.104,-0.6178,-0.6224,0.9183,26
18,28,1754.0,Low*Medium*NoStarvation,30,Medium*Medium*NoStarvation,7.71,27.57,7,7,15,0.2273,0.2757,0.35,0.0227,-0.1379,-0.07,0.0068,0.0,-0.201,-0.7237,-0.7275,0.9183,66
18,29,1800.0,Medium*Medium*NoStarvation,20,Low*Medium*NoStarvation,27.57,16.57,7,7,10,0.2174,0.1657,0.35,0.0217,-0.0829,-0.07,0.0065,0.0,-0.1463,-0.6627,-0.6671,0.9183,46
18,30,1896.0,Low*Medium*NoStarvation,45,Medium*Medium*NoStarvation,16.57,42.14,7,7,23,0.2396,0.4214,0.35,0.024,-0.2107,-0.07,0.0072,0.0,-0.2735,-0.767,-0.7736,0.9183,96
18,31,1992.0,Medium*Medium*NoStarvation,45,Medium*Medium*NoStarvation,42.14,42.0,7,7,22,0.2292,0.42,0.35,0.0229,-0.21,-0.07,0.0069,0.0,-0.2731,-0.7624,-0.7695,0.9183,96
18,32,2088.0,Medium*Medium*NoStarvation,45,Medium*Medium*NoStarvation,42.0,40.0,7,7,23,0.2396,0.4,0.35,0.024,-0.2,-0.07,0.0072,0.0,-0.2628,-0.7695,-0.7749,0.9183,96
18,33,2154.0,Medium*Medium*NoStarvation,30,Medium*Medium*NoStarvation,40.0,26.43,7,7,15,0.2273,0.2643,0.35,0.0227,-0.1321,-0.07,0.0068,0.0,-0.1953,-0.6728,-0.6811,0.9183,66
18,34,2250.0,Medium*Medium*NoStarvation,45,Medium*Medium*NoStarvation,26.43,40.57,7,7,23,0.2396,0.4057,0.35,0.024,-0.2029,-0.07,0.0072,0.0,-0.2657,-0.7749,-0.78,0.9183,96
18,35,2346.0,Medium*Medium*NoStarvation,45,Medium*Medium*NoStarvation,40.57,41.43,7,7,23,0.2396,0.4143,0.35,0.024,-0.2071,-0.07,0.0072,0.0,-0.27,-0.78,-0.785,0.9183,96
18,36,2412.0,Medium*Medium*NoStarvation,30,Medium*Medium*NoStarvation,41.43,26.14,7,7,15,0.2273,0.2614,0.35,0.0227,-0.1307,-0.07,0.0068,0.0,-0.1939,-0.6811,-0.6884,0.9183,66
18,37,2438.0,Medium*Medium*NoStarvation,10,Low*Medium*NoStarvation,26.14,7.0,7,7,5,0.1923,0.07,0.35,0.0192,-0.035,-0.07,0.0058,0.0,-0.0992,-0.6224,-0.6262,0.9183,26
18,38,2464.0,Low*Medium*NoStarvation,10,Low*Medium*NoStarvation,7.0,6.0,7,7,5,0.1923,0.06,0.35,0.0192,-0.03,-0.07,0.0058,0.0,-0.0942,-0.6226,-0.6258,0.9183,26
18,39,2490.0,Low*Medium*NoStarvation,10,Low*Medium*NoStarvation,6.0,7.0,7,7,5,0.1923,0.07,0.35,0.0192,-0.035,-0.07,0.0058,0.0,-0.0992,-0.6258,-0.6294,0.9183,26
18,40,2536.0,Low*Medium*NoStarvation,20,Low*Medium*NoStarvation,7.0,15.71,7,7,10,0.2174,0.1571,0.35,0.0217,-0.0786,-0.07,0.0065,0.0,-0.142,-0.6282,-0.6361,0.9183,46
18,41,2582.0,Low*Medium*NoStarvation,20,Low*Medium*NoStarvation,15.71,15.57,7,7,10,0.2174,0.1557,0.35,0.0217,-0.0779,-0.07,0.0065,0.0,-0.1413,-0.6361,-0.6433,0.9183,46
18,42,2608.0,Low*Medium*NoStarvation,10,Low*Medium*NoStarvation,15.57,6.71,7,7,5,0.1923,0.0671,0.35,0.0192,-0.0336,-0.07,0.0058,0.0,-0.0978,-0.6294,-0.6329,0.9183,26
18,43,2634.0,Low*Medium*NoStarvation,10,Low*Medium*NoStarvation,6.71,8.43,7,7,4,0.1538,0.0843,0.35,0.0154,-0.0421,-0.07,0.0046,0.0,-0.1075,-0.6329,-0.6373,0.9183,26
18,44,2660.0,Low*Medium*NoStarvation,10,Low*Low*NoStarvation,8.43,11.5,7,2,5,0.1923,0.115,0.1,0.0192,-0.0575,-0.02,0.0058,0.0,-0.0717,-0.6373,-0.5875,0.9183,26
18,45,2671.0,Low*Low*NoStarvation,10,Low*Low*NoStarvation,11.5,0.0,2,0,2,0.0769,0.0,0.0,0.0077,-0.0,-0.0,0.0023,0.0,0.0023,-0.0743,-0.0733,0.9183,26
19,0,116.0,Low*Low*NoStarvation,30,Medium*Medium*NoStarvation,0.83,26.71,2,7,31,0.4697,0.2671,0.35,0.047,-0.1336,-0.07,0.0141,0.0,-0.1895,-0.2369,-0.2885,0.9137,66
19,1,182.0,Medium*Medium*NoStarvation,30,Medium*Medium*NoStarvation,26.71,26.43,7,7,30,0.4545,0.2643,0.35,0.0455,-0.1321,-0.07,0.0136,0.0,-0.1885,-0.6884,-0.6948,0.9137,66
19,2,228.0,Medium*Medium*NoStarvation,20,Low*Medium*NoStarvation,26.43,16.14,7,7,20,0.4348,0.1614,0.35,0.0435,-0.0807,-0.07,0.013,0.0,-0.1377,-0.6671,-0.667,0.9137,46
19,3,254.0,Low*Medium*NoStarvation,10,Low*Medium*NoStarvation,16.14,6.57,7,7,10,0.3846,0.0657,0.35,0.0385,-0.0329,-0.07,0.0115,0.0,-0.0913,-0.5875,-0.5907,0.9137,26
19,4,300.0,Low*Medium*NoStarvation,20,Low*Medium*NoStarvation,6.57,16.71,7,7,20,0.4348,0.1671,0.35,0.0435,-0.0836,-0.07,0.013,0.0,-0.1405,-0.6433,-0.6462,0.9137,46
19,5,326.0,Low*Medium*NoStarvation,10,Low*Medium*NoStarvation,16.71,6.71,7,7,9,0.3462,0.0671,0.35,0.0346,-0.0336,-0.07,0.0104,0.0,-0.0932,-0.5907,-0.5941,0.9137,26
19,6,422.0,Low*Medium*NoStarvation,45,Medium*Medium*NoStarvation,6.71,39.71,7,7,46,0.4792,0.3971,0.35,0.0479,-0.1986,-0.07,0.0144,0.0,-0.2542,-0.7736,-0.7781,0.9137,96
19,7,518.0,Medium*Medium*NoStarvation,45,Medium*Medium*NoStarvation,39.71,40.57,7,7,43,0.4479,0.4057,0.35,0.0448,-0.2029,-0.07,0.0134,0.0,-0.2594,-0.785,-0.7888,0.9137,96
19,8,544.0,Medium*Medium*NoStarvation,10,Low*Medium*NoStarvation,40.57,6.71,7,7,9,0.3462,0.0671,0.35,0.0346,-0.0336,-0.07,0.0104,0.0,-0.0932,-0.6262,-0.6263,0.9137,26
19,9,610.0,Low*Medium*NoStarvation,30,Medium*Medium*NoStarvation,6.71,26.14,7,7,29,0.4394,0.2614,0.35,0.0439,-0.1307,-0.07,0.0132,0.0,-0.1875,-0.7275,-0.7298,0.9137,66
19,10,706.0,Medium*Medium*NoStarvation,45,Medium*Medium*NoStarvation,26.14,43.0,7,7,41,0.4271,0.43,0.35,0.0427,-0.215,-0.07,0.0128,0.0,-0.2722,-0.7888,-0.7935,0.9137,96
19,11,732.0,Medium*Medium*NoStarvation,10,Low*Medium*NoStarvation,43.0,8.29,7,7,9,0.3462,0.0829,0.35,0.0346,-0.0414,-0.07,0.0104,0.0,-0.101,-0.6263,-0.6273,0.9137,26
19,12,798.0,Low*Medium*NoStarvation,30,Medium*Medium*NoStarvation,8.29,26.57,7,7,29,0.4394,0.2657,0.35,0.0439,-0.1329,-0.07,0.0132,0.0,-0.1897,-0.7298,-0.7323,0.9137,66
19,13,824.0,Medium*Medium*NoStarvation,10,Low*Medium*NoStarvation,26.57,7.0,7,8,8,0.3077,0.07,0.4,0.0308,-0.035,-0.08,0.0092,0.0,-0.1058,-0.6273,-0.6286,0.9137,26
19,14,850.0,Low*Medium*NoStarvation,10,Low*Medium*NoStarvation,7.0,9.0,8,7,9,0.3462,0.09,0.35,0.0346,-0.045,-0.07,0.0104,0.0,-0.1046,-0.5941,-0.5986,0.9137,26
19,15,946.0,Low*Medium*NoStarvation,45,Medium*Medium*NoStarvation,9.0,41.43,7,7,44,0.4583,0.4143,0.35,0.0458,-0.2071,-0.07,0.0137,0.0,-0.2634,-0.7781,-0.7832,0.9137,96
19,16,972.0,Medium*Medium*NoStarvation,10,Low*Medium*NoStarvation,41.43,6.43,7,7,10,0.3846,0.0643,0.35,0.0385,-0.0321,-0.07,0.0115,0.0,-0.0906,-0.6286,-0.6287,0.9137,26
19,17,998.0,Low*Medium*NoStarvation,10,Low*Medium*NoStarvation,6.43,8.29,7,7,7,0.2692,0.0829,0.35,0.0269,-0.0414,-0.07,0.0081,0.0,-0.1034,-0.5986,-0.603,0.9137,26
19,18,1064.0,Low*Medium*NoStarvation,30,Medium*Medium*NoStarvation,8.29,25.14,7,7,19,0.2879,0.2514,0.35,0.0288,-0.1257,-0.07,0.0086,0.0,-0.1871,-0.7323,-0.7343,0.9137,66
19,19,1160.0,Medium*Medium*NoStarvation,45,Medium*Medium*NoStarvation,25.14,42.43,7,7,22,0.2292,0.4243,0.35,0.0229,-0.2121,-0.07,0.0069,0.0,-0.2753,-0.7935,-0.7982,0.9137,96
19,20,1206.0,Medium*Medium*NoStarvation,20,Low*Medium*NoStarvation,42.43,17.14,7,7,10,0.2174,0.1714,0.35,0.0217,-0.0857,-0.07,0.0065,0.0,-0.1492,-0.667,-0.6695,0.9137,46
19,21,1252.0,Low*Medium*NoStarvation,20,Low*Medium*NoStarvation,17.14,17.0,7,7,10,0.2174,0.17,0.35,0.0217,-0.085,-0.07,0.0065,0.0,-0.1485,-0.6462,-0.6507,0.9137,46
19,22,1278.0,Low*Medium*NoStarvation,10,Low*Medium*NoStarvation,17.0,9.29,7,7,4,0.1538,0.0929,0.35,0.0154,-0.0464,-0.07,0.0046,0.0,-0.1118,-0.603,-0.6081,0.9137,26
19,23,1374.0,Low*Medium*NoStarvation,45,Medium*Medium*NoStarvation,9.29,41.0,7,7,23,0.2396,0.41,0.35,0.024,-0.205,-0.07,0.0072,0.0,-0.2678,-0.7832,-0.7882,0.9137,96
19,24,1470.0,Medium*Medium*NoStarvation,45,Medium*Medium*NoStarvation,41.0,41.43,7,7,22,0.2292,0.4143,0.35,0.0229,-0.2071,-0.07,0.0069,0.0,-0.2703,-0.7982,-0.802,0.9137,96
19,25,1536.0,Medium*Medium*NoStarvation,30,Medium*Medium*NoStarvation,41.43,27.0,7,7,15,0.2273,0.27,0.35,0.0227,-0.135,-0.07,0.0068,0.0,-0.1982,-0.6948,-0.7017,0.9137,66
19,26,1582.0,Medium*Medium*NoStarvation,20,Low*Medium*NoStarvation,27.0,17.0,7,7,10,0.2174,0.17,0.35,0.0217,-0.085,-0.07,0.0065,0.0,-0.1485,-0.6695,-0.6721,0.9137,46
19,27,1628.0,Low*Medium*NoStarvation,20,Low*Medium*NoStarvation,17.0,15.71,7,7,10,0.2174,0.1571,0.35,0.0217,-0.0786,-0.07,0.0065,0.0,-0.142,-0.6507,-0.6546,0.9137,46
19,28,1674.0,Low*Medium*NoStarvation,20,Low*Medium*NoStarvation,15.71,16.86,7,7,10,0.2174,0.1686,0.35,0.0217,-0.0843,-0.07,0.0065,0.0,-0.1478,-0.6546,-0.6586,0.9137,46
19,29,1700.0,Low*Medium*NoStarvation,10,Low*Medium*NoStarvation,16.86,8.43,7,7,4,0.1538,0.0843,0.35,0.0154,-0.0421,-0.07,0.0046,0.0,-0.1075,-0.6081,-0.6128,0.9137,26
19,30,1746.0,Low*Medium*NoStarvation,20,Low*Medium*NoStarvation,8.43,16.57,7,7,10,0.2174,0.1657,0.35,0.0217,-0.0829,-0.07,0.0065,0.0,-0.1463,-0.6586,-0.6625,0.9137,46
19,31,1792.0,Low*Medium*NoStarvation,20,Low*Medium*NoStarvation,16.57,16.0,7,7,10,0.2174,0.16,0.35,0.0217,-0.08,-0.07,0.0065,0.0,-0.1435,-0.6625,-0.6658,0.9137,46
19,32,1818.0,Low*Medium*NoStarvation,10,Low*Medium*NoStarvation,16.0,7.29,7,7,4,0.1538,0.0729,0.35,0.0154,-0.0364,-0.07,0.0046,0.0,-0.1018,-0.6128,-0.6169,0.9137,26
19,33,1884.0,Low*Medium*NoStarvation,30,Medium*Medium*NoStarvation,7.29,26.29,7,7,15,0.2273,0.2629,0.35,0.0227,-0.1314,-0.07,0.0068,0.0,-0.1946,-0.7343,-0.7369,0.9137,66
19,34,1930.0,Medium*Medium*NoStarvation,20,Low*Medium*NoStarvation,26.29,16.14,7,7,10,0.2174,0.1614,0.35,0.0217,-0.0807,-0.07,0.0065,0.0,-0.1442,-0.6721,-0.6749,0.9137,46
19,35,1956.0,Low*Medium*NoStarvation,10,Low*Medium*NoStarvation,16.14,7.0,7,7,4,0.1538,0.07,0.35,0.0154,-0.035,-0.07,0.0046,0.0,-0.1004,-0.6169,-0.6207,0.9137,26
19,36,2002.0,Low*Medium*NoStarvation,20,Low*Medium*NoStarvation,7.0,17.0,7,7,10,0.2174,0.17,0.35,0.0217,-0.085,-0.07,0.0065,0.0,-0.1485,-0.6658,-0.6699,0.9137,46
19,37,2028.0,Low*Medium*NoStarvation,10,Low*Medium*NoStarvation,17.0,7.29,7,7,5,0.1923,0.0729,0.35,0.0192,-0.0364,-0.07,0.0058,0.0,-0.1007,-0.6207,-0.6246,0.9137,26
19,38,2054.0,Low*Medium*NoStarvation,10,Low*Medium*NoStarvation,7.29,6.43,7,7,5,0.1923,0.0643,0.35,0.0192,-0.0321,-0.07,0.0058,0.0,-0.0964,-0.6246,-0.628,0.9137,26
19,39,2150.0,Low*Medium*NoStarvation,45,Medium*Medium*NoStarvation,6.43,39.57,7,7,23,0.2396,0.3957,0.35,0.024,-0.1979,-0.07,0.0072,0.0,-0.2607,-0.7882,-0.792,0.9137,96
19,40,2176.0,Medium*Medium*NoStarvation,10,Low*Medium*NoStarvation,39.57,7.29,7,7,4,0.1538,0.0729,0.35,0.0154,-0.0364,-0.07,0.0046,0.0,-0.1018,-0.6287,-0.6325,0.9137,26
19,41,2272.0,Low*Medium*NoStarvation,45,Medium*Medium*NoStarvation,7.29,43.0,7,7,22,0.2292,0.43,0.35,0.0229,-0.215,-0.07,0.0069,0.0,-0.2781,-0.792,-0.7976,0.9137,96
19,42,2298.0,Medium*Medium*NoStarvation,10,Low*Medium*NoStarvation,43.0,5.0,7,6,5,0.1923,0.05,0.3,0.0192,-0.025,-0.06,0.0058,0.0,-0.0792,-0.6325,-0.6337,0.9137,26
19,43,2344.0,Low*Medium*NoStarvation,20,Low*Medium*NoStarvation,5.0,17.14,6,7,10,0.2174,0.1714,0.35,0.0217,-0.0857,-0.07,0.0065,0.0,-0.1492,-0.6699,-0.6744,0.9137,46
19,44,2370.0,Low*Medium*NoStarvation,10,Low*Medium*NoStarvation,17.14,6.0,7,7,5,0.1923,0.06,0.35,0.0192,-0.03,-0.07,0.0058,0.0,-0.0942,-0.628,-0.6311,0.9137,26
19,45,2436.0,Low*Medium*NoStarvation,30,Medium*Medium*NoStarvation,6.0,25.57,7,7,15,0.2273,0.2557,0.35,0.0227,-0.1279,-0.07,0.0068,0.0,-0.191,-0.7369,-0.7394,0.9137,66
19,46,2502.0,Medium*Medium*NoStarvation,30,Medium*Medium*NoStarvation,25.57,25.0,7,7,15,0.2273,0.25,0.35,0.0227,-0.125,-0.07,0.0068,0.0,-0.1882,-0.7017,-0.7074,0.9137,66
19,47,2528.0,Medium*Medium*NoStarvation,10,Low*Medium*NoStarvation,25.0,6.71,7,7,5,0.1923,0.0671,0.35,0.0192,-0.0336,-0.07,0.0058,0.0,-0.0978,-0.6337,-0.6369,0.9137,26
19,48,2594.0,Low*Medium*NoStarvation,30,Medium*Medium*NoStarvation,6.71,27.43,7,7,15,0.2273,0.2743,0.35,0.0227,-0.1371,-0.07,0.0068,0.0,-0.2003,-0.7394,-0.7428,0.9137,66
19,49,2620.0,Medium*Medium*NoStarvation,10,Low*Medium*NoStarvation,27.43,6.57,7,7,5,0.1923,0.0657,0.35,0.0192,-0.0329,-0.07,0.0058,0.0,-0.0971,-0.6369,-0.6397,0.9137,26
19,50,2668.0,Low*Medium*NoStarvation,45,Low*Low*NoStarvation,6.57,0.0,7,0,21,0.2188,0.0,0.0,0.0219,-0.0,-0.0,0.0066,0.0,0.0066,-0.7976,-0.7238,0.9137,96
20,0,76.0,Low*Low*NoStarvation,10,Low*Medium*NoStarvation,0.83,6.71,2,7,11,0.4231,0.0671,0.35,0.0423,-0.0336,-0.07,0.0127,0.0,-0.0909,-0.0733,-0.1319,0.9092,26
20,1,172.0,Low*Medium*NoStarvation,45,Medium*Medium*NoStarvation,6.71,40.57,7,7,46,0.4792,0.4057,0.35,0.0479,-0.2029,-0.07,0.0144,0.0,-0.2585,-0.7238,-0.7348,0.9092,96
20,2,268.0,Medium*Medium*NoStarvation,45,Medium*Medium*NoStarvation,40.57,42.43,7,7,45,0.4688,0.4243,0.35,0.0469,-0.2121,-0.07,0.0141,0.0,-0.2681,-0.802,-0.8062,0.9092,96
20,3,294.0,Medium*Medium*NoStarvation,10,Low*Medium*NoStarvation,42.43,7.43,7,7,9,0.3462,0.0743,0.35,0.0346,-0.0371,-0.07,0.0104,0.0,-0.0968,-0.6397,-0.6422,0.9092,26
20,4,320.0,Low*Medium*NoStarvation,10,Low*Medium*NoStarvation,7.43,6.0,7,7,10,0.3846,0.06,0.35,0.0385,-0.03,-0.07,0.0115,0.0,-0.0885,-0.6311,-0.6337,0.9092,26
20,5,346.0,Low*Medium*NoStarvation,10,Low*Medium*NoStarvation,6.0,6.86,7,7,9,0.3462,0.0686,0.35,0.0346,-0.0343,-0.07,0.0104,0.0,-0.0939,-0.6337,-0.6367,0.9092,26
20,6,372.0,Low*Medium*NoStarvation,10,Low*Medium*NoStarvation,6.86,5.93,7,7,10,0.3846,0.0593,0.35,0.0385,-0.0296,-0.07,0.0115,0.0,-0.0881,-0.6367,-0.6392,0.9092,26
20,7,468.0,Low*Medium*NoStarvation,45,Medium*Medium*NoStarvation,5.93,42.86,7,7,44,0.4583,0.4286,0.35,0.0458,-0.2143,-0.07,0.0137,0.0,-0.2705,-0.7348,-0.7462,0.9092,96
20,8,564.0,Medium*Medium*NoStarvation,45,Medium*Medium*NoStarvation,42.86,41.14,7,7,42,0.4375,0.4114,0.35,0.0437,-0.2057,-0.07,0.0131,0.0,-0.2626,-0.8062,-0.8096,0.9092,96
20,9,630.0,Medium*Medium*NoStarvation,30,Medium*Medium*NoStarvation,41.14,26.86,7,7,28,0.4242,0.2686,0.35,0.0424,-0.1343,-0.07,0.0127,0.0,-0.1916,-0.7074,-0.7136,0.9092,66
20,10,656.0,Medium*Medium*NoStarvation,10,Low*Medium*NoStarvation,26.86,6.86,7,7,8,0.3077,0.0686,0.35,0.0308,-0.0343,-0.07,0.0092,0.0,-0.0951,-0.6422,-0.645,0.9092,26
20,11,702.0,Low*Medium*NoStarvation,20,Low*Medium*NoStarvation,6.86,17.57,7,7,20,0.4348,0.1757,0.35,0.0435,-0.0879,-0.07,0.013,0.0,-0.1448,-0.6744,-0.6789,0.9092,46
20,12,768.0,Low*Medium*NoStarvation,30,Medium*Medium*NoStarvation,17.57,26.0,7,7,29,0.4394,0.26,0.35,0.0439,-0.13,-0.07,0.0132,0.0,-0.1868,-0.7428,-0.7453,0.9092,66
20,13,834.0,Medium*Medium*NoStarvation,30,Medium*Medium*NoStarvation,26.0,26.0,7,7,28,0.4242,0.26,0.35,0.0424,-0.13,-0.07,0.0127,0.0,-0.1873,-0.7136,-0.719,0.9092,66
20,14,900.0,Medium*Medium*NoStarvation,30,Medium*Medium*NoStarvation,26.0,27.86,7,7,27,0.4091,0.2786,0.35,0.0409,-0.1393,-0.07,0.0123,0.0,-0.197,-0.719,-0.7249,0.9092,66
20,15,996.0,Medium*Medium*NoStarvation,45,Medium*Medium*NoStarvation,27.86,39.71,7,7,42,0.4375,0.3971,0.35,0.0437,-0.1986,-0.07,0.0131,0.0,-0.2554,-0.8096,-0.8123,0.9092,96
20,16,1042.0,Medium*Medium*NoStarvation,20,Low*Medium*NoStarvation,39.71,16.29,7,7,12,0.2609,0.1629,0.35,0.0261,-0.0814,-0.07,0.0078,0.0,-0.1436,-0.6749,-0.6793,0.9092,46
20,17,1088.0,Low*Medium*NoStarvation,20,Low*Medium*NoStarvation,16.29,17.0,7,7,10,0.2174,0.17,0.35,0.0217,-0.085,-0.07,0.0065,0.0,-0.1485,-0.6789,-0.6834,0.9092,46
20,18,1154.0,Low*Medium*NoStarvation,30,Medium*Medium*NoStarvation,17.0,25.86,7,7,15,0.2273,0.2586,0.35,0.0227,-0.1293,-0.07,0.0068,0.0,-0.1925,-0.7453,-0.748,0.9092,66
20,19,1220.0,Medium*Medium*NoStarvation,30,Medium*Medium*NoStarvation,25.86,25.14,7,7,15,0.2273,0.2514,0.35,0.0227,-0.1257,-0.07,0.0068,0.0,-0.1889,-0.7249,-0.7293,0.9092,66
20,20,1266.0,Medium*Medium*NoStarvation,20,Low*Medium*NoStarvation,25.14,15.57,7,7,10,0.2174,0.1557,0.35,0.0217,-0.0779,-0.07,0.0065,0.0,-0.1413,-0.6793,-0.683,0.9092,46
20,21,1332.0,Low*Medium*NoStarvation,30,Medium*Medium*NoStarvation,15.57,25.71,7,7,15,0.2273,0.2571,0.35,0.0227,-0.1286,-0.07,0.0068,0.0,-0.1918,-0.748,-0.7505,0.9092,66
20,22,1358.0,Medium*Medium*NoStarvation,10,Low*Medium*NoStarvation,25.71,8.43,7,7,4,0.1538,0.0843,0.35,0.0154,-0.0421,-0.07,0.0046,0.0,-0.1075,-0.645,-0.6488,0.9092,26
20,23,1404.0,Low*Medium*NoStarvation,20,Low*Medium*NoStarvation,8.43,15.43,7,7,10,0.2174,0.1543,0.35,0.0217,-0.0771,-0.07,0.0065,0.0,-0.1406,-0.6834,-0.6867,0.9092,46
20,24,1500.0,Low*Medium*NoStarvation,45,Medium*Medium*NoStarvation,15.43,41.57,7,7,22,0.2292,0.4157,0.35,0.0229,-0.2079,-0.07,0.0069,0.0,-0.271,-0.7462,-0.7571,0.9092,96
20,25,1596.0,Medium*Medium*NoStarvation,45,Medium*Medium*NoStarvation,41.57,40.43,7,7,23,0.2396,0.4043,0.35,0.024,-0.2021,-0.07,0.0072,0.0,-0.265,-0.8123,-0.8159,0.9092,96
20,26,1642.0,Medium*Medium*NoStarvation,20,Low*Medium*NoStarvation,40.43,15.43,7,7,10,0.2174,0.1543,0.35,0.0217,-0.0771,-0.07,0.0065,0.0,-0.1406,-0.683,-0.6863,0.9092,46
20,27,1668.0,Low*Medium*NoStarvation,10,Low*Medium*NoStarvation,15.43,6.43,7,7,5,0.1923,0.0643,0.35,0.0192,-0.0321,-0.07,0.0058,0.0,-0.0964,-0.6392,-0.6424,0.9092,26
20,28,1694.0,Low*Medium*NoStarvation,10,Low*Medium*NoStarvation,6.43,6.14,7,7,5,0.1923,0.0614,0.35,0.0192,-0.0307,-0.07,0.0058,0.0,-0.0949,-0.6424,-0.6455,0.9092,26
20,29,1720.0,Low*Medium*NoStarvation,10,Low*Medium*NoStarvation,6.14,5.57,7,6,5,0.1923,0.0557,0.3,0.0192,-0.0279,-0.06,0.0058,0.0,-0.0821,-0.6455,-0.6472,0.9092,26
20,30,1766.0,Low*Medium*NoStarvation,20,Low*Medium*NoStarvation,5.57,16.29,6,7,10,0.2174,0.1629,0.35,0.0217,-0.0814,-0.07,0.0065,0.0,-0.1449,-0.6867,-0.6907,0.9092,46
20,31,1792.0,Low*Medium*NoStarvation,10,Low*Medium*NoStarvation,16.29,8.86,7,7,4,0.1538,0.0886,0.35,0.0154,-0.0443,-0.07,0.0046,0.0,-0.1097,-0.6472,-0.6517,0.9092,26
20,32,1838.0,Low*Medium*NoStarvation,20,Low*Medium*NoStarvation,8.86,15.57,7,7,10,0.2174,0.1557,0.35,0.0217,-0.0779,-0.07,0.0065,0.0,-0.1413,-0.6907,-0.6945,0.9092,46
20,33,1884.0,Low*Medium*NoStarvation,20,Low*Medium*NoStarvation,15.57,15.71,7,7,10,0.2174,0.1571,0.35,0.0217,-0.0786,-0.07,0.0065,0.0,-0.142,-0.6945,-0.6979,0.9092,46
20,34,1930.0,Low*Medium*NoStarvation,20,Low*Medium*NoStarvation,15.71,16.0,7,7,10,0.2174,0.16,0.35,0.0217,-0.08,-0.07,0.0065,0.0,-0.1435,-0.6979,-0.7011,0.9092,46
20,35,1996.0,Low*Medium*NoStarvation,30,Medium*Medium*NoStarvation,16.0,25.14,7,7,16,0.2424,0.2514,0.35,0.0242,-0.1257,-0.07,0.0073,0.0,-0.1884,-0.7505,-0.7527,0.9092,66
20,36,2092.0,Medium*Medium*NoStarvation,45,Medium*Medium*NoStarvation,25.14,41.57,7,7,22,0.2292,0.4157,0.35,0.0229,-0.2079,-0.07,0.0069,0.0,-0.271,-0.8159,-0.8198,0.9092,96
20,37,2158.0,Medium*Medium*NoStarvation,30,Medium*Medium*NoStarvation,41.57,25.86,7,7,15,0.2273,0.2586,0.35,0.0227,-0.1293,-0.07,0.0068,0.0,-0.1925,-0.7293,-0.734,0.9092,66
20,38,2224.0,Medium*Medium*NoStarvation,30,Medium*Medium*NoStarvation,25.86,25.71,7,7,15,0.2273,0.2571,0.35,0.0227,-0.1286,-0.07,0.0068,0.0,-0.1918,-0.734,-0.7382,0.9092,66
20,39,2250.0,Medium*Medium*NoStarvation,10,Low*Medium*NoStarvation,25.71,6.29,7,7,5,0.1923,0.0629,0.35,0.0192,-0.0314,-0.07,0.0058,0.0,-0.0957,-0.6488,-0.6522,0.9092,26
20,40,2276.0,Low*Medium*NoStarvation,10,Low*Medium*NoStarvation,6.29,6.57,7,7,5,0.1923,0.0657,0.35,0.0192,-0.0329,-0.07,0.0058,0.0,-0.0971,-0.6517,-0.6549,0.9092,26
20,41,2372.0,Low*Medium*NoStarvation,45,Medium*Medium*NoStarvation,6.57,40.43,7,7,23,0.2396,0.4043,0.35,0.024,-0.2021,-0.07,0.0072,0.0,-0.265,-0.7571,-0.7665,0.9092,96
20,42,2468.0,Medium*Medium*NoStarvation,45,Medium*Medium*NoStarvation,40.43,39.57,7,7,23,0.2396,0.3957,0.35,0.024,-0.1979,-0.07,0.0072,0.0,-0.2607,-0.8198,-0.8226,0.9092,96
20,43,2494.0,Medium*Medium*NoStarvation,10,Low*Medium*NoStarvation,39.57,5.71,7,6,5,0.1923,0.0571,0.3,0.0192,-0.0286,-0.06,0.0058,0.0,-0.0828,-0.6522,-0.6542,0.9092,26
20,44,2520.0,Low*Medium*NoStarvation,10,Low*Medium*NoStarvation,5.71,9.57,6,7,4,0.1538,0.0957,0.35,0.0154,-0.0479,-0.07,0.0046,0.0,-0.1132,-0.6549,-0.6597,0.9092,26
20,45,2616.0,Low*Medium*NoStarvation,45,Medium*Medium*NoStarvation,9.57,41.86,7,7,22,0.2292,0.4186,0.35,0.0229,-0.2093,-0.07,0.0069,0.0,-0.2724,-0.7665,-0.776,0.9092,96
20,46,2662.0,Medium*Medium*NoStarvation,20,Medium*Low*NoStarvation,41.86,20.67,7,3,10,0.2174,0.2067,0.15,0.0217,-0.1033,-0.03,0.0065,0.0,-0.1268,-0.6863,-0.6303,0.9092,46
20,47,2675.0,Medium*Low*NoStarvation,10,Low*Low*NoStarvation,20.67,0.0,3,0,3,0.1154,0.0,0.0,0.0115,-0.0,-0.0,0.0035,0.0,0.0035,0.0,-0.0115,0.9092,26
21,0,146.0,Low*Low*NoStarvation,45,Medium*Medium*NoStarvation,0.83,40.71,2,7,47,0.4896,0.4071,0.35,0.049,-0.2036,-0.07,0.0147,0.0,-0.2589,-0.1894,-0.2531,0.9046,96
21,1,242.0,Medium*Medium*NoStarvation,45,Medium*Medium*NoStarvation,40.71,40.14,7,7,45,0.4688,0.4014,0.35,0.0469,-0.2007,-0.07,0.0141,0.0,-0.2567,-0.8226,-0.8228,0.9046,96
21,2,338.0,Medium*Medium*NoStarvation,45,Medium*Medium*NoStarvation,40.14,40.29,7,7,44,0.4583,0.4029,0.35,0.0458,-0.2014,-0.07,0.0137,0.0,-0.2577,-0.8228,-0.823,0.9046,96
21,3,404.0,Medium*Medium*NoStarvation,30,Medium*Medium*NoStarvation,40.29,26.86,7,7,28,0.4242,0.2686,0.35,0.0424,-0.1343,-0.07,0.0127,0.0,-0.1916,-0.7382,-0.7403,0.9046,66
21,4,430.0,Medium*Medium*NoStarvation,10,Low*Medium*NoStarvation,26.86,6.71,7,7,8,0.3077,0.0671,0.35,0.0308,-0.0336,-0.07,0.0092,0.0,-0.0943,-0.6542,-0.6576,0.9046,26
21,5,526.0,Low*Medium*NoStarvation,45,Medium*Medium*NoStarvation,6.71,40.0,7,7,44,0.4583,0.4,0.35,0.0458,-0.2,-0.07,0.0137,0.0,-0.2563,-0.776,-0.7808,0.9046,96
21,6,572.0,Medium*Medium*NoStarvation,20,Low*Medium*NoStarvation,40.0,17.29,7,7,19,0.413,0.1729,0.35,0.0413,-0.0864,-0.07,0.0124,0.0,-0.144,-0.6303,-0.6411,0.9046,46
21,7,668.0,Low*Medium*NoStarvation,45,Medium*Medium*NoStarvation,17.29,40.29,7,7,43,0.4479,0.4029,0.35,0.0448,-0.2014,-0.07,0.0134,0.0,-0.258,-0.7808,-0.7862,0.9046,96
21,8,714.0,Medium*Medium*NoStarvation,20,Low*Medium*NoStarvation,40.29,16.43,7,7,19,0.413,0.1643,0.35,0.0413,-0.0821,-0.07,0.0124,0.0,-0.1398,-0.6411,-0.6503,0.9046,46
21,9,810.0,Low*Medium*NoStarvation,45,Medium*Medium*NoStarvation,16.43,40.71,7,7,41,0.4271,0.4071,0.35,0.0427,-0.2036,-0.07,0.0128,0.0,-0.2608,-0.7862,-0.7922,0.9046,96
21,10,876.0,Medium*Medium*NoStarvation,30,Medium*Medium*NoStarvation,40.71,24.86,7,7,29,0.4394,0.2486,0.35,0.0439,-0.1243,-0.07,0.0132,0.0,-0.1811,-0.7403,-0.7429,0.9046,66
21,11,972.0,Medium*Medium*NoStarvation,45,Medium*Medium*NoStarvation,24.86,40.43,7,7,42,0.4375,0.4043,0.35,0.0437,-0.2021,-0.07,0.0131,0.0,-0.259,-0.823,-0.8251,0.9046,96
21,12,1018.0,Medium*Medium*NoStarvation,20,Low*Medium*NoStarvation,40.43,15.86,7,7,17,0.3696,0.1586,0.35,0.037,-0.0793,-0.07,0.0111,0.0,-0.1382,-0.6503,-0.6585,0.9046,46
21,13,1084.0,Low*Medium*NoStarvation,30,Medium*Medium*NoStarvation,15.86,25.43,7,7,15,0.2273,0.2543,0.35,0.0227,-0.1271,-0.07,0.0068,0.0,-0.1903,-0.7527,-0.7556,0.9046,66
21,14,1110.0,Medium*Medium*NoStarvation,10,Low*Medium*NoStarvation,25.43,8.43,7,7,4,0.1538,0.0843,0.35,0.0154,-0.0421,-0.07,0.0046,0.0,-0.1075,-0.6576,-0.6619,0.9046,26
21,15,1156.0,Low*Medium*NoStarvation,20,Low*Medium*NoStarvation,8.43,15.57,7,7,10,0.2174,0.1557,0.35,0.0217,-0.0779,-0.07,0.0065,0.0,-0.1413,-0.7011,-0.7045,0.9046,46
21,16,1182.0,Low*Medium*NoStarvation,10,Low*Medium*NoStarvation,15.57,6.29,7,7,5,0.1923,0.0629,0.35,0.0192,-0.0314,-0.07,0.0058,0.0,-0.0957,-0.6597,-0.6627,0.9046,26
21,17,1228.0,Low*Medium*NoStarvation,20,Low*Medium*NoStarvation,6.29,15.71,7,7,10,0.2174,0.1571,0.35,0.0217,-0.0786,-0.07,0.0065,0.0,-0.142,-0.7045,-0.7079,0.9046,46
21,18,1274.0,Low*Medium*NoStarvation,20,Low*Medium*NoStarvation,15.71,16.29,7,7,10,0.2174,0.1629,0.35,0.0217,-0.0814,-0.07,0.0065,0.0,-0.1449,-0.7079,-0.7112,0.9046,46
21,19,1320.0,Low*Medium*NoStarvation,20,Low*Medium*NoStarvation,16.29,16.86,7,7,10,0.2174,0.1686,0.35,0.0217,-0.0843,-0.07,0.0065,0.0,-0.1478,-0.7112,-0.7145,0.9046,46
21,20,1416.0,Low*Medium*NoStarvation,45,Medium*Medium*NoStarvation,16.86,41.71,7,7,22,0.2292,0.4171,0.35,0.0229,-0.2086,-0.07,0.0069,0.0,-0.2717,-0.7922,-0.7994,0.9046,96
21,21,1442.0,Medium*Medium*NoStarvation,10,Low*Medium*NoStarvation,41.71,5.71,7,7,5,0.1923,0.0571,0.35,0.0192,-0.0286,-0.07,0.0058,0.0,-0.0928,-0.6619,-0.6647,0.9046,26
21,22,1538.0,Low*Medium*NoStarvation,45,Medium*Medium*NoStarvation,5.71,41.71,7,7,22,0.2292,0.4171,0.35,0.0229,-0.2086,-0.07,0.0069,0.0,-0.2717,-0.7994,-0.8059,0.9046,96
21,23,1634.0,Medium*Medium*NoStarvation,45,Medium*Medium*NoStarvation,41.71,42.86,7,7,22,0.2292,0.4286,0.35,0.0229,-0.2143,-0.07,0.0069,0.0,-0.2774,-0.8251,-0.8296,0.9046,96
21,24,1680.0,Medium*Medium*NoStarvation,20,Low*Medium*NoStarvation,42.86,16.29,7,7,10,0.2174,0.1629,0.35,0.0217,-0.0814,-0.07,0.0065,0.0,-0.1449,-0.6585,-0.6668,0.9046,46
21,25,1706.0,Low*Medium*NoStarvation,10,Low*Medium*NoStarvation,16.29,8.29,7,7,4,0.1538,0.0829,0.35,0.0154,-0.0414,-0.07,0.0046,0.0,-0.1068,-0.6627,-0.6667,0.9046,26
21,26,1802.0,Low*Medium*NoStarvation,45,Medium*Medium*NoStarvation,8.29,40.29,7,7,23,0.2396,0.4029,0.35,0.024,-0.2014,-0.07,0.0072,0.0,-0.2642,-0.8059,-0.8115,0.9046,96
21,27,1868.0,Medium*Medium*NoStarvation,30,Medium*Medium*NoStarvation,40.29,26.57,7,7,15,0.2273,0.2657,0.35,0.0227,-0.1329,-0.07,0.0068,0.0,-0.196,-0.7429,-0.748,0.9046,66
21,28,1894.0,Medium*Medium*NoStarvation,10,Low*Medium*NoStarvation,26.57,8.43,7,7,4,0.1538,0.0843,0.35,0.0154,-0.0421,-0.07,0.0046,0.0,-0.1075,-0.6647,-0.6689,0.9046,26
21,29,1960.0,Low*Medium*NoStarvation,30,Medium*Medium*NoStarvation,8.43,26.0,7,7,15,0.2273,0.26,0.35,0.0227,-0.13,-0.07,0.0068,0.0,-0.1932,-0.7556,-0.7594,0.9046,66
21,30,2006.0,Medium*Medium*NoStarvation,20,Low*Medium*NoStarvation,26.0,15.43,7,7,10,0.2174,0.1543,0.35,0.0217,-0.0771,-0.07,0.0065,0.0,-0.1406,-0.6668,-0.6741,0.9046,46
21,31,2052.0,Low*Medium*NoStarvation,20,Low*Medium*NoStarvation,15.43,16.0,7,7,10,0.2174,0.16,0.35,0.0217,-0.08,-0.07,0.0065,0.0,-0.1435,-0.7145,-0.7174,0.9046,46
21,32,2098.0,Low*Medium*NoStarvation,20,Low*Medium*NoStarvation,16.0,18.14,7,7,10,0.2174,0.1814,0.35,0.0217,-0.0907,-0.07,0.0065,0.0,-0.1542,-0.7174,-0.7211,0.9046,46
21,33,2124.0,Low*Medium*NoStarvation,10,Low*Medium*NoStarvation,18.14,9.43,7,7,4,0.1538,0.0943,0.35,0.0154,-0.0471,-0.07,0.0046,0.0,-0.1125,-0.6667,-0.6713,0.9046,26
21,34,2220.0,Low*Medium*NoStarvation,45,Medium*Medium*NoStarvation,9.43,39.86,7,7,23,0.2396,0.3986,0.35,0.024,-0.1993,-0.07,0.0072,0.0,-0.2621,-0.8115,-0.8168,0.9046,96
21,35,2266.0,Medium*Medium*NoStarvation,20,Low*Medium*NoStarvation,39.86,16.29,7,7,10,0.2174,0.1629,0.35,0.0217,-0.0814,-0.07,0.0065,0.0,-0.1449,-0.6741,-0.6816,0.9046,46
21,36,2332.0,Low*Medium*NoStarvation,30,Medium*Medium*NoStarvation,16.29,25.71,7,7,16,0.2424,0.2571,0.35,0.0242,-0.1286,-0.07,0.0073,0.0,-0.1913,-0.7594,-0.7628,0.9046,66
21,37,2398.0,Medium*Medium*NoStarvation,30,Medium*Medium*NoStarvation,25.71,27.0,7,7,15,0.2273,0.27,0.35,0.0227,-0.135,-0.07,0.0068,0.0,-0.1982,-0.748,-0.7532,0.9046,66
21,38,2494.0,Medium*Medium*NoStarvation,45,Medium*Medium*NoStarvation,27.0,40.71,7,7,23,0.2396,0.4071,0.35,0.024,-0.2036,-0.07,0.0072,0.0,-0.2664,-0.8296,-0.8335,0.9046,96
21,39,2560.0,Medium*Medium*NoStarvation,30,Medium*Medium*NoStarvation,40.71,28.43,7,7,14,0.2121,0.2843,0.35,0.0212,-0.1421,-0.07,0.0064,0.0,-0.2058,-0.7532,-0.7587,0.9046,66
21,40,2594.0,Medium*Medium*NoStarvation,45,Low*Low*NoStarvation,28.43,0.0,7,0,14,0.1458,0.0,0.0,0.0146,-0.0,-0.0,0.0044,0.0,0.0044,-0.8335,-0.7616,0.9046,96
22,0,76.0,Low*Low*NoStarvation,10,Low*Medium*NoStarvation,0.83,6.71,2,7,11,0.4231,0.0671,0.35,0.0423,-0.0336,-0.07,0.0127,0.0,-0.0909,-0.1319,-0.1882,0.9001,26
22,1,102.0,Low*Medium*NoStarvation,10,Low*Medium*NoStarvation,6.71,8.43,7,7,8,0.3077,0.0843,0.35,0.0308,-0.0421,-0.07,0.0092,0.0,-0.1029,-0.6713,-0.6749,0.9001,26
22,2,168.0,Low*Medium*NoStarvation,30,Medium*Medium*NoStarvation,8.43,25.86,7,7,30,0.4545,0.2586,0.35,0.0455,-0.1293,-0.07,0.0136,0.0,-0.1856,-0.7628,-0.7653,0.9001,66
22,3,194.0,Medium*Medium*NoStarvation,10,Low*Medium*NoStarvation,25.86,7.71,7,7,9,0.3462,0.0771,0.35,0.0346,-0.0386,-0.07,0.0104,0.0,-0.0982,-0.6689,-0.6726,0.9001,26
22,4,290.0,Low*Medium*NoStarvation,45,Medium*Medium*NoStarvation,7.71,41.86,7,7,44,0.4583,0.4186,0.35,0.0458,-0.2093,-0.07,0.0137,0.0,-0.2655,-0.8168,-0.8222,0.9001,96
22,5,316.0,Medium*Medium*NoStarvation,10,Low*Medium*NoStarvation,41.86,6.57,7,7,10,0.3846,0.0657,0.35,0.0385,-0.0329,-0.07,0.0115,0.0,-0.0913,-0.6726,-0.6752,0.9001,26
22,6,362.0,Low*Medium*NoStarvation,20,Low*Medium*NoStarvation,6.57,16.71,7,7,20,0.4348,0.1671,0.35,0.0435,-0.0836,-0.07,0.013,0.0,-0.1405,-0.7211,-0.7238,0.9001,46
22,7,428.0,Low*Medium*NoStarvation,30,Medium*Medium*NoStarvation,16.71,25.71,7,7,30,0.4545,0.2571,0.35,0.0455,-0.1286,-0.07,0.0136,0.0,-0.1849,-0.7653,-0.768,0.9001,66
22,8,474.0,Medium*Medium*NoStarvation,20,Low*Medium*NoStarvation,25.71,16.0,7,7,20,0.4348,0.16,0.35,0.0435,-0.08,-0.07,0.013,0.0,-0.137,-0.6816,-0.6879,0.9001,46
22,9,570.0,Low*Medium*NoStarvation,45,Medium*Medium*NoStarvation,16.0,43.43,7,7,43,0.4479,0.4343,0.35,0.0448,-0.2171,-0.07,0.0134,0.0,-0.2737,-0.8222,-0.8281,0.9001,96
22,10,636.0,Medium*Medium*NoStarvation,30,Medium*Medium*NoStarvation,43.43,25.57,7,7,28,0.4242,0.2557,0.35,0.0424,-0.1279,-0.07,0.0127,0.0,-0.1851,-0.7587,-0.7621,0.9001,66
22,11,662.0,Medium*Medium*NoStarvation,10,Low*Medium*NoStarvation,25.57,8.57,7,7,9,0.3462,0.0857,0.35,0.0346,-0.0429,-0.07,0.0104,0.0,-0.1025,-0.6752,-0.6787,0.9001,26
22,12,688.0,Low*Medium*NoStarvation,10,Low*Medium*NoStarvation,8.57,7.14,7,7,10,0.3846,0.0714,0.35,0.0385,-0.0357,-0.07,0.0115,0.0,-0.0942,-0.6749,-0.6776,0.9001,26
22,13,754.0,Low*Medium*NoStarvation,30,Medium*Medium*NoStarvation,7.14,27.0,7,7,29,0.4394,0.27,0.35,0.0439,-0.135,-0.07,0.0132,0.0,-0.1918,-0.768,-0.7715,0.9001,66
22,14,780.0,Medium*Medium*NoStarvation,10,Low*Medium*NoStarvation,27.0,6.57,7,7,8,0.3077,0.0657,0.35,0.0308,-0.0329,-0.07,0.0092,0.0,-0.0936,-0.6787,-0.6812,0.9001,26
22,15,806.0,Low*Medium*NoStarvation,10,Low*Medium*NoStarvation,6.57,6.57,7,7,10,0.3846,0.0657,0.35,0.0385,-0.0329,-0.07,0.0115,0.0,-0.0913,-0.6776,-0.6799,0.9001,26
22,16,872.0,Low*Medium*NoStarvation,30,Medium*Medium*NoStarvation,6.57,26.71,7,7,29,0.4394,0.2671,0.35,0.0439,-0.1336,-0.07,0.0132,0.0,-0.1904,-0.7715,-0.7747,0.9001,66
22,17,918.0,Medium*Medium*NoStarvation,20,Low*Medium*NoStarvation,26.71,16.57,7,7,20,0.4348,0.1657,0.35,0.0435,-0.0829,-0.07,0.013,0.0,-0.1398,-0.6879,-0.6943,0.9001,46
22,18,964.0,Low*Medium*NoStarvation,20,Low*Medium*NoStarvation,16.57,15.57,7,7,19,0.413,0.1557,0.35,0.0413,-0.0779,-0.07,0.0124,0.0,-0.1355,-0.7238,-0.7261,0.9001,46
22,19,1060.0,Low*Medium*NoStarvation,45,Medium*Medium*NoStarvation,15.57,40.0,7,7,31,0.3229,0.4,0.35,0.0323,-0.2,-0.07,0.0097,0.0,-0.2603,-0.8281,-0.8326,0.9001,96
22,20,1156.0,Medium*Medium*NoStarvation,45,Medium*Medium*NoStarvation,40.0,39.29,7,7,23,0.2396,0.3929,0.35,0.024,-0.1964,-0.07,0.0072,0.0,-0.2592,-0.7616,-0.7726,0.9001,96
22,21,1182.0,Medium*Medium*NoStarvation,10,Low*Medium*NoStarvation,39.29,8.29,7,7,4,0.1538,0.0829,0.35,0.0154,-0.0414,-0.07,0.0046,0.0,-0.1068,-0.6812,-0.6849,0.9001,26
22,22,1278.0,Low*Medium*NoStarvation,45,Medium*Medium*NoStarvation,8.29,41.43,7,7,22,0.2292,0.4143,0.35,0.0229,-0.2071,-0.07,0.0069,0.0,-0.2703,-0.8326,-0.838,0.9001,96
22,23,1344.0,Medium*Medium*NoStarvation,30,Medium*Medium*NoStarvation,41.43,24.57,7,7,15,0.2273,0.2457,0.35,0.0227,-0.1229,-0.07,0.0068,0.0,-0.186,-0.7621,-0.7661,0.9001,66
22,24,1390.0,Medium*Medium*NoStarvation,20,Low*Medium*NoStarvation,24.57,16.0,7,7,10,0.2174,0.16,0.35,0.0217,-0.08,-0.07,0.0065,0.0,-0.1435,-0.6943,-0.7004,0.9001,46
22,25,1486.0,Low*Medium*NoStarvation,45,Medium*Medium*NoStarvation,16.0,42.29,7,7,22,0.2292,0.4229,0.35,0.0229,-0.2114,-0.07,0.0069,0.0,-0.2746,-0.838,-0.8433,0.9001,96
22,26,1582.0,Medium*Medium*NoStarvation,45,Medium*Medium*NoStarvation,42.29,40.57,7,7,23,0.2396,0.4057,0.35,0.024,-0.2029,-0.07,0.0072,0.0,-0.2657,-0.7726,-0.7836,0.9001,96
22,27,1628.0,Medium*Medium*NoStarvation,20,Low*Medium*NoStarvation,40.57,15.43,7,7,10,0.2174,0.1543,0.35,0.0217,-0.0771,-0.07,0.0065,0.0,-0.1406,-0.7004,-0.7056,0.9001,46
22,28,1674.0,Low*Medium*NoStarvation,20,Low*Medium*NoStarvation,15.43,15.29,7,7,10,0.2174,0.1529,0.35,0.0217,-0.0764,-0.07,0.0065,0.0,-0.1399,-0.7261,-0.7287,0.9001,46
22,29,1740.0,Low*Medium*NoStarvation,30,Medium*Medium*NoStarvation,15.29,28.0,7,7,14,0.2121,0.28,0.35,0.0212,-0.14,-0.07,0.0064,0.0,-0.2036,-0.7747,-0.7792,0.9001,66
22,30,1766.0,Medium*Medium*NoStarvation,10,Low*Medium*NoStarvation,28.0,8.14,7,7,4,0.1538,0.0814,0.35,0.0154,-0.0407,-0.07,0.0046,0.0,-0.1061,-0.6849,-0.6882,0.9001,26
22,31,1832.0,Low*Medium*NoStarvation,30,Medium*Medium*NoStarvation,8.14,26.57,7,7,15,0.2273,0.2657,0.35,0.0227,-0.1329,-0.07,0.0068,0.0,-0.196,-0.7792,-0.7828,0.9001,66
22,32,1858.0,Medium*Medium*NoStarvation,10,Low*Medium*NoStarvation,26.57,5.43,7,7,5,0.1923,0.0543,0.35,0.0192,-0.0271,-0.07,0.0058,0.0,-0.0914,-0.6882,-0.6897,0.9001,26
22,33,1884.0,Low*Medium*NoStarvation,10,Low*Medium*NoStarvation,5.43,8.29,7,7,4,0.1538,0.0829,0.35,0.0154,-0.0414,-0.07,0.0046,0.0,-0.1068,-0.6799,-0.6838,0.9001,26
22,34,1910.0,Low*Medium*NoStarvation,10,Low*Medium*NoStarvation,8.29,6.43,7,7,5,0.1923,0.0643,0.35,0.0192,-0.0321,-0.07,0.0058,0.0,-0.0964,-0.6838,-0.6866,0.9001,26
22,35,1936.0,Low*Medium*NoStarvation,10,Low*Medium*NoStarvation,6.43,6.29,7,7,5,0.1923,0.0629,0.35,0.0192,-0.0314,-0.07,0.0058,0.0,-0.0957,-0.6866,-0.6893,0.9001,26
22,36,2002.0,Low*Medium*NoStarvation,30,Medium*Medium*NoStarvation,6.29,25.14,7,7,15,0.2273,0.2514,0.35,0.0227,-0.1257,-0.07,0.0068,0.0,-0.1889,-0.7828,-0.7855,0.9001,66
22,37,2068.0,Medium*Medium*NoStarvation,30,Medium*Medium*NoStarvation,25.14,25.29,7,7,15,0.2273,0.2529,0.35,0.0227,-0.1264,-0.07,0.0068,0.0,-0.1896,-0.7661,-0.7706,0.9001,66
22,38,2094.0,Medium*Medium*NoStarvation,10,Low*Medium*NoStarvation,25.29,6.29,7,7,5,0.1923,0.0629,0.35,0.0192,-0.0314,-0.07,0.0058,0.0,-0.0957,-0.6897,-0.6924,0.9001,26
22,39,2120.0,Low*Medium*NoStarvation,10,Low*Medium*NoStarvation,6.29,5.14,7,6,5,0.1923,0.0514,0.3,0.0192,-0.0257,-0.06,0.0058,0.0,-0.0799,-0.6893,-0.6904,0.9001,26
22,40,2166.0,Low*Medium*NoStarvation,20,Low*Medium*NoStarvation,5.14,15.57,6,7,10,0.2174,0.1557,0.35,0.0217,-0.0779,-0.07,0.0065,0.0,-0.1413,-0.7287,-0.7321,0.9001,46
22,41,2192.0,Low*Medium*NoStarvation,10,Low*Medium*NoStarvation,15.57,5.57,7,7,5,0.1923,0.0557,0.35,0.0192,-0.0279,-0.07,0.0058,0.0,-0.0921,-0.6904,-0.6927,0.9001,26
22,42,2218.0,Low*Medium*NoStarvation,10,Low*Medium*NoStarvation,5.57,5.86,7,7,5,0.1923,0.0586,0.35,0.0192,-0.0293,-0.07,0.0058,0.0,-0.0935,-0.6927,-0.6951,0.9001,26
22,43,2244.0,Low*Medium*NoStarvation,10,Low*Medium*NoStarvation,5.86,6.29,7,7,5,0.1923,0.0629,0.35,0.0192,-0.0314,-0.07,0.0058,0.0,-0.0957,-0.6951,-0.6977,0.9001,26
22,44,2290.0,Low*Medium*NoStarvation,20,Low*Medium*NoStarvation,6.29,16.86,7,7,10,0.2174,0.1686,0.35,0.0217,-0.0843,-0.07,0.0065,0.0,-0.1478,-0.7321,-0.7365,0.9001,46
22,45,2356.0,Low*Medium*NoStarvation,30,Medium*Medium*NoStarvation,16.86,25.0,7,7,15,0.2273,0.25,0.35,0.0227,-0.125,-0.07,0.0068,0.0,-0.1882,-0.7855,-0.7881,0.9001,66
22,46,2382.0,Medium*Medium*NoStarvation,10,Low*Medium*NoStarvation,25.0,8.57,7,7,4,0.1538,0.0857,0.35,0.0154,-0.0429,-0.07,0.0046,0.0,-0.1082,-0.6924,-0.6967,0.9001,26
22,47,2478.0,Low*Medium*NoStarvation,45,Medium*Medium*NoStarvation,8.57,39.71,7,7,23,0.2396,0.3971,0.35,0.024,-0.1986,-0.07,0.0072,0.0,-0.2614,-0.8433,-0.8479,0.9001,96
22,48,2504.0,Medium*Medium*NoStarvation,10,Low*Medium*NoStarvation,39.71,8.0,7,7,4,0.1538,0.08,0.35,0.0154,-0.04,-0.07,0.0046,0.0,-0.1054,-0.6967,-0.7004,0.9001,26
22,49,2550.0,Low*Medium*NoStarvation,20,Low*Medium*NoStarvation,8.0,17.14,7,7,10,0.2174,0.1714,0.35,0.0217,-0.0857,-0.07,0.0065,0.0,-0.1492,-0.7365,-0.7405,0.9001,46
22,50,2596.0,Low*Medium*NoStarvation,20,Low*Medium*NoStarvation,17.14,18.14,7,7,10,0.2174,0.1814,0.35,0.0217,-0.0907,-0.07,0.0065,0.0,-0.1542,-0.7405,-0.7447,0.9001,46
22,51,2642.0,Low*Medium*NoStarvation,20,Low*Medium*NoStarvation,18.14,16.71,7,7,10,0.2174,0.1671,0.35,0.0217,-0.0836,-0.07,0.0065,0.0,-0.147,-0.7447,-0.7477,0.9001,46
22,52,2688.0,Low*Medium*NoStarvation,20,Low*Medium*NoStarvation,16.71,16.43,7,7,10,0.2174,0.1643,0.35,0.0217,-0.0821,-0.07,0.0065,0.0,-0.1456,-0.7477,-0.7503,0.9001,46
22,53,2714.0,Low*Medium*NoStarvation,10,Low*Medium*NoStarvation,16.43,8.57,7,7,4,0.1538,0.0857,0.35,0.0154,-0.0429,-0.07,0.0046,0.0,-0.1082,-0.6977,-0.7016,0.9001,26
22,54,2734.0,Low*Medium*NoStarvation,30,Low*Low*NoStarvation,8.57,0.0,7,0,7,0.1061,0.0,0.0,0.0106,-0.0,-0.0,0.0032,0.0,0.0032,-0.7881,-0.7259,0.9001,66
23,0,146.0,Low*Low*NoStarvation,45,Medium*Medium*NoStarvation,0.83,40.71,2,7,47,0.4896,0.4071,0.35,0.049,-0.2036,-0.07,0.0147,0.0,-0.2589,-0.2531,-0.3167,0.8956,96
23,1,172.0,Medium*Medium*NoStarvation,10,Low*Medium*NoStarvation,40.71,8.43,7,7,9,0.3462,0.0843,0.35,0.0346,-0.0421,-0.07,0.0104,0.0,-0.1018,-0.7004,-0.7037,0.8956,26
23,2,268.0,Low*Medium*NoStarvation,45,Medium*Medium*NoStarvation,8.43,42.14,7,7,45,0.4688,0.4214,0.35,0.0469,-0.2107,-0.07,0.0141,0.0,-0.2667,-0.8479,-0.8531,0.8956,96
23,3,314.0,Medium*Medium*NoStarvation,20,Low*Medium*NoStarvation,42.14,16.71,7,7,20,0.4348,0.1671,0.35,0.0435,-0.0836,-0.07,0.013,0.0,-0.1405,-0.7056,-0.7123,0.8956,46
23,4,360.0,Low*Medium*NoStarvation,20,Low*Medium*NoStarvation,16.71,17.29,7,7,19,0.413,0.1729,0.35,0.0413,-0.0864,-0.07,0.0124,0.0,-0.144,-0.7503,-0.7528,0.8956,46
23,5,456.0,Low*Medium*NoStarvation,45,Medium*Medium*NoStarvation,17.29,42.14,7,7,41,0.4271,0.4214,0.35,0.0427,-0.2107,-0.07,0.0128,0.0,-0.2679,-0.8531,-0.8579,0.8956,96
23,6,552.0,Medium*Medium*NoStarvation,45,Medium*Medium*NoStarvation,42.14,41.57,7,7,42,0.4375,0.4157,0.35,0.0437,-0.2079,-0.07,0.0131,0.0,-0.2647,-0.7836,-0.795,0.8956,96
23,7,618.0,Medium*Medium*NoStarvation,30,Medium*Medium*NoStarvation,41.57,25.71,7,7,29,0.4394,0.2571,0.35,0.0439,-0.1286,-0.07,0.0132,0.0,-0.1854,-0.7706,-0.7754,0.8956,66
23,8,714.0,Medium*Medium*NoStarvation,45,Medium*Medium*NoStarvation,25.71,41.0,7,7,41,0.4271,0.41,0.35,0.0427,-0.205,-0.07,0.0128,0.0,-0.2622,-0.795,-0.8051,0.8956,96
23,9,780.0,Medium*Medium*NoStarvation,30,Medium*Medium*NoStarvation,41.0,26.57,7,7,28,0.4242,0.2657,0.35,0.0424,-0.1329,-0.07,0.0127,0.0,-0.1901,-0.7754,-0.7802,0.8956,66
23,10,876.0,Medium*Medium*NoStarvation,45,Medium*Medium*NoStarvation,26.57,42.43,7,7,41,0.4271,0.4243,0.35,0.0427,-0.2121,-0.07,0.0128,0.0,-0.2693,-0.8051,-0.8148,0.8956,96
23,11,902.0,Medium*Medium*NoStarvation,10,Low*Medium*NoStarvation,42.43,5.71,7,6,9,0.3462,0.0571,0.3,0.0346,-0.0286,-0.06,0.0104,0.0,-0.0782,-0.7037,-0.7043,0.8956,26
23,12,928.0,Low*Medium*NoStarvation,10,Low*Medium*NoStarvation,5.71,7.0,6,7,11,0.4231,0.07,0.35,0.0423,-0.035,-0.07,0.0127,0.0,-0.0923,-0.7016,-0.7038,0.8956,26
23,13,994.0,Low*Medium*NoStarvation,30,Medium*Medium*NoStarvation,7.0,27.43,7,7,29,0.4394,0.2743,0.35,0.0439,-0.1371,-0.07,0.0132,0.0,-0.194,-0.7259,-0.7361,0.8956,66
23,14,1090.0,Medium*Medium*NoStarvation,45,Medium*Medium*NoStarvation,27.43,41.0,7,7,25,0.2604,0.41,0.35,0.026,-0.205,-0.07,0.0078,0.0,-0.2672,-0.8148,-0.8235,0.8956,96
23,15,1186.0,Medium*Medium*NoStarvation,45,Medium*Medium*NoStarvation,41.0,38.86,7,7,23,0.2396,0.3886,0.35,0.024,-0.1943,-0.07,0.0072,0.0,-0.2571,-0.8235,-0.8302,0.8956,96
23,16,1212.0,Medium*Medium*NoStarvation,10,Low*Medium*NoStarvation,38.86,7.71,7,7,5,0.1923,0.0771,0.35,0.0192,-0.0386,-0.07,0.0058,0.0,-0.1028,-0.7043,-0.7075,0.8956,26
23,17,1238.0,Low*Medium*NoStarvation,10,Low*Medium*NoStarvation,7.71,6.0,7,7,5,0.1923,0.06,0.35,0.0192,-0.03,-0.07,0.0058,0.0,-0.0942,-0.7038,-0.7062,0.8956,26
23,18,1264.0,Low*Medium*NoStarvation,10,Low*Medium*NoStarvation,6.0,5.29,7,6,5,0.1923,0.0529,0.3,0.0192,-0.0264,-0.06,0.0058,0.0,-0.0807,-0.7062,-0.7072,0.8956,26
23,19,1360.0,Low*Medium*NoStarvation,45,Medium*Medium*NoStarvation,5.29,40.86,6,7,23,0.2396,0.4086,0.35,0.024,-0.2043,-0.07,0.0072,0.0,-0.2671,-0.8579,-0.8625,0.8956,96
23,20,1386.0,Medium*Medium*NoStarvation,10,Low*Medium*NoStarvation,40.86,6.71,7,7,5,0.1923,0.0671,0.35,0.0192,-0.0336,-0.07,0.0058,0.0,-0.0978,-0.7075,-0.7102,0.8956,26
23,21,1412.0,Low*Medium*NoStarvation,10,Low*Medium*NoStarvation,6.71,7.43,7,7,4,0.1538,0.0743,0.35,0.0154,-0.0371,-0.07,0.0046,0.0,-0.1025,-0.7072,-0.7104,0.8956,26
23,22,1478.0,Low*Medium*NoStarvation,30,Medium*Medium*NoStarvation,7.43,25.86,7,7,15,0.2273,0.2586,0.35,0.0227,-0.1293,-0.07,0.0068,0.0,-0.1925,-0.7361,-0.7456,0.8956,66
23,23,1504.0,Medium*Medium*NoStarvation,10,Low*Medium*NoStarvation,25.86,5.71,7,6,5,0.1923,0.0571,0.3,0.0192,-0.0286,-0.06,0.0058,0.0,-0.0828,-0.7102,-0.7114,0.8956,26
23,24,1570.0,Low*Medium*NoStarvation,30,Medium*Medium*NoStarvation,5.71,26.0,6,7,15,0.2273,0.26,0.35,0.0227,-0.13,-0.07,0.0068,0.0,-0.1932,-0.7456,-0.7544,0.8956,66
23,25,1666.0,Medium*Medium*NoStarvation,45,Medium*Medium*NoStarvation,26.0,42.29,7,7,22,0.2292,0.4229,0.35,0.0229,-0.2114,-0.07,0.0069,0.0,-0.2746,-0.8302,-0.8387,0.8956,96
23,26,1712.0,Medium*Medium*NoStarvation,20,Low*Medium*NoStarvation,42.29,15.57,7,7,10,0.2174,0.1557,0.35,0.0217,-0.0779,-0.07,0.0065,0.0,-0.1413,-0.7123,-0.7191,0.8956,46
23,27,1808.0,Low*Medium*NoStarvation,45,Medium*Medium*NoStarvation,15.57,42.0,7,7,22,0.2292,0.42,0.35,0.0229,-0.21,-0.07,0.0069,0.0,-0.2731,-0.8625,-0.8676,0.8956,96
23,28,1874.0,Medium*Medium*NoStarvation,30,Medium*Medium*NoStarvation,42.0,26.0,7,7,15,0.2273,0.26,0.35,0.0227,-0.13,-0.07,0.0068,0.0,-0.1932,-0.7802,-0.7855,0.8956,66
23,29,1920.0,Medium*Medium*NoStarvation,20,Low*Medium*NoStarvation,26.0,16.29,7,7,10,0.2174,0.1629,0.35,0.0217,-0.0814,-0.07,0.0065,0.0,-0.1449,-0.7191,-0.7256,0.8956,46
23,30,1946.0,Low*Medium*NoStarvation,10,Low*Medium*NoStarvation,16.29,8.43,7,7,4,0.1538,0.0843,0.35,0.0154,-0.0421,-0.07,0.0046,0.0,-0.1075,-0.7104,-0.714,0.8956,26
23,31,1972.0,Low*Medium*NoStarvation,10,Low*Medium*NoStarvation,8.43,6.86,7,7,5,0.1923,0.0686,0.35,0.0192,-0.0343,-0.07,0.0058,0.0,-0.0985,-0.714,-0.7167,0.8956,26
23,32,2068.0,Low*Medium*NoStarvation,45,Medium*Medium*NoStarvation,6.86,43.14,7,7,22,0.2292,0.4314,0.35,0.0229,-0.2157,-0.07,0.0069,0.0,-0.2788,-0.8676,-0.8727,0.8956,96
23,33,2164.0,Medium*Medium*NoStarvation,45,Medium*Medium*NoStarvation,43.14,39.71,7,7,23,0.2396,0.3971,0.35,0.024,-0.1986,-0.07,0.0072,0.0,-0.2614,-0.8387,-0.845,0.8956,96
23,34,2190.0,Medium*Medium*NoStarvation,10,Low*Medium*NoStarvation,39.71,8.14,7,7,4,0.1538,0.0814,0.35,0.0154,-0.0407,-0.07,0.0046,0.0,-0.1061,-0.7114,-0.7153,0.8956,26
23,35,2236.0,Low*Medium*NoStarvation,20,Low*Medium*NoStarvation,8.14,15.71,7,7,10,0.2174,0.1571,0.35,0.0217,-0.0786,-0.07,0.0065,0.0,-0.142,-0.7528,-0.7563,0.8956,46
23,36,2282.0,Low*Medium*NoStarvation,20,Low*Medium*NoStarvation,15.71,16.71,7,7,10,0.2174,0.1671,0.35,0.0217,-0.0836,-0.07,0.0065,0.0,-0.147,-0.7563,-0.7598,0.8956,46
23,37,2308.0,Low*Medium*NoStarvation,10,Low*Medium*NoStarvation,16.71,6.14,7,7,5,0.1923,0.0614,0.35,0.0192,-0.0307,-0.07,0.0058,0.0,-0.0949,-0.7167,-0.7191,0.8956,26
23,38,2374.0,Low*Medium*NoStarvation,30,Medium*Medium*NoStarvation,6.14,26.86,7,7,15,0.2273,0.2686,0.35,0.0227,-0.1343,-0.07,0.0068,0.0,-0.1975,-0.7544,-0.7631,0.8956,66
23,39,2400.0,Medium*Medium*NoStarvation,10,Low*Medium*NoStarvation,26.86,6.43,7,7,5,0.1923,0.0643,0.35,0.0192,-0.0321,-0.07,0.0058,0.0,-0.0964,-0.7153,-0.7182,0.8956,26
23,40,2466.0,Low*Medium*NoStarvation,30,Medium*Medium*NoStarvation,6.43,26.14,7,7,15,0.2273,0.2614,0.35,0.0227,-0.1307,-0.07,0.0068,0.0,-0.1939,-0.7631,-0.7708,0.8956,66
23,41,2562.0,Medium*Medium*NoStarvation,45,Medium*Medium*NoStarvation,26.14,41.71,7,7,22,0.2292,0.4171,0.35,0.0229,-0.2086,-0.07,0.0069,0.0,-0.2717,-0.845,-0.8523,0.8956,96
23,42,2609.0,Medium*Medium*NoStarvation,45,Low*Low*NoStarvation,41.71,0.0,7,0,21,0.2188,0.0,0.0,0.0219,-0.0,-0.0,0.0066,0.0,0.0066,-0.8523,-0.7833,0.8956,96
24,0,116.0,Low*Low*NoStarvation,30,Medium*Medium*NoStarvation,0.83,26.71,2,7,31,0.4697,0.2671,0.35,0.047,-0.1336,-0.07,0.0141,0.0,-0.1895,-0.2885,-0.3432,0.8911,66
24,1,162.0,Medium*Medium*NoStarvation,20,Low*Medium*NoStarvation,26.71,16.86,7,7,20,0.4348,0.1686,0.35,0.0435,-0.0843,-0.07,0.013,0.0,-0.1412,-0.7256,-0.7319,0.8911,46
24,2,188.0,Low*Medium*NoStarvation,10,Low*Medium*NoStarvation,16.86,8.43,7,7,8,0.3077,0.0843,0.35,0.0308,-0.0421,-0.07,0.0092,0.0,-0.1029,-0.7191,-0.7222,0.8911,26
24,3,214.0,Low*Medium*NoStarvation,10,Low*Medium*NoStarvation,8.43,7.93,7,8,10,0.3846,0.0793,0.4,0.0385,-0.0396,-0.08,0.0115,0.0,-0.1081,-0.7222,-0.7257,0.8911,26
24,4,240.0,Low*Medium*NoStarvation,10,Low*Medium*NoStarvation,7.93,6.14,8,7,9,0.3462,0.0614,0.35,0.0346,-0.0307,-0.07,0.0104,0.0,-0.0903,-0.7257,-0.7275,0.8911,26
24,5,286.0,Low*Medium*NoStarvation,20,Low*Medium*NoStarvation,6.14,16.14,7,7,20,0.4348,0.1614,0.35,0.0435,-0.0807,-0.07,0.013,0.0,-0.1377,-0.7598,-0.7631,0.8911,46
24,6,352.0,Low*Medium*NoStarvation,30,Medium*Medium*NoStarvation,16.14,26.43,7,7,30,0.4545,0.2643,0.35,0.0455,-0.1321,-0.07,0.0136,0.0,-0.1885,-0.7708,-0.7772,0.8911,66
24,7,378.0,Medium*Medium*NoStarvation,10,Low*Medium*NoStarvation,26.43,6.14,7,7,9,0.3462,0.0614,0.35,0.0346,-0.0307,-0.07,0.0104,0.0,-0.0903,-0.7182,-0.7208,0.8911,26
24,8,424.0,Low*Medium*NoStarvation,20,Low*Medium*NoStarvation,6.14,15.57,7,7,20,0.4348,0.1557,0.35,0.0435,-0.0779,-0.07,0.013,0.0,-0.1348,-0.7631,-0.7658,0.8911,46
24,9,450.0,Low*Medium*NoStarvation,10,Low*Medium*NoStarvation,15.57,6.96,7,8,10,0.3846,0.0696,0.4,0.0385,-0.0348,-0.08,0.0115,0.0,-0.1033,-0.7275,-0.7306,0.8911,26
24,10,496.0,Low*Medium*NoStarvation,20,Low*Medium*NoStarvation,6.96,17.29,8,7,19,0.413,0.1729,0.35,0.0413,-0.0864,-0.07,0.0124,0.0,-0.144,-0.7658,-0.7693,0.8911,46
24,11,592.0,Low*Medium*NoStarvation,45,Medium*Medium*NoStarvation,17.29,40.86,7,7,46,0.4792,0.4086,0.35,0.0479,-0.2043,-0.07,0.0144,0.0,-0.2599,-0.8727,-0.8763,0.8911,96
24,12,688.0,Medium*Medium*NoStarvation,45,Medium*Medium*NoStarvation,40.86,40.29,7,7,45,0.4688,0.4029,0.35,0.0469,-0.2014,-0.07,0.0141,0.0,-0.2574,-0.7833,-0.7956,0.8911,96
24,13,734.0,Medium*Medium*NoStarvation,20,Low*Medium*NoStarvation,40.29,15.86,7,7,19,0.413,0.1586,0.35,0.0413,-0.0793,-0.07,0.0124,0.0,-0.1369,-0.7319,-0.7381,0.8911,46
24,14,800.0,Low*Medium*NoStarvation,30,Medium*Medium*NoStarvation,15.86,25.86,7,7,28,0.4242,0.2586,0.35,0.0424,-0.1293,-0.07,0.0127,0.0,-0.1866,-0.7772,-0.783,0.8911,66
24,15,846.0,Medium*Medium*NoStarvation,20,Low*Medium*NoStarvation,25.86,15.71,7,7,19,0.413,0.1571,0.35,0.0413,-0.0786,-0.07,0.0124,0.0,-0.1362,-0.7381,-0.7437,0.8911,46
24,16,912.0,Low*Medium*NoStarvation,30,Medium*Medium*NoStarvation,15.71,27.29,7,7,28,0.4242,0.2729,0.35,0.0424,-0.1364,-0.07,0.0127,0.0,-0.1937,-0.783,-0.789,0.8911,66
24,17,958.0,Medium*Medium*NoStarvation,20,Low*Medium*NoStarvation,27.29,16.71,7,7,20,0.4348,0.1671,0.35,0.0435,-0.0836,-0.07,0.013,0.0,-0.1405,-0.7437,-0.7491,0.8911,46
24,18,1054.0,Low*Medium*NoStarvation,45,Medium*Medium*NoStarvation,16.71,42.57,7,7,31,0.3229,0.4257,0.35,0.0323,-0.2129,-0.07,0.0097,0.0,-0.2732,-0.8763,-0.8809,0.8911,96
24,19,1150.0,Medium*Medium*NoStarvation,45,Medium*Medium*NoStarvation,42.57,40.71,7,7,23,0.2396,0.4071,0.35,0.024,-0.2036,-0.07,0.0072,0.0,-0.2664,-0.7956,-0.8076,0.8911,96
24,20,1246.0,Medium*Medium*NoStarvation,45,Medium*Medium*NoStarvation,40.71,42.86,7,7,22,0.2292,0.4286,0.35,0.0229,-0.2143,-0.07,0.0069,0.0,-0.2774,-0.8076,-0.8194,0.8911,96
24,21,1292.0,Medium*Medium*NoStarvation,20,Low*Medium*NoStarvation,42.86,14.57,7,7,10,0.2174,0.1457,0.35,0.0217,-0.0729,-0.07,0.0065,0.0,-0.1363,-0.7491,-0.7536,0.8911,46
24,22,1318.0,Low*Medium*NoStarvation,10,Low*Medium*NoStarvation,14.57,7.57,7,7,4,0.1538,0.0757,0.35,0.0154,-0.0379,-0.07,0.0046,0.0,-0.1032,-0.7306,-0.7336,0.8911,26
24,23,1414.0,Low*Medium*NoStarvation,45,Medium*Medium*NoStarvation,7.57,39.71,7,7,23,0.2396,0.3971,0.35,0.024,-0.1986,-0.07,0.0072,0.0,-0.2614,-0.8809,-0.8838,0.8911,96
24,24,1480.0,Medium*Medium*NoStarvation,30,Medium*Medium*NoStarvation,39.71,26.43,7,7,15,0.2273,0.2643,0.35,0.0227,-0.1321,-0.07,0.0068,0.0,-0.1953,-0.7855,-0.7914,0.8911,66
24,25,1576.0,Medium*Medium*NoStarvation,45,Medium*Medium*NoStarvation,26.43,43.14,7,7,22,0.2292,0.4314,0.35,0.0229,-0.2157,-0.07,0.0069,0.0,-0.2788,-0.8194,-0.8302,0.8911,96
24,26,1642.0,Medium*Medium*NoStarvation,30,Medium*Medium*NoStarvation,43.14,25.71,7,7,15,0.2273,0.2571,0.35,0.0227,-0.1286,-0.07,0.0068,0.0,-0.1918,-0.7914,-0.7963,0.8911,66
24,27,1708.0,Medium*Medium*NoStarvation,30,Medium*Medium*NoStarvation,25.71,26.14,7,7,15,0.2273,0.2614,0.35,0.0227,-0.1307,-0.07,0.0068,0.0,-0.1939,-0.7963,-0.8009,0.8911,66
24,28,1754.0,Medium*Medium*NoStarvation,20,Low*Medium*NoStarvation,26.14,15.29,7,7,10,0.2174,0.1529,0.35,0.0217,-0.0764,-0.07,0.0065,0.0,-0.1399,-0.7536,-0.7583,0.8911,46
24,29,1800.0,Low*Medium*NoStarvation,20,Low*Medium*NoStarvation,15.29,16.86,7,7,10,0.2174,0.1686,0.35,0.0217,-0.0843,-0.07,0.0065,0.0,-0.1478,-0.7693,-0.7732,0.8911,46
24,30,1846.0,Low*Medium*NoStarvation,20,Low*Medium*NoStarvation,16.86,16.43,7,7,10,0.2174,0.1643,0.35,0.0217,-0.0821,-0.07,0.0065,0.0,-0.1456,-0.7732,-0.7765,0.8911,46
24,31,1872.0,Low*Medium*NoStarvation,10,Low*Medium*NoStarvation,16.43,5.29,7,6,5,0.1923,0.0529,0.3,0.0192,-0.0264,-0.06,0.0058,0.0,-0.0807,-0.7336,-0.7343,0.8911,26
24,32,1898.0,Low*Medium*NoStarvation,10,Low*Medium*NoStarvation,5.29,8.14,6,7,4,0.1538,0.0814,0.35,0.0154,-0.0407,-0.07,0.0046,0.0,-0.1061,-0.7343,-0.7376,0.8911,26
24,33,1994.0,Low*Medium*NoStarvation,45,Medium*Medium*NoStarvation,8.14,41.29,7,7,22,0.2292,0.4129,0.35,0.0229,-0.2064,-0.07,0.0069,0.0,-0.2696,-0.8838,-0.8872,0.8911,96
24,34,2020.0,Medium*Medium*NoStarvation,10,Low*Medium*NoStarvation,41.29,8.43,7,7,4,0.1538,0.0843,0.35,0.0154,-0.0421,-0.07,0.0046,0.0,-0.1075,-0.7208,-0.7259,0.8911,26
24,35,2046.0,Low*Medium*NoStarvation,10,Low*Medium*NoStarvation,8.43,8.14,7,7,4,0.1538,0.0814,0.35,0.0154,-0.0407,-0.07,0.0046,0.0,-0.1061,-0.7376,-0.7408,0.8911,26
24,36,2092.0,Low*Medium*NoStarvation,20,Low*Medium*NoStarvation,8.14,16.71,7,7,10,0.2174,0.1671,0.35,0.0217,-0.0836,-0.07,0.0065,0.0,-0.147,-0.7765,-0.7802,0.8911,46
24,37,2118.0,Low*Medium*NoStarvation,10,Low*Medium*NoStarvation,16.71,6.0,7,7,5,0.1923,0.06,0.35,0.0192,-0.03,-0.07,0.0058,0.0,-0.0942,-0.7408,-0.7428,0.8911,26
24,38,2214.0,Low*Medium*NoStarvation,45,Medium*Medium*NoStarvation,6.0,42.57,7,7,22,0.2292,0.4257,0.35,0.0229,-0.2129,-0.07,0.0069,0.0,-0.276,-0.8872,-0.8915,0.8911,96
24,39,2310.0,Medium*Medium*NoStarvation,45,Medium*Medium*NoStarvation,42.57,42.71,7,7,22,0.2292,0.4271,0.35,0.0229,-0.2136,-0.07,0.0069,0.0,-0.2767,-0.8302,-0.8402,0.8911,96
24,40,2376.0,Medium*Medium*NoStarvation,30,Medium*Medium*NoStarvation,42.71,27.0,7,7,15,0.2273,0.27,0.35,0.0227,-0.135,-0.07,0.0068,0.0,-0.1982,-0.8009,-0.806,0.8911,66
24,41,2442.0,Medium*Medium*NoStarvation,30,Medium*Medium*NoStarvation,27.0,25.86,7,7,15,0.2273,0.2586,0.35,0.0227,-0.1293,-0.07,0.0068,0.0,-0.1925,-0.806,-0.81,0.8911,66
24,42,2508.0,Medium*Medium*NoStarvation,30,Medium*Medium*NoStarvation,25.86,24.57,7,7,16,0.2424,0.2457,0.35,0.0242,-0.1229,-0.07,0.0073,0.0,-0.1856,-0.81,-0.8128,0.8911,66
24,43,2604.0,Medium*Medium*NoStarvation,45,Medium*Medium*NoStarvation,24.57,42.29,7,7,22,0.2292,0.4229,0.35,0.0229,-0.2114,-0.07,0.0069,0.0,-0.2746,-0.8402,-0.849,0.8911,96
24,44,2630.0,Medium*Medium*NoStarvation,10,Low*Medium*NoStarvation,42.29,6.43,7,7,5,0.1923,0.0643,0.35,0.0192,-0.0321,-0.07,0.0058,0.0,-0.0964,-0.7259,-0.7298,0.8911,26
24,45,2655.0,Low*Medium*NoStarvation,45,Low*Low*NoStarvation,6.43,0.0,7,0,9,0.0938,0.0,0.0,0.0094,-0.0,-0.0,0.0028,0.0,0.0028,-0.8915,-0.819,0.8911,96
25,0,96.0,Low*Low*NoStarvation,20,Low*Medium*NoStarvation,0.83,16.14,2,7,21,0.4565,0.1614,0.35,0.0457,-0.0807,-0.07,0.0137,0.0,-0.137,-0.2289,-0.2866,0.8867,46
25,1,122.0,Low*Medium*NoStarvation,10,Low*Medium*NoStarvation,16.14,6.14,7,7,9,0.3462,0.0614,0.35,0.0346,-0.0307,-0.07,0.0104,0.0,-0.0903,-0.7428,-0.7444,0.8867,26
25,2,188.0,Low*Medium*NoStarvation,30,Medium*Medium*NoStarvation,6.14,26.0,7,7,30,0.4545,0.26,0.35,0.0455,-0.13,-0.07,0.0136,0.0,-0.1864,-0.789,-0.7944,0.8867,66
25,3,214.0,Medium*Medium*NoStarvation,10,Low*Medium*NoStarvation,26.0,7.0,7,7,9,0.3462,0.07,0.35,0.0346,-0.035,-0.07,0.0104,0.0,-0.0946,-0.7298,-0.7333,0.8867,26
25,4,310.0,Low*Medium*NoStarvation,45,Medium*Medium*NoStarvation,7.0,40.57,7,7,46,0.4792,0.4057,0.35,0.0479,-0.2029,-0.07,0.0144,0.0,-0.2585,-0.819,-0.8289,0.8867,96
25,5,336.0,Medium*Medium*NoStarvation,10,Low*Medium*NoStarvation,40.57,7.68,7,8,10,0.3846,0.0768,0.4,0.0385,-0.0384,-0.08,0.0115,0.0,-0.1069,-0.7333,-0.7376,0.8867,26
25,6,382.0,Low*Medium*NoStarvation,20,Low*Medium*NoStarvation,7.68,15.86,8,7,19,0.413,0.1586,0.35,0.0413,-0.0793,-0.07,0.0124,0.0,-0.1369,-0.7802,-0.7829,0.8867,46
25,7,478.0,Low*Medium*NoStarvation,45,Medium*Medium*NoStarvation,15.86,42.71,7,7,45,0.4688,0.4271,0.35,0.0469,-0.2136,-0.07,0.0141,0.0,-0.2695,-0.8289,-0.8394,0.8867,96
25,8,504.0,Medium*Medium*NoStarvation,10,Low*Medium*NoStarvation,42.71,8.5,7,8,8,0.3077,0.085,0.4,0.0308,-0.0425,-0.08,0.0092,0.0,-0.1133,-0.7376,-0.7422,0.8867,26
25,9,550.0,Low*Medium*NoStarvation,20,Low*Medium*NoStarvation,8.5,15.14,8,7,19,0.413,0.1514,0.35,0.0413,-0.0757,-0.07,0.0124,0.0,-0.1333,-0.7829,-0.7849,0.8867,46
25,10,596.0,Low*Medium*NoStarvation,20,Low*Medium*NoStarvation,15.14,15.71,7,7,20,0.4348,0.1571,0.35,0.0435,-0.0786,-0.07,0.013,0.0,-0.1355,-0.7849,-0.787,0.8867,46
25,11,662.0,Low*Medium*NoStarvation,30,Medium*Medium*NoStarvation,15.71,25.71,7,7,28,0.4242,0.2571,0.35,0.0424,-0.1286,-0.07,0.0127,0.0,-0.1858,-0.7944,-0.8003,0.8867,66
25,12,728.0,Medium*Medium*NoStarvation,30,Medium*Medium*NoStarvation,25.71,26.57,7,7,29,0.4394,0.2657,0.35,0.0439,-0.1329,-0.07,0.0132,0.0,-0.1897,-0.8128,-0.8173,0.8867,66
25,13,824.0,Medium*Medium*NoStarvation,45,Medium*Medium*NoStarvation,26.57,41.57,7,7,41,0.4271,0.4157,0.35,0.0427,-0.2079,-0.07,0.0128,0.0,-0.265,-0.849,-0.8574,0.8867,96
25,14,850.0,Medium*Medium*NoStarvation,10,Low*Medium*NoStarvation,41.57,6.29,7,7,9,0.3462,0.0629,0.35,0.0346,-0.0314,-0.07,0.0104,0.0,-0.091,-0.7422,-0.7441,0.8867,26
25,15,916.0,Low*Medium*NoStarvation,30,Medium*Medium*NoStarvation,6.29,25.86,7,7,29,0.4394,0.2586,0.35,0.0439,-0.1293,-0.07,0.0132,0.0,-0.1861,-0.8003,-0.8059,0.8867,66
25,16,982.0,Medium*Medium*NoStarvation,30,Medium*Medium*NoStarvation,25.86,25.57,7,7,28,0.4242,0.2557,0.35,0.0424,-0.1279,-0.07,0.0127,0.0,-0.1851,-0.8173,-0.8211,0.8867,66
25,17,1028.0,Medium*Medium*NoStarvation,20,Low*Medium*NoStarvation,25.57,16.0,7,7,15,0.3261,0.16,0.35,0.0326,-0.08,-0.07,0.0098,0.0,-0.1402,-0.7583,-0.7635,0.8867,46
25,18,1074.0,Low*Medium*NoStarvation,20,Low*Medium*NoStarvation,16.0,15.86,7,7,10,0.2174,0.1586,0.35,0.0217,-0.0793,-0.07,0.0065,0.0,-0.1428,-0.787,-0.7896,0.8867,46
25,19,1120.0,Low*Medium*NoStarvation,20,Low*Medium*NoStarvation,15.86,16.57,7,7,10,0.2174,0.1657,0.35,0.0217,-0.0829,-0.07,0.0065,0.0,-0.1463,-0.7896,-0.7922,0.8867,46
25,20,1216.0,Low*Medium*NoStarvation,45,Medium*Medium*NoStarvation,16.57,40.57,7,7,23,0.2396,0.4057,0.35,0.024,-0.2029,-0.07,0.0072,0.0,-0.2657,-0.8394,-0.849,0.8867,96
25,21,1312.0,Medium*Medium*NoStarvation,45,Medium*Medium*NoStarvation,40.57,39.86,7,7,23,0.2396,0.3986,0.35,0.024,-0.1993,-0.07,0.0072,0.0,-0.2621,-0.8574,-0.8648,0.8867,96
25,22,1338.0,Medium*Medium*NoStarvation,10,Low*Medium*NoStarvation,39.86,7.14,7,7,4,0.1538,0.0714,0.35,0.0154,-0.0357,-0.07,0.0046,0.0,-0.1011,-0.7441,-0.7468,0.8867,26
25,23,1434.0,Low*Medium*NoStarvation,45,Medium*Medium*NoStarvation,7.14,41.57,7,7,22,0.2292,0.4157,0.35,0.0229,-0.2079,-0.07,0.0069,0.0,-0.271,-0.849,-0.8584,0.8867,96
25,24,1530.0,Medium*Medium*NoStarvation,45,Medium*Medium*NoStarvation,41.57,40.71,7,7,22,0.2292,0.4071,0.35,0.0229,-0.2036,-0.07,0.0069,0.0,-0.2667,-0.8648,-0.8722,0.8867,96
25,25,1576.0,Medium*Medium*NoStarvation,20,Low*Medium*NoStarvation,40.71,16.29,7,7,10,0.2174,0.1629,0.35,0.0217,-0.0814,-0.07,0.0065,0.0,-0.1449,-0.7635,-0.7686,0.8867,46
25,26,1672.0,Low*Medium*NoStarvation,45,Medium*Medium*NoStarvation,16.29,41.71,7,7,22,0.2292,0.4171,0.35,0.0229,-0.2086,-0.07,0.0069,0.0,-0.2717,-0.8584,-0.8669,0.8867,96
25,27,1698.0,Medium*Medium*NoStarvation,10,Low*Medium*NoStarvation,41.71,6.43,7,7,5,0.1923,0.0643,0.35,0.0192,-0.0321,-0.07,0.0058,0.0,-0.0964,-0.7468,-0.7487,0.8867,26
25,28,1724.0,Low*Medium*NoStarvation,10,Low*Medium*NoStarvation,6.43,6.57,7,7,5,0.1923,0.0657,0.35,0.0192,-0.0329,-0.07,0.0058,0.0,-0.0971,-0.7444,-0.7467,0.8867,26
25,29,1820.0,Low*Medium*NoStarvation,45,Medium*Medium*NoStarvation,6.57,40.86,7,7,23,0.2396,0.4086,0.35,0.024,-0.2043,-0.07,0.0072,0.0,-0.2671,-0.8669,-0.8743,0.8867,96
25,30,1886.0,Medium*Medium*NoStarvation,30,Medium*Medium*NoStarvation,40.86,25.86,7,7,15,0.2273,0.2586,0.35,0.0227,-0.1293,-0.07,0.0068,0.0,-0.1925,-0.8211,-0.8256,0.8867,66
25,31,1912.0,Medium*Medium*NoStarvation,10,Low*Medium*NoStarvation,25.86,7.29,7,7,5,0.1923,0.0729,0.35,0.0192,-0.0364,-0.07,0.0058,0.0,-0.1007,-0.7487,-0.7511,0.8867,26
25,32,2008.0,Low*Medium*NoStarvation,45,Medium*Medium*NoStarvation,7.29,40.57,7,7,23,0.2396,0.4057,0.35,0.024,-0.2029,-0.07,0.0072,0.0,-0.2657,-0.8743,-0.8811,0.8867,96
25,33,2074.0,Medium*Medium*NoStarvation,30,Medium*Medium*NoStarvation,40.57,26.43,7,7,15,0.2273,0.2643,0.35,0.0227,-0.1321,-0.07,0.0068,0.0,-0.1953,-0.8256,-0.8302,0.8867,66
25,34,2170.0,Medium*Medium*NoStarvation,45,Medium*Medium*NoStarvation,26.43,41.86,7,7,22,0.2292,0.4186,0.35,0.0229,-0.2093,-0.07,0.0069,0.0,-0.2724,-0.8722,-0.8798,0.8867,96
25,35,2266.0,Medium*Medium*NoStarvation,45,Medium*Medium*NoStarvation,41.86,42.14,7,7,22,0.2292,0.4214,0.35,0.0229,-0.2107,-0.07,0.0069,0.0,-0.2738,-0.8798,-0.8868,0.8867,96
25,36,2292.0,Medium*Medium*NoStarvation,10,Low*Medium*NoStarvation,42.14,9.29,7,7,4,0.1538,0.0929,0.35,0.0154,-0.0464,-0.07,0.0046,0.0,-0.1118,-0.7511,-0.7544,0.8867,26
25,37,2358.0,Low*Medium*NoStarvation,30,Medium*Medium*NoStarvation,9.29,26.29,7,7,15,0.2273,0.2629,0.35,0.0227,-0.1314,-0.07,0.0068,0.0,-0.1946,-0.8059,-0.8126,0.8867,66
25,38,2404.0,Medium*Medium*NoStarvation,20,Low*Medium*NoStarvation,26.29,14.86,7,7,10,0.2174,0.1486,0.35,0.0217,-0.0743,-0.07,0.0065,0.0,-0.1378,-0.7686,-0.7727,0.8867,46
25,39,2430.0,Low*Medium*NoStarvation,10,Low*Medium*NoStarvation,14.86,6.43,7,7,5,0.1923,0.0643,0.35,0.0192,-0.0321,-0.07,0.0058,0.0,-0.0964,-0.7467,-0.7489,0.8867,26
25,40,2456.0,Low*Medium*NoStarvation,10,Low*Medium*NoStarvation,6.43,8.43,7,7,4,0.1538,0.0843,0.35,0.0154,-0.0421,-0.07,0.0046,0.0,-0.1075,-0.7489,-0.7521,0.8867,26
25,41,2552.0,Low*Medium*NoStarvation,45,Medium*Medium*NoStarvation,8.43,40.43,7,7,23,0.2396,0.4043,0.35,0.024,-0.2021,-0.07,0.0072,0.0,-0.265,-0.8811,-0.8873,0.8867,96
25,42,2578.0,Medium*Medium*NoStarvation,10,Low*Medium*NoStarvation,40.43,8.0,7,7,4,0.1538,0.08,0.35,0.0154,-0.04,-0.07,0.0046,0.0,-0.1054,-0.7544,-0.7572,0.8867,26
25,43,2624.0,Low*Medium*NoStarvation,20,Low*Medium*NoStarvation,8.0,15.71,7,7,10,0.2174,0.1571,0.35,0.0217,-0.0786,-0.07,0.0065,0.0,-0.142,-0.7922,-0.7949,0.8867,46
25,44,2650.0,Low*Medium*NoStarvation,45,Low*Low*NoStarvation,15.71,0.0,7,0,10,0.1042,0.0,0.0,0.0104,-0.0,-0.0,0.0031,0.0,0.0031,-0.8873,-0.8152,0.8867,96
26,0,146.0,Low*Low*NoStarvation,45,Medium*Medium*NoStarvation,0.83,40.71,2,7,47,0.4896,0.4071,0.35,0.049,-0.2036,-0.07,0.0147,0.0,-0.2589,-0.3167,-0.3791,0.8822,96
26,1,192.0,Medium*Medium*NoStarvation,20,Low*Medium*NoStarvation,40.71,16.29,7,7,20,0.4348,0.1629,0.35,0.0435,-0.0814,-0.07,0.013,0.0,-0.1384,-0.7727,-0.777,0.8822,46
26,2,238.0,Low*Medium*NoStarvation,20,Low*Medium*NoStarvation,16.29,16.0,7,7,20,0.4348,0.16,0.35,0.0435,-0.08,-0.07,0.013,0.0,-0.137,-0.7949,-0.7968,0.8822,46
26,3,334.0,Low*Medium*NoStarvation,45,Medium*Medium*NoStarvation,16.0,40.43,7,7,45,0.4688,0.4043,0.35,0.0469,-0.2021,-0.07,0.0141,0.0,-0.2581,-0.8152,-0.8277,0.8822,96
26,4,400.0,Medium*Medium*NoStarvation,30,Medium*Medium*NoStarvation,40.43,27.43,7,7,28,0.4242,0.2743,0.35,0.0424,-0.1371,-0.07,0.0127,0.0,-0.1944,-0.8302,-0.8347,0.8822,66
26,5,426.0,Medium*Medium*NoStarvation,10,Low*Medium*NoStarvation,27.43,7.0,7,7,8,0.3077,0.07,0.35,0.0308,-0.035,-0.07,0.0092,0.0,-0.0958,-0.7572,-0.7588,0.8822,26
26,6,472.0,Low*Medium*NoStarvation,20,Low*Medium*NoStarvation,7.0,17.71,7,7,20,0.4348,0.1771,0.35,0.0435,-0.0886,-0.07,0.013,0.0,-0.1455,-0.7968,-0.7994,0.8822,46
26,7,538.0,Low*Medium*NoStarvation,30,Medium*Medium*NoStarvation,17.71,26.71,7,7,29,0.4394,0.2671,0.35,0.0439,-0.1336,-0.07,0.0132,0.0,-0.1904,-0.8126,-0.8187,0.8822,66
26,8,564.0,Medium*Medium*NoStarvation,10,Low*Medium*NoStarvation,26.71,7.86,7,7,10,0.3846,0.0786,0.35,0.0385,-0.0393,-0.07,0.0115,0.0,-0.0977,-0.7588,-0.7603,0.8822,26
26,9,660.0,Low*Medium*NoStarvation,45,Medium*Medium*NoStarvation,7.86,40.86,7,7,43,0.4479,0.4086,0.35,0.0448,-0.2043,-0.07,0.0134,0.0,-0.2608,-0.8277,-0.8394,0.8822,96
26,10,706.0,Medium*Medium*NoStarvation,20,Low*Medium*NoStarvation,40.86,18.0,7,7,19,0.413,0.18,0.35,0.0413,-0.09,-0.07,0.0124,0.0,-0.1476,-0.777,-0.7817,0.8822,46
26,11,732.0,Low*Medium*NoStarvation,10,Low*Medium*NoStarvation,18.0,8.43,7,7,9,0.3462,0.0843,0.35,0.0346,-0.0421,-0.07,0.0104,0.0,-0.1018,-0.7521,-0.7548,0.8822,26
26,12,758.0,Low*Medium*NoStarvation,10,Low*Medium*NoStarvation,8.43,7.14,7,7,10,0.3846,0.0714,0.35,0.0385,-0.0357,-0.07,0.0115,0.0,-0.0942,-0.7548,-0.7567,0.8822,26
26,13,784.0,Low*Medium*NoStarvation,10,Low*Medium*NoStarvation,7.14,7.86,7,7,9,0.3462,0.0786,0.35,0.0346,-0.0393,-0.07,0.0104,0.0,-0.0989,-0.7567,-0.759,0.8822,26
26,14,880.0,Low*Medium*NoStarvation,45,Medium*Medium*NoStarvation,7.86,40.43,7,7,42,0.4375,0.4043,0.35,0.0437,-0.2021,-0.07,0.0131,0.0,-0.259,-0.8394,-0.8498,0.8822,96
26,15,976.0,Medium*Medium*NoStarvation,45,Medium*Medium*NoStarvation,40.43,41.29,7,7,41,0.4271,0.4129,0.35,0.0427,-0.2064,-0.07,0.0128,0.0,-0.2636,-0.8868,-0.893,0.8822,96
26,16,1072.0,Medium*Medium*NoStarvation,45,Medium*Medium*NoStarvation,41.29,39.86,7,7,29,0.3021,0.3986,0.35,0.0302,-0.1993,-0.07,0.0091,0.0,-0.2602,-0.893,-0.8981,0.8822,96
26,17,1098.0,Medium*Medium*NoStarvation,10,Low*Medium*NoStarvation,39.86,6.29,7,7,5,0.1923,0.0629,0.35,0.0192,-0.0314,-0.07,0.0058,0.0,-0.0957,-0.7603,-0.7622,0.8822,26
26,18,1124.0,Low*Medium*NoStarvation,10,Low*Medium*NoStarvation,6.29,5.71,7,6,5,0.1923,0.0571,0.3,0.0192,-0.0286,-0.06,0.0058,0.0,-0.0828,-0.759,-0.7597,0.8822,26
26,19,1190.0,Low*Medium*NoStarvation,30,Medium*Medium*NoStarvation,5.71,25.43,6,7,16,0.2424,0.2543,0.35,0.0242,-0.1271,-0.07,0.0073,0.0,-0.1899,-0.8187,-0.8244,0.8822,66
26,20,1216.0,Medium*Medium*NoStarvation,10,Low*Medium*NoStarvation,25.43,7.14,7,7,5,0.1923,0.0714,0.35,0.0192,-0.0357,-0.07,0.0058,0.0,-0.0999,-0.7622,-0.7643,0.8822,26
26,21,1242.0,Low*Medium*NoStarvation,10,Low*Medium*NoStarvation,7.14,6.29,7,7,5,0.1923,0.0629,0.35,0.0192,-0.0314,-0.07,0.0058,0.0,-0.0957,-0.7597,-0.7616,0.8822,26
26,22,1308.0,Low*Medium*NoStarvation,30,Medium*Medium*NoStarvation,6.29,27.14,7,7,15,0.2273,0.2714,0.35,0.0227,-0.1357,-0.07,0.0068,0.0,-0.1989,-0.8244,-0.8307,0.8822,66
26,23,1334.0,Medium*Medium*NoStarvation,10,Low*Medium*NoStarvation,27.14,7.86,7,7,4,0.1538,0.0786,0.35,0.0154,-0.0393,-0.07,0.0046,0.0,-0.1047,-0.7643,-0.7669,0.8822,26
26,24,1400.0,Low*Medium*NoStarvation,30,Medium*Medium*NoStarvation,7.86,26.0,7,7,15,0.2273,0.26,0.35,0.0227,-0.13,-0.07,0.0068,0.0,-0.1932,-0.8307,-0.8359,0.8822,66
26,25,1426.0,Medium*Medium*NoStarvation,10,Low*Medium*NoStarvation,26.0,7.86,7,7,4,0.1538,0.0786,0.35,0.0154,-0.0393,-0.07,0.0046,0.0,-0.1047,-0.7669,-0.7692,0.8822,26
26,26,1472.0,Low*Medium*NoStarvation,20,Low*Medium*NoStarvation,7.86,15.14,7,7,10,0.2174,0.1514,0.35,0.0217,-0.0757,-0.07,0.0065,0.0,-0.1392,-0.7994,-0.8019,0.8822,46
26,27,1568.0,Low*Medium*NoStarvation,45,Medium*Medium*NoStarvation,15.14,41.86,7,7,22,0.2292,0.4186,0.35,0.0229,-0.2093,-0.07,0.0069,0.0,-0.2724,-0.8498,-0.8613,0.8822,96
26,28,1634.0,Medium*Medium*NoStarvation,30,Medium*Medium*NoStarvation,41.86,25.71,7,7,15,0.2273,0.2571,0.35,0.0227,-0.1286,-0.07,0.0068,0.0,-0.1918,-0.8347,-0.8397,0.8822,66
26,29,1660.0,Medium*Medium*NoStarvation,10,Low*Medium*NoStarvation,25.71,8.0,7,7,4,0.1538,0.08,0.35,0.0154,-0.04,-0.07,0.0046,0.0,-0.1054,-0.7692,-0.7714,0.8822,26
26,30,1686.0,Low*Medium*NoStarvation,10,Low*Medium*NoStarvation,8.0,6.86,7,7,5,0.1923,0.0686,0.35,0.0192,-0.0343,-0.07,0.0058,0.0,-0.0985,-0.7616,-0.7639,0.8822,26
26,31,1712.0,Low*Medium*NoStarvation,10,Low*Medium*NoStarvation,6.86,8.29,7,7,4,0.1538,0.0829,0.35,0.0154,-0.0414,-0.07,0.0046,0.0,-0.1068,-0.7639,-0.7669,0.8822,26
26,32,1738.0,Low*Medium*NoStarvation,10,Low*Medium*NoStarvation,8.29,7.71,7,7,5,0.1923,0.0771,0.35,0.0192,-0.0386,-0.07,0.0058,0.0,-0.1028,-0.7669,-0.7695,0.8822,26
26,33,1764.0,Low*Medium*NoStarvation,10,Low*Medium*NoStarvation,7.71,7.14,7,7,5,0.1923,0.0714,0.35,0.0192,-0.0357,-0.07,0.0058,0.0,-0.0999,-0.7695,-0.7718,0.8822,26
26,34,1860.0,Low*Medium*NoStarvation,45,Medium*Medium*NoStarvation,7.14,43.29,7,7,22,0.2292,0.4329,0.35,0.0229,-0.2164,-0.07,0.0069,0.0,-0.2796,-0.8613,-0.8726,0.8822,96
26,35,1956.0,Medium*Medium*NoStarvation,45,Medium*Medium*NoStarvation,43.29,40.43,7,7,23,0.2396,0.4043,0.35,0.024,-0.2021,-0.07,0.0072,0.0,-0.265,-0.8981,-0.9042,0.8822,96
26,36,2022.0,Medium*Medium*NoStarvation,30,Medium*Medium*NoStarvation,40.43,25.71,7,7,15,0.2273,0.2571,0.35,0.0227,-0.1286,-0.07,0.0068,0.0,-0.1918,-0.8397,-0.8443,0.8822,66
26,37,2118.0,Medium*Medium*NoStarvation,45,Medium*Medium*NoStarvation,25.71,40.29,7,7,23,0.2396,0.4029,0.35,0.024,-0.2014,-0.07,0.0072,0.0,-0.2642,-0.9042,-0.9096,0.8822,96
26,38,2144.0,Medium*Medium*NoStarvation,10,Low*Medium*NoStarvation,40.29,7.14,7,7,5,0.1923,0.0714,0.35,0.0192,-0.0357,-0.07,0.0058,0.0,-0.0999,-0.7714,-0.7737,0.8822,26
26,39,2170.0,Low*Medium*NoStarvation,10,Low*Medium*NoStarvation,7.14,6.14,7,7,5,0.1923,0.0614,0.35,0.0192,-0.0307,-0.07,0.0058,0.0,-0.0949,-0.7718,-0.7736,0.8822,26
26,40,2216.0,Low*Medium*NoStarvation,20,Low*Medium*NoStarvation,6.14,16.43,7,7,10,0.2174,0.1643,0.35,0.0217,-0.0821,-0.07,0.0065,0.0,-0.1456,-0.8019,-0.8059,0.8822,46
26,41,2312.0,Low*Medium*NoStarvation,45,Medium*Medium*NoStarvation,16.43,41.29,7,7,22,0.2292,0.4129,0.35,0.0229,-0.2064,-0.07,0.0069,0.0,-0.2696,-0.8726,-0.8819,0.8822,96
26,42,2358.0,Medium*Medium*NoStarvation,20,Low*Medium*NoStarvation,41.29,15.57,7,7,10,0.2174,0.1557,0.35,0.0217,-0.0779,-0.07,0.0065,0.0,-0.1413,-0.7817,-0.7873,0.8822,46
26,43,2454.0,Low*Medium*NoStarvation,45,Medium*Medium*NoStarvation,15.57,41.86,7,7,22,0.2292,0.4186,0.35,0.0229,-0.2093,-0.07,0.0069,0.0,-0.2724,-0.8819,-0.8906,0.8822,96
26,44,2520.0,Medium*Medium*NoStarvation,30,Medium*Medium*NoStarvation,41.86,25.71,7,7,15,0.2273,0.2571,0.35,0.0227,-0.1286,-0.07,0.0068,0.0,-0.1918,-0.8443,-0.8487,0.8822,66
26,45,2546.0,Medium*Medium*NoStarvation,10,Low*Medium*NoStarvation,25.71,7.0,7,7,5,0.1923,0.07,0.35,0.0192,-0.035,-0.07,0.0058,0.0,-0.0992,-0.7737,-0.7759,0.8822,26
26,46,2592.0,Low*Medium*NoStarvation,20,Low*Medium*NoStarvation,7.0,16.43,7,7,10,0.2174,0.1643,0.35,0.0217,-0.0821,-0.07,0.0065,0.0,-0.1456,-0.8059,-0.8095,0.8822,46
26,47,2618.0,Low*Medium*NoStarvation,10,Low*Medium*NoStarvation,16.43,6.29,7,7,5,0.1923,0.0629,0.35,0.0192,-0.0314,-0.07,0.0058,0.0,-0.0957,-0.7736,-0.7754,0.8822,26
26,48,2644.0,Low*Medium*NoStarvation,10,Low*Medium*NoStarvation,6.29,5.43,7,6,5,0.1923,0.0543,0.3,0.0192,-0.0271,-0.06,0.0058,0.0,-0.0814,-0.7754,-0.7758,0.8822,26
26,49,2690.0,Low*Medium*NoStarvation,20,Medium*Low*NoStarvation,5.43,22.5,6,2,9,0.1957,0.225,0.1,0.0196,-0.1125,-0.02,0.0059,0.0,-0.1266,-0.8095,-0.7412,0.8822,46
26,50,2700.0,Medium*Low*NoStarvation,20,Low*Low*NoStarvation,22.5,0.0,2,0,2,0.0435,0.0,0.0,0.0043,-0.0,-0.0,0.0013,0.0,0.0013,-0.0065,-0.0226,0.8822,46
27,0,146.0,Low*Low*NoStarvation,45,Medium*Medium*NoStarvation,0.83,40.71,2,7,47,0.4896,0.4071,0.35,0.049,-0.2036,-0.07,0.0147,0.0,-0.2589,-0.3791,-0.4369,0.8778,96
27,1,242.0,Medium*Medium*NoStarvation,45,Medium*Medium*NoStarvation,40.71,40.14,7,7,45,0.4688,0.4014,0.35,0.0469,-0.2007,-0.07,0.0141,0.0,-0.2567,-0.9096,-0.9142,0.8778,96
27,2,308.0,Medium*Medium*NoStarvation,30,Medium*Medium*NoStarvation,40.14,26.29,7,7,30,0.4545,0.2629,0.35,0.0455,-0.1314,-0.07,0.0136,0.0,-0.1878,-0.8487,-0.8524,0.8778,66
27,3,354.0,Medium*Medium*NoStarvation,20,Low*Medium*NoStarvation,26.29,17.29,7,7,19,0.413,0.1729,0.35,0.0413,-0.0864,-0.07,0.0124,0.0,-0.144,-0.7873,-0.7897,0.8778,46
27,4,400.0,Low*Medium*NoStarvation,20,Low*Medium*NoStarvation,17.29,16.71,7,7,19,0.413,0.1671,0.35,0.0413,-0.0836,-0.07,0.0124,0.0,-0.1412,-0.7412,-0.7479,0.8778,46
27,5,466.0,Low*Medium*NoStarvation,30,Medium*Medium*NoStarvation,16.71,25.0,7,7,28,0.4242,0.25,0.35,0.0424,-0.125,-0.07,0.0127,0.0,-0.1823,-0.8359,-0.8404,0.8778,66
27,6,492.0,Medium*Medium*NoStarvation,10,Low*Medium*NoStarvation,25.0,6.14,7,7,10,0.3846,0.0614,0.35,0.0385,-0.0307,-0.07,0.0115,0.0,-0.0892,-0.7759,-0.7745,0.8778,26
27,7,518.0,Low*Medium*NoStarvation,10,Low*Medium*NoStarvation,6.14,5.71,7,6,10,0.3846,0.0571,0.3,0.0385,-0.0286,-0.06,0.0115,0.0,-0.077,-0.7758,-0.7733,0.8778,26
27,8,564.0,Low*Medium*NoStarvation,20,Low*Medium*NoStarvation,5.71,15.57,6,7,21,0.4565,0.1557,0.35,0.0457,-0.0779,-0.07,0.0137,0.0,-0.1342,-0.7479,-0.7539,0.8778,46
27,9,610.0,Low*Medium*NoStarvation,20,Low*Medium*NoStarvation,15.57,16.71,7,7,19,0.413,0.1671,0.35,0.0413,-0.0836,-0.07,0.0124,0.0,-0.1412,-0.7539,-0.7604,0.8778,46
27,10,636.0,Low*Medium*NoStarvation,10,Low*Medium*NoStarvation,16.71,6.57,7,7,8,0.3077,0.0657,0.35,0.0308,-0.0329,-0.07,0.0092,0.0,-0.0936,-0.7733,-0.7737,0.8778,26
27,11,702.0,Low*Medium*NoStarvation,30,Medium*Medium*NoStarvation,6.57,26.0,7,7,30,0.4545,0.26,0.35,0.0455,-0.13,-0.07,0.0136,0.0,-0.1864,-0.8404,-0.8447,0.8778,66
27,12,728.0,Medium*Medium*NoStarvation,10,Low*Medium*NoStarvation,26.0,6.43,7,7,10,0.3846,0.0643,0.35,0.0385,-0.0321,-0.07,0.0115,0.0,-0.0906,-0.7745,-0.7746,0.8778,26
27,13,824.0,Low*Medium*NoStarvation,45,Medium*Medium*NoStarvation,6.43,41.57,7,7,42,0.4375,0.4157,0.35,0.0437,-0.2079,-0.07,0.0131,0.0,-0.2647,-0.8906,-0.8977,0.8778,96
27,14,870.0,Medium*Medium*NoStarvation,20,Low*Medium*NoStarvation,41.57,15.57,7,7,19,0.413,0.1557,0.35,0.0413,-0.0779,-0.07,0.0124,0.0,-0.1355,-0.7897,-0.7927,0.8778,46
27,15,936.0,Low*Medium*NoStarvation,30,Medium*Medium*NoStarvation,15.57,27.0,7,7,28,0.4242,0.27,0.35,0.0424,-0.135,-0.07,0.0127,0.0,-0.1923,-0.8447,-0.8492,0.8778,66
27,16,1002.0,Medium*Medium*NoStarvation,30,Medium*Medium*NoStarvation,27.0,25.57,7,7,28,0.4242,0.2557,0.35,0.0424,-0.1279,-0.07,0.0127,0.0,-0.1851,-0.8524,-0.8554,0.8778,66
27,17,1028.0,Medium*Medium*NoStarvation,10,Low*Medium*NoStarvation,25.57,6.43,7,7,6,0.2308,0.0643,0.35,0.0231,-0.0321,-0.07,0.0069,0.0,-0.0952,-0.7746,-0.7751,0.8778,26
27,18,1074.0,Low*Medium*NoStarvation,20,Low*Medium*NoStarvation,6.43,15.86,7,7,10,0.2174,0.1586,0.35,0.0217,-0.0793,-0.07,0.0065,0.0,-0.1428,-0.7604,-0.7671,0.8778,46
27,19,1140.0,Low*Medium*NoStarvation,30,Medium*Medium*NoStarvation,15.86,26.0,7,7,15,0.2273,0.26,0.35,0.0227,-0.13,-0.07,0.0068,0.0,-0.1932,-0.8492,-0.8533,0.8778,66
27,20,1236.0,Medium*Medium*NoStarvation,45,Medium*Medium*NoStarvation,26.0,42.29,7,7,22,0.2292,0.4229,0.35,0.0229,-0.2114,-0.07,0.0069,0.0,-0.2746,-0.9142,-0.92,0.8778,96
27,21,1282.0,Medium*Medium*NoStarvation,20,Low*Medium*NoStarvation,42.29,17.0,7,7,10,0.2174,0.17,0.35,0.0217,-0.085,-0.07,0.0065,0.0,-0.1485,-0.7927,-0.7973,0.8778,46
27,22,1378.0,Low*Medium*NoStarvation,45,Medium*Medium*NoStarvation,17.0,39.57,7,7,23,0.2396,0.3957,0.35,0.024,-0.1979,-0.07,0.0072,0.0,-0.2607,-0.8977,-0.9038,0.8778,96
27,23,1404.0,Medium*Medium*NoStarvation,10,Low*Medium*NoStarvation,39.57,5.29,7,6,5,0.1923,0.0529,0.3,0.0192,-0.0264,-0.06,0.0058,0.0,-0.0807,-0.7751,-0.7747,0.8778,26
27,24,1450.0,Low*Medium*NoStarvation,20,Low*Medium*NoStarvation,5.29,15.57,6,7,10,0.2174,0.1557,0.35,0.0217,-0.0779,-0.07,0.0065,0.0,-0.1413,-0.7671,-0.7736,0.8778,46
27,25,1496.0,Low*Medium*NoStarvation,20,Low*Medium*NoStarvation,15.57,16.14,7,7,10,0.2174,0.1614,0.35,0.0217,-0.0807,-0.07,0.0065,0.0,-0.1442,-0.7736,-0.7802,0.8778,46
27,26,1592.0,Low*Medium*NoStarvation,45,Medium*Medium*NoStarvation,16.14,40.0,7,7,23,0.2396,0.4,0.35,0.024,-0.2,-0.07,0.0072,0.0,-0.2628,-0.9038,-0.9094,0.8778,96
27,27,1658.0,Medium*Medium*NoStarvation,30,Medium*Medium*NoStarvation,40.0,25.14,7,7,15,0.2273,0.2514,0.35,0.0227,-0.1257,-0.07,0.0068,0.0,-0.1889,-0.8554,-0.8585,0.8778,66
27,28,1704.0,Medium*Medium*NoStarvation,20,Low*Medium*NoStarvation,25.14,16.14,7,7,10,0.2174,0.1614,0.35,0.0217,-0.0807,-0.07,0.0065,0.0,-0.1442,-0.7973,-0.8017,0.8778,46
27,29,1750.0,Low*Medium*NoStarvation,20,Low*Medium*NoStarvation,16.14,15.43,7,7,10,0.2174,0.1543,0.35,0.0217,-0.0771,-0.07,0.0065,0.0,-0.1406,-0.7802,-0.7859,0.8778,46
27,30,1846.0,Low*Medium*NoStarvation,45,Medium*Medium*NoStarvation,15.43,41.86,7,7,22,0.2292,0.4186,0.35,0.0229,-0.2093,-0.07,0.0069,0.0,-0.2724,-0.9094,-0.9154,0.8778,96
27,31,1892.0,Medium*Medium*NoStarvation,20,Low*Medium*NoStarvation,41.86,17.29,7,7,10,0.2174,0.1729,0.35,0.0217,-0.0864,-0.07,0.0065,0.0,-0.1499,-0.8017,-0.8061,0.8778,46
27,32,1938.0,Low*Medium*NoStarvation,20,Low*Medium*NoStarvation,17.29,17.14,7,7,10,0.2174,0.1714,0.35,0.0217,-0.0857,-0.07,0.0065,0.0,-0.1492,-0.7859,-0.7919,0.8778,46
27,33,1964.0,Low*Medium*NoStarvation,10,Low*Medium*NoStarvation,17.14,6.29,7,7,5,0.1923,0.0629,0.35,0.0192,-0.0314,-0.07,0.0058,0.0,-0.0957,-0.7737,-0.7756,0.8778,26
27,34,2030.0,Low*Medium*NoStarvation,30,Medium*Medium*NoStarvation,6.29,26.14,7,7,15,0.2273,0.2614,0.35,0.0227,-0.1307,-0.07,0.0068,0.0,-0.1939,-0.8533,-0.8571,0.8778,66
27,35,2126.0,Medium*Medium*NoStarvation,45,Medium*Medium*NoStarvation,26.14,40.71,7,7,23,0.2396,0.4071,0.35,0.024,-0.2036,-0.07,0.0072,0.0,-0.2664,-0.92,-0.9243,0.8778,96
27,36,2152.0,Medium*Medium*NoStarvation,10,Low*Medium*NoStarvation,40.71,7.0,7,7,5,0.1923,0.07,0.35,0.0192,-0.035,-0.07,0.0058,0.0,-0.0992,-0.7747,-0.7769,0.8778,26
27,37,2198.0,Low*Medium*NoStarvation,20,Low*Medium*NoStarvation,7.0,16.57,7,7,10,0.2174,0.1657,0.35,0.0217,-0.0829,-0.07,0.0065,0.0,-0.1463,-0.7919,-0.7971,0.8778,46
27,38,2224.0,Low*Medium*NoStarvation,10,Low*Medium*NoStarvation,16.57,7.29,7,7,4,0.1538,0.0729,0.35,0.0154,-0.0364,-0.07,0.0046,0.0,-0.1018,-0.7756,-0.778,0.8778,26
27,39,2250.0,Low*Medium*NoStarvation,10,Low*Medium*NoStarvation,7.29,9.14,7,7,4,0.1538,0.0914,0.35,0.0154,-0.0457,-0.07,0.0046,0.0,-0.1111,-0.778,-0.7813,0.8778,26
27,40,2276.0,Low*Medium*NoStarvation,10,Low*Medium*NoStarvation,9.14,6.29,7,7,5,0.1923,0.0629,0.35,0.0192,-0.0314,-0.07,0.0058,0.0,-0.0957,-0.7813,-0.7831,0.8778,26
27,41,2302.0,Low*Medium*NoStarvation,10,Low*Medium*NoStarvation,6.29,5.43,7,7,5,0.1923,0.0543,0.35,0.0192,-0.0271,-0.07,0.0058,0.0,-0.0914,-0.7831,-0.7844,0.8778,26
27,42,2398.0,Low*Medium*NoStarvation,45,Medium*Medium*NoStarvation,5.43,42.86,7,7,22,0.2292,0.4286,0.35,0.0229,-0.2143,-0.07,0.0069,0.0,-0.2774,-0.9154,-0.9215,0.8778,96
27,43,2464.0,Medium*Medium*NoStarvation,30,Medium*Medium*NoStarvation,42.86,26.43,7,7,15,0.2273,0.2643,0.35,0.0227,-0.1321,-0.07,0.0068,0.0,-0.1953,-0.8585,-0.8621,0.8778,66
27,44,2560.0,Medium*Medium*NoStarvation,45,Medium*Medium*NoStarvation,26.43,40.29,7,7,23,0.2396,0.4029,0.35,0.024,-0.2014,-0.07,0.0072,0.0,-0.2642,-0.9243,-0.9283,0.8778,96
27,45,2586.0,Medium*Medium*NoStarvation,10,Low*Medium*NoStarvation,40.29,6.0,7,7,5,0.1923,0.06,0.35,0.0192,-0.03,-0.07,0.0058,0.0,-0.0942,-0.7769,-0.7793,0.8778,26
27,46,2612.0,Low*Medium*NoStarvation,10,Low*Medium*NoStarvation,6.0,6.71,7,7,5,0.1923,0.0671,0.35,0.0192,-0.0336,-0.07,0.0058,0.0,-0.0978,-0.7844,-0.7863,0.8778,26
27,47,2640.0,Low*Medium*NoStarvation,45,Low*Low*NoStarvation,6.71,0.0,7,0,11,0.1146,0.0,0.0,0.0115,-0.0,-0.0,0.0034,0.0,0.0034,-0.9215,-0.846,0.8778,96
28,0,76.0,Low*Low*NoStarvation,10,Low*Medium*NoStarvation,0.83,6.71,2,7,11,0.4231,0.0671,0.35,0.0423,-0.0336,-0.07,0.0127,0.0,-0.0909,-0.1882,-0.2492,0.8734,26
28,1,172.0,Low*Medium*NoStarvation,45,Medium*Medium*NoStarvation,6.71,40.57,7,7,46,0.4792,0.4057,0.35,0.0479,-0.2029,-0.07,0.0144,0.0,-0.2585,-0.846,-0.8574,0.8734,96
28,2,198.0,Medium*Medium*NoStarvation,10,Low*Medium*NoStarvation,40.57,8.14,7,7,9,0.3462,0.0814,0.35,0.0346,-0.0407,-0.07,0.0104,0.0,-0.1003,-0.7793,-0.7821,0.8734,26
28,3,264.0,Low*Medium*NoStarvation,30,Medium*Medium*NoStarvation,8.14,26.0,7,7,30,0.4545,0.26,0.35,0.0455,-0.13,-0.07,0.0136,0.0,-0.1864,-0.8571,-0.8604,0.8734,66
28,4,330.0,Medium*Medium*NoStarvation,30,Medium*Medium*NoStarvation,26.0,25.43,7,7,30,0.4545,0.2543,0.35,0.0455,-0.1271,-0.07,0.0136,0.0,-0.1835,-0.8621,-0.8646,0.8734,66
28,5,396.0,Medium*Medium*NoStarvation,30,Medium*Medium*NoStarvation,25.43,27.71,7,7,29,0.4394,0.2771,0.35,0.0439,-0.1386,-0.07,0.0132,0.0,-0.1954,-0.8646,-0.8681,0.8734,66
28,6,492.0,Medium*Medium*NoStarvation,45,Medium*Medium*NoStarvation,27.71,41.0,7,7,42,0.4375,0.41,0.35,0.0437,-0.205,-0.07,0.0131,0.0,-0.2619,-0.9283,-0.932,0.8734,96
28,7,518.0,Medium*Medium*NoStarvation,10,Low*Medium*NoStarvation,41.0,7.57,7,7,9,0.3462,0.0757,0.35,0.0346,-0.0379,-0.07,0.0104,0.0,-0.0975,-0.7821,-0.7844,0.8734,26
28,8,614.0,Low*Medium*NoStarvation,45,Medium*Medium*NoStarvation,7.57,40.86,7,7,43,0.4479,0.4086,0.35,0.0448,-0.2043,-0.07,0.0134,0.0,-0.2608,-0.8574,-0.8683,0.8734,96
28,9,660.0,Medium*Medium*NoStarvation,20,Low*Medium*NoStarvation,40.86,17.14,7,7,19,0.413,0.1714,0.35,0.0413,-0.0857,-0.07,0.0124,0.0,-0.1433,-0.8061,-0.8106,0.8734,46
28,10,706.0,Low*Medium*NoStarvation,20,Low*Medium*NoStarvation,17.14,17.0,7,7,19,0.413,0.17,0.35,0.0413,-0.085,-0.07,0.0124,0.0,-0.1426,-0.7971,-0.8024,0.8734,46
28,11,802.0,Low*Medium*NoStarvation,45,Medium*Medium*NoStarvation,17.0,42.71,7,7,41,0.4271,0.4271,0.35,0.0427,-0.2136,-0.07,0.0128,0.0,-0.2708,-0.8683,-0.8792,0.8734,96
28,12,848.0,Medium*Medium*NoStarvation,20,Low*Medium*NoStarvation,42.71,15.43,7,7,20,0.4348,0.1543,0.35,0.0435,-0.0771,-0.07,0.013,0.0,-0.1341,-0.8106,-0.8137,0.8734,46
28,13,944.0,Low*Medium*NoStarvation,45,Medium*Medium*NoStarvation,15.43,41.0,7,7,41,0.4271,0.41,0.35,0.0427,-0.205,-0.07,0.0128,0.0,-0.2622,-0.8792,-0.8881,0.8734,96
28,14,970.0,Medium*Medium*NoStarvation,10,Low*Medium*NoStarvation,41.0,6.57,7,7,8,0.3077,0.0657,0.35,0.0308,-0.0329,-0.07,0.0092,0.0,-0.0936,-0.7844,-0.7861,0.8734,26
28,15,1036.0,Low*Medium*NoStarvation,30,Medium*Medium*NoStarvation,6.57,26.29,7,7,24,0.3636,0.2629,0.35,0.0364,-0.1314,-0.07,0.0109,0.0,-0.1905,-0.8604,-0.8642,0.8734,66
28,16,1062.0,Medium*Medium*NoStarvation,10,Low*Medium*NoStarvation,26.29,7.0,7,7,5,0.1923,0.07,0.35,0.0192,-0.035,-0.07,0.0058,0.0,-0.0992,-0.7861,-0.7882,0.8734,26
28,17,1158.0,Low*Medium*NoStarvation,45,Medium*Medium*NoStarvation,7.0,39.71,7,7,23,0.2396,0.3971,0.35,0.024,-0.1986,-0.07,0.0072,0.0,-0.2614,-0.8881,-0.8963,0.8734,96
28,18,1184.0,Medium*Medium*NoStarvation,10,Low*Medium*NoStarvation,39.71,7.71,7,7,4,0.1538,0.0771,0.35,0.0154,-0.0386,-0.07,0.0046,0.0,-0.104,-0.7882,-0.7905,0.8734,26
28,19,1280.0,Low*Medium*NoStarvation,45,Medium*Medium*NoStarvation,7.71,41.29,7,7,23,0.2396,0.4129,0.35,0.024,-0.2064,-0.07,0.0072,0.0,-0.2692,-0.8963,-0.9048,0.8734,96
28,20,1326.0,Medium*Medium*NoStarvation,20,Low*Medium*NoStarvation,41.29,16.14,7,7,10,0.2174,0.1614,0.35,0.0217,-0.0807,-0.07,0.0065,0.0,-0.1442,-0.8137,-0.8175,0.8734,46
28,21,1352.0,Low*Medium*NoStarvation,10,Low*Medium*NoStarvation,16.14,7.86,7,7,4,0.1538,0.0786,0.35,0.0154,-0.0393,-0.07,0.0046,0.0,-0.1047,-0.7863,-0.7889,0.8734,26
28,22,1448.0,Low*Medium*NoStarvation,45,Medium*Medium*NoStarvation,7.86,42.29,7,7,22,0.2292,0.4229,0.35,0.0229,-0.2114,-0.07,0.0069,0.0,-0.2746,-0.9048,-0.9129,0.8734,96
28,23,1514.0,Medium*Medium*NoStarvation,30,Medium*Medium*NoStarvation,42.29,27.71,7,7,14,0.2121,0.2771,0.35,0.0212,-0.1386,-0.07,0.0064,0.0,-0.2022,-0.8681,-0.8727,0.8734,66
28,24,1610.0,Medium*Medium*NoStarvation,45,Medium*Medium*NoStarvation,27.71,41.43,7,7,23,0.2396,0.4143,0.35,0.024,-0.2071,-0.07,0.0072,0.0,-0.27,-0.932,-0.937,0.8734,96
28,25,1636.0,Medium*Medium*NoStarvation,10,Low*Medium*NoStarvation,41.43,9.29,7,7,4,0.1538,0.0929,0.35,0.0154,-0.0464,-0.07,0.0046,0.0,-0.1118,-0.7905,-0.7937,0.8734,26
28,26,1662.0,Low*Medium*NoStarvation,10,Low*Medium*NoStarvation,9.29,8.0,7,7,4,0.1538,0.08,0.35,0.0154,-0.04,-0.07,0.0046,0.0,-0.1054,-0.7889,-0.7916,0.8734,26
28,27,1688.0,Low*Medium*NoStarvation,10,Low*Medium*NoStarvation,8.0,6.86,7,7,5,0.1923,0.0686,0.35,0.0192,-0.0343,-0.07,0.0058,0.0,-0.0985,-0.7916,-0.7935,0.8734,26
28,28,1734.0,Low*Medium*NoStarvation,20,Low*Medium*NoStarvation,6.86,16.86,7,7,10,0.2174,0.1686,0.35,0.0217,-0.0843,-0.07,0.0065,0.0,-0.1478,-0.8024,-0.8084,0.8734,46
28,29,1780.0,Low*Medium*NoStarvation,20,Low*Medium*NoStarvation,16.86,16.71,7,7,10,0.2174,0.1671,0.35,0.0217,-0.0836,-0.07,0.0065,0.0,-0.147,-0.8084,-0.8137,0.8734,46
28,30,1826.0,Low*Medium*NoStarvation,20,Low*Medium*NoStarvation,16.71,15.86,7,7,10,0.2174,0.1586,0.35,0.0217,-0.0793,-0.07,0.0065,0.0,-0.1428,-0.8137,-0.818,0.8734,46
28,31,1872.0,Low*Medium*NoStarvation,20,Low*Medium*NoStarvation,15.86,15.29,7,7,10,0.2174,0.1529,0.35,0.0217,-0.0764,-0.07,0.0065,0.0,-0.1399,-0.818,-0.8216,0.8734,46
28,32,1938.0,Low*Medium*NoStarvation,30,Medium*Medium*NoStarvation,15.29,25.71,7,7,15,0.2273,0.2571,0.35,0.0227,-0.1286,-0.07,0.0068,0.0,-0.1918,-0.8642,-0.8684,0.8734,66
28,33,1984.0,Medium*Medium*NoStarvation,20,Low*Medium*NoStarvation,25.71,16.0,7,7,10,0.2174,0.16,0.35,0.0217,-0.08,-0.07,0.0065,0.0,-0.1435,-0.8175,-0.8215,0.8734,46
28,34,2030.0,Low*Medium*NoStarvation,20,Low*Medium*NoStarvation,16.0,15.43,7,7,10,0.2174,0.1543,0.35,0.0217,-0.0771,-0.07,0.0065,0.0,-0.1406,-0.8216,-0.8249,0.8734,46
28,35,2056.0,Low*Medium*NoStarvation,10,Low*Medium*NoStarvation,15.43,5.29,7,7,5,0.1923,0.0529,0.35,0.0192,-0.0264,-0.07,0.0058,0.0,-0.0907,-0.7935,-0.7946,0.8734,26
28,36,2122.0,Low*Medium*NoStarvation,30,Medium*Medium*NoStarvation,5.29,26.0,7,7,15,0.2273,0.26,0.35,0.0227,-0.13,-0.07,0.0068,0.0,-0.1932,-0.8684,-0.8723,0.8734,66
28,37,2168.0,Medium*Medium*NoStarvation,20,Low*Medium*NoStarvation,26.0,16.57,7,7,10,0.2174,0.1657,0.35,0.0217,-0.0829,-0.07,0.0065,0.0,-0.1463,-0.8215,-0.8255,0.8734,46
28,38,2214.0,Low*Medium*NoStarvation,20,Low*Medium*NoStarvation,16.57,16.14,7,7,10,0.2174,0.1614,0.35,0.0217,-0.0807,-0.07,0.0065,0.0,-0.1442,-0.8249,-0.8284,0.8734,46
28,39,2240.0,Low*Medium*NoStarvation,10,Low*Medium*NoStarvation,16.14,6.57,7,7,5,0.1923,0.0657,0.35,0.0192,-0.0329,-0.07,0.0058,0.0,-0.0971,-0.7946,-0.7964,0.8734,26
28,40,2266.0,Low*Medium*NoStarvation,10,Low*Medium*NoStarvation,6.57,8.57,7,7,4,0.1538,0.0857,0.35,0.0154,-0.0429,-0.07,0.0046,0.0,-0.1082,-0.7964,-0.7993,0.8734,26
28,41,2292.0,Low*Medium*NoStarvation,10,Low*Medium*NoStarvation,8.57,7.14,7,7,5,0.1923,0.0714,0.35,0.0192,-0.0357,-0.07,0.0058,0.0,-0.0999,-0.7993,-0.8013,0.8734,26
28,42,2358.0,Low*Medium*NoStarvation,30,Medium*Medium*NoStarvation,7.14,26.14,7,7,15,0.2273,0.2614,0.35,0.0227,-0.1307,-0.07,0.0068,0.0,-0.1939,-0.8723,-0.8759,0.8734,66
28,43,2424.0,Medium*Medium*NoStarvation,30,Medium*Medium*NoStarvation,26.14,26.29,7,7,15,0.2273,0.2629,0.35,0.0227,-0.1314,-0.07,0.0068,0.0,-0.1946,-0.8727,-0.8763,0.8734,66
28,44,2470.0,Medium*Medium*NoStarvation,20,Low*Medium*NoStarvation,26.29,16.0,7,7,10,0.2174,0.16,0.35,0.0217,-0.08,-0.07,0.0065,0.0,-0.1435,-0.8255,-0.8294,0.8734,46
28,45,2516.0,Low*Medium*NoStarvation,20,Low*Medium*NoStarvation,16.0,16.43,7,7,10,0.2174,0.1643,0.35,0.0217,-0.0821,-0.07,0.0065,0.0,-0.1456,-0.8284,-0.8322,0.8734,46
28,46,2562.0,Low*Medium*NoStarvation,20,Low*Medium*NoStarvation,16.43,17.14,7,7,10,0.2174,0.1714,0.35,0.0217,-0.0857,-0.07,0.0065,0.0,-0.1492,-0.8322,-0.836,0.8734,46
28,47,2628.0,Low*Medium*NoStarvation,30,Medium*Medium*NoStarvation,17.14,27.29,7,7,15,0.2273,0.2729,0.35,0.0227,-0.1364,-0.07,0.0068,0.0,-0.1996,-0.8759,-0.8797,0.8734,66
28,48,2654.0,Medium*Medium*NoStarvation,10,Low*Medium*NoStarvation,27.29,7.57,7,7,4,0.1538,0.0757,0.35,0.0154,-0.0379,-0.07,0.0046,0.0,-0.1032,-0.7937,-0.7967,0.8734,26
28,49,2682.0,Low*Medium*NoStarvation,30,Low*Low*NoStarvation,7.57,0.0,7,0,11,0.1667,0.0,0.0,0.0167,-0.0,-0.0,0.005,0.0,0.005,-0.8797,-0.8136,0.8734,66
29,0,146.0,Low*Low*NoStarvation,45,Medium*Medium*NoStarvation,0.83,40.71,2,7,47,0.4896,0.4071,0.35,0.049,-0.2036,-0.07,0.0147,0.0,-0.2589,-0.4369,-0.4908,0.8691,96
29,1,192.0,Medium*Medium*NoStarvation,20,Low*Medium*NoStarvation,40.71,16.29,7,7,20,0.4348,0.1629,0.35,0.0435,-0.0814,-0.07,0.013,0.0,-0.1384,-0.8294,-0.8325,0.8691,46
29,2,238.0,Low*Medium*NoStarvation,20,Low*Medium*NoStarvation,16.29,16.0,7,7,20,0.4348,0.16,0.35,0.0435,-0.08,-0.07,0.013,0.0,-0.137,-0.836,-0.8382,0.8691,46
29,3,264.0,Low*Medium*NoStarvation,10,Low*Medium*NoStarvation,16.0,6.43,7,7,10,0.3846,0.0643,0.35,0.0385,-0.0321,-0.07,0.0115,0.0,-0.0906,-0.8013,-0.8023,0.8691,26
29,4,310.0,Low*Medium*NoStarvation,20,Low*Medium*NoStarvation,6.43,17.0,7,7,20,0.4348,0.17,0.35,0.0435,-0.085,-0.07,0.013,0.0,-0.142,-0.8382,-0.8408,0.8691,46
29,5,356.0,Low*Medium*NoStarvation,20,Low*Medium*NoStarvation,17.0,16.14,7,7,20,0.4348,0.1614,0.35,0.0435,-0.0807,-0.07,0.013,0.0,-0.1377,-0.8408,-0.8427,0.8691,46
29,6,382.0,Low*Medium*NoStarvation,10,Low*Medium*NoStarvation,16.14,6.05,7,8,9,0.3462,0.0605,0.4,0.0346,-0.0302,-0.08,0.0104,0.0,-0.0999,-0.8023,-0.8043,0.8691,26
29,7,448.0,Low*Medium*NoStarvation,30,Medium*Medium*NoStarvation,6.05,26.57,8,7,30,0.4545,0.2657,0.35,0.0455,-0.1329,-0.07,0.0136,0.0,-0.1892,-0.8136,-0.8229,0.8691,66
29,8,514.0,Medium*Medium*NoStarvation,30,Medium*Medium*NoStarvation,26.57,26.14,7,7,29,0.4394,0.2614,0.35,0.0439,-0.1307,-0.07,0.0132,0.0,-0.1875,-0.8763,-0.8791,0.8691,66
29,9,560.0,Medium*Medium*NoStarvation,20,Low*Medium*NoStarvation,26.14,15.86,7,7,19,0.413,0.1586,0.35,0.0413,-0.0793,-0.07,0.0124,0.0,-0.1369,-0.8325,-0.8353,0.8691,46
29,10,606.0,Low*Medium*NoStarvation,20,Low*Medium*NoStarvation,15.86,15.86,7,7,19,0.413,0.1586,0.35,0.0413,-0.0793,-0.07,0.0124,0.0,-0.1369,-0.8427,-0.8445,0.8691,46
29,11,632.0,Low*Medium*NoStarvation,10,Low*Medium*NoStarvation,15.86,5.71,7,7,10,0.3846,0.0571,0.35,0.0385,-0.0286,-0.07,0.0115,0.0,-0.087,-0.8043,-0.8049,0.8691,26
29,12,678.0,Low*Medium*NoStarvation,20,Low*Medium*NoStarvation,5.71,14.71,7,7,19,0.413,0.1471,0.35,0.0413,-0.0736,-0.07,0.0124,0.0,-0.1312,-0.8445,-0.8456,0.8691,46
29,13,724.0,Low*Medium*NoStarvation,20,Low*Medium*NoStarvation,14.71,16.43,7,7,20,0.4348,0.1643,0.35,0.0435,-0.0821,-0.07,0.013,0.0,-0.1391,-0.8456,-0.8474,0.8691,46
29,14,820.0,Low*Medium*NoStarvation,45,Medium*Medium*NoStarvation,16.43,40.29,7,7,42,0.4375,0.4029,0.35,0.0437,-0.2014,-0.07,0.0131,0.0,-0.2583,-0.9129,-0.9191,0.8691,96
29,15,886.0,Medium*Medium*NoStarvation,30,Medium*Medium*NoStarvation,40.29,25.86,7,7,28,0.4242,0.2586,0.35,0.0424,-0.1293,-0.07,0.0127,0.0,-0.1866,-0.8791,-0.8816,0.8691,66
29,16,912.0,Medium*Medium*NoStarvation,10,Low*Medium*NoStarvation,25.86,7.0,7,7,10,0.3846,0.07,0.35,0.0385,-0.035,-0.07,0.0115,0.0,-0.0935,-0.7967,-0.7989,0.8691,26
29,17,958.0,Low*Medium*NoStarvation,20,Low*Medium*NoStarvation,7.0,17.14,7,7,20,0.4348,0.1714,0.35,0.0435,-0.0857,-0.07,0.013,0.0,-0.1427,-0.8474,-0.8494,0.8691,46
29,18,1054.0,Low*Medium*NoStarvation,45,Medium*Medium*NoStarvation,17.14,43.14,7,7,31,0.3229,0.4314,0.35,0.0323,-0.2157,-0.07,0.0097,0.0,-0.276,-0.9191,-0.9267,0.8691,96
29,19,1080.0,Medium*Medium*NoStarvation,10,Low*Medium*NoStarvation,43.14,7.14,7,7,4,0.1538,0.0714,0.35,0.0154,-0.0357,-0.07,0.0046,0.0,-0.1011,-0.7989,-0.8015,0.8691,26
29,20,1126.0,Low*Medium*NoStarvation,20,Low*Medium*NoStarvation,7.14,16.14,7,7,10,0.2174,0.1614,0.35,0.0217,-0.0807,-0.07,0.0065,0.0,-0.1442,-0.8494,-0.8513,0.8691,46
29,21,1222.0,Low*Medium*NoStarvation,45,Medium*Medium*NoStarvation,16.14,39.57,7,7,23,0.2396,0.3957,0.35,0.024,-0.1979,-0.07,0.0072,0.0,-0.2607,-0.9267,-0.9323,0.8691,96
29,22,1318.0,Medium*Medium*NoStarvation,45,Medium*Medium*NoStarvation,39.57,41.14,7,7,23,0.2396,0.4114,0.35,0.024,-0.2057,-0.07,0.0072,0.0,-0.2685,-0.937,-0.9422,0.8691,96
29,23,1364.0,Medium*Medium*NoStarvation,20,Low*Medium*NoStarvation,41.14,16.71,7,7,10,0.2174,0.1671,0.35,0.0217,-0.0836,-0.07,0.0065,0.0,-0.147,-0.8353,-0.8389,0.8691,46
29,24,1390.0,Low*Medium*NoStarvation,10,Low*Medium*NoStarvation,16.71,7.86,7,7,4,0.1538,0.0786,0.35,0.0154,-0.0393,-0.07,0.0046,0.0,-0.1047,-0.8049,-0.8073,0.8691,26
29,25,1436.0,Low*Medium*NoStarvation,20,Low*Medium*NoStarvation,7.86,16.86,7,7,9,0.1957,0.1686,0.35,0.0196,-0.0843,-0.07,0.0059,0.0,-0.1484,-0.8513,-0.8537,0.8691,46
29,26,1532.0,Low*Medium*NoStarvation,45,Medium*Medium*NoStarvation,16.86,42.43,7,7,22,0.2292,0.4243,0.35,0.0229,-0.2121,-0.07,0.0069,0.0,-0.2753,-0.9323,-0.9387,0.8691,96
29,27,1598.0,Medium*Medium*NoStarvation,30,Medium*Medium*NoStarvation,42.43,25.57,7,7,16,0.2424,0.2557,0.35,0.0242,-0.1279,-0.07,0.0073,0.0,-0.1906,-0.8816,-0.8846,0.8691,66
29,28,1644.0,Medium*Medium*NoStarvation,20,Low*Medium*NoStarvation,25.57,16.14,7,7,10,0.2174,0.1614,0.35,0.0217,-0.0807,-0.07,0.0065,0.0,-0.1442,-0.8389,-0.8421,0.8691,46
29,29,1690.0,Low*Medium*NoStarvation,20,Low*Medium*NoStarvation,16.14,17.29,7,7,9,0.1957,0.1729,0.35,0.0196,-0.0864,-0.07,0.0059,0.0,-0.1506,-0.8537,-0.856,0.8691,46
29,30,1716.0,Low*Medium*NoStarvation,10,Low*Medium*NoStarvation,17.29,6.43,7,7,5,0.1923,0.0643,0.35,0.0192,-0.0321,-0.07,0.0058,0.0,-0.0964,-0.8073,-0.8089,0.8691,26
29,31,1742.0,Low*Medium*NoStarvation,10,Low*Medium*NoStarvation,6.43,6.43,7,7,5,0.1923,0.0643,0.35,0.0192,-0.0321,-0.07,0.0058,0.0,-0.0964,-0.8089,-0.8105,0.8691,26
29,32,1768.0,Low*Medium*NoStarvation,10,Low*Medium*NoStarvation,6.43,6.14,7,7,5,0.1923,0.0614,0.35,0.0192,-0.0307,-0.07,0.0058,0.0,-0.0949,-0.8105,-0.8118,0.8691,26
29,33,1864.0,Low*Medium*NoStarvation,45,Medium*Medium*NoStarvation,6.14,39.86,7,7,23,0.2396,0.3986,0.35,0.024,-0.1993,-0.07,0.0072,0.0,-0.2621,-0.9387,-0.9432,0.8691,96
29,34,1890.0,Medium*Medium*NoStarvation,10,Low*Medium*NoStarvation,39.86,7.0,7,7,5,0.1923,0.07,0.35,0.0192,-0.035,-0.07,0.0058,0.0,-0.0992,-0.8015,-0.8044,0.8691,26
29,35,1986.0,Low*Medium*NoStarvation,45,Medium*Medium*NoStarvation,7.0,39.86,7,7,23,0.2396,0.3986,0.35,0.024,-0.1993,-0.07,0.0072,0.0,-0.2621,-0.9432,-0.9475,0.8691,96
29,36,2032.0,Medium*Medium*NoStarvation,20,Low*Medium*NoStarvation,39.86,16.29,7,7,10,0.2174,0.1629,0.35,0.0217,-0.0814,-0.07,0.0065,0.0,-0.1449,-0.8421,-0.8454,0.8691,46
29,37,2098.0,Low*Medium*NoStarvation,30,Medium*Medium*NoStarvation,16.29,26.57,7,7,15,0.2273,0.2657,0.35,0.0227,-0.1329,-0.07,0.0068,0.0,-0.196,-0.8229,-0.8326,0.8691,66
29,38,2124.0,Medium*Medium*NoStarvation,10,Low*Medium*NoStarvation,26.57,6.0,7,7,5,0.1923,0.06,0.35,0.0192,-0.03,-0.07,0.0058,0.0,-0.0942,-0.8044,-0.8064,0.8691,26
29,39,2170.0,Low*Medium*NoStarvation,20,Low*Medium*NoStarvation,6.0,15.86,7,7,10,0.2174,0.1586,0.35,0.0217,-0.0793,-0.07,0.0065,0.0,-0.1428,-0.856,-0.8578,0.8691,46
29,40,2216.0,Low*Medium*NoStarvation,20,Low*Medium*NoStarvation,15.86,15.43,7,7,10,0.2174,0.1543,0.35,0.0217,-0.0771,-0.07,0.0065,0.0,-0.1406,-0.8578,-0.8591,0.8691,46
29,41,2282.0,Low*Medium*NoStarvation,30,Medium*Medium*NoStarvation,15.43,27.29,7,7,15,0.2273,0.2729,0.35,0.0227,-0.1364,-0.07,0.0068,0.0,-0.1996,-0.8326,-0.8419,0.8691,66
29,42,2308.0,Medium*Medium*NoStarvation,10,Low*Medium*NoStarvation,27.29,6.57,7,7,5,0.1923,0.0657,0.35,0.0192,-0.0329,-0.07,0.0058,0.0,-0.0971,-0.8064,-0.8086,0.8691,26
29,43,2404.0,Low*Medium*NoStarvation,45,Medium*Medium*NoStarvation,6.57,39.86,7,7,23,0.2396,0.3986,0.35,0.024,-0.1993,-0.07,0.0072,0.0,-0.2621,-0.9475,-0.9517,0.8691,96
29,44,2430.0,Medium*Medium*NoStarvation,10,Low*Medium*NoStarvation,39.86,6.43,7,7,5,0.1923,0.0643,0.35,0.0192,-0.0321,-0.07,0.0058,0.0,-0.0964,-0.8086,-0.8104,0.8691,26
29,45,2496.0,Low*Medium*NoStarvation,30,Medium*Medium*NoStarvation,6.43,27.43,7,7,15,0.2273,0.2743,0.35,0.0227,-0.1371,-0.07,0.0068,0.0,-0.2003,-0.8419,-0.8507,0.8691,66
29,46,2542.0,Medium*Medium*NoStarvation,20,Low*Medium*NoStarvation,27.43,16.0,7,7,10,0.2174,0.16,0.35,0.0217,-0.08,-0.07,0.0065,0.0,-0.1435,-0.8454,-0.8483,0.8691,46
29,47,2608.0,Low*Medium*NoStarvation,30,Medium*Medium*NoStarvation,16.0,26.14,7,7,15,0.2273,0.2614,0.35,0.0227,-0.1307,-0.07,0.0068,0.0,-0.1939,-0.8507,-0.8579,0.8691,66
29,48,2654.0,Medium*Medium*NoStarvation,20,Low*Low*NoStarvation,26.14,18.25,7,4,10,0.2174,0.1825,0.2,0.0217,-0.0912,-0.04,0.0065,0.0,-0.1247,-0.8483,-0.7984,0.8691,46
29,49,2669.0,Low*Low*NoStarvation,10,Low*Low*NoStarvation,18.25,0.0,4,0,4,0.1538,0.0,0.0,0.0154,-0.0,-0.0,0.0046,0.0,0.0046,-0.2492,-0.2463,0.8691,26
30,0,76.0,Low*Low*NoStarvation,10,Low*Medium*NoStarvation,0.83,6.71,2,7,11,0.4231,0.0671,0.35,0.0423,-0.0336,-0.07,0.0127,0.0,-0.0909,-0.2463,-0.3038,0.8647,26
30,1,172.0,Low*Medium*NoStarvation,45,Medium*Medium*NoStarvation,6.71,40.57,7,7,46,0.4792,0.4057,0.35,0.0479,-0.2029,-0.07,0.0144,0.0,-0.2585,-0.9517,-0.9542,0.8647,96
30,2,218.0,Medium*Medium*NoStarvation,20,Low*Medium*NoStarvation,40.57,17.14,7,7,20,0.4348,0.1714,0.35,0.0435,-0.0857,-0.07,0.013,0.0,-0.1427,-0.7984,-0.8059,0.8647,46
30,3,314.0,Low*Medium*NoStarvation,45,Medium*Medium*NoStarvation,17.14,40.57,7,7,46,0.4792,0.4057,0.35,0.0479,-0.2029,-0.07,0.0144,0.0,-0.2585,-0.9542,-0.9572,0.8647,96
30,4,360.0,Medium*Medium*NoStarvation,20,Low*Medium*NoStarvation,40.57,16.29,7,7,19,0.413,0.1629,0.35,0.0413,-0.0814,-0.07,0.0124,0.0,-0.139,-0.8059,-0.8123,0.8647,46
30,5,386.0,Low*Medium*NoStarvation,10,Low*Medium*NoStarvation,16.29,7.19,7,8,7,0.2692,0.0719,0.4,0.0269,-0.036,-0.08,0.0081,0.0,-0.1079,-0.8118,-0.8145,0.8647,26
30,6,452.0,Low*Medium*NoStarvation,30,Medium*Medium*NoStarvation,7.19,27.86,8,7,29,0.4394,0.2786,0.35,0.0439,-0.1393,-0.07,0.0132,0.0,-0.1961,-0.8579,-0.8647,0.8647,66
30,7,518.0,Medium*Medium*NoStarvation,30,Medium*Medium*NoStarvation,27.86,25.71,7,7,29,0.4394,0.2571,0.35,0.0439,-0.1286,-0.07,0.0132,0.0,-0.1854,-0.8846,-0.8876,0.8647,66
30,8,544.0,Medium*Medium*NoStarvation,10,Low*Medium*NoStarvation,25.71,6.14,7,7,8,0.3077,0.0614,0.35,0.0308,-0.0307,-0.07,0.0092,0.0,-0.0915,-0.8104,-0.8118,0.8647,26
30,9,570.0,Low*Medium*NoStarvation,10,Low*Medium*NoStarvation,6.14,7.43,7,7,11,0.4231,0.0743,0.35,0.0423,-0.0371,-0.07,0.0127,0.0,-0.0945,-0.8145,-0.8158,0.8647,26
30,10,666.0,Low*Medium*NoStarvation,45,Medium*Medium*NoStarvation,7.43,40.86,7,7,43,0.4479,0.4086,0.35,0.0448,-0.2043,-0.07,0.0134,0.0,-0.2608,-0.9572,-0.9606,0.8647,96
30,11,732.0,Medium*Medium*NoStarvation,30,Medium*Medium*NoStarvation,40.86,26.86,7,7,28,0.4242,0.2686,0.35,0.0424,-0.1343,-0.07,0.0127,0.0,-0.1916,-0.8876,-0.8911,0.8647,66
30,12,798.0,Medium*Medium*NoStarvation,30,Medium*Medium*NoStarvation,26.86,26.71,7,7,29,0.4394,0.2671,0.35,0.0439,-0.1336,-0.07,0.0132,0.0,-0.1904,-0.8911,-0.8941,0.8647,66
30,13,894.0,Medium*Medium*NoStarvation,45,Medium*Medium*NoStarvation,26.71,43.0,7,7,41,0.4271,0.43,0.35,0.0427,-0.215,-0.07,0.0128,0.0,-0.2722,-0.9422,-0.9483,0.8647,96
30,14,990.0,Medium*Medium*NoStarvation,45,Medium*Medium*NoStarvation,43.0,41.57,7,7,42,0.4375,0.4157,0.35,0.0437,-0.2079,-0.07,0.0131,0.0,-0.2647,-0.9483,-0.953,0.8647,96
30,15,1056.0,Medium*Medium*NoStarvation,30,Medium*Medium*NoStarvation,41.57,26.43,7,7,18,0.2727,0.2643,0.35,0.0273,-0.1321,-0.07,0.0082,0.0,-0.194,-0.8941,-0.8971,0.8647,66
30,16,1122.0,Medium*Medium*NoStarvation,30,Medium*Medium*NoStarvation,26.43,26.14,7,7,15,0.2273,0.2614,0.35,0.0227,-0.1307,-0.07,0.0068,0.0,-0.1939,-0.8971,-0.8999,0.8647,66
30,17,1218.0,Medium*Medium*NoStarvation,45,Medium*Medium*NoStarvation,26.14,40.29,7,7,23,0.2396,0.4029,0.35,0.024,-0.2014,-0.07,0.0072,0.0,-0.2642,-0.953,-0.9572,0.8647,96
30,18,1314.0,Medium*Medium*NoStarvation,45,Medium*Medium*NoStarvation,40.29,41.0,7,7,22,0.2292,0.41,0.35,0.0229,-0.205,-0.07,0.0069,0.0,-0.2681,-0.9572,-0.9614,0.8647,96
30,19,1340.0,Medium*Medium*NoStarvation,10,Low*Medium*NoStarvation,41.0,7.29,7,7,4,0.1538,0.0729,0.35,0.0154,-0.0364,-0.07,0.0046,0.0,-0.1018,-0.8118,-0.8142,0.8647,26
30,20,1366.0,Low*Medium*NoStarvation,10,Low*Medium*NoStarvation,7.29,8.14,7,7,4,0.1538,0.0814,0.35,0.0154,-0.0407,-0.07,0.0046,0.0,-0.1061,-0.8158,-0.8183,0.8647,26
30,21,1412.0,Low*Medium*NoStarvation,20,Low*Medium*NoStarvation,8.14,16.0,7,7,10,0.2174,0.16,0.35,0.0217,-0.08,-0.07,0.0065,0.0,-0.1435,-0.8591,-0.8612,0.8647,46
30,22,1438.0,Low*Medium*NoStarvation,10,Low*Medium*NoStarvation,16.0,7.29,7,7,4,0.1538,0.0729,0.35,0.0154,-0.0364,-0.07,0.0046,0.0,-0.1018,-0.8183,-0.8203,0.8647,26
30,23,1464.0,Low*Medium*NoStarvation,10,Low*Medium*NoStarvation,7.29,6.0,7,7,5,0.1923,0.06,0.35,0.0192,-0.03,-0.07,0.0058,0.0,-0.0942,-0.8203,-0.8215,0.8647,26
30,24,1510.0,Low*Medium*NoStarvation,20,Low*Medium*NoStarvation,6.0,14.86,7,7,10,0.2174,0.1486,0.35,0.0217,-0.0743,-0.07,0.0065,0.0,-0.1378,-0.8612,-0.8628,0.8647,46
30,25,1536.0,Low*Medium*NoStarvation,10,Low*Medium*NoStarvation,14.86,6.57,7,7,5,0.1923,0.0657,0.35,0.0192,-0.0329,-0.07,0.0058,0.0,-0.0971,-0.8215,-0.823,0.8647,26
30,26,1582.0,Low*Medium*NoStarvation,20,Low*Medium*NoStarvation,6.57,16.71,7,7,10,0.2174,0.1671,0.35,0.0217,-0.0836,-0.07,0.0065,0.0,-0.147,-0.8628,-0.8653,0.8647,46
30,27,1608.0,Low*Medium*NoStarvation,10,Low*Medium*NoStarvation,16.71,5.57,7,7,5,0.1923,0.0557,0.35,0.0192,-0.0279,-0.07,0.0058,0.0,-0.0921,-0.823,-0.824,0.8647,26
30,28,1634.0,Low*Medium*NoStarvation,10,Low*Medium*NoStarvation,5.57,6.43,7,7,5,0.1923,0.0643,0.35,0.0192,-0.0321,-0.07,0.0058,0.0,-0.0964,-0.824,-0.8254,0.8647,26
30,29,1730.0,Low*Medium*NoStarvation,45,Medium*Medium*NoStarvation,6.43,40.0,7,7,23,0.2396,0.4,0.35,0.024,-0.2,-0.07,0.0072,0.0,-0.2628,-0.9606,-0.9639,0.8647,96
30,30,1756.0,Medium*Medium*NoStarvation,10,Low*Medium*NoStarvation,40.0,8.14,7,7,4,0.1538,0.0814,0.35,0.0154,-0.0407,-0.07,0.0046,0.0,-0.1061,-0.8142,-0.8177,0.8647,26
30,31,1802.0,Low*Medium*NoStarvation,20,Low*Medium*NoStarvation,8.14,16.0,7,7,10,0.2174,0.16,0.35,0.0217,-0.08,-0.07,0.0065,0.0,-0.1435,-0.8653,-0.8674,0.8647,46
30,32,1868.0,Low*Medium*NoStarvation,30,Medium*Medium*NoStarvation,16.0,26.29,7,7,15,0.2273,0.2629,0.35,0.0227,-0.1314,-0.07,0.0068,0.0,-0.1946,-0.8647,-0.8708,0.8647,66
30,33,1914.0,Medium*Medium*NoStarvation,20,Low*Medium*NoStarvation,26.29,15.71,7,7,10,0.2174,0.1571,0.35,0.0217,-0.0786,-0.07,0.0065,0.0,-0.142,-0.8123,-0.8195,0.8647,46
30,34,1980.0,Low*Medium*NoStarvation,30,Medium*Medium*NoStarvation,15.71,25.71,7,7,15,0.2273,0.2571,0.35,0.0227,-0.1286,-0.07,0.0068,0.0,-0.1918,-0.8708,-0.8765,0.8647,66
30,35,2076.0,Medium*Medium*NoStarvation,45,Medium*Medium*NoStarvation,25.71,40.86,7,7,23,0.2396,0.4086,0.35,0.024,-0.2043,-0.07,0.0072,0.0,-0.2671,-0.9614,-0.9655,0.8647,96
30,36,2102.0,Medium*Medium*NoStarvation,10,Low*Medium*NoStarvation,40.86,6.86,7,7,5,0.1923,0.0686,0.35,0.0192,-0.0343,-0.07,0.0058,0.0,-0.0985,-0.8177,-0.8201,0.8647,26
30,37,2168.0,Low*Medium*NoStarvation,30,Medium*Medium*NoStarvation,6.86,25.71,7,7,15,0.2273,0.2571,0.35,0.0227,-0.1286,-0.07,0.0068,0.0,-0.1918,-0.8765,-0.8818,0.8647,66
30,38,2194.0,Medium*Medium*NoStarvation,10,Low*Medium*NoStarvation,25.71,7.0,7,7,5,0.1923,0.07,0.35,0.0192,-0.035,-0.07,0.0058,0.0,-0.0992,-0.8201,-0.8223,0.8647,26
30,39,2220.0,Low*Medium*NoStarvation,10,Low*Medium*NoStarvation,7.0,7.14,7,7,5,0.1923,0.0714,0.35,0.0192,-0.0357,-0.07,0.0058,0.0,-0.0999,-0.8254,-0.8271,0.8647,26
30,40,2316.0,Low*Medium*NoStarvation,45,Medium*Medium*NoStarvation,7.14,40.71,7,7,23,0.2396,0.4071,0.35,0.024,-0.2036,-0.07,0.0072,0.0,-0.2664,-0.9639,-0.9679,0.8647,96
30,41,2342.0,Medium*Medium*NoStarvation,10,Low*Medium*NoStarvation,40.71,6.14,7,7,5,0.1923,0.0614,0.35,0.0192,-0.0307,-0.07,0.0058,0.0,-0.0949,-0.8223,-0.824,0.8647,26
30,42,2388.0,Low*Medium*NoStarvation,20,Low*Medium*NoStarvation,6.14,16.57,7,7,10,0.2174,0.1657,0.35,0.0217,-0.0829,-0.07,0.0065,0.0,-0.1463,-0.8674,-0.8697,0.8647,46
30,43,2414.0,Low*Medium*NoStarvation,10,Low*Medium*NoStarvation,16.57,5.43,7,6,5,0.1923,0.0543,0.3,0.0192,-0.0271,-0.06,0.0058,0.0,-0.0814,-0.8271,-0.827,0.8647,26
30,44,2440.0,Low*Medium*NoStarvation,10,Low*Medium*NoStarvation,5.43,8.29,6,7,4,0.1538,0.0829,0.35,0.0154,-0.0414,-0.07,0.0046,0.0,-0.1068,-0.827,-0.8294,0.8647,26
30,45,2466.0,Low*Medium*NoStarvation,10,Low*Medium*NoStarvation,8.29,7.0,7,7,5,0.1923,0.07,0.35,0.0192,-0.035,-0.07,0.0058,0.0,-0.0992,-0.8294,-0.831,0.8647,26
30,46,2562.0,Low*Medium*NoStarvation,45,Medium*Medium*NoStarvation,7.0,40.0,7,7,23,0.2396,0.4,0.35,0.024,-0.2,-0.07,0.0072,0.0,-0.2628,-0.9679,-0.9712,0.8647,96
30,47,2608.0,Medium*Medium*NoStarvation,20,Low*Medium*NoStarvation,40.0,17.14,7,7,10,0.2174,0.1714,0.35,0.0217,-0.0857,-0.07,0.0065,0.0,-0.1492,-0.8195,-0.8273,0.8647,46
30,48,2654.0,Low*Medium*NoStarvation,20,Low*Medium*NoStarvation,17.14,15.86,7,7,10,0.2174,0.1586,0.35,0.0217,-0.0793,-0.07,0.0065,0.0,-0.1428,-0.8697,-0.8718,0.8647,46
30,49,2675.0,Low*Medium*NoStarvation,20,Low*Low*NoStarvation,15.86,0.0,7,0,7,0.1522,0.0,0.0,0.0152,-0.0,-0.0,0.0046,0.0,0.0046,-0.8718,-0.81,0.8647,46
31,0,116.0,Low*Low*NoStarvation,30,Medium*Medium*NoStarvation,0.83,26.71,2,7,31,0.4697,0.2671,0.35,0.047,-0.1336,-0.07,0.0141,0.0,-0.1895,-0.3432,-0.402,0.8604,66
31,1,182.0,Medium*Medium*NoStarvation,30,Medium*Medium*NoStarvation,26.71,26.43,7,7,30,0.4545,0.2643,0.35,0.0455,-0.1321,-0.07,0.0136,0.0,-0.1885,-0.8999,-0.9029,0.8604,66
31,2,228.0,Medium*Medium*NoStarvation,20,Low*Medium*NoStarvation,26.43,16.14,7,7,20,0.4348,0.1614,0.35,0.0435,-0.0807,-0.07,0.013,0.0,-0.1377,-0.8273,-0.8312,0.8604,46
31,3,274.0,Low*Medium*NoStarvation,20,Low*Medium*NoStarvation,16.14,15.86,7,7,20,0.4348,0.1586,0.35,0.0435,-0.0793,-0.07,0.013,0.0,-0.1362,-0.81,-0.8155,0.8604,46
31,4,370.0,Low*Medium*NoStarvation,45,Medium*Medium*NoStarvation,15.86,41.0,7,7,45,0.4688,0.41,0.35,0.0469,-0.205,-0.07,0.0141,0.0,-0.2609,-0.9712,-0.9743,0.8604,96
31,5,416.0,Medium*Medium*NoStarvation,20,Low*Medium*NoStarvation,41.0,16.14,7,7,19,0.413,0.1614,0.35,0.0413,-0.0807,-0.07,0.0124,0.0,-0.1383,-0.8312,-0.8353,0.8604,46
31,6,462.0,Low*Medium*NoStarvation,20,Low*Medium*NoStarvation,16.14,16.0,7,7,19,0.413,0.16,0.35,0.0413,-0.08,-0.07,0.0124,0.0,-0.1376,-0.8155,-0.8211,0.8604,46
31,7,508.0,Low*Medium*NoStarvation,20,Low*Medium*NoStarvation,16.0,15.43,7,7,20,0.4348,0.1543,0.35,0.0435,-0.0771,-0.07,0.013,0.0,-0.1341,-0.8211,-0.8263,0.8604,46
31,8,604.0,Low*Medium*NoStarvation,45,Medium*Medium*NoStarvation,15.43,40.29,7,7,42,0.4375,0.4029,0.35,0.0437,-0.2014,-0.07,0.0131,0.0,-0.2583,-0.9743,-0.9769,0.8604,96
31,9,670.0,Medium*Medium*NoStarvation,30,Medium*Medium*NoStarvation,40.29,25.86,7,7,28,0.4242,0.2586,0.35,0.0424,-0.1293,-0.07,0.0127,0.0,-0.1866,-0.9029,-0.9054,0.8604,66
31,10,716.0,Medium*Medium*NoStarvation,20,Low*Medium*NoStarvation,25.86,18.29,7,7,19,0.413,0.1829,0.35,0.0413,-0.0914,-0.07,0.0124,0.0,-0.149,-0.8353,-0.8411,0.8604,46
31,11,742.0,Low*Medium*NoStarvation,10,Low*Medium*NoStarvation,18.29,6.81,7,8,9,0.3462,0.0681,0.4,0.0346,-0.034,-0.08,0.0104,0.0,-0.1037,-0.831,-0.8326,0.8604,26
31,12,768.0,Low*Medium*NoStarvation,10,Low*Medium*NoStarvation,6.81,5.57,8,7,9,0.3462,0.0557,0.35,0.0346,-0.0279,-0.07,0.0104,0.0,-0.0875,-0.8326,-0.8325,0.8604,26
31,13,794.0,Low*Medium*NoStarvation,10,Low*Medium*NoStarvation,5.57,7.0,7,7,8,0.3077,0.07,0.35,0.0308,-0.035,-0.07,0.0092,0.0,-0.0958,-0.8325,-0.8332,0.8604,26
31,14,820.0,Low*Medium*NoStarvation,10,Low*Medium*NoStarvation,7.0,6.71,7,7,10,0.3846,0.0671,0.35,0.0385,-0.0336,-0.07,0.0115,0.0,-0.092,-0.8332,-0.8334,0.8604,26
31,15,866.0,Low*Medium*NoStarvation,20,Low*Medium*NoStarvation,6.71,16.14,7,7,20,0.4348,0.1614,0.35,0.0435,-0.0807,-0.07,0.013,0.0,-0.1377,-0.8263,-0.8318,0.8604,46
31,16,962.0,Low*Medium*NoStarvation,45,Medium*Medium*NoStarvation,16.14,41.0,7,7,45,0.4688,0.41,0.35,0.0469,-0.205,-0.07,0.0141,0.0,-0.2609,-0.9769,-0.9794,0.8604,96
31,17,988.0,Medium*Medium*NoStarvation,10,Low*Medium*NoStarvation,41.0,7.57,7,7,9,0.3462,0.0757,0.35,0.0346,-0.0379,-0.07,0.0104,0.0,-0.0975,-0.824,-0.8262,0.8604,26
31,18,1084.0,Low*Medium*NoStarvation,45,Medium*Medium*NoStarvation,7.57,41.14,7,7,27,0.2812,0.4114,0.35,0.0281,-0.2057,-0.07,0.0084,0.0,-0.2673,-0.9794,-0.9826,0.8604,96
31,19,1150.0,Medium*Medium*NoStarvation,30,Medium*Medium*NoStarvation,41.14,26.14,7,7,15,0.2273,0.2614,0.35,0.0227,-0.1307,-0.07,0.0068,0.0,-0.1939,-0.9054,-0.9086,0.8604,66
31,20,1216.0,Medium*Medium*NoStarvation,30,Medium*Medium*NoStarvation,26.14,25.86,7,7,15,0.2273,0.2586,0.35,0.0227,-0.1293,-0.07,0.0068,0.0,-0.1925,-0.9086,-0.9114,0.8604,66
31,21,1282.0,Medium*Medium*NoStarvation,30,Medium*Medium*NoStarvation,25.86,25.14,7,7,15,0.2273,0.2514,0.35,0.0227,-0.1257,-0.07,0.0068,0.0,-0.1889,-0.9114,-0.9135,0.8604,66
31,22,1328.0,Medium*Medium*NoStarvation,20,Low*Medium*NoStarvation,25.14,15.29,7,7,10,0.2174,0.1529,0.35,0.0217,-0.0764,-0.07,0.0065,0.0,-0.1399,-0.8411,-0.8458,0.8604,46
31,23,1394.0,Low*Medium*NoStarvation,30,Medium*Medium*NoStarvation,15.29,26.71,7,7,15,0.2273,0.2671,0.35,0.0227,-0.1336,-0.07,0.0068,0.0,-0.1968,-0.8818,-0.8876,0.8604,66
31,24,1460.0,Medium*Medium*NoStarvation,30,Medium*Medium*NoStarvation,26.71,25.71,7,7,15,0.2273,0.2571,0.35,0.0227,-0.1286,-0.07,0.0068,0.0,-0.1918,-0.9135,-0.9157,0.8604,66
31,25,1486.0,Medium*Medium*NoStarvation,10,Low*Medium*NoStarvation,25.71,8.29,7,7,4,0.1538,0.0829,0.35,0.0154,-0.0414,-0.07,0.0046,0.0,-0.1068,-0.8262,-0.8291,0.8604,26
31,26,1512.0,Low*Medium*NoStarvation,10,Low*Medium*NoStarvation,8.29,6.57,7,7,5,0.1923,0.0657,0.35,0.0192,-0.0329,-0.07,0.0058,0.0,-0.0971,-0.8334,-0.8347,0.8604,26
31,27,1538.0,Low*Medium*NoStarvation,10,Low*Medium*NoStarvation,6.57,7.0,7,7,5,0.1923,0.07,0.35,0.0192,-0.035,-0.07,0.0058,0.0,-0.0992,-0.8347,-0.836,0.8604,26
31,28,1564.0,Low*Medium*NoStarvation,10,Low*Medium*NoStarvation,7.0,7.14,7,7,5,0.1923,0.0714,0.35,0.0192,-0.0357,-0.07,0.0058,0.0,-0.0999,-0.836,-0.8372,0.8604,26
31,29,1610.0,Low*Medium*NoStarvation,20,Low*Medium*NoStarvation,7.14,14.86,7,7,10,0.2174,0.1486,0.35,0.0217,-0.0743,-0.07,0.0065,0.0,-0.1378,-0.8318,-0.8373,0.8604,46
31,30,1706.0,Low*Medium*NoStarvation,45,Medium*Medium*NoStarvation,14.86,41.29,7,7,22,0.2292,0.4129,0.35,0.0229,-0.2064,-0.07,0.0069,0.0,-0.2696,-0.9826,-0.9859,0.8604,96
31,31,1772.0,Medium*Medium*NoStarvation,30,Medium*Medium*NoStarvation,41.29,25.57,7,7,15,0.2273,0.2557,0.35,0.0227,-0.1279,-0.07,0.0068,0.0,-0.191,-0.9157,-0.9178,0.8604,66
31,32,1868.0,Medium*Medium*NoStarvation,45,Medium*Medium*NoStarvation,25.57,40.71,7,7,22,0.2292,0.4071,0.35,0.0229,-0.2036,-0.07,0.0069,0.0,-0.2667,-0.9655,-0.9703,0.8604,96
31,33,1894.0,Medium*Medium*NoStarvation,10,Low*Medium*NoStarvation,40.71,5.86,7,7,5,0.1923,0.0586,0.35,0.0192,-0.0293,-0.07,0.0058,0.0,-0.0935,-0.8291,-0.8309,0.8604,26
31,34,1990.0,Low*Medium*NoStarvation,45,Medium*Medium*NoStarvation,5.86,41.71,7,7,22,0.2292,0.4171,0.35,0.0229,-0.2086,-0.07,0.0069,0.0,-0.2717,-0.9859,-0.9893,0.8604,96
31,35,2016.0,Medium*Medium*NoStarvation,10,Low*Medium*NoStarvation,41.71,6.0,7,6,5,0.1923,0.06,0.3,0.0192,-0.03,-0.06,0.0058,0.0,-0.0842,-0.8309,-0.8316,0.8604,26
31,36,2042.0,Low*Medium*NoStarvation,10,Low*Medium*NoStarvation,6.0,8.14,6,7,4,0.1538,0.0814,0.35,0.0154,-0.0407,-0.07,0.0046,0.0,-0.1061,-0.8372,-0.8395,0.8604,26
31,37,2068.0,Low*Medium*NoStarvation,10,Low*Medium*NoStarvation,8.14,6.29,7,7,5,0.1923,0.0629,0.35,0.0192,-0.0314,-0.07,0.0058,0.0,-0.0957,-0.8395,-0.8405,0.8604,26
31,38,2114.0,Low*Medium*NoStarvation,20,Low*Medium*NoStarvation,6.29,16.0,7,7,10,0.2174,0.16,0.35,0.0217,-0.08,-0.07,0.0065,0.0,-0.1435,-0.8373,-0.8432,0.8604,46
31,39,2210.0,Low*Medium*NoStarvation,45,Medium*Medium*NoStarvation,16.0,41.71,7,7,22,0.2292,0.4171,0.35,0.0229,-0.2086,-0.07,0.0069,0.0,-0.2717,-0.9893,-0.9923,0.8604,96
31,40,2306.0,Medium*Medium*NoStarvation,45,Medium*Medium*NoStarvation,41.71,42.0,7,7,23,0.2396,0.42,0.35,0.024,-0.21,-0.07,0.0072,0.0,-0.2728,-0.9703,-0.9754,0.8604,96
31,41,2372.0,Medium*Medium*NoStarvation,30,Medium*Medium*NoStarvation,42.0,26.86,7,7,15,0.2273,0.2686,0.35,0.0227,-0.1343,-0.07,0.0068,0.0,-0.1975,-0.9178,-0.9206,0.8604,66
31,42,2398.0,Medium*Medium*NoStarvation,10,Low*Medium*NoStarvation,26.86,6.43,7,7,5,0.1923,0.0643,0.35,0.0192,-0.0321,-0.07,0.0058,0.0,-0.0964,-0.8316,-0.8337,0.8604,26
31,43,2424.0,Low*Medium*NoStarvation,10,Low*Medium*NoStarvation,6.43,6.29,7,7,5,0.1923,0.0629,0.35,0.0192,-0.0314,-0.07,0.0058,0.0,-0.0957,-0.8405,-0.8416,0.8604,26
31,44,2450.0,Low*Medium*NoStarvation,10,Low*Medium*NoStarvation,6.29,5.86,7,7,5,0.1923,0.0586,0.35,0.0192,-0.0293,-0.07,0.0058,0.0,-0.0935,-0.8416,-0.8425,0.8604,26
31,45,2476.0,Low*Medium*NoStarvation,10,Low*Medium*NoStarvation,5.86,6.57,7,7,5,0.1923,0.0657,0.35,0.0192,-0.0329,-0.07,0.0058,0.0,-0.0971,-0.8425,-0.8438,0.8604,26
31,46,2522.0,Low*Medium*NoStarvation,20,Low*Medium*NoStarvation,6.57,16.57,7,7,10,0.2174,0.1657,0.35,0.0217,-0.0829,-0.07,0.0065,0.0,-0.1463,-0.8432,-0.8494,0.8604,46
31,47,2568.0,Low*Medium*NoStarvation,20,Low*Medium*NoStarvation,16.57,15.86,7,7,11,0.2391,0.1586,0.35,0.0239,-0.0793,-0.07,0.0072,0.0,-0.1421,-0.8494,-0.8546,0.8604,46
31,48,2594.0,Low*Medium*NoStarvation,10,Low*Medium*NoStarvation,15.86,7.71,7,7,5,0.1923,0.0771,0.35,0.0192,-0.0386,-0.07,0.0058,0.0,-0.1028,-0.8438,-0.8457,0.8604,26
31,49,2620.0,Low*Medium*NoStarvation,10,Low*Medium*NoStarvation,7.71,5.43,7,7,5,0.1923,0.0543,0.35,0.0192,-0.0271,-0.07,0.0058,0.0,-0.0914,-0.8457,-0.8464,0.8604,26
31,50,2646.0,Low*Medium*NoStarvation,10,Low*Medium*NoStarvation,5.43,6.57,7,7,5,0.1923,0.0657,0.35,0.0192,-0.0329,-0.07,0.0058,0.0,-0.0971,-0.8464,-0.8476,0.8604,26
31,51,2674.0,Low*Medium*NoStarvation,30,Low*Low*NoStarvation,6.57,0.0,7,0,11,0.1667,0.0,0.0,0.0167,-0.0,-0.0,0.005,0.0,0.005,-0.8876,-0.8241,0.8604,66
32,0,146.0,Low*Low*NoStarvation,45,Medium*Medium*NoStarvation,0.83,40.71,2,7,47,0.4896,0.4071,0.35,0.049,-0.2036,-0.07,0.0147,0.0,-0.2589,-0.4908,-0.5426,0.8561,96
32,1,242.0,Medium*Medium*NoStarvation,45,Medium*Medium*NoStarvation,40.71,40.14,7,7,45,0.4688,0.4014,0.35,0.0469,-0.2007,-0.07,0.0141,0.0,-0.2567,-0.9754,-0.9785,0.8561,96
32,2,288.0,Medium*Medium*NoStarvation,20,Low*Medium*NoStarvation,40.14,16.0,7,7,21,0.4565,0.16,0.35,0.0457,-0.08,-0.07,0.0137,0.0,-0.1363,-0.8458,-0.849,0.8561,46
32,3,384.0,Low*Medium*NoStarvation,45,Medium*Medium*NoStarvation,16.0,42.57,7,7,41,0.4271,0.4257,0.35,0.0427,-0.2129,-0.07,0.0128,0.0,-0.27,-0.9923,-0.9951,0.8561,96
32,4,450.0,Medium*Medium*NoStarvation,30,Medium*Medium*NoStarvation,42.57,26.14,7,7,28,0.4242,0.2614,0.35,0.0424,-0.1307,-0.07,0.0127,0.0,-0.188,-0.9206,-0.9224,0.8561,66
32,5,476.0,Medium*Medium*NoStarvation,10,Low*Medium*NoStarvation,26.14,9.0,7,7,8,0.3077,0.09,0.35,0.0308,-0.045,-0.07,0.0092,0.0,-0.1058,-0.8337,-0.8351,0.8561,26
32,6,572.0,Low*Medium*NoStarvation,45,Medium*Medium*NoStarvation,9.0,43.14,7,7,42,0.4375,0.4314,0.35,0.0437,-0.2157,-0.07,0.0131,0.0,-0.2726,-0.9951,-0.998,0.8561,96
32,7,618.0,Medium*Medium*NoStarvation,20,Low*Medium*NoStarvation,43.14,16.0,7,7,20,0.4348,0.16,0.35,0.0435,-0.08,-0.07,0.013,0.0,-0.137,-0.849,-0.852,0.8561,46
32,8,644.0,Low*Medium*NoStarvation,10,Low*Medium*NoStarvation,16.0,9.14,7,7,8,0.3077,0.0914,0.35,0.0308,-0.0457,-0.07,0.0092,0.0,-0.1065,-0.8476,-0.8477,0.8561,26
32,9,710.0,Low*Medium*NoStarvation,30,Medium*Medium*NoStarvation,9.14,27.0,7,7,28,0.4242,0.27,0.35,0.0424,-0.135,-0.07,0.0127,0.0,-0.1923,-0.8241,-0.8361,0.8561,66
32,10,736.0,Medium*Medium*NoStarvation,10,Low*Medium*NoStarvation,27.0,8.0,7,7,8,0.3077,0.08,0.35,0.0308,-0.04,-0.07,0.0092,0.0,-0.1008,-0.8351,-0.8369,0.8561,26
32,11,832.0,Low*Medium*NoStarvation,45,Medium*Medium*NoStarvation,8.0,40.86,7,7,42,0.4375,0.4086,0.35,0.0437,-0.2043,-0.07,0.0131,0.0,-0.2612,-0.998,-0.9997,0.8561,96
32,12,858.0,Medium*Medium*NoStarvation,10,Low*Medium*NoStarvation,40.86,7.29,7,8,10,0.3846,0.0729,0.4,0.0385,-0.0364,-0.08,0.0115,0.0,-0.1049,-0.8369,-0.839,0.8561,26
32,13,924.0,Low*Medium*NoStarvation,30,Medium*Medium*NoStarvation,7.29,26.86,8,7,29,0.4394,0.2686,0.35,0.0439,-0.1343,-0.07,0.0132,0.0,-0.1911,-0.8361,-0.8471,0.8561,66
32,14,1020.0,Medium*Medium*NoStarvation,45,Medium*Medium*NoStarvation,26.86,39.86,7,7,39,0.4062,0.3986,0.35,0.0406,-0.1993,-0.07,0.0122,0.0,-0.2571,-0.9785,-0.9819,0.8561,96
32,15,1066.0,Medium*Medium*NoStarvation,20,Low*Medium*NoStarvation,39.86,18.14,7,7,9,0.1957,0.1814,0.35,0.0196,-0.0907,-0.07,0.0059,0.0,-0.1548,-0.852,-0.8585,0.8561,46
32,16,1132.0,Low*Medium*NoStarvation,30,Medium*Medium*NoStarvation,18.14,25.71,7,7,15,0.2273,0.2571,0.35,0.0227,-0.1286,-0.07,0.0068,0.0,-0.1918,-0.8471,-0.8571,0.8561,66
32,17,1228.0,Medium*Medium*NoStarvation,45,Medium*Medium*NoStarvation,25.71,42.14,7,7,22,0.2292,0.4214,0.35,0.0229,-0.2107,-0.07,0.0069,0.0,-0.2738,-0.9819,-0.9866,0.8561,96
32,18,1274.0,Medium*Medium*NoStarvation,20,Low*Medium*NoStarvation,42.14,15.29,7,7,10,0.2174,0.1529,0.35,0.0217,-0.0764,-0.07,0.0065,0.0,-0.1399,-0.8585,-0.8629,0.8561,46
32,19,1300.0,Low*Medium*NoStarvation,10,Low*Medium*NoStarvation,15.29,6.86,7,7,5,0.1923,0.0686,0.35,0.0192,-0.0343,-0.07,0.0058,0.0,-0.0985,-0.8477,-0.849,0.8561,26
32,20,1326.0,Low*Medium*NoStarvation,10,Low*Medium*NoStarvation,6.86,7.43,7,7,4,0.1538,0.0743,0.35,0.0154,-0.0371,-0.07,0.0046,0.0,-0.1025,-0.849,-0.8508,0.8561,26
32,21,1372.0,Low*Medium*NoStarvation,20,Low*Medium*NoStarvation,7.43,15.86,7,7,10,0.2174,0.1586,0.35,0.0217,-0.0793,-0.07,0.0065,0.0,-0.1428,-0.8546,-0.86,0.8561,46
32,22,1398.0,Low*Medium*NoStarvation,10,Low*Medium*NoStarvation,15.86,6.43,7,7,4,0.1538,0.0643,0.35,0.0154,-0.0321,-0.07,0.0046,0.0,-0.0975,-0.8508,-0.852,0.8561,26
32,23,1464.0,Low*Medium*NoStarvation,30,Medium*Medium*NoStarvation,6.43,25.71,7,7,15,0.2273,0.2571,0.35,0.0227,-0.1286,-0.07,0.0068,0.0,-0.1918,-0.8571,-0.8661,0.8561,66
32,24,1560.0,Medium*Medium*NoStarvation,45,Medium*Medium*NoStarvation,25.71,42.43,7,7,22,0.2292,0.4243,0.35,0.0229,-0.2121,-0.07,0.0069,0.0,-0.2753,-0.9866,-0.991,0.8561,96
32,25,1606.0,Medium*Medium*NoStarvation,20,Low*Medium*NoStarvation,42.43,16.0,7,7,10,0.2174,0.16,0.35,0.0217,-0.08,-0.07,0.0065,0.0,-0.1435,-0.8629,-0.8677,0.8561,46
32,26,1672.0,Low*Medium*NoStarvation,30,Medium*Medium*NoStarvation,16.0,25.57,7,7,15,0.2273,0.2557,0.35,0.0227,-0.1279,-0.07,0.0068,0.0,-0.191,-0.8661,-0.8741,0.8561,66
32,27,1698.0,Medium*Medium*NoStarvation,10,Low*Medium*NoStarvation,25.57,7.43,7,7,4,0.1538,0.0743,0.35,0.0154,-0.0371,-0.07,0.0046,0.0,-0.1025,-0.839,-0.842,0.8561,26
32,28,1724.0,Low*Medium*NoStarvation,10,Low*Medium*NoStarvation,7.43,7.57,7,7,4,0.1538,0.0757,0.35,0.0154,-0.0379,-0.07,0.0046,0.0,-0.1032,-0.852,-0.8538,0.8561,26
32,29,1750.0,Low*Medium*NoStarvation,10,Low*Medium*NoStarvation,7.57,5.86,7,7,5,0.1923,0.0586,0.35,0.0192,-0.0293,-0.07,0.0058,0.0,-0.0935,-0.8538,-0.8547,0.8561,26
32,30,1796.0,Low*Medium*NoStarvation,20,Low*Medium*NoStarvation,5.86,17.29,7,7,10,0.2174,0.1729,0.35,0.0217,-0.0864,-0.07,0.0065,0.0,-0.1499,-0.86,-0.8659,0.8561,46
32,31,1822.0,Low*Medium*NoStarvation,10,Low*Medium*NoStarvation,17.29,5.43,7,7,5,0.1923,0.0543,0.35,0.0192,-0.0271,-0.07,0.0058,0.0,-0.0914,-0.8547,-0.8553,0.8561,26
32,32,1868.0,Low*Medium*NoStarvation,20,Low*Medium*NoStarvation,5.43,16.14,7,7,10,0.2174,0.1614,0.35,0.0217,-0.0807,-0.07,0.0065,0.0,-0.1442,-0.8659,-0.8707,0.8561,46
32,33,1934.0,Low*Medium*NoStarvation,30,Medium*Medium*NoStarvation,16.14,26.29,7,7,15,0.2273,0.2629,0.35,0.0227,-0.1314,-0.07,0.0068,0.0,-0.1946,-0.8741,-0.8819,0.8561,66
32,34,2000.0,Medium*Medium*NoStarvation,30,Medium*Medium*NoStarvation,26.29,24.86,7,7,15,0.2273,0.2486,0.35,0.0227,-0.1243,-0.07,0.0068,0.0,-0.1875,-0.9224,-0.9247,0.8561,66
32,35,2026.0,Medium*Medium*NoStarvation,10,Low*Medium*NoStarvation,24.86,6.29,7,7,5,0.1923,0.0629,0.35,0.0192,-0.0314,-0.07,0.0058,0.0,-0.0957,-0.842,-0.8443,0.8561,26
32,36,2052.0,Low*Medium*NoStarvation,10,Low*Medium*NoStarvation,6.29,6.29,7,7,5,0.1923,0.0629,0.35,0.0192,-0.0314,-0.07,0.0058,0.0,-0.0957,-0.8553,-0.8563,0.8561,26
32,37,2098.0,Low*Medium*NoStarvation,20,Low*Medium*NoStarvation,6.29,18.0,7,7,10,0.2174,0.18,0.35,0.0217,-0.09,-0.07,0.0065,0.0,-0.1535,-0.8707,-0.8761,0.8561,46
32,38,2164.0,Low*Medium*NoStarvation,30,Medium*Medium*NoStarvation,18.0,27.0,7,7,15,0.2273,0.27,0.35,0.0227,-0.135,-0.07,0.0068,0.0,-0.1982,-0.8819,-0.8895,0.8561,66
32,39,2260.0,Medium*Medium*NoStarvation,45,Medium*Medium*NoStarvation,27.0,40.0,7,7,23,0.2396,0.4,0.35,0.024,-0.2,-0.07,0.0072,0.0,-0.2628,-0.991,-0.9941,0.8561,96
32,40,2306.0,Medium*Medium*NoStarvation,20,Low*Medium*NoStarvation,40.0,15.86,7,7,10,0.2174,0.1586,0.35,0.0217,-0.0793,-0.07,0.0065,0.0,-0.1428,-0.8677,-0.8723,0.8561,46
32,41,2352.0,Low*Medium*NoStarvation,20,Low*Medium*NoStarvation,15.86,16.14,7,7,10,0.2174,0.1614,0.35,0.0217,-0.0807,-0.07,0.0065,0.0,-0.1442,-0.8761,-0.88,0.8561,46
32,42,2398.0,Low*Medium*NoStarvation,20,Low*Medium*NoStarvation,16.14,15.57,7,7,10,0.2174,0.1557,0.35,0.0217,-0.0779,-0.07,0.0065,0.0,-0.1413,-0.88,-0.8832,0.8561,46
32,43,2464.0,Low*Medium*NoStarvation,30,Medium*Medium*NoStarvation,15.57,26.86,7,7,14,0.2121,0.2686,0.35,0.0212,-0.1343,-0.07,0.0064,0.0,-0.1979,-0.8895,-0.8963,0.8561,66
32,44,2560.0,Medium*Medium*NoStarvation,45,Medium*Medium*NoStarvation,26.86,40.29,7,7,23,0.2396,0.4029,0.35,0.024,-0.2014,-0.07,0.0072,0.0,-0.2642,-0.9941,-0.9971,0.8561,96
32,45,2606.0,Medium*Medium*NoStarvation,20,Low*Medium*NoStarvation,40.29,16.57,7,7,10,0.2174,0.1657,0.35,0.0217,-0.0829,-0.07,0.0065,0.0,-0.1463,-0.8723,-0.8767,0.8561,46
32,46,2653.0,Low*Medium*NoStarvation,45,Low*Low*NoStarvation,16.57,0.0,7,0,21,0.2188,0.0,0.0,0.0219,-0.0,-0.0,0.0066,0.0,0.0066,-0.9997,-0.9249,0.8561,96
33,0,96.0,Low*Low*NoStarvation,20,Low*Medium*NoStarvation,0.83,16.14,2,7,21,0.4565,0.1614,0.35,0.0457,-0.0807,-0.07,0.0137,0.0,-0.137,-0.2866,-0.3487,0.8518,46
33,1,162.0,Low*Medium*NoStarvation,30,Medium*Medium*NoStarvation,16.14,26.0,7,7,30,0.4545,0.26,0.35,0.0455,-0.13,-0.07,0.0136,0.0,-0.1864,-0.8963,-0.9013,0.8518,66
33,2,208.0,Medium*Medium*NoStarvation,20,Low*Medium*NoStarvation,26.0,16.43,7,7,20,0.4348,0.1643,0.35,0.0435,-0.0821,-0.07,0.013,0.0,-0.1391,-0.8767,-0.88,0.8518,46
33,3,274.0,Low*Medium*NoStarvation,30,Medium*Medium*NoStarvation,16.43,25.29,7,7,30,0.4545,0.2529,0.35,0.0455,-0.1264,-0.07,0.0136,0.0,-0.1828,-0.9013,-0.9055,0.8518,66
33,4,340.0,Medium*Medium*NoStarvation,30,Medium*Medium*NoStarvation,25.29,26.71,7,7,29,0.4394,0.2671,0.35,0.0439,-0.1336,-0.07,0.0132,0.0,-0.1904,-0.9247,-0.9272,0.8518,66
33,5,386.0,Medium*Medium*NoStarvation,20,Low*Medium*NoStarvation,26.71,15.86,7,7,20,0.4348,0.1586,0.35,0.0435,-0.0793,-0.07,0.013,0.0,-0.1362,-0.88,-0.8827,0.8518,46
33,6,432.0,Low*Medium*NoStarvation,20,Low*Medium*NoStarvation,15.86,16.71,7,7,19,0.413,0.1671,0.35,0.0413,-0.0836,-0.07,0.0124,0.0,-0.1412,-0.8832,-0.886,0.8518,46
33,7,478.0,Low*Medium*NoStarvation,20,Low*Medium*NoStarvation,16.71,16.57,7,7,20,0.4348,0.1657,0.35,0.0435,-0.0829,-0.07,0.013,0.0,-0.1398,-0.886,-0.8885,0.8518,46
33,8,524.0,Low*Medium*NoStarvation,20,Low*Medium*NoStarvation,16.57,15.71,7,7,18,0.3913,0.1571,0.35,0.0391,-0.0786,-0.07,0.0117,0.0,-0.1368,-0.8885,-0.8904,0.8518,46
33,9,550.0,Low*Medium*NoStarvation,10,Low*Medium*NoStarvation,15.71,6.71,7,7,10,0.3846,0.0671,0.35,0.0385,-0.0336,-0.07,0.0115,0.0,-0.092,-0.8563,-0.8569,0.8518,26
33,10,616.0,Low*Medium*NoStarvation,30,Medium*Medium*NoStarvation,6.71,27.29,7,7,29,0.4394,0.2729,0.35,0.0439,-0.1364,-0.07,0.0132,0.0,-0.1932,-0.9055,-0.9102,0.8518,66
33,11,712.0,Medium*Medium*NoStarvation,45,Medium*Medium*NoStarvation,27.29,40.57,7,7,41,0.4271,0.4057,0.35,0.0427,-0.2029,-0.07,0.0128,0.0,-0.26,-0.9971,-0.9994,0.8518,96
33,12,758.0,Medium*Medium*NoStarvation,20,Low*Medium*NoStarvation,40.57,17.0,7,7,20,0.4348,0.17,0.35,0.0435,-0.085,-0.07,0.013,0.0,-0.142,-0.8827,-0.8858,0.8518,46
33,13,824.0,Low*Medium*NoStarvation,30,Medium*Medium*NoStarvation,17.0,26.0,7,7,28,0.4242,0.26,0.35,0.0424,-0.13,-0.07,0.0127,0.0,-0.1873,-0.9102,-0.9139,0.8518,66
33,14,850.0,Medium*Medium*NoStarvation,10,Low*Medium*NoStarvation,26.0,6.0,7,6,9,0.3462,0.06,0.3,0.0346,-0.03,-0.06,0.0104,0.0,-0.0796,-0.8443,-0.845,0.8518,26
33,15,896.0,Low*Medium*NoStarvation,20,Low*Medium*NoStarvation,6.0,16.29,6,7,20,0.4348,0.1629,0.35,0.0435,-0.0814,-0.07,0.013,0.0,-0.1384,-0.8904,-0.8923,0.8518,46
33,16,922.0,Low*Medium*NoStarvation,10,Low*Medium*NoStarvation,16.29,6.57,7,7,10,0.3846,0.0657,0.35,0.0385,-0.0329,-0.07,0.0115,0.0,-0.0913,-0.8569,-0.8575,0.8518,26
33,17,968.0,Low*Medium*NoStarvation,20,Low*Medium*NoStarvation,6.57,17.0,7,7,20,0.4348,0.17,0.35,0.0435,-0.085,-0.07,0.013,0.0,-0.142,-0.8923,-0.8944,0.8518,46
33,18,1064.0,Low*Medium*NoStarvation,45,Medium*Medium*NoStarvation,17.0,41.14,7,7,30,0.3125,0.4114,0.35,0.0312,-0.2057,-0.07,0.0094,0.0,-0.2663,-0.9249,-0.935,0.8518,96
33,19,1130.0,Medium*Medium*NoStarvation,30,Medium*Medium*NoStarvation,41.14,26.29,7,7,15,0.2273,0.2629,0.35,0.0227,-0.1314,-0.07,0.0068,0.0,-0.1946,-0.9272,-0.93,0.8518,66
33,20,1226.0,Medium*Medium*NoStarvation,45,Medium*Medium*NoStarvation,26.29,39.71,7,7,23,0.2396,0.3971,0.35,0.024,-0.1986,-0.07,0.0072,0.0,-0.2614,-0.9994,-1.0017,0.8518,96
33,21,1322.0,Medium*Medium*NoStarvation,45,Medium*Medium*NoStarvation,39.71,39.57,7,7,23,0.2396,0.3957,0.35,0.024,-0.1979,-0.07,0.0072,0.0,-0.2607,-1.0017,-1.0036,0.8518,96
33,22,1368.0,Medium*Medium*NoStarvation,20,Low*Medium*NoStarvation,39.57,16.71,7,7,10,0.2174,0.1671,0.35,0.0217,-0.0836,-0.07,0.0065,0.0,-0.147,-0.8858,-0.8891,0.8518,46
33,23,1394.0,Low*Medium*NoStarvation,10,Low*Medium*NoStarvation,16.71,7.86,7,7,4,0.1538,0.0786,0.35,0.0154,-0.0393,-0.07,0.0046,0.0,-0.1047,-0.8575,-0.8594,0.8518,26
33,24,1460.0,Low*Medium*NoStarvation,30,Medium*Medium*NoStarvation,7.86,26.0,7,7,15,0.2273,0.26,0.35,0.0227,-0.13,-0.07,0.0068,0.0,-0.1932,-0.9139,-0.9179,0.8518,66
33,25,1506.0,Medium*Medium*NoStarvation,20,Low*Medium*NoStarvation,26.0,16.14,7,7,10,0.2174,0.1614,0.35,0.0217,-0.0807,-0.07,0.0065,0.0,-0.1442,-0.8891,-0.8919,0.8518,46
33,26,1602.0,Low*Medium*NoStarvation,45,Medium*Medium*NoStarvation,16.14,39.71,7,7,23,0.2396,0.3971,0.35,0.024,-0.1986,-0.07,0.0072,0.0,-0.2614,-0.935,-0.9437,0.8518,96
33,27,1628.0,Medium*Medium*NoStarvation,10,Low*Medium*NoStarvation,39.71,8.29,7,7,4,0.1538,0.0829,0.35,0.0154,-0.0414,-0.07,0.0046,0.0,-0.1068,-0.845,-0.8485,0.8518,26
33,28,1674.0,Low*Medium*NoStarvation,20,Low*Medium*NoStarvation,8.29,14.86,7,7,10,0.2174,0.1486,0.35,0.0217,-0.0743,-0.07,0.0065,0.0,-0.1378,-0.8944,-0.8961,0.8518,46
33,29,1700.0,Low*Medium*NoStarvation,10,Low*Medium*NoStarvation,14.86,7.57,7,7,4,0.1538,0.0757,0.35,0.0154,-0.0379,-0.07,0.0046,0.0,-0.1032,-0.8594,-0.8611,0.8518,26
33,30,1746.0,Low*Medium*NoStarvation,20,Low*Medium*NoStarvation,7.57,16.29,7,7,10,0.2174,0.1629,0.35,0.0217,-0.0814,-0.07,0.0065,0.0,-0.1449,-0.8961,-0.8985,0.8518,46
33,31,1812.0,Low*Medium*NoStarvation,30,Medium*Medium*NoStarvation,16.29,25.86,7,7,15,0.2273,0.2586,0.35,0.0227,-0.1293,-0.07,0.0068,0.0,-0.1925,-0.9179,-0.9217,0.8518,66
33,32,1908.0,Medium*Medium*NoStarvation,45,Medium*Medium*NoStarvation,25.86,40.0,7,7,23,0.2396,0.4,0.35,0.024,-0.2,-0.07,0.0072,0.0,-0.2628,-1.0036,-1.0059,0.8518,96
33,33,1954.0,Medium*Medium*NoStarvation,20,Low*Medium*NoStarvation,40.0,14.57,7,7,10,0.2174,0.1457,0.35,0.0217,-0.0729,-0.07,0.0065,0.0,-0.1363,-0.8919,-0.8939,0.8518,46
33,34,2000.0,Low*Medium*NoStarvation,20,Low*Medium*NoStarvation,14.57,15.86,7,7,10,0.2174,0.1586,0.35,0.0217,-0.0793,-0.07,0.0065,0.0,-0.1428,-0.8985,-0.9004,0.8518,46
33,35,2066.0,Low*Medium*NoStarvation,30,Medium*Medium*NoStarvation,15.86,25.0,7,7,15,0.2273,0.25,0.35,0.0227,-0.125,-0.07,0.0068,0.0,-0.1882,-0.9217,-0.9247,0.8518,66
33,36,2092.0,Medium*Medium*NoStarvation,10,Low*Medium*NoStarvation,25.0,6.0,7,7,5,0.1923,0.06,0.35,0.0192,-0.03,-0.07,0.0058,0.0,-0.0942,-0.8485,-0.8506,0.8518,26
33,37,2188.0,Low*Medium*NoStarvation,45,Medium*Medium*NoStarvation,6.0,42.0,7,7,22,0.2292,0.42,0.35,0.0229,-0.21,-0.07,0.0069,0.0,-0.2731,-0.9437,-0.9532,0.8518,96
33,38,2214.0,Medium*Medium*NoStarvation,10,Low*Medium*NoStarvation,42.0,7.29,7,7,4,0.1538,0.0729,0.35,0.0154,-0.0364,-0.07,0.0046,0.0,-0.1018,-0.8506,-0.8532,0.8518,26
33,39,2280.0,Low*Medium*NoStarvation,30,Medium*Medium*NoStarvation,7.29,25.86,7,7,15,0.2273,0.2586,0.35,0.0227,-0.1293,-0.07,0.0068,0.0,-0.1925,-0.9247,-0.9283,0.8518,66
33,40,2306.0,Medium*Medium*NoStarvation,10,Low*Medium*NoStarvation,25.86,5.86,7,7,5,0.1923,0.0586,0.35,0.0192,-0.0293,-0.07,0.0058,0.0,-0.0935,-0.8532,-0.8547,0.8518,26
33,41,2402.0,Low*Medium*NoStarvation,45,Medium*Medium*NoStarvation,5.86,40.86,7,7,22,0.2292,0.4086,0.35,0.0229,-0.2043,-0.07,0.0069,0.0,-0.2674,-0.9532,-0.9616,0.8518,96
33,42,2428.0,Medium*Medium*NoStarvation,10,Low*Medium*NoStarvation,40.86,6.71,7,7,5,0.1923,0.0671,0.35,0.0192,-0.0336,-0.07,0.0058,0.0,-0.0978,-0.8547,-0.8565,0.8518,26
33,43,2454.0,Low*Medium*NoStarvation,10,Low*Medium*NoStarvation,6.71,6.43,7,7,5,0.1923,0.0643,0.35,0.0192,-0.0321,-0.07,0.0058,0.0,-0.0964,-0.8611,-0.8621,0.8518,26
33,44,2500.0,Low*Medium*NoStarvation,20,Low*Medium*NoStarvation,6.43,15.43,7,7,10,0.2174,0.1543,0.35,0.0217,-0.0771,-0.07,0.0065,0.0,-0.1406,-0.9004,-0.902,0.8518,46
33,45,2596.0,Low*Medium*NoStarvation,45,Medium*Medium*NoStarvation,15.43,42.0,7,7,22,0.2292,0.42,0.35,0.0229,-0.21,-0.07,0.0069,0.0,-0.2731,-0.9616,-0.9698,0.8518,96
33,46,2662.0,Medium*Medium*NoStarvation,30,Medium*Low*NoStarvation,42.0,30.0,7,3,15,0.2273,0.3,0.15,0.0227,-0.15,-0.03,0.0068,0.0,-0.1732,-0.93,-0.8543,0.8518,66
33,47,2675.0,Medium*Low*NoStarvation,10,Low*Low*NoStarvation,30.0,0.0,3,0,3,0.1154,0.0,0.0,0.0115,-0.0,-0.0,0.0035,0.0,0.0035,-0.0115,-0.0374,0.8518,26
34,0,116.0,Low*Low*NoStarvation,30,Medium*Medium*NoStarvation,0.83,26.71,2,7,31,0.4697,0.2671,0.35,0.047,-0.1336,-0.07,0.0141,0.0,-0.1895,-0.402,-0.4577,0.8475,66
34,1,212.0,Medium*Medium*NoStarvation,45,Medium*Medium*NoStarvation,26.71,41.0,7,7,46,0.4792,0.41,0.35,0.0479,-0.205,-0.07,0.0144,0.0,-0.2606,-1.0059,-1.0083,0.8475,96
34,2,278.0,Medium*Medium*NoStarvation,30,Medium*Medium*NoStarvation,41.0,25.71,7,7,31,0.4697,0.2571,0.35,0.047,-0.1286,-0.07,0.0141,0.0,-0.1845,-0.8543,-0.8642,0.8475,66
34,3,374.0,Medium*Medium*NoStarvation,45,Medium*Medium*NoStarvation,25.71,41.86,7,7,43,0.4479,0.4186,0.35,0.0448,-0.2093,-0.07,0.0134,0.0,-0.2658,-1.0083,-1.0111,0.8475,96
34,4,400.0,Medium*Medium*NoStarvation,10,Low*Medium*NoStarvation,41.86,5.29,7,6,9,0.3462,0.0529,0.3,0.0346,-0.0264,-0.06,0.0104,0.0,-0.076,-0.8565,-0.8561,0.8475,26
34,5,466.0,Low*Medium*NoStarvation,30,Medium*Medium*NoStarvation,5.29,26.0,6,7,29,0.4394,0.26,0.35,0.0439,-0.13,-0.07,0.0132,0.0,-0.1868,-0.9283,-0.9312,0.8475,66
34,6,492.0,Medium*Medium*NoStarvation,10,Low*Medium*NoStarvation,26.0,5.71,7,7,10,0.3846,0.0571,0.35,0.0385,-0.0286,-0.07,0.0115,0.0,-0.087,-0.8561,-0.8568,0.8475,26
34,7,558.0,Low*Medium*NoStarvation,30,Medium*Medium*NoStarvation,5.71,25.43,7,7,29,0.4394,0.2543,0.35,0.0439,-0.1271,-0.07,0.0132,0.0,-0.184,-0.9312,-0.9336,0.8475,66
34,8,584.0,Medium*Medium*NoStarvation,10,Low*Medium*NoStarvation,25.43,7.14,7,8,9,0.3462,0.0714,0.4,0.0346,-0.0357,-0.08,0.0104,0.0,-0.1053,-0.8568,-0.8592,0.8475,26
34,9,680.0,Low*Medium*NoStarvation,45,Medium*Medium*NoStarvation,7.14,42.0,8,7,42,0.4375,0.42,0.35,0.0437,-0.21,-0.07,0.0131,0.0,-0.2669,-0.9698,-0.9768,0.8475,96
34,10,776.0,Medium*Medium*NoStarvation,45,Medium*Medium*NoStarvation,42.0,41.43,7,7,42,0.4375,0.4143,0.35,0.0437,-0.2071,-0.07,0.0131,0.0,-0.264,-1.0111,-1.0137,0.8475,96
34,11,802.0,Medium*Medium*NoStarvation,10,Low*Medium*NoStarvation,41.43,8.14,7,7,9,0.3462,0.0814,0.35,0.0346,-0.0407,-0.07,0.0104,0.0,-0.1003,-0.8592,-0.8609,0.8475,26
34,12,898.0,Low*Medium*NoStarvation,45,Medium*Medium*NoStarvation,8.14,40.43,7,7,43,0.4479,0.4043,0.35,0.0448,-0.2021,-0.07,0.0134,0.0,-0.2587,-0.9768,-0.9825,0.8475,96
34,13,944.0,Medium*Medium*NoStarvation,20,Low*Medium*NoStarvation,40.43,16.71,7,7,19,0.413,0.1671,0.35,0.0413,-0.0836,-0.07,0.0124,0.0,-0.1412,-0.8939,-0.8962,0.8475,46
34,14,990.0,Low*Medium*NoStarvation,20,Low*Medium*NoStarvation,16.71,15.14,7,7,20,0.4348,0.1514,0.35,0.0435,-0.0757,-0.07,0.013,0.0,-0.1327,-0.902,-0.9027,0.8475,46
34,15,1016.0,Low*Medium*NoStarvation,10,Low*Medium*NoStarvation,15.14,7.43,7,7,8,0.3077,0.0743,0.35,0.0308,-0.0371,-0.07,0.0092,0.0,-0.0979,-0.8621,-0.8633,0.8475,26
34,16,1082.0,Low*Medium*NoStarvation,30,Medium*Medium*NoStarvation,7.43,25.86,7,7,15,0.2273,0.2586,0.35,0.0227,-0.1293,-0.07,0.0068,0.0,-0.1925,-0.9336,-0.937,0.8475,66
34,17,1128.0,Medium*Medium*NoStarvation,20,Low*Medium*NoStarvation,25.86,16.71,7,7,10,0.2174,0.1671,0.35,0.0217,-0.0836,-0.07,0.0065,0.0,-0.147,-0.8962,-0.899,0.8475,46
34,18,1224.0,Low*Medium*NoStarvation,45,Medium*Medium*NoStarvation,16.71,41.57,7,7,22,0.2292,0.4157,0.35,0.0229,-0.2079,-0.07,0.0069,0.0,-0.271,-0.9825,-0.9888,0.8475,96
34,19,1320.0,Medium*Medium*NoStarvation,45,Medium*Medium*NoStarvation,41.57,40.86,7,7,22,0.2292,0.4086,0.35,0.0229,-0.2043,-0.07,0.0069,0.0,-0.2674,-1.0137,-1.0166,0.8475,96
34,20,1416.0,Medium*Medium*NoStarvation,45,Medium*Medium*NoStarvation,40.86,40.14,7,7,22,0.2292,0.4014,0.35,0.0229,-0.2007,-0.07,0.0069,0.0,-0.2638,-1.0166,-1.0188,0.8475,96
34,21,1442.0,Medium*Medium*NoStarvation,10,Low*Medium*NoStarvation,40.14,9.0,7,7,4,0.1538,0.09,0.35,0.0154,-0.045,-0.07,0.0046,0.0,-0.1104,-0.8609,-0.8636,0.8475,26
34,22,1508.0,Low*Medium*NoStarvation,30,Medium*Medium*NoStarvation,9.0,26.29,7,7,15,0.2273,0.2629,0.35,0.0227,-0.1314,-0.07,0.0068,0.0,-0.1946,-0.937,-0.9404,0.8475,66
34,23,1534.0,Medium*Medium*NoStarvation,10,Low*Medium*NoStarvation,26.29,5.86,7,7,5,0.1923,0.0586,0.35,0.0192,-0.0293,-0.07,0.0058,0.0,-0.0935,-0.8636,-0.8642,0.8475,26
34,24,1600.0,Low*Medium*NoStarvation,30,Medium*Medium*NoStarvation,5.86,26.14,7,7,15,0.2273,0.2614,0.35,0.0227,-0.1307,-0.07,0.0068,0.0,-0.1939,-0.9404,-0.9436,0.8475,66
34,25,1666.0,Medium*Medium*NoStarvation,30,Medium*Medium*NoStarvation,26.14,26.14,7,7,14,0.2121,0.2614,0.35,0.0212,-0.1307,-0.07,0.0064,0.0,-0.1944,-0.8642,-0.875,0.8475,66
34,26,1692.0,Medium*Medium*NoStarvation,10,Low*Medium*NoStarvation,26.14,7.29,7,7,4,0.1538,0.0729,0.35,0.0154,-0.0364,-0.07,0.0046,0.0,-0.1018,-0.8642,-0.8657,0.8475,26
34,27,1758.0,Low*Medium*NoStarvation,30,Medium*Medium*NoStarvation,7.29,27.14,7,7,15,0.2273,0.2714,0.35,0.0227,-0.1357,-0.07,0.0068,0.0,-0.1989,-0.9436,-0.947,0.8475,66
34,28,1804.0,Medium*Medium*NoStarvation,20,Low*Medium*NoStarvation,27.14,16.29,7,7,10,0.2174,0.1629,0.35,0.0217,-0.0814,-0.07,0.0065,0.0,-0.1449,-0.899,-0.9013,0.8475,46
34,29,1850.0,Low*Medium*NoStarvation,20,Low*Medium*NoStarvation,16.29,15.86,7,7,10,0.2174,0.1586,0.35,0.0217,-0.0793,-0.07,0.0065,0.0,-0.1428,-0.9027,-0.9044,0.8475,46
34,30,1916.0,Low*Medium*NoStarvation,30,Medium*Medium*NoStarvation,15.86,26.29,7,7,15,0.2273,0.2629,0.35,0.0227,-0.1314,-0.07,0.0068,0.0,-0.1946,-0.947,-0.9497,0.8475,66
34,31,2012.0,Medium*Medium*NoStarvation,45,Medium*Medium*NoStarvation,26.29,40.71,7,7,23,0.2396,0.4071,0.35,0.024,-0.2036,-0.07,0.0072,0.0,-0.2664,-1.0188,-1.0215,0.8475,96
34,32,2078.0,Medium*Medium*NoStarvation,30,Medium*Medium*NoStarvation,40.71,26.29,7,7,15,0.2273,0.2629,0.35,0.0227,-0.1314,-0.07,0.0068,0.0,-0.1946,-0.875,-0.8849,0.8475,66
34,33,2104.0,Medium*Medium*NoStarvation,10,Low*Medium*NoStarvation,26.29,7.43,7,7,5,0.1923,0.0743,0.35,0.0192,-0.0371,-0.07,0.0058,0.0,-0.1014,-0.8657,-0.867,0.8475,26
34,34,2170.0,Low*Medium*NoStarvation,30,Medium*Medium*NoStarvation,7.43,26.0,7,7,15,0.2273,0.26,0.35,0.0227,-0.13,-0.07,0.0068,0.0,-0.1932,-0.9497,-0.9521,0.8475,66
34,35,2196.0,Medium*Medium*NoStarvation,10,Low*Medium*NoStarvation,26.0,8.29,7,7,4,0.1538,0.0829,0.35,0.0154,-0.0414,-0.07,0.0046,0.0,-0.1068,-0.867,-0.8686,0.8475,26
34,36,2242.0,Low*Medium*NoStarvation,20,Low*Medium*NoStarvation,8.29,16.86,7,7,10,0.2174,0.1686,0.35,0.0217,-0.0843,-0.07,0.0065,0.0,-0.1478,-0.9044,-0.9064,0.8475,46
34,37,2338.0,Low*Medium*NoStarvation,45,Medium*Medium*NoStarvation,16.86,40.71,7,7,23,0.2396,0.4071,0.35,0.024,-0.2036,-0.07,0.0072,0.0,-0.2664,-0.9888,-0.9948,0.8475,96
34,38,2384.0,Medium*Medium*NoStarvation,20,Low*Medium*NoStarvation,40.71,16.14,7,7,9,0.1957,0.1614,0.35,0.0196,-0.0807,-0.07,0.0059,0.0,-0.1448,-0.9013,-0.9033,0.8475,46
34,39,2450.0,Low*Medium*NoStarvation,30,Medium*Medium*NoStarvation,16.14,26.43,7,7,15,0.2273,0.2643,0.35,0.0227,-0.1321,-0.07,0.0068,0.0,-0.1953,-0.9521,-0.9546,0.8475,66
34,40,2496.0,Medium*Medium*NoStarvation,20,Low*Medium*NoStarvation,26.43,15.86,7,7,10,0.2174,0.1586,0.35,0.0217,-0.0793,-0.07,0.0065,0.0,-0.1428,-0.9033,-0.9049,0.8475,46
34,41,2522.0,Low*Medium*NoStarvation,10,Low*Medium*NoStarvation,15.86,7.57,7,7,5,0.1923,0.0757,0.35,0.0192,-0.0379,-0.07,0.0058,0.0,-0.1021,-0.8633,-0.8649,0.8475,26
34,42,2548.0,Low*Medium*NoStarvation,10,Low*Medium*NoStarvation,7.57,6.29,7,7,5,0.1923,0.0629,0.35,0.0192,-0.0314,-0.07,0.0058,0.0,-0.0957,-0.8649,-0.8658,0.8475,26
34,43,2594.0,Low*Medium*NoStarvation,20,Low*Medium*NoStarvation,6.29,16.57,7,7,10,0.2174,0.1657,0.35,0.0217,-0.0829,-0.07,0.0065,0.0,-0.1463,-0.9064,-0.9083,0.8475,46
34,44,2628.0,Low*Medium*NoStarvation,30,Low*Low*NoStarvation,16.57,0.0,7,0,14,0.2121,0.0,0.0,0.0212,-0.0,-0.0,0.0064,0.0,0.0064,-0.9546,-0.8858,0.8475,66
35,0,116.0,Low*Low*NoStarvation,30,Medium*Medium*NoStarvation,0.83,26.71,2,7,31,0.4697,0.2671,0.35,0.047,-0.1336,-0.07,0.0141,0.0,-0.1895,-0.4577,-0.509,0.8433,66
35,1,162.0,Medium*Medium*NoStarvation,20,Low*Medium*NoStarvation,26.71,16.86,7,7,20,0.4348,0.1686,0.35,0.0435,-0.0843,-0.07,0.013,0.0,-0.1412,-0.9049,-0.9065,0.8433,46
35,2,208.0,Low*Medium*NoStarvation,20,Low*Medium*NoStarvation,16.86,15.86,7,7,20,0.4348,0.1586,0.35,0.0435,-0.0793,-0.07,0.013,0.0,-0.1362,-0.9083,-0.909,0.8433,46
35,3,274.0,Low*Medium*NoStarvation,30,Medium*Medium*NoStarvation,15.86,25.71,7,7,30,0.4545,0.2571,0.35,0.0455,-0.1286,-0.07,0.0136,0.0,-0.1849,-0.8858,-0.8939,0.8433,66
35,4,370.0,Medium*Medium*NoStarvation,45,Medium*Medium*NoStarvation,25.71,40.29,7,7,45,0.4688,0.4029,0.35,0.0469,-0.2014,-0.07,0.0141,0.0,-0.2574,-1.0215,-1.0232,0.8433,96
35,5,466.0,Medium*Medium*NoStarvation,45,Medium*Medium*NoStarvation,40.29,40.0,7,7,42,0.4375,0.4,0.35,0.0437,-0.2,-0.07,0.0131,0.0,-0.2569,-1.0232,-1.0248,0.8433,96
35,6,562.0,Medium*Medium*NoStarvation,45,Medium*Medium*NoStarvation,40.0,39.57,7,7,42,0.4375,0.3957,0.35,0.0437,-0.1979,-0.07,0.0131,0.0,-0.2547,-1.0248,-1.0259,0.8433,96
35,7,608.0,Medium*Medium*NoStarvation,20,Low*Medium*NoStarvation,39.57,15.86,7,7,20,0.4348,0.1586,0.35,0.0435,-0.0793,-0.07,0.013,0.0,-0.1362,-0.9065,-0.9074,0.8433,46
35,8,674.0,Low*Medium*NoStarvation,30,Medium*Medium*NoStarvation,15.86,27.43,7,7,28,0.4242,0.2743,0.35,0.0424,-0.1371,-0.07,0.0127,0.0,-0.1944,-0.8939,-0.9021,0.8433,66
35,9,720.0,Medium*Medium*NoStarvation,20,Low*Medium*NoStarvation,27.43,16.86,7,7,19,0.413,0.1686,0.35,0.0413,-0.0843,-0.07,0.0124,0.0,-0.1419,-0.9074,-0.9088,0.8433,46
35,10,746.0,Low*Medium*NoStarvation,10,Low*Medium*NoStarvation,16.86,6.38,7,8,9,0.3462,0.0638,0.4,0.0346,-0.0319,-0.08,0.0104,0.0,-0.1015,-0.8658,-0.8673,0.8433,26
35,11,772.0,Low*Medium*NoStarvation,10,Low*Medium*NoStarvation,6.38,6.57,8,7,9,0.3462,0.0657,0.35,0.0346,-0.0329,-0.07,0.0104,0.0,-0.0925,-0.8673,-0.8678,0.8433,26
35,12,798.0,Low*Medium*NoStarvation,10,Low*Medium*NoStarvation,6.57,6.21,7,8,10,0.3846,0.0621,0.4,0.0385,-0.0311,-0.08,0.0115,0.0,-0.0995,-0.8678,-0.8691,0.8433,26
35,13,864.0,Low*Medium*NoStarvation,30,Medium*Medium*NoStarvation,6.21,24.86,8,7,29,0.4394,0.2486,0.35,0.0439,-0.1243,-0.07,0.0132,0.0,-0.1811,-0.9021,-0.9082,0.8433,66
35,14,890.0,Medium*Medium*NoStarvation,10,Low*Medium*NoStarvation,24.86,7.57,7,7,10,0.3846,0.0757,0.35,0.0385,-0.0379,-0.07,0.0115,0.0,-0.0963,-0.8686,-0.8696,0.8433,26
35,15,916.0,Low*Medium*NoStarvation,10,Low*Medium*NoStarvation,7.57,6.14,7,7,10,0.3846,0.0614,0.35,0.0385,-0.0307,-0.07,0.0115,0.0,-0.0892,-0.8691,-0.8693,0.8433,26
35,16,942.0,Low*Medium*NoStarvation,10,Low*Medium*NoStarvation,6.14,6.96,7,8,10,0.3846,0.0696,0.4,0.0385,-0.0348,-0.08,0.0115,0.0,-0.1033,-0.8693,-0.871,0.8433,26
35,17,988.0,Low*Medium*NoStarvation,20,Low*Medium*NoStarvation,6.96,15.86,8,7,19,0.413,0.1586,0.35,0.0413,-0.0793,-0.07,0.0124,0.0,-0.1369,-0.909,-0.9102,0.8433,46
35,18,1054.0,Low*Medium*NoStarvation,30,Medium*Medium*NoStarvation,15.86,25.57,7,7,21,0.3182,0.2557,0.35,0.0318,-0.1279,-0.07,0.0095,0.0,-0.1883,-0.9082,-0.9145,0.8433,66
35,19,1120.0,Medium*Medium*NoStarvation,30,Medium*Medium*NoStarvation,25.57,26.57,7,7,15,0.2273,0.2657,0.35,0.0227,-0.1329,-0.07,0.0068,0.0,-0.196,-0.8849,-0.8943,0.8433,66
35,20,1186.0,Medium*Medium*NoStarvation,30,Medium*Medium*NoStarvation,26.57,25.57,7,7,15,0.2273,0.2557,0.35,0.0227,-0.1279,-0.07,0.0068,0.0,-0.191,-0.8943,-0.9022,0.8433,66
35,21,1212.0,Medium*Medium*NoStarvation,10,Low*Medium*NoStarvation,25.57,6.71,7,7,5,0.1923,0.0671,0.35,0.0192,-0.0336,-0.07,0.0058,0.0,-0.0978,-0.8696,-0.8708,0.8433,26
35,22,1308.0,Low*Medium*NoStarvation,45,Medium*Medium*NoStarvation,6.71,40.0,7,7,23,0.2396,0.4,0.35,0.024,-0.2,-0.07,0.0072,0.0,-0.2628,-0.9948,-1.0,0.8433,96
35,23,1354.0,Medium*Medium*NoStarvation,20,Low*Medium*NoStarvation,40.0,16.14,7,7,10,0.2174,0.1614,0.35,0.0217,-0.0807,-0.07,0.0065,0.0,-0.1442,-0.9088,-0.9107,0.8433,46
35,24,1400.0,Low*Medium*NoStarvation,20,Low*Medium*NoStarvation,16.14,16.14,7,7,10,0.2174,0.1614,0.35,0.0217,-0.0807,-0.07,0.0065,0.0,-0.1442,-0.9102,-0.912,0.8433,46
35,25,1426.0,Low*Medium*NoStarvation,10,Low*Medium*NoStarvation,16.14,8.57,7,7,4,0.1538,0.0857,0.35,0.0154,-0.0429,-0.07,0.0046,0.0,-0.1082,-0.871,-0.8731,0.8433,26
35,26,1472.0,Low*Medium*NoStarvation,20,Low*Medium*NoStarvation,8.57,16.57,7,7,10,0.2174,0.1657,0.35,0.0217,-0.0829,-0.07,0.0065,0.0,-0.1463,-0.912,-0.914,0.8433,46
35,27,1498.0,Low*Medium*NoStarvation,10,Low*Medium*NoStarvation,16.57,7.14,7,7,4,0.1538,0.0714,0.35,0.0154,-0.0357,-0.07,0.0046,0.0,-0.1011,-0.8731,-0.8745,0.8433,26
35,28,1524.0,Low*Medium*NoStarvation,10,Low*Medium*NoStarvation,7.14,6.43,7,7,5,0.1923,0.0643,0.35,0.0192,-0.0321,-0.07,0.0058,0.0,-0.0964,-0.8745,-0.8754,0.8433,26
35,29,1570.0,Low*Medium*NoStarvation,20,Low*Medium*NoStarvation,6.43,16.71,7,7,10,0.2174,0.1671,0.35,0.0217,-0.0836,-0.07,0.0065,0.0,-0.147,-0.914,-0.9161,0.8433,46
35,30,1616.0,Low*Medium*NoStarvation,20,Low*Medium*NoStarvation,16.71,17.14,7,7,10,0.2174,0.1714,0.35,0.0217,-0.0857,-0.07,0.0065,0.0,-0.1492,-0.9161,-0.9182,0.8433,46
35,31,1642.0,Low*Medium*NoStarvation,10,Low*Medium*NoStarvation,17.14,6.14,7,7,5,0.1923,0.0614,0.35,0.0192,-0.0307,-0.07,0.0058,0.0,-0.0949,-0.8754,-0.8761,0.8433,26
35,32,1708.0,Low*Medium*NoStarvation,30,Medium*Medium*NoStarvation,6.14,25.29,7,7,15,0.2273,0.2529,0.35,0.0227,-0.1264,-0.07,0.0068,0.0,-0.1896,-0.9145,-0.9204,0.8433,66
35,33,1734.0,Medium*Medium*NoStarvation,10,Low*Medium*NoStarvation,25.29,6.43,7,7,5,0.1923,0.0643,0.35,0.0192,-0.0321,-0.07,0.0058,0.0,-0.0964,-0.8708,-0.8722,0.8433,26
35,34,1760.0,Low*Medium*NoStarvation,10,Low*Medium*NoStarvation,6.43,7.0,7,7,5,0.1923,0.07,0.35,0.0192,-0.035,-0.07,0.0058,0.0,-0.0992,-0.8761,-0.8773,0.8433,26
35,35,1786.0,Low*Medium*NoStarvation,10,Low*Medium*NoStarvation,7.0,6.71,7,7,5,0.1923,0.0671,0.35,0.0192,-0.0336,-0.07,0.0058,0.0,-0.0978,-0.8773,-0.8783,0.8433,26
35,36,1832.0,Low*Medium*NoStarvation,20,Low*Medium*NoStarvation,6.71,15.86,7,7,10,0.2174,0.1586,0.35,0.0217,-0.0793,-0.07,0.0065,0.0,-0.1428,-0.9182,-0.9197,0.8433,46
35,37,1928.0,Low*Medium*NoStarvation,45,Medium*Medium*NoStarvation,15.86,39.57,7,7,23,0.2396,0.3957,0.35,0.024,-0.1979,-0.07,0.0072,0.0,-0.2607,-1.0,-1.0045,0.8433,96
35,38,1954.0,Medium*Medium*NoStarvation,10,Low*Medium*NoStarvation,39.57,6.0,7,7,5,0.1923,0.06,0.35,0.0192,-0.03,-0.07,0.0058,0.0,-0.0942,-0.8722,-0.8735,0.8433,26
35,39,1980.0,Low*Medium*NoStarvation,10,Low*Medium*NoStarvation,6.0,8.86,7,7,4,0.1538,0.0886,0.35,0.0154,-0.0443,-0.07,0.0046,0.0,-0.1097,-0.8783,-0.8805,0.8433,26
35,40,2046.0,Low*Medium*NoStarvation,30,Medium*Medium*NoStarvation,8.86,26.43,7,7,15,0.2273,0.2643,0.35,0.0227,-0.1321,-0.07,0.0068,0.0,-0.1953,-0.9204,-0.9265,0.8433,66
35,41,2092.0,Medium*Medium*NoStarvation,20,Low*Medium*NoStarvation,26.43,16.71,7,7,10,0.2174,0.1671,0.35,0.0217,-0.0836,-0.07,0.0065,0.0,-0.147,-0.9107,-0.9136,0.8433,46
35,42,2158.0,Low*Medium*NoStarvation,30,Medium*Medium*NoStarvation,16.71,26.43,7,7,15,0.2273,0.2643,0.35,0.0227,-0.1321,-0.07,0.0068,0.0,-0.1953,-0.9265,-0.932,0.8433,66
35,43,2224.0,Medium*Medium*NoStarvation,30,Medium*Medium*NoStarvation,26.43,27.14,7,7,14,0.2121,0.2714,0.35,0.0212,-0.1357,-0.07,0.0064,0.0,-0.1994,-0.9022,-0.9106,0.8433,66
35,44,2270.0,Medium*Medium*NoStarvation,20,Low*Medium*NoStarvation,27.14,15.71,7,7,10,0.2174,0.1571,0.35,0.0217,-0.0786,-0.07,0.0065,0.0,-0.142,-0.9136,-0.9157,0.8433,46
35,45,2296.0,Low*Medium*NoStarvation,10,Low*Medium*NoStarvation,15.71,5.71,7,6,5,0.1923,0.0571,0.3,0.0192,-0.0286,-0.06,0.0058,0.0,-0.0828,-0.8805,-0.8799,0.8433,26
35,46,2362.0,Low*Medium*NoStarvation,30,Medium*Medium*NoStarvation,5.71,25.57,6,7,15,0.2273,0.2557,0.35,0.0227,-0.1279,-0.07,0.0068,0.0,-0.191,-0.932,-0.9365,0.8433,66
35,47,2458.0,Medium*Medium*NoStarvation,45,Medium*Medium*NoStarvation,25.57,40.71,7,7,22,0.2292,0.4071,0.35,0.0229,-0.2036,-0.07,0.0069,0.0,-0.2667,-1.0259,-1.0286,0.8433,96
35,48,2554.0,Medium*Medium*NoStarvation,45,Medium*Medium*NoStarvation,40.71,40.57,7,7,23,0.2396,0.4057,0.35,0.024,-0.2029,-0.07,0.0072,0.0,-0.2657,-1.0286,-1.031,0.8433,96
35,49,2600.0,Medium*Medium*NoStarvation,20,Low*Medium*NoStarvation,40.57,18.0,7,7,10,0.2174,0.18,0.35,0.0217,-0.09,-0.07,0.0065,0.0,-0.1535,-0.9157,-0.9186,0.8433,46
35,50,2646.0,Low*Medium*NoStarvation,20,Low*Medium*NoStarvation,18.0,16.43,7,7,10,0.2174,0.1643,0.35,0.0217,-0.0821,-0.07,0.0065,0.0,-0.1456,-0.9197,-0.9215,0.8433,46
35,51,2672.0,Low*Medium*NoStarvation,30,Low*Low*NoStarvation,16.43,0.0,7,0,10,0.1515,0.0,0.0,0.0152,-0.0,-0.0,0.0045,0.0,0.0045,-0.9365,-0.8697,0.8433,66
36,0,76.0,Low*Low*NoStarvation,10,Low*Medium*NoStarvation,0.83,6.71,2,7,11,0.4231,0.0671,0.35,0.0423,-0.0336,-0.07,0.0127,0.0,-0.0909,-0.3038,-0.3608,0.8391,26
36,1,102.0,Low*Medium*NoStarvation,10,Low*Medium*NoStarvation,6.71,8.43,7,7,8,0.3077,0.0843,0.35,0.0308,-0.0421,-0.07,0.0092,0.0,-0.1029,-0.8799,-0.8805,0.8391,26
36,2,148.0,Low*Medium*NoStarvation,20,Low*Medium*NoStarvation,8.43,15.71,7,7,20,0.4348,0.1571,0.35,0.0435,-0.0786,-0.07,0.013,0.0,-0.1355,-0.9215,-0.9212,0.8391,46
36,3,214.0,Low*Medium*NoStarvation,30,Medium*Medium*NoStarvation,15.71,25.86,7,7,30,0.4545,0.2586,0.35,0.0455,-0.1293,-0.07,0.0136,0.0,-0.1856,-0.8697,-0.8799,0.8391,66
36,4,310.0,Medium*Medium*NoStarvation,45,Medium*Medium*NoStarvation,25.86,40.86,7,7,46,0.4792,0.4086,0.35,0.0479,-0.2043,-0.07,0.0144,0.0,-0.2599,-1.031,-1.0325,0.8391,96
36,5,376.0,Medium*Medium*NoStarvation,30,Medium*Medium*NoStarvation,40.86,26.14,7,7,31,0.4697,0.2614,0.35,0.047,-0.1307,-0.07,0.0141,0.0,-0.1866,-0.9106,-0.9168,0.8391,66
36,6,472.0,Medium*Medium*NoStarvation,45,Medium*Medium*NoStarvation,26.14,42.29,7,7,42,0.4375,0.4229,0.35,0.0437,-0.2114,-0.07,0.0131,0.0,-0.2683,-1.0325,-1.0347,0.8391,96
36,7,498.0,Medium*Medium*NoStarvation,10,Low*Medium*NoStarvation,42.29,7.86,7,7,9,0.3462,0.0786,0.35,0.0346,-0.0393,-0.07,0.0104,0.0,-0.0989,-0.8735,-0.8752,0.8391,26
36,8,564.0,Low*Medium*NoStarvation,30,Medium*Medium*NoStarvation,7.86,27.0,7,7,29,0.4394,0.27,0.35,0.0439,-0.135,-0.07,0.0132,0.0,-0.1918,-0.8799,-0.8899,0.8391,66
36,9,610.0,Medium*Medium*NoStarvation,20,Low*Medium*NoStarvation,27.0,16.29,7,7,19,0.413,0.1629,0.35,0.0413,-0.0814,-0.07,0.0124,0.0,-0.139,-0.9186,-0.9199,0.8391,46
36,10,706.0,Low*Medium*NoStarvation,45,Medium*Medium*NoStarvation,16.29,38.71,7,7,42,0.4375,0.3871,0.35,0.0437,-0.1936,-0.07,0.0131,0.0,-0.2504,-1.0045,-1.0079,0.8391,96
36,11,732.0,Medium*Medium*NoStarvation,10,Low*Medium*NoStarvation,38.71,8.0,7,7,9,0.3462,0.08,0.35,0.0346,-0.04,-0.07,0.0104,0.0,-0.0996,-0.8752,-0.8769,0.8391,26
36,12,828.0,Low*Medium*NoStarvation,45,Medium*Medium*NoStarvation,8.0,40.71,7,7,42,0.4375,0.4071,0.35,0.0437,-0.2036,-0.07,0.0131,0.0,-0.2604,-1.0079,-1.0121,0.8391,96
36,13,854.0,Medium*Medium*NoStarvation,10,Low*Medium*NoStarvation,40.71,5.71,7,7,9,0.3462,0.0571,0.35,0.0346,-0.0286,-0.07,0.0104,0.0,-0.0882,-0.8769,-0.8773,0.8391,26
36,14,900.0,Low*Medium*NoStarvation,20,Low*Medium*NoStarvation,5.71,16.71,7,7,20,0.4348,0.1671,0.35,0.0435,-0.0836,-0.07,0.013,0.0,-0.1405,-0.9212,-0.9223,0.8391,46
36,15,996.0,Low*Medium*NoStarvation,45,Medium*Medium*NoStarvation,16.71,41.71,7,7,42,0.4375,0.4171,0.35,0.0437,-0.2086,-0.07,0.0131,0.0,-0.2654,-1.0121,-1.0164,0.8391,96
36,16,1042.0,Medium*Medium*NoStarvation,20,Low*Medium*NoStarvation,41.71,15.57,7,7,12,0.2609,0.1557,0.35,0.0261,-0.0779,-0.07,0.0078,0.0,-0.14,-0.9199,-0.9212,0.8391,46
36,17,1138.0,Low*Medium*NoStarvation,45,Medium*Medium*NoStarvation,15.57,40.43,7,7,23,0.2396,0.4043,0.35,0.024,-0.2021,-0.07,0.0072,0.0,-0.265,-1.0164,-1.0202,0.8391,96
36,18,1184.0,Medium*Medium*NoStarvation,20,Low*Medium*NoStarvation,40.43,16.0,7,7,10,0.2174,0.16,0.35,0.0217,-0.08,-0.07,0.0065,0.0,-0.1435,-0.9212,-0.9227,0.8391,46
36,19,1230.0,Low*Medium*NoStarvation,20,Low*Medium*NoStarvation,16.0,16.43,7,7,10,0.2174,0.1643,0.35,0.0217,-0.0821,-0.07,0.0065,0.0,-0.1456,-0.9223,-0.9239,0.8391,46
36,20,1256.0,Low*Medium*NoStarvation,10,Low*Medium*NoStarvation,16.43,6.14,7,7,5,0.1923,0.0614,0.35,0.0192,-0.0307,-0.07,0.0058,0.0,-0.0949,-0.8805,-0.8812,0.8391,26
36,21,1282.0,Low*Medium*NoStarvation,10,Low*Medium*NoStarvation,6.14,7.14,7,7,4,0.1538,0.0714,0.35,0.0154,-0.0357,-0.07,0.0046,0.0,-0.1011,-0.8812,-0.8825,0.8391,26
36,22,1348.0,Low*Medium*NoStarvation,30,Medium*Medium*NoStarvation,7.14,25.86,7,7,15,0.2273,0.2586,0.35,0.0227,-0.1293,-0.07,0.0068,0.0,-0.1925,-0.8899,-0.8991,0.8391,66
36,23,1394.0,Medium*Medium*NoStarvation,20,Low*Medium*NoStarvation,25.86,16.43,7,7,10,0.2174,0.1643,0.35,0.0217,-0.0821,-0.07,0.0065,0.0,-0.1456,-0.9227,-0.9244,0.8391,46
36,24,1440.0,Low*Medium*NoStarvation,20,Low*Medium*NoStarvation,16.43,17.14,7,7,9,0.1957,0.1714,0.35,0.0196,-0.0857,-0.07,0.0059,0.0,-0.1498,-0.9239,-0.9259,0.8391,46
36,25,1466.0,Low*Medium*NoStarvation,10,Low*Medium*NoStarvation,17.14,6.0,7,7,5,0.1923,0.06,0.35,0.0192,-0.03,-0.07,0.0058,0.0,-0.0942,-0.8825,-0.8831,0.8391,26
36,26,1492.0,Low*Medium*NoStarvation,10,Low*Medium*NoStarvation,6.0,6.71,7,7,5,0.1923,0.0671,0.35,0.0192,-0.0336,-0.07,0.0058,0.0,-0.0978,-0.8831,-0.884,0.8391,26
36,27,1588.0,Low*Medium*NoStarvation,45,Medium*Medium*NoStarvation,6.71,41.86,7,7,22,0.2292,0.4186,0.35,0.0229,-0.2093,-0.07,0.0069,0.0,-0.2724,-1.0202,-1.0244,0.8391,96
36,28,1614.0,Medium*Medium*NoStarvation,10,Low*Medium*NoStarvation,41.86,5.29,7,6,5,0.1923,0.0529,0.3,0.0192,-0.0264,-0.06,0.0058,0.0,-0.0807,-0.8773,-0.8772,0.8391,26
36,29,1660.0,Low*Medium*NoStarvation,20,Low*Medium*NoStarvation,5.29,16.29,6,7,10,0.2174,0.1629,0.35,0.0217,-0.0814,-0.07,0.0065,0.0,-0.1449,-0.9259,-0.9274,0.8391,46
36,30,1686.0,Low*Medium*NoStarvation,10,Low*Medium*NoStarvation,16.29,7.43,7,7,4,0.1538,0.0743,0.35,0.0154,-0.0371,-0.07,0.0046,0.0,-0.1025,-0.884,-0.8855,0.8391,26
36,31,1752.0,Low*Medium*NoStarvation,30,Medium*Medium*NoStarvation,7.43,25.86,7,7,15,0.2273,0.2586,0.35,0.0227,-0.1293,-0.07,0.0068,0.0,-0.1925,-0.8991,-0.9074,0.8391,66
36,32,1848.0,Medium*Medium*NoStarvation,45,Medium*Medium*NoStarvation,25.86,39.86,7,7,23,0.2396,0.3986,0.35,0.024,-0.1993,-0.07,0.0072,0.0,-0.2621,-1.0347,-1.0363,0.8391,96
36,33,1914.0,Medium*Medium*NoStarvation,30,Medium*Medium*NoStarvation,39.86,25.43,7,7,15,0.2273,0.2543,0.35,0.0227,-0.1271,-0.07,0.0068,0.0,-0.1903,-0.9168,-0.9231,0.8391,66
36,34,1940.0,Medium*Medium*NoStarvation,10,Low*Medium*NoStarvation,25.43,7.71,7,7,4,0.1538,0.0771,0.35,0.0154,-0.0386,-0.07,0.0046,0.0,-0.104,-0.8772,-0.8796,0.8391,26
36,35,2036.0,Low*Medium*NoStarvation,45,Medium*Medium*NoStarvation,7.71,43.57,7,7,22,0.2292,0.4357,0.35,0.0229,-0.2179,-0.07,0.0069,0.0,-0.281,-1.0244,-1.0292,0.8391,96
36,36,2082.0,Medium*Medium*NoStarvation,20,Low*Medium*NoStarvation,43.57,17.71,7,7,10,0.2174,0.1771,0.35,0.0217,-0.0886,-0.07,0.0065,0.0,-0.152,-0.9244,-0.9268,0.8391,46
36,37,2148.0,Low*Medium*NoStarvation,30,Medium*Medium*NoStarvation,17.71,25.43,7,7,16,0.2424,0.2543,0.35,0.0242,-0.1271,-0.07,0.0073,0.0,-0.1899,-0.9074,-0.9148,0.8391,66
36,38,2174.0,Medium*Medium*NoStarvation,10,Low*Medium*NoStarvation,25.43,6.29,7,7,5,0.1923,0.0629,0.35,0.0192,-0.0314,-0.07,0.0058,0.0,-0.0957,-0.8796,-0.8809,0.8391,26
36,39,2240.0,Low*Medium*NoStarvation,30,Medium*Medium*NoStarvation,6.29,25.71,7,7,15,0.2273,0.2571,0.35,0.0227,-0.1286,-0.07,0.0068,0.0,-0.1918,-0.9148,-0.9218,0.8391,66
36,40,2306.0,Medium*Medium*NoStarvation,30,Medium*Medium*NoStarvation,25.71,25.71,7,7,15,0.2273,0.2571,0.35,0.0227,-0.1286,-0.07,0.0068,0.0,-0.1918,-0.9231,-0.9292,0.8391,66
36,41,2372.0,Medium*Medium*NoStarvation,30,Medium*Medium*NoStarvation,25.71,25.29,7,7,15,0.2273,0.2529,0.35,0.0227,-0.1264,-0.07,0.0068,0.0,-0.1896,-0.9292,-0.9345,0.8391,66
36,42,2468.0,Medium*Medium*NoStarvation,45,Medium*Medium*NoStarvation,25.29,42.0,7,7,22,0.2292,0.42,0.35,0.0229,-0.21,-0.07,0.0069,0.0,-0.2731,-1.0363,-1.0393,0.8391,96
36,43,2494.0,Medium*Medium*NoStarvation,10,Low*Medium*NoStarvation,42.0,6.0,7,7,5,0.1923,0.06,0.35,0.0192,-0.03,-0.07,0.0058,0.0,-0.0942,-0.8809,-0.8819,0.8391,26
36,44,2540.0,Low*Medium*NoStarvation,20,Low*Medium*NoStarvation,6.0,16.29,7,7,10,0.2174,0.1629,0.35,0.0217,-0.0814,-0.07,0.0065,0.0,-0.1449,-0.9274,-0.9288,0.8391,46
36,45,2586.0,Low*Medium*NoStarvation,20,Low*Medium*NoStarvation,16.29,16.29,7,7,10,0.2174,0.1629,0.35,0.0217,-0.0814,-0.07,0.0065,0.0,-0.1449,-0.9288,-0.9301,0.8391,46
36,46,2612.0,Low*Medium*NoStarvation,10,Low*Medium*NoStarvation,16.29,6.86,7,7,5,0.1923,0.0686,0.35,0.0192,-0.0343,-0.07,0.0058,0.0,-0.0985,-0.8855,-0.8865,0.8391,26
36,47,2678.0,Low*Medium*NoStarvation,30,Medium*Low*NoStarvation,6.86,32.0,7,1,15,0.2273,0.32,0.05,0.0227,-0.16,-0.01,0.0068,0.0,-0.1632,-0.9218,-0.8459,0.8391,66
36,48,2687.0,Medium*Low*NoStarvation,20,Low*Low*NoStarvation,32.0,0.0,1,0,1,0.0217,0.0,0.0,0.0022,-0.0,-0.0,0.0007,0.0,0.0007,-0.0226,-0.0517,0.8391,46
37,0,146.0,Low*Low*NoStarvation,45,Medium*Medium*NoStarvation,0.83,40.71,2,7,47,0.4896,0.4071,0.35,0.049,-0.2036,-0.07,0.0147,0.0,-0.2589,-0.5426,-0.5936,0.8349,96
37,1,242.0,Medium*Medium*NoStarvation,45,Medium*Medium*NoStarvation,40.71,40.14,7,7,45,0.4688,0.4014,0.35,0.0469,-0.2007,-0.07,0.0141,0.0,-0.2567,-1.0393,-1.0404,0.8349,96
37,2,268.0,Medium*Medium*NoStarvation,10,Low*Medium*NoStarvation,40.14,8.71,7,7,10,0.3846,0.0871,0.35,0.0385,-0.0436,-0.07,0.0115,0.0,-0.102,-0.8819,-0.88,0.8349,26
37,3,314.0,Low*Medium*NoStarvation,20,Low*Medium*NoStarvation,8.71,16.57,7,7,20,0.4348,0.1657,0.35,0.0435,-0.0829,-0.07,0.013,0.0,-0.1398,-0.9301,-0.9272,0.8349,46
37,4,380.0,Low*Medium*NoStarvation,30,Medium*Medium*NoStarvation,16.57,24.29,7,7,29,0.4394,0.2429,0.35,0.0439,-0.1214,-0.07,0.0132,0.0,-0.1782,-0.8459,-0.8584,0.8349,66
37,5,446.0,Medium*Medium*NoStarvation,30,Medium*Medium*NoStarvation,24.29,26.86,7,7,28,0.4242,0.2686,0.35,0.0424,-0.1343,-0.07,0.0127,0.0,-0.1916,-0.9345,-0.9394,0.8349,66
37,6,512.0,Medium*Medium*NoStarvation,30,Medium*Medium*NoStarvation,26.86,25.86,7,7,28,0.4242,0.2586,0.35,0.0424,-0.1293,-0.07,0.0127,0.0,-0.1866,-0.9394,-0.9434,0.8349,66
37,7,578.0,Medium*Medium*NoStarvation,30,Medium*Medium*NoStarvation,25.86,26.29,7,7,29,0.4394,0.2629,0.35,0.0439,-0.1314,-0.07,0.0132,0.0,-0.1882,-0.9434,-0.947,0.8349,66
37,8,604.0,Medium*Medium*NoStarvation,10,Low*Medium*NoStarvation,26.29,6.71,7,8,8,0.3077,0.0671,0.4,0.0308,-0.0336,-0.08,0.0092,0.0,-0.1043,-0.88,-0.8797,0.8349,26
37,9,650.0,Low*Medium*NoStarvation,20,Low*Medium*NoStarvation,6.71,16.43,8,7,20,0.4348,0.1643,0.35,0.0435,-0.0821,-0.07,0.013,0.0,-0.1391,-0.9272,-0.9257,0.8349,46
37,10,746.0,Low*Medium*NoStarvation,45,Medium*Medium*NoStarvation,16.43,42.0,7,7,42,0.4375,0.42,0.35,0.0437,-0.21,-0.07,0.0131,0.0,-0.2669,-1.0292,-1.0321,0.8349,96
37,11,812.0,Medium*Medium*NoStarvation,30,Medium*Medium*NoStarvation,42.0,27.14,7,7,27,0.4091,0.2714,0.35,0.0409,-0.1357,-0.07,0.0123,0.0,-0.1934,-0.947,-0.9509,0.8349,66
37,12,838.0,Medium*Medium*NoStarvation,10,Low*Medium*NoStarvation,27.14,8.71,7,7,8,0.3077,0.0871,0.35,0.0308,-0.0436,-0.07,0.0092,0.0,-0.1043,-0.8797,-0.8794,0.8349,26
37,13,884.0,Low*Medium*NoStarvation,20,Low*Medium*NoStarvation,8.71,15.86,7,7,20,0.4348,0.1586,0.35,0.0435,-0.0793,-0.07,0.013,0.0,-0.1362,-0.9257,-0.924,0.8349,46
37,14,950.0,Low*Medium*NoStarvation,30,Medium*Medium*NoStarvation,15.86,26.14,7,7,29,0.4394,0.2614,0.35,0.0439,-0.1307,-0.07,0.0132,0.0,-0.1875,-0.8584,-0.8704,0.8349,66
37,15,1046.0,Medium*Medium*NoStarvation,45,Medium*Medium*NoStarvation,26.14,41.71,7,7,33,0.3438,0.4171,0.35,0.0344,-0.2086,-0.07,0.0103,0.0,-0.2683,-1.0404,-1.0423,0.8349,96
37,16,1072.0,Medium*Medium*NoStarvation,10,Low*Medium*NoStarvation,41.71,7.43,7,7,5,0.1923,0.0743,0.35,0.0192,-0.0371,-0.07,0.0058,0.0,-0.1014,-0.8794,-0.88,0.8349,26
37,17,1138.0,Low*Medium*NoStarvation,30,Medium*Medium*NoStarvation,7.43,26.0,7,7,15,0.2273,0.26,0.35,0.0227,-0.13,-0.07,0.0068,0.0,-0.1932,-0.8704,-0.8819,0.8349,66
37,18,1184.0,Medium*Medium*NoStarvation,20,Low*Medium*NoStarvation,26.0,15.29,7,7,10,0.2174,0.1529,0.35,0.0217,-0.0764,-0.07,0.0065,0.0,-0.1399,-0.9268,-0.9275,0.8349,46
37,19,1250.0,Low*Medium*NoStarvation,30,Medium*Medium*NoStarvation,15.29,26.86,7,7,15,0.2273,0.2686,0.35,0.0227,-0.1343,-0.07,0.0068,0.0,-0.1975,-0.8819,-0.8926,0.8349,66
37,20,1346.0,Medium*Medium*NoStarvation,45,Medium*Medium*NoStarvation,26.86,41.43,7,7,23,0.2396,0.4143,0.35,0.024,-0.2071,-0.07,0.0072,0.0,-0.27,-1.0423,-1.0443,0.8349,96
37,21,1442.0,Medium*Medium*NoStarvation,45,Medium*Medium*NoStarvation,41.43,41.29,7,7,22,0.2292,0.4129,0.35,0.0229,-0.2064,-0.07,0.0069,0.0,-0.2696,-1.0443,-1.046,0.8349,96
37,22,1468.0,Medium*Medium*NoStarvation,10,Low*Medium*NoStarvation,41.29,6.86,7,7,5,0.1923,0.0686,0.35,0.0192,-0.0343,-0.07,0.0058,0.0,-0.0985,-0.88,-0.8816,0.8349,26
37,23,1494.0,Low*Medium*NoStarvation,10,Low*Medium*NoStarvation,6.86,8.29,7,7,4,0.1538,0.0829,0.35,0.0154,-0.0414,-0.07,0.0046,0.0,-0.1068,-0.8865,-0.8883,0.8349,26
37,24,1590.0,Low*Medium*NoStarvation,45,Medium*Medium*NoStarvation,8.29,40.86,7,7,23,0.2396,0.4086,0.35,0.024,-0.2043,-0.07,0.0072,0.0,-0.2671,-1.0321,-1.035,0.8349,96
37,25,1656.0,Medium*Medium*NoStarvation,30,Medium*Medium*NoStarvation,40.86,25.86,7,7,15,0.2273,0.2586,0.35,0.0227,-0.1293,-0.07,0.0068,0.0,-0.1925,-0.9509,-0.9544,0.8349,66
37,26,1722.0,Medium*Medium*NoStarvation,30,Medium*Medium*NoStarvation,25.86,26.43,7,7,15,0.2273,0.2643,0.35,0.0227,-0.1321,-0.07,0.0068,0.0,-0.1953,-0.9544,-0.9578,0.8349,66
37,27,1748.0,Medium*Medium*NoStarvation,10,Low*Medium*NoStarvation,26.43,8.57,7,7,4,0.1538,0.0857,0.35,0.0154,-0.0429,-0.07,0.0046,0.0,-0.1082,-0.8816,-0.8842,0.8349,26
37,28,1774.0,Low*Medium*NoStarvation,10,Low*Medium*NoStarvation,8.57,9.43,7,7,4,0.1538,0.0943,0.35,0.0154,-0.0471,-0.07,0.0046,0.0,-0.1125,-0.8883,-0.8906,0.8349,26
37,29,1870.0,Low*Medium*NoStarvation,45,Medium*Medium*NoStarvation,9.43,43.0,7,7,22,0.2292,0.43,0.35,0.0229,-0.215,-0.07,0.0069,0.0,-0.2781,-1.035,-1.0389,0.8349,96
37,30,1916.0,Medium*Medium*NoStarvation,20,Low*Medium*NoStarvation,43.0,16.57,7,7,10,0.2174,0.1657,0.35,0.0217,-0.0829,-0.07,0.0065,0.0,-0.1463,-0.9275,-0.9296,0.8349,46
37,31,1942.0,Low*Medium*NoStarvation,10,Low*Medium*NoStarvation,16.57,7.0,7,7,4,0.1538,0.07,0.35,0.0154,-0.035,-0.07,0.0046,0.0,-0.1004,-0.8906,-0.8918,0.8349,26
37,32,1968.0,Low*Medium*NoStarvation,10,Low*Medium*NoStarvation,7.0,5.43,7,6,5,0.1923,0.0543,0.3,0.0192,-0.0271,-0.06,0.0058,0.0,-0.0814,-0.8918,-0.891,0.8349,26
37,33,1994.0,Low*Medium*NoStarvation,10,Low*Medium*NoStarvation,5.43,5.86,6,7,5,0.1923,0.0586,0.35,0.0192,-0.0293,-0.07,0.0058,0.0,-0.0935,-0.891,-0.8914,0.8349,26
37,34,2020.0,Low*Medium*NoStarvation,10,Low*Medium*NoStarvation,5.86,6.0,7,7,5,0.1923,0.06,0.35,0.0192,-0.03,-0.07,0.0058,0.0,-0.0942,-0.8914,-0.8919,0.8349,26
37,35,2046.0,Low*Medium*NoStarvation,10,Low*Medium*NoStarvation,6.0,6.29,7,6,5,0.1923,0.0629,0.3,0.0192,-0.0314,-0.06,0.0058,0.0,-0.0857,-0.8919,-0.8916,0.8349,26
37,36,2092.0,Low*Medium*NoStarvation,20,Low*Medium*NoStarvation,6.29,15.86,6,7,10,0.2174,0.1586,0.35,0.0217,-0.0793,-0.07,0.0065,0.0,-0.1428,-0.924,-0.9261,0.8349,46
37,37,2158.0,Low*Medium*NoStarvation,30,Medium*Medium*NoStarvation,15.86,26.71,7,7,15,0.2273,0.2671,0.35,0.0227,-0.1336,-0.07,0.0068,0.0,-0.1968,-0.8926,-0.9026,0.8349,66
37,38,2184.0,Medium*Medium*NoStarvation,10,Low*Medium*NoStarvation,26.71,6.14,7,7,5,0.1923,0.0614,0.35,0.0192,-0.0307,-0.07,0.0058,0.0,-0.0949,-0.8842,-0.8855,0.8349,26
37,39,2250.0,Low*Medium*NoStarvation,30,Medium*Medium*NoStarvation,6.14,26.86,7,7,15,0.2273,0.2686,0.35,0.0227,-0.1343,-0.07,0.0068,0.0,-0.1975,-0.9026,-0.9118,0.8349,66
37,40,2346.0,Medium*Medium*NoStarvation,45,Medium*Medium*NoStarvation,26.86,40.71,7,7,23,0.2396,0.4071,0.35,0.024,-0.2036,-0.07,0.0072,0.0,-0.2664,-1.046,-1.0478,0.8349,96
37,41,2442.0,Medium*Medium*NoStarvation,45,Medium*Medium*NoStarvation,40.71,42.43,7,7,22,0.2292,0.4243,0.35,0.0229,-0.2121,-0.07,0.0069,0.0,-0.2753,-1.0478,-1.0502,0.8349,96
37,42,2538.0,Medium*Medium*NoStarvation,45,Medium*Medium*NoStarvation,42.43,39.43,7,7,23,0.2396,0.3943,0.35,0.024,-0.1971,-0.07,0.0072,0.0,-0.26,-1.0502,-1.0509,0.8349,96
37,43,2584.0,Medium*Medium*NoStarvation,20,Low*Medium*NoStarvation,39.43,15.29,7,7,10,0.2174,0.1529,0.35,0.0217,-0.0764,-0.07,0.0065,0.0,-0.1399,-0.9296,-0.9308,0.8349,46
37,44,2630.0,Low*Medium*NoStarvation,20,Low*Medium*NoStarvation,15.29,16.14,7,7,10,0.2174,0.1614,0.35,0.0217,-0.0807,-0.07,0.0065,0.0,-0.1442,-0.9261,-0.9282,0.8349,46
37,45,2654.0,Low*Medium*NoStarvation,45,Low*Low*NoStarvation,16.14,0.0,7,0,9,0.0938,0.0,0.0,0.0094,-0.0,-0.0,0.0028,0.0,0.0028,-1.0389,-0.9661,0.8349,96
38,0,96.0,Low*Low*NoStarvation,20,Low*Medium*NoStarvation,0.83,16.14,2,7,21,0.4565,0.1614,0.35,0.0457,-0.0807,-0.07,0.0137,0.0,-0.137,-0.3487,-0.4078,0.8307,46
38,1,122.0,Low*Medium*NoStarvation,10,Low*Medium*NoStarvation,16.14,6.14,7,7,9,0.3462,0.0614,0.35,0.0346,-0.0307,-0.07,0.0104,0.0,-0.0903,-0.8916,-0.8917,0.8307,26
38,2,218.0,Low*Medium*NoStarvation,45,Medium*Medium*NoStarvation,6.14,40.57,7,7,45,0.4688,0.4057,0.35,0.0469,-0.2029,-0.07,0.0141,0.0,-0.2588,-0.9661,-0.975,0.8307,96
38,3,264.0,Medium*Medium*NoStarvation,20,Low*Medium*NoStarvation,40.57,16.57,7,7,20,0.4348,0.1657,0.35,0.0435,-0.0829,-0.07,0.013,0.0,-0.1398,-0.9308,-0.932,0.8307,46
38,4,330.0,Low*Medium*NoStarvation,30,Medium*Medium*NoStarvation,16.57,25.86,7,7,30,0.4545,0.2586,0.35,0.0455,-0.1293,-0.07,0.0136,0.0,-0.1856,-0.9118,-0.9189,0.8307,66
38,5,376.0,Medium*Medium*NoStarvation,20,Low*Medium*NoStarvation,25.86,16.71,7,7,20,0.4348,0.1671,0.35,0.0435,-0.0836,-0.07,0.013,0.0,-0.1405,-0.932,-0.9331,0.8307,46
38,6,402.0,Low*Medium*NoStarvation,10,Low*Medium*NoStarvation,16.71,8.0,7,7,9,0.3462,0.08,0.35,0.0346,-0.04,-0.07,0.0104,0.0,-0.0996,-0.8917,-0.8928,0.8307,26
38,7,428.0,Low*Medium*NoStarvation,10,Low*Medium*NoStarvation,8.0,8.54,7,8,7,0.2692,0.0854,0.4,0.0269,-0.0427,-0.08,0.0081,0.0,-0.1146,-0.8928,-0.8953,0.8307,26
38,8,494.0,Low*Medium*NoStarvation,30,Medium*Medium*NoStarvation,8.54,26.0,8,7,30,0.4545,0.26,0.35,0.0455,-0.13,-0.07,0.0136,0.0,-0.1864,-0.9189,-0.9253,0.8307,66
38,9,520.0,Medium*Medium*NoStarvation,10,Low*Medium*NoStarvation,26.0,7.71,7,7,9,0.3462,0.0771,0.35,0.0346,-0.0386,-0.07,0.0104,0.0,-0.0982,-0.8855,-0.8874,0.8307,26
38,10,586.0,Low*Medium*NoStarvation,30,Medium*Medium*NoStarvation,7.71,26.71,7,7,30,0.4545,0.2671,0.35,0.0455,-0.1336,-0.07,0.0136,0.0,-0.1899,-0.9253,-0.9317,0.8307,66
38,11,652.0,Medium*Medium*NoStarvation,30,Medium*Medium*NoStarvation,26.71,25.86,7,7,29,0.4394,0.2586,0.35,0.0439,-0.1293,-0.07,0.0132,0.0,-0.1861,-0.9578,-0.9605,0.8307,66
38,12,678.0,Medium*Medium*NoStarvation,10,Low*Medium*NoStarvation,25.86,8.71,7,7,8,0.3077,0.0871,0.35,0.0308,-0.0436,-0.07,0.0092,0.0,-0.1043,-0.8874,-0.8896,0.8307,26
38,13,744.0,Low*Medium*NoStarvation,30,Medium*Medium*NoStarvation,8.71,26.43,7,7,30,0.4545,0.2643,0.35,0.0455,-0.1321,-0.07,0.0136,0.0,-0.1885,-0.9317,-0.9374,0.8307,66
38,14,810.0,Medium*Medium*NoStarvation,30,Medium*Medium*NoStarvation,26.43,26.14,7,7,28,0.4242,0.2614,0.35,0.0424,-0.1307,-0.07,0.0127,0.0,-0.188,-0.9605,-0.9633,0.8307,66
38,15,836.0,Medium*Medium*NoStarvation,10,Low*Medium*NoStarvation,26.14,6.57,7,7,9,0.3462,0.0657,0.35,0.0346,-0.0329,-0.07,0.0104,0.0,-0.0925,-0.8896,-0.8905,0.8307,26
38,16,862.0,Low*Medium*NoStarvation,10,Low*Medium*NoStarvation,6.57,6.86,7,7,10,0.3846,0.0686,0.35,0.0385,-0.0343,-0.07,0.0115,0.0,-0.0927,-0.8953,-0.8956,0.8307,26
38,17,928.0,Low*Medium*NoStarvation,30,Medium*Medium*NoStarvation,6.86,25.86,7,7,30,0.4545,0.2586,0.35,0.0455,-0.1293,-0.07,0.0136,0.0,-0.1856,-0.9374,-0.9424,0.8307,66
38,18,974.0,Medium*Medium*NoStarvation,20,Low*Medium*NoStarvation,25.86,15.29,7,7,19,0.413,0.1529,0.35,0.0413,-0.0764,-0.07,0.0124,0.0,-0.134,-0.9331,-0.9338,0.8307,46
38,19,1000.0,Low*Medium*NoStarvation,10,Low*Medium*NoStarvation,15.29,6.0,7,7,8,0.3077,0.06,0.35,0.0308,-0.03,-0.07,0.0092,0.0,-0.0908,-0.8956,-0.8957,0.8307,26
38,20,1026.0,Low*Medium*NoStarvation,10,Low*Medium*NoStarvation,6.0,7.57,7,7,7,0.2692,0.0757,0.35,0.0269,-0.0379,-0.07,0.0081,0.0,-0.0998,-0.8957,-0.8968,0.8307,26
38,21,1072.0,Low*Medium*NoStarvation,20,Low*Medium*NoStarvation,7.57,15.14,7,7,10,0.2174,0.1514,0.35,0.0217,-0.0757,-0.07,0.0065,0.0,-0.1392,-0.9282,-0.93,0.8307,46
38,22,1118.0,Low*Medium*NoStarvation,20,Low*Medium*NoStarvation,15.14,16.71,7,7,10,0.2174,0.1671,0.35,0.0217,-0.0836,-0.07,0.0065,0.0,-0.147,-0.93,-0.9324,0.8307,46
38,23,1164.0,Low*Medium*NoStarvation,20,Low*Medium*NoStarvation,16.71,15.43,7,7,10,0.2174,0.1543,0.35,0.0217,-0.0771,-0.07,0.0065,0.0,-0.1406,-0.9324,-0.9339,0.8307,46
38,24,1260.0,Low*Medium*NoStarvation,45,Medium*Medium*NoStarvation,15.43,40.71,7,7,23,0.2396,0.4071,0.35,0.024,-0.2036,-0.07,0.0072,0.0,-0.2664,-0.975,-0.9843,0.8307,96
38,25,1286.0,Medium*Medium*NoStarvation,10,Low*Medium*NoStarvation,40.71,6.0,7,7,5,0.1923,0.06,0.35,0.0192,-0.03,-0.07,0.0058,0.0,-0.0942,-0.8905,-0.8916,0.8307,26
38,26,1312.0,Low*Medium*NoStarvation,10,Low*Medium*NoStarvation,6.0,7.43,7,7,4,0.1538,0.0743,0.35,0.0154,-0.0371,-0.07,0.0046,0.0,-0.1025,-0.8968,-0.898,0.8307,26
38,27,1378.0,Low*Medium*NoStarvation,30,Medium*Medium*NoStarvation,7.43,25.86,7,7,15,0.2273,0.2586,0.35,0.0227,-0.1293,-0.07,0.0068,0.0,-0.1925,-0.9424,-0.9476,0.8307,66
38,28,1404.0,Medium*Medium*NoStarvation,10,Low*Medium*NoStarvation,25.86,6.14,7,7,5,0.1923,0.0614,0.35,0.0192,-0.0307,-0.07,0.0058,0.0,-0.0949,-0.8916,-0.8927,0.8307,26
38,29,1450.0,Low*Medium*NoStarvation,20,Low*Medium*NoStarvation,6.14,15.71,7,7,10,0.2174,0.1571,0.35,0.0217,-0.0786,-0.07,0.0065,0.0,-0.142,-0.9339,-0.9356,0.8307,46
38,30,1476.0,Low*Medium*NoStarvation,10,Low*Medium*NoStarvation,15.71,6.86,7,7,5,0.1923,0.0686,0.35,0.0192,-0.0343,-0.07,0.0058,0.0,-0.0985,-0.898,-0.8989,0.8307,26
38,31,1522.0,Low*Medium*NoStarvation,20,Low*Medium*NoStarvation,6.86,16.71,7,7,10,0.2174,0.1671,0.35,0.0217,-0.0836,-0.07,0.0065,0.0,-0.147,-0.9356,-0.9376,0.8307,46
38,32,1588.0,Low*Medium*NoStarvation,30,Medium*Medium*NoStarvation,16.71,26.0,7,7,15,0.2273,0.26,0.35,0.0227,-0.13,-0.07,0.0068,0.0,-0.1932,-0.9476,-0.9525,0.8307,66
38,33,1614.0,Medium*Medium*NoStarvation,10,Low*Medium*NoStarvation,26.0,7.14,7,7,5,0.1923,0.0714,0.35,0.0192,-0.0357,-0.07,0.0058,0.0,-0.0999,-0.8927,-0.8944,0.8307,26
38,34,1680.0,Low*Medium*NoStarvation,30,Medium*Medium*NoStarvation,7.14,25.86,7,7,15,0.2273,0.2586,0.35,0.0227,-0.1293,-0.07,0.0068,0.0,-0.1925,-0.9525,-0.957,0.8307,66
38,35,1746.0,Medium*Medium*NoStarvation,30,Medium*Medium*NoStarvation,25.86,25.71,7,7,15,0.2273,0.2571,0.35,0.0227,-0.1286,-0.07,0.0068,0.0,-0.1918,-0.9633,-0.9667,0.8307,66
38,36,1812.0,Medium*Medium*NoStarvation,30,Medium*Medium*NoStarvation,25.71,25.86,7,7,15,0.2273,0.2586,0.35,0.0227,-0.1293,-0.07,0.0068,0.0,-0.1925,-0.9667,-0.9697,0.8307,66
38,37,1838.0,Medium*Medium*NoStarvation,10,Low*Medium*NoStarvation,25.86,8.71,7,7,4,0.1538,0.0871,0.35,0.0154,-0.0436,-0.07,0.0046,0.0,-0.109,-0.8944,-0.8967,0.8307,26
38,38,1864.0,Low*Medium*NoStarvation,10,Low*Medium*NoStarvation,8.71,5.86,7,7,5,0.1923,0.0586,0.35,0.0192,-0.0293,-0.07,0.0058,0.0,-0.0935,-0.8989,-0.8993,0.8307,26
38,39,1930.0,Low*Medium*NoStarvation,30,Medium*Medium*NoStarvation,5.86,25.86,7,7,15,0.2273,0.2586,0.35,0.0227,-0.1293,-0.07,0.0068,0.0,-0.1925,-0.957,-0.9613,0.8307,66
38,40,1956.0,Medium*Medium*NoStarvation,10,Low*Medium*NoStarvation,25.86,8.71,7,7,4,0.1538,0.0871,0.35,0.0154,-0.0436,-0.07,0.0046,0.0,-0.109,-0.8967,-0.8989,0.8307,26
38,41,2022.0,Low*Medium*NoStarvation,30,Medium*Medium*NoStarvation,8.71,26.29,7,7,15,0.2273,0.2629,0.35,0.0227,-0.1314,-0.07,0.0068,0.0,-0.1946,-0.9613,-0.9655,0.8307,66
38,42,2068.0,Medium*Medium*NoStarvation,20,Low*Medium*NoStarvation,26.29,18.0,7,7,10,0.2174,0.18,0.35,0.0217,-0.09,-0.07,0.0065,0.0,-0.1535,-0.9338,-0.9367,0.8307,46
38,43,2114.0,Low*Medium*NoStarvation,20,Low*Medium*NoStarvation,18.0,15.86,7,7,10,0.2174,0.1586,0.35,0.0217,-0.0793,-0.07,0.0065,0.0,-0.1428,-0.9376,-0.9391,0.8307,46
38,44,2140.0,Low*Medium*NoStarvation,10,Low*Medium*NoStarvation,15.86,5.86,7,7,5,0.1923,0.0586,0.35,0.0192,-0.0293,-0.07,0.0058,0.0,-0.0935,-0.8993,-0.8996,0.8307,26
38,45,2186.0,Low*Medium*NoStarvation,20,Low*Medium*NoStarvation,5.86,15.71,7,7,10,0.2174,0.1571,0.35,0.0217,-0.0786,-0.07,0.0065,0.0,-0.142,-0.9391,-0.9403,0.8307,46
38,46,2212.0,Low*Medium*NoStarvation,10,Low*Medium*NoStarvation,15.71,8.14,7,7,4,0.1538,0.0814,0.35,0.0154,-0.0407,-0.07,0.0046,0.0,-0.1061,-0.8996,-0.9012,0.8307,26
38,47,2258.0,Low*Medium*NoStarvation,20,Low*Medium*NoStarvation,8.14,16.71,7,7,10,0.2174,0.1671,0.35,0.0217,-0.0836,-0.07,0.0065,0.0,-0.147,-0.9403,-0.9421,0.8307,46
38,48,2284.0,Low*Medium*NoStarvation,10,Low*Medium*NoStarvation,16.71,6.14,7,7,5,0.1923,0.0614,0.35,0.0192,-0.0307,-0.07,0.0058,0.0,-0.0949,-0.9012,-0.9017,0.8307,26
38,49,2310.0,Low*Medium*NoStarvation,10,Low*Medium*NoStarvation,6.14,6.57,7,7,5,0.1923,0.0657,0.35,0.0192,-0.0329,-0.07,0.0058,0.0,-0.0971,-0.9017,-0.9024,0.8307,26
38,50,2356.0,Low*Medium*NoStarvation,20,Low*Medium*NoStarvation,6.57,16.57,7,7,10,0.2174,0.1657,0.35,0.0217,-0.0829,-0.07,0.0065,0.0,-0.1463,-0.9421,-0.9437,0.8307,46
38,51,2452.0,Low*Medium*NoStarvation,45,Medium*Medium*NoStarvation,16.57,39.86,7,7,23,0.2396,0.3986,0.35,0.024,-0.1993,-0.07,0.0072,0.0,-0.2621,-0.9843,-0.993,0.8307,96
38,52,2478.0,Medium*Medium*NoStarvation,10,Low*Medium*NoStarvation,39.86,6.14,7,7,5,0.1923,0.0614,0.35,0.0192,-0.0307,-0.07,0.0058,0.0,-0.0949,-0.8989,-0.8997,0.8307,26
38,53,2504.0,Low*Medium*NoStarvation,10,Low*Medium*NoStarvation,6.14,8.71,7,7,4,0.1538,0.0871,0.35,0.0154,-0.0436,-0.07,0.0046,0.0,-0.109,-0.9024,-0.9043,0.8307,26
38,54,2530.0,Low*Medium*NoStarvation,10,Low*Medium*NoStarvation,8.71,7.29,7,7,5,0.1923,0.0729,0.35,0.0192,-0.0364,-0.07,0.0058,0.0,-0.1007,-0.9043,-0.9053,0.8307,26
38,55,2556.0,Low*Medium*NoStarvation,10,Low*Medium*NoStarvation,7.29,6.86,7,7,5,0.1923,0.0686,0.35,0.0192,-0.0343,-0.07,0.0058,0.0,-0.0985,-0.9053,-0.9061,0.8307,26
38,56,2652.0,Low*Medium*NoStarvation,45,Medium*Medium*NoStarvation,6.86,41.14,7,7,22,0.2292,0.4114,0.35,0.0229,-0.2057,-0.07,0.0069,0.0,-0.2688,-0.993,-1.0016,0.8307,96
38,57,2748.0,Medium*Medium*NoStarvation,45,Medium*Low*NoStarvation,41.14,44.33,7,3,22,0.2292,0.4433,0.15,0.0229,-0.2217,-0.03,0.0069,0.0,-0.2448,-1.0509,-0.9703,0.8307,96
38,58,2761.0,Medium*Low*NoStarvation,20,Low*Low*NoStarvation,44.33,0.0,3,0,3,0.0652,0.0,0.0,0.0065,-0.0,-0.0,0.002,0.0,0.002,-0.0517,-0.0788,0.8307,46
39,0,76.0,Low*Low*NoStarvation,10,Low*Medium*NoStarvation,0.83,6.71,2,7,11,0.4231,0.0671,0.35,0.0423,-0.0336,-0.07,0.0127,0.0,-0.0909,-0.3608,-0.4154,0.8266,26
39,1,102.0,Low*Medium*NoStarvation,10,Low*Medium*NoStarvation,6.71,8.43,7,7,8,0.3077,0.0843,0.35,0.0308,-0.0421,-0.07,0.0092,0.0,-0.1029,-0.9061,-0.9073,0.8266,26
39,2,168.0,Low*Medium*NoStarvation,30,Medium*Medium*NoStarvation,8.43,25.86,7,7,30,0.4545,0.2586,0.35,0.0455,-0.1293,-0.07,0.0136,0.0,-0.1856,-0.9655,-0.9685,0.8266,66
39,3,194.0,Medium*Medium*NoStarvation,10,Low*Medium*NoStarvation,25.86,7.71,7,7,9,0.3462,0.0771,0.35,0.0346,-0.0386,-0.07,0.0104,0.0,-0.0982,-0.8997,-0.9012,0.8266,26
39,4,220.0,Low*Medium*NoStarvation,10,Low*Medium*NoStarvation,7.71,7.0,7,7,9,0.3462,0.07,0.35,0.0346,-0.035,-0.07,0.0104,0.0,-0.0946,-0.9073,-0.9077,0.8266,26
39,5,316.0,Low*Medium*NoStarvation,45,Medium*Medium*NoStarvation,7.0,39.71,7,7,46,0.4792,0.3971,0.35,0.0479,-0.1986,-0.07,0.0144,0.0,-0.2542,-1.0016,-1.0079,0.8266,96
39,6,382.0,Medium*Medium*NoStarvation,30,Medium*Medium*NoStarvation,39.71,27.43,7,7,30,0.4545,0.2743,0.35,0.0455,-0.1371,-0.07,0.0136,0.0,-0.1935,-0.9697,-0.9732,0.8266,66
39,7,408.0,Medium*Medium*NoStarvation,10,Low*Medium*NoStarvation,27.43,7.39,7,8,10,0.3846,0.0739,0.4,0.0385,-0.037,-0.08,0.0115,0.0,-0.1054,-0.9012,-0.9033,0.8266,26
39,8,454.0,Low*Medium*NoStarvation,20,Low*Medium*NoStarvation,7.39,16.29,8,7,19,0.413,0.1629,0.35,0.0413,-0.0814,-0.07,0.0124,0.0,-0.139,-0.9437,-0.945,0.8266,46
39,9,480.0,Low*Medium*NoStarvation,10,Low*Medium*NoStarvation,16.29,7.0,7,7,10,0.3846,0.07,0.35,0.0385,-0.035,-0.07,0.0115,0.0,-0.0935,-0.9077,-0.908,0.8266,26
39,10,526.0,Low*Medium*NoStarvation,20,Low*Medium*NoStarvation,7.0,16.29,7,7,20,0.4348,0.1629,0.35,0.0435,-0.0814,-0.07,0.013,0.0,-0.1384,-0.945,-0.946,0.8266,46
39,11,572.0,Low*Medium*NoStarvation,20,Low*Medium*NoStarvation,16.29,16.0,7,7,20,0.4348,0.16,0.35,0.0435,-0.08,-0.07,0.013,0.0,-0.137,-0.946,-0.9468,0.8266,46
39,12,598.0,Low*Medium*NoStarvation,10,Low*Medium*NoStarvation,16.0,5.71,7,6,10,0.3846,0.0571,0.3,0.0385,-0.0286,-0.06,0.0115,0.0,-0.077,-0.908,-0.9066,0.8266,26
39,13,624.0,Low*Medium*NoStarvation,10,Low*Medium*NoStarvation,5.71,7.71,6,7,9,0.3462,0.0771,0.35,0.0346,-0.0386,-0.07,0.0104,0.0,-0.0982,-0.9066,-0.9074,0.8266,26
39,14,650.0,Low*Medium*NoStarvation,10,Low*Medium*NoStarvation,7.71,7.29,7,7,8,0.3077,0.0729,0.35,0.0308,-0.0364,-0.07,0.0092,0.0,-0.0972,-0.9074,-0.908,0.8266,26
39,15,696.0,Low*Medium*NoStarvation,20,Low*Medium*NoStarvation,7.29,16.86,7,7,20,0.4348,0.1686,0.35,0.0435,-0.0843,-0.07,0.013,0.0,-0.1412,-0.9468,-0.948,0.8266,46
39,16,792.0,Low*Medium*NoStarvation,45,Medium*Medium*NoStarvation,16.86,42.71,7,7,44,0.4583,0.4271,0.35,0.0458,-0.2136,-0.07,0.0137,0.0,-0.2698,-1.0079,-1.0154,0.8266,96
39,17,888.0,Medium*Medium*NoStarvation,45,Medium*Medium*NoStarvation,42.71,42.29,7,7,41,0.4271,0.4229,0.35,0.0427,-0.2114,-0.07,0.0128,0.0,-0.2686,-0.9703,-0.9814,0.8266,96
39,18,934.0,Medium*Medium*NoStarvation,20,Low*Medium*NoStarvation,42.29,16.57,7,7,19,0.413,0.1657,0.35,0.0413,-0.0829,-0.07,0.0124,0.0,-0.1405,-0.9367,-0.9388,0.8266,46
39,19,1000.0,Low*Medium*NoStarvation,30,Medium*Medium*NoStarvation,16.57,26.57,7,7,28,0.4242,0.2657,0.35,0.0424,-0.1329,-0.07,0.0127,0.0,-0.1901,-0.9685,-0.972,0.8266,66
39,20,1066.0,Medium*Medium*NoStarvation,30,Medium*Medium*NoStarvation,26.57,25.14,7,7,16,0.2424,0.2514,0.35,0.0242,-0.1257,-0.07,0.0073,0.0,-0.1884,-0.9732,-0.976,0.8266,66
39,21,1162.0,Medium*Medium*NoStarvation,45,Medium*Medium*NoStarvation,25.14,39.29,7,7,23,0.2396,0.3929,0.35,0.024,-0.1964,-0.07,0.0072,0.0,-0.2592,-0.9814,-0.9905,0.8266,96
39,22,1208.0,Medium*Medium*NoStarvation,20,Low*Medium*NoStarvation,39.29,16.86,7,7,10,0.2174,0.1686,0.35,0.0217,-0.0843,-0.07,0.0065,0.0,-0.1478,-0.9388,-0.9414,0.8266,46
39,23,1274.0,Low*Medium*NoStarvation,30,Medium*Medium*NoStarvation,16.86,26.0,7,7,15,0.2273,0.26,0.35,0.0227,-0.13,-0.07,0.0068,0.0,-0.1932,-0.972,-0.9754,0.8266,66
39,24,1300.0,Medium*Medium*NoStarvation,10,Low*Medium*NoStarvation,26.0,6.43,7,7,4,0.1538,0.0643,0.35,0.0154,-0.0321,-0.07,0.0046,0.0,-0.0975,-0.9033,-0.9045,0.8266,26
39,25,1396.0,Low*Medium*NoStarvation,45,Medium*Medium*NoStarvation,6.43,40.71,7,7,23,0.2396,0.4071,0.35,0.024,-0.2036,-0.07,0.0072,0.0,-0.2664,-1.0154,-1.0219,0.8266,96
39,26,1442.0,Medium*Medium*NoStarvation,20,Low*Medium*NoStarvation,40.71,15.14,7,7,11,0.2391,0.1514,0.35,0.0239,-0.0757,-0.07,0.0072,0.0,-0.1385,-0.9414,-0.9428,0.8266,46
39,27,1508.0,Low*Medium*NoStarvation,30,Medium*Medium*NoStarvation,15.14,26.29,7,7,15,0.2273,0.2629,0.35,0.0227,-0.1314,-0.07,0.0068,0.0,-0.1946,-0.9754,-0.9787,0.8266,66
39,28,1604.0,Medium*Medium*NoStarvation,45,Medium*Medium*NoStarvation,26.29,41.29,7,7,23,0.2396,0.4129,0.35,0.024,-0.2064,-0.07,0.0072,0.0,-0.2692,-0.9905,-0.9998,0.8266,96
39,29,1630.0,Medium*Medium*NoStarvation,10,Low*Medium*NoStarvation,41.29,8.57,7,7,4,0.1538,0.0857,0.35,0.0154,-0.0429,-0.07,0.0046,0.0,-0.1082,-0.9045,-0.9066,0.8266,26
39,30,1656.0,Low*Medium*NoStarvation,10,Low*Medium*NoStarvation,8.57,7.86,7,7,4,0.1538,0.0786,0.35,0.0154,-0.0393,-0.07,0.0046,0.0,-0.1047,-0.908,-0.9094,0.8266,26
39,31,1722.0,Low*Medium*NoStarvation,30,Medium*Medium*NoStarvation,7.86,26.57,7,7,15,0.2273,0.2657,0.35,0.0227,-0.1329,-0.07,0.0068,0.0,-0.196,-0.9787,-0.982,0.8266,66
39,32,1818.0,Medium*Medium*NoStarvation,45,Medium*Medium*NoStarvation,26.57,40.29,7,7,23,0.2396,0.4029,0.35,0.024,-0.2014,-0.07,0.0072,0.0,-0.2642,-0.9998,-1.0078,0.8266,96
39,33,1844.0,Medium*Medium*NoStarvation,10,Low*Medium*NoStarvation,40.29,6.57,7,7,5,0.1923,0.0657,0.35,0.0192,-0.0329,-0.07,0.0058,0.0,-0.0971,-0.9066,-0.9075,0.8266,26
39,34,1890.0,Low*Medium*NoStarvation,20,Low*Medium*NoStarvation,6.57,16.43,7,7,10,0.2174,0.1643,0.35,0.0217,-0.0821,-0.07,0.0065,0.0,-0.1456,-0.948,-0.9496,0.8266,46
39,35,1986.0,Low*Medium*NoStarvation,45,Medium*Medium*NoStarvation,16.43,39.57,7,7,23,0.2396,0.3957,0.35,0.024,-0.1979,-0.07,0.0072,0.0,-0.2607,-1.0219,-1.0275,0.8266,96
39,36,2012.0,Medium*Medium*NoStarvation,10,Low*Medium*NoStarvation,39.57,5.86,7,7,5,0.1923,0.0586,0.35,0.0192,-0.0293,-0.07,0.0058,0.0,-0.0935,-0.9075,-0.9079,0.8266,26
39,37,2108.0,Low*Medium*NoStarvation,45,Medium*Medium*NoStarvation,5.86,42.57,7,7,22,0.2292,0.4257,0.35,0.0229,-0.2129,-0.07,0.0069,0.0,-0.276,-1.0275,-1.034,0.8266,96
39,38,2174.0,Medium*Medium*NoStarvation,30,Medium*Medium*NoStarvation,42.57,26.86,7,7,15,0.2273,0.2686,0.35,0.0227,-0.1343,-0.07,0.0068,0.0,-0.1975,-0.976,-0.9799,0.8266,66
39,39,2200.0,Medium*Medium*NoStarvation,10,Low*Medium*NoStarvation,26.86,7.43,7,7,4,0.1538,0.0743,0.35,0.0154,-0.0371,-0.07,0.0046,0.0,-0.1025,-0.9079,-0.9092,0.8266,26
39,40,2246.0,Low*Medium*NoStarvation,20,Low*Medium*NoStarvation,7.43,15.71,7,7,10,0.2174,0.1571,0.35,0.0217,-0.0786,-0.07,0.0065,0.0,-0.142,-0.9496,-0.9507,0.8266,46
39,41,2342.0,Low*Medium*NoStarvation,45,Medium*Medium*NoStarvation,15.71,42.86,7,7,22,0.2292,0.4286,0.35,0.0229,-0.2143,-0.07,0.0069,0.0,-0.2774,-1.034,-1.0402,0.8266,96
39,42,2368.0,Medium*Medium*NoStarvation,10,Low*Medium*NoStarvation,42.86,8.57,7,7,4,0.1538,0.0857,0.35,0.0154,-0.0429,-0.07,0.0046,0.0,-0.1082,-0.9092,-0.911,0.8266,26
39,43,2394.0,Low*Medium*NoStarvation,10,Low*Medium*NoStarvation,8.57,8.14,7,7,4,0.1538,0.0814,0.35,0.0154,-0.0407,-0.07,0.0046,0.0,-0.1061,-0.9094,-0.9109,0.8266,26
39,44,2460.0,Low*Medium*NoStarvation,30,Medium*Medium*NoStarvation,8.14,26.57,7,7,15,0.2273,0.2657,0.35,0.0227,-0.1329,-0.07,0.0068,0.0,-0.196,-0.982,-0.9854,0.8266,66
39,45,2486.0,Medium*Medium*NoStarvation,10,Low*Medium*NoStarvation,26.57,8.71,7,7,4,0.1538,0.0871,0.35,0.0154,-0.0436,-0.07,0.0046,0.0,-0.109,-0.911,-0.9128,0.8266,26
39,46,2532.0,Low*Medium*NoStarvation,20,Low*Medium*NoStarvation,8.71,16.29,7,7,10,0.2174,0.1629,0.35,0.0217,-0.0814,-0.07,0.0065,0.0,-0.1449,-0.9507,-0.9521,0.8266,46
39,47,2598.0,Low*Medium*NoStarvation,30,Medium*Medium*NoStarvation,16.29,25.71,7,7,15,0.2273,0.2571,0.35,0.0227,-0.1286,-0.07,0.0068,0.0,-0.1918,-0.9854,-0.9882,0.8266,66
39,48,2624.0,Medium*Medium*NoStarvation,10,Low*Medium*NoStarvation,25.71,6.86,7,7,5,0.1923,0.0686,0.35,0.0192,-0.0343,-0.07,0.0058,0.0,-0.0985,-0.9128,-0.9133,0.8266,26
39,49,2650.0,Low*Medium*NoStarvation,10,Low*Medium*NoStarvation,6.86,5.71,7,7,5,0.1923,0.0571,0.35,0.0192,-0.0286,-0.07,0.0058,0.0,-0.0928,-0.9109,-0.9111,0.8266,26
39,50,2716.0,Low*Medium*NoStarvation,30,Medium*Low*NoStarvation,5.71,31.0,7,1,15,0.2273,0.31,0.05,0.0227,-0.155,-0.01,0.0068,0.0,-0.1582,-0.9882,-0.9052,0.8266,66
39,51,2725.0,Medium*Low*NoStarvation,10,Low*Low*NoStarvation,31.0,0.0,1,0,1,0.0385,0.0,0.0,0.0038,-0.0,-0.0,0.0012,0.0,0.0012,-0.0374,-0.0702,0.8266,26
40,0,96.0,Low*Low*NoStarvation,20,Low*Medium*NoStarvation,0.83,16.14,2,7,21,0.4565,0.1614,0.35,0.0457,-0.0807,-0.07,0.0137,0.0,-0.137,-0.4078,-0.4622,0.8224,46
40,1,142.0,Low*Medium*NoStarvation,20,Low*Medium*NoStarvation,16.14,16.14,7,7,20,0.4348,0.1614,0.35,0.0435,-0.0807,-0.07,0.013,0.0,-0.1377,-0.9521,-0.9521,0.8224,46
40,2,188.0,Low*Medium*NoStarvation,20,Low*Medium*NoStarvation,16.14,16.14,7,7,20,0.4348,0.1614,0.35,0.0435,-0.0807,-0.07,0.013,0.0,-0.1377,-0.9521,-0.9522,0.8224,46
40,3,214.0,Low*Medium*NoStarvation,10,Low*Medium*NoStarvation,16.14,6.14,7,7,10,0.3846,0.0614,0.35,0.0385,-0.0307,-0.07,0.0115,0.0,-0.0892,-0.9111,-0.9104,0.8224,26
40,4,240.0,Low*Medium*NoStarvation,10,Low*Medium*NoStarvation,6.14,6.39,7,8,9,0.3462,0.0639,0.4,0.0346,-0.032,-0.08,0.0104,0.0,-0.1016,-0.9104,-0.911,0.8224,26
40,5,286.0,Low*Medium*NoStarvation,20,Low*Medium*NoStarvation,6.39,15.0,8,7,20,0.4348,0.15,0.35,0.0435,-0.075,-0.07,0.013,0.0,-0.132,-0.9522,-0.9516,0.8224,46
40,6,332.0,Low*Medium*NoStarvation,20,Low*Medium*NoStarvation,15.0,16.57,7,7,20,0.4348,0.1657,0.35,0.0435,-0.0829,-0.07,0.013,0.0,-0.1398,-0.9516,-0.9519,0.8224,46
40,7,398.0,Low*Medium*NoStarvation,30,Medium*Medium*NoStarvation,16.57,24.0,7,7,32,0.4848,0.24,0.35,0.0485,-0.12,-0.07,0.0145,0.0,-0.1755,-0.9052,-0.9144,0.8224,66
40,8,444.0,Medium*Medium*NoStarvation,20,Low*Medium*NoStarvation,24.0,15.57,7,7,20,0.4348,0.1557,0.35,0.0435,-0.0779,-0.07,0.013,0.0,-0.1348,-0.9428,-0.944,0.8224,46
40,9,510.0,Low*Medium*NoStarvation,30,Medium*Medium*NoStarvation,15.57,26.29,7,7,30,0.4545,0.2629,0.35,0.0455,-0.1314,-0.07,0.0136,0.0,-0.1878,-0.9144,-0.924,0.8224,66
40,10,556.0,Medium*Medium*NoStarvation,20,Low*Medium*NoStarvation,26.29,16.0,7,7,19,0.413,0.16,0.35,0.0413,-0.08,-0.07,0.0124,0.0,-0.1376,-0.944,-0.9454,0.8224,46
40,11,652.0,Low*Medium*NoStarvation,45,Medium*Medium*NoStarvation,16.0,42.57,7,7,41,0.4271,0.4257,0.35,0.0427,-0.2129,-0.07,0.0128,0.0,-0.27,-1.0402,-1.0454,0.8224,96
40,12,748.0,Medium*Medium*NoStarvation,45,Medium*Medium*NoStarvation,42.57,41.86,7,7,43,0.4479,0.4186,0.35,0.0448,-0.2093,-0.07,0.0134,0.0,-0.2658,-1.0078,-1.0158,0.8224,96
40,13,794.0,Medium*Medium*NoStarvation,20,Low*Medium*NoStarvation,41.86,15.29,7,7,19,0.413,0.1529,0.35,0.0413,-0.0764,-0.07,0.0124,0.0,-0.134,-0.9454,-0.9462,0.8224,46
40,14,860.0,Low*Medium*NoStarvation,30,Medium*Medium*NoStarvation,15.29,25.57,7,7,28,0.4242,0.2557,0.35,0.0424,-0.1279,-0.07,0.0127,0.0,-0.1851,-0.924,-0.9323,0.8224,66
40,15,886.0,Medium*Medium*NoStarvation,10,Low*Medium*NoStarvation,25.57,6.0,7,7,8,0.3077,0.06,0.35,0.0308,-0.03,-0.07,0.0092,0.0,-0.0908,-0.9133,-0.913,0.8224,26
40,16,932.0,Low*Medium*NoStarvation,20,Low*Medium*NoStarvation,6.0,17.71,7,7,20,0.4348,0.1771,0.35,0.0435,-0.0886,-0.07,0.013,0.0,-0.1455,-0.9519,-0.9532,0.8224,46
40,17,978.0,Low*Medium*NoStarvation,20,Low*Medium*NoStarvation,17.71,16.43,7,7,20,0.4348,0.1643,0.35,0.0435,-0.0821,-0.07,0.013,0.0,-0.1391,-0.9532,-0.9538,0.8224,46
40,18,1004.0,Low*Medium*NoStarvation,10,Low*Medium*NoStarvation,16.43,6.71,7,7,8,0.3077,0.0671,0.35,0.0308,-0.0336,-0.07,0.0092,0.0,-0.0943,-0.911,-0.9113,0.8224,26
40,19,1070.0,Low*Medium*NoStarvation,30,Medium*Medium*NoStarvation,6.71,27.29,7,7,17,0.2576,0.2729,0.35,0.0258,-0.1364,-0.07,0.0077,0.0,-0.1987,-0.9323,-0.9411,0.8224,66
40,20,1096.0,Medium*Medium*NoStarvation,10,Low*Medium*NoStarvation,27.29,5.71,7,7,5,0.1923,0.0571,0.35,0.0192,-0.0286,-0.07,0.0058,0.0,-0.0928,-0.913,-0.913,0.8224,26
40,21,1162.0,Low*Medium*NoStarvation,30,Medium*Medium*NoStarvation,5.71,26.29,7,7,15,0.2273,0.2629,0.35,0.0227,-0.1314,-0.07,0.0068,0.0,-0.1946,-0.9411,-0.9486,0.8224,66
40,22,1188.0,Medium*Medium*NoStarvation,10,Low*Medium*NoStarvation,26.29,8.86,7,7,4,0.1538,0.0886,0.35,0.0154,-0.0443,-0.07,0.0046,0.0,-0.1097,-0.913,-0.9147,0.8224,26
40,23,1234.0,Low*Medium*NoStarvation,20,Low*Medium*NoStarvation,8.86,16.57,7,7,10,0.2174,0.1657,0.35,0.0217,-0.0829,-0.07,0.0065,0.0,-0.1463,-0.9538,-0.9551,0.8224,46
40,24,1300.0,Low*Medium*NoStarvation,30,Medium*Medium*NoStarvation,16.57,26.43,7,7,15,0.2273,0.2643,0.35,0.0227,-0.1321,-0.07,0.0068,0.0,-0.1953,-0.9486,-0.9556,0.8224,66
40,25,1326.0,Medium*Medium*NoStarvation,10,Low*Medium*NoStarvation,26.43,5.57,7,7,5,0.1923,0.0557,0.35,0.0192,-0.0279,-0.07,0.0058,0.0,-0.0921,-0.9147,-0.9145,0.8224,26
40,26,1392.0,Low*Medium*NoStarvation,30,Medium*Medium*NoStarvation,5.57,25.86,7,7,15,0.2273,0.2586,0.35,0.0227,-0.1293,-0.07,0.0068,0.0,-0.1925,-0.9556,-0.9616,0.8224,66
40,27,1488.0,Medium*Medium*NoStarvation,45,Medium*Medium*NoStarvation,25.86,40.71,7,7,22,0.2292,0.4071,0.35,0.0229,-0.2036,-0.07,0.0069,0.0,-0.2667,-1.0158,-1.0232,0.8224,96
40,28,1514.0,Medium*Medium*NoStarvation,10,Low*Medium*NoStarvation,40.71,6.57,7,7,5,0.1923,0.0657,0.35,0.0192,-0.0329,-0.07,0.0058,0.0,-0.0971,-0.9145,-0.9147,0.8224,26
40,29,1540.0,Low*Medium*NoStarvation,10,Low*Medium*NoStarvation,6.57,6.14,7,7,5,0.1923,0.0614,0.35,0.0192,-0.0307,-0.07,0.0058,0.0,-0.0949,-0.9113,-0.9117,0.8224,26
40,30,1566.0,Low*Medium*NoStarvation,10,Low*Medium*NoStarvation,6.14,7.0,7,7,5,0.1923,0.07,0.35,0.0192,-0.035,-0.07,0.0058,0.0,-0.0992,-0.9117,-0.9125,0.8224,26
40,31,1592.0,Low*Medium*NoStarvation,10,Low*Medium*NoStarvation,7.0,5.14,7,6,5,0.1923,0.0514,0.3,0.0192,-0.0257,-0.06,0.0058,0.0,-0.0799,-0.9125,-0.9113,0.8224,26
40,32,1638.0,Low*Medium*NoStarvation,20,Low*Medium*NoStarvation,5.14,16.71,6,7,10,0.2174,0.1671,0.35,0.0217,-0.0836,-0.07,0.0065,0.0,-0.147,-0.9551,-0.9563,0.8224,46
40,33,1734.0,Low*Medium*NoStarvation,45,Medium*Medium*NoStarvation,16.71,42.43,7,7,22,0.2292,0.4243,0.35,0.0229,-0.2121,-0.07,0.0069,0.0,-0.2753,-1.0454,-1.0507,0.8224,96
40,34,1800.0,Medium*Medium*NoStarvation,30,Medium*Medium*NoStarvation,42.43,26.14,7,7,15,0.2273,0.2614,0.35,0.0227,-0.1307,-0.07,0.0068,0.0,-0.1939,-0.9799,-0.9836,0.8224,66
40,35,1826.0,Medium*Medium*NoStarvation,10,Low*Medium*NoStarvation,26.14,9.29,7,7,4,0.1538,0.0929,0.35,0.0154,-0.0464,-0.07,0.0046,0.0,-0.1118,-0.9147,-0.9165,0.8224,26
40,36,1872.0,Low*Medium*NoStarvation,20,Low*Medium*NoStarvation,9.29,15.29,7,7,10,0.2174,0.1529,0.35,0.0217,-0.0764,-0.07,0.0065,0.0,-0.1399,-0.9563,-0.9567,0.8224,46
40,37,1938.0,Low*Medium*NoStarvation,30,Medium*Medium*NoStarvation,15.29,26.29,7,7,15,0.2273,0.2629,0.35,0.0227,-0.1314,-0.07,0.0068,0.0,-0.1946,-0.9616,-0.9674,0.8224,66
40,38,1964.0,Medium*Medium*NoStarvation,10,Low*Medium*NoStarvation,26.29,6.0,7,7,5,0.1923,0.06,0.35,0.0192,-0.03,-0.07,0.0058,0.0,-0.0942,-0.9165,-0.9163,0.8224,26
40,39,2010.0,Low*Medium*NoStarvation,20,Low*Medium*NoStarvation,6.0,14.86,7,7,11,0.2391,0.1486,0.35,0.0239,-0.0743,-0.07,0.0072,0.0,-0.1371,-0.9567,-0.9567,0.8224,46
40,40,2036.0,Low*Medium*NoStarvation,10,Low*Medium*NoStarvation,14.86,6.0,7,7,5,0.1923,0.06,0.35,0.0192,-0.03,-0.07,0.0058,0.0,-0.0942,-0.9113,-0.9116,0.8224,26
40,41,2062.0,Low*Medium*NoStarvation,10,Low*Medium*NoStarvation,6.0,7.0,7,7,5,0.1923,0.07,0.35,0.0192,-0.035,-0.07,0.0058,0.0,-0.0992,-0.9116,-0.9125,0.8224,26
40,42,2088.0,Low*Medium*NoStarvation,10,Low*Medium*NoStarvation,7.0,8.57,7,7,4,0.1538,0.0857,0.35,0.0154,-0.0429,-0.07,0.0046,0.0,-0.1082,-0.9125,-0.9142,0.8224,26
40,43,2114.0,Low*Medium*NoStarvation,10,Low*Medium*NoStarvation,8.57,8.57,7,7,4,0.1538,0.0857,0.35,0.0154,-0.0429,-0.07,0.0046,0.0,-0.1082,-0.9142,-0.9158,0.8224,26
40,44,2180.0,Low*Medium*NoStarvation,30,Medium*Medium*NoStarvation,8.57,27.0,7,7,15,0.2273,0.27,0.35,0.0227,-0.135,-0.07,0.0068,0.0,-0.1982,-0.9674,-0.9729,0.8224,66
40,45,2206.0,Medium*Medium*NoStarvation,10,Low*Medium*NoStarvation,27.0,6.29,7,7,5,0.1923,0.0629,0.35,0.0192,-0.0314,-0.07,0.0058,0.0,-0.0957,-0.9163,-0.9166,0.8224,26
40,46,2232.0,Low*Medium*NoStarvation,10,Low*Medium*NoStarvation,6.29,8.57,7,7,4,0.1538,0.0857,0.35,0.0154,-0.0429,-0.07,0.0046,0.0,-0.1082,-0.9158,-0.9175,0.8224,26
40,47,2328.0,Low*Medium*NoStarvation,45,Medium*Medium*NoStarvation,8.57,40.29,7,7,23,0.2396,0.4029,0.35,0.024,-0.2014,-0.07,0.0072,0.0,-0.2642,-1.0507,-1.0545,0.8224,96
40,48,2374.0,Medium*Medium*NoStarvation,20,Low*Medium*NoStarvation,40.29,16.71,7,7,10,0.2174,0.1671,0.35,0.0217,-0.0836,-0.07,0.0065,0.0,-0.147,-0.9462,-0.9489,0.8224,46
40,49,2470.0,Low*Medium*NoStarvation,45,Medium*Medium*NoStarvation,16.71,39.29,7,7,23,0.2396,0.3929,0.35,0.024,-0.1964,-0.07,0.0072,0.0,-0.2592,-1.0545,-1.0575,0.8224,96
40,50,2516.0,Medium*Medium*NoStarvation,20,Low*Medium*NoStarvation,39.29,16.29,7,7,10,0.2174,0.1629,0.35,0.0217,-0.0814,-0.07,0.0065,0.0,-0.1449,-0.9489,-0.9511,0.8224,46
40,51,2562.0,Low*Medium*NoStarvation,20,Low*Medium*NoStarvation,16.29,16.57,7,7,10,0.2174,0.1657,0.35,0.0217,-0.0829,-0.07,0.0065,0.0,-0.1463,-0.9567,-0.9583,0.8224,46
40,52,2588.0,Low*Medium*NoStarvation,10,Low*Medium*NoStarvation,16.57,6.86,7,7,5,0.1923,0.0686,0.35,0.0192,-0.0343,-0.07,0.0058,0.0,-0.0985,-0.9175,-0.9182,0.8224,26
40,53,2654.0,Low*Medium*NoStarvation,30,Medium*Medium*NoStarvation,6.86,27.14,7,7,15,0.2273,0.2714,0.35,0.0227,-0.1357,-0.07,0.0068,0.0,-0.1989,-0.9729,-0.978,0.8224,66
40,54,2680.0,Medium*Medium*NoStarvation,10,Low*Medium*NoStarvation,27.14,6.57,7,7,5,0.1923,0.0657,0.35,0.0192,-0.0329,-0.07,0.0058,0.0,-0.0971,-0.9166,-0.9173,0.8224,26
40,55,2706.0,Low*Medium*NoStarvation,20,Low*Low*NoStarvation,6.57,0.0,7,0,10,0.2174,0.0,0.0,0.0217,-0.0,-0.0,0.0065,0.0,0.0065,-0.9583,-0.8992,0.8224,46
41,0,116.0,Low*Low*NoStarvation,30,Medium*Medium*NoStarvation,0.83,26.71,2,7,31,0.4697,0.2671,0.35,0.047,-0.1336,-0.07,0.0141,0.0,-0.1895,-0.509,-0.5596,0.8183,66
41,1,212.0,Medium*Medium*NoStarvation,45,Medium*Medium*NoStarvation,26.71,41.0,7,7,46,0.4792,0.41,0.35,0.0479,-0.205,-0.07,0.0144,0.0,-0.2606,-1.0232,-1.0295,0.8183,96
41,2,258.0,Medium*Medium*NoStarvation,20,Low*Medium*NoStarvation,41.0,14.43,7,7,21,0.4565,0.1443,0.35,0.0457,-0.0721,-0.07,0.0137,0.0,-0.1284,-0.9511,-0.9497,0.8183,46
41,3,304.0,Low*Medium*NoStarvation,20,Low*Medium*NoStarvation,14.43,16.14,7,7,20,0.4348,0.1614,0.35,0.0435,-0.0807,-0.07,0.013,0.0,-0.1377,-0.8992,-0.904,0.8183,46
41,4,330.0,Low*Medium*NoStarvation,10,Low*Medium*NoStarvation,16.14,6.71,7,7,10,0.3846,0.0671,0.35,0.0385,-0.0336,-0.07,0.0115,0.0,-0.092,-0.9182,-0.9169,0.8183,26
41,5,426.0,Low*Medium*NoStarvation,45,Medium*Medium*NoStarvation,6.71,41.14,7,7,43,0.4479,0.4114,0.35,0.0448,-0.2057,-0.07,0.0134,0.0,-0.2623,-1.0575,-1.0605,0.8183,96
41,6,472.0,Medium*Medium*NoStarvation,20,Low*Medium*NoStarvation,41.14,16.57,7,7,19,0.413,0.1657,0.35,0.0413,-0.0829,-0.07,0.0124,0.0,-0.1405,-0.9497,-0.9502,0.8183,46
41,7,568.0,Low*Medium*NoStarvation,45,Medium*Medium*NoStarvation,16.57,40.86,7,7,43,0.4479,0.4086,0.35,0.0448,-0.2043,-0.07,0.0134,0.0,-0.2608,-1.0605,-1.0631,0.8183,96
41,8,634.0,Medium*Medium*NoStarvation,30,Medium*Medium*NoStarvation,40.86,26.86,7,7,28,0.4242,0.2686,0.35,0.0424,-0.1343,-0.07,0.0127,0.0,-0.1916,-0.9836,-0.987,0.8183,66
41,9,730.0,Medium*Medium*NoStarvation,45,Medium*Medium*NoStarvation,26.86,40.71,7,7,42,0.4375,0.4071,0.35,0.0437,-0.2036,-0.07,0.0131,0.0,-0.2604,-1.0295,-1.0352,0.8183,96
41,10,826.0,Medium*Medium*NoStarvation,45,Medium*Medium*NoStarvation,40.71,42.57,7,7,41,0.4271,0.4257,0.35,0.0427,-0.2129,-0.07,0.0128,0.0,-0.27,-1.0352,-1.0412,0.8183,96
41,11,922.0,Medium*Medium*NoStarvation,45,Medium*Medium*NoStarvation,42.57,40.43,7,7,42,0.4375,0.4043,0.35,0.0437,-0.2021,-0.07,0.0131,0.0,-0.259,-1.0412,-1.0455,0.8183,96
41,12,948.0,Medium*Medium*NoStarvation,10,Low*Medium*NoStarvation,40.43,6.43,7,7,10,0.3846,0.0643,0.35,0.0385,-0.0321,-0.07,0.0115,0.0,-0.0906,-0.9173,-0.916,0.8183,26
41,13,994.0,Low*Medium*NoStarvation,20,Low*Medium*NoStarvation,6.43,16.0,7,7,19,0.413,0.16,0.35,0.0413,-0.08,-0.07,0.0124,0.0,-0.1376,-0.904,-0.9087,0.8183,46
41,14,1040.0,Low*Medium*NoStarvation,20,Low*Medium*NoStarvation,16.0,16.57,7,7,13,0.2826,0.1657,0.35,0.0283,-0.0829,-0.07,0.0085,0.0,-0.1444,-0.9087,-0.914,0.8183,46
41,15,1086.0,Low*Medium*NoStarvation,20,Low*Medium*NoStarvation,16.57,15.29,7,7,10,0.2174,0.1529,0.35,0.0217,-0.0764,-0.07,0.0065,0.0,-0.1399,-0.914,-0.9189,0.8183,46
41,16,1182.0,Low*Medium*NoStarvation,45,Medium*Medium*NoStarvation,15.29,40.14,7,7,23,0.2396,0.4014,0.35,0.024,-0.2007,-0.07,0.0072,0.0,-0.2635,-1.0631,-1.0656,0.8183,96
41,17,1208.0,Medium*Medium*NoStarvation,10,Low*Medium*NoStarvation,40.14,7.71,7,7,4,0.1538,0.0771,0.35,0.0154,-0.0386,-0.07,0.0046,0.0,-0.104,-0.916,-0.9173,0.8183,26
41,18,1234.0,Low*Medium*NoStarvation,10,Low*Medium*NoStarvation,7.71,7.14,7,7,5,0.1923,0.0714,0.35,0.0192,-0.0357,-0.07,0.0058,0.0,-0.0999,-0.9169,-0.9177,0.8183,26
41,19,1260.0,Low*Medium*NoStarvation,10,Low*Medium*NoStarvation,7.14,6.29,7,7,5,0.1923,0.0629,0.35,0.0192,-0.0314,-0.07,0.0058,0.0,-0.0957,-0.9177,-0.9181,0.8183,26
41,20,1356.0,Low*Medium*NoStarvation,45,Medium*Medium*NoStarvation,6.29,40.43,7,7,23,0.2396,0.4043,0.35,0.024,-0.2021,-0.07,0.0072,0.0,-0.265,-1.0656,-1.0681,0.8183,96
41,21,1382.0,Medium*Medium*NoStarvation,10,Low*Medium*NoStarvation,40.43,7.43,7,7,5,0.1923,0.0743,0.35,0.0192,-0.0371,-0.07,0.0058,0.0,-0.1014,-0.9173,-0.9184,0.8183,26
41,22,1428.0,Low*Medium*NoStarvation,20,Low*Medium*NoStarvation,7.43,15.0,7,7,10,0.2174,0.15,0.35,0.0217,-0.075,-0.07,0.0065,0.0,-0.1385,-0.9189,-0.9235,0.8183,46
41,23,1454.0,Low*Medium*NoStarvation,10,Low*Medium*NoStarvation,15.0,7.29,7,7,4,0.1538,0.0729,0.35,0.0154,-0.0364,-0.07,0.0046,0.0,-0.1018,-0.9181,-0.9191,0.8183,26
41,24,1480.0,Low*Medium*NoStarvation,10,Low*Medium*NoStarvation,7.29,5.71,7,6,5,0.1923,0.0571,0.3,0.0192,-0.0286,-0.06,0.0058,0.0,-0.0828,-0.9191,-0.9182,0.8183,26
41,25,1506.0,Low*Medium*NoStarvation,10,Low*Medium*NoStarvation,5.71,7.57,6,7,4,0.1538,0.0757,0.35,0.0154,-0.0379,-0.07,0.0046,0.0,-0.1032,-0.9182,-0.9194,0.8183,26
41,26,1532.0,Low*Medium*NoStarvation,10,Low*Medium*NoStarvation,7.57,8.57,7,7,4,0.1538,0.0857,0.35,0.0154,-0.0429,-0.07,0.0046,0.0,-0.1082,-0.9194,-0.921,0.8183,26
41,27,1598.0,Low*Medium*NoStarvation,30,Medium*Medium*NoStarvation,8.57,26.71,7,7,15,0.2273,0.2671,0.35,0.0227,-0.1336,-0.07,0.0068,0.0,-0.1968,-0.978,-0.9825,0.8183,66
41,28,1644.0,Medium*Medium*NoStarvation,20,Low*Medium*NoStarvation,26.71,16.14,7,7,10,0.2174,0.1614,0.35,0.0217,-0.0807,-0.07,0.0065,0.0,-0.1442,-0.9502,-0.9524,0.8183,46
41,29,1670.0,Low*Medium*NoStarvation,10,Low*Medium*NoStarvation,16.14,7.57,7,7,4,0.1538,0.0757,0.35,0.0154,-0.0379,-0.07,0.0046,0.0,-0.1032,-0.921,-0.9221,0.8183,26
41,30,1696.0,Low*Medium*NoStarvation,10,Low*Medium*NoStarvation,7.57,7.86,7,7,4,0.1538,0.0786,0.35,0.0154,-0.0393,-0.07,0.0046,0.0,-0.1047,-0.9221,-0.9234,0.8183,26
41,31,1762.0,Low*Medium*NoStarvation,30,Medium*Medium*NoStarvation,7.86,26.0,7,7,15,0.2273,0.26,0.35,0.0227,-0.13,-0.07,0.0068,0.0,-0.1932,-0.9825,-0.9863,0.8183,66
41,32,1788.0,Medium*Medium*NoStarvation,10,Low*Medium*NoStarvation,26.0,6.43,7,7,5,0.1923,0.0643,0.35,0.0192,-0.0321,-0.07,0.0058,0.0,-0.0964,-0.9184,-0.9193,0.8183,26
41,33,1854.0,Low*Medium*NoStarvation,30,Medium*Medium*NoStarvation,6.43,24.43,7,7,15,0.2273,0.2443,0.35,0.0227,-0.1221,-0.07,0.0068,0.0,-0.1853,-0.9863,-0.9889,0.8183,66
41,34,1920.0,Medium*Medium*NoStarvation,30,Medium*Medium*NoStarvation,24.43,26.57,7,7,15,0.2273,0.2657,0.35,0.0227,-0.1329,-0.07,0.0068,0.0,-0.196,-0.987,-0.9906,0.8183,66
41,35,2016.0,Medium*Medium*NoStarvation,45,Medium*Medium*NoStarvation,26.57,41.29,7,7,22,0.2292,0.4129,0.35,0.0229,-0.2064,-0.07,0.0069,0.0,-0.2696,-1.0455,-1.0507,0.8183,96
41,36,2082.0,Medium*Medium*NoStarvation,30,Medium*Medium*NoStarvation,41.29,26.57,7,7,15,0.2273,0.2657,0.35,0.0227,-0.1329,-0.07,0.0068,0.0,-0.196,-0.9906,-0.9939,0.8183,66
41,37,2148.0,Medium*Medium*NoStarvation,30,Medium*Medium*NoStarvation,26.57,26.57,7,7,15,0.2273,0.2657,0.35,0.0227,-0.1329,-0.07,0.0068,0.0,-0.196,-0.9939,-0.9968,0.8183,66
41,38,2174.0,Medium*Medium*NoStarvation,10,Low*Medium*NoStarvation,26.57,7.29,7,7,4,0.1538,0.0729,0.35,0.0154,-0.0364,-0.07,0.0046,0.0,-0.1018,-0.9193,-0.9206,0.8183,26
41,39,2220.0,Low*Medium*NoStarvation,20,Low*Medium*NoStarvation,7.29,16.0,7,7,9,0.1957,0.16,0.35,0.0196,-0.08,-0.07,0.0059,0.0,-0.1441,-0.9235,-0.9286,0.8183,46
41,40,2246.0,Low*Medium*NoStarvation,10,Low*Medium*NoStarvation,16.0,7.86,7,7,5,0.1923,0.0786,0.35,0.0192,-0.0393,-0.07,0.0058,0.0,-0.1035,-0.9234,-0.9245,0.8183,26
41,41,2342.0,Low*Medium*NoStarvation,45,Medium*Medium*NoStarvation,7.86,40.43,7,7,23,0.2396,0.4043,0.35,0.024,-0.2021,-0.07,0.0072,0.0,-0.265,-1.0681,-1.0706,0.8183,96
41,42,2388.0,Medium*Medium*NoStarvation,20,Low*Medium*NoStarvation,40.43,17.0,7,7,10,0.2174,0.17,0.35,0.0217,-0.085,-0.07,0.0065,0.0,-0.1485,-0.9524,-0.9553,0.8183,46
41,43,2454.0,Low*Medium*NoStarvation,30,Medium*Medium*NoStarvation,17.0,26.0,7,7,15,0.2273,0.26,0.35,0.0227,-0.13,-0.07,0.0068,0.0,-0.1932,-0.9889,-0.9922,0.8183,66
41,44,2480.0,Medium*Medium*NoStarvation,10,Low*Medium*NoStarvation,26.0,9.0,7,7,4,0.1538,0.09,0.35,0.0154,-0.045,-0.07,0.0046,0.0,-0.1104,-0.9206,-0.9228,0.8183,26
41,45,2506.0,Low*Medium*NoStarvation,10,Low*Medium*NoStarvation,9.0,8.43,7,7,4,0.1538,0.0843,0.35,0.0154,-0.0421,-0.07,0.0046,0.0,-0.1075,-0.9245,-0.926,0.8183,26
41,46,2532.0,Low*Medium*NoStarvation,10,Low*Medium*NoStarvation,8.43,6.57,7,7,5,0.1923,0.0657,0.35,0.0192,-0.0329,-0.07,0.0058,0.0,-0.0971,-0.926,-0.9264,0.8183,26
41,47,2558.0,Low*Medium*NoStarvation,10,Low*Medium*NoStarvation,6.57,8.0,7,7,4,0.1538,0.08,0.35,0.0154,-0.04,-0.07,0.0046,0.0,-0.1054,-0.9264,-0.9277,0.8183,26
41,48,2584.0,Low*Medium*NoStarvation,10,Low*Medium*NoStarvation,8.0,9.0,7,7,4,0.1538,0.09,0.35,0.0154,-0.045,-0.07,0.0046,0.0,-0.1104,-0.9277,-0.9295,0.8183,26
41,49,2680.0,Low*Medium*NoStarvation,45,Medium*Medium*NoStarvation,9.0,43.0,7,7,22,0.2292,0.43,0.35,0.0229,-0.215,-0.07,0.0069,0.0,-0.2781,-1.0706,-1.0744,0.8183,96
41,50,2700.0,Medium*Medium*NoStarvation,45,Low*Low*NoStarvation,43.0,0.0,7,0,7,0.0729,0.0,0.0,0.0073,-0.0,-0.0,0.0022,0.0,0.0022,-1.0507,-0.9828,0.8183,96
42,0,76.0,Low*Low*NoStarvation,10,Low*Medium*NoStarvation,0.83,6.71,2,7,11,0.4231,0.0671,0.35,0.0423,-0.0336,-0.07,0.0127,0.0,-0.0909,-0.4154,-0.4665,0.8142,26
42,1,122.0,Low*Medium*NoStarvation,20,Low*Medium*NoStarvation,6.71,15.86,7,7,20,0.4348,0.1586,0.35,0.0435,-0.0793,-0.07,0.013,0.0,-0.1362,-0.9286,-0.933,0.8142,46
42,2,218.0,Low*Medium*NoStarvation,45,Medium*Medium*NoStarvation,15.86,40.14,7,7,46,0.4792,0.4014,0.35,0.0479,-0.2007,-0.07,0.0144,0.0,-0.2563,-1.0744,-1.0757,0.8142,96
42,3,284.0,Medium*Medium*NoStarvation,30,Medium*Medium*NoStarvation,40.14,26.14,7,7,30,0.4545,0.2614,0.35,0.0455,-0.1307,-0.07,0.0136,0.0,-0.1871,-0.9968,-0.9989,0.8142,66
42,4,310.0,Medium*Medium*NoStarvation,10,Low*Medium*NoStarvation,26.14,6.29,7,7,10,0.3846,0.0629,0.35,0.0385,-0.0314,-0.07,0.0115,0.0,-0.0899,-0.9228,-0.9232,0.8142,26
42,5,376.0,Low*Medium*NoStarvation,30,Medium*Medium*NoStarvation,6.29,26.14,7,7,29,0.4394,0.2614,0.35,0.0439,-0.1307,-0.07,0.0132,0.0,-0.1875,-0.9922,-0.9948,0.8142,66
42,6,402.0,Medium*Medium*NoStarvation,10,Low*Medium*NoStarvation,26.14,6.0,7,7,9,0.3462,0.06,0.35,0.0346,-0.03,-0.07,0.0104,0.0,-0.0896,-0.9232,-0.9235,0.8142,26
42,7,468.0,Low*Medium*NoStarvation,30,Medium*Medium*NoStarvation,6.0,26.29,7,7,30,0.4545,0.2629,0.35,0.0455,-0.1314,-0.07,0.0136,0.0,-0.1878,-0.9948,-0.9972,0.8142,66
42,8,534.0,Medium*Medium*NoStarvation,30,Medium*Medium*NoStarvation,26.29,26.29,7,7,30,0.4545,0.2629,0.35,0.0455,-0.1314,-0.07,0.0136,0.0,-0.1878,-0.9989,-1.0009,0.8142,66
42,9,580.0,Medium*Medium*NoStarvation,20,Low*Medium*NoStarvation,26.29,15.71,7,7,19,0.413,0.1571,0.35,0.0413,-0.0786,-0.07,0.0124,0.0,-0.1362,-0.9553,-0.957,0.8142,46
42,10,606.0,Low*Medium*NoStarvation,10,Low*Medium*NoStarvation,15.71,8.48,7,8,7,0.2692,0.0848,0.4,0.0269,-0.0424,-0.08,0.0081,0.0,-0.1143,-0.9295,-0.9316,0.8142,26
42,11,632.0,Low*Medium*NoStarvation,10,Low*Medium*NoStarvation,8.48,8.43,8,7,9,0.3462,0.0843,0.35,0.0346,-0.0421,-0.07,0.0104,0.0,-0.1018,-0.9316,-0.9325,0.8142,26
42,12,678.0,Low*Medium*NoStarvation,20,Low*Medium*NoStarvation,8.43,15.57,7,7,21,0.4565,0.1557,0.35,0.0457,-0.0779,-0.07,0.0137,0.0,-0.1342,-0.933,-0.937,0.8142,46
42,13,744.0,Low*Medium*NoStarvation,30,Medium*Medium*NoStarvation,15.57,25.29,7,7,29,0.4394,0.2529,0.35,0.0439,-0.1264,-0.07,0.0132,0.0,-0.1832,-0.9972,-0.9989,0.8142,66
42,14,770.0,Medium*Medium*NoStarvation,10,Low*Medium*NoStarvation,25.29,5.71,7,7,9,0.3462,0.0571,0.35,0.0346,-0.0286,-0.07,0.0104,0.0,-0.0882,-0.9235,-0.9239,0.8142,26
42,15,866.0,Low*Medium*NoStarvation,45,Medium*Medium*NoStarvation,5.71,40.29,7,7,42,0.4375,0.4029,0.35,0.0437,-0.2014,-0.07,0.0131,0.0,-0.2583,-1.0757,-1.0771,0.8142,96
42,16,892.0,Medium*Medium*NoStarvation,10,Low*Medium*NoStarvation,40.29,7.14,7,7,10,0.3846,0.0714,0.35,0.0385,-0.0357,-0.07,0.0115,0.0,-0.0942,-0.9239,-0.9248,0.8142,26
42,17,988.0,Low*Medium*NoStarvation,45,Medium*Medium*NoStarvation,7.14,41.14,7,7,42,0.4375,0.4114,0.35,0.0437,-0.2057,-0.07,0.0131,0.0,-0.2626,-1.0771,-1.0789,0.8142,96
42,18,1084.0,Medium*Medium*NoStarvation,45,Medium*Medium*NoStarvation,41.14,41.57,7,7,27,0.2812,0.4157,0.35,0.0281,-0.2079,-0.07,0.0084,0.0,-0.2694,-0.9828,-0.9947,0.8142,96
42,19,1110.0,Medium*Medium*NoStarvation,10,Low*Medium*NoStarvation,41.57,7.14,7,7,5,0.1923,0.0714,0.35,0.0192,-0.0357,-0.07,0.0058,0.0,-0.0999,-0.9248,-0.9262,0.8142,26
42,20,1176.0,Low*Medium*NoStarvation,30,Medium*Medium*NoStarvation,7.14,25.86,7,7,15,0.2273,0.2586,0.35,0.0227,-0.1293,-0.07,0.0068,0.0,-0.1925,-0.9989,-1.0016,0.8142,66
42,21,1202.0,Medium*Medium*NoStarvation,10,Low*Medium*NoStarvation,25.86,6.43,7,7,5,0.1923,0.0643,0.35,0.0192,-0.0321,-0.07,0.0058,0.0,-0.0964,-0.9262,-0.9272,0.8142,26
42,22,1268.0,Low*Medium*NoStarvation,30,Medium*Medium*NoStarvation,6.43,24.86,7,7,16,0.2424,0.2486,0.35,0.0242,-0.1243,-0.07,0.0073,0.0,-0.187,-1.0016,-1.0036,0.8142,66
42,23,1314.0,Medium*Medium*NoStarvation,20,Low*Medium*NoStarvation,24.86,16.29,7,7,10,0.2174,0.1629,0.35,0.0217,-0.0814,-0.07,0.0065,0.0,-0.1449,-0.957,-0.9597,0.8142,46
42,24,1360.0,Low*Medium*NoStarvation,20,Low*Medium*NoStarvation,16.29,15.71,7,7,10,0.2174,0.1571,0.35,0.0217,-0.0786,-0.07,0.0065,0.0,-0.142,-0.937,-0.9414,0.8142,46
42,25,1426.0,Low*Medium*NoStarvation,30,Medium*Medium*NoStarvation,15.71,25.86,7,7,15,0.2273,0.2586,0.35,0.0227,-0.1293,-0.07,0.0068,0.0,-0.1925,-1.0036,-1.006,0.8142,66
42,26,1452.0,Medium*Medium*NoStarvation,10,Low*Medium*NoStarvation,25.86,8.14,7,7,4,0.1538,0.0814,0.35,0.0154,-0.0407,-0.07,0.0046,0.0,-0.1061,-0.9272,-0.929,0.8142,26
42,27,1498.0,Low*Medium*NoStarvation,20,Low*Medium*NoStarvation,8.14,15.43,7,7,10,0.2174,0.1543,0.35,0.0217,-0.0771,-0.07,0.0065,0.0,-0.1406,-0.9414,-0.9453,0.8142,46
42,28,1544.0,Low*Medium*NoStarvation,20,Low*Medium*NoStarvation,15.43,16.57,7,7,10,0.2174,0.1657,0.35,0.0217,-0.0829,-0.07,0.0065,0.0,-0.1463,-0.9453,-0.9493,0.8142,46
42,29,1610.0,Low*Medium*NoStarvation,30,Medium*Medium*NoStarvation,16.57,26.57,7,7,15,0.2273,0.2657,0.35,0.0227,-0.1329,-0.07,0.0068,0.0,-0.196,-1.006,-1.0086,0.8142,66
42,30,1636.0,Medium*Medium*NoStarvation,10,Low*Medium*NoStarvation,26.57,6.29,7,7,5,0.1923,0.0629,0.35,0.0192,-0.0314,-0.07,0.0058,0.0,-0.0957,-0.929,-0.9296,0.8142,26
42,31,1662.0,Low*Medium*NoStarvation,10,Low*Medium*NoStarvation,6.29,5.86,7,6,5,0.1923,0.0586,0.3,0.0192,-0.0293,-0.06,0.0058,0.0,-0.0835,-0.9325,-0.9315,0.8142,26
42,32,1708.0,Low*Medium*NoStarvation,20,Low*Medium*NoStarvation,5.86,16.14,6,7,10,0.2174,0.1614,0.35,0.0217,-0.0807,-0.07,0.0065,0.0,-0.1442,-0.9493,-0.9526,0.8142,46
42,33,1774.0,Low*Medium*NoStarvation,30,Medium*Medium*NoStarvation,16.14,26.29,7,7,15,0.2273,0.2629,0.35,0.0227,-0.1314,-0.07,0.0068,0.0,-0.1946,-1.0086,-1.0108,0.8142,66
42,34,1870.0,Medium*Medium*NoStarvation,45,Medium*Medium*NoStarvation,26.29,40.0,7,7,23,0.2396,0.4,0.35,0.024,-0.2,-0.07,0.0072,0.0,-0.2628,-0.9947,-1.0051,0.8142,96
42,35,1896.0,Medium*Medium*NoStarvation,10,Low*Medium*NoStarvation,40.0,8.0,7,7,4,0.1538,0.08,0.35,0.0154,-0.04,-0.07,0.0046,0.0,-0.1054,-0.9296,-0.931,0.8142,26
42,36,1962.0,Low*Medium*NoStarvation,30,Medium*Medium*NoStarvation,8.0,25.86,7,7,15,0.2273,0.2586,0.35,0.0227,-0.1293,-0.07,0.0068,0.0,-0.1925,-1.0108,-1.0128,0.8142,66
42,37,2058.0,Medium*Medium*NoStarvation,45,Medium*Medium*NoStarvation,25.86,41.14,7,7,23,0.2396,0.4114,0.35,0.024,-0.2057,-0.07,0.0072,0.0,-0.2685,-1.0051,-1.0153,0.8142,96
42,38,2154.0,Medium*Medium*NoStarvation,45,Medium*Medium*NoStarvation,41.14,40.86,7,7,23,0.2396,0.4086,0.35,0.024,-0.2043,-0.07,0.0072,0.0,-0.2671,-1.0153,-1.0242,0.8142,96
42,39,2200.0,Medium*Medium*NoStarvation,20,Low*Medium*NoStarvation,40.86,16.14,7,7,10,0.2174,0.1614,0.35,0.0217,-0.0807,-0.07,0.0065,0.0,-0.1442,-0.9597,-0.962,0.8142,46
42,40,2226.0,Low*Medium*NoStarvation,10,Low*Medium*NoStarvation,16.14,6.0,7,7,5,0.1923,0.06,0.35,0.0192,-0.03,-0.07,0.0058,0.0,-0.0942,-0.9315,-0.9316,0.8142,26
42,41,2292.0,Low*Medium*NoStarvation,30,Medium*Medium*NoStarvation,6.0,26.43,7,7,14,0.2121,0.2643,0.35,0.0212,-0.1321,-0.07,0.0064,0.0,-0.1958,-1.0128,-1.0149,0.8142,66
42,42,2358.0,Medium*Medium*NoStarvation,30,Medium*Medium*NoStarvation,26.43,25.71,7,7,15,0.2273,0.2571,0.35,0.0227,-0.1286,-0.07,0.0068,0.0,-0.1918,-1.0009,-1.0038,0.8142,66
42,43,2384.0,Medium*Medium*NoStarvation,10,Low*Medium*NoStarvation,25.71,7.71,7,7,5,0.1923,0.0771,0.35,0.0192,-0.0386,-0.07,0.0058,0.0,-0.1028,-0.931,-0.932,0.8142,26
42,44,2450.0,Low*Medium*NoStarvation,30,Medium*Medium*NoStarvation,7.71,25.71,7,7,15,0.2273,0.2571,0.35,0.0227,-0.1286,-0.07,0.0068,0.0,-0.1918,-1.0149,-1.0164,0.8142,66
42,45,2496.0,Medium*Medium*NoStarvation,20,Low*Medium*NoStarvation,25.71,15.0,7,7,11,0.2391,0.15,0.35,0.0239,-0.075,-0.07,0.0072,0.0,-0.1378,-0.962,-0.9634,0.8142,46
42,46,2562.0,Low*Medium*NoStarvation,30,Medium*Medium*NoStarvation,15.0,25.71,7,7,15,0.2273,0.2571,0.35,0.0227,-0.1286,-0.07,0.0068,0.0,-0.1918,-1.0164,-1.0179,0.8142,66
42,47,2628.0,Medium*Medium*NoStarvation,30,Medium*Medium*NoStarvation,25.71,27.43,7,7,15,0.2273,0.2743,0.35,0.0227,-0.1371,-0.07,0.0068,0.0,-0.2003,-1.0038,-1.0073,0.8142,66
42,48,2650.0,Medium*Medium*NoStarvation,45,Low*Low*NoStarvation,27.43,0.0,7,0,8,0.0833,0.0,0.0,0.0083,-0.0,-0.0,0.0025,0.0,0.0025,-1.0242,-0.9632,0.8142,96
43,0,116.0,Low*Low*NoStarvation,30,Medium*Medium*NoStarvation,0.83,26.71,2,7,31,0.4697,0.2671,0.35,0.047,-0.1336,-0.07,0.0141,0.0,-0.1895,-0.5596,-0.6065,0.8102,66
43,1,162.0,Medium*Medium*NoStarvation,20,Low*Medium*NoStarvation,26.71,16.86,7,7,20,0.4348,0.1686,0.35,0.0435,-0.0843,-0.07,0.013,0.0,-0.1412,-0.9634,-0.965,0.8102,46
43,2,208.0,Low*Medium*NoStarvation,20,Low*Medium*NoStarvation,16.86,15.86,7,7,20,0.4348,0.1586,0.35,0.0435,-0.0793,-0.07,0.013,0.0,-0.1362,-0.9526,-0.9548,0.8102,46
43,3,234.0,Low*Medium*NoStarvation,10,Low*Medium*NoStarvation,15.86,6.29,7,7,10,0.3846,0.0629,0.35,0.0385,-0.0314,-0.07,0.0115,0.0,-0.0899,-0.9316,-0.9313,0.8102,26
43,4,260.0,Low*Medium*NoStarvation,10,Low*Medium*NoStarvation,6.29,6.29,7,7,10,0.3846,0.0629,0.35,0.0385,-0.0314,-0.07,0.0115,0.0,-0.0899,-0.9313,-0.9309,0.8102,26
43,5,306.0,Low*Medium*NoStarvation,20,Low*Medium*NoStarvation,6.29,17.0,7,7,20,0.4348,0.17,0.35,0.0435,-0.085,-0.07,0.013,0.0,-0.142,-0.9548,-0.9573,0.8102,46
43,6,402.0,Low*Medium*NoStarvation,45,Medium*Medium*NoStarvation,17.0,42.43,7,7,45,0.4688,0.4243,0.35,0.0469,-0.2121,-0.07,0.0141,0.0,-0.2681,-1.0789,-1.0817,0.8102,96
43,7,428.0,Medium*Medium*NoStarvation,10,Low*Medium*NoStarvation,42.43,6.43,7,7,10,0.3846,0.0643,0.35,0.0385,-0.0321,-0.07,0.0115,0.0,-0.0906,-0.932,-0.9317,0.8102,26
43,8,494.0,Low*Medium*NoStarvation,30,Medium*Medium*NoStarvation,6.43,25.57,7,7,29,0.4394,0.2557,0.35,0.0439,-0.1279,-0.07,0.0132,0.0,-0.1847,-1.0179,-1.0184,0.8102,66
43,9,540.0,Medium*Medium*NoStarvation,20,Low*Medium*NoStarvation,25.57,16.14,7,7,19,0.413,0.1614,0.35,0.0413,-0.0807,-0.07,0.0124,0.0,-0.1383,-0.965,-0.9662,0.8102,46
43,10,566.0,Low*Medium*NoStarvation,10,Low*Medium*NoStarvation,16.14,7.14,7,7,9,0.3462,0.0714,0.35,0.0346,-0.0357,-0.07,0.0104,0.0,-0.0953,-0.9309,-0.9312,0.8102,26
43,11,612.0,Low*Medium*NoStarvation,20,Low*Medium*NoStarvation,7.14,17.43,7,7,20,0.4348,0.1743,0.35,0.0435,-0.0871,-0.07,0.013,0.0,-0.1441,-0.9573,-0.9598,0.8102,46
43,12,708.0,Low*Medium*NoStarvation,45,Medium*Medium*NoStarvation,17.43,41.71,7,7,42,0.4375,0.4171,0.35,0.0437,-0.2086,-0.07,0.0131,0.0,-0.2654,-1.0817,-1.0839,0.8102,96
43,13,774.0,Medium*Medium*NoStarvation,30,Medium*Medium*NoStarvation,41.71,27.0,7,7,28,0.4242,0.27,0.35,0.0424,-0.135,-0.07,0.0127,0.0,-0.1923,-1.0073,-1.0097,0.8102,66
43,14,800.0,Medium*Medium*NoStarvation,10,Low*Medium*NoStarvation,27.0,6.29,7,7,9,0.3462,0.0629,0.35,0.0346,-0.0314,-0.07,0.0104,0.0,-0.091,-0.9317,-0.9314,0.8102,26
43,15,846.0,Low*Medium*NoStarvation,20,Low*Medium*NoStarvation,6.29,16.57,7,7,19,0.413,0.1657,0.35,0.0413,-0.0829,-0.07,0.0124,0.0,-0.1405,-0.9598,-0.9617,0.8102,46
43,16,872.0,Low*Medium*NoStarvation,10,Low*Medium*NoStarvation,16.57,7.43,7,7,10,0.3846,0.0743,0.35,0.0385,-0.0371,-0.07,0.0115,0.0,-0.0956,-0.9312,-0.9314,0.8102,26
43,17,898.0,Low*Medium*NoStarvation,10,Low*Medium*NoStarvation,7.43,8.43,7,7,8,0.3077,0.0843,0.35,0.0308,-0.0421,-0.07,0.0092,0.0,-0.1029,-0.9314,-0.9324,0.8102,26
43,18,994.0,Low*Medium*NoStarvation,45,Medium*Medium*NoStarvation,8.43,40.86,7,7,44,0.4583,0.4086,0.35,0.0458,-0.2043,-0.07,0.0137,0.0,-0.2605,-1.0839,-1.0854,0.8102,96
43,19,1090.0,Medium*Medium*NoStarvation,45,Medium*Medium*NoStarvation,40.86,43.0,7,7,24,0.25,0.43,0.35,0.025,-0.215,-0.07,0.0075,0.0,-0.2775,-0.9632,-0.9784,0.8102,96
43,20,1116.0,Medium*Medium*NoStarvation,10,Low*Medium*NoStarvation,43.0,5.86,7,6,5,0.1923,0.0586,0.3,0.0192,-0.0293,-0.06,0.0058,0.0,-0.0835,-0.9314,-0.9305,0.8102,26
43,21,1162.0,Low*Medium*NoStarvation,20,Low*Medium*NoStarvation,5.86,16.43,6,7,10,0.2174,0.1643,0.35,0.0217,-0.0821,-0.07,0.0065,0.0,-0.1456,-0.9617,-0.964,0.8102,46
43,22,1228.0,Low*Medium*NoStarvation,30,Medium*Medium*NoStarvation,16.43,25.71,7,7,15,0.2273,0.2571,0.35,0.0227,-0.1286,-0.07,0.0068,0.0,-0.1918,-1.0184,-1.0195,0.8102,66
43,23,1274.0,Medium*Medium*NoStarvation,20,Low*Medium*NoStarvation,25.71,15.71,7,7,10,0.2174,0.1571,0.35,0.0217,-0.0786,-0.07,0.0065,0.0,-0.142,-0.9662,-0.9677,0.8102,46
43,24,1300.0,Low*Medium*NoStarvation,10,Low*Medium*NoStarvation,15.71,7.14,7,7,4,0.1538,0.0714,0.35,0.0154,-0.0357,-0.07,0.0046,0.0,-0.1011,-0.9324,-0.9332,0.8102,26
43,25,1326.0,Low*Medium*NoStarvation,10,Low*Medium*NoStarvation,7.14,6.29,7,7,4,0.1538,0.0629,0.35,0.0154,-0.0314,-0.07,0.0046,0.0,-0.0968,-0.9332,-0.9335,0.8102,26
43,26,1372.0,Low*Medium*NoStarvation,20,Low*Medium*NoStarvation,6.29,16.43,7,7,10,0.2174,0.1643,0.35,0.0217,-0.0821,-0.07,0.0065,0.0,-0.1456,-0.964,-0.9662,0.8102,46
43,27,1398.0,Low*Medium*NoStarvation,10,Low*Medium*NoStarvation,16.43,6.43,7,7,5,0.1923,0.0643,0.35,0.0192,-0.0321,-0.07,0.0058,0.0,-0.0964,-0.9335,-0.9338,0.8102,26
43,28,1424.0,Low*Medium*NoStarvation,10,Low*Medium*NoStarvation,6.43,7.14,7,7,4,0.1538,0.0714,0.35,0.0154,-0.0357,-0.07,0.0046,0.0,-0.1011,-0.9338,-0.9346,0.8102,26
43,29,1470.0,Low*Medium*NoStarvation,20,Low*Medium*NoStarvation,7.14,14.71,7,7,10,0.2174,0.1471,0.35,0.0217,-0.0736,-0.07,0.0065,0.0,-0.137,-0.9662,-0.9674,0.8102,46
43,30,1566.0,Low*Medium*NoStarvation,45,Medium*Medium*NoStarvation,14.71,41.43,7,7,23,0.2396,0.4143,0.35,0.024,-0.2071,-0.07,0.0072,0.0,-0.27,-1.0854,-1.0876,0.8102,96
43,31,1592.0,Medium*Medium*NoStarvation,10,Low*Medium*NoStarvation,41.43,6.71,7,7,4,0.1538,0.0671,0.35,0.0154,-0.0336,-0.07,0.0046,0.0,-0.099,-0.9305,-0.9315,0.8102,26
43,32,1658.0,Low*Medium*NoStarvation,30,Medium*Medium*NoStarvation,6.71,26.14,7,7,15,0.2273,0.2614,0.35,0.0227,-0.1307,-0.07,0.0068,0.0,-0.1939,-1.0195,-1.0208,0.8102,66
43,33,1684.0,Medium*Medium*NoStarvation,10,Low*Medium*NoStarvation,26.14,8.43,7,7,4,0.1538,0.0843,0.35,0.0154,-0.0421,-0.07,0.0046,0.0,-0.1075,-0.9315,-0.9332,0.8102,26
43,34,1780.0,Low*Medium*NoStarvation,45,Medium*Medium*NoStarvation,8.43,42.43,7,7,22,0.2292,0.4243,0.35,0.0229,-0.2121,-0.07,0.0069,0.0,-0.2753,-1.0876,-1.0904,0.8102,96
43,35,1806.0,Medium*Medium*NoStarvation,10,Low*Medium*NoStarvation,42.43,6.86,7,7,5,0.1923,0.0686,0.35,0.0192,-0.0343,-0.07,0.0058,0.0,-0.0985,-0.9332,-0.9339,0.8102,26
43,36,1852.0,Low*Medium*NoStarvation,20,Low*Medium*NoStarvation,6.86,14.71,7,7,10,0.2174,0.1471,0.35,0.0217,-0.0736,-0.07,0.0065,0.0,-0.137,-0.9674,-0.9685,0.8102,46
43,37,1878.0,Low*Medium*NoStarvation,10,Low*Medium*NoStarvation,14.71,8.0,7,7,4,0.1538,0.08,0.35,0.0154,-0.04,-0.07,0.0046,0.0,-0.1054,-0.9346,-0.9358,0.8102,26
43,38,1974.0,Low*Medium*NoStarvation,45,Medium*Medium*NoStarvation,8.0,40.86,7,7,23,0.2396,0.4086,0.35,0.024,-0.2043,-0.07,0.0072,0.0,-0.2671,-1.0904,-1.0921,0.8102,96
43,39,2020.0,Medium*Medium*NoStarvation,20,Low*Medium*NoStarvation,40.86,16.29,7,7,10,0.2174,0.1629,0.35,0.0217,-0.0814,-0.07,0.0065,0.0,-0.1449,-0.9677,-0.9696,0.8102,46
43,40,2046.0,Low*Medium*NoStarvation,10,Low*Medium*NoStarvation,16.29,6.29,7,7,5,0.1923,0.0629,0.35,0.0192,-0.0314,-0.07,0.0058,0.0,-0.0957,-0.9358,-0.936,0.8102,26
43,41,2112.0,Low*Medium*NoStarvation,30,Medium*Medium*NoStarvation,6.29,25.57,7,7,16,0.2424,0.2557,0.35,0.0242,-0.1279,-0.07,0.0073,0.0,-0.1906,-1.0208,-1.0218,0.8102,66
43,42,2158.0,Medium*Medium*NoStarvation,20,Low*Medium*NoStarvation,25.57,16.71,7,7,10,0.2174,0.1671,0.35,0.0217,-0.0836,-0.07,0.0065,0.0,-0.147,-0.9696,-0.9716,0.8102,46
43,43,2224.0,Low*Medium*NoStarvation,30,Medium*Medium*NoStarvation,16.71,25.86,7,7,15,0.2273,0.2586,0.35,0.0227,-0.1293,-0.07,0.0068,0.0,-0.1925,-1.0218,-1.0229,0.8102,66
43,44,2270.0,Medium*Medium*NoStarvation,20,Low*Medium*NoStarvation,25.86,15.57,7,7,10,0.2174,0.1557,0.35,0.0217,-0.0779,-0.07,0.0065,0.0,-0.1413,-0.9716,-0.9728,0.8102,46
43,45,2336.0,Low*Medium*NoStarvation,30,Medium*Medium*NoStarvation,15.57,26.57,7,7,15,0.2273,0.2657,0.35,0.0227,-0.1329,-0.07,0.0068,0.0,-0.196,-1.0229,-1.0243,0.8102,66
43,46,2382.0,Medium*Medium*NoStarvation,20,Low*Medium*NoStarvation,26.57,16.43,7,7,10,0.2174,0.1643,0.35,0.0217,-0.0821,-0.07,0.0065,0.0,-0.1456,-0.9728,-0.9743,0.8102,46
43,47,2478.0,Low*Medium*NoStarvation,45,Medium*Medium*NoStarvation,16.43,41.29,7,7,23,0.2396,0.4129,0.35,0.024,-0.2064,-0.07,0.0072,0.0,-0.2692,-1.0921,-1.0938,0.8102,96
43,48,2504.0,Medium*Medium*NoStarvation,10,Low*Medium*NoStarvation,41.29,7.71,7,7,4,0.1538,0.0771,0.35,0.0154,-0.0386,-0.07,0.0046,0.0,-0.104,-0.9339,-0.9351,0.8102,26
43,49,2550.0,Low*Medium*NoStarvation,20,Low*Medium*NoStarvation,7.71,16.86,7,7,10,0.2174,0.1686,0.35,0.0217,-0.0843,-0.07,0.0065,0.0,-0.1478,-0.9685,-0.9706,0.8102,46
43,50,2576.0,Low*Medium*NoStarvation,10,Low*Medium*NoStarvation,16.86,8.71,7,7,4,0.1538,0.0871,0.35,0.0154,-0.0436,-0.07,0.0046,0.0,-0.109,-0.936,-0.9375,0.8102,26
43,51,2642.0,Low*Medium*NoStarvation,30,Medium*Medium*NoStarvation,8.71,27.57,7,7,14,0.2121,0.2757,0.35,0.0212,-0.1379,-0.07,0.0064,0.0,-0.2015,-1.0243,-1.0261,0.8102,66
43,52,2708.0,Medium*Medium*NoStarvation,30,Medium*Medium*NoStarvation,27.57,27.0,7,6,15,0.2273,0.27,0.3,0.0227,-0.135,-0.06,0.0068,0.0,-0.1882,-1.0097,-1.0117,0.8102,66
43,53,2734.0,Medium*Medium*NoStarvation,10,Low*Low*NoStarvation,27.0,12.0,6,1,5,0.1923,0.12,0.05,0.0192,-0.06,-0.01,0.0058,0.0,-0.0642,-0.9351,-0.8896,0.8102,26
43,54,2743.0,Low*Low*NoStarvation,45,Low*Low*NoStarvation,12.0,0.0,1,0,1,0.0104,0.0,0.0,0.001,-0.0,-0.0,0.0003,0.0,0.0003,-0.5936,-0.5758,0.8102,96
44,0,76.0,Low*Low*NoStarvation,10,Low*Medium*NoStarvation,0.83,6.71,2,7,11,0.4231,0.0671,0.35,0.0423,-0.0336,-0.07,0.0127,0.0,-0.0909,-0.4665,-0.5133,0.8061,26
44,1,172.0,Low*Medium*NoStarvation,45,Medium*Medium*NoStarvation,6.71,40.57,7,7,46,0.4792,0.4057,0.35,0.0479,-0.2029,-0.07,0.0144,0.0,-0.2585,-1.0938,-1.0904,0.8061,96
44,2,238.0,Medium*Medium*NoStarvation,30,Medium*Medium*NoStarvation,40.57,26.71,7,7,30,0.4545,0.2671,0.35,0.0455,-0.1336,-0.07,0.0136,0.0,-0.1899,-1.0117,-1.0096,0.8061,66
44,3,284.0,Medium*Medium*NoStarvation,20,Low*Medium*NoStarvation,26.71,15.71,7,7,20,0.4348,0.1571,0.35,0.0435,-0.0786,-0.07,0.013,0.0,-0.1355,-0.9743,-0.9748,0.8061,46
44,4,310.0,Low*Medium*NoStarvation,10,Low*Medium*NoStarvation,15.71,9.38,7,8,8,0.3077,0.0938,0.4,0.0308,-0.0469,-0.08,0.0092,0.0,-0.1177,-0.9375,-0.9399,0.8061,26
44,5,336.0,Low*Medium*NoStarvation,10,Low*Medium*NoStarvation,9.38,6.71,8,7,10,0.3846,0.0671,0.35,0.0385,-0.0336,-0.07,0.0115,0.0,-0.092,-0.9399,-0.9397,0.8061,26
44,6,402.0,Low*Medium*NoStarvation,30,Medium*Medium*NoStarvation,6.71,24.86,7,7,30,0.4545,0.2486,0.35,0.0455,-0.1243,-0.07,0.0136,0.0,-0.1806,-1.0261,-1.0217,0.8061,66
44,7,498.0,Medium*Medium*NoStarvation,45,Medium*Medium*NoStarvation,24.86,42.57,7,7,43,0.4479,0.4257,0.35,0.0448,-0.2129,-0.07,0.0134,0.0,-0.2694,-0.9784,-0.9876,0.8061,96
44,8,594.0,Medium*Medium*NoStarvation,45,Medium*Medium*NoStarvation,42.57,43.29,7,7,41,0.4271,0.4329,0.35,0.0427,-0.2164,-0.07,0.0128,0.0,-0.2736,-0.9876,-0.9963,0.8061,96
44,9,660.0,Medium*Medium*NoStarvation,30,Medium*Medium*NoStarvation,43.29,27.0,7,7,28,0.4242,0.27,0.35,0.0424,-0.135,-0.07,0.0127,0.0,-0.1923,-1.0096,-1.0079,0.8061,66
44,10,686.0,Medium*Medium*NoStarvation,10,Low*Medium*NoStarvation,27.0,6.29,7,7,8,0.3077,0.0629,0.35,0.0308,-0.0314,-0.07,0.0092,0.0,-0.0922,-0.8896,-0.8944,0.8061,26
44,11,752.0,Low*Medium*NoStarvation,30,Medium*Medium*NoStarvation,6.29,26.86,7,7,30,0.4545,0.2686,0.35,0.0455,-0.1343,-0.07,0.0136,0.0,-0.1906,-1.0217,-1.0191,0.8061,66
44,12,778.0,Medium*Medium*NoStarvation,10,Low*Medium*NoStarvation,26.86,7.43,7,7,9,0.3462,0.0743,0.35,0.0346,-0.0371,-0.07,0.0104,0.0,-0.0968,-0.8944,-0.8993,0.8061,26
44,13,804.0,Low*Medium*NoStarvation,10,Low*Medium*NoStarvation,7.43,5.43,7,6,10,0.3846,0.0543,0.3,0.0385,-0.0271,-0.06,0.0115,0.0,-0.0756,-0.9397,-0.9379,0.8061,26
44,14,830.0,Low*Medium*NoStarvation,10,Low*Medium*NoStarvation,5.43,6.57,6,8,9,0.3462,0.0657,0.4,0.0346,-0.0329,-0.08,0.0104,0.0,-0.1025,-0.9379,-0.9388,0.8061,26
44,15,926.0,Low*Medium*NoStarvation,45,Medium*Medium*NoStarvation,6.57,40.43,8,7,44,0.4583,0.4043,0.35,0.0458,-0.2021,-0.07,0.0137,0.0,-0.2584,-1.0904,-1.0881,0.8061,96
44,16,952.0,Medium*Medium*NoStarvation,10,Low*Medium*NoStarvation,40.43,6.86,7,7,10,0.3846,0.0686,0.35,0.0385,-0.0343,-0.07,0.0115,0.0,-0.0927,-0.8993,-0.9031,0.8061,26
44,17,1018.0,Low*Medium*NoStarvation,30,Medium*Medium*NoStarvation,6.86,26.29,7,7,26,0.3939,0.2629,0.35,0.0394,-0.1314,-0.07,0.0118,0.0,-0.1896,-1.0191,-1.0174,0.8061,66
44,18,1084.0,Medium*Medium*NoStarvation,30,Medium*Medium*NoStarvation,26.29,26.14,7,7,15,0.2273,0.2614,0.35,0.0227,-0.1307,-0.07,0.0068,0.0,-0.1939,-1.0079,-1.0078,0.8061,66
44,19,1180.0,Medium*Medium*NoStarvation,45,Medium*Medium*NoStarvation,26.14,41.57,7,7,22,0.2292,0.4157,0.35,0.0229,-0.2079,-0.07,0.0069,0.0,-0.271,-0.9963,-1.005,0.8061,96
44,20,1226.0,Medium*Medium*NoStarvation,20,Low*Medium*NoStarvation,41.57,16.57,7,7,10,0.2174,0.1657,0.35,0.0217,-0.0829,-0.07,0.0065,0.0,-0.1463,-0.9748,-0.9765,0.8061,46
44,21,1272.0,Low*Medium*NoStarvation,20,Low*Medium*NoStarvation,16.57,16.57,7,7,10,0.2174,0.1657,0.35,0.0217,-0.0829,-0.07,0.0065,0.0,-0.1463,-0.9706,-0.9727,0.8061,46
44,22,1298.0,Low*Medium*NoStarvation,10,Low*Medium*NoStarvation,16.57,6.0,7,7,5,0.1923,0.06,0.35,0.0192,-0.03,-0.07,0.0058,0.0,-0.0942,-0.9388,-0.9388,0.8061,26
44,23,1344.0,Low*Medium*NoStarvation,20,Low*Medium*NoStarvation,6.0,16.86,7,7,10,0.2174,0.1686,0.35,0.0217,-0.0843,-0.07,0.0065,0.0,-0.1478,-0.9727,-0.9747,0.8061,46
44,24,1370.0,Low*Medium*NoStarvation,10,Low*Medium*NoStarvation,16.86,6.14,7,7,5,0.1923,0.0614,0.35,0.0192,-0.0307,-0.07,0.0058,0.0,-0.0949,-0.9388,-0.9389,0.8061,26
44,25,1416.0,Low*Medium*NoStarvation,20,Low*Medium*NoStarvation,6.14,15.29,7,7,10,0.2174,0.1529,0.35,0.0217,-0.0764,-0.07,0.0065,0.0,-0.1399,-0.9747,-0.9757,0.8061,46
44,26,1512.0,Low*Medium*NoStarvation,45,Medium*Medium*NoStarvation,15.29,42.29,7,7,22,0.2292,0.4229,0.35,0.0229,-0.2114,-0.07,0.0069,0.0,-0.2746,-1.0881,-1.088,0.8061,96
44,27,1578.0,Medium*Medium*NoStarvation,30,Medium*Medium*NoStarvation,42.29,26.0,7,7,15,0.2273,0.26,0.35,0.0227,-0.13,-0.07,0.0068,0.0,-0.1932,-1.0078,-1.0076,0.8061,66
44,28,1604.0,Medium*Medium*NoStarvation,10,Low*Medium*NoStarvation,26.0,5.14,7,6,5,0.1923,0.0514,0.3,0.0192,-0.0257,-0.06,0.0058,0.0,-0.0799,-0.9031,-0.9053,0.8061,26
44,29,1630.0,Low*Medium*NoStarvation,10,Low*Medium*NoStarvation,5.14,6.0,6,7,5,0.1923,0.06,0.35,0.0192,-0.03,-0.07,0.0058,0.0,-0.0942,-0.9389,-0.9389,0.8061,26
44,30,1676.0,Low*Medium*NoStarvation,20,Low*Medium*NoStarvation,6.0,14.43,7,7,10,0.2174,0.1443,0.35,0.0217,-0.0721,-0.07,0.0065,0.0,-0.1356,-0.9757,-0.9762,0.8061,46
44,31,1722.0,Low*Medium*NoStarvation,20,Low*Medium*NoStarvation,14.43,18.71,7,7,9,0.1957,0.1871,0.35,0.0196,-0.0936,-0.07,0.0059,0.0,-0.1577,-0.9762,-0.9789,0.8061,46
44,32,1748.0,Low*Medium*NoStarvation,10,Low*Medium*NoStarvation,18.71,6.71,7,7,5,0.1923,0.0671,0.35,0.0192,-0.0336,-0.07,0.0058,0.0,-0.0978,-0.9389,-0.9393,0.8061,26
44,33,1774.0,Low*Medium*NoStarvation,10,Low*Medium*NoStarvation,6.71,6.29,7,7,5,0.1923,0.0629,0.35,0.0192,-0.0314,-0.07,0.0058,0.0,-0.0957,-0.9393,-0.9395,0.8061,26
44,34,1800.0,Low*Medium*NoStarvation,10,Low*Medium*NoStarvation,6.29,8.14,7,7,4,0.1538,0.0814,0.35,0.0154,-0.0407,-0.07,0.0046,0.0,-0.1061,-0.9395,-0.9407,0.8061,26
44,35,1896.0,Low*Medium*NoStarvation,45,Medium*Medium*NoStarvation,8.14,40.29,7,7,23,0.2396,0.4029,0.35,0.024,-0.2014,-0.07,0.0072,0.0,-0.2642,-1.088,-1.0871,0.8061,96
44,36,1942.0,Medium*Medium*NoStarvation,20,Low*Medium*NoStarvation,40.29,14.57,7,7,10,0.2174,0.1457,0.35,0.0217,-0.0729,-0.07,0.0065,0.0,-0.1363,-0.9765,-0.9771,0.8061,46
44,37,1988.0,Low*Medium*NoStarvation,20,Low*Medium*NoStarvation,14.57,16.14,7,7,10,0.2174,0.1614,0.35,0.0217,-0.0807,-0.07,0.0065,0.0,-0.1442,-0.9789,-0.9801,0.8061,46
44,38,2014.0,Low*Medium*NoStarvation,10,Low*Medium*NoStarvation,16.14,8.29,7,7,4,0.1538,0.0829,0.35,0.0154,-0.0414,-0.07,0.0046,0.0,-0.1068,-0.9407,-0.942,0.8061,26
44,39,2060.0,Low*Medium*NoStarvation,20,Low*Medium*NoStarvation,8.29,16.43,7,7,10,0.2174,0.1643,0.35,0.0217,-0.0821,-0.07,0.0065,0.0,-0.1456,-0.9801,-0.9814,0.8061,46
44,40,2106.0,Low*Medium*NoStarvation,20,Low*Medium*NoStarvation,16.43,15.14,7,7,11,0.2391,0.1514,0.35,0.0239,-0.0757,-0.07,0.0072,0.0,-0.1385,-0.9814,-0.9819,0.8061,46
44,41,2132.0,Low*Medium*NoStarvation,10,Low*Medium*NoStarvation,15.14,8.29,7,7,4,0.1538,0.0829,0.35,0.0154,-0.0414,-0.07,0.0046,0.0,-0.1068,-0.942,-0.9433,0.8061,26
44,42,2228.0,Low*Medium*NoStarvation,45,Medium*Medium*NoStarvation,8.29,40.0,7,7,22,0.2292,0.4,0.35,0.0229,-0.2,-0.07,0.0069,0.0,-0.2631,-1.0871,-1.0862,0.8061,96
44,43,2294.0,Medium*Medium*NoStarvation,30,Medium*Medium*NoStarvation,40.0,25.43,7,7,16,0.2424,0.2543,0.35,0.0242,-0.1271,-0.07,0.0073,0.0,-0.1899,-1.0076,-1.0073,0.8061,66
44,44,2320.0,Medium*Medium*NoStarvation,10,Low*Medium*NoStarvation,25.43,8.14,7,7,4,0.1538,0.0814,0.35,0.0154,-0.0407,-0.07,0.0046,0.0,-0.1061,-0.9053,-0.9103,0.8061,26
44,45,2416.0,Low*Medium*NoStarvation,45,Medium*Medium*NoStarvation,8.14,39.29,7,7,23,0.2396,0.3929,0.35,0.024,-0.1964,-0.07,0.0072,0.0,-0.2592,-1.0862,-1.0854,0.8061,96
44,46,2482.0,Medium*Medium*NoStarvation,30,Medium*Medium*NoStarvation,39.29,26.57,7,7,15,0.2273,0.2657,0.35,0.0227,-0.1329,-0.07,0.0068,0.0,-0.196,-1.0073,-1.0081,0.8061,66
44,47,2528.0,Medium*Medium*NoStarvation,20,Low*Medium*NoStarvation,26.57,15.71,7,7,10,0.2174,0.1571,0.35,0.0217,-0.0786,-0.07,0.0065,0.0,-0.142,-0.9771,-0.9785,0.8061,46
44,48,2594.0,Low*Medium*NoStarvation,30,Medium*Medium*NoStarvation,15.71,26.29,7,7,15,0.2273,0.2629,0.35,0.0227,-0.1314,-0.07,0.0068,0.0,-0.1946,-1.0174,-1.017,0.8061,66
44,49,2690.0,Medium*Medium*NoStarvation,45,Medium*Low*NoStarvation,26.29,47.5,7,2,22,0.2292,0.475,0.1,0.0229,-0.2375,-0.02,0.0069,0.0,-0.2506,-1.005,-0.9296,0.8061,96
44,50,2701.0,Medium*Low*NoStarvation,30,Low*Low*NoStarvation,47.5,0.0,2,0,2,0.0303,0.0,0.0,0.003,-0.0,-0.0,0.0009,0.0,0.0009,-0.0066,-0.0474,0.8061,66
45,0,96.0,Low*Low*NoStarvation,20,Low*Medium*NoStarvation,0.83,16.14,2,7,21,0.4565,0.1614,0.35,0.0457,-0.0807,-0.07,0.0137,0.0,-0.137,-0.4622,-0.5145,0.8021,46
45,1,122.0,Low*Medium*NoStarvation,10,Low*Medium*NoStarvation,16.14,6.14,7,7,9,0.3462,0.0614,0.35,0.0346,-0.0307,-0.07,0.0104,0.0,-0.0903,-0.9433,-0.9429,0.8021,26
45,2,148.0,Low*Medium*NoStarvation,10,Low*Medium*NoStarvation,6.14,6.86,7,7,10,0.3846,0.0686,0.35,0.0385,-0.0343,-0.07,0.0115,0.0,-0.0927,-0.9429,-0.9427,0.8021,26
45,3,174.0,Low*Medium*NoStarvation,10,Low*Medium*NoStarvation,6.86,7.29,7,7,8,0.3077,0.0729,0.35,0.0308,-0.0364,-0.07,0.0092,0.0,-0.0972,-0.9427,-0.943,0.8021,26
45,4,200.0,Low*Medium*NoStarvation,10,Low*Medium*NoStarvation,7.29,8.14,7,7,9,0.3462,0.0814,0.35,0.0346,-0.0407,-0.07,0.0104,0.0,-0.1003,-0.943,-0.9436,0.8021,26
45,5,226.0,Low*Medium*NoStarvation,10,Low*Medium*NoStarvation,8.14,6.29,7,7,9,0.3462,0.0629,0.35,0.0346,-0.0314,-0.07,0.0104,0.0,-0.091,-0.9436,-0.9433,0.8021,26
45,6,272.0,Low*Medium*NoStarvation,20,Low*Medium*NoStarvation,6.29,16.71,7,7,19,0.413,0.1671,0.35,0.0413,-0.0836,-0.07,0.0124,0.0,-0.1412,-0.9819,-0.9827,0.8021,46
45,7,298.0,Low*Medium*NoStarvation,10,Low*Medium*NoStarvation,16.71,6.43,7,7,10,0.3846,0.0643,0.35,0.0385,-0.0321,-0.07,0.0115,0.0,-0.0906,-0.9433,-0.9429,0.8021,26
45,8,324.0,Low*Medium*NoStarvation,10,Low*Medium*NoStarvation,6.43,5.43,7,6,10,0.3846,0.0543,0.3,0.0385,-0.0271,-0.06,0.0115,0.0,-0.0756,-0.9429,-0.941,0.8021,26
45,9,370.0,Low*Medium*NoStarvation,20,Low*Medium*NoStarvation,5.43,14.86,6,7,21,0.4565,0.1486,0.35,0.0457,-0.0743,-0.07,0.0137,0.0,-0.1306,-0.9827,-0.9822,0.8021,46
45,10,396.0,Low*Medium*NoStarvation,10,Low*Medium*NoStarvation,14.86,8.29,7,7,8,0.3077,0.0829,0.35,0.0308,-0.0414,-0.07,0.0092,0.0,-0.1022,-0.941,-0.9418,0.8021,26
45,11,492.0,Low*Medium*NoStarvation,45,Medium*Medium*NoStarvation,8.29,42.71,7,7,44,0.4583,0.4271,0.35,0.0458,-0.2136,-0.07,0.0137,0.0,-0.2698,-1.0854,-1.0858,0.8021,96
45,12,558.0,Medium*Medium*NoStarvation,30,Medium*Medium*NoStarvation,42.71,27.0,7,7,30,0.4545,0.27,0.35,0.0455,-0.135,-0.07,0.0136,0.0,-0.1914,-1.0081,-1.0083,0.8021,66
45,13,584.0,Medium*Medium*NoStarvation,10,Low*Medium*NoStarvation,27.0,6.14,7,7,10,0.3846,0.0614,0.35,0.0385,-0.0307,-0.07,0.0115,0.0,-0.0892,-0.9103,-0.9129,0.8021,26
45,14,680.0,Low*Medium*NoStarvation,45,Medium*Medium*NoStarvation,6.14,39.57,7,7,46,0.4792,0.3957,0.35,0.0479,-0.1979,-0.07,0.0144,0.0,-0.2535,-1.0858,-1.0847,0.8021,96
45,15,726.0,Medium*Medium*NoStarvation,20,Low*Medium*NoStarvation,39.57,16.71,7,7,20,0.4348,0.1671,0.35,0.0435,-0.0836,-0.07,0.013,0.0,-0.1405,-0.9785,-0.9795,0.8021,46
45,16,822.0,Low*Medium*NoStarvation,45,Medium*Medium*NoStarvation,16.71,40.86,7,7,45,0.4688,0.4086,0.35,0.0469,-0.2043,-0.07,0.0141,0.0,-0.2602,-1.0847,-1.0844,0.8021,96
45,17,848.0,Medium*Medium*NoStarvation,10,Low*Medium*NoStarvation,40.86,4.71,7,6,10,0.3846,0.0471,0.3,0.0385,-0.0236,-0.06,0.0115,0.0,-0.072,-0.9129,-0.9136,0.8021,26
45,18,874.0,Low*Medium*NoStarvation,10,Low*Medium*NoStarvation,4.71,6.0,6,7,10,0.3846,0.06,0.35,0.0385,-0.03,-0.07,0.0115,0.0,-0.0885,-0.9418,-0.9413,0.8021,26
45,19,940.0,Low*Medium*NoStarvation,30,Medium*Medium*NoStarvation,6.0,26.71,7,7,29,0.4394,0.2671,0.35,0.0439,-0.1336,-0.07,0.0132,0.0,-0.1904,-1.017,-1.0166,0.8021,66
45,20,966.0,Medium*Medium*NoStarvation,10,Low*Medium*NoStarvation,26.71,8.57,7,7,8,0.3077,0.0857,0.35,0.0308,-0.0429,-0.07,0.0092,0.0,-0.1036,-0.9136,-0.9173,0.8021,26
45,21,992.0,Low*Medium*NoStarvation,10,Low*Medium*NoStarvation,8.57,6.43,7,7,10,0.3846,0.0643,0.35,0.0385,-0.0321,-0.07,0.0115,0.0,-0.0906,-0.9413,-0.9409,0.8021,26
45,22,1038.0,Low*Medium*NoStarvation,20,Low*Medium*NoStarvation,6.43,15.43,7,7,14,0.3043,0.1543,0.35,0.0304,-0.0771,-0.07,0.0091,0.0,-0.138,-0.9822,-0.9825,0.8021,46
45,23,1064.0,Low*Medium*NoStarvation,10,Low*Medium*NoStarvation,15.43,6.71,7,7,5,0.1923,0.0671,0.35,0.0192,-0.0336,-0.07,0.0058,0.0,-0.0978,-0.9409,-0.9413,0.8021,26
45,24,1090.0,Low*Medium*NoStarvation,10,Low*Medium*NoStarvation,6.71,8.0,7,7,4,0.1538,0.08,0.35,0.0154,-0.04,-0.07,0.0046,0.0,-0.1054,-0.9413,-0.9424,0.8021,26
45,25,1136.0,Low*Medium*NoStarvation,20,Low*Medium*NoStarvation,8.0,16.14,7,7,10,0.2174,0.1614,0.35,0.0217,-0.0807,-0.07,0.0065,0.0,-0.1442,-0.9825,-0.9834,0.8021,46
45,26,1162.0,Low*Medium*NoStarvation,10,Low*Medium*NoStarvation,16.14,8.0,7,7,4,0.1538,0.08,0.35,0.0154,-0.04,-0.07,0.0046,0.0,-0.1054,-0.9424,-0.9435,0.8021,26
45,27,1208.0,Low*Medium*NoStarvation,20,Low*Medium*NoStarvation,8.0,15.29,7,7,10,0.2174,0.1529,0.35,0.0217,-0.0764,-0.07,0.0065,0.0,-0.1399,-0.9834,-0.984,0.8021,46
45,28,1274.0,Low*Medium*NoStarvation,30,Medium*Medium*NoStarvation,15.29,25.29,7,7,15,0.2273,0.2529,0.35,0.0227,-0.1264,-0.07,0.0068,0.0,-0.1896,-1.0166,-1.0165,0.8021,66
45,29,1320.0,Medium*Medium*NoStarvation,20,Low*Medium*NoStarvation,25.29,16.29,7,7,9,0.1957,0.1629,0.35,0.0196,-0.0814,-0.07,0.0059,0.0,-0.1456,-0.9795,-0.981,0.8021,46
45,30,1416.0,Low*Medium*NoStarvation,45,Medium*Medium*NoStarvation,16.29,41.86,7,7,22,0.2292,0.4186,0.35,0.0229,-0.2093,-0.07,0.0069,0.0,-0.2724,-1.0844,-1.0858,0.8021,96
45,31,1512.0,Medium*Medium*NoStarvation,45,Medium*Medium*NoStarvation,41.86,40.86,7,7,22,0.2292,0.4086,0.35,0.0229,-0.2043,-0.07,0.0069,0.0,-0.2674,-0.9296,-0.9459,0.8021,96
45,32,1558.0,Medium*Medium*NoStarvation,20,Low*Medium*NoStarvation,40.86,16.86,7,7,10,0.2174,0.1686,0.35,0.0217,-0.0843,-0.07,0.0065,0.0,-0.1478,-0.981,-0.9826,0.8021,46
45,33,1654.0,Low*Medium*NoStarvation,45,Medium*Medium*NoStarvation,16.86,40.86,7,7,23,0.2396,0.4086,0.35,0.024,-0.2043,-0.07,0.0072,0.0,-0.2671,-1.0858,-1.0865,0.8021,96
45,34,1700.0,Medium*Medium*NoStarvation,20,Low*Medium*NoStarvation,40.86,16.29,7,7,10,0.2174,0.1629,0.35,0.0217,-0.0814,-0.07,0.0065,0.0,-0.1449,-0.9826,-0.9837,0.8021,46
45,35,1726.0,Low*Medium*NoStarvation,10,Low*Medium*NoStarvation,16.29,8.29,7,7,4,0.1538,0.0829,0.35,0.0154,-0.0414,-0.07,0.0046,0.0,-0.1068,-0.9435,-0.9448,0.8021,26
45,36,1752.0,Low*Medium*NoStarvation,10,Low*Medium*NoStarvation,8.29,6.86,7,7,5,0.1923,0.0686,0.35,0.0192,-0.0343,-0.07,0.0058,0.0,-0.0985,-0.9448,-0.9452,0.8021,26
45,37,1778.0,Low*Medium*NoStarvation,10,Low*Medium*NoStarvation,6.86,8.0,7,7,4,0.1538,0.08,0.35,0.0154,-0.04,-0.07,0.0046,0.0,-0.1054,-0.9452,-0.9463,0.8021,26
45,38,1804.0,Low*Medium*NoStarvation,10,Low*Medium*NoStarvation,8.0,8.43,7,7,4,0.1538,0.0843,0.35,0.0154,-0.0421,-0.07,0.0046,0.0,-0.1075,-0.9463,-0.9476,0.8021,26
45,39,1850.0,Low*Medium*NoStarvation,20,Low*Medium*NoStarvation,8.43,15.43,7,7,10,0.2174,0.1543,0.35,0.0217,-0.0771,-0.07,0.0065,0.0,-0.1406,-0.984,-0.985,0.8021,46
45,40,1876.0,Low*Medium*NoStarvation,10,Low*Medium*NoStarvation,15.43,8.43,7,7,4,0.1538,0.0843,0.35,0.0154,-0.0421,-0.07,0.0046,0.0,-0.1075,-0.9476,-0.9488,0.8021,26
45,41,1902.0,Low*Medium*NoStarvation,10,Low*Medium*NoStarvation,8.43,6.14,7,7,5,0.1923,0.0614,0.35,0.0192,-0.0307,-0.07,0.0058,0.0,-0.0949,-0.9488,-0.9488,0.8021,26
45,42,1928.0,Low*Medium*NoStarvation,10,Low*Medium*NoStarvation,6.14,6.43,7,7,5,0.1923,0.0643,0.35,0.0192,-0.0321,-0.07,0.0058,0.0,-0.0964,-0.9488,-0.949,0.8021,26
45,43,2024.0,Low*Medium*NoStarvation,45,Medium*Medium*NoStarvation,6.43,39.86,7,7,23,0.2396,0.3986,0.35,0.024,-0.1993,-0.07,0.0072,0.0,-0.2621,-1.0865,-1.0866,0.8021,96
45,44,2090.0,Medium*Medium*NoStarvation,30,Medium*Medium*NoStarvation,39.86,25.86,7,7,15,0.2273,0.2586,0.35,0.0227,-0.1293,-0.07,0.0068,0.0,-0.1925,-1.0083,-1.0093,0.8021,66
45,45,2116.0,Medium*Medium*NoStarvation,10,Low*Medium*NoStarvation,25.86,5.43,7,7,5,0.1923,0.0543,0.35,0.0192,-0.0271,-0.07,0.0058,0.0,-0.0914,-0.9173,-0.9201,0.8021,26
45,46,2142.0,Low*Medium*NoStarvation,10,Low*Medium*NoStarvation,5.43,5.57,7,6,5,0.1923,0.0557,0.3,0.0192,-0.0279,-0.06,0.0058,0.0,-0.0821,-0.949,-0.9477,0.8021,26
45,47,2208.0,Low*Medium*NoStarvation,30,Medium*Medium*NoStarvation,5.57,25.71,6,7,15,0.2273,0.2571,0.35,0.0227,-0.1286,-0.07,0.0068,0.0,-0.1918,-1.0165,-1.0168,0.8021,66
45,48,2254.0,Medium*Medium*NoStarvation,20,Low*Medium*NoStarvation,25.71,16.29,7,7,10,0.2174,0.1629,0.35,0.0217,-0.0814,-0.07,0.0065,0.0,-0.1449,-0.9837,-0.9852,0.8021,46
45,49,2300.0,Low*Medium*NoStarvation,20,Low*Medium*NoStarvation,16.29,16.43,7,7,10,0.2174,0.1643,0.35,0.0217,-0.0821,-0.07,0.0065,0.0,-0.1456,-0.985,-0.9863,0.8021,46
45,50,2366.0,Low*Medium*NoStarvation,30,Medium*Medium*NoStarvation,16.43,26.29,7,7,15,0.2273,0.2629,0.35,0.0227,-0.1314,-0.07,0.0068,0.0,-0.1946,-1.0168,-1.0174,0.8021,66
45,51,2432.0,Medium*Medium*NoStarvation,30,Medium*Medium*NoStarvation,26.29,26.14,7,7,15,0.2273,0.2614,0.35,0.0227,-0.1307,-0.07,0.0068,0.0,-0.1939,-1.0093,-1.0106,0.8021,66
45,52,2478.0,Medium*Medium*NoStarvation,20,Low*Medium*NoStarvation,26.14,15.71,7,7,10,0.2174,0.1571,0.35,0.0217,-0.0786,-0.07,0.0065,0.0,-0.142,-0.9852,-0.9861,0.8021,46
45,53,2544.0,Low*Medium*NoStarvation,30,Medium*Medium*NoStarvation,15.71,26.29,7,7,15,0.2273,0.2629,0.35,0.0227,-0.1314,-0.07,0.0068,0.0,-0.1946,-1.0174,-1.0179,0.8021,66
45,54,2570.0,Medium*Medium*NoStarvation,10,Low*Medium*NoStarvation,26.29,6.29,7,7,5,0.1923,0.0629,0.35,0.0192,-0.0314,-0.07,0.0058,0.0,-0.0957,-0.9201,-0.923,0.8021,26
45,55,2596.0,Low*Medium*NoStarvation,10,Low*Medium*NoStarvation,6.29,6.86,7,7,5,0.1923,0.0686,0.35,0.0192,-0.0343,-0.07,0.0058,0.0,-0.0985,-0.9477,-0.9481,0.8021,26
45,56,2622.0,Low*Medium*NoStarvation,10,Low*Medium*NoStarvation,6.86,7.57,7,7,4,0.1538,0.0757,0.35,0.0154,-0.0379,-0.07,0.0046,0.0,-0.1032,-0.9481,-0.9489,0.8021,26
45,57,2648.0,Low*Medium*NoStarvation,10,Low*Medium*NoStarvation,7.57,6.43,7,7,5,0.1923,0.0643,0.35,0.0192,-0.0321,-0.07,0.0058,0.0,-0.0964,-0.9489,-0.9491,0.8021,26
45,58,2714.0,Low*Medium*NoStarvation,30,Medium*Medium*NoStarvation,6.43,25.86,7,7,15,0.2273,0.2586,0.35,0.0227,-0.1293,-0.07,0.0068,0.0,-0.1925,-1.0179,-1.0184,0.8021,66
45,59,2748.0,Medium*Medium*NoStarvation,45,Low*Low*NoStarvation,25.86,0.0,7,0,14,0.1458,0.0,0.0,0.0146,-0.0,-0.0,0.0044,0.0,0.0044,-0.9459,-0.8971,0.8021,96
46,0,76.0,Low*Low*NoStarvation,10,Low*Medium*NoStarvation,0.83,6.71,2,7,11,0.4231,0.0671,0.35,0.0423,-0.0336,-0.07,0.0127,0.0,-0.0909,-0.5133,-0.5565,0.7981,26
46,1,102.0,Low*Medium*NoStarvation,10,Low*Medium*NoStarvation,6.71,8.43,7,7,8,0.3077,0.0843,0.35,0.0308,-0.0421,-0.07,0.0092,0.0,-0.1029,-0.9491,-0.9499,0.7981,26
46,2,168.0,Low*Medium*NoStarvation,30,Medium*Medium*NoStarvation,8.43,25.86,7,7,30,0.4545,0.2586,0.35,0.0455,-0.1293,-0.07,0.0136,0.0,-0.1856,-1.0184,-1.0159,0.7981,66
46,3,194.0,Medium*Medium*NoStarvation,10,Low*Medium*NoStarvation,25.86,7.71,7,7,9,0.3462,0.0771,0.35,0.0346,-0.0386,-0.07,0.0104,0.0,-0.0982,-0.923,-0.926,0.7981,26
46,4,220.0,Low*Medium*NoStarvation,10,Low*Medium*NoStarvation,7.71,7.0,7,7,9,0.3462,0.07,0.35,0.0346,-0.035,-0.07,0.0104,0.0,-0.0946,-0.9499,-0.9498,0.7981,26
46,5,286.0,Low*Medium*NoStarvation,30,Medium*Medium*NoStarvation,7.0,26.0,7,7,30,0.4545,0.26,0.35,0.0455,-0.13,-0.07,0.0136,0.0,-0.1864,-1.0159,-1.0137,0.7981,66
46,6,382.0,Medium*Medium*NoStarvation,45,Medium*Medium*NoStarvation,26.0,40.86,7,7,46,0.4792,0.4086,0.35,0.0479,-0.2043,-0.07,0.0144,0.0,-0.2599,-0.8971,-0.9141,0.7981,96
46,7,448.0,Medium*Medium*NoStarvation,30,Medium*Medium*NoStarvation,40.86,26.71,7,7,30,0.4545,0.2671,0.35,0.0455,-0.1336,-0.07,0.0136,0.0,-0.1899,-1.0106,-1.0108,0.7981,66
46,8,544.0,Medium*Medium*NoStarvation,45,Medium*Medium*NoStarvation,26.71,39.29,7,7,44,0.4583,0.3929,0.35,0.0458,-0.1964,-0.07,0.0137,0.0,-0.2527,-0.9141,-0.9302,0.7981,96
46,9,610.0,Medium*Medium*NoStarvation,30,Medium*Medium*NoStarvation,39.29,24.14,7,7,29,0.4394,0.2414,0.35,0.0439,-0.1207,-0.07,0.0132,0.0,-0.1775,-1.0108,-1.0108,0.7981,66
46,10,636.0,Medium*Medium*NoStarvation,10,Low*Medium*NoStarvation,24.14,8.71,7,7,8,0.3077,0.0871,0.35,0.0308,-0.0436,-0.07,0.0092,0.0,-0.1043,-0.926,-0.9293,0.7981,26
46,11,662.0,Low*Medium*NoStarvation,10,Low*Medium*NoStarvation,8.71,7.29,7,7,9,0.3462,0.0729,0.35,0.0346,-0.0364,-0.07,0.0104,0.0,-0.096,-0.9498,-0.9499,0.7981,26
46,12,688.0,Low*Medium*NoStarvation,10,Low*Medium*NoStarvation,7.29,7.33,7,8,9,0.3462,0.0733,0.4,0.0346,-0.0367,-0.08,0.0104,0.0,-0.1063,-0.9499,-0.9511,0.7981,26
46,13,784.0,Low*Medium*NoStarvation,45,Medium*Medium*NoStarvation,7.33,40.86,8,7,45,0.4688,0.4086,0.35,0.0469,-0.2043,-0.07,0.0141,0.0,-0.2602,-1.0866,-1.0876,0.7981,96
46,14,880.0,Medium*Medium*NoStarvation,45,Medium*Medium*NoStarvation,40.86,38.86,7,7,41,0.4271,0.3886,0.35,0.0427,-0.1943,-0.07,0.0128,0.0,-0.2515,-0.9302,-0.946,0.7981,96
46,15,976.0,Medium*Medium*NoStarvation,45,Medium*Medium*NoStarvation,38.86,40.14,7,7,42,0.4375,0.4014,0.35,0.0437,-0.2007,-0.07,0.0131,0.0,-0.2576,-0.946,-0.9608,0.7981,96
46,16,1022.0,Medium*Medium*NoStarvation,20,Low*Medium*NoStarvation,40.14,16.86,7,7,16,0.3478,0.1686,0.35,0.0348,-0.0843,-0.07,0.0104,0.0,-0.1439,-0.9861,-0.9875,0.7981,46
46,17,1068.0,Low*Medium*NoStarvation,20,Low*Medium*NoStarvation,16.86,15.86,7,7,10,0.2174,0.1586,0.35,0.0217,-0.0793,-0.07,0.0065,0.0,-0.1428,-0.9863,-0.9876,0.7981,46
46,18,1094.0,Low*Medium*NoStarvation,10,Low*Medium*NoStarvation,15.86,9.29,7,7,4,0.1538,0.0929,0.35,0.0154,-0.0464,-0.07,0.0046,0.0,-0.1118,-0.9511,-0.9527,0.7981,26
46,19,1120.0,Low*Medium*NoStarvation,10,Low*Medium*NoStarvation,9.29,5.86,7,7,5,0.1923,0.0586,0.35,0.0192,-0.0293,-0.07,0.0058,0.0,-0.0935,-0.9527,-0.9526,0.7981,26
46,20,1186.0,Low*Medium*NoStarvation,30,Medium*Medium*NoStarvation,5.86,25.86,7,7,15,0.2273,0.2586,0.35,0.0227,-0.1293,-0.07,0.0068,0.0,-0.1925,-1.0137,-1.0152,0.7981,66
46,21,1252.0,Medium*Medium*NoStarvation,30,Medium*Medium*NoStarvation,25.86,26.29,7,7,15,0.2273,0.2629,0.35,0.0227,-0.1314,-0.07,0.0068,0.0,-0.1946,-1.0108,-1.0128,0.7981,66
46,22,1278.0,Medium*Medium*NoStarvation,10,Low*Medium*NoStarvation,26.29,5.43,7,6,5,0.1923,0.0543,0.3,0.0192,-0.0271,-0.06,0.0058,0.0,-0.0814,-0.9293,-0.9302,0.7981,26
46,23,1324.0,Low*Medium*NoStarvation,20,Low*Medium*NoStarvation,5.43,14.43,6,7,10,0.2174,0.1443,0.35,0.0217,-0.0721,-0.07,0.0065,0.0,-0.1356,-0.9876,-0.9881,0.7981,46
46,24,1350.0,Low*Medium*NoStarvation,10,Low*Medium*NoStarvation,14.43,6.0,7,7,5,0.1923,0.06,0.35,0.0192,-0.03,-0.07,0.0058,0.0,-0.0942,-0.9526,-0.9525,0.7981,26
46,25,1416.0,Low*Medium*NoStarvation,30,Medium*Medium*NoStarvation,6.0,25.86,7,7,15,0.2273,0.2586,0.35,0.0227,-0.1293,-0.07,0.0068,0.0,-0.1925,-1.0152,-1.0166,0.7981,66
46,26,1462.0,Medium*Medium*NoStarvation,20,Low*Medium*NoStarvation,25.86,17.86,7,7,9,0.1957,0.1786,0.35,0.0196,-0.0893,-0.07,0.0059,0.0,-0.1534,-0.9875,-0.9898,0.7981,46
46,27,1558.0,Low*Medium*NoStarvation,45,Medium*Medium*NoStarvation,17.86,42.57,7,7,22,0.2292,0.4257,0.35,0.0229,-0.2129,-0.07,0.0069,0.0,-0.276,-1.0876,-1.0902,0.7981,96
46,28,1624.0,Medium*Medium*NoStarvation,30,Medium*Medium*NoStarvation,42.57,25.71,7,7,15,0.2273,0.2571,0.35,0.0227,-0.1286,-0.07,0.0068,0.0,-0.1918,-1.0128,-1.0144,0.7981,66
46,29,1650.0,Medium*Medium*NoStarvation,10,Low*Medium*NoStarvation,25.71,8.86,7,7,4,0.1538,0.0886,0.35,0.0154,-0.0443,-0.07,0.0046,0.0,-0.1097,-0.9302,-0.9339,0.7981,26
46,30,1676.0,Low*Medium*NoStarvation,10,Low*Medium*NoStarvation,8.86,9.29,7,7,4,0.1538,0.0929,0.35,0.0154,-0.0464,-0.07,0.0046,0.0,-0.1118,-0.9525,-0.9541,0.7981,26
46,31,1722.0,Low*Medium*NoStarvation,20,Low*Medium*NoStarvation,9.29,16.14,7,7,10,0.2174,0.1614,0.35,0.0217,-0.0807,-0.07,0.0065,0.0,-0.1442,-0.9881,-0.9896,0.7981,46
46,32,1818.0,Low*Medium*NoStarvation,45,Medium*Medium*NoStarvation,16.14,40.57,7,7,23,0.2396,0.4057,0.35,0.024,-0.2029,-0.07,0.0072,0.0,-0.2657,-1.0902,-1.0918,0.7981,96
46,33,1914.0,Medium*Medium*NoStarvation,45,Medium*Medium*NoStarvation,40.57,40.86,7,7,23,0.2396,0.4086,0.35,0.024,-0.2043,-0.07,0.0072,0.0,-0.2671,-0.9608,-0.9755,0.7981,96
46,34,1980.0,Medium*Medium*NoStarvation,30,Medium*Medium*NoStarvation,40.86,25.71,7,7,15,0.2273,0.2571,0.35,0.0227,-0.1286,-0.07,0.0068,0.0,-0.1918,-1.0144,-1.0162,0.7981,66
46,35,2046.0,Medium*Medium*NoStarvation,30,Medium*Medium*NoStarvation,25.71,26.43,7,7,15,0.2273,0.2643,0.35,0.0227,-0.1321,-0.07,0.0068,0.0,-0.1953,-1.0162,-1.0182,0.7981,66
46,36,2072.0,Medium*Medium*NoStarvation,10,Low*Medium*NoStarvation,26.43,8.86,7,7,4,0.1538,0.0886,0.35,0.0154,-0.0443,-0.07,0.0046,0.0,-0.1097,-0.9339,-0.9373,0.7981,26
46,37,2168.0,Low*Medium*NoStarvation,45,Medium*Medium*NoStarvation,8.86,41.29,7,7,23,0.2396,0.4129,0.35,0.024,-0.2064,-0.07,0.0072,0.0,-0.2692,-1.0918,-1.0939,0.7981,96
46,38,2264.0,Medium*Medium*NoStarvation,45,Medium*Medium*NoStarvation,41.29,40.14,7,7,23,0.2396,0.4014,0.35,0.024,-0.2007,-0.07,0.0072,0.0,-0.2635,-0.9755,-0.9886,0.7981,96
46,39,2330.0,Medium*Medium*NoStarvation,30,Medium*Medium*NoStarvation,40.14,26.0,7,7,15,0.2273,0.26,0.35,0.0227,-0.13,-0.07,0.0068,0.0,-0.1932,-1.0182,-1.02,0.7981,66
46,40,2376.0,Medium*Medium*NoStarvation,20,Low*Medium*NoStarvation,26.0,15.29,7,7,10,0.2174,0.1529,0.35,0.0217,-0.0764,-0.07,0.0065,0.0,-0.1399,-0.9898,-0.9907,0.7981,46
46,41,2402.0,Low*Medium*NoStarvation,10,Low*Medium*NoStarvation,15.29,7.43,7,7,5,0.1923,0.0743,0.35,0.0192,-0.0371,-0.07,0.0058,0.0,-0.1014,-0.9541,-0.9547,0.7981,26
46,42,2428.0,Low*Medium*NoStarvation,10,Low*Medium*NoStarvation,7.43,5.86,7,7,5,0.1923,0.0586,0.35,0.0192,-0.0293,-0.07,0.0058,0.0,-0.0935,-0.9547,-0.9545,0.7981,26
46,43,2524.0,Low*Medium*NoStarvation,45,Medium*Medium*NoStarvation,5.86,42.86,7,7,22,0.2292,0.4286,0.35,0.0229,-0.2143,-0.07,0.0069,0.0,-0.2774,-1.0939,-1.0966,0.7981,96
46,44,2550.0,Medium*Medium*NoStarvation,10,Low*Medium*NoStarvation,42.86,6.0,7,6,5,0.1923,0.06,0.3,0.0192,-0.03,-0.06,0.0058,0.0,-0.0842,-0.9373,-0.9379,0.7981,26
46,45,2616.0,Low*Medium*NoStarvation,30,Medium*Medium*NoStarvation,6.0,25.57,6,7,16,0.2424,0.2557,0.35,0.0242,-0.1279,-0.07,0.0073,0.0,-0.1906,-1.0166,-1.0185,0.7981,66
46,46,2662.0,Medium*Medium*NoStarvation,20,Medium*Low*NoStarvation,25.57,20.0,7,3,10,0.2174,0.2,0.15,0.0217,-0.1,-0.03,0.0065,0.0,-0.1235,-0.9907,-0.904,0.7981,46
46,47,2675.0,Medium*Low*NoStarvation,30,Low*Low*NoStarvation,20.0,0.0,3,0,3,0.0455,0.0,0.0,0.0045,-0.0,-0.0,0.0014,0.0,0.0014,-0.0474,-0.0888,0.7981,66
47,0,76.0,Low*Low*NoStarvation,10,Low*Medium*NoStarvation,0.83,6.71,2,7,11,0.4231,0.0671,0.35,0.0423,-0.0336,-0.07,0.0127,0.0,-0.0909,-0.5565,-0.5958,0.7941,26
47,1,172.0,Low*Medium*NoStarvation,45,Medium*Medium*NoStarvation,6.71,40.57,7,7,46,0.4792,0.4057,0.35,0.0479,-0.2029,-0.07,0.0144,0.0,-0.2585,-1.0966,-1.0941,0.7941,96
47,2,268.0,Medium*Medium*NoStarvation,45,Medium*Medium*NoStarvation,40.57,42.43,7,7,45,0.4688,0.4243,0.35,0.0469,-0.2121,-0.07,0.0141,0.0,-0.2681,-0.9886,-0.9979,0.7941,96
47,3,314.0,Medium*Medium*NoStarvation,20,Low*Medium*NoStarvation,42.43,18.43,7,7,19,0.413,0.1843,0.35,0.0413,-0.0921,-0.07,0.0124,0.0,-0.1498,-0.904,-0.9145,0.7941,46
47,4,340.0,Low*Medium*NoStarvation,10,Low*Medium*NoStarvation,18.43,6.29,7,6,8,0.3077,0.0629,0.3,0.0308,-0.0314,-0.06,0.0092,0.0,-0.0822,-0.9545,-0.9532,0.7941,26
47,5,366.0,Low*Medium*NoStarvation,10,Low*Medium*NoStarvation,6.29,7.14,6,7,10,0.3846,0.0714,0.35,0.0385,-0.0357,-0.07,0.0115,0.0,-0.0942,-0.9532,-0.9531,0.7941,26
47,6,392.0,Low*Medium*NoStarvation,10,Low*Medium*NoStarvation,7.14,9.11,7,8,9,0.3462,0.0911,0.4,0.0346,-0.0455,-0.08,0.0104,0.0,-0.1152,-0.9531,-0.9551,0.7941,26
47,7,418.0,Low*Medium*NoStarvation,10,Low*Medium*NoStarvation,9.11,6.9,8,8,8,0.3077,0.069,0.4,0.0308,-0.0345,-0.08,0.0092,0.0,-0.1053,-0.9551,-0.956,0.7941,26
47,8,444.0,Low*Medium*NoStarvation,10,Low*Medium*NoStarvation,6.9,6.93,8,8,9,0.3462,0.0693,0.4,0.0346,-0.0346,-0.08,0.0104,0.0,-0.1043,-0.956,-0.9569,0.7941,26
47,9,470.0,Low*Medium*NoStarvation,10,Low*Medium*NoStarvation,6.93,8.57,8,7,9,0.3462,0.0857,0.35,0.0346,-0.0429,-0.07,0.0104,0.0,-0.1025,-0.9569,-0.9576,0.7941,26
47,10,536.0,Low*Medium*NoStarvation,30,Medium*Medium*NoStarvation,8.57,26.0,7,7,30,0.4545,0.26,0.35,0.0455,-0.13,-0.07,0.0136,0.0,-0.1864,-1.0185,-1.0175,0.7941,66
47,11,632.0,Medium*Medium*NoStarvation,45,Medium*Medium*NoStarvation,26.0,40.43,7,7,46,0.4792,0.4043,0.35,0.0479,-0.2021,-0.07,0.0144,0.0,-0.2578,-0.9979,-1.0062,0.7941,96
47,12,698.0,Medium*Medium*NoStarvation,30,Medium*Medium*NoStarvation,40.43,25.0,7,7,28,0.4242,0.25,0.35,0.0424,-0.125,-0.07,0.0127,0.0,-0.1823,-1.02,-1.0186,0.7941,66
47,13,794.0,Medium*Medium*NoStarvation,45,Medium*Medium*NoStarvation,25.0,41.29,7,7,43,0.4479,0.4129,0.35,0.0448,-0.2064,-0.07,0.0134,0.0,-0.263,-1.0062,-1.0142,0.7941,96
47,14,890.0,Medium*Medium*NoStarvation,45,Medium*Medium*NoStarvation,41.29,41.57,7,7,40,0.4167,0.4157,0.35,0.0417,-0.2079,-0.07,0.0125,0.0,-0.2654,-1.0142,-1.0216,0.7941,96
47,15,936.0,Medium*Medium*NoStarvation,20,Low*Medium*NoStarvation,41.57,16.57,7,7,19,0.413,0.1657,0.35,0.0413,-0.0829,-0.07,0.0124,0.0,-0.1405,-0.9145,-0.9232,0.7941,46
47,16,982.0,Low*Medium*NoStarvation,20,Low*Medium*NoStarvation,16.57,17.43,7,7,19,0.413,0.1743,0.35,0.0413,-0.0871,-0.07,0.0124,0.0,-0.1448,-0.9896,-0.9913,0.7941,46
47,17,1078.0,Low*Medium*NoStarvation,45,Medium*Medium*NoStarvation,17.43,40.29,7,7,28,0.2917,0.4029,0.35,0.0292,-0.2014,-0.07,0.0087,0.0,-0.2627,-1.0941,-1.0941,0.7941,96
47,18,1144.0,Medium*Medium*NoStarvation,30,Medium*Medium*NoStarvation,40.29,27.71,7,7,15,0.2273,0.2771,0.35,0.0227,-0.1386,-0.07,0.0068,0.0,-0.2018,-1.0186,-1.02,0.7941,66
47,19,1210.0,Medium*Medium*NoStarvation,30,Medium*Medium*NoStarvation,27.71,26.14,7,7,15,0.2273,0.2614,0.35,0.0227,-0.1307,-0.07,0.0068,0.0,-0.1939,-1.02,-1.0205,0.7941,66
47,20,1256.0,Medium*Medium*NoStarvation,20,Low*Medium*NoStarvation,26.14,17.14,7,7,10,0.2174,0.1714,0.35,0.0217,-0.0857,-0.07,0.0065,0.0,-0.1492,-0.9232,-0.932,0.7941,46
47,21,1302.0,Low*Medium*NoStarvation,20,Low*Medium*NoStarvation,17.14,16.14,7,7,10,0.2174,0.1614,0.35,0.0217,-0.0807,-0.07,0.0065,0.0,-0.1442,-0.9913,-0.9927,0.7941,46
47,22,1348.0,Low*Medium*NoStarvation,20,Low*Medium*NoStarvation,16.14,16.0,7,7,10,0.2174,0.16,0.35,0.0217,-0.08,-0.07,0.0065,0.0,-0.1435,-0.9927,-0.994,0.7941,46
47,23,1414.0,Low*Medium*NoStarvation,30,Medium*Medium*NoStarvation,16.0,25.14,7,7,16,0.2424,0.2514,0.35,0.0242,-0.1257,-0.07,0.0073,0.0,-0.1884,-1.0175,-1.0185,0.7941,66
47,24,1510.0,Medium*Medium*NoStarvation,45,Medium*Medium*NoStarvation,25.14,41.0,7,7,22,0.2292,0.41,0.35,0.0229,-0.205,-0.07,0.0069,0.0,-0.2681,-1.0216,-1.0301,0.7941,96
47,25,1606.0,Medium*Medium*NoStarvation,45,Medium*Medium*NoStarvation,41.0,39.71,7,7,23,0.2396,0.3971,0.35,0.024,-0.1986,-0.07,0.0072,0.0,-0.2614,-1.0301,-1.0372,0.7941,96
47,26,1652.0,Medium*Medium*NoStarvation,20,Low*Medium*NoStarvation,39.71,16.43,7,7,10,0.2174,0.1643,0.35,0.0217,-0.0821,-0.07,0.0065,0.0,-0.1456,-0.932,-0.9396,0.7941,46
47,27,1748.0,Low*Medium*NoStarvation,45,Medium*Medium*NoStarvation,16.43,40.0,7,7,22,0.2292,0.4,0.35,0.0229,-0.2,-0.07,0.0069,0.0,-0.2631,-1.0941,-1.0954,0.7941,96
47,28,1844.0,Medium*Medium*NoStarvation,45,Medium*Medium*NoStarvation,40.0,40.29,7,7,23,0.2396,0.4029,0.35,0.024,-0.2014,-0.07,0.0072,0.0,-0.2642,-1.0372,-1.0443,0.7941,96
47,29,1890.0,Medium*Medium*NoStarvation,20,Low*Medium*NoStarvation,40.29,17.86,7,7,10,0.2174,0.1786,0.35,0.0217,-0.0893,-0.07,0.0065,0.0,-0.1528,-0.9396,-0.9471,0.7941,46
47,30,1986.0,Low*Medium*NoStarvation,45,Medium*Medium*NoStarvation,17.86,39.86,7,7,23,0.2396,0.3986,0.35,0.024,-0.1993,-0.07,0.0072,0.0,-0.2621,-1.0954,-1.0965,0.7941,96
47,31,2012.0,Medium*Medium*NoStarvation,10,Low*Medium*NoStarvation,39.86,8.29,7,7,4,0.1538,0.0829,0.35,0.0154,-0.0414,-0.07,0.0046,0.0,-0.1068,-0.9379,-0.941,0.7941,26
47,32,2038.0,Low*Medium*NoStarvation,10,Low*Medium*NoStarvation,8.29,5.57,7,6,5,0.1923,0.0557,0.3,0.0192,-0.0279,-0.06,0.0058,0.0,-0.0821,-0.9576,-0.9562,0.7941,26
47,33,2064.0,Low*Medium*NoStarvation,10,Low*Medium*NoStarvation,5.57,8.14,6,7,4,0.1538,0.0814,0.35,0.0154,-0.0407,-0.07,0.0046,0.0,-0.1061,-0.9562,-0.9573,0.7941,26
47,34,2130.0,Low*Medium*NoStarvation,30,Medium*Medium*NoStarvation,8.14,26.57,7,7,15,0.2273,0.2657,0.35,0.0227,-0.1329,-0.07,0.0068,0.0,-0.196,-1.0185,-1.021,0.7941,66
47,35,2176.0,Medium*Medium*NoStarvation,20,Low*Medium*NoStarvation,26.57,16.86,7,7,10,0.2174,0.1686,0.35,0.0217,-0.0843,-0.07,0.0065,0.0,-0.1478,-0.9471,-0.9533,0.7941,46
47,36,2202.0,Low*Medium*NoStarvation,10,Low*Medium*NoStarvation,16.86,7.71,7,7,4,0.1538,0.0771,0.35,0.0154,-0.0386,-0.07,0.0046,0.0,-0.104,-0.9573,-0.9581,0.7941,26
47,37,2228.0,Low*Medium*NoStarvation,10,Low*Medium*NoStarvation,7.71,7.86,7,7,4,0.1538,0.0786,0.35,0.0154,-0.0393,-0.07,0.0046,0.0,-0.1047,-0.9581,-0.959,0.7941,26
47,38,2254.0,Low*Medium*NoStarvation,10,Low*Medium*NoStarvation,7.86,7.71,7,7,5,0.1923,0.0771,0.35,0.0192,-0.0386,-0.07,0.0058,0.0,-0.1028,-0.959,-0.9597,0.7941,26
47,39,2300.0,Low*Medium*NoStarvation,20,Low*Medium*NoStarvation,7.71,16.14,7,7,10,0.2174,0.1614,0.35,0.0217,-0.0807,-0.07,0.0065,0.0,-0.1442,-0.994,-0.9954,0.7941,46
47,40,2326.0,Low*Medium*NoStarvation,10,Low*Medium*NoStarvation,16.14,6.71,7,7,5,0.1923,0.0671,0.35,0.0192,-0.0336,-0.07,0.0058,0.0,-0.0978,-0.9597,-0.9598,0.7941,26
47,41,2352.0,Low*Medium*NoStarvation,10,Low*Medium*NoStarvation,6.71,7.71,7,7,5,0.1923,0.0771,0.35,0.0192,-0.0386,-0.07,0.0058,0.0,-0.1028,-0.9598,-0.9605,0.7941,26
47,42,2378.0,Low*Medium*NoStarvation,10,Low*Medium*NoStarvation,7.71,6.43,7,7,4,0.1538,0.0643,0.35,0.0154,-0.0321,-0.07,0.0046,0.0,-0.0975,-0.9605,-0.9607,0.7941,26
47,43,2404.0,Low*Medium*NoStarvation,10,Low*Medium*NoStarvation,6.43,6.71,7,7,5,0.1923,0.0671,0.35,0.0192,-0.0336,-0.07,0.0058,0.0,-0.0978,-0.9607,-0.9609,0.7941,26
47,44,2430.0,Low*Medium*NoStarvation,10,Low*Medium*NoStarvation,6.71,6.0,7,7,5,0.1923,0.06,0.35,0.0192,-0.03,-0.07,0.0058,0.0,-0.0942,-0.9609,-0.9607,0.7941,26
47,45,2456.0,Low*Medium*NoStarvation,10,Low*Medium*NoStarvation,6.0,7.0,7,7,5,0.1923,0.07,0.35,0.0192,-0.035,-0.07,0.0058,0.0,-0.0992,-0.9607,-0.961,0.7941,26
47,46,2502.0,Low*Medium*NoStarvation,20,Low*Medium*NoStarvation,7.0,16.0,7,7,10,0.2174,0.16,0.35,0.0217,-0.08,-0.07,0.0065,0.0,-0.1435,-0.9954,-0.9967,0.7941,46
47,47,2528.0,Low*Medium*NoStarvation,10,Low*Medium*NoStarvation,16.0,6.57,7,7,5,0.1923,0.0657,0.35,0.0192,-0.0329,-0.07,0.0058,0.0,-0.0971,-0.961,-0.9611,0.7941,26
47,48,2554.0,Low*Medium*NoStarvation,10,Low*Medium*NoStarvation,6.57,5.43,7,6,5,0.1923,0.0543,0.3,0.0192,-0.0271,-0.06,0.0058,0.0,-0.0814,-0.9611,-0.9596,0.7941,26
47,49,2580.0,Low*Medium*NoStarvation,10,Low*Medium*NoStarvation,5.43,6.43,6,7,5,0.1923,0.0643,0.35,0.0192,-0.0321,-0.07,0.0058,0.0,-0.0964,-0.9596,-0.9596,0.7941,26
47,50,2676.0,Low*Medium*NoStarvation,45,Medium*Medium*NoStarvation,6.43,42.57,7,7,22,0.2292,0.4257,0.35,0.0229,-0.2129,-0.07,0.0069,0.0,-0.276,-1.0965,-1.0991,0.7941,96
47,51,2698.0,Medium*Medium*NoStarvation,45,Low*Low*NoStarvation,42.57,0.0,7,0,8,0.0833,0.0,0.0,0.0083,-0.0,-0.0,0.0025,0.0,0.0025,-1.0443,-0.9859,0.7941,96
48,0,96.0,Low*Low*NoStarvation,20,Low*Medium*NoStarvation,0.83,16.14,2,7,21,0.4565,0.1614,0.35,0.0457,-0.0807,-0.07,0.0137,0.0,-0.137,-0.5145,-0.5632,0.7901,46
48,1,122.0,Low*Medium*NoStarvation,10,Low*Medium*NoStarvation,16.14,6.14,7,7,9,0.3462,0.0614,0.35,0.0346,-0.0307,-0.07,0.0104,0.0,-0.0903,-0.9596,-0.9591,0.7901,26
48,2,148.0,Low*Medium*NoStarvation,10,Low*Medium*NoStarvation,6.14,6.86,7,7,10,0.3846,0.0686,0.35,0.0385,-0.0343,-0.07,0.0115,0.0,-0.0927,-0.9591,-0.9588,0.7901,26
48,3,214.0,Low*Medium*NoStarvation,30,Medium*Medium*NoStarvation,6.86,25.14,7,7,31,0.4697,0.2514,0.35,0.047,-0.1257,-0.07,0.0141,0.0,-0.1816,-1.021,-1.0217,0.7901,66
48,4,240.0,Medium*Medium*NoStarvation,10,Low*Medium*NoStarvation,25.14,6.86,7,7,10,0.3846,0.0686,0.35,0.0385,-0.0343,-0.07,0.0115,0.0,-0.0927,-0.941,-0.9425,0.7901,26
48,5,286.0,Low*Medium*NoStarvation,20,Low*Medium*NoStarvation,6.86,16.14,7,7,20,0.4348,0.1614,0.35,0.0435,-0.0807,-0.07,0.013,0.0,-0.1377,-0.9967,-0.9971,0.7901,46
48,6,382.0,Low*Medium*NoStarvation,45,Medium*Medium*NoStarvation,16.14,40.86,7,7,46,0.4792,0.4086,0.35,0.0479,-0.2043,-0.07,0.0144,0.0,-0.2599,-1.0991,-1.1,0.7901,96
48,7,428.0,Medium*Medium*NoStarvation,20,Low*Medium*NoStarvation,40.86,16.29,7,7,20,0.4348,0.1629,0.35,0.0435,-0.0814,-0.07,0.013,0.0,-0.1384,-0.9533,-0.9581,0.7901,46
48,8,474.0,Low*Medium*NoStarvation,20,Low*Medium*NoStarvation,16.29,15.57,7,7,20,0.4348,0.1557,0.35,0.0435,-0.0779,-0.07,0.013,0.0,-0.1348,-0.9971,-0.9971,0.7901,46
48,9,500.0,Low*Medium*NoStarvation,10,Low*Medium*NoStarvation,15.57,8.57,7,7,7,0.2692,0.0857,0.35,0.0269,-0.0429,-0.07,0.0081,0.0,-0.1048,-0.9588,-0.9597,0.7901,26
48,10,526.0,Low*Medium*NoStarvation,10,Low*Medium*NoStarvation,8.57,8.57,7,7,9,0.3462,0.0857,0.35,0.0346,-0.0429,-0.07,0.0104,0.0,-0.1025,-0.9597,-0.9603,0.7901,26
48,11,572.0,Low*Medium*NoStarvation,20,Low*Medium*NoStarvation,8.57,18.29,7,7,19,0.413,0.1829,0.35,0.0413,-0.0914,-0.07,0.0124,0.0,-0.149,-0.9971,-0.9988,0.7901,46
48,12,598.0,Low*Medium*NoStarvation,10,Low*Medium*NoStarvation,18.29,8.86,7,7,9,0.3462,0.0886,0.35,0.0346,-0.0443,-0.07,0.0104,0.0,-0.1039,-0.9603,-0.9611,0.7901,26
48,13,624.0,Low*Medium*NoStarvation,10,Low*Medium*NoStarvation,8.86,7.14,7,7,10,0.3846,0.0714,0.35,0.0385,-0.0357,-0.07,0.0115,0.0,-0.0942,-0.9611,-0.9609,0.7901,26
48,14,690.0,Low*Medium*NoStarvation,30,Medium*Medium*NoStarvation,7.14,26.29,7,7,30,0.4545,0.2629,0.35,0.0455,-0.1314,-0.07,0.0136,0.0,-0.1878,-1.0217,-1.0231,0.7901,66
48,15,716.0,Medium*Medium*NoStarvation,10,Low*Medium*NoStarvation,26.29,8.0,7,7,8,0.3077,0.08,0.35,0.0308,-0.04,-0.07,0.0092,0.0,-0.1008,-0.9425,-0.9448,0.7901,26
48,16,742.0,Low*Medium*NoStarvation,10,Low*Medium*NoStarvation,8.0,8.29,7,7,9,0.3462,0.0829,0.35,0.0346,-0.0414,-0.07,0.0104,0.0,-0.101,-0.9609,-0.9614,0.7901,26
48,17,838.0,Low*Medium*NoStarvation,45,Medium*Medium*NoStarvation,8.29,39.71,7,7,45,0.4688,0.3971,0.35,0.0469,-0.1986,-0.07,0.0141,0.0,-0.2545,-1.1,-1.1005,0.7901,96
48,18,934.0,Medium*Medium*NoStarvation,45,Medium*Medium*NoStarvation,39.71,41.14,7,7,41,0.4271,0.4114,0.35,0.0427,-0.2057,-0.07,0.0128,0.0,-0.2629,-0.9859,-0.9986,0.7901,96
48,19,980.0,Medium*Medium*NoStarvation,20,Low*Medium*NoStarvation,41.14,18.57,7,7,18,0.3913,0.1857,0.35,0.0391,-0.0929,-0.07,0.0117,0.0,-0.1511,-0.9581,-0.9639,0.7901,46
48,20,1026.0,Low*Medium*NoStarvation,20,Low*Medium*NoStarvation,18.57,14.29,7,7,15,0.3261,0.1429,0.35,0.0326,-0.0714,-0.07,0.0098,0.0,-0.1316,-0.9988,-0.9986,0.7901,46
48,21,1052.0,Low*Medium*NoStarvation,10,Low*Medium*NoStarvation,14.29,8.86,7,7,4,0.1538,0.0886,0.35,0.0154,-0.0443,-0.07,0.0046,0.0,-0.1097,-0.9614,-0.9628,0.7901,26
48,22,1078.0,Low*Medium*NoStarvation,10,Low*Medium*NoStarvation,8.86,7.29,7,7,5,0.1923,0.0729,0.35,0.0192,-0.0364,-0.07,0.0058,0.0,-0.1007,-0.9628,-0.9632,0.7901,26
48,23,1104.0,Low*Medium*NoStarvation,10,Low*Medium*NoStarvation,7.29,6.0,7,7,5,0.1923,0.06,0.35,0.0192,-0.03,-0.07,0.0058,0.0,-0.0942,-0.9632,-0.963,0.7901,26
48,24,1150.0,Low*Medium*NoStarvation,20,Low*Medium*NoStarvation,6.0,16.29,7,7,10,0.2174,0.1629,0.35,0.0217,-0.0814,-0.07,0.0065,0.0,-0.1449,-0.9986,-0.9999,0.7901,46
48,25,1176.0,Low*Medium*NoStarvation,10,Low*Medium*NoStarvation,16.29,7.0,7,7,5,0.1923,0.07,0.35,0.0192,-0.035,-0.07,0.0058,0.0,-0.0992,-0.963,-0.9633,0.7901,26
48,26,1202.0,Low*Medium*NoStarvation,10,Low*Medium*NoStarvation,7.0,5.57,7,7,5,0.1923,0.0557,0.35,0.0192,-0.0279,-0.07,0.0058,0.0,-0.0921,-0.9633,-0.9629,0.7901,26
48,27,1228.0,Low*Medium*NoStarvation,10,Low*Medium*NoStarvation,5.57,5.71,7,6,5,0.1923,0.0571,0.3,0.0192,-0.0286,-0.06,0.0058,0.0,-0.0828,-0.9629,-0.9615,0.7901,26
48,28,1274.0,Low*Medium*NoStarvation,20,Low*Medium*NoStarvation,5.71,16.57,6,7,10,0.2174,0.1657,0.35,0.0217,-0.0829,-0.07,0.0065,0.0,-0.1463,-0.9999,-1.0011,0.7901,46
48,29,1370.0,Low*Medium*NoStarvation,45,Medium*Medium*NoStarvation,16.57,39.43,7,7,23,0.2396,0.3943,0.35,0.024,-0.1971,-0.07,0.0072,0.0,-0.26,-1.1005,-1.1015,0.7901,96
48,30,1396.0,Medium*Medium*NoStarvation,10,Low*Medium*NoStarvation,39.43,5.43,7,7,5,0.1923,0.0543,0.35,0.0192,-0.0271,-0.07,0.0058,0.0,-0.0914,-0.9448,-0.946,0.7901,26
48,31,1422.0,Low*Medium*NoStarvation,10,Low*Medium*NoStarvation,5.43,8.86,7,7,4,0.1538,0.0886,0.35,0.0154,-0.0443,-0.07,0.0046,0.0,-0.1097,-0.9615,-0.9629,0.7901,26
48,32,1488.0,Low*Medium*NoStarvation,30,Medium*Medium*NoStarvation,8.86,26.0,7,7,15,0.2273,0.26,0.35,0.0227,-0.13,-0.07,0.0068,0.0,-0.1932,-1.0231,-1.0253,0.7901,66
48,33,1554.0,Medium*Medium*NoStarvation,30,Medium*Medium*NoStarvation,26.0,26.86,7,7,15,0.2273,0.2686,0.35,0.0227,-0.1343,-0.07,0.0068,0.0,-0.1975,-1.0205,-1.0233,0.7901,66
48,34,1650.0,Medium*Medium*NoStarvation,45,Medium*Medium*NoStarvation,26.86,40.86,7,7,22,0.2292,0.4086,0.35,0.0229,-0.2043,-0.07,0.0069,0.0,-0.2674,-0.9986,-1.0107,0.7901,96
48,35,1696.0,Medium*Medium*NoStarvation,20,Low*Medium*NoStarvation,40.86,16.57,7,7,10,0.2174,0.1657,0.35,0.0217,-0.0829,-0.07,0.0065,0.0,-0.1463,-0.9639,-0.9688,0.7901,46
48,36,1762.0,Low*Medium*NoStarvation,30,Medium*Medium*NoStarvation,16.57,29.29,7,7,14,0.2121,0.2929,0.35,0.0212,-0.1464,-0.07,0.0064,0.0,-0.2101,-1.0253,-1.0289,0.7901,66
48,37,1828.0,Medium*Medium*NoStarvation,30,Medium*Medium*NoStarvation,29.29,26.43,7,7,15,0.2273,0.2643,0.35,0.0227,-0.1321,-0.07,0.0068,0.0,-0.1953,-1.0233,-1.0256,0.7901,66
48,38,1894.0,Medium*Medium*NoStarvation,30,Medium*Medium*NoStarvation,26.43,25.86,7,7,15,0.2273,0.2586,0.35,0.0227,-0.1293,-0.07,0.0068,0.0,-0.1925,-1.0256,-1.0275,0.7901,66
48,39,1960.0,Medium*Medium*NoStarvation,30,Medium*Medium*NoStarvation,25.86,26.14,7,7,15,0.2273,0.2614,0.35,0.0227,-0.1307,-0.07,0.0068,0.0,-0.1939,-1.0275,-1.0292,0.7901,66
48,40,1986.0,Medium*Medium*NoStarvation,10,Low*Medium*NoStarvation,26.14,5.86,7,7,5,0.1923,0.0586,0.35,0.0192,-0.0293,-0.07,0.0058,0.0,-0.0935,-0.946,-0.9474,0.7901,26
48,41,2052.0,Low*Medium*NoStarvation,30,Medium*Medium*NoStarvation,5.86,26.14,7,7,15,0.2273,0.2614,0.35,0.0227,-0.1307,-0.07,0.0068,0.0,-0.1939,-1.0289,-1.0307,0.7901,66
48,42,2148.0,Medium*Medium*NoStarvation,45,Medium*Medium*NoStarvation,26.14,42.14,7,7,22,0.2292,0.4214,0.35,0.0229,-0.2107,-0.07,0.0069,0.0,-0.2738,-1.0107,-1.0222,0.7901,96
48,43,2214.0,Medium*Medium*NoStarvation,30,Medium*Medium*NoStarvation,42.14,27.0,7,7,15,0.2273,0.27,0.35,0.0227,-0.135,-0.07,0.0068,0.0,-0.1982,-1.0292,-1.0314,0.7901,66
48,44,2240.0,Medium*Medium*NoStarvation,10,Low*Medium*NoStarvation,27.0,5.43,7,6,5,0.1923,0.0543,0.3,0.0192,-0.0271,-0.06,0.0058,0.0,-0.0814,-0.9474,-0.9474,0.7901,26
48,45,2266.0,Low*Medium*NoStarvation,10,Low*Medium*NoStarvation,5.43,6.43,6,7,5,0.1923,0.0643,0.35,0.0192,-0.0321,-0.07,0.0058,0.0,-0.0964,-0.9629,-0.9629,0.7901,26
48,46,2292.0,Low*Medium*NoStarvation,10,Low*Medium*NoStarvation,6.43,7.57,7,7,4,0.1538,0.0757,0.35,0.0154,-0.0379,-0.07,0.0046,0.0,-0.1032,-0.9629,-0.9636,0.7901,26
48,47,2338.0,Low*Medium*NoStarvation,20,Low*Medium*NoStarvation,7.57,16.71,7,7,10,0.2174,0.1671,0.35,0.0217,-0.0836,-0.07,0.0065,0.0,-0.147,-1.0011,-1.0024,0.7901,46
48,48,2384.0,Low*Medium*NoStarvation,20,Low*Medium*NoStarvation,16.71,17.71,7,7,10,0.2174,0.1771,0.35,0.0217,-0.0886,-0.07,0.0065,0.0,-0.152,-1.0024,-1.0041,0.7901,46
48,49,2450.0,Low*Medium*NoStarvation,30,Medium*Medium*NoStarvation,17.71,26.0,7,7,15,0.2273,0.26,0.35,0.0227,-0.13,-0.07,0.0068,0.0,-0.1932,-1.0307,-1.0322,0.7901,66
48,50,2476.0,Medium*Medium*NoStarvation,10,Low*Medium*NoStarvation,26.0,8.29,7,7,4,0.1538,0.0829,0.35,0.0154,-0.0414,-0.07,0.0046,0.0,-0.1068,-0.9474,-0.9501,0.7901,26
48,51,2502.0,Low*Medium*NoStarvation,10,Low*Medium*NoStarvation,8.29,8.43,7,7,4,0.1538,0.0843,0.35,0.0154,-0.0421,-0.07,0.0046,0.0,-0.1075,-0.9636,-0.9647,0.7901,26
48,52,2568.0,Low*Medium*NoStarvation,30,Medium*Medium*NoStarvation,8.43,24.71,7,7,15,0.2273,0.2471,0.35,0.0227,-0.1236,-0.07,0.0068,0.0,-0.1868,-1.0322,-1.0332,0.7901,66
48,53,2634.0,Medium*Medium*NoStarvation,30,Medium*Medium*NoStarvation,24.71,27.14,7,7,15,0.2273,0.2714,0.35,0.0227,-0.1357,-0.07,0.0068,0.0,-0.1989,-1.0314,-1.0337,0.7901,66
48,54,2730.0,Medium*Medium*NoStarvation,45,Medium*Medium*NoStarvation,27.14,42.2,7,5,23,0.2396,0.422,0.25,0.024,-0.211,-0.05,0.0072,0.0,-0.2538,-1.0222,-1.0309,0.7901,96
48,55,2747.0,Medium*Medium*NoStarvation,20,Low*Low*NoStarvation,42.2,0.0,5,0,5,0.1087,0.0,0.0,0.0109,-0.0,-0.0,0.0033,0.0,0.0033,-0.9688,-0.9223,0.7901,46
49,0,76.0,Low*Low*NoStarvation,10,Low*Medium*NoStarvation,0.83,6.71,2,7,11,0.4231,0.0671,0.35,0.0423,-0.0336,-0.07,0.0127,0.0,-0.0909,-0.5958,-0.6321,0.7862,26
49,1,102.0,Low*Medium*NoStarvation,10,Low*Medium*NoStarvation,6.71,8.43,7,7,8,0.3077,0.0843,0.35,0.0308,-0.0421,-0.07,0.0092,0.0,-0.1029,-0.9647,-0.9653,0.7862,26
49,2,168.0,Low*Medium*NoStarvation,30,Medium*Medium*NoStarvation,8.43,25.86,7,7,30,0.4545,0.2586,0.35,0.0455,-0.1293,-0.07,0.0136,0.0,-0.1856,-1.0332,-1.0314,0.7862,66
49,3,194.0,Medium*Medium*NoStarvation,10,Low*Medium*NoStarvation,25.86,7.71,7,7,9,0.3462,0.0771,0.35,0.0346,-0.0386,-0.07,0.0104,0.0,-0.0982,-0.9501,-0.9518,0.7862,26
49,4,220.0,Low*Medium*NoStarvation,10,Low*Medium*NoStarvation,7.71,7.0,7,7,9,0.3462,0.07,0.35,0.0346,-0.035,-0.07,0.0104,0.0,-0.0946,-0.9653,-0.9651,0.7862,26
49,5,246.0,Low*Medium*NoStarvation,10,Low*Medium*NoStarvation,7.0,6.0,7,7,10,0.3846,0.06,0.35,0.0385,-0.03,-0.07,0.0115,0.0,-0.0885,-0.9651,-0.9643,0.7862,26
49,6,342.0,Low*Medium*NoStarvation,45,Medium*Medium*NoStarvation,6.0,41.71,7,7,43,0.4479,0.4171,0.35,0.0448,-0.2086,-0.07,0.0134,0.0,-0.2651,-1.1015,-1.1009,0.7862,96
49,7,408.0,Medium*Medium*NoStarvation,30,Medium*Medium*NoStarvation,41.71,25.43,7,7,31,0.4697,0.2543,0.35,0.047,-0.1271,-0.07,0.0141,0.0,-0.1831,-1.0337,-1.0316,0.7862,66
49,8,454.0,Medium*Medium*NoStarvation,20,Low*Medium*NoStarvation,25.43,15.43,7,7,21,0.4565,0.1543,0.35,0.0457,-0.0771,-0.07,0.0137,0.0,-0.1334,-0.9223,-0.9302,0.7862,46
49,9,480.0,Low*Medium*NoStarvation,10,Low*Medium*NoStarvation,15.43,5.57,7,7,10,0.3846,0.0557,0.35,0.0385,-0.0279,-0.07,0.0115,0.0,-0.0863,-0.9643,-0.9633,0.7862,26
49,10,506.0,Low*Medium*NoStarvation,10,Low*Medium*NoStarvation,5.57,5.43,7,7,10,0.3846,0.0543,0.35,0.0385,-0.0271,-0.07,0.0115,0.0,-0.0856,-0.9633,-0.9622,0.7862,26
49,11,602.0,Low*Medium*NoStarvation,45,Medium*Medium*NoStarvation,5.43,40.57,7,7,46,0.4792,0.4057,0.35,0.0479,-0.2029,-0.07,0.0144,0.0,-0.2585,-1.1009,-1.1003,0.7862,96
49,12,648.0,Medium*Medium*NoStarvation,20,Low*Medium*NoStarvation,40.57,16.86,7,7,20,0.4348,0.1686,0.35,0.0435,-0.0843,-0.07,0.013,0.0,-0.1412,-0.9302,-0.9379,0.7862,46
49,13,744.0,Low*Medium*NoStarvation,45,Medium*Medium*NoStarvation,16.86,41.43,7,7,42,0.4375,0.4143,0.35,0.0437,-0.2071,-0.07,0.0131,0.0,-0.264,-1.1003,-1.1011,0.7862,96
49,14,790.0,Medium*Medium*NoStarvation,20,Low*Medium*NoStarvation,41.43,16.71,7,7,19,0.413,0.1671,0.35,0.0413,-0.0836,-0.07,0.0124,0.0,-0.1412,-0.9379,-0.9448,0.7862,46
49,15,816.0,Low*Medium*NoStarvation,10,Low*Medium*NoStarvation,16.71,8.0,7,7,8,0.3077,0.08,0.35,0.0308,-0.04,-0.07,0.0092,0.0,-0.1008,-0.9622,-0.9627,0.7862,26
49,16,862.0,Low*Medium*NoStarvation,20,Low*Medium*NoStarvation,8.0,15.29,7,7,20,0.4348,0.1529,0.35,0.0435,-0.0764,-0.07,0.013,0.0,-0.1334,-1.0041,-1.0036,0.7862,46
49,17,958.0,Low*Medium*NoStarvation,45,Medium*Medium*NoStarvation,15.29,42.0,7,7,42,0.4375,0.42,0.35,0.0437,-0.21,-0.07,0.0131,0.0,-0.2669,-1.1011,-1.1027,0.7862,96
49,18,1024.0,Medium*Medium*NoStarvation,30,Medium*Medium*NoStarvation,42.0,27.0,7,7,24,0.3636,0.27,0.35,0.0364,-0.135,-0.07,0.0109,0.0,-0.1941,-1.0316,-1.0329,0.7862,66
49,19,1120.0,Medium*Medium*NoStarvation,45,Medium*Medium*NoStarvation,27.0,40.29,7,7,23,0.2396,0.4029,0.35,0.024,-0.2014,-0.07,0.0072,0.0,-0.2642,-1.0309,-1.0393,0.7862,96
49,20,1216.0,Medium*Medium*NoStarvation,45,Medium*Medium*NoStarvation,40.29,39.71,7,7,23,0.2396,0.3971,0.35,0.024,-0.1986,-0.07,0.0072,0.0,-0.2614,-1.0393,-1.0465,0.7862,96
49,21,1282.0,Medium*Medium*NoStarvation,30,Medium*Medium*NoStarvation,39.71,26.43,7,7,15,0.2273,0.2643,0.35,0.0227,-0.1321,-0.07,0.0068,0.0,-0.1953,-1.0329,-1.0342,0.7862,66
49,22,1308.0,Medium*Medium*NoStarvation,10,Low*Medium*NoStarvation,26.43,5.86,7,6,5,0.1923,0.0586,0.3,0.0192,-0.0293,-0.06,0.0058,0.0,-0.0835,-0.9518,-0.9516,0.7862,26
49,23,1374.0,Low*Medium*NoStarvation,30,Medium*Medium*NoStarvation,5.86,26.0,6,7,15,0.2273,0.26,0.35,0.0227,-0.13,-0.07,0.0068,0.0,-0.1932,-1.0314,-1.0326,0.7862,66
49,24,1470.0,Medium*Medium*NoStarvation,45,Medium*Medium*NoStarvation,26.0,39.71,7,7,23,0.2396,0.3971,0.35,0.024,-0.1986,-0.07,0.0072,0.0,-0.2614,-1.0465,-1.053,0.7862,96
49,25,1536.0,Medium*Medium*NoStarvation,30,Medium*Medium*NoStarvation,39.71,27.14,7,7,15,0.2273,0.2714,0.35,0.0227,-0.1357,-0.07,0.0068,0.0,-0.1989,-1.0342,-1.0357,0.7862,66
49,26,1632.0,Medium*Medium*NoStarvation,45,Medium*Medium*NoStarvation,27.14,41.57,7,7,22,0.2292,0.4157,0.35,0.0229,-0.2079,-0.07,0.0069,0.0,-0.271,-1.053,-1.0599,0.7862,96
49,27,1658.0,Medium*Medium*NoStarvation,10,Low*Medium*NoStarvation,41.57,8.14,7,7,4,0.1538,0.0814,0.35,0.0154,-0.0407,-0.07,0.0046,0.0,-0.1061,-0.9516,-0.9537,0.7862,26
49,28,1684.0,Low*Medium*NoStarvation,10,Low*Medium*NoStarvation,8.14,5.57,7,7,5,0.1923,0.0557,0.35,0.0192,-0.0279,-0.07,0.0058,0.0,-0.0921,-0.9627,-0.9623,0.7862,26
49,29,1730.0,Low*Medium*NoStarvation,20,Low*Medium*NoStarvation,5.57,16.57,7,7,10,0.2174,0.1657,0.35,0.0217,-0.0829,-0.07,0.0065,0.0,-0.1463,-1.0036,-1.0045,0.7862,46
49,30,1776.0,Low*Medium*NoStarvation,20,Low*Medium*NoStarvation,16.57,15.86,7,7,10,0.2174,0.1586,0.35,0.0217,-0.0793,-0.07,0.0065,0.0,-0.1428,-1.0045,-1.0049,0.7862,46
49,31,1872.0,Low*Medium*NoStarvation,45,Medium*Medium*NoStarvation,15.86,42.14,7,7,22,0.2292,0.4214,0.35,0.0229,-0.2107,-0.07,0.0069,0.0,-0.2738,-1.1027,-1.1049,0.7862,96
49,32,1918.0,Medium*Medium*NoStarvation,20,Low*Medium*NoStarvation,42.14,16.43,7,7,10,0.2174,0.1643,0.35,0.0217,-0.0821,-0.07,0.0065,0.0,-0.1456,-0.9448,-0.9515,0.7862,46
49,33,1944.0,Low*Medium*NoStarvation,10,Low*Medium*NoStarvation,16.43,7.14,7,7,5,0.1923,0.0714,0.35,0.0192,-0.0357,-0.07,0.0058,0.0,-0.0999,-0.9623,-0.9626,0.7862,26
49,34,2040.0,Low*Medium*NoStarvation,45,Medium*Medium*NoStarvation,7.14,39.43,7,7,23,0.2396,0.3943,0.35,0.024,-0.1971,-0.07,0.0072,0.0,-0.26,-1.1049,-1.106,0.7862,96
49,35,2066.0,Medium*Medium*NoStarvation,10,Low*Medium*NoStarvation,39.43,6.14,7,7,5,0.1923,0.0614,0.35,0.0192,-0.0307,-0.07,0.0058,0.0,-0.0949,-0.9537,-0.9545,0.7862,26
49,36,2092.0,Low*Medium*NoStarvation,10,Low*Medium*NoStarvation,6.14,6.86,7,7,5,0.1923,0.0686,0.35,0.0192,-0.0343,-0.07,0.0058,0.0,-0.0985,-0.9626,-0.9629,0.7862,26
49,37,2158.0,Low*Medium*NoStarvation,30,Medium*Medium*NoStarvation,6.86,26.14,7,7,15,0.2273,0.2614,0.35,0.0227,-0.1307,-0.07,0.0068,0.0,-0.1939,-1.0326,-1.0344,0.7862,66
49,38,2254.0,Medium*Medium*NoStarvation,45,Medium*Medium*NoStarvation,26.14,40.14,7,7,22,0.2292,0.4014,0.35,0.0229,-0.2007,-0.07,0.0069,0.0,-0.2638,-1.0599,-1.0659,0.7862,96
49,39,2350.0,Medium*Medium*NoStarvation,45,Medium*Medium*NoStarvation,40.14,40.71,7,7,23,0.2396,0.4071,0.35,0.024,-0.2036,-0.07,0.0072,0.0,-0.2664,-1.0659,-1.0716,0.7862,96
49,40,2396.0,Medium*Medium*NoStarvation,20,Low*Medium*NoStarvation,40.71,14.29,7,7,10,0.2174,0.1429,0.35,0.0217,-0.0714,-0.07,0.0065,0.0,-0.1349,-0.9515,-0.9565,0.7862,46
49,41,2442.0,Low*Medium*NoStarvation,20,Low*Medium*NoStarvation,14.29,16.0,7,7,10,0.2174,0.16,0.35,0.0217,-0.08,-0.07,0.0065,0.0,-0.1435,-1.0049,-1.0055,0.7862,46
49,42,2508.0,Low*Medium*NoStarvation,30,Medium*Medium*NoStarvation,16.0,27.0,7,7,15,0.2273,0.27,0.35,0.0227,-0.135,-0.07,0.0068,0.0,-0.1982,-1.0344,-1.0367,0.7862,66
49,43,2534.0,Medium*Medium*NoStarvation,10,Low*Medium*NoStarvation,27.0,6.0,7,6,5,0.1923,0.06,0.3,0.0192,-0.03,-0.06,0.0058,0.0,-0.0842,-0.9545,-0.9541,0.7862,26
49,44,2580.0,Low*Medium*NoStarvation,20,Low*Medium*NoStarvation,6.0,16.57,6,7,10,0.2174,0.1657,0.35,0.0217,-0.0829,-0.07,0.0065,0.0,-0.1463,-1.0055,-1.0062,0.7862,46
49,45,2646.0,Low*Medium*NoStarvation,30,Medium*Low*NoStarvation,16.57,30.0,7,3,15,0.2273,0.3,0.15,0.0227,-0.15,-0.03,0.0068,0.0,-0.1732,-1.0367,-0.9503,0.7862,66
49,46,2659.0,Medium*Low*NoStarvation,45,Low*Low*NoStarvation,30.0,0.0,3,0,3,0.0312,0.0,0.0,0.0031,-0.0,-0.0,0.0009,0.0,0.0009,0.0,-0.0506,0.7862,96
50,0,116.0,Low*Low*NoStarvation,30,Medium*Medium*NoStarvation,0.83,26.71,2,7,31,0.4697,0.2671,0.35,0.047,-0.1336,-0.07,0.0141,0.0,-0.1895,-0.6065,-0.6507,0.7822,66
50,1,182.0,Medium*Medium*NoStarvation,30,Medium*Medium*NoStarvation,26.71,26.43,7,7,30,0.4545,0.2643,0.35,0.0455,-0.1321,-0.07,0.0136,0.0,-0.1885,-1.0357,-1.0368,0.7822,66
50,2,208.0,Medium*Medium*NoStarvation,10,Low*Medium*NoStarvation,26.43,6.0,7,7,9,0.3462,0.06,0.35,0.0346,-0.03,-0.07,0.0104,0.0,-0.0896,-0.9541,-0.9532,0.7822,26
50,3,274.0,Low*Medium*NoStarvation,30,Medium*Medium*NoStarvation,6.0,27.29,7,7,29,0.4394,0.2729,0.35,0.0439,-0.1364,-0.07,0.0132,0.0,-0.1932,-0.9503,-0.9604,0.7822,66
50,4,300.0,Medium*Medium*NoStarvation,10,Low*Medium*NoStarvation,27.29,6.86,7,7,9,0.3462,0.0686,0.35,0.0346,-0.0343,-0.07,0.0104,0.0,-0.0939,-0.9532,-0.9537,0.7822,26
50,5,396.0,Low*Medium*NoStarvation,45,Medium*Medium*NoStarvation,6.86,40.71,7,7,44,0.4583,0.4071,0.35,0.0458,-0.2036,-0.07,0.0137,0.0,-0.2598,-1.106,-1.1072,0.7822,96
50,6,422.0,Medium*Medium*NoStarvation,10,Low*Medium*NoStarvation,40.71,8.71,7,7,9,0.3462,0.0871,0.35,0.0346,-0.0436,-0.07,0.0104,0.0,-0.1032,-0.9537,-0.9551,0.7822,26
50,7,468.0,Low*Medium*NoStarvation,20,Low*Medium*NoStarvation,8.71,17.57,7,7,19,0.413,0.1757,0.35,0.0413,-0.0879,-0.07,0.0124,0.0,-0.1455,-1.0062,-1.0066,0.7822,46
50,8,534.0,Low*Medium*NoStarvation,30,Medium*Medium*NoStarvation,17.57,26.14,7,7,30,0.4545,0.2614,0.35,0.0455,-0.1307,-0.07,0.0136,0.0,-0.1871,-0.9604,-0.969,0.7822,66
50,9,580.0,Medium*Medium*NoStarvation,20,Low*Medium*NoStarvation,26.14,15.43,7,7,20,0.4348,0.1543,0.35,0.0435,-0.0771,-0.07,0.013,0.0,-0.1341,-0.9565,-0.9609,0.7822,46
50,10,646.0,Low*Medium*NoStarvation,30,Medium*Medium*NoStarvation,15.43,26.43,7,7,28,0.4242,0.2643,0.35,0.0424,-0.1321,-0.07,0.0127,0.0,-0.1894,-0.969,-0.977,0.7822,66
50,11,712.0,Medium*Medium*NoStarvation,30,Medium*Medium*NoStarvation,26.43,26.71,7,7,28,0.4242,0.2671,0.35,0.0424,-0.1336,-0.07,0.0127,0.0,-0.1908,-1.0368,-1.0382,0.7822,66
50,12,738.0,Medium*Medium*NoStarvation,10,Low*Medium*NoStarvation,26.71,7.0,7,7,9,0.3462,0.07,0.35,0.0346,-0.035,-0.07,0.0104,0.0,-0.0946,-0.9551,-0.9557,0.7822,26
50,13,764.0,Low*Medium*NoStarvation,10,Low*Medium*NoStarvation,7.0,6.29,7,7,10,0.3846,0.0629,0.35,0.0385,-0.0314,-0.07,0.0115,0.0,-0.0899,-0.9629,-0.9622,0.7822,26
50,14,790.0,Low*Medium*NoStarvation,10,Low*Medium*NoStarvation,6.29,7.86,7,7,9,0.3462,0.0786,0.35,0.0346,-0.0393,-0.07,0.0104,0.0,-0.0989,-0.9622,-0.9625,0.7822,26
50,15,836.0,Low*Medium*NoStarvation,20,Low*Medium*NoStarvation,7.86,15.71,7,7,20,0.4348,0.1571,0.35,0.0435,-0.0786,-0.07,0.013,0.0,-0.1355,-1.0066,-1.0061,0.7822,46
50,16,932.0,Low*Medium*NoStarvation,45,Medium*Medium*NoStarvation,15.71,40.0,7,7,43,0.4479,0.4,0.35,0.0448,-0.2,-0.07,0.0134,0.0,-0.2566,-1.1072,-1.1082,0.7822,96
50,17,978.0,Medium*Medium*NoStarvation,20,Low*Medium*NoStarvation,40.0,15.86,7,7,20,0.4348,0.1586,0.35,0.0435,-0.0793,-0.07,0.013,0.0,-0.1362,-0.9609,-0.9651,0.7822,46
50,18,1074.0,Low*Medium*NoStarvation,45,Medium*Medium*NoStarvation,15.86,40.71,7,7,28,0.2917,0.4071,0.35,0.0292,-0.2036,-0.07,0.0087,0.0,-0.2648,-1.1082,-1.1098,0.7822,96
50,19,1100.0,Medium*Medium*NoStarvation,10,Low*Medium*NoStarvation,40.71,8.29,7,7,4,0.1538,0.0829,0.35,0.0154,-0.0414,-0.07,0.0046,0.0,-0.1068,-0.9557,-0.9574,0.7822,26
50,20,1166.0,Low*Medium*NoStarvation,30,Medium*Medium*NoStarvation,8.29,26.29,7,7,14,0.2121,0.2629,0.35,0.0212,-0.1314,-0.07,0.0064,0.0,-0.1951,-0.977,-0.985,0.7822,66
50,21,1212.0,Medium*Medium*NoStarvation,20,Low*Medium*NoStarvation,26.29,16.43,7,7,10,0.2174,0.1643,0.35,0.0217,-0.0821,-0.07,0.0065,0.0,-0.1456,-0.9651,-0.9698,0.7822,46
50,22,1278.0,Low*Medium*NoStarvation,30,Medium*Medium*NoStarvation,16.43,26.29,7,7,15,0.2273,0.2629,0.35,0.0227,-0.1314,-0.07,0.0068,0.0,-0.1946,-0.985,-0.9921,0.7822,66
50,23,1304.0,Medium*Medium*NoStarvation,10,Low*Medium*NoStarvation,26.29,5.14,7,6,5,0.1923,0.0514,0.3,0.0192,-0.0257,-0.06,0.0058,0.0,-0.0799,-0.9574,-0.9563,0.7822,26
50,24,1330.0,Low*Medium*NoStarvation,10,Low*Medium*NoStarvation,5.14,8.43,6,7,4,0.1538,0.0843,0.35,0.0154,-0.0421,-0.07,0.0046,0.0,-0.1075,-0.9625,-0.9636,0.7822,26
50,25,1426.0,Low*Medium*NoStarvation,45,Medium*Medium*NoStarvation,8.43,39.57,7,7,23,0.2396,0.3957,0.35,0.024,-0.1979,-0.07,0.0072,0.0,-0.2607,-1.1098,-1.111,0.7822,96
50,26,1492.0,Medium*Medium*NoStarvation,30,Medium*Medium*NoStarvation,39.57,25.71,7,7,15,0.2273,0.2571,0.35,0.0227,-0.1286,-0.07,0.0068,0.0,-0.1918,-1.0382,-1.0396,0.7822,66
50,27,1518.0,Medium*Medium*NoStarvation,10,Low*Medium*NoStarvation,25.71,6.71,7,7,5,0.1923,0.0671,0.35,0.0192,-0.0336,-0.07,0.0058,0.0,-0.0978,-0.9563,-0.9572,0.7822,26
50,28,1564.0,Low*Medium*NoStarvation,20,Low*Medium*NoStarvation,6.71,16.43,7,7,10,0.2174,0.1643,0.35,0.0217,-0.0821,-0.07,0.0065,0.0,-0.1456,-1.0061,-1.0068,0.7822,46
50,29,1660.0,Low*Medium*NoStarvation,45,Medium*Medium*NoStarvation,16.43,42.0,7,7,22,0.2292,0.42,0.35,0.0229,-0.21,-0.07,0.0069,0.0,-0.2731,-1.111,-1.1134,0.7822,96
50,30,1686.0,Medium*Medium*NoStarvation,10,Low*Medium*NoStarvation,42.0,6.86,7,7,5,0.1923,0.0686,0.35,0.0192,-0.0343,-0.07,0.0058,0.0,-0.0985,-0.9572,-0.958,0.7822,26
50,31,1712.0,Low*Medium*NoStarvation,10,Low*Medium*NoStarvation,6.86,8.0,7,7,4,0.1538,0.08,0.35,0.0154,-0.04,-0.07,0.0046,0.0,-0.1054,-0.9636,-0.9645,0.7822,26
50,32,1758.0,Low*Medium*NoStarvation,20,Low*Medium*NoStarvation,8.0,17.0,7,7,10,0.2174,0.17,0.35,0.0217,-0.085,-0.07,0.0065,0.0,-0.1485,-1.0068,-1.0077,0.7822,46
50,33,1784.0,Low*Medium*NoStarvation,10,Low*Medium*NoStarvation,17.0,7.86,7,7,4,0.1538,0.0786,0.35,0.0154,-0.0393,-0.07,0.0046,0.0,-0.1047,-0.9645,-0.9654,0.7822,26
50,34,1850.0,Low*Medium*NoStarvation,30,Medium*Medium*NoStarvation,7.86,26.43,7,7,15,0.2273,0.2643,0.35,0.0227,-0.1321,-0.07,0.0068,0.0,-0.1953,-0.9921,-0.9987,0.7822,66
50,35,1916.0,Medium*Medium*NoStarvation,30,Medium*Medium*NoStarvation,26.43,26.14,7,7,15,0.2273,0.2614,0.35,0.0227,-0.1307,-0.07,0.0068,0.0,-0.1939,-1.0396,-1.0413,0.7822,66
50,36,1942.0,Medium*Medium*NoStarvation,10,Low*Medium*NoStarvation,26.14,7.0,7,7,5,0.1923,0.07,0.35,0.0192,-0.035,-0.07,0.0058,0.0,-0.0992,-0.958,-0.959,0.7822,26
50,37,1988.0,Low*Medium*NoStarvation,20,Low*Medium*NoStarvation,7.0,16.14,7,7,10,0.2174,0.1614,0.35,0.0217,-0.0807,-0.07,0.0065,0.0,-0.1442,-1.0077,-1.0083,0.7822,46
50,38,2014.0,Low*Medium*NoStarvation,10,Low*Medium*NoStarvation,16.14,7.0,7,7,5,0.1923,0.07,0.35,0.0192,-0.035,-0.07,0.0058,0.0,-0.0992,-0.9654,-0.9656,0.7822,26
50,39,2080.0,Low*Medium*NoStarvation,30,Medium*Medium*NoStarvation,7.0,25.71,7,7,15,0.2273,0.2571,0.35,0.0227,-0.1286,-0.07,0.0068,0.0,-0.1918,-0.9987,-1.0043,0.7822,66
50,40,2126.0,Medium*Medium*NoStarvation,20,Low*Medium*NoStarvation,25.71,15.71,7,7,10,0.2174,0.1571,0.35,0.0217,-0.0786,-0.07,0.0065,0.0,-0.142,-0.9698,-0.9739,0.7822,46
50,41,2172.0,Low*Medium*NoStarvation,20,Low*Medium*NoStarvation,15.71,15.71,7,7,10,0.2174,0.1571,0.35,0.0217,-0.0786,-0.07,0.0065,0.0,-0.142,-1.0083,-1.0086,0.7822,46
50,42,2218.0,Low*Medium*NoStarvation,20,Low*Medium*NoStarvation,15.71,15.29,7,7,10,0.2174,0.1529,0.35,0.0217,-0.0764,-0.07,0.0065,0.0,-0.1399,-1.0086,-1.0086,0.7822,46
50,43,2314.0,Low*Medium*NoStarvation,45,Medium*Medium*NoStarvation,15.29,40.0,7,7,23,0.2396,0.4,0.35,0.024,-0.2,-0.07,0.0072,0.0,-0.2628,-1.1134,-1.1146,0.7822,96
50,44,2380.0,Medium*Medium*NoStarvation,30,Medium*Medium*NoStarvation,40.0,25.86,7,7,15,0.2273,0.2586,0.35,0.0227,-0.1293,-0.07,0.0068,0.0,-0.1925,-1.0413,-1.0427,0.7822,66
50,45,2426.0,Medium*Medium*NoStarvation,20,Low*Medium*NoStarvation,25.86,16.0,7,7,10,0.2174,0.16,0.35,0.0217,-0.08,-0.07,0.0065,0.0,-0.1435,-0.9739,-0.9778,0.7822,46
50,46,2472.0,Low*Medium*NoStarvation,20,Low*Medium*NoStarvation,16.0,18.57,7,7,10,0.2174,0.1857,0.35,0.0217,-0.0929,-0.07,0.0065,0.0,-0.1563,-1.0086,-1.0103,0.7822,46
50,47,2498.0,Low*Medium*NoStarvation,10,Low*Medium*NoStarvation,18.57,6.57,7,7,5,0.1923,0.0657,0.35,0.0192,-0.0329,-0.07,0.0058,0.0,-0.0971,-0.9656,-0.9657,0.7822,26
50,48,2524.0,Low*Medium*NoStarvation,10,Low*Medium*NoStarvation,6.57,7.29,7,7,5,0.1923,0.0729,0.35,0.0192,-0.0364,-0.07,0.0058,0.0,-0.1007,-0.9657,-0.9661,0.7822,26
50,49,2570.0,Low*Medium*NoStarvation,20,Low*Medium*NoStarvation,7.29,16.71,7,7,10,0.2174,0.1671,0.35,0.0217,-0.0836,-0.07,0.0065,0.0,-0.147,-1.0103,-1.0109,0.7822,46
50,50,2596.0,Low*Medium*NoStarvation,10,Low*Medium*NoStarvation,16.71,5.71,7,7,5,0.1923,0.0571,0.35,0.0192,-0.0286,-0.07,0.0058,0.0,-0.0928,-0.9661,-0.9657,0.7822,26
50,51,2622.0,Low*Medium*NoStarvation,10,Low*Medium*NoStarvation,5.71,5.43,7,7,5,0.1923,0.0543,0.35,0.0192,-0.0271,-0.07,0.0058,0.0,-0.0914,-0.9657,-0.9652,0.7822,26
50,52,2648.0,Low*Medium*NoStarvation,10,Low*Medium*NoStarvation,5.43,6.0,7,7,5,0.1923,0.06,0.35,0.0192,-0.03,-0.07,0.0058,0.0,-0.0942,-0.9652,-0.965,0.7822,26
50,53,2690.0,Low*Medium*NoStarvation,45,Low*Low*NoStarvation,6.0,0.0,7,0,18,0.1875,0.0,0.0,0.0187,-0.0,-0.0,0.0056,0.0,0.0056,-1.1146,-1.0533,0.7822,96
