Step,Queue_West_East,Queue_North_South,Queue_SD,Arrival_West_East,Arrival_North_South,Throughput_Step,Avg_Waiting_Time_West_East,Avg_Waiting_Time_North_South
1,0,0,0.0,1,1,0,0.0,0.0
2,0,0,0.0,0,0,0,0.0,0.0
3,0,0,0.0,1,0,0,0.0,0.0
4,0,0,0.0,0,0,0,0.0,0.0
5,0,0,0.0,1,1,0,0.0,0.0
6,0,1,0.5,0,0,0,0.0,0.5
7,0,1,0.5,1,0,0,0.0,1.0
8,0,1,0.5,0,1,0,0.0,1.0
9,0,1,0.5,1,0,0,0.0,1.33
10,0,1,0.5,0,0,1,0.0,1.67
11,0,1,0.5,1,1,0,0.0,1.5
12,0,2,1.0,0,0,1,0.0,2.0
13,0,3,1.5,1,0,0,0.0,2.75
14,0,3,1.5,0,0,1,0.0,3.5
15,0,3,1.5,1,1,0,0.0,3.4
16,0,4,2.0,0,0,1,0.0,4.2
17,0,4,2.0,1,0,0,0.0,5.0
18,0,4,2.0,0,0,1,0.0,5.8
19,0,5,2.5,1,0,0,0.0,6.8
20,0,5,2.5,0,0,0,0.0,7.8
21,0,5,2.5,1,0,1,0.0,8.8
22,0,5,2.5,0,0,0,0.0,9.8
23,0,5,2.5,1,0,1,0.0,10.8
24,0,5,2.5,0,0,0,0.0,11.8
25,0,5,2.5,1,0,1,0.0,12.8
26,0,5,2.5,0,0,0,0.0,13.8
27,0,5,2.5,1,0,1,0.0,14.8
28,0,5,2.5,0,0,1,0.0,15.8
29,0,5,2.5,1,0,0,0.0,16.8
30,0,5,2.5,0,0,1,0.0,17.8
31,0,5,2.5,1,0,0,0.0,18.8
32,0,5,2.5,0,0,0,0.0,19.8
33,0,5,2.5,1,0,1,0.0,20.8
34,0,5,2.5,0,0,0,0.0,21.8
35,0,5,2.5,1,0,0,0.0,22.8
36,0,5,2.5,0,0,1,0.0,23.8
37,0,5,2.5,1,0,0,0.0,24.8
38,0,5,2.5,0,0,1,0.0,25.8
39,0,5,2.5,1,0,1,0.0,26.8
40,0,5,2.5,0,0,0,0.0,27.8
41,0,5,2.5,1,0,1,0.0,28.8
42,0,5,2.5,0,0,0,0.0,29.8
43,0,5,2.5,1,0,1,0.0,30.8
44,0,5,2.5,1,0,0,0.0,31.8
45,0,5,2.5,0,0,1,0.0,32.8
46,0,4,2.0,1,0,0,0.0,32.0
47,1,3,1.0,0,0,0,0.2,24.0
48,1,2,0.5,1,0,1,0.33,15.75
49,1,1,0.0,0,0,0,0.5,10.33
50,2,0,1.0,0,0,0,0.83,0.0
51,2,0,1.0,0,0,0,1.17,0.0
52,3,0,1.5,1,0,1,1.43,0.0
53,4,0,2.0,0,0,0,2.0,0.0
54,4,0,2.0,0,1,0,2.57,0.0
55,5,0,2.5,0,0,1,3.29,0.0
56,6,0,3.0,0,1,0,4.14,0.0
57,6,0,3.0,0,1,1,5.0,0.0
58,7,0,3.5,0,0,1,6.0,0.0
59,6,1,2.5,0,0,0,6.0,0.25
60,5,1,2.0,0,1,0,5.17,0.4
61,4,2,1.0,0,0,0,4.33,0.8
62,3,2,0.5,0,0,0,4.0,1.2
63,2,3,0.5,0,0,0,2.8,1.8
64,1,4,1.5,0,0,0,1.75,2.6
65,0,5,2.5,0,0,0,0.0,3.6
66,0,5,2.5,0,0,0,0.0,4.6
67,0,5,2.5,0,0,1,0.0,5.6
68,0,5,2.5,0,0,0,0.0,6.6
69,0,5,2.5,1,0,1,0.0,7.6
70,0,5,2.5,0,0,0,0.0,8.6
71,0,5,2.5,1,0,1,0.0,9.6
72,0,4,2.0,0,0,0,0.0,9.75
73,1,3,1.0,1,0,1,0.2,7.5
74,1,2,0.5,0,0,0,0.4,5.25
75,2,1,0.5,1,0,1,0.67,3.67
76,3,0,1.5,0,0,0,1.17,0.0
77,3,0,1.5,0,0,0,1.67,0.0
78,4,0,2.0,1,0,1,2.0,0.0
79,5,0,2.5,0,1,0,2.71,0.0
80,6,0,3.0,0,0,1,3.57,0.0
81,6,0,3.0,0,0,0,4.43,0.0
82,7,0,3.5,0,1,1,5.43,0.0
83,7,0,3.5,0,0,0,6.43,0.0
84,7,0,3.5,0,1,1,7.43,0.0
85,6,0,3.0,0,0,0,7.67,0.0
86,5,0,2.5,0,1,1,6.67,0.0
87,4,0,2.0,0,0,0,5.5,0.0
88,3,1,1.0,0,1,0,5.2,0.2
89,2,2,0.0,0,0,0,3.6,0.6
90,1,3,1.0,0,0,0,2.25,1.2
91,0,3,1.5,0,0,0,0.0,1.8
92,0,4,2.0,0,0,1,0.0,2.6
93,0,4,2.0,0,0,0,0.0,3.4
94,0,5,2.5,0,0,1,0.0,4.4
95,0,5,2.5,0,0,0,0.0,5.4
96,0,5,2.5,1,0,1,0.0,6.4
97,0,5,2.5,0,0,0,0.0,7.4
98,0,4,2.0,1,0,1,0.0,7.75
99,1,3,1.0,0,0,0,0.25,6.0
100,1,2,0.5,1,0,1,0.4,4.0
101,1,1,0.0,0,0,0,0.6,2.67
102,2,0,1.0,1,0,0,0.83,0.0
103,2,0,1.0,0,0,0,1.17,0.0
104,3,0,1.5,1,0,0,1.43,0.0
105,4,0,2.0,0,0,1,2.0,0.0
106,4,0,2.0,0,1,0,2.57,0.0
107,5,0,2.5,0,0,1,3.29,0.0
108,6,0,3.0,0,1,1,4.14,0.0
109,5,0,2.5,0,0,0,4.71,0.0
110,6,0,3.0,0,1,0,5.57,0.0
111,6,1,2.5,0,0,1,5.5,0.25
112,5,1,2.0,0,0,0,4.67,0.5
113,4,2,1.0,0,1,0,3.83,0.8
114,3,2,0.5,0,0,0,2.83,1.2
115,2,2,0.0,0,0,0,2.2,1.6
116,1,3,1.0,0,0,0,1.2,2.2
117,0,4,2.0,0,0,0,0.0,3.0
118,0,5,2.5,0,0,0,0.0,4.0
119,0,5,2.5,0,0,1,0.0,5.0
120,0,5,2.5,0,0,0,0.0,6.0
121,0,5,2.5,0,0,1,0.0,7.0
122,0,5,2.5,1,0,0,0.0,8.0
123,0,5,2.5,0,0,1,0.0,9.0
124,1,4,1.5,1,0,0,0.2,9.0
125,2,3,0.5,0,0,1,0.6,6.75
126,2,2,0.0,1,0,0,0.83,4.75
127,3,1,1.0,0,0,0,1.33,3.33
128,4,0,2.0,0,0,0,2.0,0.0
129,4,0,2.0,1,0,0,2.29,0.0
130,5,0,2.5,0,0,0,3.0,0.0
131,5,0,2.5,0,0,1,3.71,0.0
132,6,0,3.0,0,1,1,4.57,0.0
133,7,0,3.5,0,0,0,5.57,0.0
134,7,0,3.5,0,1,1,6.57,0.0
135,7,0,3.5,0,0,0,7.57,0.0
136,7,0,3.5,0,1,1,8.57,0.0
137,6,0,3.0,0,1,0,8.83,0.0
138,5,0,2.5,0,0,1,7.5,0.0
139,4,1,1.5,0,0,0,6.17,0.25
140,3,1,1.0,0,0,0,4.67,0.5
141,2,2,0.0,0,1,0,3.8,0.8
142,1,2,0.5,0,0,0,2.0,1.2
143,0,3,1.5,0,0,0,0.0,1.8
144,0,3,1.5,0,0,0,0.0,2.4
145,0,4,2.0,0,0,1,0.0,3.2
146,0,4,2.0,0,0,0,0.0,4.0
147,0,5,2.5,0,0,1,0.0,5.0
148,0,5,2.5,1,0,0,0.0,6.0
149,0,5,2.5,0,0,1,0.0,7.0
150,1,4,1.5,1,0,0,0.2,7.0
151,1,3,1.0,0,0,0,0.4,5.25
152,1,2,0.5,1,0,1,0.5,3.5
153,2,1,0.5,0,0,0,0.83,2.33
154,2,0,1.0,0,0,0,1.17,0.0
155,3,0,1.5,1,0,0,1.43,0.0
156,4,0,2.0,0,0,0,2.0,0.0
157,5,0,2.5,0,0,1,2.71,0.0
158,5,0,2.5,0,1,0,3.43,0.0
159,5,0,2.5,0,0,1,4.14,0.0
160,6,0,3.0,0,1,1,5.0,0.0
161,6,0,3.0,0,0,0,5.86,0.0
162,7,0,3.5,0,1,1,6.86,0.0
163,6,0,3.0,0,0,0,6.83,0.0
164,5,1,2.0,0,1,1,5.83,0.25
165,4,1,1.5,0,0,0,4.83,0.5
166,3,1,1.0,0,0,0,4.4,0.75
167,2,2,0.0,0,1,0,2.8,1.0
168,1,2,0.5,0,0,0,1.75,1.4
169,0,3,1.5,0,0,0,0.0,2.0
170,0,4,2.0,0,0,0,0.0,2.8
171,0,4,2.0,0,0,1,0.0,3.6
172,0,5,2.5,0,0,0,0.0,4.6
173,0,5,2.5,1,0,1,0.0,5.6
174,0,5,2.5,0,0,1,0.0,6.6
175,0,5,2.5,1,0,0,0.0,7.6
176,1,4,1.5,0,0,1,0.2,7.5
177,2,3,0.5,1,0,0,0.5,5.75
178,2,2,0.0,0,0,0,0.83,4.0
179,3,1,1.0,0,0,0,1.33,2.67
180,4,0,2.0,1,0,0,1.71,0.0
181,5,0,2.5,0,0,0,2.43,0.0
182,5,0,2.5,0,0,1,3.14,0.0
183,5,0,2.5,0,0,0,3.86,0.0
184,5,0,2.5,0,1,0,4.57,0.0
185,7,0,3.5,0,0,1,5.57,0.0
186,7,0,3.5,0,1,0,6.57,0.0
187,7,1,3.0,0,1,1,7.57,0.25
188,7,1,3.0,0,0,1,8.57,0.5
189,6,1,2.5,0,0,0,8.83,0.75
190,5,1,2.0,0,1,0,7.5,0.8
191,4,2,1.0,0,0,0,6.17,1.2
192,3,3,0.0,0,0,0,5.6,1.8
193,2,3,0.5,0,0,0,3.6,2.4
194,1,3,1.0,0,0,0,2.5,3.0
195,0,4,2.0,0,0,0,0.0,3.8
196,0,5,2.5,0,0,0,0.0,4.8
197,0,5,2.5,0,0,1,0.0,5.8
198,0,5,2.5,0,0,0,0.0,6.8
199,0,5,2.5,1,0,1,0.0,7.8
200,0,5,2.5,0,0,0,0.0,8.8
201,0,5,2.5,1,0,1,0.0,9.8
202,1,4,1.5,0,0,1,0.25,9.5
203,1,3,1.0,1,0,0,0.4,7.25
204,1,2,0.5,0,0,1,0.6,4.75
205,2,1,0.5,1,0,0,0.83,2.5
206,2,0,1.0,0,0,0,1.17,0.0
207,2,0,1.0,0,0,0,1.5,0.0
208,3,0,1.5,1,0,0,1.71,0.0
209,4,0,2.0,0,0,1,2.29,0.0
210,5,0,2.5,0,1,0,3.0,0.0
211,5,0,2.5,0,0,1,3.71,0.0
212,5,0,2.5,0,1,1,4.43,0.0
213,6,0,3.0,0,0,0,5.29,0.0
214,7,1,3.0,0,1,1,6.29,0.25
215,6,1,2.5,0,0,0,6.17,0.5
216,5,1,2.0,0,1,0,5.17,0.6
217,4,2,1.0,0,0,0,4.33,1.0
218,3,2,0.5,0,0,0,4.0,1.4
219,2,3,0.5,0,0,0,2.6,2.0
220,1,4,1.5,0,0,0,1.75,2.8
221,0,4,2.0,0,0,0,0.0,3.6
222,0,5,2.5,0,0,1,0.0,4.6
223,0,5,2.5,0,0,0,0.0,5.6
224,0,5,2.5,0,0,0,0.0,6.6
225,0,5,2.5,1,0,1,0.0,7.6
226,0,5,2.5,0,0,1,0.0,8.6
227,0,5,2.5,1,0,0,0.0,9.6
228,0,4,2.0,0,0,0,0.0,9.5
229,0,3,1.5,1,0,1,0.0,7.25
230,1,2,0.5,0,0,1,0.2,5.0
231,2,1,0.5,1,0,0,0.5,3.33
232,2,0,1.0,0,0,0,0.83,0.0
233,3,0,1.5,0,0,0,1.33,0.0
234,3,0,1.5,1,0,1,1.57,0.0
235,4,0,2.0,0,0,0,2.14,0.0
236,5,0,2.5,0,1,1,2.86,0.0
237,5,0,2.5,0,0,0,3.57,0.0
238,6,0,3.0,0,1,0,4.43,0.0
239,7,0,3.5,0,0,1,5.43,0.0
240,7,0,3.5,0,1,0,6.43,0.0
241,6,1,2.5,0,0,1,6.67,0.25
242,5,1,2.0,0,1,0,5.67,0.4
243,4,2,1.0,0,0,0,4.67,0.8
244,3,2,0.5,0,0,0,4.4,1.2
245,2,3,0.5,0,0,0,3.0,1.8
246,1,4,1.5,0,0,0,2.0,2.6
247,0,5,2.5,0,0,0,0.0,3.6
248,0,5,2.5,0,0,1,0.0,4.6
249,0,5,2.5,0,0,0,0.0,5.6
250,0,5,2.5,0,0,0,0.0,6.6
251,0,5,2.5,1,0,1,0.0,7.6
252,0,5,2.5,0,0,1,0.0,8.6
253,0,5,2.5,0,0,0,0.0,9.6
254,0,4,2.0,1,0,0,0.0,9.75
255,0,3,1.5,0,0,1,0.0,7.5
256,0,2,1.0,1,0,0,0.0,5.25
257,1,1,0.0,0,0,1,0.2,3.67
258,1,0,0.5,1,0,0,0.33,0.0
259,2,0,1.0,0,0,0,0.67,0.0
260,3,0,1.5,0,0,1,1.17,0.0
261,3,0,1.5,1,0,0,1.43,0.0
262,4,0,2.0,0,1,1,2.0,0.0
263,6,0,3.0,0,0,0,2.86,0.0
264,6,0,3.0,0,1,1,3.71,0.0
265,7,0,3.5,0,0,0,4.71,0.0
266,7,0,3.5,0,1,1,5.71,0.0
267,6,0,3.0,0,1,0,6.0,0.0
268,5,1,2.0,0,0,1,5.33,0.25
269,4,1,1.5,0,0,0,4.5,0.5
270,3,2,0.5,0,1,0,4.4,0.8
271,2,2,0.0,0,0,0,3.2,1.2
272,1,3,1.0,0,0,0,2.0,1.8
273,0,4,2.0,0,0,0,0.0,2.6
274,0,4,2.0,0,0,0,0.0,3.4
275,0,5,2.5,0,0,1,0.0,4.4
276,0,5,2.5,0,0,1,0.0,5.4
277,0,5,2.5,1,0,0,0.0,6.4
278,0,5,2.5,0,0,1,0.0,7.4
279,0,5,2.5,1,0,0,0.0,8.4
280,0,4,2.0,0,0,1,0.0,8.5
281,1,3,1.0,1,0,0,0.2,6.5
282,1,2,0.5,0,0,1,0.4,4.5
283,2,1,0.5,1,0,0,0.67,3.0
284,3,0,1.5,0,0,0,1.17,0.0
285,3,0,1.5,0,0,0,1.67,0.0
286,4,0,2.0,1,0,1,2.0,0.0
287,4,0,2.0,0,0,0,2.57,0.0
288,5,0,2.5,0,1,0,3.29,0.0
289,5,0,2.5,0,0,1,4.0,0.0
290,6,0,3.0,0,1,0,4.86,0.0
291,6,0,3.0,0,0,1,5.71,0.0
292,7,0,3.5,0,1,1,6.71,0.0
293,6,0,3.0,0,1,0,6.83,0.0
294,5,0,2.5,0,0,1,5.83,0.0
295,4,1,1.5,0,0,0,4.67,0.25
296,3,2,0.5,0,1,0,4.2,0.6
297,2,2,0.0,0,0,0,2.8,1.0
298,1,3,1.0,0,0,0,1.75,1.6
299,0,4,2.0,0,0,0,0.0,2.4
300,0,4,2.0,0,0,0,0.0,3.2
301,0,5,2.5,0,0,1,0.0,4.2
302,0,5,2.5,0,0,0,0.0,5.2
303,0,5,2.5,1,0,1,0.0,6.2
304,0,5,2.5,0,0,1,0.0,7.2
305,0,5,2.5,1,0,0,0.0,8.2
306,0,4,2.0,0,0,1,0.0,8.5
307,1,3,1.0,1,0,0,0.2,6.5
308,1,2,0.5,0,0,1,0.4,4.5
309,2,1,0.5,1,0,0,0.67,3.0
310,2,0,1.0,0,0,0,1.0,0.0
311,3,0,1.5,0,0,0,1.5,0.0
312,3,0,1.5,1,0,1,1.71,0.0
313,4,0,2.0,0,1,0,2.29,0.0
314,5,0,2.5,0,0,1,3.0,0.0
315,6,0,3.0,0,1,0,3.86,0.0
316,6,0,3.0,0,0,1,4.71,0.0
317,7,0,3.5,0,1,0,5.71,0.0
318,7,0,3.5,0,1,1,6.71,0.0
319,6,0,3.0,0,0,0,6.83,0.0
320,5,1,2.0,0,0,1,5.83,0.25
321,4,1,1.5,0,0,0,4.83,0.5
322,3,2,0.5,0,1,0,4.6,0.8
323,2,3,0.5,0,0,0,3.2,1.4
324,1,3,1.0,0,0,0,2.0,2.0
325,0,4,2.0,0,0,0,0.0,2.8
326,0,4,2.0,0,0,0,0.0,3.6
327,0,4,2.0,0,0,1,0.0,4.4
328,0,5,2.5,0,0,0,0.0,5.4
329,0,5,2.5,1,0,1,0.0,6.4
330,0,5,2.5,0,0,0,0.0,7.4
331,0,5,2.5,1,0,1,0.0,8.4
332,0,4,2.0,0,0,0,0.0,8.5
333,1,3,1.0,1,0,1,0.2,6.5
334,1,2,0.5,0,0,1,0.4,4.25
335,2,1,0.5,1,0,0,0.67,2.67
336,2,0,1.0,0,0,0,1.0,0.0
337,2,0,1.0,0,0,0,1.33,0.0
338,3,0,1.5,1,0,1,1.57,0.0
339,3,0,1.5,0,1,0,2.0,0.0
340,4,0,2.0,0,0,1,2.57,0.0
341,5,0,2.5,0,0,0,3.29,0.0
342,5,0,2.5,0,1,1,4.0,0.0
343,6,0,3.0,0,0,0,4.86,0.0
344,7,0,3.5,0,1,1,5.86,0.0
345,6,0,3.0,0,0,0,5.83,0.0
346,5,1,2.0,0,1,1,4.83,0.25
347,4,1,1.5,0,0,0,4.0,0.5
348,3,2,0.5,0,0,0,3.8,1.0
349,2,2,0.0,0,1,0,2.6,1.2
350,1,3,1.0,0,0,0,1.4,1.8
351,0,3,1.5,0,0,0,0.0,2.4
352,0,3,1.5,0,0,0,0.0,3.0
353,0,4,2.0,0,0,1,0.0,3.8
354,0,4,2.0,0,0,0,0.0,4.6
355,0,5,2.5,1,0,1,0.0,5.6
356,0,5,2.5,0,0,0,0.0,6.6
357,0,5,2.5,1,0,1,0.0,7.6
358,0,4,2.0,0,0,1,0.0,7.5
359,0,3,1.5,1,0,0,0.0,5.5
360,1,2,0.5,0,0,1,0.2,3.5
361,1,1,0.0,1,0,0,0.33,1.75
362,2,0,1.0,0,0,0,0.67,0.0
363,2,0,1.0,0,0,0,1.0,0.0
364,2,0,1.0,1,0,0,1.14,0.0
365,4,0,2.0,0,0,1,1.71,0.0
366,4,0,2.0,0,1,0,2.29,0.0
367,4,0,2.0,0,0,1,2.86,0.0
368,5,0,2.5,0,1,0,3.57,0.0
369,6,0,3.0,0,0,1,4.43,0.0
370,7,1,3.0,0,1,0,5.43,0.25
371,6,1,2.5,0,0,1,5.5,0.5
372,5,2,1.5,0,1,0,4.67,0.8
373,4,2,1.0,0,0,0,4.0,1.2
374,3,3,0.0,0,0,0,3.6,1.8
375,2,3,0.5,0,0,0,2.6,2.4
376,1,4,1.5,0,0,0,1.4,3.2
377,0,5,2.5,0,0,0,0.0,4.2
378,0,5,2.5,0,0,0,0.0,5.2
379,0,5,2.5,0,0,1,0.0,6.2
380,0,5,2.5,0,0,0,0.0,7.2
381,0,5,2.5,1,0,1,0.0,8.2
382,0,5,2.5,0,0,0,0.0,9.2
383,0,5,2.5,1,0,1,0.0,10.2
384,0,4,2.0,0,0,0,0.0,10.25
385,1,3,1.0,1,0,1,0.2,7.75
386,1,2,0.5,0,0,0,0.4,5.25
387,1,1,0.0,1,0,1,0.5,3.67
388,2,0,1.0,0,0,0,0.83,0.0
389,3,0,1.5,0,0,0,1.33,0.0
390,3,0,1.5,1,0,1,1.57,0.0
391,4,0,2.0,0,1,0,2.14,0.0
392,5,0,2.5,0,0,1,2.86,0.0
393,5,0,2.5,0,0,0,3.57,0.0
394,5,0,2.5,0,1,1,4.29,0.0
395,6,0,3.0,0,0,0,5.14,0.0
396,7,0,3.5,0,1,1,6.14,0.0
397,6,0,3.0,0,0,0,6.17,0.0
398,5,1,2.0,0,1,1,5.33,0.25
399,4,1,1.5,0,0,0,4.33,0.5
400,3,2,0.5,0,1,0,4.0,0.8
401,2,2,0.0,0,0,0,2.6,1.2
402,1,2,0.5,0,0,0,1.4,1.6
403,0,2,1.0,0,0,0,0.0,2.0
404,0,3,1.5,0,0,0,0.0,2.6
405,0,4,2.0,0,0,1,0.0,3.4
406,0,5,2.5,0,0,0,0.0,4.4
407,0,5,2.5,1,0,1,0.0,5.4
408,1,5,2.0,0,0,0,0.25,6.4
409,1,5,2.0,1,0,1,0.4,7.4
410,2,4,1.0,0,0,0,0.8,7.25
411,2,3,0.5,1,0,1,1.0,5.25
412,2,2,0.0,0,0,0,1.33,3.75
413,3,1,1.0,0,0,0,1.83,2.67
414,3,0,1.5,1,0,0,2.0,0.0
415,4,0,2.0,0,0,0,2.57,0.0
416,4,0,2.0,0,0,1,3.14,0.0
417,5,0,2.5,0,1,0,3.86,0.0
418,6,0,3.0,0,0,1,4.71,0.0
419,7,0,3.5,0,1,0,5.71,0.0
420,7,0,3.5,0,0,1,6.71,0.0
421,7,0,3.5,0,1,0,7.71,0.0
422,7,0,3.5,0,1,1,8.71,0.0
423,6,0,3.0,0,0,1,8.67,0.0
424,5,1,2.0,0,0,0,7.17,0.25
425,4,2,1.0,0,1,0,5.83,0.6
426,3,2,0.5,0,0,0,5.4,1.0
427,2,2,0.0,0,0,0,3.8,1.4
428,1,3,1.0,0,0,0,2.5,2.0
429,0,3,1.5,0,0,0,0.0,2.6
430,0,4,2.0,0,0,0,0.0,3.4
431,0,5,2.5,0,0,1,0.0,4.4
432,0,5,2.5,0,0,0,0.0,5.4
433,0,5,2.5,0,0,1,0.0,6.4
434,0,5,2.5,1,0,0,0.0,7.4
435,0,5,2.5,0,0,1,0.0,8.4
436,0,4,2.0,1,0,0,0.0,8.5
437,0,3,1.5,0,0,1,0.0,6.25
438,1,2,0.5,1,0,1,0.2,4.25
439,1,1,0.0,0,0,0,0.4,3.0
440,2,0,1.0,1,0,0,0.67,0.0
441,2,0,1.0,0,0,0,1.0,0.0
442,3,0,1.5,0,0,1,1.5,0.0
443,4,0,2.0,1,1,0,1.86,0.0
444,4,0,2.0,0,0,1,2.43,0.0
445,5,0,2.5,0,0,0,3.14,0.0
446,6,0,3.0,0,1,1,4.0,0.0
447,6,0,3.0,0,1,1,4.86,0.0
448,6,0,3.0,0,0,0,5.71,0.0
449,6,0,3.0,0,1,1,5.83,0.0
450,5,0,2.5,0,0,0,5.0,0.0
451,4,1,1.5,0,0,0,4.17,0.25
452,3,1,1.0,0,1,0,3.8,0.4
453,2,2,0.0,0,0,0,2.6,0.8
454,1,2,0.5,0,0,0,1.2,1.2
455,0,3,1.5,0,0,0,0.0,1.8
456,0,3,1.5,0,0,0,0.0,2.4
457,0,4,2.0,0,0,1,0.0,3.2
458,0,4,2.0,0,0,1,0.0,4.0
459,0,5,2.5,1,0,0,0.0,5.0
460,0,5,2.5,0,0,0,0.0,6.0
461,1,5,2.0,1,0,1,0.2,7.0
462,1,4,1.5,0,0,0,0.4,7.0
463,2,3,0.5,1,0,1,0.67,5.25
464,2,2,0.0,0,0,0,1.0,3.5
465,2,1,0.5,0,0,0,1.33,2.33
466,3,0,1.5,1,0,0,1.57,0.0
467,4,0,2.0,0,0,0,2.14,0.0
468,4,0,2.0,0,0,0,2.71,0.0
469,5,0,2.5,0,0,1,3.43,0.0
470,6,0,3.0,0,1,1,4.29,0.0
471,6,0,3.0,0,0,0,5.14,0.0
472,7,0,3.5,0,1,1,6.14,0.0
473,7,0,3.5,0,0,0,7.14,0.0
474,7,0,3.5,0,1,1,8.14,0.0
475,6,0,3.0,0,1,0,8.17,0.0
476,5,1,2.0,0,0,1,6.83,0.25
477,4,1,1.5,0,0,0,5.67,0.5
478,3,2,0.5,0,1,0,5.2,0.8
479,2,2,0.0,0,0,0,3.6,1.2
480,1,3,1.0,0,0,0,1.8,1.8
481,0,3,1.5,0,0,0,0.0,2.4
482,0,4,2.0,0,0,0,0.0,3.2
483,0,5,2.5,0,0,1,0.0,4.2
484,0,5,2.5,0,0,0,0.0,5.2
485,0,5,2.5,0,0,1,0.0,6.2
486,1,5,2.0,1,0,0,0.25,7.2
487,1,5,2.0,0,0,1,0.5,8.2
488,2,4,1.0,1,0,0,0.8,8.25
489,2,3,0.5,0,0,1,1.2,6.25
490,3,2,0.5,1,0,0,1.5,4.25
491,3,1,1.0,0,0,0,2.0,3.0
492,3,0,1.5,0,0,0,2.5,0.0
493,4,0,2.0,1,0,0,2.71,0.0
494,4,0,2.0,0,0,0,3.29,0.0
495,5,0,2.5,0,1,1,4.0,0.0
496,5,0,2.5,0,0,0,4.71,0.0
497,6,0,3.0,0,0,1,5.57,0.0
498,7,0,3.5,0,1,1,6.57,0.0
499,7,0,3.5,0,0,0,7.57,0.0
500,7,0,3.5,0,1,1,8.57,0.0
501,6,0,3.0,0,0,0,8.5,0.0
502,5,1,2.0,0,1,1,7.0,0.25
503,4,1,1.5,0,0,0,5.5,0.5
504,3,1,1.0,0,1,0,5.0,0.6
505,2,2,0.0,0,0,0,3.4,1.0
506,1,2,0.5,0,0,0,1.8,1.4
507,0,3,1.5,0,0,0,0.0,2.0
508,0,4,2.0,0,0,0,0.0,2.8
509,0,5,2.5,0,0,1,0.0,3.8
510,0,5,2.5,0,0,0,0.0,4.8
511,0,5,2.5,1,0,1,0.0,5.8
512,0,5,2.5,0,0,1,0.0,6.8
513,0,5,2.5,1,0,0,0.0,7.8
514,1,4,1.5,1,0,1,0.2,7.75
515,1,3,1.0,0,0,0,0.4,6.0
516,2,2,0.0,0,0,1,0.8,4.25
517,2,1,0.5,1,0,0,1.0,3.0
518,3,0,1.5,0,0,0,1.5,0.0
519,4,0,2.0,0,0,0,2.17,0.0
520,5,0,2.5,1,0,1,2.57,0.0
521,5,0,2.5,0,0,0,3.29,0.0
522,6,0,3.0,0,1,1,4.14,0.0
523,6,0,3.0,0,0,0,5.0,0.0
524,7,0,3.5,0,1,1,6.0,0.0
525,7,0,3.5,0,0,0,7.0,0.0
526,7,0,3.5,0,1,1,8.0,0.0
527,6,0,3.0,0,0,0,8.17,0.0
528,5,0,2.5,0,1,1,7.0,0.0
529,4,1,1.5,0,0,0,5.83,0.25
530,3,1,1.0,0,1,0,5.4,0.4
531,2,2,0.0,0,0,0,3.6,0.8
532,1,2,0.5,0,0,0,1.8,1.2
533,0,3,1.5,0,0,0,0.0,1.8
534,0,4,2.0,0,0,0,0.0,2.6
535,0,4,2.0,0,0,1,0.0,3.4
536,0,5,2.5,0,0,0,0.0,4.4
537,0,5,2.5,1,0,1,0.0,5.4
538,0,5,2.5,0,0,0,0.0,6.4
539,1,5,2.0,1,0,1,0.2,7.4
540,1,4,1.5,0,0,0,0.4,7.5
541,2,3,0.5,1,0,1,0.67,5.75
542,2,2,0.0,0,0,0,1.0,4.0
543,3,1,1.0,0,0,0,1.5,2.0
544,4,0,2.0,1,0,0,1.86,0.0
545,4,0,2.0,0,0,0,2.43,0.0
546,5,0,2.5,0,0,1,3.14,0.0
547,6,0,3.0,0,0,0,4.0,0.0
548,7,0,3.5,0,1,0,5.0,0.0
549,7,0,3.5,0,0,1,6.0,0.0
550,7,0,3.5,0,1,1,7.0,0.0
551,7,0,3.5,0,0,0,8.0,0.0
552,7,0,3.5,0,1,1,9.0,0.0
553,6,0,3.0,0,1,0,9.17,0.0
554,5,1,2.0,0,0,1,7.83,0.25
555,4,1,1.5,0,0,0,6.5,0.5
556,3,2,0.5,0,1,0,6.0,0.8
557,2,2,0.0,0,0,0,4.2,1.2
558,1,3,1.0,0,0,0,2.2,1.8
559,0,4,2.0,0,0,0,0.0,2.6
560,0,4,2.0,0,0,1,0.0,3.4
561,0,5,2.5,0,0,0,0.0,4.4
562,0,5,2.5,0,0,0,0.0,5.4
563,0,5,2.5,1,0,0,0.0,6.4
564,0,5,2.5,0,0,1,0.0,7.4
565,0,5,2.5,1,0,0,0.0,8.4
566,0,4,2.0,0,0,1,0.0,8.5
567,0,3,1.5,1,0,1,0.0,6.5
568,1,2,0.5,0,0,0,0.2,4.5
569,2,1,0.5,1,0,1,0.5,3.0
570,2,0,1.0,0,0,0,0.83,0.0
571,3,0,1.5,0,0,0,1.33,0.0
572,3,0,1.5,0,0,1,1.83,0.0
573,4,0,2.0,1,1,0,2.14,0.0
574,4,0,2.0,0,0,1,2.71,0.0
575,5,0,2.5,0,1,0,3.43,0.0
576,5,0,2.5,0,0,1,4.14,0.0
577,6,0,3.0,0,1,0,5.0,0.0
578,7,0,3.5,0,1,1,6.0,0.0
579,6,0,3.0,0,0,1,6.17,0.0
580,5,0,2.5,0,0,0,5.17,0.0
581,4,1,1.5,0,0,0,4.17,0.25
582,3,1,1.0,0,1,0,3.8,0.4
583,2,2,0.0,0,0,0,2.6,0.8
584,1,2,0.5,0,0,0,1.75,1.2
585,0,2,1.0,0,0,0,0.0,1.6
586,0,3,1.5,0,0,0,0.0,2.2
587,0,3,1.5,0,0,1,0.0,2.8
588,0,4,2.0,0,0,0,0.0,3.6
589,0,5,2.5,1,0,1,0.0,4.6
590,0,5,2.5,0,0,0,0.0,5.6
591,0,5,2.5,1,0,1,0.0,6.6
592,1,4,1.5,0,0,1,0.25,6.5
593,1,3,1.0,1,0,0,0.4,4.75
594,1,2,0.5,0,0,1,0.6,3.25
595,2,1,0.5,1,0,0,0.83,2.33
596,2,0,1.0,0,0,0,1.17,0.0
597,2,0,1.0,0,0,0,1.5,0.0
598,3,0,1.5,0,0,1,2.0,0.0
599,3,0,1.5,1,1,0,2.14,0.0
600,4,0,2.0,0,0,1,2.71,0.0
601,4,0,2.0,0,0,0,3.29,0.0
602,5,0,2.5,0,1,1,4.0,0.0
603,5,0,2.5,0,1,0,4.71,0.0
604,6,0,3.0,0,0,1,5.57,0.0
605,6,0,3.0,0,1,0,5.33,0.0
606,5,0,2.5,0,0,0,4.33,0.0
607,4,1,1.5,0,0,1,3.5,0.25
608,3,1,1.0,0,1,0,2.67,0.4
609,2,1,0.5,0,0,0,2.2,0.6
610,1,2,0.5,0,0,0,1.2,1.0
611,0,3,1.5,0,0,0,0.0,1.6
612,0,3,1.5,0,0,0,0.0,2.2
613,0,5,2.5,0,0,1,0.0,3.2
614,0,5,2.5,0,0,0,0.0,4.2
615,0,5,2.5,0,0,1,0.0,5.2
616,0,5,2.5,1,0,0,0.0,6.2
617,0,5,2.5,0,0,1,0.0,7.2
618,1,4,1.5,1,0,0,0.2,7.25
619,1,3,1.0,0,0,1,0.4,5.75
620,2,2,0.0,1,0,0,0.67,4.0
621,3,1,1.0,0,0,0,1.17,3.0
622,4,0,2.0,0,0,0,1.83,0.0
623,3,0,1.5,1,0,0,1.86,0.0
624,5,0,2.5,0,0,1,2.57,0.0
625,5,0,2.5,0,1,0,3.29,0.0
626,6,0,3.0,0,0,1,4.14,0.0
627,6,0,3.0,0,0,0,5.0,0.0
628,7,0,3.5,0,1,1,6.0,0.0
629,7,0,3.5,0,0,0,7.0,0.0
630,7,0,3.5,0,1,1,8.0,0.0
631,6,0,3.0,0,0,0,8.17,0.0
632,5,0,2.5,0,1,1,7.0,0.0
633,4,1,1.5,0,0,0,5.67,0.25
634,3,2,0.5,0,0,0,5.4,0.75
635,2,2,0.0,0,1,0,3.6,1.0
636,1,3,1.0,0,0,0,2.25,1.6
637,0,4,2.0,0,0,0,0.0,2.4
638,0,4,2.0,0,0,1,0.0,3.2
639,0,5,2.5,0,0,0,0.0,4.2
640,0,5,2.5,0,0,1,0.0,5.2
641,0,5,2.5,1,0,0,0.0,6.2
642,0,5,2.5,0,0,1,0.0,7.2
643,0,5,2.5,1,0,0,0.0,8.2
644,0,4,2.0,0,0,1,0.0,8.5
645,0,3,1.5,1,0,0,0.0,6.5
646,1,2,0.5,0,0,1,0.2,4.5
647,2,1,0.5,1,0,0,0.5,3.0
648,3,0,1.5,0,0,0,1.0,0.0
649,3,0,1.5,0,0,0,1.5,0.0
650,4,0,2.0,1,0,0,1.86,0.0
651,4,0,2.0,0,1,1,2.43,0.0
652,5,0,2.5,0,0,0,3.14,0.0
653,5,0,2.5,0,0,1,3.86,0.0
654,6,0,3.0,0,1,0,4.71,0.0
655,6,0,3.0,0,0,1,5.57,0.0
656,7,0,3.5,0,1,0,6.57,0.0
657,6,1,2.5,0,0,1,6.83,0.25
658,5,1,2.0,0,1,0,5.83,0.4
659,4,2,1.0,0,0,0,4.67,0.8
660,3,3,0.0,0,0,0,4.2,1.4
661,2,3,0.5,0,0,0,2.8,2.0
662,1,4,1.5,0,0,0,1.4,2.8
663,0,4,2.0,0,0,0,0.0,3.6
664,0,5,2.5,0,0,0,0.0,4.6
665,0,5,2.5,0,0,1,0.0,5.6
666,0,5,2.5,0,0,0,0.0,6.6
667,0,5,2.5,1,0,1,0.0,7.6
668,0,5,2.5,0,0,0,0.0,8.6
669,0,5,2.5,1,0,1,0.0,9.6
670,1,4,1.5,0,0,0,0.2,9.75
671,1,3,1.0,1,0,1,0.33,7.5
672,2,2,0.0,0,0,0,0.67,5.0
673,3,1,1.0,0,0,0,1.17,3.33
674,3,0,1.5,1,0,0,1.43,0.0
675,4,0,2.0,0,0,0,2.0,0.0
676,4,0,2.0,0,0,0,2.57,0.0
677,5,0,2.5,0,0,1,3.29,0.0
678,6,0,3.0,0,1,1,4.14,0.0
679,6,0,3.0,0,0,0,5.0,0.0
680,7,0,3.5,0,1,1,6.0,0.0
681,7,0,3.5,0,0,0,7.0,0.0
682,7,0,3.5,0,1,1,8.0,0.0
683,6,0,3.0,0,0,0,8.17,0.0
684,5,1,2.0,0,1,1,7.0,0.25
685,4,1,1.5,0,0,0,5.67,0.5
686,3,2,0.5,0,1,0,4.33,0.8
687,2,3,0.5,0,0,0,3.6,1.4
688,1,3,1.0,0,0,0,1.8,2.0
689,0,4,2.0,0,0,0,0.0,2.8
690,0,4,2.0,0,0,0,0.0,3.6
691,0,4,2.0,0,0,1,0.0,4.4
692,0,5,2.5,0,0,0,0.0,5.4
693,0,5,2.5,0,0,1,0.0,6.4
694,0,5,2.5,1,0,0,0.0,7.4
695,0,5,2.5,0,0,1,0.0,8.4
696,1,4,1.5,1,0,0,0.2,8.5
697,2,3,0.5,0,0,1,0.6,6.5
698,2,2,0.0,1,0,0,0.83,4.25
699,3,1,1.0,0,0,0,1.33,2.67
700,3,0,1.5,0,0,0,1.83,0.0
701,4,0,2.0,1,0,0,2.14,0.0
702,4,0,2.0,0,0,0,2.71,0.0
703,4,0,2.0,0,0,1,3.29,0.0
704,5,0,2.5,0,1,0,4.0,0.0
705,6,0,3.0,0,0,1,4.86,0.0
706,6,0,3.0,0,1,1,5.71,0.0
707,6,1,2.5,0,1,0,6.57,0.25
708,7,1,3.0,0,0,1,7.57,0.5
709,6,1,2.5,0,0,0,7.67,0.75
710,5,1,2.0,0,1,0,6.33,0.8
711,4,2,1.0,0,0,0,5.0,1.2
712,3,3,0.0,0,0,0,4.4,1.8
713,2,3,0.5,0,0,0,3.0,2.4
714,1,4,1.5,0,0,0,1.75,3.2
715,0,4,2.0,0,0,0,0.0,4.0
716,0,5,2.5,0,0,0,0.0,5.0
717,0,5,2.5,0,0,1,0.0,6.0
718,0,5,2.5,0,0,1,0.0,7.0
719,0,5,2.5,1,0,0,0.0,8.0
720,0,5,2.5,0,0,1,0.0,9.0
721,0,5,2.5,1,0,0,0.0,10.0
722,0,4,2.0,0,0,1,0.0,9.75
723,1,3,1.0,1,0,0,0.2,7.5
724,1,2,0.5,0,0,1,0.4,5.0
725,1,1,0.0,1,0,0,0.5,3.33
726,2,0,1.0,0,0,0,0.83,0.0
727,3,0,1.5,0,0,0,1.33,0.0
728,3,0,1.5,1,0,0,1.57,0.0
729,4,0,2.0,0,0,1,2.14,0.0
730,5,0,2.5,0,1,1,2.86,0.0
731,5,0,2.5,0,0,0,3.57,0.0
732,6,0,3.0,0,1,0,4.43,0.0
733,6,0,3.0,0,0,1,5.29,0.0
734,6,0,3.0,0,1,1,6.14,0.0
735,6,0,3.0,0,0,0,6.17,0.0
736,5,1,2.0,0,1,1,5.33,0.25
737,4,1,1.5,0,0,0,4.33,0.5
738,3,1,1.0,0,0,0,3.33,0.75
739,2,2,0.0,0,1,0,2.6,1.0
740,1,3,1.0,0,0,0,1.2,1.6
741,0,4,2.0,0,0,0,0.0,2.4
742,0,4,2.0,0,0,0,0.0,3.2
743,0,5,2.5,0,0,1,0.0,4.2
744,0,5,2.5,0,0,0,0.0,5.2
745,0,5,2.5,0,0,0,0.0,6.2
746,0,5,2.5,1,0,1,0.0,7.2
747,0,5,2.5,0,0,0,0.0,8.2
748,1,4,1.5,1,0,1,0.2,8.25
749,1,3,1.0,0,0,0,0.4,6.5
750,2,2,0.0,1,0,1,0.67,4.5
751,2,1,0.5,0,0,0,1.0,2.25
752,3,0,1.5,0,0,0,1.5,0.0
753,3,0,1.5,1,0,0,1.71,0.0
754,4,0,2.0,0,0,0,2.29,0.0
755,5,0,2.5,0,0,1,3.0,0.0
756,6,0,3.0,0,1,1,3.86,0.0
757,6,0,3.0,0,0,0,4.71,0.0
758,7,0,3.5,0,1,0,5.71,0.0
759,7,0,3.5,0,1,1,6.71,0.0
760,7,0,3.5,0,0,1,7.71,0.0
761,6,1,2.5,0,0,0,7.83,0.25
762,5,2,1.5,0,1,0,6.67,0.6
763,4,3,0.5,0,0,0,5.5,1.2
764,3,4,0.5,0,0,0,5.2,2.0
765,2,4,1.0,0,0,0,3.6,2.8
766,1,5,2.0,0,0,0,1.8,3.8
767,0,5,2.5,0,0,0,0.0,4.8
768,0,5,2.5,0,0,0,0.0,5.8
769,0,5,2.5,0,0,1,0.0,6.8
770,0,5,2.5,0,0,0,0.0,7.8
771,0,5,2.5,1,0,1,0.0,8.8
772,0,5,2.5,0,0,0,0.0,9.8
773,0,5,2.5,1,0,1,0.0,10.8
774,0,4,2.0,0,0,0,0.0,11.25
775,1,3,1.0,1,0,1,0.2,8.75
776,1,2,0.5,0,0,0,0.4,6.0
777,1,1,0.0,1,0,1,0.5,4.0
778,2,0,1.0,0,0,0,0.83,0.0
779,2,0,1.0,0,0,0,1.17,0.0
780,3,0,1.5,0,0,0,1.67,0.0
781,4,0,2.0,1,0,1,2.0,0.0
782,4,0,2.0,0,1,0,2.57,0.0
783,5,0,2.5,0,0,1,3.29,0.0
784,5,0,2.5,0,1,1,4.0,0.0
785,6,0,3.0,0,0,0,4.86,0.0
786,6,0,3.0,0,1,0,5.71,0.0
787,6,0,3.0,0,0,1,5.67,0.0
788,5,1,2.0,0,0,0,4.83,0.25
789,4,1,1.5,0,1,0,4.0,0.4
790,3,2,0.5,0,0,0,3.0,0.8
791,2,2,0.0,0,0,0,2.4,1.2
792,1,2,0.5,0,0,0,1.2,1.6
793,0,3,1.5,0,0,0,0.0,2.2
794,0,4,2.0,0,0,0,0.0,3.0
795,0,5,2.5,0,0,1,0.0,4.0
796,0,5,2.5,0,0,0,0.0,5.0
797,0,5,2.5,1,0,0,0.0,6.0
798,0,5,2.5,0,0,1,0.0,7.0
799,0,5,2.5,1,0,1,0.0,8.0
800,1,4,1.5,0,0,0,0.25,8.0
801,1,3,1.0,1,0,1,0.4,6.0
802,2,2,0.0,0,0,0,0.8,4.25
803,2,1,0.5,1,0,1,1.0,3.0
804,3,0,1.5,0,0,0,1.5,0.0
805,3,0,1.5,0,0,0,2.0,0.0
806,4,0,2.0,1,0,1,2.29,0.0
807,5,0,2.5,0,1,0,3.0,0.0
808,5,0,2.5,0,0,1,3.71,0.0
809,6,0,3.0,0,0,0,4.57,0.0
810,6,0,3.0,0,1,1,5.43,0.0
811,7,0,3.5,0,1,0,6.43,0.0
812,7,0,3.5,0,0,1,7.43,0.0
813,6,0,3.0,0,1,0,7.5,0.0
814,5,0,2.5,0,0,1,6.33,0.0
815,4,1,1.5,0,0,0,5.17,0.25
816,3,2,0.5,0,1,0,4.8,0.6
817,2,2,0.0,0,0,0,3.2,1.0
818,1,2,0.5,0,0,0,1.6,1.4
819,0,3,1.5,0,0,0,0.0,2.0
820,0,4,2.0,0,0,0,0.0,2.8
821,0,4,2.0,0,0,1,0.0,3.6
822,0,5,2.5,0,0,1,0.0,4.6
823,0,5,2.5,1,0,0,0.0,5.6
824,0,5,2.5,0,0,1,0.0,6.6
825,1,5,2.0,1,0,0,0.2,7.6
826,2,4,1.0,0,0,0,0.6,7.75
827,2,3,0.5,1,0,1,0.83,5.75
828,2,2,0.0,0,0,0,1.17,4.0
829,3,1,1.0,0,0,0,1.67,2.0
830,3,0,1.5,1,0,0,1.86,0.0
831,4,0,2.0,0,0,0,2.43,0.0
832,5,0,2.5,0,0,1,3.14,0.0
833,5,0,2.5,0,0,0,3.86,0.0
834,6,0,3.0,0,1,0,4.71,0.0
835,6,0,3.0,0,0,1,5.57,0.0
836,7,0,3.5,0,1,0,6.57,0.0
837,7,0,3.5,0,0,1,7.57,0.0
838,7,0,3.5,0,1,0,8.57,0.0
839,6,1,2.5,0,0,1,8.67,0.25
840,5,1,2.0,0,0,0,7.17,0.5
841,4,2,1.0,0,1,0,5.83,0.8
842,3,2,0.5,0,0,0,5.4,1.2
843,2,3,0.5,0,0,0,3.6,1.8
844,1,4,1.5,0,0,0,1.8,2.6
845,0,4,2.0,0,0,0,0.0,3.4
846,0,5,2.5,0,0,0,0.0,4.4
847,0,5,2.5,0,0,1,0.0,5.4
848,0,5,2.5,0,0,1,0.0,6.4
849,0,5,2.5,1,0,0,0.0,7.4
850,0,5,2.5,0,0,0,0.0,8.4
851,0,5,2.5,1,0,1,0.0,9.4
852,0,4,2.0,0,0,0,0.0,9.5
853,0,3,1.5,1,0,1,0.0,7.25
854,1,2,0.5,0,0,0,0.2,5.0
855,1,1,0.0,1,0,1,0.33,3.33
856,2,0,1.0,0,0,0,0.67,0.0
857,3,0,1.5,0,0,0,1.17,0.0
858,3,0,1.5,1,0,1,1.43,0.0
859,4,0,2.0,0,1,0,2.0,0.0
860,4,0,2.0,0,0,1,2.57,0.0
861,5,0,2.5,0,0,0,3.29,0.0
862,6,0,3.0,0,1,1,4.14,0.0
863,6,0,3.0,0,1,0,5.0,0.0
864,7,0,3.5,0,0,1,6.0,0.0
865,6,0,3.0,0,1,0,6.17,0.0
866,5,1,2.0,0,0,1,5.33,0.25
867,4,2,1.0,0,0,0,4.33,0.75
868,3,2,0.5,0,1,0,4.0,1.0
869,2,3,0.5,0,0,0,2.8,1.6
870,1,3,1.0,0,0,0,1.75,2.2
871,0,4,2.0,0,0,0,0.0,3.0
872,0,5,2.5,0,0,0,0.0,4.0
873,0,5,2.5,0,0,1,0.0,5.0
874,0,5,2.5,0,0,1,0.0,6.0
875,0,5,2.5,1,0,0,0.0,7.0
876,0,5,2.5,0,0,1,0.0,8.0
877,0,5,2.5,1,0,0,0.0,9.0
878,0,4,2.0,0,0,1,0.0,9.25
879,0,3,1.5,1,0,0,0.0,7.0
880,1,2,0.5,0,0,0,0.2,4.75
881,1,1,0.0,1,0,1,0.33,3.33
882,2,0,1.0,0,0,0,0.67,0.0
883,3,0,1.5,0,0,0,1.17,0.0
884,3,0,1.5,1,0,1,1.43,0.0
885,4,0,2.0,0,0,0,2.0,0.0
886,5,0,2.5,0,1,1,2.71,0.0
887,6,0,3.0,0,0,0,3.57,0.0
888,6,0,3.0,0,1,1,4.43,0.0
889,6,0,3.0,0,0,0,5.29,0.0
890,7,0,3.5,0,1,1,6.29,0.0
891,6,1,2.5,0,0,0,6.5,0.25
892,5,1,2.0,0,0,0,5.67,0.5
893,4,2,1.0,0,1,0,4.67,0.8
894,3,2,0.5,0,0,0,4.4,1.2
895,2,3,0.5,0,0,0,3.0,1.8
896,1,3,1.0,0,0,0,1.4,2.4
897,0,4,2.0,0,0,0,0.0,3.2
898,0,4,2.0,0,0,0,0.0,4.0
899,0,5,2.5,0,0,1,0.0,5.0
900,0,5,2.5,0,0,1,0.0,6.0
901,0,5,2.5,1,0,0,0.0,7.0
902,0,5,2.5,0,0,0,0.0,8.0
903,0,5,2.5,1,0,1,0.0,9.0
904,1,4,1.5,0,0,1,0.2,9.0
905,2,3,0.5,1,0,0,0.5,6.75
906,2,2,0.0,0,0,0,0.83,4.5
907,3,1,1.0,0,0,0,1.33,2.25
908,3,0,1.5,1,0,0,1.57,0.0
909,4,0,2.0,0,0,0,2.14,0.0
910,5,0,2.5,0,0,1,2.86,0.0
911,5,0,2.5,0,0,0,3.57,0.0
912,6,0,3.0,0,1,0,4.43,0.0
913,7,0,3.5,0,0,1,5.43,0.0
914,7,0,3.5,0,1,0,6.43,0.0
915,7,1,3.0,0,0,1,7.43,0.33
916,7,1,3.0,0,1,1,8.43,0.5
917,6,2,2.0,0,0,0,8.67,1.0
918,5,2,1.5,0,1,0,7.33,1.2
919,4,3,0.5,0,0,0,6.0,1.8
920,3,3,0.0,0,0,0,5.6,2.4
921,2,4,1.0,0,0,0,3.8,3.2
922,1,4,1.5,0,0,0,2.0,4.0
923,0,5,2.5,0,0,0,0.0,5.0
924,0,5,2.5,0,0,0,0.0,6.0
925,0,5,2.5,0,0,1,0.0,7.0
926,0,5,2.5,0,0,0,0.0,8.0
927,0,5,2.5,0,0,1,0.0,9.0
928,0,5,2.5,1,0,1,0.0,10.0
929,0,5,2.5,0,0,0,0.0,11.0
930,0,4,2.0,1,0,0,0.0,11.0
931,0,3,1.5,0,0,1,0.0,8.25
932,0,2,1.0,1,0,0,0.0,5.5
933,1,1,0.0,0,0,1,0.2,3.67
934,2,0,1.0,1,0,0,0.5,0.0
935,3,0,1.5,0,0,0,1.0,0.0
936,3,0,1.5,0,0,1,1.5,0.0
937,3,0,1.5,1,1,0,1.71,0.0
938,4,0,2.0,0,0,1,2.29,0.0
939,5,0,2.5,0,0,0,3.0,0.0
940,6,0,3.0,0,1,1,3.86,0.0
941,6,0,3.0,0,0,0,4.71,0.0
942,7,0,3.5,0,1,1,5.71,0.0
943,6,0,3.0,0,0,0,6.0,0.0
944,5,1,2.0,0,1,1,5.17,0.25
945,4,2,1.0,0,0,0,4.17,0.75
946,3,2,0.5,0,1,0,4.0,1.0
947,2,2,0.0,0,0,0,2.8,1.4
948,1,3,1.0,0,0,0,1.4,2.0
949,0,3,1.5,0,0,0,0.0,2.6
950,0,4,2.0,0,0,0,0.0,3.4
951,0,4,2.0,0,0,1,0.0,4.2
952,0,5,2.5,0,0,0,0.0,5.2
953,0,5,2.5,1,0,1,0.0,6.2
954,1,5,2.0,0,0,0,0.25,7.2
955,1,5,2.0,1,0,1,0.4,8.2
956,1,4,1.5,0,0,0,0.6,8.25
957,2,3,0.5,1,0,1,0.83,6.0
958,2,2,0.0,0,0,0,1.17,4.0
959,3,1,1.0,0,0,0,1.67,2.67
960,4,0,2.0,1,0,0,2.0,0.0
961,4,0,2.0,0,0,0,2.57,0.0
962,5,0,2.5,0,0,0,3.29,0.0
963,6,0,3.0,0,1,1,4.14,0.0
964,6,0,3.0,0,0,0,5.0,0.0
965,6,0,3.0,0,0,1,5.86,0.0
966,7,0,3.5,0,1,1,6.86,0.0
967,7,0,3.5,0,0,0,7.86,0.0
968,7,0,3.5,0,1,1,8.86,0.0
969,6,0,3.0,0,0,0,8.83,0.0
970,5,0,2.5,0,1,1,7.5,0.0
971,4,1,1.5,0,0,0,6.17,0.25
972,3,1,1.0,0,1,0,5.6,0.4
973,2,2,0.0,0,0,0,3.8,0.8
974,1,3,1.0,0,0,0,2.25,1.4
975,0,3,1.5,0,0,0,0.0,2.0
976,0,4,2.0,0,0,1,0.0,2.8
977,0,5,2.5,0,0,0,0.0,3.8
978,0,5,2.5,0,0,1,0.0,4.8
979,0,5,2.5,1,0,0,0.0,5.8
980,0,5,2.5,0,0,0,0.0,6.8
981,0,5,2.5,1,0,1,0.0,7.8
982,0,4,2.0,0,0,1,0.0,8.0
983,1,3,1.0,1,0,0,0.2,6.25
984,1,2,0.5,0,0,1,0.4,4.25
985,2,1,0.5,1,0,0,0.67,3.0
986,2,0,1.0,0,0,0,1.0,0.0
987,3,0,1.5,0,0,0,1.5,0.0
988,4,0,2.0,0,0,1,2.17,0.0
989,4,0,2.0,1,1,0,2.43,0.0
990,4,0,2.0,0,0,1,3.0,0.0
991,5,0,2.5,0,0,0,3.71,0.0
992,6,0,3.0,0,1,1,4.57,0.0
993,6,0,3.0,0,0,0,5.43,0.0
994,7,0,3.5,0,1,1,6.43,0.0
995,6,0,3.0,0,0,0,6.5,0.0
996,5,0,2.5,0,1,1,5.5,0.0
997,4,0,2.0,0,0,0,4.5,0.0
998,3,1,1.0,0,0,0,4.0,0.25
999,2,2,0.0,0,1,0,2.8,0.6
1000,1,3,1.0,0,0,0,1.4,1.2
1001,0,3,1.5,0,0,0,0.0,1.8
1002,0,4,2.0,0,0,0,0.0,2.6
1003,0,5,2.5,0,0,1,0.0,3.6
1004,0,5,2.5,0,0,0,0.0,4.6
1005,0,5,2.5,1,0,1,0.0,5.6
1006,0,5,2.5,0,0,0,0.0,6.6
1007,0,5,2.5,1,0,1,0.0,7.6
1008,1,4,1.5,0,0,0,0.25,8.0
1009,1,3,1.0,1,0,1,0.4,6.25
1010,1,2,0.5,0,0,0,0.6,4.25
1011,2,1,0.5,1,0,1,0.83,3.0
1012,2,0,1.0,0,0,0,1.17,0.0
1013,3,0,1.5,0,0,0,1.67,0.0
1014,3,0,1.5,1,0,1,1.86,0.0
1015,4,0,2.0,0,0,0,2.43,0.0
1016,4,0,2.0,0,1,1,3.0,0.0
1017,5,0,2.5,0,0,0,3.71,0.0
1018,6,0,3.0,0,1,1,4.57,0.0
1019,6,0,3.0,0,0,0,5.43,0.0
1020,7,0,3.5,0,1,1,6.43,0.0
1021,6,0,3.0,0,0,0,6.33,0.0
1022,5,0,2.5,0,1,1,5.33,0.0
1023,4,1,1.5,0,0,0,4.33,0.25
1024,3,2,0.5,0,0,0,4.0,0.75
1025,2,2,0.0,0,1,0,2.8,1.0
1026,1,2,0.5,0,0,0,1.4,1.4
1027,0,3,1.5,0,0,0,0.0,2.0
1028,0,4,2.0,0,0,0,0.0,2.8
1029,0,5,2.5,0,0,1,0.0,3.8
1030,0,5,2.5,0,0,0,0.0,4.8
1031,0,5,2.5,1,0,0,0.0,5.8
1032,0,5,2.5,0,0,1,0.0,6.8
1033,0,5,2.5,1,0,0,0.0,7.8
1034,1,4,1.5,0,0,1,0.25,8.0
1035,1,3,1.0,1,0,1,0.4,6.0
1036,2,2,0.0,0,0,0,0.8,4.25
1037,3,1,1.0,1,0,1,1.17,3.0
1038,3,0,1.5,0,0,0,1.67,0.0
1039,3,0,1.5,0,0,0,2.17,0.0
1040,3,0,1.5,1,0,0,2.29,0.0
1041,4,0,2.0,0,1,1,2.86,0.0
1042,5,0,2.5,0,0,0,3.57,0.0
1043,5,0,2.5,0,0,1,4.29,0.0
1044,6,0,3.0,0,1,1,5.14,0.0
1045,7,0,3.5,0,0,0,6.14,0.0
1046,7,0,3.5,0,1,1,7.14,0.0
1047,6,0,3.0,0,1,0,7.17,0.0
1048,5,1,2.0,0,0,1,6.0,0.25
1049,4,1,1.5,0,0,0,4.67,0.5
1050,3,1,1.0,0,1,0,4.4,0.6
1051,2,2,0.0,0,0,0,3.0,1.0
1052,1,2,0.5,0,0,0,1.6,1.4
1053,0,3,1.5,0,0,0,0.0,2.0
1054,0,4,2.0,0,0,0,0.0,2.8
1055,0,4,2.0,0,0,0,0.0,3.6
1056,0,5,2.5,0,0,1,0.0,4.6
1057,0,5,2.5,1,0,1,0.0,5.6
1058,0,5,2.5,0,0,0,0.0,6.6
1059,0,5,2.5,1,0,1,0.0,7.6
1060,0,4,2.0,0,0,0,0.0,7.5
1061,1,3,1.0,1,0,1,0.2,5.75
1062,1,2,0.5,0,0,0,0.4,4.0
1063,2,1,0.5,1,0,1,0.67,2.67
1064,2,0,1.0,0,0,0,1.0,0.0
1065,3,0,1.5,0,0,0,1.5,0.0
1066,4,0,2.0,1,0,1,1.86,0.0
1067,4,0,2.0,0,0,0,2.43,0.0
1068,4,0,2.0,0,1,1,3.0,0.0
1069,5,0,2.5,0,0,0,3.71,0.0
1070,6,0,3.0,0,1,1,4.57,0.0
1071,7,0,3.5,0,0,0,5.57,0.0
1072,7,0,3.5,0,1,1,6.57,0.0
1073,6,1,2.5,0,0,0,6.67,0.25
1074,5,2,1.5,0,0,0,5.67,0.75
1075,4,3,0.5,0,1,0,4.67,1.2
1076,3,3,0.0,0,0,0,4.2,1.8
1077,2,4,1.0,0,0,0,3.0,2.6
1078,1,4,1.5,0,0,0,2.0,3.4
1079,0,5,2.5,0,0,0,0.0,4.4
1080,0,5,2.5,0,0,0,0.0,5.4
1081,0,5,2.5,0,0,1,0.0,6.4
1082,0,5,2.5,0,0,0,0.0,7.4
1083,0,5,2.5,0,0,1,0.0,8.4
1084,0,5,2.5,1,0,0,0.0,9.4
1085,0,5,2.5,0,0,1,0.0,10.4
1086,0,4,2.0,1,0,0,0.0,10.75
1087,0,3,1.5,0,0,1,0.0,8.25
1088,1,2,0.5,1,0,0,0.2,5.5
1089,1,1,0.0,0,0,1,0.4,3.67
1090,2,0,1.0,1,0,0,0.67,0.0
1091,2,0,1.0,0,0,0,1.0,0.0
1092,3,0,1.5,0,0,1,1.5,0.0
1093,4,0,2.0,1,1,0,1.86,0.0
1094,4,0,2.0,0,0,1,2.43,0.0
1095,5,0,2.5,0,1,0,3.14,0.0
1096,5,0,2.5,0,0,1,3.86,0.0
1097,6,0,3.0,0,1,0,4.71,0.0
1098,7,0,3.5,0,1,1,5.71,0.0
1099,6,0,3.0,0,0,1,5.83,0.0
1100,5,0,2.5,0,0,0,5.0,0.0
1101,4,1,1.5,0,0,0,4.17,0.25
1102,3,1,1.0,0,1,0,3.8,0.4
1103,2,2,0.0,0,0,0,2.6,0.8
1104,1,3,1.0,0,0,0,1.75,1.4
1105,0,4,2.0,0,0,0,0.0,2.2
1106,0,4,2.0,0,0,0,0.0,3.0
1107,0,5,2.5,0,0,1,0.0,4.0
1108,0,5,2.5,1,0,0,0.0,5.0
1109,0,5,2.5,0,0,1,0.0,6.0
1110,0,5,2.5,0,0,0,0.0,7.0
1111,0,5,2.5,1,0,1,0.0,8.0
1112,0,4,2.0,0,0,0,0.0,8.25
1113,0,3,1.5,1,0,1,0.0,6.5
1114,1,2,0.5,0,0,1,0.2,4.5
1115,1,1,0.0,1,0,0,0.33,3.0
1116,2,0,1.0,0,0,0,0.67,0.0
1117,3,0,1.5,1,0,0,1.0,0.0
1118,3,0,1.5,0,0,0,1.43,0.0
1119,5,0,2.5,0,0,1,2.14,0.0
1120,4,0,2.0,0,1,1,2.57,0.0
1121,5,0,2.5,0,0,0,3.29,0.0
1122,6,0,3.0,0,1,1,4.14,0.0
1123,7,0,3.5,0,0,0,5.14,0.0
1124,7,0,3.5,0,1,1,6.14,0.0
1125,6,0,3.0,0,0,0,6.33,0.0
1126,5,0,2.5,0,1,1,5.5,0.0
1127,4,0,2.0,0,0,0,4.5,0.0
1128,3,1,1.0,0,0,0,4.2,0.25
1129,2,1,0.5,0,1,0,3.0,0.4
1130,1,2,0.5,0,0,0,2.0,0.8
1131,0,3,1.5,0,0,0,0.0,1.4
1132,0,3,1.5,0,0,0,0.0,2.0
1133,0,4,2.0,0,0,1,0.0,2.8
1134,0,5,2.5,0,0,0,0.0,3.8
1135,0,5,2.5,1,0,1,0.0,4.8
1136,0,5,2.5,0,0,0,0.0,5.8
1137,0,5,2.5,1,0,1,0.0,6.8
1138,0,4,2.0,0,0,0,0.0,7.0
1139,1,3,1.0,1,0,0,0.2,5.5
1140,1,2,0.5,0,0,1,0.4,3.75
1141,2,1,0.5,1,0,1,0.67,2.67
1142,3,0,1.5,0,0,0,1.17,0.0
1143,4,0,2.0,0,0,0,1.83,0.0
1144,4,0,2.0,1,0,0,2.14,0.0
1145,5,0,2.5,0,0,1,2.86,0.0
1146,5,0,2.5,0,1,0,3.57,0.0
1147,6,0,3.0,0,0,1,4.43,0.0
1148,6,0,3.0,0,1,1,5.29,0.0
1149,7,0,3.5,0,1,0,6.29,0.0
1150,7,1,3.0,0,0,1,7.29,0.25
1151,6,1,2.5,0,0,0,7.5,0.5
1152,5,2,1.5,0,0,0,6.5,1.0
1153,4,2,1.0,0,1,0,5.33,1.2
1154,3,3,0.0,0,0,0,4.8,1.8
1155,2,3,0.5,0,0,0,3.2,2.4
1156,1,4,1.5,0,0,0,1.6,3.2
1157,0,4,2.0,0,0,0,0.0,4.0
1158,0,5,2.5,0,0,0,0.0,5.0
1159,0,5,2.5,0,0,1,0.0,6.0
1160,0,5,2.5,0,0,0,0.0,7.0
1161,0,5,2.5,1,0,1,0.0,8.0
1162,0,5,2.5,0,0,0,0.0,9.0
1163,0,5,2.5,1,0,1,0.0,10.0
1164,1,4,1.5,0,0,0,0.2,10.0
1165,2,3,0.5,1,0,1,0.5,7.5
1166,2,2,0.0,0,0,0,0.83,5.0
1167,2,1,0.5,0,0,0,1.17,3.33
1168,3,0,1.5,0,0,0,1.67,0.0
1169,3,0,1.5,1,0,0,1.86,0.0
1170,3,0,1.5,0,0,1,2.29,0.0
1171,4,0,2.0,0,1,0,2.86,0.0
1172,5,0,2.5,0,0,1,3.57,0.0
1173,6,0,3.0,0,0,0,4.43,0.0
1174,7,0,3.5,0,1,1,5.43,0.0
1175,7,0,3.5,0,1,0,6.43,0.0
1176,7,0,3.5,0,0,1,7.43,0.0
1177,6,0,3.0,0,1,0,7.5,0.0
1178,5,0,2.5,0,0,1,6.17,0.0
1179,4,1,1.5,0,0,0,5.0,0.25
1180,3,1,1.0,0,1,0,4.8,0.4
1181,2,2,0.0,0,0,0,3.4,0.8
1182,1,2,0.5,0,0,0,2.25,1.2
1183,0,3,1.5,0,0,0,0.0,1.8
1184,0,4,2.0,0,0,0,0.0,2.6
1185,0,5,2.5,0,0,1,0.0,3.6
1186,0,5,2.5,0,0,1,0.0,4.6
1187,0,5,2.5,1,0,0,0.0,5.6
1188,0,5,2.5,0,0,1,0.0,6.6
1189,0,5,2.5,1,0,0,0.0,7.6
1190,0,4,2.0,0,0,1,0.0,7.75
1191,1,3,1.0,1,0,0,0.2,6.0
1192,1,2,0.5,0,0,1,0.4,4.25
1193,1,1,0.0,1,0,0,0.5,3.0
1194,2,0,1.0,0,0,0,0.83,0.0
1195,3,0,1.5,0,0,0,1.33,0.0
1196,3,0,1.5,1,0,1,1.57,0.0
1197,4,0,2.0,0,1,0,2.14,0.0
1198,4,0,2.0,0,0,1,2.71,0.0
1199,5,0,2.5,0,0,0,3.43,0.0
1200,5,0,2.5,0,1,1,4.14,0.0
1201,6,0,3.0,0,1,0,5.0,0.0
1202,7,0,3.5,0,0,1,6.0,0.0
1203,6,0,3.0,0,1,0,6.0,0.0
1204,5,1,2.0,0,0,1,5.17,0.25
1205,4,1,1.5,0,0,0,4.17,0.5
1206,3,1,1.0,0,1,0,3.8,0.6
1207,2,2,0.0,0,0,0,2.6,1.0
1208,1,2,0.5,0,0,0,1.4,1.4
1209,0,3,1.5,0,0,0,0.0,2.0
1210,0,4,2.0,0,0,0,0.0,2.8
1211,0,4,2.0,0,0,1,0.0,3.6
1212,0,5,2.5,0,0,0,0.0,4.6
1213,0,5,2.5,1,0,1,0.0,5.6
1214,1,5,2.0,0,0,0,0.25,6.6
1215,1,5,2.0,1,0,1,0.4,7.6
1216,2,4,1.0,0,0,1,0.8,7.5
1217,2,3,0.5,1,0,0,1.0,5.75
1218,3,2,0.5,0,0,0,1.5,4.0
1219,3,1,1.0,0,0,0,2.0,2.67
1220,3,0,1.5,1,0,0,2.14,0.0
1221,4,0,2.0,0,0,0,2.71,0.0
1222,4,0,2.0,0,0,0,3.29,0.0
1223,5,0,2.5,0,0,1,4.0,0.0
1224,6,0,3.0,0,1,1,4.86,0.0
1225,6,0,3.0,0,0,0,5.71,0.0
1226,7,0,3.5,0,1,1,6.71,0.0
1227,7,0,3.5,0,0,0,7.71,0.0
1228,7,0,3.5,0,1,0,8.71,0.0
1229,6,0,3.0,0,1,1,8.67,0.0
1230,5,0,2.5,0,0,1,7.17,0.0
1231,4,1,1.5,0,0,0,5.67,0.25
1232,3,2,0.5,0,1,0,5.2,0.6
1233,2,2,0.0,0,0,0,3.6,1.0
1234,1,2,0.5,0,0,0,1.8,1.4
1235,0,3,1.5,0,0,0,0.0,2.0
1236,0,4,2.0,0,0,0,0.0,2.8
1237,0,4,2.0,0,0,1,0.0,3.6
1238,0,5,2.5,0,0,1,0.0,4.6
1239,0,5,2.5,1,0,0,0.0,5.6
1240,0,5,2.5,0,0,0,0.0,6.6
1241,0,5,2.5,1,0,1,0.0,7.6
1242,1,4,1.5,0,0,1,0.2,7.75
1243,2,3,0.5,1,0,0,0.5,5.75
1244,2,2,0.0,0,0,0,0.83,4.0
1245,3,1,1.0,0,0,0,1.33,2.67
1246,4,0,2.0,1,0,0,1.71,0.0
1247,4,0,2.0,0,0,0,2.29,0.0
1248,5,0,2.5,0,0,0,3.0,0.0
1249,5,0,2.5,0,0,1,3.71,0.0
1250,5,0,2.5,0,1,0,4.43,0.0
1251,6,0,3.0,0,0,1,5.29,0.0
1252,7,0,3.5,0,1,0,6.29,0.0
1253,7,0,3.5,0,0,1,7.29,0.0
1254,7,0,3.5,0,1,1,8.29,0.0
1255,6,0,3.0,0,1,0,8.5,0.0
1256,5,0,2.5,0,0,1,7.17,0.0
1257,4,1,1.5,0,0,0,5.83,0.25
1258,3,1,1.0,0,1,0,4.33,0.4
1259,2,2,0.0,0,0,0,3.4,0.8
1260,1,3,1.0,0,0,0,1.8,1.4
1261,0,3,1.5,0,0,0,0.0,2.0
1262,0,4,2.0,0,0,0,0.0,2.8
1263,0,5,2.5,0,0,1,0.0,3.8
1264,0,5,2.5,0,0,0,0.0,4.8
1265,0,5,2.5,1,0,1,0.0,5.8
1266,0,5,2.5,0,0,0,0.0,6.8
1267,1,5,2.0,1,0,1,0.2,7.8
1268,1,4,1.5,0,0,1,0.4,8.0
1269,2,3,0.5,1,0,0,0.67,6.25
1270,2,2,0.0,0,0,0,1.0,4.25
1271,2,1,0.5,0,0,0,1.33,3.0
1272,3,0,1.5,1,0,0,1.57,0.0
1273,4,0,2.0,0,0,0,2.14,0.0
1274,5,0,2.5,0,0,1,2.86,0.0
1275,5,0,2.5,0,1,0,3.57,0.0
1276,6,0,3.0,0,0,1,4.43,0.0
1277,6,0,3.0,0,1,0,5.29,0.0
1278,7,0,3.5,0,0,1,6.29,0.0
1279,7,0,3.5,0,1,0,7.29,0.0
1280,7,0,3.5,0,1,1,8.29,0.0
1281,6,0,3.0,0,0,0,8.33,0.0
1282,5,1,2.0,0,0,1,7.0,0.25
1283,4,1,1.5,0,0,0,5.83,0.5
1284,3,2,0.5,0,1,0,5.4,0.8
1285,2,3,0.5,0,0,0,3.6,1.4
1286,1,3,1.0,0,0,0,1.8,2.0
1287,0,4,2.0,0,0,0,0.0,2.8
1288,0,4,2.0,0,0,0,0.0,3.6
1289,0,5,2.5,0,0,1,0.0,4.6
1290,0,5,2.5,0,0,0,0.0,5.6
1291,0,5,2.5,1,0,1,0.0,6.6
1292,0,5,2.5,0,0,0,0.0,7.6
1293,0,5,2.5,1,0,1,0.0,8.6
1294,1,4,1.5,0,0,0,0.2,8.75
1295,2,3,0.5,1,0,1,0.5,6.75
1296,3,2,0.5,0,0,0,1.0,4.5
1297,3,1,1.0,0,0,0,1.5,3.0
1298,3,0,1.5,1,0,0,1.71,0.0
1299,4,0,2.0,0,0,0,2.29,0.0
1300,5,0,2.5,0,0,0,3.0,0.0
1301,5,0,2.5,0,0,1,3.71,0.0
1302,6,0,3.0,0,1,0,4.57,0.0
1303,6,0,3.0,0,0,1,5.43,0.0
1304,7,0,3.5,0,1,0,6.43,0.0
1305,7,0,3.5,0,0,1,7.43,0.0
1306,7,0,3.5,0,1,0,8.43,0.0
1307,6,0,3.0,0,0,1,8.67,0.0
1308,5,1,2.0,0,0,0,7.33,0.25
1309,4,2,1.0,0,1,0,5.83,0.6
1310,3,3,0.0,0,0,0,5.4,1.2
1311,2,4,1.0,0,0,0,3.6,2.0
1312,1,4,1.5,0,0,0,2.25,2.8
1313,0,4,2.0,0,0,0,0.0,3.6
1314,0,5,2.5,0,0,1,0.0,4.6
1315,0,5,2.5,0,0,0,0.0,5.6
1316,0,5,2.5,0,0,0,0.0,6.6
1317,0,5,2.5,1,0,1,0.0,7.6
1318,0,5,2.5,0,0,0,0.0,8.6
1319,0,5,2.5,1,0,1,0.0,9.6
1320,0,4,2.0,0,0,0,0.0,10.0
1321,0,3,1.5,1,0,1,0.0,7.75
1322,1,2,0.5,0,0,0,0.2,5.25
1323,1,1,0.0,1,0,1,0.33,3.33
1324,2,0,1.0,0,0,0,0.67,0.0
1325,3,0,1.5,0,0,0,1.17,0.0
1326,4,0,2.0,1,0,1,1.57,0.0
1327,4,0,2.0,0,0,0,2.14,0.0
1328,5,0,2.5,0,1,1,2.86,0.0
1329,5,0,2.5,0,0,0,3.57,0.0
1330,6,0,3.0,0,1,1,4.43,0.0
1331,7,0,3.5,0,1,0,5.43,0.0
1332,6,1,2.5,0,0,1,6.14,0.25
1333,6,1,2.5,0,0,0,6.33,0.5
1334,5,1,2.0,0,1,0,5.5,0.6
1335,4,2,1.0,0,0,0,4.5,1.0
1336,3,3,0.0,0,0,0,3.33,1.6
1337,2,4,1.0,0,0,0,2.6,2.4
1338,1,4,1.5,0,0,0,1.2,3.2
1339,1,5,2.0,0,0,0,1.75,4.2
1340,0,5,2.5,0,0,0,0.0,5.2
1341,0,5,2.5,0,0,1,0.0,6.2
1342,0,5,2.5,0,0,0,0.0,7.2
1343,0,5,2.5,1,0,1,0.0,8.2
1344,0,5,2.5,0,0,0,0.0,9.2
1345,0,5,2.5,1,0,1,0.0,10.2
1346,1,4,1.5,0,0,0,0.2,10.25
1347,1,3,1.0,1,0,1,0.33,8.0
1348,2,2,0.0,0,0,0,0.67,5.5
1349,2,1,0.5,0,0,0,1.0,3.67
1350,3,0,1.5,0,0,0,1.5,0.0
1351,4,0,2.0,1,0,0,1.86,0.0
1352,5,0,2.5,0,0,1,2.57,0.0
1353,5,0,2.5,0,1,0,3.29,0.0
1354,5,0,2.5,0,0,1,4.0,0.0
1355,6,0,3.0,0,0,0,4.86,0.0
1356,6,0,3.0,0,1,1,5.71,0.0
1357,7,0,3.5,0,1,0,6.71,0.0
1358,7,0,3.5,0,0,1,7.71,0.0
1359,6,0,3.0,0,1,1,7.83,0.0
1360,5,1,2.0,0,0,0,6.67,0.25
1361,4,1,1.5,0,1,0,5.5,0.4
1362,3,2,0.5,0,0,0,5.0,0.8
1363,2,3,0.5,0,0,0,3.2,1.4
1364,1,3,1.0,0,0,0,1.6,2.0
1365,0,4,2.0,0,0,0,0.0,2.8
1366,0,4,2.0,0,0,0,0.0,3.6
1367,0,5,2.5,0,0,1,0.0,4.6
1368,0,5,2.5,0,0,0,0.0,5.6
1369,0,5,2.5,1,0,1,0.0,6.6
1370,0,5,2.5,0,0,0,0.0,7.6
1371,0,5,2.5,1,0,1,0.0,8.6
1372,1,4,1.5,0,0,0,0.2,8.75
1373,2,3,0.5,1,0,1,0.5,6.75
1374,2,2,0.0,0,0,0,0.83,4.5
1375,3,1,1.0,0,0,0,1.33,3.0
1376,4,0,2.0,1,0,0,1.71,0.0
1377,4,0,2.0,0,0,0,2.29,0.0
1378,5,0,2.5,0,0,1,3.0,0.0
1379,5,0,2.5,0,1,0,3.71,0.0
1380,6,0,3.0,0,0,1,4.57,0.0
1381,7,0,3.5,0,0,0,5.57,0.0
1382,7,0,3.5,0,1,1,6.57,0.0
1383,7,0,3.5,0,0,0,7.57,0.0
1384,7,0,3.5,0,1,1,8.57,0.0
1385,6,0,3.0,0,0,0,8.83,0.0
1386,5,0,2.5,0,1,1,7.5,0.0
1387,4,1,1.5,0,0,0,6.17,0.25
1388,3,2,0.5,0,1,0,5.6,0.6
1389,2,3,0.5,0,0,0,3.8,1.2
1390,1,3,1.0,0,0,0,2.0,1.8
1391,0,3,1.5,0,0,0,0.0,2.4
1392,0,3,1.5,0,0,0,0.0,3.0
1393,0,4,2.0,0,0,1,0.0,3.8
1394,0,5,2.5,0,0,0,0.0,4.8
1395,0,5,2.5,1,0,1,0.0,5.8
1396,0,5,2.5,0,0,0,0.0,6.8
1397,0,5,2.5,1,0,1,0.0,7.8
1398,0,4,2.0,0,0,0,0.0,8.0
1399,1,3,1.0,1,0,1,0.2,6.0
1400,1,2,0.5,0,0,0,0.4,3.75
1401,2,1,0.5,1,0,1,0.67,2.67
1402,2,0,1.0,0,0,0,1.0,0.0
1403,3,0,1.5,0,0,0,1.5,0.0
1404,3,0,1.5,1,0,1,1.71,0.0
1405,4,0,2.0,0,0,0,2.29,0.0
1406,4,0,2.0,0,1,1,2.86,0.0
1407,5,0,2.5,0,0,0,3.57,0.0
1408,5,0,2.5,0,1,1,4.29,0.0
1409,6,0,3.0,0,0,0,5.14,0.0
1410,7,0,3.5,0,1,1,6.14,0.0
1411,6,0,3.0,0,0,0,6.17,0.0
1412,5,0,2.5,0,1,1,5.17,0.0
1413,4,1,1.5,0,0,0,4.17,0.25
1414,3,1,1.0,0,0,0,3.8,0.5
1415,2,1,0.5,0,1,0,2.6,0.6
1416,1,2,0.5,0,0,0,1.4,1.0
1417,0,2,1.0,0,0,0,0.0,1.4
1418,0,3,1.5,0,0,0,0.0,2.0
1419,0,4,2.0,0,0,1,0.0,2.8
1420,0,4,2.0,0,0,0,0.0,3.6
1421,0,5,2.5,0,0,1,0.0,4.6
1422,0,5,2.5,1,0,0,0.0,5.6
1423,0,5,2.5,0,0,0,0.0,6.6
1424,0,4,2.0,1,0,1,0.0,6.5
1425,1,3,1.0,0,0,1,0.25,5.0
1426,1,2,0.5,1,0,0,0.4,3.5
1427,2,1,0.5,0,0,1,0.8,2.33
1428,2,0,1.0,1,0,0,1.0,0.0
1429,3,0,1.5,0,0,0,1.5,0.0
1430,4,0,2.0,0,0,0,2.17,0.0
1431,4,0,2.0,1,0,1,2.43,0.0
1432,5,0,2.5,0,1,1,3.14,0.0
1433,5,0,2.5,0,0,0,3.86,0.0
1434,5,0,2.5,0,1,1,4.57,0.0
1435,6,0,3.0,0,0,0,5.43,0.0
1436,7,0,3.5,0,1,1,6.43,0.0
1437,6,0,3.0,0,0,0,6.5,0.0
1438,5,1,2.0,0,1,1,5.5,0.25
1439,4,1,1.5,0,0,0,4.5,0.5
1440,3,2,0.5,0,1,0,4.0,0.8
1441,2,2,0.0,0,0,0,2.6,1.2
1442,1,3,1.0,0,0,0,1.4,1.8
1443,0,3,1.5,0,0,0,0.0,2.4
1444,0,4,2.0,0,0,0,0.0,3.2
1445,0,5,2.5,0,0,1,0.0,4.2
1446,0,5,2.5,0,0,0,0.0,5.2
1447,0,5,2.5,1,0,1,0.0,6.2
1448,0,5,2.5,0,0,0,0.0,7.2
1449,0,5,2.5,1,0,1,0.0,8.2
1450,0,4,2.0,0,0,1,0.0,8.25
1451,0,3,1.5,1,0,0,0.0,6.25
1452,1,2,0.5,0,0,0,0.2,4.25
1453,1,1,0.0,1,0,1,0.33,3.0
1454,2,0,1.0,0,0,0,0.67,0.0
1455,3,0,1.5,0,0,0,1.17,0.0
1456,3,0,1.5,1,0,1,1.43,0.0
1457,4,0,2.0,0,1,0,2.0,0.0
1458,5,0,2.5,0,0,1,2.71,0.0
1459,6,0,3.0,0,1,1,3.57,0.0
1460,7,0,3.5,0,0,0,4.57,0.0
1461,7,0,3.5,0,1,1,5.57,0.0
1462,7,0,3.5,0,0,0,6.57,0.0
1463,6,0,3.0,0,1,1,6.83,0.0
1464,5,0,2.5,0,0,0,6.0,0.0
1465,4,1,1.5,0,0,0,5.0,0.25
1466,3,1,1.0,0,1,0,4.8,0.4
1467,2,2,0.0,0,0,0,3.4,0.8
1468,1,3,1.0,0,0,0,1.8,1.4
1469,0,4,2.0,0,0,0,0.0,2.2
1470,0,4,2.0,0,0,0,0.0,3.0
1471,0,5,2.5,0,0,1,0.0,4.0
1472,0,5,2.5,0,0,0,0.0,5.0
1473,0,5,2.5,1,0,0,0.0,6.0
1474,0,5,2.5,0,0,1,0.0,7.0
1475,0,5,2.5,1,0,1,0.0,8.0
1476,0,4,2.0,0,0,0,0.0,8.25
1477,1,3,1.0,0,0,1,0.2,6.5
1478,2,2,0.0,1,0,0,0.5,4.5
1479,3,1,1.0,0,0,0,1.0,3.0
1480,3,0,1.5,0,0,0,1.5,0.0
1481,4,0,2.0,1,0,0,1.86,0.0
1482,4,0,2.0,0,0,0,2.43,0.0
1483,5,0,2.5,0,1,1,3.14,0.0
1484,6,0,3.0,0,0,0,4.0,0.0
1485,6,0,3.0,0,0,1,4.86,0.0
1486,7,0,3.5,0,1,0,5.86,0.0
1487,7,0,3.5,0,0,1,6.86,0.0
1488,7,0,3.5,0,1,0,7.86,0.0
1489,6,1,2.5,0,0,1,8.17,0.25
1490,5,1,2.0,0,0,0,7.0,0.5
1491,4,2,1.0,0,1,0,5.67,0.8
1492,3,2,0.5,0,0,0,5.2,1.2
1493,2,3,0.5,0,0,0,3.6,1.8
1494,1,4,1.5,0,0,0,2.25,2.6
1495,0,4,2.0,0,0,0,0.0,3.4
1496,0,5,2.5,0,0,0,0.0,4.4
1497,0,5,2.5,0,0,1,0.0,5.4
1498,0,5,2.5,0,0,0,0.0,6.4
1499,0,5,2.5,1,0,1,0.0,7.4
1500,0,5,2.5,0,0,1,0.0,8.4
1501,0,5,2.5,1,0,0,0.0,9.4
1502,0,4,2.0,1,0,1,0.0,9.5
1503,1,3,1.0,0,0,0,0.2,7.25
1504,1,2,0.5,1,0,1,0.33,5.0
1505,2,1,0.5,0,0,0,0.67,3.33
1506,2,0,1.0,0,0,0,1.0,0.0
1507,3,0,1.5,0,0,0,1.5,0.0
1508,3,0,1.5,0,0,1,2.0,0.0
1509,4,0,2.0,1,0,0,2.29,0.0
1510,4,0,2.0,0,1,1,2.86,0.0
1511,4,0,2.0,0,0,0,3.43,0.0
1512,5,0,2.5,0,1,1,4.14,0.0
1513,6,0,3.0,0,0,0,5.0,0.0
1514,7,0,3.5,0,1,1,6.0,0.0
1515,6,0,3.0,0,0,0,6.0,0.0
1516,5,0,2.5,0,1,1,5.0,0.0
1517,4,1,1.5,0,0,0,4.0,0.25
1518,3,1,1.0,0,1,0,3.6,0.4
1519,2,2,0.0,0,0,0,2.6,0.8
1520,1,3,1.0,0,0,0,1.4,1.4
1521,0,3,1.5,0,0,0,0.0,2.0
1522,0,4,2.0,0,0,1,0.0,2.8
1523,0,5,2.5,0,0,0,0.0,3.8
1524,0,5,2.5,0,0,0,0.0,4.8
1525,0,5,2.5,1,0,1,0.0,5.8
1526,0,5,2.5,0,0,0,0.0,6.8
1527,0,5,2.5,1,0,1,0.0,7.8
1528,1,4,1.5,0,0,0,0.2,8.0
1529,1,3,1.0,1,0,1,0.33,6.25
1530,2,2,0.0,0,0,0,0.67,4.25
1531,2,1,0.5,0,0,0,1.0,3.0
1532,3,0,1.5,0,0,0,1.5,0.0
1533,4,0,2.0,1,0,0,1.86,0.0
1534,4,0,2.0,0,0,1,2.43,0.0
1535,4,0,2.0,0,1,0,3.0,0.0
1536,5,0,2.5,0,0,1,3.71,0.0
1537,6,0,3.0,0,0,0,4.57,0.0
1538,6,0,3.0,0,1,1,5.43,0.0
1539,7,0,3.5,0,1,0,6.43,0.0
1540,7,0,3.5,0,0,1,7.43,0.0
1541,6,0,3.0,0,1,0,7.5,0.0
1542,5,1,2.0,0,0,1,6.33,0.25
1543,4,2,1.0,0,0,0,5.17,0.75
1544,3,2,0.5,0,1,0,4.6,1.0
1545,2,3,0.5,0,0,0,3.2,1.6
1546,1,3,1.0,0,0,0,1.6,2.2
1547,0,3,1.5,0,0,0,0.0,2.8
1548,0,4,2.0,0,0,0,0.0,3.6
1549,0,5,2.5,0,0,0,0.0,4.6
1550,0,5,2.5,0,0,1,0.0,5.6
1551,0,5,2.5,1,0,1,0.0,6.6
1552,1,5,2.0,0,0,0,0.25,7.6
1553,1,5,2.0,1,0,1,0.4,8.6
1554,1,4,1.5,0,0,0,0.6,8.75
1555,2,3,0.5,1,0,1,0.83,6.5
1556,3,2,0.5,0,0,0,1.33,4.25
1557,3,1,1.0,0,0,0,1.83,3.0
1558,3,0,1.5,1,0,0,2.0,0.0
1559,4,0,2.0,0,0,0,2.57,0.0
1560,5,0,2.5,0,0,1,3.29,0.0
1561,5,0,2.5,0,1,0,4.0,0.0
1562,6,0,3.0,0,0,1,4.86,0.0
1563,6,0,3.0,0,0,0,5.71,0.0
1564,7,0,3.5,0,1,0,6.71,0.0
1565,7,0,3.5,0,1,1,7.71,0.0
1566,7,0,3.5,0,0,1,8.71,0.0
1567,6,0,3.0,0,1,0,8.67,0.0
1568,5,1,2.0,0,0,1,7.33,0.25
1569,4,1,1.5,0,0,0,5.83,0.5
1570,3,2,0.5,0,1,0,5.4,0.8
1571,2,2,0.0,0,0,0,3.6,1.2
1572,1,3,1.0,0,0,0,2.25,1.8
1573,0,3,1.5,0,0,0,0.0,2.4
1574,0,3,1.5,0,0,0,0.0,3.0
1575,0,4,2.0,0,0,1,0.0,3.8
1576,0,5,2.5,0,0,0,0.0,4.8
1577,0,5,2.5,1,0,1,0.0,5.8
1578,0,5,2.5,0,0,0,0.0,6.8
1579,0,5,2.5,1,0,1,0.0,7.8
1580,0,4,2.0,0,0,1,0.0,7.75
1581,1,3,1.0,1,0,0,0.2,5.75
1582,1,2,0.5,0,0,1,0.4,3.75
1583,2,1,0.5,1,0,0,0.67,2.67
1584,3,0,1.5,0,0,0,1.17,0.0
1585,3,0,1.5,0,0,0,1.67,0.0
1586,4,0,2.0,1,0,1,2.0,0.0
1587,4,0,2.0,0,0,0,2.57,0.0
1588,4,0,2.0,0,1,1,3.14,0.0
1589,5,0,2.5,0,0,0,3.86,0.0
1590,6,0,3.0,0,1,0,4.71,0.0
1591,6,0,3.0,0,1,1,5.57,0.0
1592,7,1,3.0,0,0,0,6.57,0.25
1593,6,1,2.5,0,0,1,6.67,0.5
1594,5,1,2.0,0,1,0,5.67,0.6
1595,4,1,1.5,0,0,0,4.5,0.8
1596,3,2,0.5,0,0,0,4.0,1.2
1597,2,2,0.0,0,0,0,2.8,1.6
1598,1,3,1.0,0,0,0,1.75,2.2
1599,0,4,2.0,0,0,0,0.0,3.0
1600,0,4,2.0,0,0,0,0.0,3.8
1601,0,5,2.5,0,0,1,0.0,4.8
1602,0,5,2.5,0,0,0,0.0,5.8
1603,0,5,2.5,1,0,1,0.0,6.8
1604,0,5,2.5,0,0,0,0.0,7.8
1605,1,5,2.0,1,0,1,0.2,8.8
1606,1,4,1.5,0,0,0,0.4,8.5
1607,1,3,1.0,1,0,1,0.5,6.5
1608,2,2,0.0,0,0,0,0.83,4.5
1609,2,1,0.5,0,0,0,1.17,3.0
1610,3,0,1.5,1,0,0,1.43,0.0
1611,4,0,2.0,0,0,0,2.0,0.0
1612,5,0,2.5,0,0,1,2.71,0.0
1613,6,0,3.0,0,0,0,3.57,0.0
1614,6,0,3.0,0,1,1,4.43,0.0
1615,7,0,3.5,0,0,0,5.43,0.0
1616,7,0,3.5,0,1,1,6.43,0.0
1617,7,0,3.5,0,0,0,7.43,0.0
1618,7,0,3.5,0,1,1,8.43,0.0
1619,6,0,3.0,0,1,0,8.5,0.0
1620,5,0,2.5,0,0,1,7.33,0.0
1621,4,1,1.5,0,0,0,6.17,0.25
1622,3,2,0.5,0,0,0,5.8,0.75
1623,2,2,0.0,0,1,0,4.0,1.0
1624,1,3,1.0,0,0,0,2.5,1.6
1625,0,3,1.5,0,0,0,0.0,2.2
1626,0,4,2.0,0,0,0,0.0,3.0
1627,0,5,2.5,0,0,1,0.0,4.0
1628,0,5,2.5,0,0,0,0.0,5.0
1629,0,5,2.5,1,0,1,0.0,6.0
1630,0,5,2.5,0,0,0,0.0,7.0
1631,0,5,2.5,1,0,1,0.0,8.0
1632,0,4,2.0,0,0,1,0.0,8.25
1633,0,3,1.5,1,0,0,0.0,6.25
1634,1,2,0.5,0,0,1,0.2,4.25
1635,1,1,0.0,1,0,0,0.33,2.25
1636,2,0,1.0,0,0,0,0.67,0.0
1637,3,0,1.5,0,0,0,1.17,0.0
1638,4,0,2.0,1,0,0,1.57,0.0
1639,4,0,2.0,0,0,1,2.14,0.0
1640,5,0,2.5,0,1,0,2.86,0.0
1641,5,0,2.5,0,0,1,3.57,0.0
1642,6,0,3.0,0,1,1,4.43,0.0
1643,7,0,3.5,0,0,0,5.43,0.0
1644,7,0,3.5,0,1,1,6.43,0.0
1645,6,0,3.0,0,1,0,6.67,0.0
1646,5,1,2.0,0,0,1,5.83,0.25
1647,4,2,1.0,0,0,0,4.83,0.75
1648,3,2,0.5,0,1,0,4.4,1.0
1649,2,3,0.5,0,0,0,3.0,1.6
1650,1,3,1.0,0,0,0,1.6,2.2
1651,0,3,1.5,0,0,0,0.0,2.8
1652,0,4,2.0,0,0,0,0.0,3.6
1653,0,5,2.5,0,0,1,0.0,4.6
1654,0,5,2.5,0,0,0,0.0,5.6
1655,0,5,2.5,0,0,1,0.0,6.6
1656,0,5,2.5,1,0,0,0.0,7.6
1657,0,5,2.5,0,0,1,0.0,8.6
1658,0,4,2.0,1,0,1,0.0,8.75
1659,1,3,1.0,0,0,0,0.25,6.5
1660,1,2,0.5,1,0,1,0.4,4.25
1661,2,1,0.5,0,0,0,0.8,3.0
1662,2,0,1.0,1,0,0,1.0,0.0
1663,3,0,1.5,0,0,0,1.5,0.0
1664,3,0,1.5,0,0,1,2.0,0.0
1665,4,0,2.0,1,1,0,2.29,0.0
1666,5,0,2.5,0,0,0,3.0,0.0
1667,5,0,2.5,0,0,1,3.71,0.0
1668,6,0,3.0,0,1,1,4.57,0.0
1669,6,0,3.0,0,0,0,5.43,0.0
1670,6,0,3.0,0,1,1,6.29,0.0
1671,6,0,3.0,0,0,0,6.33,0.0
1672,5,1,2.0,0,1,1,5.33,0.25
1673,4,1,1.5,0,0,0,4.33,0.5
1674,3,1,1.0,0,0,0,3.33,0.75
1675,2,2,0.0,0,0,0,2.6,1.25
1676,1,3,1.0,0,0,0,1.2,2.0
1677,1,3,1.0,0,0,0,1.75,2.75
1678,0,4,2.0,0,0,0,0.0,3.75
1679,0,4,2.0,0,0,1,0.0,4.75
1680,0,4,2.0,0,0,0,0.0,5.75
1681,0,4,2.0,0,0,0,0.0,6.75
1682,0,4,2.0,1,0,1,0.0,7.75
1683,0,4,2.0,0,0,0,0.0,8.75
1684,1,3,1.0,1,0,1,0.2,8.67
1685,1,2,0.5,0,0,1,0.4,6.0
1686,2,1,0.5,1,0,0,0.67,3.0
1687,2,0,1.0,0,0,0,1.0,0.0
1688,3,0,1.5,0,0,0,1.5,0.0
1689,4,0,2.0,1,0,0,1.86,0.0
1690,4,0,2.0,0,0,1,2.43,0.0
1691,5,0,2.5,0,0,0,3.14,0.0
1692,6,0,3.0,0,0,1,4.0,0.0
1693,6,0,3.0,0,0,0,4.86,0.0
1694,7,0,3.5,0,0,1,5.86,0.0
1695,7,0,3.5,0,0,0,6.86,0.0
1696,7,0,3.5,0,0,1,7.86,0.0
1697,6,0,3.0,0,0,0,8.0,0.0
1698,5,0,2.5,0,0,0,6.83,0.0
1699,4,0,2.0,0,0,0,5.67,0.0
1700,3,0,1.5,0,0,0,5.2,0.0
1701,2,0,1.0,0,0,0,3.6,0.0
1702,1,0,0.5,0,0,0,1.8,0.0
1703,0,0,0.0,0,0,0,0.0,0.0
1704,0,0,0.0,0,0,0,0.0,0.0
1705,0,0,0.0,0,0,1,0.0,0.0
1706,0,0,0.0,0,0,0,0.0,0.0
1707,0,0,0.0,1,0,1,0.0,0.0
1708,0,0,0.0,0,0,1,0.0,0.0
1709,0,0,0.0,1,0,0,0.0,0.0
1710,0,0,0.0,0,0,1,0.0,0.0
1711,0,0,0.0,1,0,0,0.0,0.0
1712,1,0,0.5,0,0,1,0.2,0.0
1713,1,0,0.5,1,0,0,0.33,0.0
1714,2,0,1.0,0,0,0,0.67,0.0
1715,3,0,1.5,0,0,0,1.17,0.0
1716,4,0,2.0,1,0,0,1.57,0.0
1717,5,0,2.5,0,0,0,2.29,0.0
1718,5,0,2.5,0,0,0,3.0,0.0
1719,6,0,3.0,0,0,0,3.86,0.0
1720,7,0,3.5,0,0,0,4.86,0.0
1721,7,0,3.5,0,0,0,5.86,0.0
1722,7,0,3.5,0,0,0,6.86,0.0
1723,6,0,3.0,0,0,0,7.17,0.0
1724,5,0,2.5,0,0,0,6.33,0.0
1725,4,0,2.0,0,0,0,5.33,0.0
1726,3,0,1.5,0,0,0,5.0,0.0
1727,2,0,1.0,0,0,0,3.4,0.0
1728,1,0,0.5,0,0,0,1.8,0.0
1729,0,0,0.0,0,0,0,0.0,0.0
1730,0,0,0.0,0,0,0,0.0,0.0
1731,0,0,0.0,0,0,1,0.0,0.0
1732,0,0,0.0,0,0,0,0.0,0.0
1733,0,0,0.0,1,0,1,0.0,0.0
1734,0,0,0.0,0,0,0,0.0,0.0
1735,0,0,0.0,1,0,1,0.0,0.0
1736,0,0,0.0,1,0,1,0.0,0.0
1737,0,0,0.0,0,0,0,0.0,0.0
1738,0,0,0.0,1,0,1,0.0,0.0
1739,1,0,0.5,0,0,0,0.17,0.0
1740,3,0,1.5,0,0,0,0.67,0.0
1741,3,0,1.5,0,0,0,1.17,0.0
1742,3,0,1.5,1,0,0,1.43,0.0
1743,4,0,2.0,0,0,0,2.0,0.0
1744,5,0,2.5,0,0,0,2.71,0.0
1745,5,0,2.5,0,0,0,3.43,0.0
1746,6,0,3.0,0,0,0,4.29,0.0
1747,6,0,3.0,0,0,0,5.14,0.0
1748,7,0,3.5,0,0,0,6.14,0.0
1749,6,0,3.0,0,0,0,6.5,0.0
1750,5,0,2.5,0,0,0,5.67,0.0
1751,4,0,2.0,0,0,0,4.5,0.0
1752,3,0,1.5,0,0,0,4.2,0.0
1753,2,0,1.0,0,0,0,2.8,0.0
1754,1,0,0.5,0,0,0,1.75,0.0
1755,0,0,0.0,0,0,0,0.0,0.0
1756,0,0,0.0,0,0,0,0.0,0.0
1757,0,0,0.0,0,0,1,0.0,0.0
1758,0,0,0.0,0,0,0,0.0,0.0
1759,0,0,0.0,1,0,1,0.0,0.0
1760,0,0,0.0,0,0,0,0.0,0.0
1761,0,0,0.0,1,0,1,0.0,0.0
1762,0,0,0.0,0,0,0,0.0,0.0
1763,1,0,0.5,1,0,1,0.2,0.0
1764,1,0,0.5,0,0,1,0.4,0.0
1765,2,0,1.0,1,0,0,0.67,0.0
1766,2,0,1.0,0,0,0,1.0,0.0
1767,3,0,1.5,0,0,0,1.5,0.0
1768,4,0,2.0,1,0,0,1.86,0.0
1769,4,0,2.0,0,0,0,2.43,0.0
1770,4,0,2.0,0,0,0,3.0,0.0
1771,5,0,2.5,0,0,0,3.71,0.0
1772,5,0,2.5,0,0,0,4.43,0.0
1773,6,0,3.0,0,0,0,5.29,0.0
1774,6,0,3.0,0,0,0,6.14,0.0
1775,6,0,3.0,0,0,0,6.17,0.0
1776,5,0,2.5,0,0,0,5.17,0.0
1777,4,0,2.0,0,0,0,4.17,0.0
1778,3,0,1.5,0,0,0,3.6,0.0
1779,2,0,1.0,0,0,0,2.4,0.0
1780,1,0,0.5,0,0,0,1.5,0.0
1781,0,0,0.0,0,0,0,0.0,0.0
1782,0,0,0.0,0,0,0,0.0,0.0
1783,0,0,0.0,0,0,1,0.0,0.0
1784,0,0,0.0,0,0,0,0.0,0.0
1785,0,0,0.0,1,0,1,0.0,0.0
1786,0,0,0.0,0,0,0,0.0,0.0
1787,0,0,0.0,1,0,0,0.0,0.0
1788,1,0,0.5,1,0,1,0.2,0.0
1789,1,0,0.5,0,0,1,0.4,0.0
1790,1,0,0.5,1,0,0,0.5,0.0
1791,2,0,1.0,0,0,1,0.83,0.0
1792,2,0,1.0,0,0,0,1.17,0.0
1793,3,0,1.5,1,0,0,1.43,0.0
1794,3,0,1.5,0,0,0,1.86,0.0
1795,4,0,2.0,0,0,0,2.43,0.0
1796,4,0,2.0,0,0,0,3.0,0.0
1797,4,0,2.0,0,0,0,3.57,0.0
1798,6,0,3.0,0,0,0,4.43,0.0
1799,7,0,3.5,0,0,0,5.43,0.0
1800,7,0,3.5,0,0,0,6.43,0.0
1801,6,0,3.0,0,0,0,6.33,0.0
1802,5,0,2.5,0,0,0,5.33,0.0
1803,4,0,2.0,0,0,0,4.33,0.0
1804,3,0,1.5,0,0,0,4.0,0.0
1805,2,0,1.0,0,0,0,3.0,0.0
1806,1,0,0.5,0,0,0,2.0,0.0
1807,0,0,0.0,0,0,0,0.0,0.0
1808,0,0,0.0,0,0,0,0.0,0.0
1809,0,0,0.0,0,0,1,0.0,0.0
1810,0,0,0.0,0,0,0,0.0,0.0
1811,0,0,0.0,1,0,1,0.0,0.0
1812,0,0,0.0,0,0,0,0.0,0.0
1813,0,0,0.0,1,0,1,0.0,0.0
1814,0,0,0.0,0,0,0,0.0,0.0
1815,1,0,0.5,1,0,1,0.2,0.0
1816,1,0,0.5,0,0,1,0.4,0.0
1817,2,0,1.0,1,0,0,0.67,0.0
1818,3,0,1.5,0,0,0,1.17,0.0
1819,3,0,1.5,0,0,0,1.67,0.0
1820,3,0,1.5,1,0,0,1.86,0.0
1821,4,0,2.0,0,0,0,2.43,0.0
1822,4,0,2.0,0,0,0,3.0,0.0
1823,5,0,2.5,0,0,0,3.71,0.0
1824,6,0,3.0,0,0,0,4.57,0.0
1825,6,0,3.0,0,0,0,5.43,0.0
1826,7,0,3.5,0,0,0,6.43,0.0
1827,6,0,3.0,0,0,0,6.5,0.0
1828,5,0,2.5,0,0,0,5.5,0.0
1829,4,0,2.0,0,0,0,4.33,0.0
1830,3,0,1.5,0,0,0,4.0,0.0
1831,2,0,1.0,0,0,0,2.8,0.0
1832,1,0,0.5,0,0,0,1.4,0.0
1833,0,0,0.0,0,0,0,0.0,0.0
1834,0,0,0.0,0,0,0,0.0,0.0
1835,0,0,0.0,0,0,1,0.0,0.0
1836,0,0,0.0,0,0,0,0.0,0.0
1837,0,0,0.0,1,0,1,0.0,0.0
1838,0,0,0.0,0,0,0,0.0,0.0
1839,0,0,0.0,1,0,1,0.0,0.0
1840,0,0,0.0,0,0,0,0.0,0.0
1841,1,0,0.5,1,0,1,0.2,0.0
1842,1,0,0.5,0,0,0,0.4,0.0
1843,2,0,1.0,1,0,1,0.67,0.0
1844,2,0,1.0,0,0,0,1.0,0.0
1845,3,0,1.5,0,0,0,1.5,0.0
1846,4,0,2.0,1,0,0,1.86,0.0
1847,4,0,2.0,0,0,0,2.43,0.0
1848,5,0,2.5,0,0,0,3.14,0.0
1849,6,0,3.0,0,0,0,4.0,0.0
1850,6,0,3.0,0,0,0,4.86,0.0
1851,7,0,3.5,0,0,0,5.86,0.0
1852,7,0,3.5,0,0,0,6.86,0.0
1853,6,0,3.0,0,0,0,7.0,0.0
1854,5,0,2.5,0,0,0,6.0,0.0
1855,4,0,2.0,0,0,0,5.0,0.0
1856,3,0,1.5,0,0,0,4.6,0.0
1857,2,0,1.0,0,0,0,3.2,0.0
1858,1,0,0.5,0,0,0,2.0,0.0
1859,0,0,0.0,0,0,0,0.0,0.0
1860,0,0,0.0,0,0,0,0.0,0.0
1861,0,0,0.0,0,0,1,0.0,0.0
1862,0,0,0.0,0,0,0,0.0,0.0
1863,0,0,0.0,0,0,1,0.0,0.0
1864,0,0,0.0,1,0,0,0.0,0.0
1865,0,0,0.0,0,0,1,0.0,0.0
1866,0,0,0.0,1,0,0,0.0,0.0
1867,1,0,0.5,0,0,1,0.25,0.0
1868,1,0,0.5,1,0,1,0.4,0.0
1869,1,0,0.5,0,0,0,0.6,0.0
1870,2,0,1.0,1,0,0,0.83,0.0
1871,3,0,1.5,0,0,0,1.33,0.0
1872,4,0,2.0,0,0,0,2.0,0.0
1873,4,0,2.0,1,0,0,2.29,0.0
1874,4,0,2.0,0,0,0,2.86,0.0
1875,5,0,2.5,0,0,0,3.57,0.0
1876,6,0,3.0,0,0,0,4.43,0.0
1877,7,0,3.5,0,0,0,5.43,0.0
1878,7,0,3.5,0,0,0,6.43,0.0
1879,6,0,3.0,0,0,0,6.5,0.0
1880,5,0,2.5,0,0,0,5.67,0.0
1881,4,0,2.0,0,0,0,4.67,0.0
1882,3,0,1.5,0,0,0,3.5,0.0
1883,2,0,1.0,0,0,0,3.0,0.0
1884,1,0,0.5,0,0,0,1.6,0.0
1885,0,0,0.0,0,0,0,0.0,0.0
1886,0,0,0.0,0,0,0,0.0,0.0
1887,0,0,0.0,0,0,0,0.0,0.0
1888,0,0,0.0,0,0,1,0.0,0.0
1889,0,0,0.0,0,0,0,0.0,0.0
1890,0,0,0.0,1,0,1,0.0,0.0
1891,0,0,0.0,0,0,0,0.0,0.0
1892,1,0,0.5,1,0,1,0.2,0.0
1893,1,0,0.5,0,0,0,0.4,0.0
1894,1,0,0.5,1,0,1,0.5,0.0
1895,2,0,1.0,0,0,0,0.83,0.0
1896,3,0,1.5,0,0,0,1.33,0.0
1897,4,0,2.0,1,0,0,1.71,0.0
1898,4,0,2.0,0,0,0,2.29,0.0
1899,5,0,2.5,0,0,0,3.0,0.0
1900,6,0,3.0,0,0,0,3.86,0.0
1901,5,0,2.5,0,0,0,4.43,0.0
1902,7,0,3.5,0,0,0,5.43,0.0
1903,7,0,3.5,0,0,0,6.43,0.0
1904,7,0,3.5,0,0,0,7.43,0.0
1905,6,0,3.0,0,0,0,7.5,0.0
1906,5,0,2.5,0,0,0,6.5,0.0
1907,4,0,2.0,0,0,0,5.33,0.0
1908,3,0,1.5,0,0,0,4.8,0.0
1909,2,0,1.0,0,0,0,3.2,0.0
1910,1,0,0.5,0,0,0,1.8,0.0
1911,0,0,0.0,0,0,0,0.0,0.0
1912,0,0,0.0,0,0,0,0.0,0.0
1913,0,0,0.0,0,0,1,0.0,0.0
1914,0,0,0.0,0,0,0,0.0,0.0
1915,0,0,0.0,1,0,1,0.0,0.0
1916,1,0,0.5,0,0,0,0.25,0.0
1917,1,0,0.5,1,0,1,0.4,0.0
1918,2,0,1.0,0,0,1,0.8,0.0
1919,2,0,1.0,1,0,0,1.0,0.0
1920,3,0,1.5,0,0,0,1.5,0.0
1921,4,0,2.0,0,0,0,2.17,0.0
1922,4,0,2.0,1,0,0,2.43,0.0
1923,5,0,2.5,0,0,0,3.14,0.0
1924,5,0,2.5,0,0,0,3.86,0.0
1925,6,0,3.0,0,0,0,4.71,0.0
1926,6,0,3.0,0,0,0,5.57,0.0
1927,7,0,3.5,0,0,0,6.57,0.0
1928,7,0,3.5,0,0,0,7.57,0.0
1929,7,0,3.5,0,0,0,8.57,0.0
1930,7,0,3.5,0,0,0,9.57,0.0
1931,6,0,3.0,0,0,0,9.67,0.0
1932,5,0,2.5,0,0,0,8.17,0.0
1933,4,0,2.0,0,0,0,6.67,0.0
1934,3,0,1.5,0,0,0,6.0,0.0
1935,2,0,1.0,0,0,0,4.0,0.0
1936,1,0,0.5,0,0,0,2.0,0.0
1937,0,0,0.0,0,0,0,0.0,0.0
1938,0,0,0.0,0,0,0,0.0,0.0
1939,0,0,0.0,0,0,1,0.0,0.0
1940,0,0,0.0,0,0,1,0.0,0.0
1941,0,0,0.0,1,0,0,0.0,0.0
1942,0,0,0.0,0,0,0,0.0,0.0
1943,0,0,0.0,1,0,1,0.0,0.0
1944,1,0,0.5,0,0,0,0.2,0.0
1945,1,0,0.5,1,0,1,0.33,0.0
1946,2,0,1.0,0,0,0,0.67,0.0
1947,2,0,1.0,0,0,0,1.0,0.0
1948,3,0,1.5,1,0,0,1.29,0.0
1949,4,0,2.0,0,0,0,1.86,0.0
1950,4,0,2.0,0,0,0,2.43,0.0
1951,5,0,2.5,0,0,0,3.14,0.0
1952,6,0,3.0,0,0,0,4.0,0.0
1953,7,0,3.5,0,0,0,5.0,0.0
1954,7,0,3.5,0,0,0,6.0,0.0
1955,7,0,3.5,0,0,0,7.0,0.0
1956,7,0,3.5,0,0,0,8.0,0.0
1957,6,0,3.0,0,0,0,8.17,0.0
1958,5,0,2.5,0,0,0,7.0,0.0
1959,4,0,2.0,0,0,0,5.83,0.0
1960,3,0,1.5,0,0,0,5.4,0.0
1961,2,0,1.0,0,0,0,3.8,0.0
1962,1,0,0.5,0,0,0,2.5,0.0
1963,0,0,0.0,0,0,0,0.0,0.0
1964,0,0,0.0,0,0,0,0.0,0.0
1965,0,0,0.0,0,0,1,0.0,0.0
1966,0,0,0.0,0,0,1,0.0,0.0
1967,0,0,0.0,1,0,0,0.0,0.0
1968,0,0,0.0,0,0,1,0.0,0.0
1969,0,0,0.0,1,0,0,0.0,0.0
1970,0,0,0.0,0,0,1,0.0,0.0
1971,1,0,0.5,1,0,0,0.2,0.0
1972,2,0,1.0,0,0,1,0.6,0.0
1973,3,0,1.5,1,0,0,1.0,0.0
1974,3,0,1.5,0,0,0,1.5,0.0
1975,3,0,1.5,0,0,0,2.0,0.0
1976,4,0,2.0,1,0,0,2.29,0.0
1977,4,0,2.0,0,0,0,2.86,0.0
1978,4,0,2.0,0,0,0,3.43,0.0
1979,5,0,2.5,0,0,0,4.14,0.0
1980,7,0,3.5,0,0,0,5.14,0.0
1981,6,0,3.0,0,0,0,5.86,0.0
1982,7,0,3.5,0,0,0,6.86,0.0
1983,6,0,3.0,0,0,0,7.0,0.0
1984,5,0,2.5,0,0,0,5.83,0.0
1985,4,0,2.0,0,0,0,4.5,0.0
1986,3,0,1.5,0,0,0,4.0,0.0
1987,2,0,1.0,0,0,0,2.8,0.0
1988,1,0,0.5,0,0,0,1.75,0.0
1989,0,0,0.0,0,0,0,0.0,0.0
1990,0,0,0.0,0,0,1,0.0,0.0
1991,0,0,0.0,0,0,0,0.0,0.0
1992,0,0,0.0,0,0,1,0.0,0.0
1993,0,0,0.0,1,0,0,0.0,0.0
1994,0,0,0.0,0,0,1,0.0,0.0
1995,0,0,0.0,1,0,0,0.0,0.0
1996,0,0,0.0,0,0,1,0.0,0.0
1997,1,0,0.5,1,0,0,0.2,0.0
1998,2,0,1.0,0,0,1,0.6,0.0
1999,2,0,1.0,1,0,0,0.83,0.0
2000,2,0,1.0,0,0,0,1.17,0.0
2001,3,0,1.5,0,0,0,1.67,0.0
2002,4,0,2.0,1,0,0,2.0,0.0
2003,4,0,2.0,0,0,0,2.57,0.0
2004,5,0,2.5,0,0,0,3.29,0.0
2005,5,0,2.5,0,0,0,4.0,0.0
2006,6,0,3.0,0,0,0,4.86,0.0
2007,7,0,3.5,0,0,0,5.86,0.0
2008,7,0,3.5,0,0,0,6.86,0.0
2009,6,0,3.0,0,0,0,7.0,0.0
2010,5,0,2.5,0,0,0,5.83,0.0
2011,4,0,2.0,0,0,0,4.83,0.0
2012,3,0,1.5,0,0,0,4.4,0.0
2013,2,0,1.0,0,0,0,3.0,0.0
2014,1,0,0.5,0,0,0,1.6,0.0
2015,0,0,0.0,0,0,0,0.0,0.0
2016,0,0,0.0,0,0,0,0.0,0.0
2017,0,0,0.0,0,0,1,0.0,0.0
2018,0,0,0.0,0,0,0,0.0,0.0
2019,0,0,0.0,1,0,1,0.0,0.0
2020,1,0,0.5,0,0,0,0.25,0.0
2021,1,0,0.5,1,0,1,0.4,0.0
2022,1,0,0.5,0,0,0,0.6,0.0
2023,2,0,1.0,1,0,1,0.83,0.0
2024,3,0,1.5,0,0,0,1.33,0.0
2025,3,0,1.5,0,0,0,1.83,0.0
2026,4,0,2.0,1,0,0,2.14,0.0
2027,5,0,2.5,0,0,0,2.86,0.0
2028,5,0,2.5,0,0,0,3.57,0.0
2029,5,0,2.5,0,0,0,4.29,0.0
2030,6,0,3.0,0,0,0,5.14,0.0
2031,7,0,3.5,0,0,0,6.14,0.0
2032,7,0,3.5,0,0,0,7.14,0.0
2033,7,0,3.5,0,0,0,8.14,0.0
2034,7,0,3.5,0,0,0,9.14,0.0
2035,6,0,3.0,0,0,0,9.17,0.0
2036,5,0,2.5,0,0,0,7.83,0.0
2037,4,0,2.0,0,0,0,6.33,0.0
2038,3,0,1.5,0,0,0,5.8,0.0
2039,2,0,1.0,0,0,0,3.8,0.0
2040,1,0,0.5,0,0,0,2.0,0.0
2041,0,0,0.0,0,0,0,0.0,0.0
2042,0,0,0.0,0,0,0,0.0,0.0
2043,0,0,0.0,0,0,1,0.0,0.0
2044,0,0,0.0,0,0,0,0.0,0.0
2045,0,0,0.0,1,0,1,0.0,0.0
2046,0,0,0.0,0,0,0,0.0,0.0
2047,0,0,0.0,1,0,1,0.0,0.0
2048,1,0,0.5,0,0,0,0.2,0.0
2049,1,0,0.5,1,0,1,0.33,0.0
2050,3,0,1.5,0,0,0,0.83,0.0
2051,3,0,1.5,0,0,0,1.33,0.0
2052,4,0,2.0,1,0,0,1.71,0.0
2053,5,0,2.5,0,0,0,2.43,0.0
2054,4,0,2.0,0,0,0,2.86,0.0
2055,5,0,2.5,0,0,0,3.57,0.0
2056,5,0,2.5,0,0,0,4.29,0.0
2057,6,0,3.0,0,0,0,5.14,0.0
2058,7,0,3.5,0,0,0,6.14,0.0
2059,7,0,3.5,0,0,0,7.14,0.0
2060,7,0,3.5,0,0,0,8.14,0.0
2061,6,0,3.0,0,0,0,8.33,0.0
2062,5,0,2.5,0,0,0,7.17,0.0
2063,4,0,2.0,0,0,0,5.67,0.0
2064,3,0,1.5,0,0,0,5.0,0.0
2065,2,0,1.0,0,0,0,3.4,0.0
2066,1,0,0.5,0,0,0,2.25,0.0
2067,0,0,0.0,0,0,0,0.0,0.0
2068,0,0,0.0,0,0,0,0.0,0.0
2069,0,0,0.0,0,0,1,0.0,0.0
2070,0,0,0.0,0,0,1,0.0,0.0
2071,0,0,0.0,0,0,0,0.0,0.0
2072,0,0,0.0,1,0,1,0.0,0.0
2073,0,0,0.0,0,0,0,0.0,0.0
2074,0,0,0.0,1,0,1,0.0,0.0
2075,0,0,0.0,0,0,0,0.0,0.0
2076,1,0,0.5,1,0,1,0.2,0.0
2077,2,0,1.0,0,0,0,0.6,0.0
2078,2,0,1.0,1,0,0,0.83,0.0
2079,3,0,1.5,0,0,0,1.33,0.0
2080,4,0,2.0,1,0,0,1.71,0.0
2081,4,0,2.0,0,0,0,2.29,0.0
2082,4,0,2.0,0,0,0,2.86,0.0
2083,5,0,2.5,0,0,0,3.57,0.0
2084,5,0,2.5,0,0,0,4.29,0.0
2085,6,0,3.0,0,0,0,5.14,0.0
2086,6,0,3.0,0,0,0,6.0,0.0
2087,6,0,3.0,0,0,0,6.17,0.0
2088,5,0,2.5,0,0,0,5.17,0.0
2089,4,0,2.0,0,0,0,4.17,0.0
2090,3,0,1.5,0,0,0,3.6,0.0
2091,2,0,1.0,0,0,0,2.4,0.0
2092,1,0,0.5,0,0,0,1.2,0.0
2093,0,0,0.0,0,0,0,0.0,0.0
2094,0,0,0.0,0,0,0,0.0,0.0
2095,0,0,0.0,0,0,1,0.0,0.0
2096,0,0,0.0,0,0,0,0.0,0.0
2097,0,0,0.0,1,0,1,0.0,0.0
2098,0,0,0.0,0,0,0,0.0,0.0
2099,0,0,0.0,1,0,0,0.0,0.0
2100,0,0,0.0,0,0,1,0.0,0.0
2101,0,0,0.0,1,0,0,0.0,0.0
2102,1,0,0.5,0,0,1,0.2,0.0
2103,2,0,1.0,1,0,0,0.5,0.0
2104,3,0,1.5,0,0,1,1.0,0.0
2105,3,0,1.5,0,0,0,1.5,0.0
2106,4,0,2.0,1,0,0,1.86,0.0
2107,4,0,2.0,0,0,0,2.43,0.0
2108,5,0,2.5,0,0,0,3.14,0.0
2109,5,0,2.5,0,0,0,3.86,0.0
2110,6,0,3.0,0,0,0,4.71,0.0
2111,7,0,3.5,0,0,0,5.71,0.0
2112,7,0,3.5,0,0,0,6.71,0.0
2113,6,0,3.0,0,0,0,7.0,0.0
2114,5,0,2.5,0,0,0,6.0,0.0
2115,4,0,2.0,0,0,0,4.83,0.0
2116,3,0,1.5,0,0,0,4.4,0.0
2117,2,0,1.0,0,0,0,3.0,0.0
2118,1,0,0.5,0,0,0,1.6,0.0
2119,0,0,0.0,0,0,0,0.0,0.0
2120,0,0,0.0,0,0,0,0.0,0.0
2121,0,0,0.0,0,0,1,0.0,0.0
2122,0,0,0.0,0,0,0,0.0,0.0
2123,0,0,0.0,0,0,1,0.0,0.0
2124,0,0,0.0,1,0,0,0.0,0.0
2125,0,0,0.0,0,0,1,0.0,0.0
2126,0,0,0.0,1,0,0,0.0,0.0
2127,0,0,0.0,0,0,1,0.0,0.0
2128,1,0,0.5,1,0,1,0.2,0.0
2129,1,0,0.5,0,0,0,0.4,0.0
2130,2,0,1.0,1,0,0,0.67,0.0
2131,2,0,1.0,0,0,0,1.0,0.0
2132,3,0,1.5,0,0,0,1.5,0.0
2133,4,0,2.0,1,0,0,1.86,0.0
2134,4,0,2.0,0,0,0,2.43,0.0
2135,5,0,2.5,0,0,0,3.14,0.0
2136,5,0,2.5,0,0,0,3.86,0.0
2137,5,0,2.5,0,0,0,4.57,0.0
2138,7,0,3.5,0,0,0,5.57,0.0
2139,6,0,3.0,0,0,0,5.67,0.0
2140,5,0,2.5,0,0,0,4.83,0.0
2141,4,0,2.0,0,0,0,4.0,0.0
2142,3,0,1.5,0,0,0,3.6,0.0
2143,2,0,1.0,0,0,0,2.4,0.0
2144,1,0,0.5,0,0,0,1.75,0.0
2145,0,0,0.0,0,0,0,0.0,0.0
2146,0,0,0.0,0,0,1,0.0,0.0
2147,0,0,0.0,0,0,0,0.0,0.0
2148,0,0,0.0,0,0,1,0.0,0.0
2149,0,0,0.0,1,0,0,0.0,0.0
2150,0,0,0.0,0,0,1,0.0,0.0
2151,0,0,0.0,1,0,0,0.0,0.0
2152,0,0,0.0,0,0,0,0.0,0.0
2153,0,0,0.0,1,0,1,0.0,0.0
2154,1,0,0.5,0,0,1,0.2,0.0
2155,1,0,0.5,1,0,0,0.33,0.0
2156,2,0,1.0,0,0,0,0.67,0.0
2157,3,0,1.5,0,0,0,1.17,0.0
2158,4,0,2.0,1,0,0,1.57,0.0
2159,4,0,2.0,0,0,0,2.14,0.0
2160,5,0,2.5,0,0,0,2.86,0.0
2161,6,0,3.0,0,0,0,3.71,0.0
2162,6,0,3.0,0,0,0,4.57,0.0
2163,7,0,3.5,0,0,0,5.57,0.0
2164,7,0,3.5,0,0,0,6.57,0.0
2165,6,0,3.0,0,0,0,6.83,0.0
2166,5,0,2.5,0,0,0,6.0,0.0
2167,4,0,2.0,0,0,0,5.0,0.0
2168,3,0,1.5,0,0,0,4.6,0.0
2169,2,0,1.0,0,0,0,3.2,0.0
2170,1,0,0.5,0,0,0,2.0,0.0
2171,0,0,0.0,0,0,0,0.0,0.0
2172,0,0,0.0,0,0,0,0.0,0.0
2173,0,0,0.0,0,0,1,0.0,0.0
2174,0,0,0.0,0,0,0,0.0,0.0
2175,0,0,0.0,0,0,1,0.0,0.0
2176,0,0,0.0,1,0,0,0.0,0.0
2177,0,0,0.0,0,0,1,0.0,0.0
2178,1,0,0.5,1,0,0,0.2,0.0
2179,1,0,0.5,0,0,1,0.4,0.0
2180,1,0,0.5,1,0,0,0.5,0.0
2181,1,0,0.5,0,0,0,0.67,0.0
2182,2,0,1.0,0,0,0,1.0,0.0
2183,3,0,1.5,1,0,0,1.29,0.0
2184,3,0,1.5,0,0,0,1.71,0.0
2185,4,0,2.0,0,0,0,2.29,0.0
2186,5,0,2.5,0,0,0,3.0,0.0
2187,5,0,2.5,0,0,0,3.71,0.0
2188,6,0,3.0,0,0,0,4.57,0.0
2189,6,0,3.0,0,0,0,5.43,0.0
2190,7,0,3.5,0,0,0,6.43,0.0
2191,6,0,3.0,0,0,0,6.33,0.0
2192,5,0,2.5,0,0,0,5.5,0.0
2193,4,0,2.0,0,0,0,4.5,0.0
2194,3,0,1.5,0,0,0,4.2,0.0
2195,2,0,1.0,0,0,0,2.8,0.0
2196,1,0,0.5,0,0,0,1.75,0.0
2197,0,0,0.0,0,0,0,0.0,0.0
2198,0,0,0.0,0,0,1,0.0,0.0
2199,0,0,0.0,0,0,0,0.0,0.0
2200,0,0,0.0,0,0,0,0.0,0.0
2201,0,0,0.0,1,0,1,0.0,0.0
2202,0,0,0.0,0,0,0,0.0,0.0
2203,0,0,0.0,1,0,1,0.0,0.0
2204,1,0,0.5,0,0,1,0.25,0.0
2205,1,0,0.5,1,0,0,0.4,0.0
2206,2,0,1.0,0,0,0,0.8,0.0
2207,2,0,1.0,1,0,1,1.0,0.0
2208,2,0,1.0,0,0,0,1.33,0.0
2209,3,0,1.5,0,0,0,1.83,0.0
2210,3,0,1.5,1,0,0,2.0,0.0
2211,4,0,2.0,0,0,0,2.57,0.0
2212,4,0,2.0,0,0,0,3.14,0.0
2213,5,0,2.5,0,0,0,3.86,0.0
2214,6,0,3.0,0,0,0,4.71,0.0
2215,7,0,3.5,0,0,0,5.71,0.0
2216,7,0,3.5,0,0,0,6.71,0.0
2217,6,0,3.0,0,0,0,6.67,0.0
2218,5,0,2.5,0,0,0,5.5,0.0
2219,4,0,2.0,0,0,0,4.5,0.0
2220,3,0,1.5,0,0,0,4.2,0.0
2221,2,0,1.0,0,0,0,3.0,0.0
2222,1,0,0.5,0,0,0,1.6,0.0
2223,0,0,0.0,0,0,0,0.0,0.0
2224,0,0,0.0,0,0,0,0.0,0.0
2225,0,0,0.0,0,0,1,0.0,0.0
2226,0,0,0.0,0,0,0,0.0,0.0
2227,0,0,0.0,1,0,1,0.0,0.0
2228,0,0,0.0,0,0,0,0.0,0.0
2229,0,0,0.0,1,0,1,0.0,0.0
2230,1,0,0.5,0,0,1,0.25,0.0
2231,1,0,0.5,1,0,0,0.4,0.0
2232,1,0,0.5,0,0,1,0.6,0.0
2233,1,0,0.5,1,0,0,0.67,0.0
2234,2,0,1.0,0,0,0,1.0,0.0
2235,3,0,1.5,0,0,0,1.5,0.0
2236,3,0,1.5,1,0,0,1.71,0.0
2237,3,0,1.5,0,0,0,2.14,0.0
2238,4,0,2.0,0,0,0,2.71,0.0
2239,5,0,2.5,0,0,0,3.43,0.0
2240,5,0,2.5,0,0,0,4.14,0.0
2241,6,0,3.0,0,0,0,5.0,0.0
2242,7,0,3.5,0,0,0,6.0,0.0
2243,6,0,3.0,0,0,0,5.83,0.0
2244,5,0,2.5,0,0,0,5.0,0.0
2245,4,0,2.0,0,0,0,4.0,0.0
2246,3,0,1.5,0,0,0,3.8,0.0
2247,2,0,1.0,0,0,0,2.6,0.0
2248,1,0,0.5,0,0,0,1.75,0.0
2249,0,0,0.0,0,0,0,0.0,0.0
2250,0,0,0.0,0,0,0,0.0,0.0
2251,0,0,0.0,0,0,1,0.0,0.0
2252,0,0,0.0,0,0,1,0.0,0.0
2253,0,0,0.0,1,0,0,0.0,0.0
2254,0,0,0.0,0,0,1,0.0,0.0
2255,0,0,0.0,1,0,0,0.0,0.0
2256,0,0,0.0,0,0,1,0.0,0.0
2257,1,0,0.5,1,0,0,0.2,0.0
2258,1,0,0.5,0,0,1,0.4,0.0
2259,2,0,1.0,1,0,0,0.67,0.0
2260,3,0,1.5,0,0,0,1.17,0.0
2261,3,0,1.5,0,0,0,1.67,0.0
2262,4,0,2.0,1,0,0,2.0,0.0
2263,4,0,2.0,0,0,0,2.57,0.0
2264,5,0,2.5,0,0,0,3.29,0.0
2265,6,0,3.0,0,0,0,4.14,0.0
2266,6,0,3.0,0,0,0,5.0,0.0
2267,7,0,3.5,0,0,0,6.0,0.0
2268,7,0,3.5,0,0,0,7.0,0.0
2269,6,0,3.0,0,0,0,7.17,0.0
2270,5,0,2.5,0,0,0,6.17,0.0
2271,4,0,2.0,0,0,0,5.0,0.0
2272,3,0,1.5,0,0,0,4.6,0.0
2273,2,0,1.0,0,0,0,3.2,0.0
2274,1,0,0.5,0,0,0,2.0,0.0
2275,0,0,0.0,0,0,0,0.0,0.0
2276,0,0,0.0,0,0,0,0.0,0.0
2277,0,0,0.0,0,0,1,0.0,0.0
2278,0,0,0.0,0,0,0,0.0,0.0
2279,0,0,0.0,1,0,1,0.0,0.0
2280,0,0,0.0,0,0,0,0.0,0.0
2281,0,0,0.0,1,0,1,0.0,0.0
2282,0,0,0.0,0,0,0,0.0,0.0
2283,1,0,0.5,1,0,1,0.2,0.0
2284,1,0,0.5,0,0,1,0.4,0.0
2285,1,0,0.5,1,0,0,0.5,0.0
2286,1,0,0.5,0,0,0,0.67,0.0
2287,2,0,1.0,0,0,0,1.0,0.0
2288,3,0,1.5,1,0,0,1.29,0.0
2289,4,0,2.0,0,0,0,1.86,0.0
2290,4,0,2.0,0,0,0,2.43,0.0
2291,5,0,2.5,0,0,0,3.14,0.0
2292,6,0,3.0,0,0,0,4.0,0.0
2293,6,0,3.0,0,0,0,4.86,0.0
2294,7,0,3.5,0,0,0,5.86,0.0
2295,6,0,3.0,0,0,0,5.83,0.0
2296,5,0,2.5,0,0,0,5.17,0.0
2297,4,0,2.0,0,0,0,4.33,0.0
2298,3,0,1.5,0,0,0,4.0,0.0
2299,2,0,1.0,0,0,0,2.8,0.0
2300,1,0,0.5,0,0,0,1.4,0.0
2301,0,0,0.0,0,0,0,0.0,0.0
2302,0,0,0.0,0,0,1,0.0,0.0
2303,0,0,0.0,0,0,0,0.0,0.0
2304,0,0,0.0,0,0,1,0.0,0.0
2305,0,0,0.0,1,0,0,0.0,0.0
2306,0,0,0.0,0,0,0,0.0,0.0
2307,0,0,0.0,1,0,1,0.0,0.0
2308,0,0,0.0,0,0,1,0.0,0.0
2309,1,0,0.5,1,0,0,0.2,0.0
2310,2,0,1.0,0,0,1,0.6,0.0
2311,2,0,1.0,1,0,0,0.83,0.0
2312,2,0,1.0,0,0,0,1.17,0.0
2313,2,0,1.0,0,0,0,1.5,0.0
2314,3,0,1.5,1,0,0,1.71,0.0
2315,3,0,1.5,0,0,0,2.14,0.0
2316,4,0,2.0,0,0,0,2.71,0.0
2317,5,0,2.5,0,0,0,3.43,0.0
2318,5,0,2.5,0,0,0,4.14,0.0
2319,6,0,3.0,0,0,0,5.0,0.0
2320,6,0,3.0,0,0,0,5.86,0.0
2321,6,0,3.0,0,0,0,5.83,0.0
2322,5,0,2.5,0,0,0,4.67,0.0
2323,4,0,2.0,0,0,0,3.83,0.0
2324,3,0,1.5,0,0,0,3.6,0.0
2325,2,0,1.0,0,0,0,2.4,0.0
2326,1,0,0.5,0,0,0,1.2,0.0
2327,0,0,0.0,0,0,0,0.0,0.0
2328,0,0,0.0,0,0,0,0.0,0.0
2329,0,0,0.0,0,0,1,0.0,0.0
2330,0,0,0.0,0,0,0,0.0,0.0
2331,0,0,0.0,1,0,1,0.0,0.0
2332,0,0,0.0,0,0,0,0.0,0.0
2333,0,0,0.0,1,0,1,0.0,0.0
2334,0,0,0.0,0,0,0,0.0,0.0
2335,1,0,0.5,1,0,1,0.2,0.0
2336,2,0,1.0,0,0,0,0.6,0.0
2337,2,0,1.0,1,0,1,0.83,0.0
2338,2,0,1.0,0,0,0,1.17,0.0
2339,3,0,1.5,0,0,0,1.67,0.0
2340,4,0,2.0,1,0,0,2.0,0.0
2341,4,0,2.0,0,0,0,2.57,0.0
2342,5,0,2.5,0,0,0,3.29,0.0
2343,6,0,3.0,0,0,0,4.14,0.0
2344,6,0,3.0,0,0,0,5.0,0.0
2345,7,0,3.5,0,0,0,6.0,0.0
2346,7,0,3.5,0,0,0,7.0,0.0
2347,6,0,3.0,0,0,0,7.17,0.0
2348,5,0,2.5,0,0,0,6.0,0.0
2349,4,0,2.0,0,0,0,5.0,0.0
2350,3,0,1.5,0,0,0,4.6,0.0
2351,2,0,1.0,0,0,0,3.2,0.0
2352,1,0,0.5,0,0,0,1.6,0.0
2353,0,0,0.0,0,0,0,0.0,0.0
2354,0,0,0.0,0,0,1,0.0,0.0
2355,0,0,0.0,0,0,0,0.0,0.0
2356,0,0,0.0,0,0,1,0.0,0.0
2357,0,0,0.0,1,0,0,0.0,0.0
2358,0,0,0.0,0,0,0,0.0,0.0
2359,0,0,0.0,1,0,1,0.0,0.0
2360,0,0,0.0,0,0,0,0.0,0.0
2361,1,0,0.5,1,0,1,0.2,0.0
2362,1,0,0.5,0,0,1,0.4,0.0
2363,2,0,1.0,1,0,0,0.67,0.0
2364,3,0,1.5,0,0,0,1.17,0.0
2365,4,0,2.0,1,0,0,1.57,0.0
2366,4,0,2.0,0,0,0,2.14,0.0
2367,5,0,2.5,0,0,0,2.86,0.0
2368,6,0,3.0,0,0,0,3.71,0.0
2369,6,0,3.0,0,0,0,4.57,0.0
2370,7,0,3.5,0,0,0,5.57,0.0
2371,7,0,3.5,0,0,0,6.57,0.0
2372,7,0,3.5,0,0,0,7.57,0.0
2373,6,0,3.0,0,0,0,7.83,0.0
2374,5,0,2.5,0,0,0,6.83,0.0
2375,4,0,2.0,0,0,0,5.67,0.0
2376,3,0,1.5,0,0,0,5.2,0.0
2377,2,0,1.0,0,0,0,3.6,0.0
2378,1,0,0.5,0,0,0,2.25,0.0
2379,0,0,0.0,0,0,0,0.0,0.0
2380,0,0,0.0,0,0,0,0.0,0.0
2381,0,0,0.0,0,0,1,0.0,0.0
2382,0,0,0.0,0,0,1,0.0,0.0
2383,0,0,0.0,1,0,0,0.0,0.0
2384,0,0,0.0,0,0,1,0.0,0.0
2385,0,0,0.0,1,0,0,0.0,0.0
2386,1,0,0.5,0,0,1,0.25,0.0
2387,1,0,0.5,1,0,0,0.4,0.0
2388,1,0,0.5,0,0,1,0.6,0.0
2389,2,0,1.0,1,0,0,0.83,0.0
2390,3,0,1.5,0,0,0,1.33,0.0
2391,3,0,1.5,0,0,0,1.83,0.0
2392,4,0,2.0,1,0,0,2.14,0.0
2393,4,0,2.0,0,0,0,2.71,0.0
2394,5,0,2.5,0,0,0,3.43,0.0
2395,5,0,2.5,0,0,0,4.14,0.0
2396,6,0,3.0,0,0,0,5.0,0.0
2397,7,0,3.5,0,0,0,6.0,0.0
2398,7,0,3.5,0,0,0,7.0,0.0
2399,6,0,3.0,0,0,0,7.0,0.0
2400,5,0,2.5,0,0,0,6.0,0.0
2401,4,0,2.0,0,0,0,4.83,0.0
2402,3,0,1.5,0,0,0,4.4,0.0
2403,2,0,1.0,0,0,0,3.0,0.0
2404,1,0,0.5,0,0,0,1.6,0.0
2405,0,0,0.0,0,0,0,0.0,0.0
2406,0,0,0.0,0,0,0,0.0,0.0
2407,0,0,0.0,0,0,1,0.0,0.0
2408,0,0,0.0,0,0,0,0.0,0.0
2409,0,0,0.0,1,0,1,0.0,0.0
2410,0,0,0.0,0,0,0,0.0,0.0
2411,0,0,0.0,1,0,1,0.0,0.0
2412,0,0,0.0,0,0,1,0.0,0.0
2413,1,0,0.5,1,0,0,0.2,0.0
2414,1,0,0.5,0,0,1,0.4,0.0
2415,2,0,1.0,1,0,0,0.67,0.0
2416,3,0,1.5,0,0,0,1.17,0.0
2417,3,0,1.5,0,0,0,1.67,0.0
2418,4,0,2.0,1,0,0,2.0,0.0
2419,4,0,2.0,0,0,0,2.57,0.0
2420,6,0,3.0,0,0,0,3.43,0.0
2421,6,0,3.0,0,0,0,4.29,0.0
2422,6,0,3.0,0,0,0,5.14,0.0
2423,7,0,3.5,0,0,0,6.14,0.0
2424,7,0,3.5,0,0,0,7.14,0.0
2425,6,0,3.0,0,0,0,7.33,0.0
2426,5,0,2.5,0,0,0,6.33,0.0
2427,4,0,2.0,0,0,0,5.17,0.0
2428,3,0,1.5,0,0,0,4.8,0.0
2429,2,0,1.0,0,0,0,3.4,0.0
2430,1,0,0.5,0,0,0,2.0,0.0
2431,0,0,0.0,0,0,0,0.0,0.0
2432,0,0,0.0,0,0,0,0.0,0.0
2433,0,0,0.0,0,0,1,0.0,0.0
2434,0,0,0.0,0,0,1,0.0,0.0
2435,0,0,0.0,1,0,0,0.0,0.0
2436,0,0,0.0,0,0,1,0.0,0.0
2437,0,0,0.0,1,0,0,0.0,0.0
2438,0,0,0.0,0,0,1,0.0,0.0
2439,1,0,0.5,1,0,0,0.2,0.0
2440,1,0,0.5,0,0,1,0.4,0.0
2441,1,0,0.5,1,0,0,0.5,0.0
2442,2,0,1.0,0,0,0,0.83,0.0
2443,3,0,1.5,0,0,0,1.33,0.0
2444,3,0,1.5,0,0,0,1.83,0.0
2445,3,0,1.5,1,0,0,2.0,0.0
2446,4,0,2.0,0,0,0,2.57,0.0
2447,4,0,2.0,0,0,0,3.14,0.0
2448,5,0,2.5,0,0,0,3.86,0.0
2449,6,0,3.0,0,0,0,4.71,0.0
2450,6,0,3.0,0,0,0,5.57,0.0
2451,6,0,3.0,0,0,0,5.5,0.0
2452,5,0,2.5,0,0,0,4.67,0.0
2453,4,0,2.0,0,0,0,3.67,0.0
2454,3,0,1.5,0,0,0,3.4,0.0
2455,2,0,1.0,0,0,0,2.4,0.0
2456,1,0,0.5,0,0,0,1.2,0.0
2457,0,0,0.0,0,0,0,0.0,0.0
2458,0,0,0.0,0,0,0,0.0,0.0
2459,0,0,0.0,0,0,1,0.0,0.0
2460,0,0,0.0,0,0,0,0.0,0.0
2461,0,0,0.0,1,0,1,0.0,0.0
2462,0,0,0.0,0,0,0,0.0,0.0
2463,0,0,0.0,1,0,1,0.0,0.0
2464,0,0,0.0,0,0,0,0.0,0.0
2465,1,0,0.5,1,0,1,0.2,0.0
2466,1,0,0.5,0,0,1,0.4,0.0
2467,2,0,1.0,1,0,0,0.67,0.0
2468,3,0,1.5,0,0,0,1.17,0.0
2469,3,0,1.5,0,0,0,1.67,0.0
2470,4,0,2.0,1,0,0,2.0,0.0
2471,4,0,2.0,0,0,0,2.57,0.0
2472,5,0,2.5,0,0,0,3.29,0.0
2473,6,0,3.0,0,0,0,4.14,0.0
2474,6,0,3.0,0,0,0,5.0,0.0
2475,7,0,3.5,0,0,0,6.0,0.0
2476,7,0,3.5,0,0,0,7.0,0.0
2477,6,0,3.0,0,0,0,7.17,0.0
2478,5,0,2.5,0,0,0,6.17,0.0
2479,4,0,2.0,0,0,0,5.0,0.0
2480,3,0,1.5,0,0,0,3.83,0.0
2481,2,0,1.0,0,0,0,3.2,0.0
2482,1,0,0.5,0,0,0,1.6,0.0
2483,0,0,0.0,0,0,0,0.0,0.0
2484,0,0,0.0,0,0,0,0.0,0.0
2485,0,0,0.0,0,0,0,0.0,0.0
2486,0,0,0.0,0,0,1,0.0,0.0
2487,0,0,0.0,1,0,0,0.0,0.0
2488,0,0,0.0,0,0,1,0.0,0.0
2489,0,0,0.0,1,0,1,0.0,0.0
2490,0,0,0.0,0,0,0,0.0,0.0
2491,1,0,0.5,1,0,1,0.2,0.0
2492,1,0,0.5,0,0,0,0.4,0.0
2493,2,0,1.0,1,0,1,0.67,0.0
2494,2,0,1.0,0,0,0,1.0,0.0
2495,3,0,1.5,0,0,0,1.5,0.0
2496,4,0,2.0,1,0,0,1.86,0.0
2497,4,0,2.0,0,0,0,2.43,0.0
2498,4,0,2.0,0,0,0,3.0,0.0
2499,5,0,2.5,0,0,0,3.71,0.0
2500,6,0,3.0,0,0,0,4.57,0.0
2501,7,0,3.5,0,0,0,5.57,0.0
2502,7,0,3.5,0,0,0,6.57,0.0
2503,6,0,3.0,0,0,0,6.67,0.0
2504,5,0,2.5,0,0,0,5.67,0.0
2505,4,0,2.0,0,0,0,4.67,0.0
2506,3,0,1.5,0,0,0,4.2,0.0
2507,2,0,1.0,0,0,0,3.0,0.0
2508,1,0,0.5,0,0,0,2.0,0.0
2509,0,0,0.0,0,0,0,0.0,0.0
2510,0,0,0.0,0,0,0,0.0,0.0
2511,0,0,0.0,0,0,1,0.0,0.0
2512,0,0,0.0,0,0,1,0.0,0.0
2513,0,0,0.0,1,0,0,0.0,0.0
2514,0,0,0.0,0,0,1,0.0,0.0
2515,0,0,0.0,1,0,0,0.0,0.0
2516,1,0,0.5,0,0,1,0.25,0.0
2517,1,0,0.5,1,0,0,0.4,0.0
2518,2,0,1.0,0,0,1,0.8,0.0
2519,2,0,1.0,1,0,0,1.0,0.0
2520,3,0,1.5,0,0,0,1.5,0.0
2521,4,0,2.0,0,0,0,2.17,0.0
2522,4,0,2.0,1,0,0,2.43,0.0
2523,6,0,3.0,0,0,0,3.29,0.0
2524,7,0,3.5,0,0,0,4.29,0.0
2525,5,0,2.5,0,0,0,4.57,0.0
2526,7,0,3.5,0,0,0,5.57,0.0
2527,7,0,3.5,0,0,0,6.57,0.0
2528,7,0,3.5,0,0,0,7.57,0.0
2529,6,0,3.0,0,0,0,7.67,0.0
2530,5,0,2.5,0,0,0,6.5,0.0
2531,4,0,2.0,0,0,0,5.33,0.0
2532,3,0,1.5,0,0,0,4.8,0.0
2533,2,0,1.0,0,0,0,3.2,0.0
2534,1,0,0.5,0,0,0,1.8,0.0
2535,0,0,0.0,0,0,0,0.0,0.0
2536,0,0,0.0,0,0,0,0.0,0.0
2537,0,0,0.0,0,0,1,0.0,0.0
2538,0,0,0.0,0,0,0,0.0,0.0
2539,0,0,0.0,1,0,1,0.0,0.0
2540,0,0,0.0,0,0,0,0.0,0.0
2541,0,0,0.0,1,0,0,0.0,0.0
2542,1,0,0.5,0,0,1,0.2,0.0
2543,1,0,0.5,1,0,1,0.33,0.0
2544,2,0,1.0,0,0,0,0.67,0.0
2545,3,0,1.5,0,0,0,1.17,0.0
2546,3,0,1.5,0,0,0,1.67,0.0
2547,3,0,1.5,1,0,0,1.86,0.0
2548,4,0,2.0,0,0,0,2.43,0.0
2549,5,0,2.5,0,0,0,3.14,0.0
2550,5,0,2.5,0,0,0,3.86,0.0
2551,6,0,3.0,0,0,0,4.71,0.0
2552,6,0,3.0,0,0,0,5.57,0.0
2553,7,0,3.5,0,0,0,6.57,0.0
2554,7,0,3.5,0,0,0,7.57,0.0
2555,6,0,3.0,0,0,0,7.67,0.0
2556,5,0,2.5,0,0,0,6.5,0.0
2557,4,0,2.0,0,0,0,5.17,0.0
2558,3,0,1.5,0,0,0,4.8,0.0
2559,2,0,1.0,0,0,0,3.2,0.0
2560,1,0,0.5,0,0,0,2.0,0.0
2561,0,0,0.0,0,0,0,0.0,0.0
2562,0,0,0.0,0,0,0,0.0,0.0
2563,0,0,0.0,0,0,1,0.0,0.0
2564,0,0,0.0,0,0,0,0.0,0.0
2565,0,0,0.0,1,0,1,0.0,0.0
2566,0,0,0.0,0,0,1,0.0,0.0
2567,0,0,0.0,1,0,0,0.0,0.0
2568,1,0,0.5,0,0,1,0.25,0.0
2569,1,0,0.5,1,0,0,0.4,0.0
2570,1,0,0.5,0,0,0,0.6,0.0
2571,2,0,1.0,1,0,1,0.83,0.0
2572,2,0,1.0,0,0,0,1.17,0.0
2573,3,0,1.5,0,0,0,1.67,0.0
2574,4,0,2.0,1,0,0,2.0,0.0
2575,4,0,2.0,0,0,0,2.57,0.0
2576,4,0,2.0,0,0,0,3.14,0.0
2577,5,0,2.5,0,0,0,3.86,0.0
2578,6,0,3.0,0,0,0,4.71,0.0
2579,6,0,3.0,0,0,0,5.57,0.0
2580,7,0,3.5,0,0,0,6.57,0.0
2581,6,0,3.0,0,0,0,6.5,0.0
2582,5,0,2.5,0,0,0,5.5,0.0
2583,4,0,2.0,0,0,0,4.5,0.0
2584,3,0,1.5,0,0,0,4.0,0.0
2585,2,0,1.0,0,0,0,2.8,0.0
2586,1,0,0.5,0,0,0,1.4,0.0
2587,0,0,0.0,0,0,0,0.0,0.0
2588,0,0,0.0,0,0,0,0.0,0.0
2589,0,0,0.0,0,0,1,0.0,0.0
2590,0,0,0.0,0,0,0,0.0,0.0
2591,0,0,0.0,1,0,1,0.0,0.0
2592,0,0,0.0,0,0,1,0.0,0.0
2593,0,0,0.0,1,0,0,0.0,0.0
2594,0,0,0.0,0,0,1,0.0,0.0
2595,0,0,0.0,1,0,0,0.0,0.0
2596,1,0,0.5,0,0,1,0.2,0.0
2597,2,0,1.0,1,0,0,0.5,0.0
2598,2,0,1.0,0,0,0,0.83,0.0
2599,3,0,1.5,0,0,0,1.33,0.0
2600,3,0,1.5,1,0,0,1.57,0.0
2601,4,0,2.0,0,0,0,2.14,0.0
2602,5,0,2.5,0,0,0,2.86,0.0
2603,5,0,2.5,0,0,0,3.57,0.0
2604,6,0,3.0,0,0,0,4.43,0.0
2605,6,0,3.0,0,0,0,5.29,0.0
2606,7,0,3.5,0,0,0,6.29,0.0
2607,6,0,3.0,0,0,0,6.5,0.0
2608,5,0,2.5,0,0,0,5.5,0.0
2609,4,0,2.0,0,0,0,4.5,0.0
2610,3,0,1.5,0,0,0,4.2,0.0
2611,2,0,1.0,0,0,0,2.8,0.0
2612,1,0,0.5,0,0,0,1.4,0.0
2613,0,0,0.0,0,0,0,0.0,0.0
2614,0,0,0.0,0,0,1,0.0,0.0
2615,0,0,0.0,0,0,0,0.0,0.0
2616,0,0,0.0,0,0,1,0.0,0.0
2617,0,0,0.0,1,0,0,0.0,0.0
2618,0,0,0.0,0,0,0,0.0,0.0
2619,0,0,0.0,1,0,1,0.0,0.0
2620,0,0,0.0,0,0,1,0.0,0.0
2621,0,0,0.0,1,0,0,0.0,0.0
2622,1,0,0.5,0,0,1,0.2,0.0
2623,1,0,0.5,1,0,0,0.33,0.0
2624,2,0,1.0,0,0,0,0.67,0.0
2625,2,0,1.0,0,0,0,0.83,0.0
2626,3,0,1.5,1,0,0,1.14,0.0
2627,3,0,1.5,0,0,0,1.57,0.0
2628,4,0,2.0,0,0,0,2.14,0.0
2629,5,0,2.5,0,0,0,2.86,0.0
2630,6,0,3.0,0,0,0,3.71,0.0
2631,7,0,3.5,0,0,0,4.71,0.0
2632,7,0,3.5,0,0,0,5.71,0.0
2633,6,0,3.0,0,0,0,5.83,0.0
2634,5,0,2.5,0,0,0,5.17,0.0
2635,4,0,2.0,0,0,0,4.33,0.0
2636,3,0,1.5,0,0,0,4.2,0.0
2637,2,0,1.0,0,0,0,3.0,0.0
2638,1,0,0.5,0,0,0,2.0,0.0
2639,0,0,0.0,0,0,0,0.0,0.0
2640,0,0,0.0,0,0,1,0.0,0.0
2641,0,0,0.0,0,0,0,0.0,0.0
2642,0,0,0.0,0,0,1,0.0,0.0
2643,0,0,0.0,1,0,0,0.0,0.0
2644,0,0,0.0,0,0,0,0.0,0.0
2645,0,0,0.0,1,0,1,0.0,0.0
2646,1,0,0.5,0,0,1,0.25,0.0
2647,1,0,0.5,1,0,0,0.4,0.0
2648,1,0,0.5,0,0,1,0.6,0.0
2649,2,0,1.0,1,0,0,0.83,0.0
2650,2,0,1.0,0,0,0,1.17,0.0
2651,3,0,1.5,0,0,0,1.67,0.0
2652,3,0,1.5,1,0,0,1.86,0.0
2653,4,0,2.0,0,0,0,2.43,0.0
2654,5,0,2.5,0,0,0,3.14,0.0
2655,5,0,2.5,0,0,0,3.86,0.0
2656,6,0,3.0,0,0,0,4.71,0.0
2657,7,0,3.5,0,0,0,5.71,0.0
2658,7,0,3.5,0,0,0,6.71,0.0
2659,6,0,3.0,0,0,0,6.67,0.0
2660,5,0,2.5,0,0,0,5.67,0.0
2661,4,0,2.0,0,0,0,4.67,0.0
2662,3,0,1.5,0,0,0,4.4,0.0
2663,2,0,1.0,0,0,0,3.0,0.0
2664,1,0,0.5,0,0,0,1.6,0.0
2665,0,0,0.0,0,0,0,0.0,0.0
2666,0,0,0.0,0,0,0,0.0,0.0
2667,0,0,0.0,0,0,1,0.0,0.0
2668,0,0,0.0,0,0,0,0.0,0.0
2669,0,0,0.0,1,0,1,0.0,0.0
2670,0,0,0.0,0,0,0,0.0,0.0
2671,1,0,0.5,1,0,1,0.2,0.0
2672,2,0,1.0,0,0,0,0.6,0.0
2673,2,0,1.0,1,0,1,0.83,0.0
2674,3,0,1.5,0,0,0,1.33,0.0
2675,3,0,1.5,0,0,0,1.83,0.0
2676,4,0,2.0,1,0,0,2.14,0.0
2677,5,0,2.5,0,0,0,2.86,0.0
2678,6,0,3.0,0,0,0,3.71,0.0
2679,6,0,3.0,0,0,0,4.57,0.0
2680,7,0,3.5,0,0,0,5.57,0.0
2681,7,0,3.5,0,0,0,6.57,0.0
2682,7,0,3.5,0,0,0,7.57,0.0
2683,7,0,3.5,0,0,0,8.57,0.0
2684,7,0,3.5,0,0,0,9.57,0.0
2685,6,0,3.0,0,0,0,9.83,0.0
2686,5,0,2.5,0,0,0,8.33,0.0
2687,4,0,2.0,0,0,0,6.83,0.0
2688,3,0,1.5,0,0,0,6.4,0.0
2689,2,0,1.0,0,0,0,4.4,0.0
2690,1,0,0.5,0,0,0,2.75,0.0
2691,0,0,0.0,0,0,0,0.0,0.0
2692,0,0,0.0,0,0,1,0.0,0.0
2693,0,0,0.0,0,0,0,0.0,0.0
2694,0,0,0.0,0,0,1,0.0,0.0
2695,0,0,0.0,1,0,0,0.0,0.0
2696,0,0,0.0,0,0,1,0.0,0.0
2697,0,0,0.0,1,0,0,0.0,0.0
2698,0,0,0.0,0,0,0,0.0,0.0
2699,1,0,0.5,1,0,1,0.2,0.0
2700,1,0,0.5,0,0,0,0.4,0.0
2701,1,0,0.5,1,0,1,0.5,0.0
2702,2,0,1.0,0,0,0,0.83,0.0
2703,3,0,1.5,0,0,0,1.33,0.0
2704,4,0,2.0,1,0,0,1.71,0.0
2705,4,0,2.0,0,0,0,2.29,0.0
2706,5,0,2.5,0,0,0,3.0,0.0
2707,5,0,2.5,0,0,0,3.71,0.0
2708,6,0,3.0,0,0,0,4.57,0.0
2709,7,0,3.5,0,0,0,5.57,0.0
2710,7,0,3.5,0,0,0,6.57,0.0
2711,6,0,3.0,0,0,0,6.67,0.0
2712,5,0,2.5,0,0,0,5.83,0.0
2713,4,0,2.0,0,0,0,4.83,0.0
2714,3,0,1.5,0,0,0,4.4,0.0
2715,2,0,1.0,0,0,0,3.0,0.0
2716,1,0,0.5,0,0,0,1.6,0.0
2717,0,0,0.0,0,0,0,0.0,0.0
2718,0,0,0.0,0,0,0,0.0,0.0
2719,0,0,0.0,0,0,1,0.0,0.0
2720,0,0,0.0,0,0,0,0.0,0.0
2721,0,0,0.0,1,0,0,0.0,0.0
2722,0,0,0.0,0,0,1,0.0,0.0
2723,1,0,0.5,1,0,1,0.2,0.0
2724,1,0,0.5,0,0,0,0.4,0.0
2725,1,0,0.5,1,0,1,0.5,0.0
2726,2,0,1.0,0,0,0,0.83,0.0
2727,2,0,1.0,0,0,0,1.17,0.0
2728,3,0,1.5,1,0,0,1.43,0.0
2729,4,0,2.0,0,0,0,2.0,0.0
2730,5,0,2.5,0,0,0,2.71,0.0
2731,5,0,2.5,0,0,0,3.43,0.0
2732,6,0,3.0,0,0,0,4.29,0.0
2733,6,0,3.0,0,0,0,5.14,0.0
2734,7,0,3.5,0,0,0,6.14,0.0
2735,7,0,3.5,0,0,0,7.14,0.0
2736,7,0,3.5,0,0,0,8.14,0.0
2737,6,0,3.0,0,0,0,8.17,0.0
2738,5,0,2.5,0,0,0,7.0,0.0
2739,4,0,2.0,0,0,0,5.83,0.0
2740,3,0,1.5,0,0,0,5.4,0.0
2741,2,0,1.0,0,0,0,3.6,0.0
2742,1,0,0.5,0,0,0,2.25,0.0
2743,0,0,0.0,0,0,0,0.0,0.0
2744,0,0,0.0,0,0,0,0.0,0.0
2745,0,0,0.0,0,0,1,0.0,0.0
2746,0,0,0.0,0,0,0,0.0,0.0
2747,0,0,0.0,1,0,1,0.0,0.0
2748,0,0,0.0,0,0,0,0.0,0.0
2749,0,0,0.0,1,0,1,0.0,0.0
2750,0,0,0.0,1,0,1,0.0,0.0
2751,1,0,0.5,0,0,0,0.2,0.0
2752,1,0,0.5,0,0,1,0.4,0.0
2753,1,0,0.5,1,0,0,0.5,0.0
2754,2,0,1.0,0,0,0,0.83,0.0
2755,3,0,1.5,0,0,0,1.33,0.0
2756,3,0,1.5,1,0,0,1.57,0.0
2757,4,0,2.0,0,0,0,2.14,0.0
2758,5,0,2.5,0,0,0,2.86,0.0
2759,5,0,2.5,0,0,0,3.57,0.0
2760,6,0,3.0,0,0,0,4.43,0.0
2761,6,0,3.0,0,0,0,5.29,0.0
2762,6,0,3.0,0,0,0,6.14,0.0
2763,6,0,3.0,0,0,0,6.17,0.0
2764,5,0,2.5,0,0,0,5.33,0.0
2765,4,0,2.0,0,0,0,4.33,0.0
2766,3,0,1.5,0,0,0,3.33,0.0
2767,2,0,1.0,0,0,0,2.6,0.0
2768,1,0,0.5,0,0,0,1.2,0.0
2769,0,0,0.0,0,0,0,0.0,0.0
2770,0,0,0.0,0,0,0,0.0,0.0
2771,0,0,0.0,0,0,0,0.0,0.0
2772,0,0,0.0,0,0,1,0.0,0.0
2773,0,0,0.0,1,0,0,0.0,0.0
2774,0,0,0.0,0,0,1,0.0,0.0
2775,0,0,0.0,1,0,1,0.0,0.0
2776,0,0,0.0,0,0,0,0.0,0.0
2777,1,0,0.5,1,0,1,0.2,0.0
2778,1,0,0.5,0,0,0,0.4,0.0
2779,2,0,1.0,1,0,1,0.67,0.0
2780,2,0,1.0,0,0,0,1.0,0.0
2781,3,0,1.5,0,0,0,1.5,0.0
2782,4,0,2.0,1,0,0,1.86,0.0
2783,4,0,2.0,0,0,0,2.43,0.0
2784,5,0,2.5,0,0,0,3.14,0.0
2785,6,0,3.0,0,0,0,4.0,0.0
2786,6,0,3.0,0,0,0,4.86,0.0
2787,6,0,3.0,0,0,0,5.71,0.0
2788,7,0,3.5,0,0,0,6.71,0.0
2789,6,0,3.0,0,0,0,6.83,0.0
2790,5,0,2.5,0,0,0,5.83,0.0
2791,4,0,2.0,0,0,0,4.83,0.0
2792,3,0,1.5,0,0,0,4.4,0.0
2793,2,0,1.0,0,0,0,3.0,0.0
2794,1,0,0.5,0,0,0,1.75,0.0
2795,0,0,0.0,0,0,0,0.0,0.0
2796,0,0,0.0,0,0,1,0.0,0.0
2797,0,0,0.0,0,0,0,0.0,0.0
2798,0,0,0.0,1,0,1,0.0,0.0
2799,0,0,0.0,0,0,0,0.0,0.0
2800,0,0,0.0,0,0,1,0.0,0.0
2801,0,0,0.0,1,0,0,0.0,0.0
2802,0,0,0.0,0,0,1,0.0,0.0
2803,0,0,0.0,1,0,0,0.0,0.0
2804,1,0,0.5,0,0,1,0.2,0.0
2805,2,0,1.0,1,0,0,0.5,0.0
2806,2,0,1.0,0,0,0,0.83,0.0
2807,3,0,1.5,0,0,0,1.33,0.0
2808,3,0,1.5,1,0,0,1.57,0.0
2809,4,0,2.0,0,0,0,2.14,0.0
2810,4,0,2.0,0,0,0,2.71,0.0
2811,5,0,2.5,0,0,0,3.43,0.0
2812,6,0,3.0,0,0,0,4.29,0.0
2813,7,0,3.5,0,0,0,5.29,0.0
2814,7,0,3.5,0,0,0,6.29,0.0
2815,6,0,3.0,0,0,0,6.5,0.0
2816,5,0,2.5,0,0,0,5.5,0.0
2817,4,0,2.0,0,0,0,4.5,0.0
2818,3,0,1.5,0,0,0,4.2,0.0
2819,2,0,1.0,0,0,0,3.0,0.0
2820,1,0,0.5,0,0,0,1.6,0.0
2821,0,0,0.0,0,0,0,0.0,0.0
2822,0,0,0.0,0,0,0,0.0,0.0
2823,0,0,0.0,0,0,1,0.0,0.0
2824,0,0,0.0,0,0,0,0.0,0.0
2825,0,0,0.0,1,0,1,0.0,0.0
2826,0,0,0.0,0,0,0,0.0,0.0
2827,0,0,0.0,1,0,0,0.0,0.0
2828,1,0,0.5,0,0,1,0.2,0.0
2829,2,0,1.0,1,0,0,0.5,0.0
2830,3,0,1.5,0,0,1,1.0,0.0
2831,3,0,1.5,0,0,0,1.5,0.0
2832,4,0,2.0,1,0,0,1.86,0.0
2833,5,0,2.5,0,0,0,2.57,0.0
2834,5,0,2.5,0,0,0,3.29,0.0
2835,6,0,3.0,0,0,0,4.14,0.0
2836,6,0,3.0,0,0,0,5.0,0.0
2837,7,0,3.5,0,0,0,6.0,0.0
2838,7,0,3.5,0,0,0,7.0,0.0
2839,7,0,3.5,0,0,0,8.0,0.0
2840,7,0,3.5,0,0,0,9.0,0.0
2841,6,0,3.0,0,0,0,9.33,0.0
2842,5,0,2.5,0,0,0,8.0,0.0
2843,4,0,2.0,0,0,0,6.5,0.0
2844,3,0,1.5,0,0,0,6.0,0.0
2845,2,0,1.0,0,0,0,4.0,0.0
2846,1,0,0.5,0,0,0,2.0,0.0
2847,0,0,0.0,0,0,0,0.0,0.0
2848,0,0,0.0,0,0,0,0.0,0.0
2849,0,0,0.0,0,0,1,0.0,0.0
2850,0,0,0.0,0,0,0,0.0,0.0
2851,0,0,0.0,1,0,1,0.0,0.0
2852,1,0,0.5,0,0,0,0.25,0.0
2853,1,0,0.5,1,0,1,0.4,0.0
2854,1,0,0.5,0,0,0,0.6,0.0
2855,2,0,1.0,1,0,1,0.83,0.0
2856,3,0,1.5,0,0,0,1.33,0.0
2857,3,0,1.5,0,0,0,1.83,0.0
2858,4,0,2.0,1,0,0,2.14,0.0
2859,4,0,2.0,0,0,0,2.71,0.0
2860,4,0,2.0,0,0,0,3.29,0.0
2861,5,0,2.5,0,0,0,4.0,0.0
2862,6,0,3.0,0,0,0,4.86,0.0
2863,7,0,3.5,0,0,0,5.86,0.0
2864,7,0,3.5,0,0,0,6.86,0.0
2865,7,0,3.5,0,0,0,7.86,0.0
2866,7,0,3.5,0,0,0,8.86,0.0
2867,6,0,3.0,0,0,0,8.83,0.0
2868,5,0,2.5,0,0,0,7.5,0.0
2869,4,0,2.0,0,0,0,6.0,0.0
2870,3,0,1.5,0,0,0,5.4,0.0
2871,2,0,1.0,0,0,0,3.8,0.0
2872,1,0,0.5,0,0,0,2.0,0.0
2873,0,0,0.0,0,0,0,0.0,0.0
2874,0,0,0.0,0,0,0,0.0,0.0
2875,0,0,0.0,0,0,1,0.0,0.0
2876,0,0,0.0,0,0,0,0.0,0.0
2877,0,0,0.0,1,0,1,0.0,0.0
2878,0,0,0.0,0,0,0,0.0,0.0
2879,0,0,0.0,1,0,1,0.0,0.0
2880,0,0,0.0,0,0,1,0.0,0.0
2881,0,0,0.0,1,0,0,0.0,0.0
2882,1,0,0.5,0,0,1,0.2,0.0
2883,1,0,0.5,1,0,0,0.33,0.0
2884,2,0,1.0,0,0,0,0.67,0.0
2885,2,0,1.0,0,0,0,1.0,0.0
2886,3,0,1.5,1,0,0,1.29,0.0
2887,4,0,2.0,0,0,0,1.86,0.0
2888,5,0,2.5,0,0,0,2.57,0.0
2889,5,0,2.5,0,0,0,3.29,0.0
2890,6,0,3.0,0,0,0,4.14,0.0
2891,6,0,3.0,0,0,0,5.0,0.0
2892,7,0,3.5,0,0,0,6.0,0.0
2893,6,0,3.0,0,0,0,6.17,0.0
2894,5,0,2.5,0,0,0,5.33,0.0
2895,4,0,2.0,0,0,0,4.5,0.0
2896,3,0,1.5,0,0,0,4.2,0.0
2897,2,0,1.0,0,0,0,2.8,0.0
2898,1,0,0.5,0,0,0,1.4,0.0
2899,0,0,0.0,0,0,0,0.0,0.0
2900,0,0,0.0,0,0,0,0.0,0.0
2901,0,0,0.0,0,0,1,0.0,0.0
2902,0,0,0.0,0,0,0,0.0,0.0
2903,0,0,0.0,1,0,1,0.0,0.0
2904,0,0,0.0,0,0,0,0.0,0.0
2905,0,0,0.0,1,0,1,0.0,0.0
2906,1,0,0.5,0,0,1,0.25,0.0
2907,1,0,0.5,1,0,0,0.4,0.0
2908,2,0,1.0,0,0,1,0.8,0.0
2909,3,0,1.5,1,0,0,1.17,0.0
2910,3,0,1.5,0,0,0,1.67,0.0
2911,4,0,2.0,0,0,0,2.33,0.0
2912,4,0,2.0,1,0,0,2.57,0.0
2913,4,0,2.0,0,0,0,3.14,0.0
2914,5,0,2.5,0,0,0,3.86,0.0
2915,6,0,3.0,0,0,0,4.71,0.0
2916,6,0,3.0,0,0,0,5.57,0.0
2917,7,0,3.5,0,0,0,6.57,0.0
2918,7,0,3.5,0,0,0,7.57,0.0
2919,6,0,3.0,0,0,0,7.67,0.0
2920,5,0,2.5,0,0,0,6.5,0.0
2921,4,0,2.0,0,0,0,5.17,0.0
2922,3,0,1.5,0,0,0,4.6,0.0
2923,2,0,1.0,0,0,0,3.2,0.0
2924,1,0,0.5,0,0,0,1.6,0.0
2925,0,0,0.0,0,0,0,0.0,0.0
2926,0,0,0.0,0,0,0,0.0,0.0
2927,0,0,0.0,0,0,1,0.0,0.0
2928,0,0,0.0,0,0,0,0.0,0.0
2929,0,0,0.0,1,0,1,0.0,0.0
2930,0,0,0.0,0,0,1,0.0,0.0
2931,0,0,0.0,1,0,0,0.0,0.0
2932,0,0,0.0,0,0,1,0.0,0.0
2933,0,0,0.0,1,0,0,0.0,0.0
2934,1,0,0.5,0,0,1,0.2,0.0
2935,1,0,0.5,1,0,0,0.33,0.0
2936,2,0,1.0,0,0,0,0.67,0.0
2937,2,0,1.0,0,0,0,1.0,0.0
2938,3,0,1.5,1,0,0,1.29,0.0
2939,4,0,2.0,0,0,0,1.86,0.0
2940,5,0,2.5,0,0,0,2.57,0.0
2941,5,0,2.5,0,0,0,3.29,0.0
2942,6,0,3.0,0,0,0,4.14,0.0
2943,6,0,3.0,0,0,0,5.0,0.0
2944,6,0,3.0,0,0,0,5.86,0.0
2945,6,0,3.0,0,0,0,6.0,0.0
2946,5,0,2.5,0,0,0,5.17,0.0
2947,4,0,2.0,0,0,0,4.33,0.0
2948,3,0,1.5,0,0,0,4.0,0.0
2949,2,0,1.0,0,0,0,2.6,0.0
2950,1,0,0.5,0,0,0,1.2,0.0
2951,0,0,0.0,0,0,0,0.0,0.0
2952,0,0,0.0,0,0,0,0.0,0.0
2953,0,0,0.0,0,0,1,0.0,0.0
2954,0,0,0.0,0,0,0,0.0,0.0
2955,0,0,0.0,1,0,1,0.0,0.0
2956,0,0,0.0,0,0,0,0.0,0.0
2957,0,0,0.0,1,0,1,0.0,0.0
2958,0,0,0.0,0,0,0,0.0,0.0
2959,0,0,0.0,1,0,1,0.0,0.0
2960,0,0,0.0,0,0,0,0.0,0.0
2961,1,0,0.5,1,0,1,0.17,0.0
2962,2,0,1.0,0,0,0,0.5,0.0
2963,2,0,1.0,0,0,0,0.83,0.0
2964,3,0,1.5,0,0,0,1.33,0.0
2965,3,0,1.5,1,0,0,1.57,0.0
2966,4,0,2.0,0,0,0,2.14,0.0
2967,5,0,2.5,0,0,0,2.86,0.0
2968,5,0,2.5,0,0,0,3.57,0.0
2969,6,0,3.0,0,0,0,4.43,0.0
2970,6,0,3.0,0,0,0,5.29,0.0
2971,6,0,3.0,0,0,0,5.5,0.0
2972,5,0,2.5,0,0,0,4.67,0.0
2973,4,0,2.0,0,0,0,3.83,0.0
2974,3,0,1.5,0,0,0,3.0,0.0
2975,2,0,1.0,0,0,0,2.4,0.0
2976,1,0,0.5,0,0,0,1.2,0.0
2977,0,0,0.0,0,0,0,0.0,0.0
2978,0,0,0.0,0,0,0,0.0,0.0
2979,0,0,0.0,0,0,1,0.0,0.0
2980,0,0,0.0,0,0,0,0.0,0.0
2981,0,0,0.0,1,0,1,0.0,0.0
2982,0,0,0.0,0,0,0,0.0,0.0
2983,1,0,0.5,1,0,1,0.2,0.0
2984,1,0,0.5,0,0,0,0.4,0.0
2985,1,0,0.5,1,0,0,0.5,0.0
2986,2,0,1.0,0,0,1,0.83,0.0
2987,3,0,1.5,0,0,0,1.33,0.0
2988,3,0,1.5,1,0,0,1.57,0.0
2989,3,0,1.5,0,0,0,2.0,0.0
2990,4,0,2.0,0,0,0,2.57,0.0
2991,5,0,2.5,0,0,0,3.29,0.0
2992,5,0,2.5,0,0,0,4.0,0.0
2993,6,0,3.0,0,0,0,4.86,0.0
2994,7,0,3.5,0,0,0,5.86,0.0
2995,7,0,3.5,0,0,0,6.86,0.0
2996,7,0,3.5,0,0,0,7.86,0.0
2997,6,0,3.0,0,0,0,7.83,0.0
2998,5,0,2.5,0,0,0,6.67,0.0
2999,4,0,2.0,0,0,0,5.33,0.0
3000,3,0,1.5,0,0,0,4.17,0.0
3001,2,0,1.0,0,0,0,3.4,0.0
3002,1,0,0.5,0,0,0,1.8,0.0
3003,0,0,0.0,0,0,0,0.0,0.0
3004,0,0,0.0,0,0,0,0.0,0.0
3005,0,0,0.0,0,0,1,0.0,0.0
3006,0,0,0.0,0,0,0,0.0,0.0
3007,0,0,0.0,1,0,1,0.0,0.0
3008,0,0,0.0,0,0,0,0.0,0.0
3009,1,0,0.5,1,0,1,0.2,0.0
3010,1,0,0.5,0,0,0,0.4,0.0
3011,2,0,1.0,1,0,1,0.67,0.0
3012,2,0,1.0,0,0,0,1.0,0.0
3013,3,0,1.5,0,0,0,1.5,0.0
3014,4,0,2.0,0,0,0,2.17,0.0
3015,4,0,2.0,1,0,0,2.43,0.0
3016,4,0,2.0,0,0,0,3.0,0.0
3017,5,0,2.5,0,0,0,3.71,0.0
3018,6,0,3.0,0,0,0,4.57,0.0
3019,7,0,3.5,0,0,0,5.57,0.0
3020,7,0,3.5,0,0,0,6.57,0.0
3021,7,0,3.5,0,0,0,7.57,0.0
3022,7,0,3.5,0,0,0,8.57,0.0
3023,6,0,3.0,0,0,0,8.67,0.0
3024,5,0,2.5,0,0,0,7.33,0.0
3025,4,0,2.0,0,0,0,6.0,0.0
3026,3,0,1.5,0,0,0,5.4,0.0
3027,2,0,1.0,0,0,0,3.8,0.0
3028,1,0,0.5,0,0,0,2.0,0.0
3029,0,0,0.0,0,0,0,0.0,0.0
3030,0,0,0.0,0,0,1,0.0,0.0
3031,0,0,0.0,0,0,0,0.0,0.0
3032,0,0,0.0,0,0,1,0.0,0.0
3033,0,0,0.0,1,0,0,0.0,0.0
3034,0,0,0.0,0,0,0,0.0,0.0
3035,0,0,0.0,1,0,1,0.0,0.0
3036,0,0,0.0,0,0,1,0.0,0.0
3037,1,0,0.5,1,0,0,0.2,0.0
3038,1,0,0.5,0,0,1,0.4,0.0
3039,1,0,0.5,1,0,0,0.5,0.0
3040,2,0,1.0,0,0,0,0.83,0.0
3041,2,0,1.0,0,0,0,1.17,0.0
3042,3,0,1.5,0,0,0,1.67,0.0
3043,4,0,2.0,1,0,0,2.0,0.0
3044,4,0,2.0,0,0,0,2.57,0.0
3045,5,0,2.5,0,0,0,3.29,0.0
3046,6,0,3.0,0,0,0,4.14,0.0
3047,7,0,3.5,0,0,0,5.14,0.0
3048,7,0,3.5,0,0,0,6.14,0.0
3049,6,0,3.0,0,0,0,6.17,0.0
3050,5,0,2.5,0,0,0,5.33,0.0
3051,4,0,2.0,0,0,0,4.5,0.0
3052,3,0,1.5,0,0,0,4.2,0.0
3053,2,0,1.0,0,0,0,3.0,0.0
3054,1,0,0.5,0,0,0,2.0,0.0
3055,0,0,0.0,0,0,0,0.0,0.0
3056,0,0,0.0,0,0,1,0.0,0.0
3057,0,0,0.0,0,0,0,0.0,0.0
3058,0,0,0.0,0,0,1,0.0,0.0
3059,0,0,0.0,1,0,0,0.0,0.0
3060,0,0,0.0,0,0,1,0.0,0.0
3061,0,0,0.0,1,0,0,0.0,0.0
3062,0,0,0.0,0,0,1,0.0,0.0
3063,0,0,0.0,1,0,0,0.0,0.0
3064,0,0,0.0,0,0,1,0.0,0.0
3065,1,0,0.5,1,0,0,0.17,0.0
3066,2,0,1.0,0,0,0,0.5,0.0
3067,2,0,1.0,0,0,0,0.83,0.0
3068,3,0,1.5,0,0,0,1.33,0.0
3069,4,0,2.0,1,0,0,1.71,0.0
3070,4,0,2.0,0,0,0,2.29,0.0
3071,5,0,2.5,0,0,0,3.0,0.0
3072,5,0,2.5,0,0,0,3.71,0.0
3073,6,0,3.0,0,0,0,4.57,0.0
3074,6,0,3.0,0,0,0,5.43,0.0
3075,6,0,3.0,0,0,0,5.67,0.0
3076,5,0,2.5,0,0,0,4.83,0.0
3077,4,0,2.0,0,0,0,4.0,0.0
3078,3,0,1.5,0,0,0,3.6,0.0
3079,2,0,1.0,0,0,0,2.4,0.0
3080,1,0,0.5,0,0,0,1.5,0.0
3081,0,0,0.0,0,0,0,0.0,0.0
3082,0,0,0.0,0,0,0,0.0,0.0
3083,0,0,0.0,0,0,1,0.0,0.0
3084,0,0,0.0,0,0,0,0.0,0.0
3085,0,0,0.0,1,0,1,0.0,0.0
3086,0,0,0.0,0,0,1,0.0,0.0
3087,0,0,0.0,1,0,0,0.0,0.0
3088,0,0,0.0,0,0,1,0.0,0.0
3089,0,0,0.0,1,0,0,0.0,0.0
3090,1,0,0.5,0,0,0,0.2,0.0
3091,1,0,0.5,1,0,1,0.33,0.0
3092,2,0,1.0,0,0,0,0.67,0.0
3093,2,0,1.0,0,0,0,1.0,0.0
3094,3,0,1.5,0,0,0,1.5,0.0
3095,4,0,2.0,1,0,0,1.86,0.0
3096,4,0,2.0,0,0,0,2.43,0.0
3097,4,0,2.0,0,0,0,3.0,0.0
3098,5,0,2.5,0,0,0,3.71,0.0
3099,6,0,3.0,0,0,0,4.57,0.0
3100,6,0,3.0,0,0,0,5.43,0.0
3101,6,0,3.0,0,0,0,5.5,0.0
3102,5,0,2.5,0,0,0,4.67,0.0
3103,4,0,2.0,0,0,0,3.83,0.0
3104,3,0,1.5,0,0,0,3.4,0.0
3105,2,0,1.0,0,0,0,2.4,0.0
3106,1,0,0.5,0,0,0,1.2,0.0
3107,0,0,0.0,0,0,0,0.0,0.0
3108,0,0,0.0,0,0,0,0.0,0.0
3109,0,0,0.0,0,0,1,0.0,0.0
3110,0,0,0.0,0,0,0,0.0,0.0
3111,0,0,0.0,0,0,1,0.0,0.0
3112,0,0,0.0,1,0,0,0.0,0.0
3113,0,0,0.0,0,0,1,0.0,0.0
3114,0,0,0.0,1,0,0,0.0,0.0
3115,1,0,0.5,0,0,1,0.25,0.0
3116,1,0,0.5,1,0,1,0.4,0.0
3117,1,0,0.5,0,0,0,0.6,0.0
3118,1,0,0.5,1,0,0,0.67,0.0
3119,2,0,1.0,0,0,0,1.0,0.0
3120,3,0,1.5,0,0,0,1.5,0.0
3121,4,0,2.0,1,0,0,1.86,0.0
3122,4,0,2.0,0,0,0,2.43,0.0
3123,5,0,2.5,0,0,0,3.14,0.0
3124,6,0,3.0,0,0,0,4.0,0.0
3125,7,0,3.5,0,0,0,5.0,0.0
3126,7,0,3.5,0,0,0,6.0,0.0
3127,6,0,3.0,0,0,0,6.0,0.0
3128,5,0,2.5,0,0,0,5.33,0.0
3129,4,0,2.0,0,0,0,4.5,0.0
3130,3,0,1.5,0,0,0,4.2,0.0
3131,2,0,1.0,0,0,0,3.0,0.0
3132,1,0,0.5,0,0,0,2.0,0.0
3133,0,0,0.0,0,0,0,0.0,0.0
3134,0,0,0.0,0,0,1,0.0,0.0
3135,0,0,0.0,0,0,0,0.0,0.0
3136,0,0,0.0,0,0,0,0.0,0.0
3137,0,0,0.0,1,0,1,0.0,0.0
3138,0,0,0.0,0,0,0,0.0,0.0
3139,0,0,0.0,1,0,1,0.0,0.0
3140,0,0,0.0,0,0,1,0.0,0.0
3141,0,0,0.0,1,0,0,0.0,0.0
3142,0,0,0.0,0,0,1,0.0,0.0
3143,1,0,0.5,1,0,0,0.17,0.0
3144,2,0,1.0,0,0,0,0.5,0.0
3145,2,0,1.0,0,0,0,0.83,0.0
3146,3,0,1.5,1,0,0,1.14,0.0
3147,3,0,1.5,0,0,0,1.57,0.0
3148,4,0,2.0,0,0,0,2.14,0.0
3149,4,0,2.0,0,0,0,2.71,0.0
3150,6,0,3.0,0,0,0,3.57,0.0
3151,6,0,3.0,0,0,0,4.43,0.0
3152,6,0,3.0,0,0,0,5.29,0.0
3153,6,0,3.0,0,0,0,5.5,0.0
3154,5,0,2.5,0,0,0,4.67,0.0
3155,4,0,2.0,0,0,0,3.83,0.0
3156,3,0,1.5,0,0,0,3.6,0.0
3157,2,0,1.0,0,0,0,2.6,0.0
3158,1,0,0.5,0,0,0,1.2,0.0
3159,0,0,0.0,0,0,0,0.0,0.0
3160,0,0,0.0,0,0,0,0.0,0.0
3161,0,0,0.0,0,0,1,0.0,0.0
3162,0,0,0.0,0,0,0,0.0,0.0
3163,0,0,0.0,1,0,1,0.0,0.0
3164,0,0,0.0,0,0,0,0.0,0.0
3165,0,0,0.0,1,0,1,0.0,0.0
3166,0,0,0.0,0,0,0,0.0,0.0
3167,1,0,0.5,1,0,1,0.2,0.0
3168,1,0,0.5,0,0,0,0.4,0.0
3169,2,0,1.0,1,0,1,0.67,0.0
3170,2,0,1.0,0,0,0,1.0,0.0
3171,3,0,1.5,0,0,0,1.5,0.0
3172,3,0,1.5,1,0,0,1.71,0.0
3173,5,0,2.5,0,0,0,2.43,0.0
3174,5,0,2.5,0,0,0,3.14,0.0
3175,6,0,3.0,0,0,0,4.0,0.0
3176,6,0,3.0,0,0,0,4.86,0.0
3177,7,0,3.5,0,0,0,5.86,0.0
3178,7,0,3.5,0,0,0,6.86,0.0
3179,6,0,3.0,0,0,0,7.0,0.0
3180,5,0,2.5,0,0,0,6.0,0.0
3181,4,0,2.0,0,0,0,5.0,0.0
3182,3,0,1.5,0,0,0,4.8,0.0
3183,2,0,1.0,0,0,0,3.2,0.0
3184,1,0,0.5,0,0,0,1.6,0.0
3185,0,0,0.0,0,0,0,0.0,0.0
3186,0,0,0.0,0,0,0,0.0,0.0
3187,0,0,0.0,0,0,0,0.0,0.0
3188,0,0,0.0,0,0,1,0.0,0.0
3189,0,0,0.0,1,0,1,0.0,0.0
3190,0,0,0.0,0,0,0,0.0,0.0
3191,1,0,0.5,1,0,1,0.2,0.0
3192,1,0,0.5,0,0,0,0.4,0.0
3193,2,0,1.0,1,0,0,0.67,0.0
3194,2,0,1.0,0,0,1,1.0,0.0
3195,3,0,1.5,0,0,0,1.5,0.0
3196,3,0,1.5,1,0,0,1.71,0.0
3197,4,0,2.0,0,0,0,2.29,0.0
3198,4,0,2.0,0,0,0,2.86,0.0
3199,5,0,2.5,0,0,0,3.57,0.0
3200,6,0,3.0,0,0,0,4.43,0.0
3201,6,0,3.0,0,0,0,5.29,0.0
3202,7,0,3.5,0,0,0,6.29,0.0
3203,7,0,3.5,0,0,0,7.29,0.0
3204,7,0,3.5,0,0,0,8.29,0.0
3205,6,0,3.0,0,0,0,8.33,0.0
3206,5,0,2.5,0,0,0,7.0,0.0
3207,4,0,2.0,0,0,0,5.67,0.0
3208,3,0,1.5,0,0,0,5.2,0.0
3209,2,0,1.0,0,0,0,3.6,0.0
3210,1,0,0.5,0,0,0,2.25,0.0
3211,0,0,0.0,0,0,0,0.0,0.0
3212,0,0,0.0,0,0,0,0.0,0.0
3213,0,0,0.0,0,0,1,0.0,0.0
3214,0,0,0.0,0,0,1,0.0,0.0
3215,0,0,0.0,1,0,0,0.0,0.0
3216,0,0,0.0,0,0,0,0.0,0.0
3217,0,0,0.0,1,0,1,0.0,0.0
3218,1,0,0.5,0,0,0,0.2,0.0
3219,1,0,0.5,1,0,1,0.33,0.0
3220,2,0,1.0,0,0,0,0.67,0.0
3221,3,0,1.5,0,0,0,1.17,0.0
3222,3,0,1.5,1,0,0,1.43,0.0
3223,4,0,2.0,0,0,0,2.0,0.0
3224,5,0,2.5,0,0,0,2.71,0.0
3225,6,0,3.0,0,0,0,3.57,0.0
3226,6,0,3.0,0,0,0,4.43,0.0
3227,6,0,3.0,0,0,0,5.29,0.0
3228,7,0,3.5,0,0,0,6.29,0.0
3229,7,0,3.5,0,0,0,7.29,0.0
3230,7,0,3.5,0,0,0,8.29,0.0
3231,6,0,3.0,0,0,0,8.5,0.0
3232,5,0,2.5,0,0,0,7.33,0.0
3233,4,0,2.0,0,0,0,6.0,0.0
3234,3,0,1.5,0,0,0,4.67,0.0
3235,2,0,1.0,0,0,0,3.8,0.0
3236,1,0,0.5,0,0,0,1.8,0.0
3237,0,0,0.0,0,0,0,0.0,0.0
3238,0,0,0.0,0,0,0,0.0,0.0
3239,0,0,0.0,0,0,1,0.0,0.0
3240,0,0,0.0,0,0,0,0.0,0.0
3241,0,0,0.0,1,0,1,0.0,0.0
3242,1,0,0.5,0,0,0,0.25,0.0
3243,1,0,0.5,1,0,1,0.4,0.0
3244,1,0,0.5,0,0,0,0.6,0.0
3245,2,0,1.0,1,0,1,0.83,0.0
3246,2,0,1.0,0,0,0,1.17,0.0
3247,3,0,1.5,1,0,0,1.43,0.0
3248,4,0,2.0,0,0,0,2.0,0.0
3249,4,0,2.0,0,0,0,2.57,0.0
3250,5,0,2.5,0,0,0,3.29,0.0
3251,6,0,3.0,0,0,0,4.14,0.0
3252,6,0,3.0,0,0,0,5.0,0.0
3253,6,0,3.0,0,0,0,5.86,0.0
3254,7,0,3.5,0,0,0,6.86,0.0
3255,7,0,3.5,0,0,0,7.86,0.0
3256,7,0,3.5,0,0,0,8.86,0.0
3257,6,0,3.0,0,0,0,8.83,0.0
3258,5,0,2.5,0,0,0,7.5,0.0
3259,4,0,2.0,0,0,0,6.17,0.0
3260,3,0,1.5,0,0,0,5.6,0.0
3261,2,0,1.0,0,0,0,3.8,0.0
3262,1,0,0.5,0,0,0,1.8,0.0
3263,0,0,0.0,0,0,0,0.0,0.0
3264,0,0,0.0,0,0,0,0.0,0.0
3265,0,0,0.0,0,0,1,0.0,0.0
3266,0,0,0.0,0,0,1,0.0,0.0
3267,0,0,0.0,1,0,0,0.0,0.0
3268,0,0,0.0,0,0,0,0.0,0.0
3269,0,0,0.0,1,0,1,0.0,0.0
3270,0,0,0.0,0,0,1,0.0,0.0
3271,1,0,0.5,1,0,0,0.2,0.0
3272,2,0,1.0,0,0,1,0.6,0.0
3273,2,0,1.0,1,0,0,0.83,0.0
3274,2,0,1.0,0,0,0,1.17,0.0
3275,3,0,1.5,0,0,0,1.67,0.0
3276,4,0,2.0,1,0,0,2.0,0.0
3277,4,0,2.0,0,0,0,2.57,0.0
3278,4,0,2.0,0,0,0,3.14,0.0
3279,5,0,2.5,0,0,0,3.86,0.0
3280,6,0,3.0,0,0,0,4.71,0.0
3281,6,0,3.0,0,0,0,5.57,0.0
3282,7,0,3.5,0,0,0,6.57,0.0
3283,6,0,3.0,0,0,0,6.67,0.0
3284,5,0,2.5,0,0,0,5.5,0.0
3285,4,0,2.0,0,0,0,4.5,0.0
3286,3,0,1.5,0,0,0,3.33,0.0
3287,2,0,1.0,0,0,0,2.8,0.0
3288,1,0,0.5,0,0,0,1.4,0.0
3289,0,0,0.0,0,0,0,0.0,0.0
3290,0,0,0.0,0,0,0,0.0,0.0
3291,0,0,0.0,0,0,0,0.0,0.0
3292,0,0,0.0,0,0,1,0.0,0.0
3293,0,0,0.0,1,0,1,0.0,0.0
3294,1,0,0.5,0,0,0,0.25,0.0
3295,1,0,0.5,1,0,1,0.4,0.0
3296,1,0,0.5,0,0,0,0.6,0.0
3297,2,0,1.0,1,0,1,0.83,0.0
3298,2,0,1.0,0,0,0,1.17,0.0
3299,3,0,1.5,0,0,0,1.67,0.0
3300,3,0,1.5,1,0,0,1.86,0.0
3301,4,0,2.0,0,0,0,2.43,0.0
3302,5,0,2.5,0,0,0,3.14,0.0
3303,5,0,2.5,0,0,0,3.86,0.0
3304,6,0,3.0,0,0,0,4.71,0.0
3305,7,0,3.5,0,0,0,5.71,0.0
3306,7,0,3.5,0,0,0,6.71,0.0
3307,7,0,3.5,0,0,0,7.71,0.0
3308,7,0,3.5,0,0,0,8.71,0.0
3309,6,0,3.0,0,0,0,8.67,0.0
3310,5,0,2.5,0,0,0,7.33,0.0
3311,4,0,2.0,0,0,0,6.0,0.0
3312,3,0,1.5,0,0,0,5.6,0.0
3313,2,0,1.0,0,0,0,3.8,0.0
3314,1,0,0.5,0,0,0,2.0,0.0
3315,0,0,0.0,0,0,0,0.0,0.0
3316,0,0,0.0,0,0,0,0.0,0.0
3317,0,0,0.0,0,0,1,0.0,0.0
3318,0,0,0.0,0,0,0,0.0,0.0
3319,0,0,0.0,1,0,1,0.0,0.0
3320,1,0,0.5,0,0,0,0.25,0.0
3321,1,0,0.5,1,0,1,0.4,0.0
3322,1,0,0.5,0,0,0,0.6,0.0
3323,2,0,1.0,1,0,1,0.83,0.0
3324,2,0,1.0,0,0,0,1.17,0.0
3325,3,0,1.5,0,0,0,1.67,0.0
3326,3,0,1.5,1,0,0,1.86,0.0
3327,4,0,2.0,0,0,0,2.43,0.0
3328,5,0,2.5,0,0,0,3.14,0.0
3329,6,0,3.0,0,0,0,4.0,0.0
3330,6,0,3.0,0,0,0,4.86,0.0
3331,7,0,3.5,0,0,0,5.86,0.0
3332,7,0,3.5,0,0,0,6.86,0.0
3333,7,0,3.5,0,0,0,7.86,0.0
3334,7,0,3.5,0,0,0,8.86,0.0
3335,6,0,3.0,0,0,0,8.83,0.0
3336,5,0,2.5,0,0,0,7.5,0.0
3337,4,0,2.0,0,0,0,6.17,0.0
3338,3,0,1.5,0,0,0,5.8,0.0
3339,2,0,1.0,0,0,0,4.0,0.0
3340,1,0,0.5,0,0,0,2.0,0.0
3341,0,0,0.0,0,0,0,0.0,0.0
3342,0,0,0.0,0,0,0,0.0,0.0
3343,0,0,0.0,0,0,1,0.0,0.0
3344,0,0,0.0,0,0,0,0.0,0.0
3345,0,0,0.0,1,0,1,0.0,0.0
3346,0,0,0.0,0,0,0,0.0,0.0
3347,0,0,0.0,1,0,1,0.0,0.0
3348,1,0,0.5,0,0,0,0.25,0.0
3349,1,0,0.5,1,0,1,0.4,0.0
3350,2,0,1.0,0,0,0,0.8,0.0
3351,2,0,1.0,1,0,1,1.0,0.0
3352,2,0,1.0,0,0,0,1.33,0.0
3353,3,0,1.5,0,0,0,1.83,0.0
3354,3,0,1.5,1,0,0,2.0,0.0
3355,3,0,1.5,0,0,0,2.43,0.0
3356,4,0,2.0,0,0,0,3.0,0.0
3357,4,0,2.0,0,0,0,3.57,0.0
3358,5,0,2.5,0,0,0,4.29,0.0
3359,6,0,3.0,0,0,0,5.14,0.0
3360,6,0,3.0,0,0,0,6.0,0.0
3361,6,0,3.0,0,0,0,5.83,0.0
3362,5,0,2.5,0,0,0,4.67,0.0
3363,4,0,2.0,0,0,0,3.67,0.0
3364,3,0,1.5,0,0,0,2.83,0.0
3365,2,0,1.0,0,0,0,2.4,0.0
3366,1,0,0.5,0,0,0,1.2,0.0
3367,0,0,0.0,0,0,0,0.0,0.0
3368,0,0,0.0,0,0,1,0.0,0.0
3369,0,0,0.0,0,0,0,0.0,0.0
3370,0,0,0.0,0,0,0,0.0,0.0
3371,0,0,0.0,1,0,1,0.0,0.0
3372,0,0,0.0,0,0,0,0.0,0.0
3373,0,0,0.0,1,0,1,0.0,0.0
3374,1,0,0.5,0,0,0,0.2,0.0
3375,1,0,0.5,1,0,1,0.33,0.0
3376,2,0,1.0,0,0,0,0.67,0.0
3377,2,0,1.0,0,0,0,1.0,0.0
3378,3,0,1.5,0,0,0,1.5,0.0
3379,4,0,2.0,1,0,0,1.86,0.0
3380,4,0,2.0,0,0,0,2.43,0.0
3381,5,0,2.5,0,0,0,3.14,0.0
3382,5,0,2.5,0,0,0,3.86,0.0
3383,6,0,3.0,0,0,0,4.71,0.0
3384,7,0,3.5,0,0,0,5.71,0.0
3385,7,0,3.5,0,0,0,6.71,0.0
3386,7,0,3.5,0,0,0,7.71,0.0
3387,6,0,3.0,0,0,0,7.83,0.0
3388,5,0,2.5,0,0,0,6.67,0.0
3389,4,0,2.0,0,0,0,5.5,0.0
3390,3,0,1.5,0,0,0,5.0,0.0
3391,2,0,1.0,0,0,0,3.4,0.0
3392,1,0,0.5,0,0,0,2.25,0.0
3393,0,0,0.0,0,0,0,0.0,0.0
3394,0,0,0.0,0,0,1,0.0,0.0
3395,0,0,0.0,0,0,0,0.0,0.0
3396,0,0,0.0,0,0,0,0.0,0.0
3397,0,0,0.0,1,0,1,0.0,0.0
3398,0,0,0.0,0,0,1,0.0,0.0
3399,0,0,0.0,1,0,0,0.0,0.0
3400,0,0,0.0,0,0,1,0.0,0.0
3401,0,0,0.0,1,0,0,0.0,0.0
3402,1,0,0.5,0,0,1,0.2,0.0
3403,1,0,0.5,1,0,0,0.33,0.0
3404,3,0,1.5,0,0,0,0.83,0.0
3405,3,0,1.5,0,0,0,1.33,0.0
3406,4,0,2.0,1,0,0,1.71,0.0
3407,4,0,2.0,0,0,0,2.29,0.0
3408,4,0,2.0,0,0,0,2.86,0.0
3409,5,0,2.5,0,0,0,3.57,0.0
3410,6,0,3.0,0,0,0,4.43,0.0
3411,6,0,3.0,0,0,0,5.29,0.0
3412,7,0,3.5,0,0,0,6.29,0.0
3413,6,0,3.0,0,0,0,6.5,0.0
3414,5,0,2.5,0,0,0,5.67,0.0
3415,4,0,2.0,0,0,0,4.5,0.0
3416,3,0,1.5,0,0,0,4.0,0.0
3417,2,0,1.0,0,0,0,2.8,0.0
3418,1,0,0.5,0,0,0,1.75,0.0
3419,0,0,0.0,0,0,0,0.0,0.0
3420,0,0,0.0,0,0,0,0.0,0.0
3421,0,0,0.0,0,0,1,0.0,0.0
3422,0,0,0.0,0,0,0,0.0,0.0
3423,0,0,0.0,1,0,1,0.0,0.0
3424,0,0,0.0,0,0,0,0.0,0.0
3425,0,0,0.0,1,0,1,0.0,0.0
3426,1,0,0.5,0,0,0,0.25,0.0
3427,1,0,0.5,1,0,1,0.4,0.0
3428,1,0,0.5,0,0,0,0.6,0.0
3429,2,0,1.0,1,0,1,0.83,0.0
3430,2,0,1.0,0,0,0,1.17,0.0
3431,3,0,1.5,0,0,0,1.67,0.0
3432,4,0,2.0,1,0,0,2.0,0.0
3433,4,0,2.0,0,0,0,2.57,0.0
3434,5,0,2.5,0,0,0,3.29,0.0
3435,6,0,3.0,0,0,0,4.14,0.0
3436,6,0,3.0,0,0,0,5.0,0.0
3437,7,0,3.5,0,0,0,6.0,0.0
3438,7,0,3.5,0,0,0,7.0,0.0
3439,6,0,3.0,0,0,0,7.0,0.0
3440,5,0,2.5,0,0,0,6.0,0.0
3441,4,0,2.0,0,0,0,5.0,0.0
3442,3,0,1.5,0,0,0,4.6,0.0
3443,2,0,1.0,0,0,0,3.2,0.0
3444,1,0,0.5,0,0,0,2.0,0.0
3445,0,0,0.0,0,0,0,0.0,0.0
3446,0,0,0.0,0,0,0,0.0,0.0
3447,0,0,0.0,0,0,1,0.0,0.0
3448,0,0,0.0,0,0,0,0.0,0.0
3449,0,0,0.0,1,0,1,0.0,0.0
3450,0,0,0.0,0,0,0,0.0,0.0
3451,0,0,0.0,1,0,1,0.0,0.0
3452,0,0,0.0,0,0,0,0.0,0.0
3453,1,0,0.5,1,0,1,0.2,0.0
3454,1,0,0.5,0,0,0,0.4,0.0
3455,1,0,0.5,1,0,1,0.5,0.0
3456,2,0,1.0,0,0,0,0.83,0.0
3457,2,0,1.0,0,0,0,1.17,0.0
3458,3,0,1.5,1,0,0,1.43,0.0
3459,3,0,1.5,0,0,0,1.86,0.0
3460,4,0,2.0,0,0,0,2.43,0.0
3461,5,0,2.5,0,0,0,3.14,0.0
3462,6,0,3.0,0,0,0,4.0,0.0
3463,6,0,3.0,0,0,0,4.86,0.0
3464,6,0,3.0,0,0,0,5.71,0.0
3465,6,0,3.0,0,0,0,5.67,0.0
3466,5,0,2.5,0,0,0,4.83,0.0
3467,4,0,2.0,0,0,0,4.0,0.0
3468,3,0,1.5,0,0,0,3.8,0.0
3469,2,0,1.0,0,0,0,2.6,0.0
3470,1,0,0.5,0,0,0,1.2,0.0
3471,0,0,0.0,0,0,0,0.0,0.0
3472,0,0,0.0,0,0,0,0.0,0.0
3473,0,0,0.0,0,0,1,0.0,0.0
3474,0,0,0.0,0,0,0,0.0,0.0
3475,0,0,0.0,1,0,1,0.0,0.0
3476,0,0,0.0,0,0,0,0.0,0.0
3477,0,0,0.0,1,0,0,0.0,0.0
3478,0,0,0.0,0,0,1,0.0,0.0
3479,0,0,0.0,1,0,1,0.0,0.0
3480,1,0,0.5,0,0,0,0.2,0.0
3481,1,0,0.5,1,0,1,0.33,0.0
3482,2,0,1.0,0,0,0,0.67,0.0
3483,3,0,1.5,0,0,0,1.17,0.0
3484,4,0,2.0,1,0,0,1.57,0.0
3485,4,0,2.0,0,0,0,2.14,0.0
3486,4,0,2.0,0,0,0,2.71,0.0
3487,5,0,2.5,0,0,0,3.43,0.0
3488,6,0,3.0,0,0,0,4.29,0.0
3489,7,0,3.5,0,0,0,5.29,0.0
3490,7,0,3.5,0,0,0,6.29,0.0
3491,6,0,3.0,0,0,0,6.5,0.0
3492,5,0,2.5,0,0,0,5.67,0.0
3493,4,0,2.0,0,0,0,4.67,0.0
3494,3,0,1.5,0,0,0,4.2,0.0
3495,2,0,1.0,0,0,0,3.0,0.0
3496,1,0,0.5,0,0,0,1.6,0.0
3497,0,0,0.0,0,0,0,0.0,0.0
3498,0,0,0.0,0,0,0,0.0,0.0
3499,0,0,0.0,0,0,1,0.0,0.0
3500,0,0,0.0,0,0,0,0.0,0.0
3501,0,0,0.0,1,0,1,0.0,0.0
3502,0,0,0.0,0,0,0,0.0,0.0
3503,0,0,0.0,1,0,1,0.0,0.0
3504,0,0,0.0,0,0,0,0.0,0.0
3505,1,0,0.5,1,0,1,0.2,0.0
3506,1,0,0.5,0,0,0,0.4,0.0
3507,1,0,0.5,1,0,1,0.5,0.0
3508,2,0,1.0,0,0,0,0.83,0.0
3509,2,0,1.0,0,0,0,1.17,0.0
3510,3,0,1.5,0,0,0,1.67,0.0
3511,3,0,1.5,1,0,0,1.86,0.0
3512,4,0,2.0,0,0,0,2.43,0.0
3513,5,0,2.5,0,0,0,3.14,0.0
3514,6,0,3.0,0,0,0,4.0,0.0
3515,6,0,3.0,0,0,0,4.86,0.0
3516,7,0,3.5,0,0,0,5.86,0.0
3517,6,0,3.0,0,0,0,5.83,0.0
3518,5,0,2.5,0,0,0,5.0,0.0
3519,4,0,2.0,0,0,0,4.17,0.0
3520,3,0,1.5,0,0,0,4.0,0.0
3521,2,0,1.0,0,0,0,2.8,0.0
3522,1,0,0.5,0,0,0,1.4,0.0
3523,0,0,0.0,0,0,0,0.0,0.0
3524,0,0,0.0,0,0,0,0.0,0.0
3525,0,0,0.0,0,0,1,0.0,0.0
3526,0,0,0.0,0,0,0,0.0,0.0
3527,0,0,0.0,1,0,1,0.0,0.0
3528,0,0,0.0,0,0,0,0.0,0.0
3529,0,0,0.0,1,0,1,0.0,0.0
3530,0,0,0.0,0,0,1,0.0,0.0
3531,0,0,0.0,1,0,0,0.0,0.0
3532,1,0,0.5,0,0,0,0.2,0.0
3533,1,0,0.5,1,0,1,0.33,0.0
3534,3,0,1.5,0,0,0,0.83,0.0
3535,3,0,1.5,0,0,0,1.33,0.0
3536,3,0,1.5,1,0,0,1.57,0.0
3537,4,0,2.0,0,0,0,2.14,0.0
3538,5,0,2.5,0,0,0,2.86,0.0
3539,6,0,3.0,0,0,0,3.71,0.0
3540,7,0,3.5,0,0,0,4.71,0.0
3541,7,0,3.5,0,0,0,5.71,0.0
3542,7,0,3.5,0,0,0,6.71,0.0
3543,6,0,3.0,0,0,0,7.0,0.0
3544,5,0,2.5,0,0,0,6.17,0.0
3545,4,0,2.0,0,0,0,5.0,0.0
3546,3,0,1.5,0,0,0,4.8,0.0
3547,2,0,1.0,0,0,0,3.4,0.0
3548,1,0,0.5,0,0,0,1.8,0.0
3549,1,0,0.5,0,0,0,2.5,0.0
3550,0,0,0.0,0,0,0,0.0,0.0
3551,0,0,0.0,0,0,0,0.0,0.0
3552,0,0,0.0,0,0,1,0.0,0.0
3553,0,0,0.0,1,0,1,0.0,0.0
3554,0,0,0.0,0,0,0,0.0,0.0
3555,0,0,0.0,1,0,1,0.0,0.0
3556,0,0,0.0,0,0,0,0.0,0.0
3557,0,0,0.0,1,0,1,0.0,0.0
3558,1,0,0.5,0,0,0,0.2,0.0
3559,1,0,0.5,1,0,1,0.33,0.0
3560,2,0,1.0,0,0,0,0.67,0.0
3561,2,0,1.0,0,0,0,1.0,0.0
3562,3,0,1.5,1,0,0,1.29,0.0
3563,4,0,2.0,0,0,0,1.86,0.0
3564,5,0,2.5,0,0,0,2.57,0.0
3565,6,0,3.0,0,0,0,3.43,0.0
3566,6,0,3.0,0,0,0,4.29,0.0
3567,7,0,3.5,0,0,0,5.29,0.0
3568,7,0,3.5,0,0,0,6.29,0.0
3569,6,0,3.0,0,0,0,6.5,0.0
3570,5,0,2.5,0,0,0,5.67,0.0
3571,4,0,2.0,0,0,0,4.83,0.0
3572,3,0,1.5,0,0,0,4.6,0.0
3573,2,0,1.0,0,0,0,3.2,0.0
3574,1,0,0.5,0,0,0,2.0,0.0
3575,0,0,0.0,0,0,0,0.0,0.0
3576,0,0,0.0,0,0,1,0.0,0.0
3577,0,0,0.0,0,0,0,0.0,0.0
3578,0,0,0.0,0,0,0,0.0,0.0
3579,0,0,0.0,1,0,0,0.0,0.0
3580,0,0,0.0,0,0,1,0.0,0.0
3581,0,0,0.0,1,0,1,0.0,0.0
3582,0,0,0.0,0,0,0,0.0,0.0
3583,1,0,0.5,1,0,1,0.2,0.0
3584,1,0,0.5,0,0,0,0.4,0.0
3585,2,0,1.0,1,0,1,0.67,0.0
3586,2,0,1.0,0,0,0,1.0,0.0
3587,3,0,1.5,0,0,0,1.5,0.0
3588,4,0,2.0,1,0,0,1.86,0.0
3589,4,0,2.0,0,0,0,2.43,0.0
3590,5,0,2.5,0,0,0,3.14,0.0
3591,6,0,3.0,0,0,0,4.0,0.0
3592,6,0,3.0,0,0,0,4.86,0.0
3593,7,0,3.5,0,0,0,5.86,0.0
3594,7,0,3.5,0,0,0,6.86,0.0
3595,6,0,3.0,0,0,0,7.0,0.0
3596,5,0,2.5,0,0,0,6.0,0.0
3597,4,0,2.0,0,0,0,5.0,0.0
3598,3,0,1.5,0,0,0,4.6,0.0
3599,2,0,1.0,0,0,0,3.2,0.0
3600,1,0,0.5,0,0,0,1.6,0.0
3601,0,0,0.0,0,0,0,0.0,0.0
3602,0,0,0.0,0,0,0,0.0,0.0
3603,0,0,0.0,0,0,1,0.0,0.0
3604,0,0,0.0,0,0,0,0.0,0.0
3605,0,0,0.0,1,0,1,0.0,0.0
3606,0,0,0.0,0,0,1,0.0,0.0
3607,1,0,0.5,1,0,0,0.2,0.0
3608,1,0,0.5,0,0,0,0.4,0.0
3609,2,0,1.0,1,0,1,0.67,0.0
3610,2,0,1.0,0,0,0,1.0,0.0
3611,3,0,1.5,0,0,0,1.5,0.0
3612,3,0,1.5,1,0,0,1.71,0.0
3613,4,0,2.0,0,0,0,2.29,0.0
3614,5,0,2.5,0,0,0,3.0,0.0
3615,5,0,2.5,0,0,0,3.71,0.0
3616,6,0,3.0,0,0,0,4.57,0.0
3617,7,0,3.5,0,0,0,5.57,0.0
3618,6,0,3.0,0,0,0,6.29,0.0
3619,7,0,3.5,0,0,0,7.29,0.0
3620,7,0,3.5,0,0,0,8.29,0.0
3621,6,0,3.0,0,0,0,8.33,0.0
3622,5,0,2.5,0,0,0,7.0,0.0
3623,4,0,2.0,0,0,0,5.67,0.0
3624,3,0,1.5,0,0,0,5.2,0.0
3625,2,0,1.0,0,0,0,3.4,0.0
3626,1,0,0.5,0,0,0,1.6,0.0
3627,0,0,0.0,0,0,0,0.0,0.0
3628,0,0,0.0,0,0,0,0.0,0.0
3629,0,0,0.0,0,0,1,0.0,0.0
3630,0,0,0.0,0,0,0,0.0,0.0
3631,0,0,0.0,1,0,1,0.0,0.0
3632,0,0,0.0,0,0,0,0.0,0.0
3633,0,0,0.0,1,0,1,0.0,0.0
3634,0,0,0.0,0,0,1,0.0,0.0
3635,0,0,0.0,1,0,0,0.0,0.0
3636,1,0,0.5,0,0,1,0.2,0.0
3637,1,0,0.5,1,0,0,0.33,0.0
3638,2,0,1.0,0,0,0,0.67,0.0
3639,3,0,1.5,0,0,0,1.17,0.0
3640,3,0,1.5,1,0,0,1.43,0.0
3641,3,0,1.5,0,0,0,1.86,0.0
3642,4,0,2.0,0,0,0,2.43,0.0
3643,5,0,2.5,0,0,0,3.14,0.0
3644,6,0,3.0,0,0,0,4.0,0.0
3645,6,0,3.0,0,0,0,4.86,0.0
3646,7,0,3.5,0,0,0,5.86,0.0
3647,6,0,3.0,0,0,0,6.0,0.0
3648,5,0,2.5,0,0,0,5.17,0.0
3649,4,0,2.0,0,0,0,4.17,0.0
3650,3,0,1.5,0,0,0,4.0,0.0
3651,2,0,1.0,0,0,0,2.8,0.0
3652,1,0,0.5,0,0,0,1.4,0.0
3653,0,0,0.0,0,0,0,0.0,0.0
3654,0,0,0.0,0,0,0,0.0,0.0
3655,0,0,0.0,0,0,1,0.0,0.0
3656,0,0,0.0,0,0,0,0.0,0.0
3657,0,0,0.0,1,0,1,0.0,0.0
3658,0,0,0.0,0,0,0,0.0,0.0
3659,0,0,0.0,1,0,1,0.0,0.0
3660,0,0,0.0,0,0,0,0.0,0.0
3661,1,0,0.5,1,0,0,0.2,0.0
3662,1,0,0.5,0,0,1,0.4,0.0
3663,1,0,0.5,1,0,1,0.5,0.0
3664,2,0,1.0,0,0,0,0.83,0.0
3665,3,0,1.5,0,0,0,1.33,0.0
3666,4,0,2.0,1,0,0,1.71,0.0
3667,4,0,2.0,0,0,0,2.29,0.0
3668,5,0,2.5,0,0,0,3.0,0.0
3669,5,0,2.5,0,0,0,3.71,0.0
3670,6,0,3.0,0,0,0,4.57,0.0
3671,6,0,3.0,0,0,0,5.43,0.0
3672,7,0,3.5,0,0,0,6.43,0.0
3673,6,0,3.0,0,0,0,6.5,0.0
3674,5,0,2.5,0,0,0,5.67,0.0
3675,4,0,2.0,0,0,0,4.67,0.0
3676,3,0,1.5,0,0,0,4.2,0.0
3677,2,0,1.0,0,0,0,2.8,0.0
3678,1,0,0.5,0,0,0,1.75,0.0
3679,0,0,0.0,0,0,0,0.0,0.0
3680,0,0,0.0,0,0,0,0.0,0.0
3681,0,0,0.0,0,0,1,0.0,0.0
3682,0,0,0.0,0,0,0,0.0,0.0
3683,0,0,0.0,1,0,1,0.0,0.0
3684,0,0,0.0,0,0,1,0.0,0.0
3685,0,0,0.0,1,0,0,0.0,0.0
3686,0,0,0.0,0,0,1,0.0,0.0
3687,0,0,0.0,1,0,0,0.0,0.0
3688,1,0,0.5,0,0,1,0.2,0.0
3689,1,0,0.5,1,0,0,0.33,0.0
3690,2,0,1.0,0,0,0,0.67,0.0
3691,2,0,1.0,0,0,0,1.0,0.0
3692,3,0,1.5,1,0,0,1.29,0.0
3693,4,0,2.0,0,0,0,1.86,0.0
3694,4,0,2.0,0,0,0,2.43,0.0
3695,5,0,2.5,0,0,0,3.14,0.0
3696,5,0,2.5,0,0,0,3.86,0.0
3697,6,0,3.0,0,0,0,4.71,0.0
3698,7,0,3.5,0,0,0,5.71,0.0
3699,6,0,3.0,0,0,0,5.83,0.0
3700,5,0,2.5,0,0,0,5.0,0.0
3701,4,0,2.0,0,0,0,4.17,0.0
3702,3,0,1.5,0,0,0,3.8,0.0
3703,2,0,1.0,0,0,0,2.6,0.0
3704,1,0,0.5,0,0,0,1.4,0.0
3705,0,0,0.0,0,0,0,0.0,0.0
3706,0,0,0.0,0,0,0,0.0,0.0
3707,0,0,0.0,0,0,0,0.0,0.0
3708,0,0,0.0,0,0,1,0.0,0.0
3709,0,0,0.0,1,0,1,0.0,0.0
3710,0,0,0.0,0,0,0,0.0,0.0
3711,1,0,0.5,1,0,1,0.2,0.0
3712,1,0,0.5,0,0,0,0.4,0.0
3713,1,0,0.5,1,0,1,0.5,0.0
3714,2,0,1.0,0,0,0,0.83,0.0
3715,2,0,1.0,0,0,0,1.17,0.0
3716,3,0,1.5,1,0,0,1.43,0.0
3717,3,0,1.5,0,0,0,1.86,0.0
3718,4,0,2.0,0,0,0,2.43,0.0
3719,5,0,2.5,0,0,0,3.14,0.0
3720,5,0,2.5,0,0,0,3.86,0.0
3721,6,0,3.0,0,0,0,4.71,0.0
3722,7,0,3.5,0,0,0,5.71,0.0
3723,7,0,3.5,0,0,0,6.71,0.0
3724,7,0,3.5,0,0,0,7.71,0.0
3725,6,0,3.0,0,0,0,7.67,0.0
3726,5,0,2.5,0,0,0,6.5,0.0
3727,4,0,2.0,0,0,0,5.33,0.0
3728,3,0,1.5,0,0,0,5.0,0.0
3729,2,0,1.0,0,0,0,3.4,0.0
3730,1,0,0.5,0,0,0,1.8,0.0
3731,0,0,0.0,0,0,0,0.0,0.0
3732,0,0,0.0,0,0,0,0.0,0.0
3733,0,0,0.0,0,0,1,0.0,0.0
3734,0,0,0.0,0,0,0,0.0,0.0
3735,0,0,0.0,0,0,0,0.0,0.0
3736,0,0,0.0,1,0,1,0.0,0.0
3737,0,0,0.0,0,0,0,0.0,0.0
3738,1,0,0.5,1,0,1,0.25,0.0
3739,1,0,0.5,1,0,1,0.4,0.0
3740,1,0,0.5,0,0,0,0.6,0.0
3741,2,0,1.0,1,0,1,0.83,0.0
3742,2,0,1.0,0,0,0,1.17,0.0
3743,3,0,1.5,0,0,0,1.67,0.0
3744,3,0,1.5,0,0,0,2.17,0.0
3745,3,0,1.5,1,0,0,2.29,0.0
3746,4,0,2.0,0,0,0,2.86,0.0
3747,4,0,2.0,0,0,0,3.43,0.0
3748,5,0,2.5,0,0,0,4.14,0.0
3749,6,0,3.0,0,0,0,5.0,0.0
3750,6,0,3.0,0,0,0,5.86,0.0
3751,6,0,3.0,0,0,0,5.67,0.0
3752,5,0,2.5,0,0,0,4.67,0.0
3753,4,0,2.0,0,0,0,3.67,0.0
3754,3,0,1.5,0,0,0,3.4,0.0
3755,2,0,1.0,0,0,0,2.4,0.0
3756,1,0,0.5,0,0,0,1.5,0.0
3757,0,0,0.0,0,0,0,0.0,0.0
3758,0,0,0.0,0,0,0,0.0,0.0
3759,0,0,0.0,0,0,1,0.0,0.0
3760,0,0,0.0,0,0,0,0.0,0.0
3761,0,0,0.0,1,0,1,0.0,0.0
3762,0,0,0.0,0,0,0,0.0,0.0
3763,0,0,0.0,1,0,1,0.0,0.0
3764,0,0,0.0,0,0,0,0.0,0.0
3765,1,0,0.5,1,0,1,0.2,0.0
3766,1,0,0.5,0,0,0,0.4,0.0
3767,2,0,1.0,1,0,1,0.67,0.0
3768,3,0,1.5,0,0,0,1.17,0.0
3769,3,0,1.5,0,0,0,1.67,0.0
3770,4,0,2.0,1,0,0,2.0,0.0
3771,4,0,2.0,0,0,0,2.57,0.0
3772,4,0,2.0,0,0,0,3.14,0.0
3773,5,0,2.5,0,0,0,3.86,0.0
3774,5,0,2.5,0,0,0,4.57,0.0
3775,6,0,3.0,0,0,0,5.43,0.0
3776,7,0,3.5,0,0,0,6.43,0.0
3777,6,0,3.0,0,0,0,6.5,0.0
3778,5,0,2.5,0,0,0,5.5,0.0
3779,4,0,2.0,0,0,0,4.33,0.0
3780,3,0,1.5,0,0,0,3.8,0.0
3781,2,0,1.0,0,0,0,2.6,0.0
3782,1,0,0.5,0,0,0,1.4,0.0
3783,0,0,0.0,0,0,0,0.0,0.0
3784,0,0,0.0,0,0,0,0.0,0.0
3785,0,0,0.0,0,0,1,0.0,0.0
3786,0,0,0.0,0,0,1,0.0,0.0
3787,0,0,0.0,1,0,0,0.0,0.0
3788,0,0,0.0,0,0,0,0.0,0.0
3789,1,0,0.5,1,0,1,0.2,0.0
3790,2,0,1.0,0,0,0,0.6,0.0
3791,2,0,1.0,1,0,1,0.83,0.0
3792,3,0,1.5,0,0,0,1.33,0.0
3793,3,0,1.5,0,0,0,1.83,0.0
3794,3,0,1.5,1,0,0,2.0,0.0
3795,4,0,2.0,0,0,0,2.57,0.0
3796,4,0,2.0,0,0,0,3.14,0.0
3797,5,0,2.5,0,0,0,3.86,0.0
3798,6,0,3.0,0,0,0,4.71,0.0
3799,7,0,3.5,0,0,0,5.71,0.0
3800,7,0,3.5,0,0,0,6.71,0.0
3801,7,0,3.5,0,0,0,7.71,0.0
3802,7,0,3.5,0,0,0,8.71,0.0
3803,6,0,3.0,0,0,0,8.83,0.0
3804,5,0,2.5,0,0,0,7.33,0.0
3805,4,0,2.0,0,0,0,5.83,0.0
3806,3,0,1.5,0,0,0,5.4,0.0
3807,2,0,1.0,0,0,0,3.8,0.0
3808,1,0,0.5,0,0,0,2.5,0.0
3809,0,0,0.0,0,0,0,0.0,0.0
3810,0,0,0.0,0,0,0,0.0,0.0
3811,0,0,0.0,0,0,1,0.0,0.0
3812,0,0,0.0,0,0,1,0.0,0.0
3813,0,0,0.0,1,0,0,0.0,0.0
3814,0,0,0.0,0,0,1,0.0,0.0
3815,0,0,0.0,1,0,0,0.0,0.0
3816,0,0,0.0,0,0,1,0.0,0.0
3817,1,0,0.5,1,0,0,0.2,0.0
3818,1,0,0.5,0,0,0,0.4,0.0
3819,1,0,0.5,1,0,1,0.5,0.0
3820,2,0,1.0,0,0,0,0.83,0.0
3821,3,0,1.5,0,0,0,1.33,0.0
3822,4,0,2.0,1,0,0,1.71,0.0
3823,5,0,2.5,0,0,0,2.43,0.0
3824,5,0,2.5,0,0,0,3.14,0.0
3825,5,0,2.5,0,0,0,3.86,0.0
3826,6,0,3.0,0,0,0,4.71,0.0
3827,7,0,3.5,0,0,0,5.71,0.0
3828,7,0,3.5,0,0,0,6.71,0.0
3829,6,0,3.0,0,0,0,6.83,0.0
3830,5,0,2.5,0,0,0,6.0,0.0
3831,4,0,2.0,0,0,0,5.0,0.0
3832,3,0,1.5,0,0,0,3.83,0.0
3833,2,0,1.0,0,0,0,3.0,0.0
3834,1,0,0.5,0,0,0,1.6,0.0
3835,0,0,0.0,0,0,0,0.0,0.0
3836,0,0,0.0,0,0,0,0.0,0.0
3837,0,0,0.0,0,0,1,0.0,0.0
3838,0,0,0.0,0,0,0,0.0,0.0
3839,0,0,0.0,1,0,0,0.0,0.0
3840,1,0,0.5,0,0,1,0.25,0.0
3841,1,0,0.5,1,0,1,0.4,0.0
3842,1,0,0.5,0,0,0,0.6,0.0
3843,1,0,0.5,1,0,1,0.67,0.0
3844,2,0,1.0,0,0,0,1.0,0.0
3845,3,0,1.5,0,0,0,1.5,0.0
3846,4,0,2.0,1,0,0,1.86,0.0
3847,4,0,2.0,0,0,0,2.43,0.0
3848,5,0,2.5,0,0,0,3.14,0.0
3849,5,0,2.5,0,0,0,3.86,0.0
3850,6,0,3.0,0,0,0,4.71,0.0
3851,6,0,3.0,0,0,0,5.57,0.0
3852,7,0,3.5,0,0,0,6.57,0.0
3853,7,0,3.5,0,0,0,7.57,0.0
3854,7,0,3.5,0,0,0,8.57,0.0
3855,6,0,3.0,0,0,0,8.5,0.0
3856,5,0,2.5,0,0,0,7.33,0.0
3857,4,0,2.0,0,0,0,6.0,0.0
3858,3,0,1.5,0,0,0,5.4,0.0
3859,2,0,1.0,0,0,0,3.6,0.0
3860,1,0,0.5,0,0,0,1.8,0.0
3861,0,0,0.0,0,0,0,0.0,0.0
3862,0,0,0.0,0,0,1,0.0,0.0
3863,0,0,0.0,0,0,0,0.0,0.0
3864,0,0,0.0,0,0,0,0.0,0.0
3865,0,0,0.0,1,0,1,0.0,0.0
3866,0,0,0.0,0,0,0,0.0,0.0
3867,0,0,0.0,1,0,1,0.0,0.0
3868,1,0,0.5,0,0,0,0.2,0.0
3869,1,0,0.5,1,0,1,0.33,0.0
3870,2,0,1.0,0,0,0,0.67,0.0
3871,2,0,1.0,0,0,0,1.0,0.0
3872,3,0,1.5,1,0,0,1.29,0.0
3873,4,0,2.0,0,0,0,1.86,0.0
3874,4,0,2.0,0,0,0,2.43,0.0
3875,4,0,2.0,0,0,0,3.0,0.0
3876,5,0,2.5,0,0,0,3.71,0.0
3877,6,0,3.0,0,0,0,4.57,0.0
3878,6,0,3.0,0,0,0,5.29,0.0
3879,7,0,3.5,0,0,0,6.29,0.0
3880,7,0,3.5,0,0,0,7.29,0.0
3881,6,0,3.0,0,0,0,7.33,0.0
3882,5,0,2.5,0,0,0,6.17,0.0
3883,4,0,2.0,0,0,0,5.0,0.0
3884,3,0,1.5,0,0,0,4.4,0.0
3885,2,0,1.0,0,0,0,3.0,0.0
3886,1,0,0.5,0,0,0,2.0,0.0
3887,0,0,0.0,0,0,0,0.0,0.0
3888,0,0,0.0,0,0,0,0.0,0.0
3889,0,0,0.0,0,0,1,0.0,0.0
3890,0,0,0.0,0,0,0,0.0,0.0
3891,0,0,0.0,1,0,1,0.0,0.0
3892,0,0,0.0,0,0,0,0.0,0.0
3893,0,0,0.0,1,0,1,0.0,0.0
3894,1,0,0.5,0,0,0,0.25,0.0
3895,1,0,0.5,1,0,1,0.4,0.0
3896,2,0,1.0,0,0,0,0.8,0.0
3897,2,0,1.0,1,0,1,1.0,0.0
3898,3,0,1.5,0,0,0,1.5,0.0
3899,3,0,1.5,0,0,0,2.0,0.0
3900,4,0,2.0,1,0,0,2.29,0.0
3901,4,0,2.0,0,0,0,2.86,0.0
3902,5,0,2.5,0,0,0,3.57,0.0
3903,6,0,3.0,0,0,0,4.43,0.0
3904,6,0,3.0,0,0,0,5.29,0.0
3905,7,0,3.5,0,0,0,6.29,0.0
3906,7,0,3.5,0,0,0,7.29,0.0
3907,6,0,3.0,0,0,0,7.33,0.0
3908,5,0,2.5,0,0,0,6.17,0.0
3909,4,0,2.0,0,0,0,5.0,0.0
3910,3,0,1.5,0,0,0,4.6,0.0
3911,2,0,1.0,0,0,0,3.2,0.0
3912,1,0,0.5,0,0,0,2.0,0.0
3913,0,0,0.0,0,0,0,0.0,0.0
3914,0,0,0.0,0,0,0,0.0,0.0
3915,0,0,0.0,0,0,1,0.0,0.0
3916,0,0,0.0,0,0,0,0.0,0.0
3917,0,0,0.0,1,0,1,0.0,0.0
3918,0,0,0.0,0,0,0,0.0,0.0
3919,0,0,0.0,1,0,1,0.0,0.0
3920,0,0,0.0,0,0,0,0.0,0.0
3921,0,0,0.0,1,0,1,0.0,0.0
3922,1,0,0.5,0,0,0,0.2,0.0
3923,1,0,0.5,1,0,1,0.33,0.0
3924,2,0,1.0,0,0,0,0.67,0.0
3925,3,0,1.5,0,0,0,1.17,0.0
3926,4,0,2.0,1,0,0,1.57,0.0
3927,4,0,2.0,0,0,0,2.14,0.0
3928,5,0,2.5,0,0,0,2.86,0.0
3929,5,0,2.5,0,0,0,3.57,0.0
3930,6,0,3.0,0,0,0,4.43,0.0
3931,7,0,3.5,0,0,0,5.43,0.0
3932,7,0,3.5,0,0,0,6.43,0.0
3933,6,0,3.0,0,0,0,6.67,0.0
3934,5,0,2.5,0,0,0,5.83,0.0
3935,4,0,2.0,0,0,0,4.83,0.0
3936,3,0,1.5,0,0,0,4.4,0.0
3937,2,0,1.0,0,0,0,3.0,0.0
3938,1,0,0.5,0,0,0,1.6,0.0
3939,0,0,0.0,0,0,0,0.0,0.0
3940,0,0,0.0,0,0,0,0.0,0.0
3941,0,0,0.0,0,0,1,0.0,0.0
3942,0,0,0.0,0,0,0,0.0,0.0
3943,0,0,0.0,1,0,1,0.0,0.0
3944,0,0,0.0,0,0,0,0.0,0.0
3945,0,0,0.0,1,0,1,0.0,0.0
3946,1,0,0.5,0,0,1,0.2,0.0
3947,2,0,1.0,1,0,0,0.5,0.0
3948,2,0,1.0,0,0,0,0.83,0.0
3949,3,0,1.5,0,0,0,1.33,0.0
3950,4,0,2.0,1,0,0,1.71,0.0
3951,4,0,2.0,0,0,0,2.29,0.0
3952,5,0,2.5,0,0,0,3.0,0.0
3953,5,0,2.5,0,0,0,3.71,0.0
3954,6,0,3.0,0,0,0,4.57,0.0
3955,7,0,3.5,0,0,0,5.57,0.0
3956,7,0,3.5,0,0,0,6.57,0.0
3957,7,0,3.5,0,0,0,7.57,0.0
3958,7,0,3.5,0,0,0,8.57,0.0
3959,6,0,3.0,0,0,0,8.83,0.0
3960,5,0,2.5,0,0,0,7.5,0.0
3961,4,0,2.0,0,0,0,6.17,0.0
3962,3,0,1.5,0,0,0,5.6,0.0
3963,2,0,1.0,0,0,0,3.8,0.0
3964,1,0,0.5,0,0,0,2.0,0.0
3965,0,0,0.0,0,0,0,0.0,0.0
3966,0,0,0.0,0,0,0,0.0,0.0
3967,0,0,0.0,0,0,1,0.0,0.0
3968,0,0,0.0,0,0,0,0.0,0.0
3969,0,0,0.0,0,0,1,0.0,0.0
3970,0,0,0.0,1,0,0,0.0,0.0
3971,0,0,0.0,0,0,1,0.0,0.0
3972,0,0,0.0,1,0,0,0.0,0.0
3973,0,0,0.0,0,0,1,0.0,0.0
3974,0,0,0.0,1,0,0,0.0,0.0
3975,1,0,0.5,0,0,1,0.2,0.0
3976,1,0,0.5,1,0,0,0.33,0.0
3977,2,0,1.0,0,0,0,0.67,0.0
3978,3,0,1.5,0,0,0,1.17,0.0
3979,3,0,1.5,1,0,0,1.43,0.0
3980,4,0,2.0,0,0,0,2.0,0.0
3981,4,0,2.0,0,0,0,2.57,0.0
3982,5,0,2.5,0,0,0,3.29,0.0
3983,6,0,3.0,0,0,0,4.14,0.0
3984,6,0,3.0,0,0,0,5.0,0.0
3985,6,0,3.0,0,0,0,5.17,0.0
3986,5,0,2.5,0,0,0,4.5,0.0
3987,4,0,2.0,0,0,0,3.67,0.0
3988,3,0,1.5,0,0,0,3.4,0.0
3989,2,0,1.0,0,0,0,2.4,0.0
3990,1,0,0.5,0,0,0,1.2,0.0
3991,0,0,0.0,0,0,0,0.0,0.0
3992,0,0,0.0,0,0,0,0.0,0.0
3993,0,0,0.0,0,0,1,0.0,0.0
3994,0,0,0.0,0,0,0,0.0,0.0
3995,0,0,0.0,0,0,1,0.0,0.0
3996,0,0,0.0,1,0,0,0.0,0.0
3997,0,0,0.0,0,0,1,0.0,0.0
3998,1,0,0.5,1,0,0,0.2,0.0
3999,1,0,0.5,0,0,1,0.4,0.0
4000,2,0,1.0,1,0,0,0.67,0.0
4001,2,0,1.0,0,0,0,1.0,0.0
4002,3,0,1.5,0,0,0,1.5,0.0
4003,3,0,1.5,1,0,0,1.71,0.0
4004,4,0,2.0,0,0,0,2.29,0.0
4005,5,0,2.5,0,0,0,3.0,0.0
4006,5,0,2.5,0,0,0,3.71,0.0
4007,5,0,2.5,0,0,0,4.43,0.0
4008,6,0,3.0,0,0,0,5.29,0.0
4009,7,0,3.5,0,0,0,6.29,0.0
4010,7,0,3.5,0,0,0,7.29,0.0
4011,6,0,3.0,0,0,0,7.33,0.0
4012,5,0,2.5,0,0,0,6.17,0.0
4013,4,0,2.0,0,0,0,5.0,0.0
4014,3,0,1.5,0,0,0,4.6,0.0
4015,2,0,1.0,0,0,0,3.0,0.0
4016,1,0,0.5,0,0,0,1.6,0.0
4017,0,0,0.0,0,0,0,0.0,0.0
4018,0,0,0.0,0,0,0,0.0,0.0
4019,0,0,0.0,0,0,1,0.0,0.0
4020,0,0,0.0,0,0,0,0.0,0.0
4021,0,0,0.0,1,0,1,0.0,0.0
4022,0,0,0.0,0,0,0,0.0,0.0
4023,0,0,0.0,1,0,1,0.0,0.0
4024,0,0,0.0,0,0,1,0.0,0.0
4025,1,0,0.5,0,0,0,0.2,0.0
4026,2,0,1.0,1,0,0,0.5,0.0
4027,2,0,1.0,0,0,0,0.83,0.0
4028,3,0,1.5,0,0,0,1.33,0.0
4029,4,0,2.0,1,0,0,1.71,0.0
4030,4,0,2.0,0,0,0,2.29,0.0
4031,5,0,2.5,0,0,0,3.0,0.0
4032,5,0,2.5,0,0,0,3.71,0.0
4033,6,0,3.0,0,0,0,4.57,0.0
4034,7,0,3.5,0,0,0,5.57,0.0
4035,7,0,3.5,0,0,0,6.57,0.0
4036,7,0,3.5,0,0,0,7.57,0.0
4037,6,0,3.0,0,0,0,7.83,0.0
4038,5,0,2.5,0,0,0,6.67,0.0
4039,4,0,2.0,0,0,0,5.5,0.0
4040,3,0,1.5,0,0,0,5.0,0.0
4041,2,0,1.0,0,0,0,3.4,0.0
4042,1,0,0.5,0,0,0,1.8,0.0
4043,0,0,0.0,0,0,0,0.0,0.0
4044,0,0,0.0,0,0,0,0.0,0.0
4045,0,0,0.0,0,0,1,0.0,0.0
4046,0,0,0.0,0,0,0,0.0,0.0
4047,0,0,0.0,1,0,1,0.0,0.0
4048,1,0,0.5,0,0,0,0.25,0.0
4049,1,0,0.5,1,0,1,0.4,0.0
4050,1,0,0.5,0,0,0,0.6,0.0
4051,1,0,0.5,1,0,1,0.67,0.0
4052,3,0,1.5,0,0,0,1.17,0.0
4053,3,0,1.5,0,0,0,1.67,0.0
4054,3,0,1.5,1,0,0,1.86,0.0
4055,4,0,2.0,0,0,0,2.43,0.0
4056,5,0,2.5,0,0,0,3.14,0.0
4057,5,0,2.5,0,0,0,3.86,0.0
4058,5,0,2.5,0,0,0,4.57,0.0
4059,6,0,3.0,0,0,0,5.43,0.0
4060,7,0,3.5,0,0,0,6.43,0.0
4061,7,0,3.5,0,0,0,7.43,0.0
4062,7,0,3.5,0,0,0,8.43,0.0
4063,6,0,3.0,0,0,0,8.33,0.0
4064,5,0,2.5,0,0,0,7.17,0.0
4065,4,0,2.0,0,0,0,5.67,0.0
4066,3,0,1.5,0,0,0,5.2,0.0
4067,2,0,1.0,0,0,0,3.4,0.0
4068,1,0,0.5,0,0,0,2.25,0.0
4069,0,0,0.0,0,0,0,0.0,0.0
4070,0,0,0.0,0,0,0,0.0,0.0
4071,0,0,0.0,0,0,1,0.0,0.0
4072,0,0,0.0,1,0,1,0.0,0.0
4073,0,0,0.0,0,0,0,0.0,0.0
4074,0,0,0.0,0,0,0,0.0,0.0
4075,0,0,0.0,1,0,1,0.0,0.0
4076,0,0,0.0,0,0,0,0.0,0.0
4077,1,0,0.5,1,0,1,0.2,0.0
4078,1,0,0.5,0,0,1,0.4,0.0
4079,2,0,1.0,1,0,0,0.67,0.0
4080,2,0,1.0,0,0,0,1.0,0.0
4081,2,0,1.0,0,0,0,1.33,0.0
4082,3,0,1.5,1,0,0,1.57,0.0
4083,3,0,1.5,0,0,0,2.0,0.0
4084,4,0,2.0,0,0,0,2.57,0.0
4085,4,0,2.0,0,0,0,3.14,0.0
4086,6,0,3.0,0,0,0,4.0,0.0
4087,6,0,3.0,0,0,0,4.71,0.0
4088,6,0,3.0,0,0,0,5.57,0.0
4089,6,0,3.0,0,0,0,5.5,0.0
4090,5,0,2.5,0,0,0,4.5,0.0
4091,4,0,2.0,0,0,0,3.67,0.0
4092,3,0,1.5,0,0,0,3.4,0.0
4093,2,0,1.0,0,0,0,2.4,0.0
4094,1,0,0.5,0,0,0,1.5,0.0
4095,0,0,0.0,0,0,0,0.0,0.0
4096,0,0,0.0,0,0,0,0.0,0.0
4097,0,0,0.0,0,0,1,0.0,0.0
4098,0,0,0.0,0,0,0,0.0,0.0
4099,0,0,0.0,1,0,1,0.0,0.0
4100,0,0,0.0,0,0,1,0.0,0.0
4101,0,0,0.0,1,0,0,0.0,0.0
4102,0,0,0.0,0,0,1,0.0,0.0
4103,1,0,0.5,1,0,0,0.2,0.0
4104,2,0,1.0,0,0,1,0.6,0.0
4105,2,0,1.0,1,0,0,0.83,0.0
4106,3,0,1.5,0,0,0,1.33,0.0
4107,3,0,1.5,0,0,0,1.83,0.0
4108,3,0,1.5,1,0,0,2.0,0.0
4109,4,0,2.0,0,0,0,2.57,0.0
4110,5,0,2.5,0,0,0,3.29,0.0
4111,5,0,2.5,0,0,0,4.0,0.0
4112,6,0,3.0,0,0,0,4.86,0.0
4113,7,0,3.5,0,0,0,5.86,0.0
4114,7,0,3.5,0,0,0,6.86,0.0
4115,6,0,3.0,0,0,0,7.0,0.0
4116,5,0,2.5,0,0,0,5.83,0.0
4117,4,0,2.0,0,0,0,4.67,0.0
4118,3,0,1.5,0,0,0,4.4,0.0
4119,2,0,1.0,0,0,0,3.0,0.0
4120,1,0,0.5,0,0,0,1.6,0.0
4121,0,0,0.0,0,0,0,0.0,0.0
4122,0,0,0.0,0,0,0,0.0,0.0
4123,0,0,0.0,0,0,1,0.0,0.0
4124,0,0,0.0,0,0,0,0.0,0.0
4125,0,0,0.0,1,0,0,0.0,0.0
4126,0,0,0.0,0,0,1,0.0,0.0
4127,0,0,0.0,1,0,0,0.0,0.0
4128,1,0,0.5,0,0,1,0.2,0.0
4129,1,0,0.5,1,0,0,0.33,0.0
4130,2,0,1.0,0,0,0,0.67,0.0
4131,2,0,1.0,0,0,1,1.0,0.0
4132,3,0,1.5,1,0,0,1.29,0.0
4133,3,0,1.5,0,0,0,1.71,0.0
4134,4,0,2.0,0,0,0,2.29,0.0
4135,5,0,2.5,0,0,0,3.0,0.0
4136,5,0,2.5,0,0,0,3.71,0.0
4137,7,0,3.5,0,0,0,4.71,0.0
4138,7,0,3.5,0,0,0,5.71,0.0
4139,7,0,3.5,0,0,0,6.71,0.0
4140,7,0,3.5,0,0,0,7.71,0.0
4141,6,0,3.0,0,0,0,7.83,0.0
4142,5,0,2.5,0,0,0,6.67,0.0
4143,4,0,2.0,0,0,0,5.5,0.0
4144,3,0,1.5,0,0,0,5.2,0.0
4145,2,0,1.0,0,0,0,3.6,0.0
4146,1,0,0.5,0,0,0,2.0,0.0
4147,0,0,0.0,0,0,0,0.0,0.0
4148,0,0,0.0,0,0,0,0.0,0.0
4149,0,0,0.0,0,0,1,0.0,0.0
4150,0,0,0.0,0,0,0,0.0,0.0
4151,0,0,0.0,1,0,1,0.0,0.0
4152,1,0,0.5,0,0,0,0.25,0.0
4153,1,0,0.5,1,0,1,0.4,0.0
4154,1,0,0.5,0,0,0,0.6,0.0
4155,2,0,1.0,1,0,1,0.83,0.0
4156,2,0,1.0,0,0,0,1.17,0.0
4157,3,0,1.5,0,0,0,1.67,0.0
4158,3,0,1.5,1,0,0,1.86,0.0
4159,4,0,2.0,0,0,0,2.43,0.0
4160,5,0,2.5,0,0,0,3.14,0.0
4161,5,0,2.5,0,0,0,3.86,0.0
4162,6,0,3.0,0,0,0,4.71,0.0
4163,6,0,3.0,0,0,0,5.57,0.0
4164,7,0,3.5,0,0,0,6.57,0.0
4165,7,0,3.5,0,0,0,7.57,0.0
4166,7,0,3.5,0,0,0,8.57,0.0
4167,6,0,3.0,0,0,0,8.5,0.0
4168,5,0,2.5,0,0,0,7.17,0.0
4169,4,0,2.0,0,0,0,5.83,0.0
4170,3,0,1.5,0,0,0,5.4,0.0
4171,2,0,1.0,0,0,0,3.6,0.0
4172,1,0,0.5,0,0,0,1.8,0.0
4173,0,0,0.0,0,0,0,0.0,0.0
4174,0,0,0.0,0,0,0,0.0,0.0
4175,0,0,0.0,0,0,1,0.0,0.0
4176,0,0,0.0,0,0,0,0.0,0.0
4177,0,0,0.0,1,0,1,0.0,0.0
4178,0,0,0.0,0,0,0,0.0,0.0
4179,0,0,0.0,1,0,0,0.0,0.0
4180,0,0,0.0,0,0,1,0.0,0.0
4181,1,0,0.5,1,0,1,0.2,0.0
4182,1,0,0.5,0,0,0,0.4,0.0
4183,2,0,1.0,1,0,1,0.67,0.0
4184,2,0,1.0,0,0,0,1.0,0.0
4185,3,0,1.5,0,0,0,1.5,0.0
4186,3,0,1.5,1,0,0,1.71,0.0
4187,4,0,2.0,0,0,0,2.29,0.0
4188,5,0,2.5,0,0,0,3.0,0.0
4189,5,0,2.5,0,0,0,3.71,0.0
4190,5,0,2.5,0,0,0,4.43,0.0
4191,6,0,3.0,0,0,0,5.29,0.0
4192,7,0,3.5,0,0,0,6.29,0.0
4193,6,0,3.0,0,0,0,6.33,0.0
4194,5,0,2.5,0,0,0,5.33,0.0
4195,4,0,2.0,0,0,0,4.33,0.0
4196,3,0,1.5,0,0,0,4.0,0.0
4197,2,0,1.0,0,0,0,2.6,0.0
4198,1,0,0.5,0,0,0,1.4,0.0
4199,0,0,0.0,0,0,0,0.0,0.0
4200,0,0,0.0,0,0,0,0.0,0.0
4201,0,0,0.0,0,0,1,0.0,0.0
4202,0,0,0.0,0,0,0,0.0,0.0
4203,0,0,0.0,0,0,1,0.0,0.0
4204,0,0,0.0,1,0,0,0.0,0.0
4205,0,0,0.0,0,0,1,0.0,0.0
4206,1,0,0.5,1,0,0,0.2,0.0
4207,1,0,0.5,0,0,1,0.4,0.0
4208,1,0,0.5,1,0,0,0.5,0.0
4209,2,0,1.0,0,0,0,0.83,0.0
4210,2,0,1.0,0,0,0,1.17,0.0
4211,3,0,1.5,0,0,0,1.67,0.0
4212,4,0,2.0,1,0,0,2.0,0.0
4213,4,0,2.0,0,0,0,2.57,0.0
4214,4,0,2.0,0,0,0,3.14,0.0
4215,5,0,2.5,0,0,0,3.86,0.0
4216,6,0,3.0,0,0,0,4.71,0.0
4217,6,0,3.0,0,0,0,5.57,0.0
4218,6,0,3.0,0,0,0,6.43,0.0
4219,6,0,3.0,0,0,0,6.33,0.0
4220,5,0,2.5,0,0,0,5.33,0.0
4221,4,0,2.0,0,0,0,4.33,0.0
4222,3,0,1.5,0,0,0,3.8,0.0
4223,2,0,1.0,0,0,0,2.6,0.0
4224,1,0,0.5,0,0,0,1.2,0.0
4225,0,0,0.0,0,0,0,0.0,0.0
4226,0,0,0.0,0,0,0,0.0,0.0
4227,0,0,0.0,0,0,1,0.0,0.0
4228,0,0,0.0,0,0,0,0.0,0.0
4229,0,0,0.0,0,0,1,0.0,0.0
4230,0,0,0.0,1,0,0,0.0,0.0
4231,0,0,0.0,0,0,1,0.0,0.0
4232,0,0,0.0,1,0,0,0.0,0.0
4233,0,0,0.0,0,0,1,0.0,0.0
4234,1,0,0.5,1,0,0,0.2,0.0
4235,1,0,0.5,0,0,1,0.4,0.0
4236,2,0,1.0,1,0,0,0.67,0.0
4237,2,0,1.0,0,0,0,1.0,0.0
4238,3,0,1.5,0,0,0,1.5,0.0
4239,3,0,1.5,1,0,0,1.71,0.0
4240,4,0,2.0,0,0,0,2.29,0.0
4241,5,0,2.5,0,0,0,3.0,0.0
4242,5,0,2.5,0,0,0,3.71,0.0
4243,6,0,3.0,0,0,0,4.57,0.0
4244,6,0,3.0,0,0,0,5.43,0.0
4245,6,0,3.0,0,0,0,5.5,0.0
4246,5,0,2.5,0,0,0,4.67,0.0
4247,4,0,2.0,0,0,0,3.83,0.0
4248,3,0,1.5,0,0,0,3.6,0.0
4249,2,0,1.0,0,0,0,2.4,0.0
4250,1,0,0.5,0,0,0,1.5,0.0
4251,0,0,0.0,0,0,0,0.0,0.0
4252,0,0,0.0,0,0,0,0.0,0.0
4253,0,0,0.0,0,0,1,0.0,0.0
4254,0,0,0.0,0,0,1,0.0,0.0
4255,0,0,0.0,1,0,0,0.0,0.0
4256,0,0,0.0,0,0,1,0.0,0.0
4257,0,0,0.0,1,0,0,0.0,0.0
4258,0,0,0.0,0,0,1,0.0,0.0
4259,1,0,0.5,1,0,0,0.2,0.0
4260,1,0,0.5,0,0,1,0.4,0.0
4261,2,0,1.0,1,0,0,0.67,0.0
4262,2,0,1.0,0,0,0,1.0,0.0
4263,3,0,1.5,0,0,0,1.5,0.0
4264,3,0,1.5,0,0,0,2.0,0.0
4265,3,0,1.5,1,0,0,2.14,0.0
4266,4,0,2.0,0,0,0,2.71,0.0
4267,5,0,2.5,0,0,0,3.43,0.0
4268,5,0,2.5,0,0,0,4.14,0.0
4269,6,0,3.0,0,0,0,5.0,0.0
4270,7,0,3.5,0,0,0,6.0,0.0
4271,6,0,3.0,0,0,0,6.0,0.0
4272,5,0,2.5,0,0,0,5.0,0.0
4273,4,0,2.0,0,0,0,4.0,0.0
4274,3,0,1.5,0,0,0,3.17,0.0
4275,2,0,1.0,0,0,0,2.6,0.0
4276,1,0,0.5,0,0,0,1.4,0.0
4277,0,0,0.0,0,0,0,0.0,0.0
4278,0,0,0.0,0,0,0,0.0,0.0
4279,0,0,0.0,0,0,1,0.0,0.0
4280,0,0,0.0,0,0,0,0.0,0.0
4281,0,0,0.0,1,0,1,0.0,0.0
4282,0,0,0.0,0,0,0,0.0,0.0
4283,0,0,0.0,1,0,1,0.0,0.0
4284,1,0,0.5,0,0,0,0.2,0.0
4285,1,0,0.5,1,0,1,0.33,0.0
4286,2,0,1.0,0,0,0,0.67,0.0
4287,2,0,1.0,0,0,0,1.0,0.0
4288,3,0,1.5,0,0,0,1.5,0.0
4289,3,0,1.5,1,0,0,1.71,0.0
4290,4,0,2.0,0,0,0,2.29,0.0
4291,5,0,2.5,0,0,0,3.0,0.0
4292,6,0,3.0,0,0,0,3.86,0.0
4293,6,0,3.0,0,0,0,4.71,0.0
4294,7,0,3.5,0,0,0,5.71,0.0
4295,7,0,3.5,0,0,0,6.71,0.0
4296,7,0,3.5,0,0,0,7.71,0.0
4297,6,0,3.0,0,0,0,7.83,0.0
4298,5,0,2.5,0,0,0,6.67,0.0
4299,4,0,2.0,0,0,0,5.5,0.0
4300,3,0,1.5,0,0,0,5.2,0.0
4301,2,0,1.0,0,0,0,3.6,0.0
4302,1,0,0.5,0,0,0,1.8,0.0
4303,0,0,0.0,0,0,0,0.0,0.0
4304,0,0,0.0,0,0,0,0.0,0.0
4305,0,0,0.0,0,0,0,0.0,0.0
4306,0,0,0.0,0,0,1,0.0,0.0
4307,0,0,0.0,1,0,0,0.0,0.0
4308,0,0,0.0,0,0,1,0.0,0.0
4309,0,0,0.0,1,0,1,0.0,0.0
4310,0,0,0.0,0,0,0,0.0,0.0
4311,1,0,0.5,1,0,1,0.2,0.0
4312,1,0,0.5,0,0,0,0.4,0.0
4313,2,0,1.0,1,0,1,0.67,0.0
4314,2,0,1.0,0,0,0,1.0,0.0
4315,3,0,1.5,0,0,0,1.5,0.0
4316,3,0,1.5,0,0,0,2.0,0.0
4317,4,0,2.0,1,0,0,2.29,0.0
4318,4,0,2.0,0,0,0,2.86,0.0
4319,5,0,2.5,0,0,0,3.57,0.0
4320,5,0,2.5,0,0,0,4.29,0.0
4321,6,0,3.0,0,0,0,5.14,0.0
4322,7,0,3.5,0,0,0,6.14,0.0
4323,6,0,3.0,0,0,0,6.17,0.0
4324,5,0,2.5,0,0,0,5.17,0.0
4325,4,0,2.0,0,0,0,4.17,0.0
4326,3,0,1.5,0,0,0,3.8,0.0
4327,2,0,1.0,0,0,0,2.6,0.0
4328,1,0,0.5,0,0,0,1.4,0.0
4329,0,0,0.0,0,0,0,0.0,0.0
4330,0,0,0.0,0,0,0,0.0,0.0
4331,0,0,0.0,0,0,1,0.0,0.0
4332,0,0,0.0,0,0,0,0.0,0.0
4333,0,0,0.0,1,0,1,0.0,0.0
4334,0,0,0.0,0,0,0,0.0,0.0
4335,0,0,0.0,1,0,1,0.0,0.0
4336,0,0,0.0,0,0,0,0.0,0.0
4337,0,0,0.0,1,0,1,0.0,0.0
4338,1,0,0.5,0,0,0,0.2,0.0
4339,1,0,0.5,1,0,1,0.33,0.0
4340,2,0,1.0,0,0,0,0.67,0.0
4341,2,0,1.0,0,0,0,1.0,0.0
4342,3,0,1.5,0,0,0,1.5,0.0
4343,3,0,1.5,1,0,0,1.71,0.0
4344,4,0,2.0,0,0,0,2.29,0.0
4345,4,0,2.0,0,0,0,2.86,0.0
4346,5,0,2.5,0,0,0,3.57,0.0
4347,6,0,3.0,0,0,0,4.43,0.0
4348,6,0,3.0,0,0,0,5.29,0.0
4349,6,0,3.0,0,0,0,5.33,0.0
4350,5,0,2.5,0,0,0,4.5,0.0
4351,4,0,2.0,0,0,0,3.67,0.0
4352,3,0,1.5,0,0,0,3.4,0.0
4353,2,0,1.0,0,0,0,2.4,0.0
4354,1,0,0.5,0,0,0,1.2,0.0
4355,0,0,0.0,0,0,0,0.0,0.0
4356,0,0,0.0,0,0,0,0.0,0.0
4357,0,0,0.0,0,0,0,0.0,0.0
4358,0,0,0.0,0,0,1,0.0,0.0
4359,0,0,0.0,0,0,0,0.0,0.0
4360,0,0,0.0,1,0,1,0.0,0.0
4361,1,0,0.5,0,0,1,0.25,0.0
4362,1,0,0.5,1,0,0,0.4,0.0
4363,1,0,0.5,0,0,1,0.6,0.0
4364,2,0,1.0,1,0,0,0.83,0.0
4365,3,0,1.5,0,0,0,1.33,0.0
4366,4,0,2.0,0,0,0,2.0,0.0
4367,4,0,2.0,1,0,0,2.29,0.0
4368,5,0,2.5,0,0,0,3.0,0.0
4369,6,0,3.0,0,0,0,3.86,0.0
4370,6,0,3.0,0,0,0,4.71,0.0
4371,7,0,3.5,0,0,0,5.71,0.0
4372,7,0,3.5,0,0,0,6.71,0.0
4373,7,0,3.5,0,0,0,7.71,0.0
4374,7,0,3.5,0,0,0,8.71,0.0
4375,6,0,3.0,0,0,0,8.83,0.0
4376,5,0,2.5,0,0,0,7.67,0.0
4377,4,0,2.0,0,0,0,6.33,0.0
4378,3,0,1.5,0,0,0,5.8,0.0
4379,2,0,1.0,0,0,0,4.0,0.0
4380,1,0,0.5,0,0,0,2.0,0.0
4381,0,0,0.0,0,0,0,0.0,0.0
4382,0,0,0.0,0,0,0,0.0,0.0
4383,0,0,0.0,0,0,1,0.0,0.0
4384,0,0,0.0,0,0,0,0.0,0.0
4385,0,0,0.0,1,0,1,0.0,0.0
4386,0,0,0.0,0,0,0,0.0,0.0
4387,0,0,0.0,1,0,1,0.0,0.0
4388,0,0,0.0,0,0,1,0.0,0.0
4389,1,0,0.5,1,0,0,0.2,0.0
4390,1,0,0.5,0,0,1,0.4,0.0
4391,1,0,0.5,1,0,0,0.5,0.0
4392,2,0,1.0,0,0,0,0.83,0.0
4393,2,0,1.0,0,0,0,1.17,0.0
4394,3,0,1.5,1,0,0,1.43,0.0
4395,4,0,2.0,0,0,0,2.0,0.0
4396,4,0,2.0,0,0,0,2.57,0.0
4397,5,0,2.5,0,0,0,3.29,0.0
4398,6,0,3.0,0,0,0,4.14,0.0
4399,7,0,3.5,0,0,0,5.14,0.0
4400,7,0,3.5,0,0,0,6.14,0.0
4401,6,0,3.0,0,0,0,6.17,0.0
4402,5,0,2.5,0,0,0,5.33,0.0
4403,4,0,2.0,0,0,0,4.5,0.0
4404,3,0,1.5,0,0,0,4.2,0.0
4405,2,0,1.0,0,0,0,3.0,0.0
4406,1,0,0.5,0,0,0,1.6,0.0
4407,0,0,0.0,0,0,0,0.0,0.0
4408,0,0,0.0,0,0,1,0.0,0.0
4409,0,0,0.0,0,0,0,0.0,0.0
4410,0,0,0.0,0,0,1,0.0,0.0
4411,0,0,0.0,1,0,0,0.0,0.0
4412,0,0,0.0,0,0,1,0.0,0.0
4413,0,0,0.0,0,0,0,0.0,0.0
4414,0,0,0.0,1,0,1,0.0,0.0
4415,0,0,0.0,0,0,0,0.0,0.0
4416,0,0,0.0,1,0,1,0.0,0.0
4417,1,0,0.5,0,0,0,0.2,0.0
4418,2,0,1.0,1,0,0,0.5,0.0
4419,3,0,1.5,0,0,0,1.0,0.0
4420,3,0,1.5,0,0,0,1.5,0.0
4421,4,0,2.0,1,0,0,1.86,0.0
4422,5,0,2.5,0,0,0,2.57,0.0
4423,5,0,2.5,0,0,0,3.29,0.0
4424,5,0,2.5,0,0,0,4.0,0.0
4425,6,0,3.0,0,0,0,4.86,0.0
4426,7,0,3.5,0,0,0,5.86,0.0
4427,6,0,3.0,0,0,0,6.17,0.0
4428,5,0,2.5,0,0,0,5.33,0.0
4429,4,0,2.0,0,0,0,4.33,0.0
4430,3,0,1.5,0,0,0,4.0,0.0
4431,2,0,1.0,0,0,0,2.6,0.0
4432,1,0,0.5,0,0,0,1.75,0.0
4433,0,0,0.0,0,0,0,0.0,0.0
4434,0,0,0.0,0,0,0,0.0,0.0
4435,0,0,0.0,0,0,1,0.0,0.0
4436,0,0,0.0,0,0,0,0.0,0.0
4437,0,0,0.0,1,0,1,0.0,0.0
4438,0,0,0.0,0,0,0,0.0,0.0
4439,0,0,0.0,1,0,1,0.0,0.0
4440,0,0,0.0,0,0,0,0.0,0.0
4441,1,0,0.5,1,0,1,0.2,0.0
4442,1,0,0.5,0,0,1,0.4,0.0
4443,1,0,0.5,1,0,0,0.5,0.0
4444,2,0,1.0,0,0,0,0.83,0.0
4445,2,0,1.0,0,0,0,1.17,0.0
4446,3,0,1.5,0,0,0,1.67,0.0
4447,3,0,1.5,1,0,0,1.86,0.0
4448,4,0,2.0,0,0,0,2.43,0.0
4449,5,0,2.5,0,0,0,3.14,0.0
4450,6,0,3.0,0,0,0,4.0,0.0
4451,6,0,3.0,0,0,0,4.86,0.0
4452,7,0,3.5,0,0,0,5.86,0.0
4453,6,0,3.0,0,0,0,5.83,0.0
4454,5,0,2.5,0,0,0,5.0,0.0
4455,4,0,2.0,0,0,0,4.17,0.0
4456,3,0,1.5,0,0,0,4.0,0.0
4457,2,0,1.0,0,0,0,2.8,0.0
4458,1,0,0.5,0,0,0,1.75,0.0
4459,0,0,0.0,0,0,0,0.0,0.0
4460,0,0,0.0,0,0,0,0.0,0.0
4461,0,0,0.0,0,0,1,0.0,0.0
4462,0,0,0.0,0,0,0,0.0,0.0
4463,0,0,0.0,1,0,1,0.0,0.0
4464,0,0,0.0,0,0,0,0.0,0.0
4465,0,0,0.0,1,0,1,0.0,0.0
4466,0,0,0.0,0,0,1,0.0,0.0
4467,1,0,0.5,1,0,0,0.2,0.0
4468,2,0,1.0,0,0,1,0.6,0.0
4469,2,0,1.0,1,0,0,0.83,0.0
4470,3,0,1.5,0,0,0,1.33,0.0
4471,4,0,2.0,0,0,0,2.0,0.0
4472,4,0,2.0,1,0,0,2.29,0.0
4473,4,0,2.0,0,0,0,2.86,0.0
4474,5,0,2.5,0,0,0,3.57,0.0
4475,5,0,2.5,0,0,0,4.29,0.0
4476,6,0,3.0,0,0,0,5.14,0.0
4477,6,0,3.0,0,0,0,6.0,0.0
4478,7,0,3.5,0,0,0,7.0,0.0
4479,6,0,3.0,0,0,0,7.17,0.0
4480,5,0,2.5,0,0,0,6.0,0.0
4481,4,0,2.0,0,0,0,4.83,0.0
4482,3,0,1.5,0,0,0,4.2,0.0
4483,2,0,1.0,0,0,0,2.8,0.0
4484,1,0,0.5,0,0,0,1.75,0.0
4485,0,0,0.0,0,0,0,0.0,0.0
4486,0,0,0.0,0,0,0,0.0,0.0
4487,0,0,0.0,0,0,1,0.0,0.0
4488,0,0,0.0,0,0,0,0.0,0.0
4489,0,0,0.0,1,0,1,0.0,0.0
4490,0,0,0.0,0,0,0,0.0,0.0
4491,0,0,0.0,1,0,1,0.0,0.0
4492,0,0,0.0,0,0,1,0.0,0.0
4493,0,0,0.0,1,0,0,0.0,0.0
4494,1,0,0.5,0,0,0,0.2,0.0
4495,2,0,1.0,1,0,0,0.5,0.0
4496,2,0,1.0,0,0,0,0.83,0.0
4497,3,0,1.5,0,0,1,1.33,0.0
4498,3,0,1.5,1,0,0,1.57,0.0
4499,4,0,2.0,0,0,0,2.14,0.0
4500,4,0,2.0,0,0,0,2.71,0.0
4501,5,0,2.5,0,0,0,3.43,0.0
4502,6,0,3.0,0,0,0,4.29,0.0
4503,6,0,3.0,0,0,0,5.14,0.0
4504,7,0,3.5,0,0,0,6.14,0.0
4505,6,0,3.0,0,0,0,6.33,0.0
4506,5,0,2.5,0,0,0,5.33,0.0
4507,4,0,2.0,0,0,0,4.33,0.0
4508,3,0,1.5,0,0,0,4.0,0.0
4509,2,0,1.0,0,0,0,2.8,0.0
4510,1,0,0.5,0,0,0,1.4,0.0
4511,0,0,0.0,0,0,0,0.0,0.0
4512,0,0,0.0,0,0,0,0.0,0.0
4513,0,0,0.0,0,0,0,0.0,0.0
4514,0,0,0.0,0,0,1,0.0,0.0
4515,0,0,0.0,1,0,1,0.0,0.0
4516,0,0,0.0,0,0,0,0.0,0.0
4517,0,0,0.0,1,0,1,0.0,0.0
4518,0,0,0.0,0,0,0,0.0,0.0
4519,0,0,0.0,1,0,1,0.0,0.0
4520,1,0,0.5,0,0,0,0.2,0.0
4521,2,0,1.0,1,0,1,0.5,0.0
4522,2,0,1.0,0,0,0,0.83,0.0
4523,3,0,1.5,0,0,0,1.33,0.0
4524,3,0,1.5,1,0,0,1.57,0.0
4525,4,0,2.0,0,0,0,2.14,0.0
4526,4,0,2.0,0,0,0,2.71,0.0
4527,4,0,2.0,0,0,0,3.29,0.0
4528,5,0,2.5,0,0,0,4.0,0.0
4529,6,0,3.0,0,0,0,4.86,0.0
4530,6,0,3.0,0,0,0,5.71,0.0
4531,6,0,3.0,0,0,0,5.83,0.0
4532,5,0,2.5,0,0,0,4.83,0.0
4533,4,0,2.0,0,0,0,3.83,0.0
4534,3,0,1.5,0,0,0,3.4,0.0
4535,2,0,1.0,0,0,0,2.4,0.0
4536,1,0,0.5,0,0,0,1.5,0.0
4537,0,0,0.0,0,0,0,0.0,0.0
4538,0,0,0.0,0,0,0,0.0,0.0
4539,0,0,0.0,0,0,1,0.0,0.0
4540,0,0,0.0,0,0,0,0.0,0.0
4541,0,0,0.0,1,0,1,0.0,0.0
4542,0,0,0.0,0,0,1,0.0,0.0
4543,0,0,0.0,1,0,0,0.0,0.0
4544,1,0,0.5,0,0,1,0.25,0.0
4545,1,0,0.5,1,0,0,0.4,0.0
4546,1,0,0.5,0,0,0,0.6,0.0
4547,2,0,1.0,1,0,1,0.83,0.0
4548,2,0,1.0,0,0,0,1.17,0.0
4549,3,0,1.5,0,0,0,1.67,0.0
4550,3,0,1.5,1,0,0,1.86,0.0
4551,4,0,2.0,0,0,0,2.43,0.0
4552,4,0,2.0,0,0,0,3.0,0.0
4553,5,0,2.5,0,0,0,3.71,0.0
4554,6,0,3.0,0,0,0,4.57,0.0
4555,6,0,3.0,0,0,0,5.43,0.0
4556,6,0,3.0,0,0,0,6.29,0.0
4557,6,0,3.0,0,0,0,6.17,0.0
4558,5,0,2.5,0,0,0,5.17,0.0
4559,4,0,2.0,0,0,0,4.17,0.0
4560,3,0,1.5,0,0,0,3.17,0.0
4561,2,0,1.0,0,0,0,2.6,0.0
4562,1,0,0.5,0,0,0,1.2,0.0
4563,0,0,0.0,0,0,0,0.0,0.0
4564,0,0,0.0,0,0,0,0.0,0.0
4565,0,0,0.0,0,0,1,0.0,0.0
4566,0,0,0.0,0,0,0,0.0,0.0
4567,0,0,0.0,1,0,1,0.0,0.0
4568,0,0,0.0,0,0,0,0.0,0.0
4569,0,0,0.0,1,0,0,0.0,0.0
4570,0,0,0.0,0,0,1,0.0,0.0
4571,1,0,0.5,1,0,1,0.17,0.0
4572,2,0,1.0,0,0,0,0.5,0.0
4573,2,0,1.0,0,0,0,0.83,0.0
4574,3,0,1.5,1,0,0,1.14,0.0
4575,4,0,2.0,0,0,0,1.71,0.0
4576,5,0,2.5,0,0,0,2.43,0.0
4577,5,0,2.5,0,0,0,3.14,0.0
4578,6,0,3.0,0,0,0,4.0,0.0
4579,7,0,3.5,0,0,0,5.0,0.0
4580,7,0,3.5,0,0,0,6.0,0.0
4581,7,0,3.5,0,0,0,7.0,0.0
4582,7,0,3.5,0,0,0,8.0,0.0
4583,6,0,3.0,0,0,0,8.33,0.0
4584,5,0,2.5,0,0,0,7.17,0.0
4585,4,0,2.0,0,0,0,6.0,0.0
4586,3,0,1.5,0,0,0,5.6,0.0
4587,2,0,1.0,0,0,0,3.8,0.0
4588,1,0,0.5,0,0,0,2.5,0.0
4589,0,0,0.0,0,0,0,0.0,0.0
4590,0,0,0.0,0,0,0,0.0,0.0
4591,0,0,0.0,0,0,1,0.0,0.0
4592,0,0,0.0,0,0,0,0.0,0.0
4593,0,0,0.0,1,0,1,0.0,0.0
4594,0,0,0.0,0,0,0,0.0,0.0
4595,0,0,0.0,1,0,1,0.0,0.0
4596,0,0,0.0,0,0,1,0.0,0.0
4597,1,0,0.5,1,0,0,0.2,0.0
4598,1,0,0.5,0,0,1,0.4,0.0
4599,2,0,1.0,1,0,0,0.67,0.0
4600,2,0,1.0,0,0,0,1.0,0.0
4601,3,0,1.5,0,0,0,1.5,0.0
4602,3,0,1.5,1,0,0,1.71,0.0
4603,3,0,1.5,0,0,0,2.14,0.0
4604,4,0,2.0,0,0,0,2.71,0.0
4605,5,0,2.5,0,0,0,3.43,0.0
4606,6,0,3.0,0,0,0,4.29,0.0
4607,6,0,3.0,0,0,0,5.14,0.0
4608,7,0,3.5,0,0,0,6.14,0.0
4609,6,0,3.0,0,0,0,6.17,0.0
4610,5,0,2.5,0,0,0,5.17,0.0
4611,4,0,2.0,0,0,0,4.17,0.0
4612,3,0,1.5,0,0,0,4.0,0.0
4613,2,0,1.0,0,0,0,2.8,0.0
4614,1,0,0.5,0,0,0,1.75,0.0
4615,0,0,0.0,0,0,0,0.0,0.0
4616,0,0,0.0,0,0,0,0.0,0.0
4617,0,0,0.0,0,0,1,0.0,0.0
4618,0,0,0.0,0,0,1,0.0,0.0
4619,0,0,0.0,1,0,0,0.0,0.0
4620,0,0,0.0,0,0,1,0.0,0.0
4621,0,0,0.0,1,0,0,0.0,0.0
4622,0,0,0.0,0,0,1,0.0,0.0
4623,1,0,0.5,1,0,0,0.2,0.0
4624,1,0,0.5,0,0,1,0.4,0.0
4625,2,0,1.0,1,0,0,0.67,0.0
4626,2,0,1.0,0,0,0,1.0,0.0
4627,3,0,1.5,0,0,0,1.5,0.0
4628,4,0,2.0,1,0,0,1.86,0.0
4629,4,0,2.0,0,0,0,2.43,0.0
4630,5,0,2.5,0,0,0,3.14,0.0
4631,6,0,3.0,0,0,0,4.0,0.0
4632,6,0,3.0,0,0,0,4.86,0.0
4633,7,0,3.5,0,0,0,5.86,0.0
4634,7,0,3.5,0,0,0,6.86,0.0
4635,6,0,3.0,0,0,0,7.0,0.0
4636,5,0,2.5,0,0,0,6.0,0.0
4637,4,0,2.0,0,0,0,5.0,0.0
4638,3,0,1.5,0,0,0,4.6,0.0
4639,2,0,1.0,0,0,0,3.2,0.0
4640,1,0,0.5,0,0,0,1.6,0.0
4641,0,0,0.0,0,0,0,0.0,0.0
4642,0,0,0.0,0,0,0,0.0,0.0
4643,0,0,0.0,0,0,1,0.0,0.0
4644,0,0,0.0,0,0,0,0.0,0.0
4645,0,0,0.0,1,0,1,0.0,0.0
4646,0,0,0.0,0,0,0,0.0,0.0
4647,0,0,0.0,1,0,1,0.0,0.0
4648,0,0,0.0,0,0,0,0.0,0.0
4649,1,0,0.5,1,0,1,0.17,0.0
4650,2,0,1.0,0,0,0,0.5,0.0
4651,2,0,1.0,0,0,0,0.83,0.0
4652,3,0,1.5,1,0,0,1.14,0.0
4653,3,0,1.5,0,0,0,1.57,0.0
4654,3,0,1.5,0,0,0,2.0,0.0
4655,4,0,2.0,0,0,0,2.57,0.0
4656,5,0,2.5,0,0,0,3.29,0.0
4657,6,0,3.0,0,0,0,4.14,0.0
4658,7,0,3.5,0,0,0,5.14,0.0
4659,7,0,3.5,0,0,0,6.14,0.0
4660,7,0,3.5,0,0,0,7.14,0.0
4661,6,0,3.0,0,0,0,7.33,0.0
4662,5,0,2.5,0,0,0,6.17,0.0
4663,4,0,2.0,0,0,0,5.0,0.0
4664,3,0,1.5,0,0,0,4.8,0.0
4665,2,0,1.0,0,0,0,3.4,0.0
4666,1,0,0.5,0,0,0,2.25,0.0
4667,0,0,0.0,0,0,0,0.0,0.0
4668,0,0,0.0,0,0,0,0.0,0.0
4669,0,0,0.0,0,0,1,0.0,0.0
4670,0,0,0.0,0,0,0,0.0,0.0
4671,0,0,0.0,1,0,1,0.0,0.0
4672,0,0,0.0,0,0,0,0.0,0.0
4673,0,0,0.0,1,0,1,0.0,0.0
4674,0,0,0.0,0,0,1,0.0,0.0
4675,0,0,0.0,1,0,0,0.0,0.0
4676,1,0,0.5,0,0,1,0.2,0.0
4677,2,0,1.0,1,0,0,0.5,0.0
4678,2,0,1.0,0,0,0,0.83,0.0
4679,3,0,1.5,0,0,0,1.33,0.0
4680,3,0,1.5,1,0,0,1.57,0.0
4681,5,0,2.5,0,0,0,2.29,0.0
4682,5,0,2.5,0,0,0,3.0,0.0
4683,6,0,3.0,0,0,0,3.86,0.0
4684,7,0,3.5,0,0,0,4.86,0.0
4685,7,0,3.5,0,0,0,5.86,0.0
4686,7,0,3.5,0,0,0,6.86,0.0
4687,6,0,3.0,0,0,0,7.17,0.0
4688,5,0,2.5,0,0,0,6.17,0.0
4689,4,0,2.0,0,0,0,5.17,0.0
4690,3,0,1.5,0,0,0,5.0,0.0
4691,2,0,1.0,0,0,0,3.4,0.0
4692,1,0,0.5,0,0,0,2.25,0.0
4693,0,0,0.0,0,0,0,0.0,0.0
4694,0,0,0.0,0,0,1,0.0,0.0
4695,0,0,0.0,0,0,0,0.0,0.0
4696,0,0,0.0,1,0,1,0.0,0.0
4697,0,0,0.0,0,0,0,0.0,0.0
4698,0,0,0.0,0,0,1,0.0,0.0
4699,0,0,0.0,1,0,0,0.0,0.0
4700,1,0,0.5,0,0,1,0.25,0.0
4701,1,0,0.5,1,0,0,0.4,0.0
4702,2,0,1.0,0,0,1,0.8,0.0
4703,2,0,1.0,1,0,0,1.0,0.0
4704,3,0,1.5,0,0,0,1.5,0.0
4705,4,0,2.0,0,0,0,2.17,0.0
4706,5,0,2.5,1,0,0,2.57,0.0
4707,5,0,2.5,0,0,0,3.29,0.0
4708,5,0,2.5,0,0,0,4.0,0.0
4709,6,0,3.0,0,0,0,4.86,0.0
4710,6,0,3.0,0,0,0,5.71,0.0
4711,7,0,3.5,0,0,0,6.71,0.0
4712,7,0,3.5,0,0,0,7.71,0.0
4713,6,0,3.0,0,0,0,7.83,0.0
4714,5,0,2.5,0,0,0,6.67,0.0
4715,4,0,2.0,0,0,0,5.5,0.0
4716,3,0,1.5,0,0,0,4.17,0.0
4717,2,0,1.0,0,0,0,3.2,0.0
4718,1,0,0.5,0,0,0,1.6,0.0
4719,0,0,0.0,0,0,0,0.0,0.0
4720,0,0,0.0,0,0,0,0.0,0.0
4721,0,0,0.0,0,0,1,0.0,0.0
4722,0,0,0.0,0,0,0,0.0,0.0
4723,0,0,0.0,1,0,1,0.0,0.0
4724,0,0,0.0,0,0,0,0.0,0.0
4725,0,0,0.0,0,0,1,0.0,0.0
4726,1,0,0.5,1,0,0,0.25,0.0
4727,1,0,0.5,0,0,1,0.5,0.0
4728,1,0,0.5,1,0,0,0.6,0.0
4729,2,0,1.0,0,0,1,1.0,0.0
4730,2,0,1.0,1,0,0,1.17,0.0
4731,3,0,1.5,0,0,0,1.67,0.0
4732,3,0,1.5,0,0,0,2.17,0.0
4733,4,0,2.0,1,0,0,2.43,0.0
4734,5,0,2.5,0,0,0,3.14,0.0
4735,6,0,3.0,0,0,0,4.0,0.0
4736,6,0,3.0,0,0,0,4.86,0.0
4737,7,0,3.5,0,0,0,5.86,0.0
4738,7,0,3.5,0,0,0,6.86,0.0
4739,6,0,3.0,0,0,0,6.83,0.0
4740,5,0,2.5,0,0,0,5.83,0.0
4741,4,0,2.0,0,0,0,4.83,0.0
4742,3,0,1.5,0,0,0,4.6,0.0
4743,2,0,1.0,0,0,0,3.2,0.0
4744,1,0,0.5,0,0,0,1.6,0.0
4745,0,0,0.0,0,0,0,0.0,0.0
4746,0,0,0.0,0,0,0,0.0,0.0
4747,0,0,0.0,0,0,1,0.0,0.0
4748,0,0,0.0,0,0,0,0.0,0.0
4749,0,0,0.0,1,0,1,0.0,0.0
4750,0,0,0.0,0,0,0,0.0,0.0
4751,0,0,0.0,1,0,1,0.0,0.0
4752,0,0,0.0,0,0,1,0.0,0.0
4753,1,0,0.5,1,0,0,0.17,0.0
4754,1,0,0.5,0,0,0,0.33,0.0
4755,2,0,1.0,0,0,0,0.67,0.0
4756,3,0,1.5,1,0,0,1.0,0.0
4757,4,0,2.0,0,0,0,1.57,0.0
4758,4,0,2.0,0,0,0,2.14,0.0
4759,4,0,2.0,0,0,0,2.71,0.0
4760,5,0,2.5,0,0,0,3.43,0.0
4761,6,0,3.0,0,0,0,4.29,0.0
4762,7,0,3.5,0,0,0,5.29,0.0
4763,7,0,3.5,0,0,0,6.29,0.0
4764,7,0,3.5,0,0,0,7.29,0.0
4765,6,0,3.0,0,0,0,7.5,0.0
4766,5,0,2.5,0,0,0,6.5,0.0
4767,4,0,2.0,0,0,0,5.33,0.0
4768,3,0,1.5,0,0,0,4.8,0.0
4769,2,0,1.0,0,0,0,3.4,0.0
4770,1,0,0.5,0,0,0,1.8,0.0
4771,0,0,0.0,0,0,0,0.0,0.0
4772,0,0,0.0,0,0,0,0.0,0.0
4773,0,0,0.0,0,0,1,0.0,0.0
4774,0,0,0.0,0,0,0,0.0,0.0
4775,0,0,0.0,1,0,1,0.0,0.0
4776,0,0,0.0,0,0,0,0.0,0.0
4777,0,0,0.0,1,0,1,0.0,0.0
4778,0,0,0.0,0,0,0,0.0,0.0
4779,0,0,0.0,1,0,1,0.0,0.0
4780,1,0,0.5,0,0,1,0.2,0.0
4781,2,0,1.0,1,0,0,0.5,0.0
4782,2,0,1.0,0,0,0,0.83,0.0
4783,3,0,1.5,0,0,0,1.33,0.0
4784,4,0,2.0,1,0,0,1.71,0.0
4785,4,0,2.0,0,0,0,2.29,0.0
4786,4,0,2.0,0,0,0,2.86,0.0
4787,5,0,2.5,0,0,0,3.57,0.0
4788,6,0,3.0,0,0,0,4.43,0.0
4789,6,0,3.0,0,0,0,5.29,0.0
4790,7,0,3.5,0,0,0,6.29,0.0
4791,6,0,3.0,0,0,0,6.5,0.0
4792,5,0,2.5,0,0,0,5.5,0.0
4793,4,0,2.0,0,0,0,4.5,0.0
4794,3,0,1.5,0,0,0,4.0,0.0
4795,2,0,1.0,0,0,0,2.8,0.0
4796,1,0,0.5,0,0,0,1.4,0.0
4797,0,0,0.0,0,0,0,0.0,0.0
4798,0,0,0.0,0,0,0,0.0,0.0
4799,0,0,0.0,0,0,1,0.0,0.0
4800,0,0,0.0,0,0,0,0.0,0.0
4801,0,0,0.0,0,0,1,0.0,0.0
4802,0,0,0.0,1,0,0,0.0,0.0
4803,0,0,0.0,0,0,1,0.0,0.0
4804,0,0,0.0,1,0,0,0.0,0.0
4805,1,0,0.5,0,0,1,0.25,0.0
4806,1,0,0.5,1,0,1,0.4,0.0
4807,2,0,1.0,0,0,0,0.8,0.0
4808,2,0,1.0,1,0,0,1.0,0.0
4809,2,0,1.0,0,0,0,1.33,0.0
4810,3,0,1.5,0,0,0,1.83,0.0
4811,4,0,2.0,1,0,0,2.14,0.0
4812,5,0,2.5,0,0,0,2.86,0.0
4813,6,0,3.0,0,0,0,3.71,0.0
4814,6,0,3.0,0,0,0,4.57,0.0
4815,7,0,3.5,0,0,0,5.57,0.0
4816,7,0,3.5,0,0,0,6.57,0.0
4817,6,0,3.0,0,0,0,6.67,0.0
4818,5,0,2.5,0,0,0,5.67,0.0
4819,4,0,2.0,0,0,0,4.83,0.0
4820,3,0,1.5,0,0,0,4.6,0.0
4821,2,0,1.0,0,0,0,3.2,0.0
4822,1,0,0.5,0,0,0,2.0,0.0
4823,0,0,0.0,0,0,0,0.0,0.0
4824,0,0,0.0,0,0,0,0.0,0.0
4825,0,0,0.0,0,0,1,0.0,0.0
4826,0,0,0.0,0,0,0,0.0,0.0
4827,0,0,0.0,1,0,1,0.0,0.0
4828,0,0,0.0,0,0,0,0.0,0.0
4829,0,0,0.0,1,0,1,0.0,0.0
4830,1,0,0.5,0,0,0,0.25,0.0
4831,1,0,0.5,1,0,1,0.4,0.0
4832,1,0,0.5,0,0,0,0.6,0.0
4833,2,0,1.0,1,0,1,0.83,0.0
4834,2,0,1.0,0,0,0,1.17,0.0
4835,3,0,1.5,0,0,0,1.67,0.0
4836,3,0,1.5,1,0,0,1.86,0.0
4837,4,0,2.0,0,0,0,2.43,0.0
4838,5,0,2.5,0,0,0,3.14,0.0
4839,5,0,2.5,0,0,0,3.86,0.0
4840,6,0,3.0,0,0,0,4.71,0.0
4841,6,0,3.0,0,0,0,5.57,0.0
4842,7,0,3.5,0,0,0,6.57,0.0
4843,6,0,3.0,0,0,0,6.5,0.0
4844,5,0,2.5,0,0,0,5.5,0.0
4845,4,0,2.0,0,0,0,4.5,0.0
4846,3,0,1.5,0,0,0,4.2,0.0
4847,2,0,1.0,0,0,0,2.8,0.0
4848,1,0,0.5,0,0,0,1.75,0.0
4849,0,0,0.0,0,0,0,0.0,0.0
4850,0,0,0.0,0,0,0,0.0,0.0
4851,0,0,0.0,0,0,1,0.0,0.0
4852,0,0,0.0,0,0,0,0.0,0.0
4853,0,0,0.0,1,0,1,0.0,0.0
4854,0,0,0.0,0,0,0,0.0,0.0
4855,0,0,0.0,1,0,1,0.0,0.0
4856,1,0,0.5,0,0,1,0.25,0.0
4857,1,0,0.5,1,0,0,0.4,0.0
4858,1,0,0.5,0,0,1,0.6,0.0
4859,2,0,1.0,1,0,0,0.83,0.0
4860,2,0,1.0,0,0,0,1.17,0.0
4861,3,0,1.5,0,0,0,1.67,0.0
4862,3,0,1.5,1,0,0,1.86,0.0
4863,4,0,2.0,0,0,0,2.43,0.0
4864,5,0,2.5,0,0,0,3.14,0.0
4865,5,0,2.5,0,0,0,3.86,0.0
4866,5,0,2.5,0,0,0,4.57,0.0
4867,6,0,3.0,0,0,0,5.43,0.0
4868,6,0,3.0,0,0,0,6.29,0.0
4869,6,0,3.0,0,0,0,6.17,0.0
4870,5,0,2.5,0,0,0,5.17,0.0
4871,4,0,2.0,0,0,0,4.17,0.0
4872,3,0,1.5,0,0,0,3.8,0.0
4873,2,0,1.0,0,0,0,2.4,0.0
4874,1,0,0.5,0,0,0,1.5,0.0
4875,0,0,0.0,0,0,0,0.0,0.0
4876,0,0,0.0,0,0,0,0.0,0.0
4877,0,0,0.0,0,0,1,0.0,0.0
4878,0,0,0.0,0,0,0,0.0,0.0
4879,0,0,0.0,1,0,1,0.0,0.0
4880,0,0,0.0,0,0,0,0.0,0.0
4881,0,0,0.0,1,0,1,0.0,0.0
4882,1,0,0.5,0,0,1,0.25,0.0
4883,1,0,0.5,1,0,0,0.4,0.0
4884,1,0,0.5,0,0,1,0.6,0.0
4885,2,0,1.0,1,0,0,0.83,0.0
4886,2,0,1.0,0,0,0,1.17,0.0
4887,3,0,1.5,0,0,0,1.67,0.0
4888,4,0,2.0,1,0,0,2.0,0.0
4889,4,0,2.0,0,0,0,2.57,0.0
4890,5,0,2.5,0,0,0,3.29,0.0
4891,6,0,3.0,0,0,0,4.14,0.0
4892,7,0,3.5,0,0,0,5.14,0.0
4893,7,0,3.5,0,0,0,6.14,0.0
4894,7,0,3.5,0,0,0,7.14,0.0
4895,6,0,3.0,0,0,0,7.17,0.0
4896,5,0,2.5,0,0,0,6.17,0.0
4897,4,0,2.0,0,0,0,5.17,0.0
4898,3,0,1.5,0,0,0,4.8,0.0
4899,2,0,1.0,0,0,0,3.4,0.0
4900,1,0,0.5,0,0,0,1.8,0.0
4901,0,0,0.0,0,0,0,0.0,0.0
4902,0,0,0.0,0,0,0,0.0,0.0
4903,0,0,0.0,0,0,1,0.0,0.0
4904,0,0,0.0,0,0,0,0.0,0.0
4905,0,0,0.0,1,0,1,0.0,0.0
4906,0,0,0.0,0,0,0,0.0,0.0
4907,0,0,0.0,1,0,1,0.0,0.0
4908,0,0,0.0,0,0,0,0.0,0.0
4909,0,0,0.0,1,0,1,0.0,0.0
4910,1,0,0.5,0,0,1,0.2,0.0
4911,1,0,0.5,1,0,0,0.33,0.0
4912,3,0,1.5,0,0,0,0.83,0.0
4913,2,0,1.0,0,0,0,1.0,0.0
4914,4,0,2.0,1,0,0,1.43,0.0
4915,3,0,1.5,0,0,0,1.71,0.0
4916,4,0,2.0,0,0,0,2.29,0.0
4917,5,0,2.5,0,0,0,3.0,0.0
4918,6,0,3.0,0,0,0,3.86,0.0
4919,6,0,3.0,0,0,0,4.71,0.0
4920,7,0,3.5,0,0,0,5.71,0.0
4921,6,0,3.0,0,0,0,5.83,0.0
4922,5,0,2.5,0,0,0,5.0,0.0
4923,4,0,2.0,0,0,0,4.17,0.0
4924,3,0,1.5,0,0,0,4.0,0.0
4925,2,0,1.0,0,0,0,2.8,0.0
4926,1,0,0.5,0,0,0,1.75,0.0
4927,0,0,0.0,0,0,0,0.0,0.0
4928,0,0,0.0,0,0,0,0.0,0.0
4929,0,0,0.0,0,0,1,0.0,0.0
4930,0,0,0.0,0,0,0,0.0,0.0
4931,0,0,0.0,1,0,1,0.0,0.0
4932,0,0,0.0,0,0,1,0.0,0.0
4933,0,0,0.0,0,0,0,0.0,0.0
4934,0,0,0.0,0,0,1,0.0,0.0
4935,1,0,0.5,0,0,0,0.33,0.0
4936,1,0,0.5,0,0,1,0.67,0.0
4937,2,0,1.0,0,0,0,1.33,0.0
4938,2,0,1.0,0,0,0,2.0,0.0
4939,3,0,1.5,0,0,0,3.0,0.0
4940,3,0,1.5,0,0,0,4.0,0.0
4941,3,0,1.5,0,0,0,5.0,0.0
4942,3,0,1.5,0,0,0,6.0,0.0
4943,3,0,1.5,0,0,0,7.0,0.0
4944,3,0,1.5,0,0,0,8.0,0.0
4945,3,0,1.5,0,0,0,9.0,0.0
4946,3,0,1.5,0,0,0,10.0,0.0
4947,2,0,1.0,0,0,0,10.0,0.0
4948,1,0,0.5,0,0,0,5.0,0.0
4949,0,0,0.0,0,0,0,0.0,0.0
4950,0,0,0.0,0,0,0,0.0,0.0
4951,0,0,0.0,0,0,0,0.0,0.0
4952,0,0,0.0,0,0,0,0.0,0.0
4953,0,0,0.0,0,0,0,0.0,0.0
4954,0,0,0.0,0,0,1,0.0,0.0
4955,0,0,0.0,0,0,0,0.0,0.0
4956,0,0,0.0,0,0,0,0.0,0.0
4957,0,0,0.0,0,0,1,0.0,0.0
4958,0,0,0.0,0,0,0,0.0,0.0
4959,0,0,0.0,0,0,1,0.0,0.0
