Step,Queue_West_East,Queue_North_South,Queue_SD,Arrival_West_East,Arrival_North_South,Throughput_Step,Avg_Waiting_Time_West_East,Avg_Waiting_Time_North_South
1,0,0,0.0,1,1,0,0.0,0.0
2,0,0,0.0,0,0,0,0.0,0.0
3,0,0,0.0,1,0,0,0.0,0.0
4,0,0,0.0,0,0,0,0.0,0.0
5,0,0,0.0,1,1,0,0.0,0.0
6,0,1,0.5,0,0,0,0.0,0.5
7,0,1,0.5,1,0,0,0.0,1.0
8,0,1,0.5,0,1,0,0.0,1.0
9,0,1,0.5,1,0,0,0.0,1.33
10,0,1,0.5,0,0,1,0.0,1.67
11,0,1,0.5,1,1,0,0.0,1.5
12,0,2,1.0,0,0,1,0.0,2.0
13,0,3,1.5,1,0,0,0.0,2.75
14,0,3,1.5,0,0,1,0.0,3.5
15,0,3,1.5,1,1,0,0.0,3.4
16,0,4,2.0,0,0,1,0.0,4.2
17,0,4,2.0,1,0,0,0.0,5.0
18,0,4,2.0,0,0,1,0.0,5.8
19,0,5,2.5,1,0,0,0.0,6.8
20,0,5,2.5,0,0,0,0.0,7.8
21,0,5,2.5,1,0,1,0.0,8.8
22,0,5,2.5,0,0,0,0.0,9.8
23,0,5,2.5,1,0,1,0.0,10.8
24,0,5,2.5,0,0,0,0.0,11.8
25,0,5,2.5,1,0,1,0.0,12.8
26,0,5,2.5,0,0,0,0.0,13.8
27,0,5,2.5,1,0,1,0.0,14.8
28,0,5,2.5,0,0,1,0.0,15.8
29,0,5,2.5,1,0,0,0.0,16.8
30,0,5,2.5,0,0,1,0.0,17.8
31,0,5,2.5,1,0,0,0.0,18.8
32,0,5,2.5,0,0,0,0.0,19.8
33,0,5,2.5,1,0,1,0.0,20.8
34,0,5,2.5,0,0,0,0.0,21.8
35,0,5,2.5,1,0,0,0.0,22.8
36,0,5,2.5,0,0,1,0.0,23.8
37,0,5,2.5,1,0,0,0.0,24.8
38,0,5,2.5,0,0,1,0.0,25.8
39,0,5,2.5,1,0,1,0.0,26.8
40,0,5,2.5,0,0,0,0.0,27.8
41,0,5,2.5,1,0,1,0.0,28.8
42,0,5,2.5,0,0,0,0.0,29.8
43,0,5,2.5,1,0,1,0.0,30.8
44,0,5,2.5,1,0,0,0.0,31.8
45,0,5,2.5,0,0,1,0.0,32.8
46,0,4,2.0,1,0,0,0.0,32.0
47,1,3,1.0,0,0,0,0.2,24.0
48,1,2,0.5,1,0,1,0.33,15.75
49,1,1,0.0,0,0,0,0.5,10.33
50,2,0,1.0,0,0,0,0.83,0.0
51,2,0,1.0,0,0,0,1.17,0.0
52,3,0,1.5,1,0,1,1.43,0.0
53,4,0,2.0,0,0,0,2.0,0.0
54,4,0,2.0,0,1,0,2.57,0.0
55,5,0,2.5,0,0,1,3.29,0.0
56,6,0,3.0,0,1,0,4.14,0.0
57,6,0,3.0,0,0,1,5.0,0.0
58,7,0,3.5,0,1,1,6.0,0.0
59,7,0,3.5,0,0,0,7.0,0.0
60,7,0,3.5,0,1,1,8.0,0.0
61,7,0,3.5,0,0,0,9.0,0.0
62,7,0,3.5,0,1,1,10.0,0.0
63,7,0,3.5,0,0,0,11.0,0.0
64,7,0,3.5,0,1,1,12.0,0.0
65,7,0,3.5,0,0,0,13.0,0.0
66,7,0,3.5,0,1,1,14.0,0.0
67,7,0,3.5,0,0,0,15.0,0.0
68,7,0,3.5,0,1,1,16.0,0.0
69,7,0,3.5,0,0,1,17.0,0.0
70,7,0,3.5,0,1,0,18.0,0.0
71,7,0,3.5,0,0,1,19.0,0.0
72,7,0,3.5,0,1,0,20.0,0.0
73,7,0,3.5,0,0,1,21.0,0.0
74,7,0,3.5,0,1,0,22.0,0.0
75,7,0,3.5,0,0,0,23.0,0.0
76,7,0,3.5,0,1,1,24.0,0.0
77,7,0,3.5,0,0,0,25.0,0.0
78,7,0,3.5,0,1,1,26.0,0.0
79,7,0,3.5,0,0,1,27.0,0.0
80,7,0,3.5,0,1,0,28.0,0.0
81,7,0,3.5,0,0,1,29.0,0.0
82,7,0,3.5,0,1,0,30.0,0.0
83,7,0,3.5,0,0,0,31.0,0.0
84,7,0,3.5,0,1,1,32.0,0.0
85,7,0,3.5,0,0,1,33.0,0.0
86,7,0,3.5,0,1,0,34.0,0.0
87,7,0,3.5,0,0,1,35.0,0.0
88,7,0,3.5,0,1,0,36.0,0.0
89,7,0,3.5,0,0,1,37.0,0.0
90,7,0,3.5,0,1,0,38.0,0.0
91,7,0,3.5,0,0,1,39.0,0.0
92,7,0,3.5,0,1,0,40.0,0.0
93,7,0,3.5,0,0,1,41.0,0.0
94,6,0,3.0,0,1,0,41.0,0.0
95,5,0,2.5,0,0,1,34.33,0.0
96,4,1,1.5,0,1,0,27.67,0.25
97,3,1,1.0,0,0,0,25.0,0.5
98,2,2,0.0,0,1,0,16.8,0.8
99,1,3,1.0,0,0,0,8.4,1.4
100,0,4,2.0,0,0,0,0.0,2.2
101,0,4,2.0,0,0,0,0.0,3.0
102,0,5,2.5,0,0,1,0.0,4.0
103,0,5,2.5,0,0,0,0.0,5.0
104,0,5,2.5,1,0,1,0.0,6.0
105,0,5,2.5,0,0,0,0.0,7.0
106,0,5,2.5,0,0,1,0.0,8.0
107,0,5,2.5,1,0,0,0.0,9.0
108,0,5,2.5,0,0,1,0.0,10.0
109,0,5,2.5,1,0,0,0.0,11.0
110,0,5,2.5,0,0,1,0.0,12.0
111,0,5,2.5,1,0,1,0.0,13.0
112,0,5,2.5,0,0,0,0.0,14.0
113,0,5,2.5,1,0,1,0.0,15.0
114,0,5,2.5,0,0,0,0.0,16.0
115,0,5,2.5,1,0,1,0.0,17.0
116,0,5,2.5,0,0,0,0.0,18.0
117,0,5,2.5,1,0,1,0.0,19.0
118,0,5,2.5,0,0,1,0.0,20.0
119,0,5,2.5,1,0,0,0.0,21.0
120,0,5,2.5,0,0,0,0.0,22.0
121,0,5,2.5,1,0,1,0.0,23.0
122,0,5,2.5,0,0,0,0.0,24.0
123,0,5,2.5,1,0,1,0.0,25.0
124,0,5,2.5,0,0,0,0.0,26.0
125,0,5,2.5,1,0,1,0.0,27.0
126,0,5,2.5,0,0,1,0.0,28.0
127,0,5,2.5,1,0,0,0.0,29.0
128,0,5,2.5,0,0,1,0.0,30.0
129,0,5,2.5,1,0,0,0.0,31.0
130,0,5,2.5,0,0,1,0.0,32.0
131,0,5,2.5,1,0,0,0.0,33.0
132,0,5,2.5,0,0,0,0.0,34.0
133,0,5,2.5,1,0,1,0.0,35.0
134,0,5,2.5,0,0,0,0.0,36.0
135,0,5,2.5,1,0,0,0.0,37.0
136,0,5,2.5,0,0,1,0.0,38.0
137,0,5,2.5,1,0,0,0.0,39.0
138,0,5,2.5,0,0,1,0.0,40.0
139,0,5,2.5,1,0,1,0.0,41.0
140,0,5,2.5,0,0,0,0.0,42.0
141,0,5,2.5,1,0,1,0.0,43.0
142,0,4,2.0,1,0,0,0.0,43.25
143,0,3,1.5,0,0,1,0.0,32.75
144,0,2,1.0,1,0,0,0.0,22.0
145,1,1,0.0,0,0,1,0.2,14.67
146,2,0,1.0,1,0,0,0.5,0.0
147,2,0,1.0,0,0,0,0.83,0.0
148,3,0,1.5,0,0,1,1.33,0.0
149,4,0,2.0,1,0,0,1.71,0.0
150,5,0,2.5,0,1,1,2.43,0.0
151,5,0,2.5,0,0,0,3.14,0.0
152,5,0,2.5,0,1,1,3.86,0.0
153,6,0,3.0,0,0,0,4.71,0.0
154,7,0,3.5,0,1,1,5.71,0.0
155,7,0,3.5,0,0,0,6.71,0.0
156,7,0,3.5,0,1,1,7.71,0.0
157,7,0,3.5,0,0,0,8.71,0.0
158,7,0,3.5,0,1,1,9.71,0.0
159,7,0,3.5,0,0,1,10.71,0.0
160,7,0,3.5,0,1,0,11.71,0.0
161,7,0,3.5,0,0,1,12.71,0.0
162,7,0,3.5,0,1,0,13.71,0.0
163,7,0,3.5,0,0,1,14.71,0.0
164,7,0,3.5,0,1,0,15.71,0.0
165,7,0,3.5,0,0,1,16.71,0.0
166,7,0,3.5,0,1,0,17.71,0.0
167,7,0,3.5,0,0,1,18.71,0.0
168,7,0,3.5,0,1,0,19.71,0.0
169,7,0,3.5,0,0,1,20.71,0.0
170,7,0,3.5,0,1,0,21.71,0.0
171,7,0,3.5,0,0,1,22.71,0.0
172,7,0,3.5,0,1,0,23.71,0.0
173,7,0,3.5,0,0,1,24.71,0.0
174,7,0,3.5,0,1,0,25.71,0.0
175,7,0,3.5,0,0,1,26.71,0.0
176,7,0,3.5,0,1,0,27.71,0.0
177,7,0,3.5,0,0,1,28.71,0.0
178,7,0,3.5,0,1,0,29.71,0.0
179,7,0,3.5,0,0,1,30.71,0.0
180,7,0,3.5,0,1,0,31.71,0.0
181,7,0,3.5,0,0,1,32.71,0.0
182,7,0,3.5,0,1,0,33.71,0.0
183,7,0,3.5,0,0,0,34.71,0.0
184,7,0,3.5,0,1,1,35.71,0.0
185,7,0,3.5,0,0,1,36.71,0.0
186,7,0,3.5,0,1,0,37.71,0.0
187,7,0,3.5,0,0,1,38.71,0.0
188,7,0,3.5,0,1,0,39.71,0.0
189,7,0,3.5,0,1,1,40.71,0.0
190,6,0,3.0,0,0,0,41.0,0.0
191,5,0,2.5,0,1,1,34.33,0.0
192,4,1,1.5,0,0,0,27.67,0.25
193,3,1,1.0,0,0,0,25.0,0.5
194,2,2,0.0,0,1,0,16.6,0.8
195,1,3,1.0,0,0,0,10.5,1.4
196,0,3,1.5,0,0,0,0.0,2.0
197,0,4,2.0,0,0,0,0.0,2.8
198,0,5,2.5,0,0,1,0.0,3.8
199,0,5,2.5,0,0,0,0.0,4.8
200,0,5,2.5,1,0,1,0.0,5.8
201,0,5,2.5,0,0,0,0.0,6.8
202,0,5,2.5,1,0,1,0.0,7.8
203,0,5,2.5,0,0,1,0.0,8.8
204,0,5,2.5,0,0,0,0.0,9.8
205,0,5,2.5,1,0,1,0.0,10.8
206,0,5,2.5,0,0,0,0.0,11.8
207,0,5,2.5,1,0,1,0.0,12.8
208,0,5,2.5,0,0,0,0.0,13.8
209,0,5,2.5,1,0,1,0.0,14.8
210,0,5,2.5,0,0,0,0.0,15.8
211,0,5,2.5,1,0,1,0.0,16.8
212,0,5,2.5,0,0,0,0.0,17.8
213,0,5,2.5,1,0,1,0.0,18.8
214,0,5,2.5,0,0,0,0.0,19.8
215,0,5,2.5,1,0,1,0.0,20.8
216,0,5,2.5,0,0,1,0.0,21.8
217,0,5,2.5,1,0,0,0.0,22.8
218,0,5,2.5,0,0,0,0.0,23.8
219,0,5,2.5,1,0,1,0.0,24.8
220,0,5,2.5,0,0,0,0.0,25.8
221,0,5,2.5,1,0,1,0.0,26.8
222,0,5,2.5,0,0,0,0.0,27.8
223,0,5,2.5,1,0,1,0.0,28.8
224,0,5,2.5,0,0,1,0.0,29.8
225,0,5,2.5,1,0,0,0.0,30.8
226,0,5,2.5,0,0,1,0.0,31.8
227,0,5,2.5,1,0,0,0.0,32.8
228,0,5,2.5,0,0,1,0.0,33.8
229,0,5,2.5,1,0,0,0.0,34.8
230,0,5,2.5,0,0,1,0.0,35.8
231,0,5,2.5,1,0,0,0.0,36.8
232,0,5,2.5,0,0,1,0.0,37.8
233,0,5,2.5,1,0,0,0.0,38.8
234,0,5,2.5,0,0,1,0.0,39.8
235,0,5,2.5,1,0,0,0.0,40.8
236,0,5,2.5,0,0,0,0.0,41.8
237,0,5,2.5,1,0,1,0.0,42.8
238,0,4,2.0,1,0,1,0.0,43.0
239,0,3,1.5,0,0,0,0.0,32.5
240,1,2,0.5,1,0,1,0.2,21.75
241,1,1,0.0,0,0,0,0.4,14.67
242,1,0,0.5,1,0,0,0.5,0.0
243,1,0,0.5,0,0,0,0.67,0.0
244,2,0,1.0,0,0,0,1.0,0.0
245,4,0,2.0,1,1,1,1.43,0.0
246,4,0,2.0,0,0,1,2.0,0.0
247,5,0,2.5,0,0,0,2.71,0.0
248,5,0,2.5,0,1,1,3.43,0.0
249,6,0,3.0,0,0,0,4.29,0.0
250,6,0,3.0,0,1,1,5.14,0.0
251,7,0,3.5,0,0,0,6.14,0.0
252,7,0,3.5,0,1,1,7.14,0.0
253,7,0,3.5,0,0,0,8.14,0.0
254,7,0,3.5,0,1,1,9.14,0.0
255,7,0,3.5,0,0,1,10.14,0.0
256,7,0,3.5,0,1,0,11.14,0.0
257,7,0,3.5,0,0,1,12.14,0.0
258,7,0,3.5,0,1,0,13.14,0.0
259,7,0,3.5,0,0,1,14.14,0.0
260,7,0,3.5,0,1,0,15.14,0.0
261,7,0,3.5,0,0,1,16.14,0.0
262,7,0,3.5,0,1,0,17.14,0.0
263,7,0,3.5,0,0,1,18.14,0.0
264,7,0,3.5,0,1,0,19.14,0.0
265,7,0,3.5,0,0,1,20.14,0.0
266,7,0,3.5,0,1,0,21.14,0.0
267,7,0,3.5,0,0,1,22.14,0.0
268,7,0,3.5,0,1,0,23.14,0.0
269,7,0,3.5,0,0,0,24.14,0.0
270,7,0,3.5,0,1,1,25.14,0.0
271,7,0,3.5,0,0,1,26.14,0.0
272,7,0,3.5,0,1,0,27.14,0.0
273,7,0,3.5,0,0,1,28.14,0.0
274,7,0,3.5,0,1,0,29.14,0.0
275,7,0,3.5,0,0,1,30.14,0.0
276,7,0,3.5,0,1,0,31.14,0.0
277,7,0,3.5,0,0,1,32.14,0.0
278,7,0,3.5,0,1,0,33.14,0.0
279,7,0,3.5,0,0,1,34.14,0.0
280,7,0,3.5,0,1,0,35.14,0.0
281,7,0,3.5,0,0,1,36.14,0.0
282,7,0,3.5,0,1,0,37.14,0.0
283,7,0,3.5,0,0,1,38.14,0.0
284,7,0,3.5,0,1,0,39.14,0.0
285,7,0,3.5,0,0,1,40.14,0.0
286,6,0,3.0,0,1,0,40.17,0.0
287,5,0,2.5,0,0,1,33.83,0.0
288,4,1,1.5,0,1,0,27.33,0.25
289,3,1,1.0,0,0,0,24.6,0.5
290,2,2,0.0,0,0,0,16.4,1.0
291,1,2,0.5,0,1,0,10.25,1.2
292,0,3,1.5,0,0,0,0.0,1.8
293,0,3,1.5,0,0,0,0.0,2.4
294,0,4,2.0,0,0,1,0.0,3.2
295,0,4,2.0,0,0,1,0.0,4.0
296,0,5,2.5,1,0,0,0.0,5.0
297,0,5,2.5,0,0,1,0.0,6.0
298,0,5,2.5,1,0,0,0.0,7.0
299,0,5,2.5,0,0,0,0.0,8.0
300,0,5,2.5,1,0,1,0.0,9.0
301,0,5,2.5,0,0,0,0.0,10.0
302,0,5,2.5,1,0,1,0.0,11.0
303,0,5,2.5,0,0,0,0.0,12.0
304,0,5,2.5,0,0,1,0.0,13.0
305,0,5,2.5,1,0,1,0.0,14.0
306,0,5,2.5,0,0,0,0.0,15.0
307,0,5,2.5,1,0,1,0.0,16.0
308,0,5,2.5,0,0,0,0.0,17.0
309,0,5,2.5,1,0,1,0.0,18.0
310,0,5,2.5,0,0,1,0.0,19.0
311,0,5,2.5,1,0,0,0.0,20.0
312,0,5,2.5,0,0,1,0.0,21.0
313,0,5,2.5,1,0,0,0.0,22.0
314,0,5,2.5,0,0,0,0.0,23.0
315,0,5,2.5,1,0,1,0.0,24.0
316,0,5,2.5,0,0,0,0.0,25.0
317,0,5,2.5,1,0,1,0.0,26.0
318,0,5,2.5,0,0,0,0.0,27.0
319,0,5,2.5,1,0,1,0.0,28.0
320,0,5,2.5,0,0,0,0.0,29.0
321,0,5,2.5,1,0,1,0.0,30.0
322,0,5,2.5,0,0,0,0.0,31.0
323,0,5,2.5,1,0,1,0.0,32.0
324,0,5,2.5,0,0,0,0.0,33.0
325,0,5,2.5,1,0,1,0.0,34.0
326,0,5,2.5,0,0,0,0.0,35.0
327,0,5,2.5,1,0,1,0.0,36.0
328,0,5,2.5,0,0,0,0.0,37.0
329,0,5,2.5,1,0,0,0.0,38.0
330,0,5,2.5,0,0,1,0.0,39.0
331,0,5,2.5,1,0,0,0.0,40.0
332,0,5,2.5,0,0,1,0.0,41.0
333,0,5,2.5,1,0,1,0.0,42.0
334,0,4,2.0,1,0,0,0.0,42.0
335,1,3,1.0,0,0,1,0.25,31.5
336,1,2,0.5,1,0,0,0.4,21.0
337,1,1,0.0,0,0,1,0.6,14.0
338,2,0,1.0,1,0,0,0.83,0.0
339,2,0,1.0,0,0,0,1.17,0.0
340,3,0,1.5,0,0,1,1.67,0.0
341,3,0,1.5,1,1,0,1.86,0.0
342,4,0,2.0,0,0,0,2.43,0.0
343,5,0,2.5,0,0,1,3.14,0.0
344,5,0,2.5,0,1,1,3.86,0.0
345,6,0,3.0,0,0,0,4.71,0.0
346,7,0,3.5,0,1,1,5.71,0.0
347,7,0,3.5,0,0,0,6.71,0.0
348,7,0,3.5,0,1,1,7.71,0.0
349,7,0,3.5,0,0,0,8.71,0.0
350,7,0,3.5,0,1,1,9.71,0.0
351,7,0,3.5,0,0,0,10.71,0.0
352,7,0,3.5,0,1,1,11.71,0.0
353,7,0,3.5,0,0,0,12.71,0.0
354,7,0,3.5,0,1,1,13.71,0.0
355,7,0,3.5,0,0,1,14.71,0.0
356,7,0,3.5,0,1,0,15.71,0.0
357,7,0,3.5,0,0,1,16.71,0.0
358,7,0,3.5,0,1,0,17.71,0.0
359,7,0,3.5,0,0,1,18.71,0.0
360,7,0,3.5,0,1,0,19.71,0.0
361,7,0,3.5,0,0,0,20.71,0.0
362,7,0,3.5,0,1,1,21.71,0.0
363,7,0,3.5,0,0,1,22.71,0.0
364,7,0,3.5,0,1,0,23.71,0.0
365,7,0,3.5,0,0,0,24.71,0.0
366,7,0,3.5,0,1,1,25.71,0.0
367,7,0,3.5,0,0,1,26.71,0.0
368,7,0,3.5,0,1,0,27.71,0.0
369,7,0,3.5,0,0,1,28.71,0.0
370,7,0,3.5,0,1,0,29.71,0.0
371,7,0,3.5,0,0,0,30.71,0.0
372,7,0,3.5,0,1,1,31.71,0.0
373,7,0,3.5,0,0,0,32.71,0.0
374,7,0,3.5,0,1,1,33.71,0.0
375,7,0,3.5,0,0,0,34.71,0.0
376,7,0,3.5,0,1,1,35.71,0.0
377,7,0,3.5,0,0,1,36.71,0.0
378,7,0,3.5,0,1,0,37.71,0.0
379,7,0,3.5,0,0,1,38.71,0.0
380,7,0,3.5,0,1,0,39.71,0.0
381,7,0,3.5,0,1,1,40.71,0.0
382,6,0,3.0,0,0,0,40.67,0.0
383,5,1,2.0,0,1,1,34.0,0.25
384,4,1,1.5,0,0,0,27.33,0.5
385,3,1,1.0,0,0,0,24.8,0.75
386,2,2,0.0,0,1,0,16.6,1.0
387,1,2,0.5,0,0,0,8.4,1.4
388,0,3,1.5,0,0,0,0.0,2.0
389,0,3,1.5,0,0,0,0.0,2.6
390,0,4,2.0,0,0,1,0.0,3.4
391,0,5,2.5,0,0,0,0.0,4.4
392,0,5,2.5,1,0,1,0.0,5.4
393,0,5,2.5,0,0,0,0.0,6.4
394,0,5,2.5,0,0,1,0.0,7.4
395,0,5,2.5,1,0,0,0.0,8.4
396,0,5,2.5,0,0,1,0.0,9.4
397,0,5,2.5,1,0,1,0.0,10.4
398,0,5,2.5,0,0,0,0.0,11.4
399,0,5,2.5,1,0,1,0.0,12.4
400,0,5,2.5,0,0,0,0.0,13.4
401,0,5,2.5,1,0,1,0.0,14.4
402,0,5,2.5,0,0,0,0.0,15.4
403,0,5,2.5,1,0,0,0.0,16.4
404,0,5,2.5,0,0,1,0.0,17.4
405,0,5,2.5,1,0,0,0.0,18.4
406,0,5,2.5,0,0,1,0.0,19.4
407,0,5,2.5,1,0,1,0.0,20.4
408,0,5,2.5,0,0,0,0.0,21.4
409,0,5,2.5,1,0,1,0.0,22.4
410,0,5,2.5,0,0,0,0.0,23.4
411,0,5,2.5,1,0,1,0.0,24.4
412,0,5,2.5,0,0,0,0.0,25.4
413,0,5,2.5,1,0,1,0.0,26.4
414,0,5,2.5,0,0,1,0.0,27.4
415,0,5,2.5,1,0,0,0.0,28.4
416,0,5,2.5,0,0,1,0.0,29.4
417,0,5,2.5,1,0,0,0.0,30.4
418,0,5,2.5,1,0,1,0.0,31.4
419,0,5,2.5,0,0,0,0.0,32.4
420,0,5,2.5,0,0,0,0.0,33.4
421,0,5,2.5,1,0,1,0.0,34.4
422,0,5,2.5,0,0,1,0.0,35.4
423,0,5,2.5,1,0,0,0.0,36.4
424,0,5,2.5,0,0,0,0.0,37.4
425,0,5,2.5,1,0,1,0.0,38.4
426,0,5,2.5,0,0,0,0.0,39.4
427,0,5,2.5,1,0,1,0.0,40.4
428,0,5,2.5,1,0,0,0.0,41.4
429,1,5,2.0,0,0,0,0.25,42.4
430,1,4,1.5,1,0,0,0.4,42.25
431,1,3,1.0,0,0,1,0.6,31.75
432,1,2,0.5,1,0,1,0.67,21.25
433,2,1,0.5,0,0,0,1.0,14.33
434,3,0,1.5,0,0,0,1.5,0.0
435,3,0,1.5,1,0,0,1.71,0.0
436,4,0,2.0,0,0,1,2.29,0.0
437,4,0,2.0,0,1,0,2.86,0.0
438,5,0,2.5,0,0,1,3.57,0.0
439,6,0,3.0,0,1,0,4.43,0.0
440,7,0,3.5,0,0,1,5.43,0.0
441,7,0,3.5,0,1,0,6.43,0.0
442,7,0,3.5,0,0,1,7.43,0.0
443,7,0,3.5,0,1,1,8.43,0.0
444,7,0,3.5,0,0,0,9.43,0.0
445,7,0,3.5,0,1,1,10.43,0.0
446,7,0,3.5,0,0,0,11.43,0.0
447,7,0,3.5,0,1,1,12.43,0.0
448,7,0,3.5,0,0,0,13.43,0.0
449,7,0,3.5,0,1,1,14.43,0.0
450,7,0,3.5,0,0,1,15.43,0.0
451,7,0,3.5,0,1,0,16.43,0.0
452,7,0,3.5,0,0,1,17.43,0.0
453,7,0,3.5,0,1,0,18.43,0.0
454,7,0,3.5,0,0,1,19.43,0.0
455,7,0,3.5,0,1,0,20.43,0.0
456,7,0,3.5,0,0,0,21.43,0.0
457,7,0,3.5,0,1,0,22.43,0.0
458,7,0,3.5,0,0,1,23.43,0.0
459,7,0,3.5,0,1,1,24.43,0.0
460,7,0,3.5,0,0,0,25.43,0.0
461,7,0,3.5,0,1,1,26.43,0.0
462,7,0,3.5,0,0,0,27.43,0.0
463,7,0,3.5,0,1,1,28.43,0.0
464,7,0,3.5,0,0,0,29.43,0.0
465,7,0,3.5,0,1,1,30.43,0.0
466,7,0,3.5,0,0,1,31.43,0.0
467,7,0,3.5,0,1,0,32.43,0.0
468,7,0,3.5,0,0,1,33.43,0.0
469,7,0,3.5,0,1,0,34.43,0.0
470,7,0,3.5,0,0,1,35.43,0.0
471,7,0,3.5,0,1,0,36.43,0.0
472,7,0,3.5,0,0,1,37.43,0.0
473,7,0,3.5,0,1,0,38.43,0.0
474,7,0,3.5,0,0,1,39.43,0.0
475,7,0,3.5,0,1,0,40.43,0.0
476,7,0,3.5,0,0,1,41.43,0.0
477,7,0,3.5,0,1,0,42.43,0.0
478,6,0,3.0,0,0,1,42.33,0.0
479,5,1,2.0,0,1,0,35.5,0.25
480,4,1,1.5,0,0,0,28.5,0.5
481,3,2,0.5,0,0,0,25.8,1.0
482,2,2,0.0,0,1,0,17.4,1.2
483,1,3,1.0,0,0,0,11.0,1.8
484,0,3,1.5,0,0,0,0.0,2.4
485,0,4,2.0,0,0,1,0.0,3.2
486,0,4,2.0,0,0,0,0.0,4.0
487,0,5,2.5,0,0,1,0.0,5.0
488,0,5,2.5,1,0,0,0.0,6.0
489,0,5,2.5,0,0,1,0.0,7.0
490,0,5,2.5,0,0,0,0.0,8.0
491,0,5,2.5,1,0,1,0.0,9.0
492,0,5,2.5,0,0,0,0.0,10.0
493,0,5,2.5,1,0,1,0.0,11.0
494,0,5,2.5,0,0,0,0.0,12.0
495,0,5,2.5,1,0,1,0.0,13.0
496,0,5,2.5,0,0,0,0.0,14.0
497,0,5,2.5,1,0,1,0.0,15.0
498,0,5,2.5,0,0,1,0.0,16.0
499,0,5,2.5,1,0,0,0.0,17.0
500,0,5,2.5,0,0,0,0.0,18.0
501,0,5,2.5,1,0,1,0.0,19.0
502,0,5,2.5,0,0,0,0.0,20.0
503,0,5,2.5,1,0,1,0.0,21.0
504,0,5,2.5,0,0,0,0.0,22.0
505,0,5,2.5,1,0,0,0.0,23.0
506,0,5,2.5,0,0,1,0.0,24.0
507,0,5,2.5,1,0,1,0.0,25.0
508,0,5,2.5,0,0,0,0.0,26.0
509,0,5,2.5,1,0,1,0.0,27.0
510,0,5,2.5,0,0,0,0.0,28.0
511,0,5,2.5,1,0,1,0.0,29.0
512,0,5,2.5,0,0,1,0.0,30.0
513,0,5,2.5,1,0,0,0.0,31.0
514,0,5,2.5,0,0,1,0.0,32.0
515,0,5,2.5,1,0,0,0.0,33.0
516,0,5,2.5,0,0,0,0.0,34.0
517,0,5,2.5,1,0,1,0.0,35.0
518,0,5,2.5,0,0,1,0.0,36.0
519,0,5,2.5,1,0,0,0.0,37.0
520,0,5,2.5,0,0,0,0.0,38.0
521,0,5,2.5,1,0,1,0.0,39.0
522,0,5,2.5,0,0,0,0.0,40.0
523,0,5,2.5,1,0,0,0.0,41.0
524,0,5,2.5,0,0,1,0.0,42.0
525,0,5,2.5,1,0,1,0.0,43.0
526,0,4,2.0,1,0,0,0.0,43.0
527,1,3,1.0,0,0,1,0.25,32.25
528,1,2,0.5,1,0,0,0.4,21.5
529,1,1,0.0,0,0,1,0.6,14.33
530,2,0,1.0,1,0,0,0.83,0.0
531,2,0,1.0,0,0,0,1.17,0.0
532,3,0,1.5,0,0,0,1.67,0.0
533,3,0,1.5,1,1,1,1.86,0.0
534,4,0,2.0,0,0,0,2.43,0.0
535,4,0,2.0,0,0,1,3.0,0.0
536,5,0,2.5,0,1,0,3.71,0.0
537,6,0,3.0,0,0,1,4.57,0.0
538,6,0,3.0,0,1,1,5.43,0.0
539,7,0,3.5,0,0,0,6.43,0.0
540,7,0,3.5,0,1,1,7.43,0.0
541,7,0,3.5,0,0,0,8.43,0.0
542,7,0,3.5,0,1,1,9.43,0.0
543,7,0,3.5,0,0,0,10.43,0.0
544,7,0,3.5,0,1,1,11.43,0.0
545,7,0,3.5,0,0,1,12.43,0.0
546,7,0,3.5,0,1,0,13.43,0.0
547,7,0,3.5,0,0,1,14.43,0.0
548,7,0,3.5,0,1,0,15.43,0.0
549,7,0,3.5,0,0,1,16.43,0.0
550,7,0,3.5,0,1,0,17.43,0.0
551,7,0,3.5,0,0,1,18.43,0.0
552,7,0,3.5,0,1,0,19.43,0.0
553,7,0,3.5,0,0,1,20.43,0.0
554,7,0,3.5,0,1,0,21.43,0.0
555,7,0,3.5,0,0,1,22.43,0.0
556,7,0,3.5,0,1,0,23.43,0.0
557,7,0,3.5,0,0,1,24.43,0.0
558,7,0,3.5,0,1,0,25.43,0.0
559,7,0,3.5,0,0,1,26.43,0.0
560,7,0,3.5,0,1,0,27.43,0.0
561,7,0,3.5,0,0,1,28.43,0.0
562,7,0,3.5,0,1,0,29.43,0.0
563,7,0,3.5,0,0,1,30.43,0.0
564,7,0,3.5,0,1,0,31.43,0.0
565,7,0,3.5,0,0,1,32.43,0.0
566,7,0,3.5,0,1,0,33.43,0.0
567,7,0,3.5,0,0,1,34.43,0.0
568,7,0,3.5,0,1,0,35.43,0.0
569,7,0,3.5,0,0,0,36.43,0.0
570,7,0,3.5,0,1,1,37.43,0.0
571,7,0,3.5,0,0,0,38.43,0.0
572,7,0,3.5,0,1,1,39.43,0.0
573,7,0,3.5,0,0,1,40.43,0.0
574,6,0,3.0,0,1,0,40.33,0.0
575,5,1,2.0,0,0,1,33.67,0.33
576,4,1,1.5,0,1,0,27.0,0.5
577,3,2,0.5,0,0,0,24.4,1.0
578,2,2,0.0,0,0,0,16.4,1.5
579,1,2,0.5,0,1,0,8.2,1.6
580,0,3,1.5,0,0,0,0.0,2.2
581,0,4,2.0,0,0,0,0.0,3.0
582,0,4,2.0,0,0,1,0.0,3.8
583,0,5,2.5,0,0,0,0.0,4.8
584,0,5,2.5,0,0,1,0.0,5.8
585,0,5,2.5,1,0,0,0.0,6.8
586,0,5,2.5,0,0,1,0.0,7.8
587,0,5,2.5,0,0,0,0.0,8.8
588,0,5,2.5,1,0,1,0.0,9.8
589,0,5,2.5,0,0,1,0.0,10.8
590,0,5,2.5,1,0,0,0.0,11.8
591,0,5,2.5,0,0,1,0.0,12.8
592,0,5,2.5,1,0,0,0.0,13.8
593,0,5,2.5,0,0,1,0.0,14.8
594,0,5,2.5,1,0,0,0.0,15.8
595,0,5,2.5,0,0,0,0.0,16.8
596,0,5,2.5,1,0,1,0.0,17.8
597,0,5,2.5,0,0,0,0.0,18.8
598,0,5,2.5,1,0,1,0.0,19.8
599,0,5,2.5,0,0,0,0.0,20.8
600,0,5,2.5,1,0,1,0.0,21.8
601,0,5,2.5,0,0,0,0.0,22.8
602,0,5,2.5,1,0,1,0.0,23.8
603,0,5,2.5,0,0,0,0.0,24.8
604,0,5,2.5,1,0,1,0.0,25.8
605,0,5,2.5,0,0,1,0.0,26.8
606,0,5,2.5,1,0,0,0.0,27.8
607,0,5,2.5,0,0,0,0.0,28.8
608,0,5,2.5,1,0,0,0.0,29.8
609,0,5,2.5,0,0,1,0.0,30.8
610,0,5,2.5,1,0,0,0.0,31.8
611,0,5,2.5,0,0,1,0.0,32.8
612,0,5,2.5,1,0,1,0.0,33.8
613,0,5,2.5,0,0,0,0.0,34.8
614,0,5,2.5,1,0,0,0.0,35.8
615,0,5,2.5,0,0,1,0.0,36.8
616,0,5,2.5,1,0,0,0.0,37.8
617,0,5,2.5,0,0,1,0.0,38.8
618,0,5,2.5,1,0,0,0.0,39.8
619,0,5,2.5,0,0,1,0.0,40.8
620,0,5,2.5,1,0,1,0.0,41.8
621,0,5,2.5,1,0,0,0.0,42.8
622,0,4,2.0,0,0,1,0.0,42.75
623,1,3,1.0,1,0,0,0.2,32.0
624,1,2,0.5,0,0,1,0.4,21.5
625,1,1,0.0,1,0,0,0.5,14.33
626,2,0,1.0,0,0,0,0.83,0.0
627,2,0,1.0,0,0,0,1.17,0.0
628,3,0,1.5,1,0,0,1.43,0.0
629,4,0,2.0,0,0,1,2.0,0.0
630,4,0,2.0,0,1,0,2.57,0.0
631,4,0,2.0,0,0,1,3.14,0.0
632,5,0,2.5,0,1,1,3.86,0.0
633,6,0,3.0,0,0,0,4.71,0.0
634,6,0,3.0,0,1,1,5.57,0.0
635,7,0,3.5,0,0,0,6.57,0.0
636,7,0,3.5,0,1,1,7.57,0.0
637,7,0,3.5,0,0,0,8.57,0.0
638,7,0,3.5,0,1,1,9.57,0.0
639,7,0,3.5,0,0,0,10.57,0.0
640,7,0,3.5,0,1,1,11.57,0.0
641,7,0,3.5,0,0,1,12.57,0.0
642,7,0,3.5,0,1,0,13.57,0.0
643,7,0,3.5,0,0,1,14.57,0.0
644,7,0,3.5,0,1,0,15.57,0.0
645,7,0,3.5,0,0,1,16.57,0.0
646,7,0,3.5,0,1,0,17.57,0.0
647,7,0,3.5,0,0,1,18.57,0.0
648,7,0,3.5,0,1,0,19.57,0.0
649,7,0,3.5,0,0,1,20.57,0.0
650,7,0,3.5,0,1,0,21.57,0.0
651,7,0,3.5,0,0,1,22.57,0.0
652,7,0,3.5,0,1,0,23.57,0.0
653,7,0,3.5,0,0,1,24.57,0.0
654,7,0,3.5,0,1,0,25.57,0.0
655,7,0,3.5,0,0,1,26.57,0.0
656,7,0,3.5,0,1,0,27.57,0.0
657,7,0,3.5,0,0,1,28.57,0.0
658,7,0,3.5,0,1,0,29.57,0.0
659,7,0,3.5,0,0,1,30.57,0.0
660,7,0,3.5,0,1,0,31.57,0.0
661,7,0,3.5,0,0,1,32.57,0.0
662,7,0,3.5,0,1,0,33.57,0.0
663,7,0,3.5,0,0,1,34.57,0.0
664,7,0,3.5,0,1,0,35.57,0.0
665,7,0,3.5,0,0,0,36.57,0.0
666,7,0,3.5,0,1,1,37.57,0.0
667,7,0,3.5,0,0,1,38.57,0.0
668,7,0,3.5,0,1,0,39.57,0.0
669,7,0,3.5,0,0,1,40.57,0.0
670,6,0,3.0,0,1,0,40.5,0.0
671,5,0,2.5,0,0,1,33.83,0.0
672,4,0,2.0,0,1,0,27.17,0.0
673,3,1,1.0,0,0,0,24.4,0.25
674,2,1,0.5,0,0,0,16.4,0.5
675,1,2,0.5,0,1,0,8.2,0.8
676,0,3,1.5,0,0,0,0.0,1.4
677,0,3,1.5,0,0,0,0.0,2.0
678,0,3,1.5,0,0,1,0.0,2.6
679,0,4,2.0,0,0,0,0.0,3.4
680,0,4,2.0,1,0,1,0.0,4.2
681,0,5,2.5,0,0,0,0.0,5.2
682,0,5,2.5,1,0,1,0.0,6.2
683,0,5,2.5,0,0,0,0.0,7.2
684,0,5,2.5,1,0,1,0.0,8.2
685,0,5,2.5,0,0,1,0.0,9.2
686,0,5,2.5,1,0,0,0.0,10.2
687,0,5,2.5,0,0,0,0.0,11.2
688,0,5,2.5,1,0,1,0.0,12.2
689,0,5,2.5,0,0,0,0.0,13.2
690,0,5,2.5,1,0,1,0.0,14.2
691,0,5,2.5,0,0,1,0.0,15.2
692,0,5,2.5,1,0,0,0.0,16.2
693,0,5,2.5,0,0,1,0.0,17.2
694,0,5,2.5,1,0,0,0.0,18.2
695,0,5,2.5,0,0,1,0.0,19.2
696,0,5,2.5,1,0,0,0.0,20.2
697,0,5,2.5,0,0,1,0.0,21.2
698,0,5,2.5,1,0,0,0.0,22.2
699,0,5,2.5,0,0,1,0.0,23.2
700,0,5,2.5,1,0,0,0.0,24.2
701,0,5,2.5,0,0,1,0.0,25.2
702,0,5,2.5,1,0,0,0.0,26.2
703,0,5,2.5,0,0,1,0.0,27.2
704,0,5,2.5,1,0,1,0.0,28.2
705,0,5,2.5,0,0,0,0.0,29.2
706,0,5,2.5,1,0,1,0.0,30.2
707,0,5,2.5,0,0,0,0.0,31.2
708,0,5,2.5,1,0,1,0.0,32.2
709,0,5,2.5,0,0,1,0.0,33.2
710,0,5,2.5,1,0,0,0.0,34.2
711,0,5,2.5,0,0,1,0.0,35.2
712,0,5,2.5,1,0,0,0.0,36.2
713,0,5,2.5,0,0,0,0.0,37.2
714,0,5,2.5,1,0,1,0.0,38.2
715,0,5,2.5,0,0,0,0.0,39.2
716,0,5,2.5,1,0,1,0.0,40.2
717,0,5,2.5,1,0,0,0.0,41.2
718,0,4,2.0,0,0,1,0.0,41.25
719,0,3,1.5,1,0,0,0.0,31.0
720,1,2,0.5,0,0,1,0.2,20.5
721,1,1,0.0,1,0,0,0.33,13.67
722,2,0,1.0,0,0,0,0.67,0.0
723,2,0,1.0,0,0,0,1.0,0.0
724,3,0,1.5,1,0,0,1.29,0.0
725,3,0,1.5,0,1,1,1.71,0.0
726,5,0,2.5,0,0,1,2.43,0.0
727,5,0,2.5,0,0,0,3.14,0.0
728,5,0,2.5,0,1,1,3.86,0.0
729,6,0,3.0,0,0,0,4.71,0.0
730,7,0,3.5,0,1,1,5.71,0.0
731,7,0,3.5,0,0,0,6.71,0.0
732,7,0,3.5,0,1,1,7.71,0.0
733,7,0,3.5,0,0,0,8.71,0.0
734,7,0,3.5,0,1,1,9.71,0.0
735,7,0,3.5,0,0,1,10.71,0.0
736,7,0,3.5,0,1,0,11.71,0.0
737,7,0,3.5,0,0,1,12.71,0.0
738,7,0,3.5,0,1,0,13.71,0.0
739,7,0,3.5,0,0,1,14.71,0.0
740,7,0,3.5,0,1,0,15.71,0.0
741,7,0,3.5,0,0,1,16.71,0.0
742,7,0,3.5,0,1,0,17.71,0.0
743,7,0,3.5,0,0,1,18.71,0.0
744,7,0,3.5,0,1,0,19.71,0.0
745,7,0,3.5,0,0,1,20.71,0.0
746,7,0,3.5,0,1,0,21.71,0.0
747,7,0,3.5,0,1,1,22.71,0.0
748,7,0,3.5,0,0,0,23.71,0.0
749,7,0,3.5,0,1,1,24.71,0.0
750,7,0,3.5,0,0,0,25.71,0.0
751,7,0,3.5,0,1,1,26.71,0.0
752,7,0,3.5,0,0,0,27.71,0.0
753,7,0,3.5,0,1,1,28.71,0.0
754,7,0,3.5,0,0,0,29.71,0.0
755,7,0,3.5,0,1,0,30.71,0.0
756,7,0,3.5,0,0,1,31.71,0.0
757,7,0,3.5,0,1,1,32.71,0.0
758,7,0,3.5,0,0,0,33.71,0.0
759,7,0,3.5,0,1,1,34.71,0.0
760,7,0,3.5,0,0,0,35.71,0.0
761,7,0,3.5,0,1,1,36.71,0.0
762,7,0,3.5,0,0,0,37.71,0.0
763,7,0,3.5,0,1,1,38.71,0.0
764,7,0,3.5,0,1,0,39.71,0.0
765,7,0,3.5,0,0,1,40.71,0.0
766,6,0,3.0,0,1,0,40.83,0.0
767,5,1,2.0,0,0,1,34.17,0.25
768,4,1,1.5,0,0,0,27.5,0.5
769,3,2,0.5,0,1,0,25.0,0.8
770,2,3,0.5,0,0,0,16.6,1.4
771,1,4,1.5,0,0,0,8.4,2.2
772,0,4,2.0,0,0,0,0.0,3.0
773,0,4,2.0,0,0,0,0.0,3.8
774,0,5,2.5,0,0,1,0.0,4.8
775,0,5,2.5,0,0,0,0.0,5.8
776,0,5,2.5,1,0,1,0.0,6.8
777,0,5,2.5,0,0,0,0.0,7.8
778,0,5,2.5,0,0,1,0.0,8.8
779,0,5,2.5,1,0,0,0.0,9.8
780,0,5,2.5,0,0,1,0.0,10.8
781,0,5,2.5,1,0,0,0.0,11.8
782,0,5,2.5,0,0,1,0.0,12.8
783,0,5,2.5,1,0,0,0.0,13.8
784,0,5,2.5,0,0,1,0.0,14.8
785,0,5,2.5,1,0,1,0.0,15.8
786,0,5,2.5,0,0,0,0.0,16.8
787,0,5,2.5,1,0,1,0.0,17.8
788,0,5,2.5,0,0,0,0.0,18.8
789,0,5,2.5,1,0,1,0.0,19.8
790,0,5,2.5,0,0,0,0.0,20.8
791,0,5,2.5,0,0,1,0.0,21.8
792,0,5,2.5,1,0,0,0.0,22.8
793,0,5,2.5,0,0,0,0.0,23.8
794,0,5,2.5,1,0,1,0.0,24.8
795,0,5,2.5,0,0,1,0.0,25.8
796,0,5,2.5,1,0,0,0.0,26.8
797,0,5,2.5,0,0,0,0.0,27.8
798,0,5,2.5,1,0,1,0.0,28.8
799,0,5,2.5,0,0,0,0.0,29.8
800,0,5,2.5,1,0,0,0.0,30.8
801,0,5,2.5,0,0,0,0.0,31.8
802,0,5,2.5,1,0,1,0.0,32.8
803,0,5,2.5,0,0,0,0.0,33.8
804,0,5,2.5,1,0,1,0.0,34.8
805,0,5,2.5,0,0,0,0.0,35.8
806,0,5,2.5,1,0,1,0.0,36.8
807,0,5,2.5,0,0,0,0.0,37.8
808,0,5,2.5,1,0,1,0.0,38.8
809,0,5,2.5,0,0,0,0.0,39.8
810,0,5,2.5,1,0,1,0.0,40.8
811,0,5,2.5,1,0,0,0.0,41.8
812,0,5,2.5,0,0,1,0.0,42.8
813,1,5,2.0,1,0,0,0.2,43.8
814,1,4,1.5,0,0,1,0.4,44.0
815,1,3,1.0,1,0,0,0.5,33.25
816,1,2,0.5,0,0,1,0.67,22.25
817,2,1,0.5,0,0,0,1.0,14.67
818,3,0,1.5,0,0,0,1.5,0.0
819,4,0,2.0,1,0,0,1.86,0.0
820,4,0,2.0,0,0,1,2.43,0.0
821,5,0,2.5,0,1,0,3.14,0.0
822,5,0,2.5,0,0,1,3.86,0.0
823,6,0,3.0,0,0,0,4.71,0.0
824,7,0,3.5,0,1,1,5.71,0.0
825,7,0,3.5,0,0,0,6.71,0.0
826,7,0,3.5,0,1,1,7.71,0.0
827,7,0,3.5,0,0,1,8.71,0.0
828,7,0,3.5,0,1,0,9.71,0.0
829,7,0,3.5,0,0,1,10.71,0.0
830,7,0,3.5,0,1,0,11.71,0.0
831,7,0,3.5,0,0,1,12.71,0.0
832,7,0,3.5,0,1,0,13.71,0.0
833,7,0,3.5,0,0,1,14.71,0.0
834,7,0,3.5,0,1,0,15.71,0.0
835,7,0,3.5,0,1,1,16.71,0.0
836,7,0,3.5,0,0,0,17.71,0.0
837,7,0,3.5,0,1,1,18.71,0.0
838,7,0,3.5,0,0,0,19.71,0.0
839,7,0,3.5,0,1,1,20.71,0.0
840,7,0,3.5,0,0,0,21.71,0.0
841,7,0,3.5,0,1,1,22.71,0.0
842,7,0,3.5,0,0,0,23.71,0.0
843,7,0,3.5,0,1,0,24.71,0.0
844,7,0,3.5,0,0,1,25.71,0.0
845,7,0,3.5,0,1,0,26.71,0.0
846,7,0,3.5,0,0,1,27.71,0.0
847,7,0,3.5,0,1,0,28.71,0.0
848,7,0,3.5,0,0,1,29.71,0.0
849,7,0,3.5,0,1,1,30.71,0.0
850,7,0,3.5,0,0,0,31.71,0.0
851,7,0,3.5,0,1,1,32.71,0.0
852,7,0,3.5,0,0,0,33.71,0.0
853,7,0,3.5,0,1,1,34.71,0.0
854,7,0,3.5,0,0,0,35.71,0.0
855,7,0,3.5,0,1,1,36.71,0.0
856,7,0,3.5,0,0,0,37.71,0.0
857,7,0,3.5,0,1,1,38.71,0.0
858,7,0,3.5,0,0,0,39.71,0.0
859,7,0,3.5,0,1,1,40.71,0.0
860,7,0,3.5,0,0,0,41.71,0.0
861,7,0,3.5,0,1,1,42.71,0.0
862,6,0,3.0,0,0,1,42.67,0.0
863,5,0,2.5,0,1,0,35.83,0.0
864,4,1,1.5,0,0,0,28.83,0.25
865,3,1,1.0,0,0,0,26.0,0.5
866,2,2,0.0,0,1,0,17.4,0.8
867,1,3,1.0,0,0,0,8.8,1.4
868,0,3,1.5,0,0,0,0.0,2.0
869,0,4,2.0,0,0,0,0.0,2.8
870,0,4,2.0,0,0,1,0.0,3.6
871,0,5,2.5,0,0,0,0.0,4.6
872,0,5,2.5,1,0,1,0.0,5.6
873,0,5,2.5,0,0,1,0.0,6.6
874,0,5,2.5,0,0,0,0.0,7.6
875,0,5,2.5,1,0,1,0.0,8.6
876,0,5,2.5,0,0,0,0.0,9.6
877,0,5,2.5,1,0,0,0.0,10.6
878,0,5,2.5,0,0,1,0.0,11.6
879,0,5,2.5,1,0,1,0.0,12.6
880,0,5,2.5,0,0,0,0.0,13.6
881,0,5,2.5,1,0,0,0.0,14.6
882,0,5,2.5,0,0,1,0.0,15.6
883,0,5,2.5,1,0,1,0.0,16.6
884,0,5,2.5,0,0,0,0.0,17.6
885,0,5,2.5,1,0,0,0.0,18.6
886,0,5,2.5,0,0,1,0.0,19.6
887,0,5,2.5,1,0,1,0.0,20.6
888,0,5,2.5,0,0,0,0.0,21.6
889,0,5,2.5,1,0,1,0.0,22.6
890,0,5,2.5,0,0,0,0.0,23.6
891,0,5,2.5,1,0,1,0.0,24.6
892,0,5,2.5,0,0,0,0.0,25.6
893,0,5,2.5,1,0,1,0.0,26.6
894,0,5,2.5,0,0,0,0.0,27.6
895,0,5,2.5,1,0,1,0.0,28.6
896,0,5,2.5,0,0,0,0.0,29.6
897,0,5,2.5,1,0,0,0.0,30.6
898,0,5,2.5,0,0,0,0.0,31.6
899,0,5,2.5,1,0,1,0.0,32.6
900,0,5,2.5,0,0,0,0.0,33.6
901,0,5,2.5,1,0,1,0.0,34.6
902,0,5,2.5,0,0,0,0.0,35.6
903,0,5,2.5,1,0,1,0.0,36.6
904,0,5,2.5,0,0,1,0.0,37.6
905,0,5,2.5,1,0,0,0.0,38.6
906,0,5,2.5,0,0,1,0.0,39.6
907,0,5,2.5,1,0,0,0.0,40.6
908,0,5,2.5,1,0,1,0.0,41.6
909,1,5,2.0,0,0,0,0.25,42.6
910,1,4,1.5,1,0,1,0.4,42.75
911,1,3,1.0,0,0,1,0.6,32.25
912,1,2,0.5,1,0,0,0.67,21.5
913,2,1,0.5,0,0,0,1.0,14.33
914,3,0,1.5,0,0,0,1.5,0.0
915,3,0,1.5,1,0,0,1.71,0.0
916,4,0,2.0,0,0,0,2.29,0.0
917,4,0,2.0,0,0,1,2.86,0.0
918,5,0,2.5,0,1,0,3.57,0.0
919,6,0,3.0,0,0,1,4.43,0.0
920,7,0,3.5,0,1,0,5.43,0.0
921,7,0,3.5,0,0,1,6.43,0.0
922,7,0,3.5,0,1,0,7.43,0.0
923,7,0,3.5,0,0,1,8.43,0.0
924,7,0,3.5,0,1,1,9.43,0.0
925,7,0,3.5,0,0,0,10.43,0.0
926,7,0,3.5,0,1,0,11.43,0.0
927,7,0,3.5,0,0,1,12.43,0.0
928,7,0,3.5,0,1,1,13.43,0.0
929,7,0,3.5,0,0,0,14.43,0.0
930,7,0,3.5,0,1,1,15.43,0.0
931,7,0,3.5,0,0,0,16.43,0.0
932,7,0,3.5,0,1,1,17.43,0.0
933,7,0,3.5,0,0,1,18.43,0.0
934,7,0,3.5,0,1,0,19.43,0.0
935,7,0,3.5,0,0,1,20.43,0.0
936,7,0,3.5,0,1,0,21.43,0.0
937,7,0,3.5,0,0,1,22.43,0.0
938,7,0,3.5,0,1,0,23.43,0.0
939,7,0,3.5,0,0,0,24.43,0.0
940,7,0,3.5,0,1,1,25.43,0.0
941,7,0,3.5,0,0,1,26.43,0.0
942,7,0,3.5,0,1,0,27.43,0.0
943,7,0,3.5,0,0,1,28.43,0.0
944,7,0,3.5,0,1,0,29.43,0.0
945,7,0,3.5,0,0,1,30.43,0.0
946,7,0,3.5,0,1,0,31.43,0.0
947,7,0,3.5,0,0,1,32.43,0.0
948,7,0,3.5,0,1,0,33.43,0.0
949,7,0,3.5,0,0,0,34.43,0.0
950,7,0,3.5,0,1,1,35.43,0.0
951,7,0,3.5,0,0,0,36.43,0.0
952,7,0,3.5,0,1,1,37.43,0.0
953,7,0,3.5,0,0,1,38.43,0.0
954,7,0,3.5,0,1,0,39.43,0.0
955,7,0,3.5,0,0,0,40.43,0.0
956,7,0,3.5,0,1,1,41.43,0.0
957,7,0,3.5,0,0,1,42.43,0.0
958,6,0,3.0,0,1,0,42.33,0.0
959,5,0,2.5,0,0,1,35.5,0.0
960,4,1,1.5,0,1,0,28.5,0.25
961,3,1,1.0,0,0,0,25.8,0.5
962,2,1,0.5,0,0,0,17.4,0.75
963,1,2,0.5,0,1,0,11.0,1.0
964,0,3,1.5,0,0,0,0.0,1.6
965,0,3,1.5,0,0,0,0.0,2.2
966,0,5,2.5,0,0,1,0.0,3.2
967,0,4,2.0,0,0,1,0.0,3.8
968,0,5,2.5,0,0,0,0.0,4.8
969,0,5,2.5,1,0,1,0.0,5.8
970,0,5,2.5,0,0,0,0.0,6.8
971,0,5,2.5,1,0,1,0.0,7.8
972,0,5,2.5,0,0,0,0.0,8.8
973,0,5,2.5,0,0,0,0.0,9.8
974,0,5,2.5,1,0,1,0.0,10.8
975,0,5,2.5,0,0,1,0.0,11.8
976,0,5,2.5,1,0,0,0.0,12.8
977,0,5,2.5,0,0,1,0.0,13.8
978,0,5,2.5,1,0,0,0.0,14.8
979,0,5,2.5,0,0,1,0.0,15.8
980,0,5,2.5,1,0,0,0.0,16.8
981,0,5,2.5,0,0,1,0.0,17.8
982,0,5,2.5,1,0,0,0.0,18.8
983,0,5,2.5,0,0,1,0.0,19.8
984,0,5,2.5,1,0,0,0.0,20.8
985,0,5,2.5,0,0,0,0.0,21.8
986,0,5,2.5,1,0,1,0.0,22.8
987,0,5,2.5,0,0,0,0.0,23.8
988,0,5,2.5,1,0,1,0.0,24.8
989,0,5,2.5,0,0,0,0.0,25.8
990,0,5,2.5,1,0,1,0.0,26.8
991,0,5,2.5,0,0,1,0.0,27.8
992,0,5,2.5,1,0,0,0.0,28.8
993,0,5,2.5,0,0,1,0.0,29.8
994,0,5,2.5,1,0,0,0.0,30.8
995,0,5,2.5,0,0,1,0.0,31.8
996,0,5,2.5,1,0,0,0.0,32.8
997,0,5,2.5,0,0,1,0.0,33.8
998,0,5,2.5,1,0,0,0.0,34.8
999,0,5,2.5,0,0,1,0.0,35.8
1000,0,5,2.5,1,0,0,0.0,36.8
1001,0,5,2.5,0,0,1,0.0,37.8
1002,0,5,2.5,1,0,0,0.0,38.8
1003,0,5,2.5,0,0,1,0.0,39.8
1004,0,5,2.5,1,0,0,0.0,40.8
1005,0,5,2.5,1,0,0,0.0,41.8
1006,0,4,2.0,1,0,0,0.0,41.75
1007,0,3,1.5,0,0,1,0.0,31.5
1008,1,2,0.5,1,0,0,0.17,21.0
1009,1,1,0.0,0,0,1,0.33,14.0
1010,1,0,0.5,0,0,0,0.5,0.0
1011,2,0,1.0,0,0,0,0.83,0.0
1012,3,0,1.5,1,0,0,1.14,0.0
1013,3,0,1.5,0,0,1,1.57,0.0
1014,4,0,2.0,0,1,0,2.14,0.0
1015,5,0,2.5,0,0,1,2.86,0.0
1016,6,0,3.0,0,1,1,3.71,0.0
1017,7,0,3.5,0,0,0,4.71,0.0
1018,7,0,3.5,0,1,1,5.71,0.0
1019,7,0,3.5,0,0,0,6.71,0.0
1020,7,0,3.5,0,1,1,7.71,0.0
1021,7,0,3.5,0,0,0,8.71,0.0
1022,7,0,3.5,0,1,1,9.71,0.0
1023,7,0,3.5,0,0,1,10.71,0.0
1024,7,0,3.5,0,1,0,11.71,0.0
1025,7,0,3.5,0,0,1,12.71,0.0
1026,7,0,3.5,0,1,0,13.71,0.0
1027,7,0,3.5,0,0,1,14.71,0.0
1028,7,0,3.5,0,1,0,15.71,0.0
1029,7,0,3.5,0,0,1,16.71,0.0
1030,7,0,3.5,0,1,0,17.71,0.0
1031,7,0,3.5,0,0,1,18.71,0.0
1032,7,0,3.5,0,1,0,19.71,0.0
1033,7,0,3.5,0,0,1,20.71,0.0
1034,7,0,3.5,0,1,0,21.71,0.0
1035,7,0,3.5,0,0,1,22.71,0.0
1036,7,0,3.5,0,1,0,23.71,0.0
1037,7,0,3.5,0,0,1,24.71,0.0
1038,7,0,3.5,0,1,0,25.71,0.0
1039,7,0,3.5,0,0,1,26.71,0.0
1040,7,0,3.5,0,1,0,27.71,0.0
1041,7,0,3.5,0,0,1,28.71,0.0
1042,7,0,3.5,0,1,0,29.71,0.0
1043,7,0,3.5,0,0,1,30.71,0.0
1044,7,0,3.5,0,1,0,31.71,0.0
1045,7,0,3.5,0,0,1,32.71,0.0
1046,7,0,3.5,0,1,0,33.71,0.0
1047,7,0,3.5,0,0,0,34.71,0.0
1048,7,0,3.5,0,1,1,35.71,0.0
1049,7,0,3.5,0,0,1,36.71,0.0
1050,7,0,3.5,0,1,0,37.71,0.0
1051,7,0,3.5,0,0,1,38.71,0.0
1052,7,0,3.5,0,1,0,39.71,0.0
1053,7,0,3.5,0,0,0,40.71,0.0
1054,6,0,3.0,0,1,1,40.83,0.0
1055,5,0,2.5,0,0,1,34.33,0.0
1056,4,0,2.0,0,1,0,27.67,0.0
1057,3,1,1.0,0,0,0,25.2,0.25
1058,2,2,0.0,0,1,0,17.0,0.6
1059,1,3,1.0,0,0,0,8.6,1.2
1060,0,3,1.5,0,0,0,0.0,1.8
1061,0,4,2.0,0,0,0,0.0,2.6
1062,0,4,2.0,0,0,1,0.0,3.4
1063,0,4,2.0,0,0,0,0.0,4.2
1064,0,5,2.5,1,0,1,0.0,5.2
1065,0,5,2.5,0,0,0,0.0,6.2
1066,0,5,2.5,0,0,1,0.0,7.2
1067,0,5,2.5,1,0,0,0.0,8.2
1068,0,5,2.5,0,0,1,0.0,9.2
1069,0,5,2.5,1,0,0,0.0,10.2
1070,0,5,2.5,0,0,1,0.0,11.2
1071,0,5,2.5,1,0,0,0.0,12.2
1072,0,5,2.5,0,0,1,0.0,13.2
1073,0,5,2.5,1,0,1,0.0,14.2
1074,0,5,2.5,0,0,0,0.0,15.2
1075,0,5,2.5,1,0,1,0.0,16.2
1076,0,5,2.5,0,0,0,0.0,17.2
1077,0,5,2.5,1,0,0,0.0,18.2
1078,0,5,2.5,0,0,1,0.0,19.2
1079,0,5,2.5,1,0,1,0.0,20.2
1080,0,5,2.5,0,0,0,0.0,21.2
1081,0,5,2.5,1,0,1,0.0,22.2
1082,0,5,2.5,0,0,0,0.0,23.2
1083,0,5,2.5,1,0,1,0.0,24.2
1084,0,5,2.5,0,0,0,0.0,25.2
1085,0,5,2.5,1,0,1,0.0,26.2
1086,0,5,2.5,0,0,1,0.0,27.2
1087,0,5,2.5,1,0,0,0.0,28.2
1088,0,5,2.5,0,0,0,0.0,29.2
1089,0,5,2.5,1,0,1,0.0,30.2
1090,0,5,2.5,0,0,1,0.0,31.2
1091,0,5,2.5,1,0,0,0.0,32.2
1092,0,5,2.5,0,0,1,0.0,33.2
1093,0,5,2.5,1,0,0,0.0,34.2
1094,0,5,2.5,0,0,0,0.0,35.2
1095,0,5,2.5,1,0,0,0.0,36.2
1096,0,5,2.5,0,0,1,0.0,37.2
1097,0,5,2.5,1,0,0,0.0,38.2
1098,0,5,2.5,0,0,1,0.0,39.2
1099,0,5,2.5,1,0,0,0.0,40.2
1100,0,5,2.5,1,0,1,0.0,41.2
1101,1,5,2.0,0,0,0,0.25,42.2
1102,1,4,1.5,1,0,1,0.4,42.5
1103,1,3,1.0,0,0,0,0.6,32.0
1104,1,2,0.5,1,0,1,0.67,21.25
1105,2,1,0.5,0,0,0,1.0,14.0
1106,2,0,1.0,0,0,0,1.33,0.0
1107,3,0,1.5,1,0,0,1.57,0.0
1108,4,0,2.0,0,0,1,2.14,0.0
1109,5,0,2.5,0,1,0,2.86,0.0
1110,6,0,3.0,0,0,1,3.71,0.0
1111,6,0,3.0,0,1,0,4.57,0.0
1112,7,0,3.5,0,0,1,5.57,0.0
1113,7,0,3.5,0,1,0,6.57,0.0
1114,7,0,3.5,0,0,1,7.57,0.0
1115,7,0,3.5,0,1,0,8.57,0.0
1116,7,0,3.5,0,0,1,9.57,0.0
1117,7,0,3.5,0,1,1,10.57,0.0
1118,7,0,3.5,0,0,0,11.57,0.0
1119,7,0,3.5,0,1,0,12.57,0.0
1120,7,0,3.5,0,0,1,13.57,0.0
1121,7,0,3.5,0,1,1,14.57,0.0
1122,7,0,3.5,0,0,0,15.57,0.0
1123,7,0,3.5,0,1,1,16.57,0.0
1124,7,0,3.5,0,0,0,17.57,0.0
1125,7,0,3.5,0,1,1,18.57,0.0
1126,7,0,3.5,0,0,1,19.57,0.0
1127,7,0,3.5,0,1,0,20.57,0.0
1128,7,0,3.5,0,0,1,21.57,0.0
1129,7,0,3.5,0,1,0,22.57,0.0
1130,7,0,3.5,0,0,1,23.57,0.0
1131,7,0,3.5,0,1,0,24.57,0.0
1132,7,0,3.5,0,0,0,25.57,0.0
1133,7,0,3.5,0,1,1,26.57,0.0
1134,7,0,3.5,0,0,1,27.57,0.0
1135,7,0,3.5,0,1,0,28.57,0.0
1136,7,0,3.5,0,0,1,29.57,0.0
1137,7,0,3.5,0,1,0,30.57,0.0
1138,7,0,3.5,0,0,1,31.57,0.0
1139,7,0,3.5,0,1,0,32.57,0.0
1140,7,0,3.5,0,0,1,33.57,0.0
1141,7,0,3.5,0,1,0,34.57,0.0
1142,7,0,3.5,0,0,1,35.57,0.0
1143,7,0,3.5,0,1,0,36.57,0.0
1144,7,0,3.5,0,0,1,37.57,0.0
1145,7,0,3.5,0,1,0,38.57,0.0
1146,7,0,3.5,0,0,1,39.57,0.0
1147,7,0,3.5,0,1,0,40.57,0.0
1148,7,0,3.5,0,0,0,41.57,0.0
1149,7,0,3.5,0,1,0,42.57,0.0
1150,6,0,3.0,0,1,1,42.5,0.0
1151,5,1,2.0,0,0,0,35.67,0.25
1152,4,1,1.5,0,0,1,28.83,0.5
1153,3,2,0.5,0,1,0,26.2,0.8
1154,2,3,0.5,0,0,0,17.6,1.4
1155,1,3,1.0,0,0,0,11.0,2.0
1156,0,3,1.5,0,0,0,0.0,2.6
1157,0,4,2.0,0,0,0,0.0,3.4
1158,0,5,2.5,0,0,1,0.0,4.4
1159,0,5,2.5,0,0,0,0.0,5.4
1160,0,5,2.5,1,0,1,0.0,6.4
1161,0,5,2.5,0,0,0,0.0,7.4
1162,0,5,2.5,1,0,1,0.0,8.4
1163,0,5,2.5,0,0,0,0.0,9.4
1164,0,5,2.5,0,0,1,0.0,10.4
1165,0,5,2.5,1,0,0,0.0,11.4
1166,0,5,2.5,0,0,1,0.0,12.4
1167,0,5,2.5,1,0,0,0.0,13.4
1168,0,5,2.5,0,0,1,0.0,14.4
1169,0,5,2.5,1,0,1,0.0,15.4
1170,0,5,2.5,0,0,0,0.0,16.4
1171,0,5,2.5,1,0,1,0.0,17.4
1172,0,5,2.5,0,0,0,0.0,18.4
1173,0,5,2.5,1,0,1,0.0,19.4
1174,0,5,2.5,0,0,0,0.0,20.4
1175,0,5,2.5,1,0,1,0.0,21.4
1176,0,5,2.5,0,0,1,0.0,22.4
1177,0,5,2.5,1,0,0,0.0,23.4
1178,0,5,2.5,0,0,1,0.0,24.4
1179,0,5,2.5,1,0,0,0.0,25.4
1180,0,5,2.5,0,0,1,0.0,26.4
1181,0,5,2.5,1,0,0,0.0,27.4
1182,0,5,2.5,0,0,0,0.0,28.4
1183,0,5,2.5,1,0,1,0.0,29.4
1184,0,5,2.5,0,0,0,0.0,30.4
1185,0,5,2.5,1,0,1,0.0,31.4
1186,0,5,2.5,0,0,0,0.0,32.4
1187,0,5,2.5,1,0,1,0.0,33.4
1188,0,5,2.5,0,0,0,0.0,34.4
1189,0,5,2.5,1,0,0,0.0,35.4
1190,0,5,2.5,0,0,1,0.0,36.4
1191,0,5,2.5,1,0,0,0.0,37.4
1192,0,5,2.5,0,0,1,0.0,38.4
1193,0,5,2.5,1,0,0,0.0,39.4
1194,0,5,2.5,0,0,1,0.0,40.4
1195,0,5,2.5,1,0,0,0.0,41.4
1196,0,5,2.5,1,0,1,0.0,42.4
1197,0,5,2.5,0,0,0,0.0,43.4
1198,0,4,2.0,1,0,1,0.0,43.5
1199,0,3,1.5,0,0,0,0.0,32.75
1200,1,2,0.5,1,0,1,0.17,21.75
1201,1,1,0.0,0,0,0,0.33,14.67
1202,2,0,1.0,0,0,0,0.67,0.0
1203,3,0,1.5,1,0,0,1.0,0.0
1204,4,0,2.0,0,0,1,1.57,0.0
1205,4,0,2.0,0,1,0,2.14,0.0
1206,5,0,2.5,0,0,1,2.86,0.0
1207,6,0,3.0,0,0,0,3.71,0.0
1208,6,0,3.0,0,1,1,4.57,0.0
1209,7,0,3.5,0,0,0,5.57,0.0
1210,7,0,3.5,0,1,1,6.57,0.0
1211,7,0,3.5,0,0,0,7.57,0.0
1212,7,0,3.5,0,1,1,8.57,0.0
1213,7,0,3.5,0,0,0,9.57,0.0
1214,7,0,3.5,0,1,1,10.57,0.0
1215,7,0,3.5,0,0,0,11.57,0.0
1216,7,0,3.5,0,1,1,12.57,0.0
1217,7,0,3.5,0,0,0,13.57,0.0
1218,7,0,3.5,0,1,1,14.57,0.0
1219,7,0,3.5,0,0,1,15.57,0.0
1220,7,0,3.5,0,1,0,16.57,0.0
1221,7,0,3.5,0,0,1,17.57,0.0
1222,7,0,3.5,0,1,0,18.57,0.0
1223,7,0,3.5,0,0,1,19.57,0.0
1224,7,0,3.5,0,1,0,20.57,0.0
1225,7,0,3.5,0,0,1,21.57,0.0
1226,7,0,3.5,0,1,0,22.57,0.0
1227,7,0,3.5,0,0,1,23.57,0.0
1228,7,0,3.5,0,1,0,24.57,0.0
1229,7,0,3.5,0,0,1,25.57,0.0
1230,7,0,3.5,0,1,0,26.57,0.0
1231,7,0,3.5,0,0,1,27.57,0.0
1232,7,0,3.5,0,1,0,28.57,0.0
1233,7,0,3.5,0,0,1,29.57,0.0
1234,7,0,3.5,0,1,0,30.57,0.0
1235,7,0,3.5,0,0,0,31.57,0.0
1236,7,0,3.5,0,1,1,32.57,0.0
1237,7,0,3.5,0,0,0,33.57,0.0
1238,7,0,3.5,0,1,1,34.57,0.0
1239,7,0,3.5,0,0,0,35.57,0.0
1240,7,0,3.5,0,1,1,36.57,0.0
1241,7,0,3.5,0,0,0,37.57,0.0
1242,7,0,3.5,0,1,1,38.57,0.0
1243,7,0,3.5,0,0,1,39.57,0.0
1244,7,0,3.5,0,0,0,40.57,0.0
1245,7,0,3.5,0,0,1,41.57,0.0
1246,6,0,3.0,0,0,0,41.83,0.0
1247,5,0,2.5,0,0,1,35.17,0.0
1248,4,1,1.5,0,0,0,28.33,1.0
1249,3,1,1.0,0,0,0,25.6,2.0
1250,2,1,0.5,0,0,0,17.2,3.0
1251,1,1,0.0,0,0,0,10.75,4.0
1252,0,1,0.5,0,0,0,0.0,5.0
1253,0,1,0.5,0,0,0,0.0,6.0
1254,0,1,0.5,0,0,1,0.0,7.0
1255,0,1,0.5,0,0,0,0.0,8.0
1256,0,1,0.5,1,0,1,0.0,9.0
1257,0,1,0.5,0,0,0,0.0,10.0
1258,0,1,0.5,0,0,1,0.0,11.0
1259,0,1,0.5,1,0,0,0.0,12.0
1260,0,1,0.5,0,0,1,0.0,13.0
1261,0,1,0.5,1,0,1,0.0,14.0
1262,0,1,0.5,0,0,0,0.0,15.0
1263,0,1,0.5,1,0,1,0.0,16.0
1264,0,1,0.5,0,0,0,0.0,17.0
1265,0,1,0.5,1,0,1,0.0,18.0
1266,0,1,0.5,0,0,1,0.0,19.0
1267,0,1,0.5,1,0,0,0.0,20.0
1268,0,1,0.5,0,0,1,0.0,21.0
1269,0,1,0.5,1,0,0,0.0,22.0
1270,0,1,0.5,0,0,1,0.0,23.0
1271,0,1,0.5,1,0,0,0.0,24.0
1272,0,1,0.5,0,0,1,0.0,25.0
1273,0,1,0.5,1,0,0,0.0,26.0
1274,0,1,0.5,0,0,1,0.0,27.0
1275,0,1,0.5,1,0,0,0.0,28.0
1276,0,1,0.5,0,0,1,0.0,29.0
1277,0,1,0.5,1,0,0,0.0,30.0
1278,0,1,0.5,0,0,0,0.0,31.0
1279,0,1,0.5,1,0,1,0.0,32.0
1280,0,1,0.5,0,0,1,0.0,33.0
1281,0,1,0.5,1,0,0,0.0,34.0
1282,0,1,0.5,0,0,1,0.0,35.0
1283,0,1,0.5,1,0,0,0.0,36.0
1284,0,1,0.5,0,0,1,0.0,37.0
1285,0,1,0.5,1,0,0,0.0,38.0
1286,0,1,0.5,0,0,0,0.0,39.0
1287,0,1,0.5,1,0,1,0.0,40.0
1288,0,1,0.5,0,0,0,0.0,41.0
1289,0,1,0.5,1,0,0,0.0,42.0
1290,0,1,0.5,0,0,1,0.0,43.0
1291,0,1,0.5,1,0,1,0.0,44.0
1292,0,1,0.5,0,0,0,0.0,45.0
1293,0,1,0.5,1,0,1,0.0,46.0
1294,0,0,0.0,0,0,0,0.0,0.0
1295,0,0,0.0,1,0,1,0.0,0.0
1296,1,0,0.5,0,0,0,0.25,0.0
1297,1,0,0.5,1,0,1,0.4,0.0
1298,1,0,0.5,0,0,0,0.6,0.0
1299,2,0,1.0,1,0,0,0.83,0.0
1300,2,0,1.0,0,0,0,1.17,0.0
1301,3,0,1.5,0,0,1,1.67,0.0
1302,3,0,1.5,1,0,0,1.86,0.0
1303,4,0,2.0,0,0,0,2.43,0.0
1304,4,0,2.0,0,0,0,3.0,0.0
1305,5,0,2.5,0,0,0,3.71,0.0
1306,6,0,3.0,0,0,0,4.57,0.0
1307,6,0,3.0,0,0,0,5.43,0.0
1308,7,0,3.5,0,0,0,6.43,0.0
1309,7,0,3.5,0,0,0,7.43,0.0
1310,7,0,3.5,0,0,0,8.43,0.0
1311,7,0,3.5,0,0,0,9.43,0.0
1312,7,0,3.5,0,0,0,10.43,0.0
1313,7,0,3.5,0,0,0,11.43,0.0
1314,7,0,3.5,0,0,0,12.43,0.0
1315,7,0,3.5,0,0,0,13.43,0.0
1316,7,0,3.5,0,0,0,14.43,0.0
1317,7,0,3.5,0,0,0,15.43,0.0
1318,7,0,3.5,0,0,0,16.43,0.0
1319,7,0,3.5,0,0,0,17.43,0.0
1320,7,0,3.5,0,0,0,18.43,0.0
1321,7,0,3.5,0,0,0,19.43,0.0
1322,7,0,3.5,0,0,0,20.43,0.0
1323,7,0,3.5,0,0,0,21.43,0.0
1324,7,0,3.5,0,0,0,22.43,0.0
1325,7,0,3.5,0,0,0,23.43,0.0
1326,7,0,3.5,0,0,0,24.43,0.0
1327,7,0,3.5,0,0,0,25.43,0.0
1328,7,0,3.5,0,0,0,26.43,0.0
1329,7,0,3.5,0,0,0,27.43,0.0
1330,7,0,3.5,0,0,0,28.43,0.0
1331,7,0,3.5,0,0,0,29.43,0.0
1332,7,0,3.5,0,0,0,30.43,0.0
1333,7,0,3.5,0,0,0,31.43,0.0
1334,7,0,3.5,0,0,0,32.43,0.0
1335,7,0,3.5,0,0,0,33.43,0.0
1336,7,0,3.5,0,0,0,34.43,0.0
1337,7,0,3.5,0,0,0,35.43,0.0
1338,7,0,3.5,0,0,0,36.43,0.0
1339,7,0,3.5,0,0,0,37.43,0.0
1340,7,0,3.5,0,0,0,38.43,0.0
1341,7,0,3.5,0,0,0,39.43,0.0
1342,6,0,3.0,0,0,0,39.33,0.0
1343,5,0,2.5,0,0,0,32.83,0.0
1344,4,0,2.0,0,0,0,26.33,0.0
1345,3,0,1.5,0,0,0,23.8,0.0
1346,2,0,1.0,0,0,0,16.0,0.0
1347,1,0,0.5,0,0,0,8.0,0.0
1348,0,0,0.0,0,0,0,0.0,0.0
1349,0,0,0.0,0,0,1,0.0,0.0
1350,0,0,0.0,0,0,0,0.0,0.0
1351,0,0,0.0,0,0,1,0.0,0.0
1352,0,0,0.0,1,0,0,0.0,0.0
1353,0,0,0.0,0,0,1,0.0,0.0
1354,0,0,0.0,0,0,0,0.0,0.0
1355,0,0,0.0,1,0,0,0.0,0.0
1356,0,0,0.0,0,0,1,0.0,0.0
1357,0,0,0.0,1,0,0,0.0,0.0
1358,0,0,0.0,0,0,1,0.0,0.0
1359,0,0,0.0,1,0,0,0.0,0.0
1360,0,0,0.0,0,0,1,0.0,0.0
1361,0,0,0.0,1,0,0,0.0,0.0
1362,0,0,0.0,0,0,1,0.0,0.0
1363,0,0,0.0,1,0,1,0.0,0.0
1364,0,0,0.0,0,0,0,0.0,0.0
1365,0,0,0.0,1,0,1,0.0,0.0
1366,0,0,0.0,0,0,0,0.0,0.0
1367,0,0,0.0,1,0,1,0.0,0.0
1368,0,0,0.0,0,0,1,0.0,0.0
1369,0,0,0.0,1,0,0,0.0,0.0
1370,0,0,0.0,0,0,0,0.0,0.0
1371,0,0,0.0,0,0,1,0.0,0.0
1372,0,0,0.0,1,0,1,0.0,0.0
1373,0,0,0.0,0,0,0,0.0,0.0
1374,0,0,0.0,1,0,0,0.0,0.0
1375,0,0,0.0,0,0,0,0.0,0.0
1376,0,0,0.0,1,0,1,0.0,0.0
1377,0,0,0.0,0,0,0,0.0,0.0
1378,0,0,0.0,1,0,1,0.0,0.0
1379,0,0,0.0,0,0,0,0.0,0.0
1380,0,0,0.0,1,0,0,0.0,0.0
1381,0,0,0.0,0,0,1,0.0,0.0
1382,0,0,0.0,1,0,0,0.0,0.0
1383,0,0,0.0,0,0,1,0.0,0.0
1384,0,0,0.0,1,0,0,0.0,0.0
1385,0,0,0.0,0,0,1,0.0,0.0
1386,0,0,0.0,1,0,0,0.0,0.0
1387,0,0,0.0,0,0,1,0.0,0.0
1388,0,0,0.0,1,0,1,0.0,0.0
1389,0,0,0.0,1,0,0,0.0,0.0
1390,0,0,0.0,0,0,1,0.0,0.0
1391,0,0,0.0,1,0,0,0.0,0.0
1392,1,0,0.5,0,0,1,0.2,0.0
1393,2,0,1.0,1,0,0,0.5,0.0
1394,2,0,1.0,0,0,0,0.83,0.0
1395,3,0,1.5,0,0,0,1.33,0.0
1396,4,0,2.0,1,0,0,1.71,0.0
1397,4,0,2.0,0,0,0,2.29,0.0
1398,5,0,2.5,0,0,0,3.0,0.0
1399,5,0,2.5,0,0,0,3.71,0.0
1400,6,0,3.0,0,0,0,4.57,0.0
1401,7,0,3.5,0,0,0,5.57,0.0
1402,7,0,3.5,0,0,0,6.57,0.0
1403,7,0,3.5,0,0,0,7.57,0.0
1404,7,0,3.5,0,0,0,8.57,0.0
1405,7,0,3.5,0,0,0,9.57,0.0
1406,7,0,3.5,0,0,0,10.57,0.0
1407,7,0,3.5,0,0,0,11.57,0.0
1408,7,0,3.5,0,0,0,12.57,0.0
1409,7,0,3.5,0,0,0,13.57,0.0
1410,7,0,3.5,0,0,0,14.57,0.0
1411,7,0,3.5,0,0,0,15.57,0.0
1412,7,0,3.5,0,0,0,16.57,0.0
1413,7,0,3.5,0,0,0,17.57,0.0
1414,7,0,3.5,0,0,0,18.57,0.0
1415,7,0,3.5,0,0,0,19.57,0.0
1416,7,0,3.5,0,0,0,20.57,0.0
1417,7,0,3.5,0,0,0,21.57,0.0
1418,7,0,3.5,0,0,0,22.57,0.0
1419,7,0,3.5,0,0,0,23.57,0.0
1420,7,0,3.5,0,0,0,24.57,0.0
1421,7,0,3.5,0,0,0,25.57,0.0
1422,7,0,3.5,0,0,0,26.57,0.0
1423,7,0,3.5,0,0,0,27.57,0.0
1424,7,0,3.5,0,0,0,28.57,0.0
1425,7,0,3.5,0,0,0,29.57,0.0
1426,7,0,3.5,0,0,0,30.57,0.0
1427,7,0,3.5,0,0,0,31.57,0.0
1428,7,0,3.5,0,0,0,32.57,0.0
1429,7,0,3.5,0,0,0,33.57,0.0
1430,7,0,3.5,0,0,0,34.57,0.0
1431,7,0,3.5,0,0,0,35.57,0.0
1432,7,0,3.5,0,0,0,36.57,0.0
1433,7,0,3.5,0,0,0,37.57,0.0
1434,7,0,3.5,0,0,0,38.57,0.0
1435,7,0,3.5,0,0,0,39.57,0.0
1436,7,0,3.5,0,0,0,40.57,0.0
1437,7,0,3.5,0,0,0,41.57,0.0
1438,6,0,3.0,0,0,0,41.83,0.0
1439,5,0,2.5,0,0,0,35.0,0.0
1440,4,0,2.0,0,0,0,28.17,0.0
1441,3,0,1.5,0,0,0,25.4,0.0
1442,2,0,1.0,0,0,0,17.0,0.0
1443,1,0,0.5,0,0,0,10.75,0.0
1444,0,0,0.0,0,0,0,0.0,0.0
1445,0,0,0.0,0,0,0,0.0,0.0
1446,0,0,0.0,0,0,1,0.0,0.0
1447,0,0,0.0,0,0,0,0.0,0.0
1448,0,0,0.0,1,0,1,0.0,0.0
1449,0,0,0.0,0,0,0,0.0,0.0
1450,0,0,0.0,0,0,1,0.0,0.0
1451,0,0,0.0,1,0,1,0.0,0.0
1452,0,0,0.0,0,0,0,0.0,0.0
1453,0,0,0.0,1,0,0,0.0,0.0
1454,0,0,0.0,0,0,1,0.0,0.0
1455,0,0,0.0,1,0,1,0.0,0.0
1456,0,0,0.0,0,0,0,0.0,0.0
1457,0,0,0.0,1,0,1,0.0,0.0
1458,0,0,0.0,0,0,0,0.0,0.0
1459,0,0,0.0,1,0,1,0.0,0.0
1460,0,0,0.0,0,0,0,0.0,0.0
1461,0,0,0.0,1,0,0,0.0,0.0
1462,0,0,0.0,0,0,1,0.0,0.0
1463,0,0,0.0,1,0,0,0.0,0.0
1464,0,0,0.0,0,0,1,0.0,0.0
1465,0,0,0.0,1,0,1,0.0,0.0
1466,0,0,0.0,0,0,0,0.0,0.0
1467,0,0,0.0,1,0,0,0.0,0.0
1468,0,0,0.0,0,0,0,0.0,0.0
1469,0,0,0.0,1,0,1,0.0,0.0
1470,0,0,0.0,0,0,0,0.0,0.0
1471,0,0,0.0,1,0,1,0.0,0.0
1472,0,0,0.0,0,0,0,0.0,0.0
1473,0,0,0.0,1,0,1,0.0,0.0
1474,0,0,0.0,0,0,0,0.0,0.0
1475,0,0,0.0,1,0,1,0.0,0.0
1476,0,0,0.0,0,0,1,0.0,0.0
1477,0,0,0.0,1,0,0,0.0,0.0
1478,0,0,0.0,0,0,1,0.0,0.0
1479,0,0,0.0,1,0,0,0.0,0.0
1480,0,0,0.0,0,0,1,0.0,0.0
1481,0,0,0.0,1,0,0,0.0,0.0
1482,0,0,0.0,0,0,1,0.0,0.0
1483,0,0,0.0,1,0,1,0.0,0.0
1484,0,0,0.0,0,0,0,0.0,0.0
1485,0,0,0.0,1,0,1,0.0,0.0
1486,0,0,0.0,1,0,0,0.0,0.0
1487,0,0,0.0,0,0,1,0.0,0.0
1488,0,0,0.0,1,0,0,0.0,0.0
1489,1,0,0.5,0,0,1,0.2,0.0
1490,1,0,0.5,1,0,0,0.33,0.0
1491,2,0,1.0,0,0,0,0.67,0.0
1492,3,0,1.5,0,0,0,1.17,0.0
1493,4,0,2.0,1,0,0,1.57,0.0
1494,4,0,2.0,0,0,0,2.14,0.0
1495,5,0,2.5,0,0,0,2.86,0.0
1496,6,0,3.0,0,0,0,3.71,0.0
1497,6,0,3.0,0,0,0,4.43,0.0
1498,6,0,3.0,0,0,0,5.14,0.0
1499,7,0,3.5,0,0,0,6.14,0.0
1500,7,0,3.5,0,0,0,7.14,0.0
1501,7,0,3.5,0,0,0,8.14,0.0
1502,7,0,3.5,0,0,0,9.14,0.0
1503,7,0,3.5,0,0,0,10.14,0.0
1504,7,0,3.5,0,0,0,11.14,0.0
1505,7,0,3.5,0,0,0,12.14,0.0
1506,7,0,3.5,0,0,0,13.14,0.0
1507,7,0,3.5,0,0,0,14.14,0.0
1508,7,0,3.5,0,0,0,15.14,0.0
1509,7,0,3.5,0,0,0,16.14,0.0
1510,7,0,3.5,0,0,0,17.14,0.0
1511,7,0,3.5,0,0,0,18.14,0.0
1512,7,0,3.5,0,0,0,19.14,0.0
1513,7,0,3.5,0,0,0,20.14,0.0
1514,7,0,3.5,0,0,0,21.14,0.0
1515,7,0,3.5,0,0,0,22.14,0.0
1516,7,0,3.5,0,0,0,23.14,0.0
1517,7,0,3.5,0,0,0,24.14,0.0
1518,7,0,3.5,0,0,0,25.14,0.0
1519,7,0,3.5,0,0,0,26.14,0.0
1520,7,0,3.5,0,0,0,27.14,0.0
1521,7,0,3.5,0,0,0,28.14,0.0
1522,7,0,3.5,0,0,0,29.14,0.0
1523,7,0,3.5,0,0,0,30.14,0.0
1524,7,0,3.5,0,0,0,31.14,0.0
1525,7,0,3.5,0,0,0,32.14,0.0
1526,7,0,3.5,0,0,0,33.14,0.0
1527,7,0,3.5,0,0,0,34.14,0.0
1528,7,0,3.5,0,0,0,35.14,0.0
1529,7,0,3.5,0,0,0,36.14,0.0
1530,7,0,3.5,0,0,0,37.14,0.0
1531,7,0,3.5,0,0,0,38.14,0.0
1532,7,0,3.5,0,0,0,39.14,0.0
1533,7,0,3.5,0,0,0,40.14,0.0
1534,6,0,3.0,0,0,0,40.33,0.0
1535,5,0,2.5,0,0,0,33.83,0.0
1536,4,0,2.0,0,0,0,27.17,0.0
1537,3,0,1.5,0,0,0,24.4,0.0
1538,2,0,1.0,0,0,0,16.2,0.0
1539,1,0,0.5,0,0,0,8.2,0.0
1540,0,0,0.0,0,0,0,0.0,0.0
1541,0,0,0.0,0,0,0,0.0,0.0
1542,0,0,0.0,0,0,1,0.0,0.0
1543,0,0,0.0,0,0,0,0.0,0.0
1544,0,0,0.0,1,0,1,0.0,0.0
1545,0,0,0.0,0,0,1,0.0,0.0
1546,0,0,0.0,1,0,0,0.0,0.0
1547,0,0,0.0,0,0,0,0.0,0.0
1548,0,0,0.0,0,0,1,0.0,0.0
1549,0,0,0.0,1,0,1,0.0,0.0
1550,0,0,0.0,0,0,0,0.0,0.0
1551,0,0,0.0,1,0,1,0.0,0.0
1552,0,0,0.0,0,0,0,0.0,0.0
1553,0,0,0.0,1,0,1,0.0,0.0
1554,0,0,0.0,0,0,0,0.0,0.0
1555,0,0,0.0,1,0,1,0.0,0.0
1556,0,0,0.0,0,0,1,0.0,0.0
1557,0,0,0.0,1,0,0,0.0,0.0
1558,0,0,0.0,0,0,1,0.0,0.0
1559,0,0,0.0,1,0,0,0.0,0.0
1560,0,0,0.0,0,0,1,0.0,0.0
1561,0,0,0.0,1,0,0,0.0,0.0
1562,0,0,0.0,0,0,1,0.0,0.0
1563,0,0,0.0,1,0,0,0.0,0.0
1564,0,0,0.0,0,0,1,0.0,0.0
1565,0,0,0.0,1,0,0,0.0,0.0
1566,0,0,0.0,0,0,1,0.0,0.0
1567,0,0,0.0,1,0,0,0.0,0.0
1568,0,0,0.0,0,0,1,0.0,0.0
1569,0,0,0.0,1,0,0,0.0,0.0
1570,0,0,0.0,0,0,1,0.0,0.0
1571,0,0,0.0,1,0,0,0.0,0.0
1572,0,0,0.0,0,0,0,0.0,0.0
1573,0,0,0.0,1,0,0,0.0,0.0
1574,0,0,0.0,0,0,1,0.0,0.0
1575,0,0,0.0,1,0,0,0.0,0.0
1576,0,0,0.0,0,0,1,0.0,0.0
1577,0,0,0.0,1,0,1,0.0,0.0
1578,0,0,0.0,0,0,0,0.0,0.0
1579,0,0,0.0,1,0,1,0.0,0.0
1580,0,0,0.0,1,0,0,0.0,0.0
1581,0,0,0.0,0,0,1,0.0,0.0
1582,0,0,0.0,1,0,0,0.0,0.0
1583,1,0,0.5,1,0,1,0.2,0.0
1584,1,0,0.5,0,0,0,0.4,0.0
1585,2,0,1.0,1,0,1,0.67,0.0
1586,2,0,1.0,0,0,0,1.0,0.0
1587,2,0,1.0,0,0,0,1.33,0.0
1588,3,0,1.5,0,0,0,1.83,0.0
1589,4,0,2.0,1,0,0,2.14,0.0
1590,4,0,2.0,0,0,0,2.71,0.0
1591,5,0,2.5,0,0,0,3.43,0.0
1592,6,0,3.0,0,0,0,4.29,0.0
1593,6,0,3.0,0,0,0,5.14,0.0
1594,7,0,3.5,0,0,0,6.14,0.0
1595,7,0,3.5,0,0,0,7.14,0.0
1596,7,0,3.5,0,0,0,8.14,0.0
1597,7,0,3.5,0,0,0,9.14,0.0
1598,7,0,3.5,0,0,0,10.14,0.0
1599,7,0,3.5,0,0,0,11.14,0.0
1600,7,0,3.5,0,0,0,12.14,0.0
1601,7,0,3.5,0,0,0,13.14,0.0
1602,7,0,3.5,0,0,0,14.14,0.0
1603,7,0,3.5,0,0,0,15.14,0.0
1604,7,0,3.5,0,0,0,16.14,0.0
1605,7,0,3.5,0,0,0,17.14,0.0
1606,7,0,3.5,0,0,0,18.14,0.0
1607,7,0,3.5,0,0,0,19.14,0.0
1608,7,0,3.5,0,0,0,20.14,0.0
1609,7,0,3.5,0,0,0,21.14,0.0
1610,7,0,3.5,0,0,0,22.14,0.0
1611,7,0,3.5,0,0,0,23.14,0.0
1612,7,0,3.5,0,0,0,24.14,0.0
1613,7,0,3.5,0,0,0,25.14,0.0
1614,7,0,3.5,0,0,0,26.14,0.0
1615,7,0,3.5,0,0,0,27.14,0.0
1616,7,0,3.5,0,0,0,28.14,0.0
1617,7,0,3.5,0,0,0,29.14,0.0
1618,7,0,3.5,0,0,0,30.14,0.0
1619,7,0,3.5,0,0,0,31.14,0.0
1620,7,0,3.5,0,0,0,32.14,0.0
1621,7,0,3.5,0,0,0,33.14,0.0
1622,7,0,3.5,0,0,0,34.14,0.0
1623,7,0,3.5,0,0,0,35.14,0.0
1624,7,0,3.5,0,0,0,36.14,0.0
1625,7,0,3.5,0,0,0,37.14,0.0
1626,7,0,3.5,0,0,0,38.14,0.0
1627,7,0,3.5,0,0,0,39.14,0.0
1628,7,0,3.5,0,0,0,40.14,0.0
1629,7,0,3.5,0,0,0,41.14,0.0
1630,6,0,3.0,0,0,0,41.17,0.0
1631,5,0,2.5,0,0,0,34.33,0.0
1632,4,0,2.0,0,0,0,27.67,0.0
1633,3,0,1.5,0,0,0,25.0,0.0
1634,2,0,1.0,0,0,0,16.8,0.0
1635,1,0,0.5,0,0,0,8.4,0.0
1636,0,0,0.0,0,0,0,0.0,0.0
1637,0,0,0.0,0,0,0,0.0,0.0
1638,0,0,0.0,0,0,1,0.0,0.0
1639,0,0,0.0,0,0,0,0.0,0.0
1640,0,0,0.0,0,0,1,0.0,0.0
1641,0,0,0.0,1,0,0,0.0,0.0
1642,0,0,0.0,0,0,0,0.0,0.0
1643,0,0,0.0,1,0,0,0.0,0.0
1644,0,0,0.0,0,0,1,0.0,0.0
1645,0,0,0.0,1,0,0,0.0,0.0
1646,0,0,0.0,0,0,1,0.0,0.0
1647,0,0,0.0,1,0,1,0.0,0.0
1648,0,0,0.0,0,0,0,0.0,0.0
1649,0,0,0.0,1,0,1,0.0,0.0
1650,0,0,0.0,0,0,0,0.0,0.0
1651,0,0,0.0,1,0,1,0.0,0.0
1652,0,0,0.0,0,0,1,0.0,0.0
1653,0,0,0.0,1,0,0,0.0,0.0
1654,0,0,0.0,0,0,1,0.0,0.0
1655,0,0,0.0,1,0,0,0.0,0.0
1656,0,0,0.0,0,0,1,0.0,0.0
1657,0,0,0.0,1,0,0,0.0,0.0
1658,0,0,0.0,0,0,1,0.0,0.0
1659,0,0,0.0,1,0,1,0.0,0.0
1660,0,0,0.0,0,0,0,0.0,0.0
1661,0,0,0.0,1,0,1,0.0,0.0
1662,0,0,0.0,0,0,0,0.0,0.0
1663,0,0,0.0,1,0,0,0.0,0.0
1664,0,0,0.0,0,0,1,0.0,0.0
1665,0,0,0.0,1,0,0,0.0,0.0
1666,0,0,0.0,0,0,1,0.0,0.0
1667,0,0,0.0,1,0,1,0.0,0.0
1668,0,0,0.0,0,0,0,0.0,0.0
1669,0,0,0.0,1,0,1,0.0,0.0
1670,0,0,0.0,0,0,0,0.0,0.0
1671,0,0,0.0,1,0,1,0.0,0.0
1672,0,0,0.0,0,0,0,0.0,0.0
1673,0,0,0.0,1,0,1,0.0,0.0
1674,0,0,0.0,0,0,1,0.0,0.0
1675,0,0,0.0,1,0,0,0.0,0.0
1676,0,0,0.0,0,0,1,0.0,0.0
1677,0,0,0.0,1,0,0,0.0,0.0
1678,0,0,0.0,1,0,0,0.0,0.0
1679,0,0,0.0,0,0,1,0.0,0.0
1680,1,0,0.5,1,0,1,0.2,0.0
1681,1,0,0.5,0,0,0,0.4,0.0
1682,2,0,1.0,1,0,0,0.67,0.0
1683,3,0,1.5,0,0,0,1.17,0.0
1684,3,0,1.5,0,0,0,1.67,0.0
1685,3,0,1.5,1,0,0,1.86,0.0
1686,4,0,2.0,0,0,0,2.43,0.0
1687,6,0,3.0,0,0,0,3.29,0.0
1688,6,0,3.0,0,0,0,4.14,0.0
1689,6,0,3.0,0,0,0,5.0,0.0
1690,6,0,3.0,0,0,0,5.86,0.0
1691,7,0,3.5,0,0,0,6.86,0.0
1692,7,0,3.5,0,0,0,7.86,0.0
1693,7,0,3.5,0,0,0,8.86,0.0
1694,7,0,3.5,0,0,0,9.86,0.0
1695,7,0,3.5,0,0,0,10.86,0.0
1696,7,0,3.5,0,0,0,11.86,0.0
1697,7,0,3.5,0,0,0,12.86,0.0
1698,7,0,3.5,0,0,0,13.86,0.0
1699,7,0,3.5,0,0,0,14.86,0.0
1700,7,0,3.5,0,0,0,15.86,0.0
1701,7,0,3.5,0,0,0,16.86,0.0
1702,7,0,3.5,0,0,0,17.86,0.0
1703,7,0,3.5,0,0,0,18.86,0.0
1704,7,0,3.5,0,0,0,19.86,0.0
1705,7,0,3.5,0,0,0,20.86,0.0
1706,7,0,3.5,0,0,0,21.86,0.0
1707,7,0,3.5,0,0,0,22.86,0.0
1708,7,0,3.5,0,0,0,23.86,0.0
1709,7,0,3.5,0,0,0,24.86,0.0
1710,7,0,3.5,0,0,0,25.86,0.0
1711,7,0,3.5,0,0,0,26.86,0.0
1712,7,0,3.5,0,0,0,27.86,0.0
1713,7,0,3.5,0,0,0,28.86,0.0
1714,7,0,3.5,0,0,0,29.86,0.0
1715,7,0,3.5,0,0,0,30.86,0.0
1716,7,0,3.5,0,0,0,31.86,0.0
1717,7,0,3.5,0,0,0,32.86,0.0
1718,7,0,3.5,0,0,0,33.86,0.0
1719,7,0,3.5,0,0,0,34.86,0.0
1720,7,0,3.5,0,0,0,35.86,0.0
1721,7,0,3.5,0,0,0,36.86,0.0
1722,7,0,3.5,0,0,0,37.86,0.0
1723,7,0,3.5,0,0,0,38.86,0.0
1724,7,0,3.5,0,0,0,39.86,0.0
1725,7,0,3.5,0,0,0,40.86,0.0
1726,6,0,3.0,0,0,0,41.0,0.0
1727,5,0,2.5,0,0,0,34.33,0.0
1728,4,0,2.0,0,0,0,27.5,0.0
1729,3,0,1.5,0,0,0,25.0,0.0
1730,2,0,1.0,0,0,0,16.8,0.0
1731,1,0,0.5,0,0,0,8.2,0.0
1732,0,0,0.0,0,0,0,0.0,0.0
1733,0,0,0.0,0,0,0,0.0,0.0
1734,0,0,0.0,0,0,0,0.0,0.0
1735,0,0,0.0,0,0,1,0.0,0.0
1736,0,0,0.0,1,0,1,0.0,0.0
1737,0,0,0.0,0,0,0,0.0,0.0
1738,0,0,0.0,0,0,1,0.0,0.0
1739,0,0,0.0,1,0,0,0.0,0.0
1740,0,0,0.0,0,0,1,0.0,0.0
1741,0,0,0.0,1,0,0,0.0,0.0
1742,0,0,0.0,0,0,1,0.0,0.0
1743,0,0,0.0,1,0,1,0.0,0.0
1744,0,0,0.0,0,0,0,0.0,0.0
1745,0,0,0.0,1,0,0,0.0,0.0
1746,0,0,0.0,0,0,1,0.0,0.0
1747,0,0,0.0,1,0,1,0.0,0.0
1748,0,0,0.0,0,0,0,0.0,0.0
1749,0,0,0.0,1,0,1,0.0,0.0
1750,0,0,0.0,0,0,0,0.0,0.0
1751,0,0,0.0,1,0,1,0.0,0.0
1752,0,0,0.0,0,0,1,0.0,0.0
1753,0,0,0.0,1,0,0,0.0,0.0
1754,0,0,0.0,0,0,0,0.0,0.0
1755,0,0,0.0,1,0,1,0.0,0.0
1756,0,0,0.0,0,0,0,0.0,0.0
1757,0,0,0.0,1,0,1,0.0,0.0
1758,0,0,0.0,0,0,0,0.0,0.0
1759,0,0,0.0,1,0,1,0.0,0.0
1760,0,0,0.0,0,0,0,0.0,0.0
1761,0,0,0.0,1,0,1,0.0,0.0
1762,0,0,0.0,0,0,0,0.0,0.0
1763,0,0,0.0,1,0,1,0.0,0.0
1764,0,0,0.0,0,0,0,0.0,0.0
1765,0,0,0.0,1,0,1,0.0,0.0
1766,0,0,0.0,0,0,1,0.0,0.0
1767,0,0,0.0,1,0,0,0.0,0.0
1768,0,0,0.0,0,0,0,0.0,0.0
1769,0,0,0.0,1,0,1,0.0,0.0
1770,0,0,0.0,0,0,0,0.0,0.0
1771,0,0,0.0,1,0,1,0.0,0.0
1772,0,0,0.0,1,0,1,0.0,0.0
1773,0,0,0.0,0,0,0,0.0,0.0
1774,1,0,0.5,1,0,1,0.2,0.0
1775,2,0,1.0,0,0,0,0.6,0.0
1776,2,0,1.0,1,0,0,0.83,0.0
1777,2,0,1.0,0,0,0,1.17,0.0
1778,3,0,1.5,0,0,0,1.67,0.0
1779,3,0,1.5,1,0,0,1.86,0.0
1780,4,0,2.0,0,0,0,2.43,0.0
1781,5,0,2.5,0,0,0,3.14,0.0
1782,5,0,2.5,0,0,0,3.86,0.0
1783,6,0,3.0,0,0,0,4.71,0.0
1784,7,0,3.5,0,0,0,5.71,0.0
1785,7,0,3.5,0,0,0,6.71,0.0
1786,7,0,3.5,0,0,0,7.71,0.0
1787,7,0,3.5,0,0,0,8.71,0.0
1788,7,0,3.5,0,0,0,9.71,0.0
1789,7,0,3.5,0,0,0,10.71,0.0
1790,7,0,3.5,0,0,0,11.71,0.0
1791,7,0,3.5,0,0,0,12.71,0.0
1792,7,0,3.5,0,0,0,13.71,0.0
1793,7,0,3.5,0,0,0,14.71,0.0
1794,7,0,3.5,0,0,0,15.71,0.0
1795,7,0,3.5,0,0,0,16.71,0.0
1796,7,0,3.5,0,0,0,17.71,0.0
1797,7,0,3.5,0,0,0,18.71,0.0
1798,7,0,3.5,0,0,0,19.71,0.0
1799,7,0,3.5,0,0,0,20.71,0.0
1800,7,0,3.5,0,0,0,21.71,0.0
1801,7,0,3.5,0,0,0,22.71,0.0
1802,7,0,3.5,0,0,0,23.71,0.0
1803,7,0,3.5,0,0,0,24.71,0.0
1804,7,0,3.5,0,0,0,25.71,0.0
1805,7,0,3.5,0,0,0,26.71,0.0
1806,7,0,3.5,0,0,0,27.71,0.0
1807,7,0,3.5,0,0,0,28.71,0.0
1808,7,0,3.5,0,0,0,29.71,0.0
1809,7,0,3.5,0,0,0,30.71,0.0
1810,7,0,3.5,0,0,0,31.71,0.0
1811,7,0,3.5,0,0,0,32.71,0.0
1812,7,0,3.5,0,0,0,33.71,0.0
1813,7,0,3.5,0,0,0,34.71,0.0
1814,7,0,3.5,0,0,0,35.71,0.0
1815,7,0,3.5,0,0,0,36.71,0.0
1816,7,0,3.5,0,0,0,37.71,0.0
1817,7,0,3.5,0,0,0,38.71,0.0
1818,7,0,3.5,0,0,0,39.71,0.0
1819,7,0,3.5,0,0,0,40.71,0.0
1820,7,0,3.5,0,0,0,41.71,0.0
1821,7,0,3.5,0,0,0,42.71,0.0
1822,6,0,3.0,0,0,0,42.83,0.0
1823,5,0,2.5,0,0,0,35.67,0.0
1824,4,0,2.0,0,0,0,28.67,0.0
1825,3,0,1.5,0,0,0,26.0,0.0
1826,2,0,1.0,0,0,0,17.4,0.0
1827,1,0,0.5,0,0,0,11.0,0.0
1828,0,0,0.0,0,0,0,0.0,0.0
1829,0,0,0.0,0,0,0,0.0,0.0
1830,0,0,0.0,0,0,1,0.0,0.0
1831,0,0,0.0,0,0,0,0.0,0.0
1832,0,0,0.0,1,0,1,0.0,0.0
1833,0,0,0.0,0,0,0,0.0,0.0
1834,0,0,0.0,0,0,1,0.0,0.0
1835,0,0,0.0,1,0,0,0.0,0.0
1836,0,0,0.0,0,0,1,0.0,0.0
1837,0,0,0.0,1,0,1,0.0,0.0
1838,0,0,0.0,0,0,0,0.0,0.0
1839,0,0,0.0,1,0,1,0.0,0.0
1840,0,0,0.0,0,0,0,0.0,0.0
1841,0,0,0.0,1,0,1,0.0,0.0
1842,0,0,0.0,0,0,0,0.0,0.0
1843,0,0,0.0,1,0,0,0.0,0.0
1844,0,0,0.0,0,0,1,0.0,0.0
1845,0,0,0.0,1,0,1,0.0,0.0
1846,0,0,0.0,0,0,0,0.0,0.0
1847,0,0,0.0,1,0,1,0.0,0.0
1848,0,0,0.0,0,0,0,0.0,0.0
1849,0,0,0.0,1,0,1,0.0,0.0
1850,0,0,0.0,0,0,0,0.0,0.0
1851,0,0,0.0,1,0,1,0.0,0.0
1852,0,0,0.0,0,0,0,0.0,0.0
1853,0,0,0.0,1,0,1,0.0,0.0
1854,0,0,0.0,0,0,0,0.0,0.0
1855,0,0,0.0,1,0,1,0.0,0.0
1856,0,0,0.0,0,0,0,0.0,0.0
1857,0,0,0.0,1,0,1,0.0,0.0
1858,0,0,0.0,0,0,1,0.0,0.0
1859,0,0,0.0,1,0,0,0.0,0.0
1860,0,0,0.0,0,0,1,0.0,0.0
1861,0,0,0.0,1,0,0,0.0,0.0
1862,0,0,0.0,0,0,1,0.0,0.0
1863,0,0,0.0,1,0,0,0.0,0.0
1864,0,0,0.0,0,0,0,0.0,0.0
1865,0,0,0.0,1,0,1,0.0,0.0
1866,0,0,0.0,0,0,0,0.0,0.0
1867,0,0,0.0,1,0,1,0.0,0.0
1868,0,0,0.0,0,0,1,0.0,0.0
1869,0,0,0.0,1,0,0,0.0,0.0
1870,0,0,0.0,1,0,1,0.0,0.0
1871,0,0,0.0,0,0,0,0.0,0.0
1872,0,0,0.0,1,0,1,0.0,0.0
1873,1,0,0.5,0,0,0,0.2,0.0
1874,2,0,1.0,1,0,0,0.5,0.0
1875,2,0,1.0,0,0,0,0.83,0.0
1876,2,0,1.0,0,0,0,1.17,0.0
1877,3,0,1.5,0,0,0,1.67,0.0
1878,3,0,1.5,1,0,0,1.86,0.0
1879,4,0,2.0,0,0,0,2.43,0.0
1880,4,0,2.0,0,0,0,3.0,0.0
1881,5,0,2.5,0,0,0,3.71,0.0
1882,6,0,3.0,0,0,0,4.57,0.0
1883,6,0,3.0,0,0,0,5.43,0.0
1884,7,0,3.5,0,0,0,6.43,0.0
1885,7,0,3.5,0,0,0,7.43,0.0
1886,7,0,3.5,0,0,0,8.43,0.0
1887,7,0,3.5,0,0,0,9.43,0.0
1888,7,0,3.5,0,0,0,10.43,0.0
1889,7,0,3.5,0,0,0,11.43,0.0
1890,7,0,3.5,0,0,0,12.43,0.0
1891,7,0,3.5,0,0,0,13.43,0.0
1892,7,0,3.5,0,0,0,14.43,0.0
1893,7,0,3.5,0,0,0,15.43,0.0
1894,7,0,3.5,0,0,0,16.43,0.0
1895,7,0,3.5,0,0,0,17.43,0.0
1896,7,0,3.5,0,0,0,18.43,0.0
1897,7,0,3.5,0,0,0,19.43,0.0
1898,7,0,3.5,0,0,0,20.43,0.0
1899,7,0,3.5,0,0,0,21.43,0.0
1900,7,0,3.5,0,0,0,22.43,0.0
1901,7,0,3.5,0,0,0,23.43,0.0
1902,7,0,3.5,0,0,0,24.43,0.0
1903,7,0,3.5,0,0,0,25.43,0.0
1904,7,0,3.5,0,0,0,26.43,0.0
1905,7,0,3.5,0,0,0,27.43,0.0
1906,7,0,3.5,0,0,0,28.43,0.0
1907,7,0,3.5,0,0,0,29.43,0.0
1908,7,0,3.5,0,0,0,30.43,0.0
1909,7,0,3.5,0,0,0,31.43,0.0
1910,7,0,3.5,0,0,0,32.43,0.0
1911,7,0,3.5,0,0,0,33.43,0.0
1912,7,0,3.5,0,0,0,34.43,0.0
1913,7,0,3.5,0,0,0,35.43,0.0
1914,7,0,3.5,0,0,0,36.43,0.0
1915,7,0,3.5,0,0,0,37.43,0.0
1916,7,0,3.5,0,0,0,38.43,0.0
1917,7,0,3.5,0,0,0,39.43,0.0
1918,6,0,3.0,0,0,0,39.5,0.0
1919,5,0,2.5,0,0,0,32.83,0.0
1920,4,0,2.0,0,0,0,26.33,0.0
1921,3,0,1.5,0,0,0,23.8,0.0
1922,2,0,1.0,0,0,0,16.0,0.0
1923,1,0,0.5,0,0,0,10.0,0.0
1924,0,0,0.0,0,0,0,0.0,0.0
1925,0,0,0.0,0,0,1,0.0,0.0
1926,0,0,0.0,0,0,0,0.0,0.0
1927,0,0,0.0,0,0,1,0.0,0.0
1928,0,0,0.0,1,0,0,0.0,0.0
1929,0,0,0.0,0,0,0,0.0,0.0
1930,0,0,0.0,0,0,1,0.0,0.0
1931,0,0,0.0,1,0,0,0.0,0.0
1932,0,0,0.0,0,0,1,0.0,0.0
1933,0,0,0.0,1,0,0,0.0,0.0
1934,0,0,0.0,0,0,1,0.0,0.0
1935,0,0,0.0,1,0,1,0.0,0.0
1936,0,0,0.0,0,0,0,0.0,0.0
1937,0,0,0.0,1,0,1,0.0,0.0
1938,0,0,0.0,0,0,0,0.0,0.0
1939,0,0,0.0,1,0,1,0.0,0.0
1940,0,0,0.0,0,0,0,0.0,0.0
1941,0,0,0.0,1,0,1,0.0,0.0
1942,0,0,0.0,0,0,0,0.0,0.0
1943,0,0,0.0,1,0,1,0.0,0.0
1944,0,0,0.0,0,0,0,0.0,0.0
1945,0,0,0.0,1,0,1,0.0,0.0
1946,0,0,0.0,0,0,0,0.0,0.0
1947,0,0,0.0,1,0,1,0.0,0.0
1948,0,0,0.0,0,0,0,0.0,0.0
1949,0,0,0.0,1,0,1,0.0,0.0
1950,0,0,0.0,0,0,1,0.0,0.0
1951,0,0,0.0,1,0,0,0.0,0.0
1952,0,0,0.0,0,0,1,0.0,0.0
1953,0,0,0.0,1,0,0,0.0,0.0
1954,0,0,0.0,0,0,1,0.0,0.0
1955,0,0,0.0,1,0,0,0.0,0.0
1956,0,0,0.0,0,0,1,0.0,0.0
1957,0,0,0.0,1,0,0,0.0,0.0
1958,0,0,0.0,0,0,1,0.0,0.0
1959,0,0,0.0,1,0,0,0.0,0.0
1960,0,0,0.0,0,0,0,0.0,0.0
1961,0,0,0.0,1,0,0,0.0,0.0
1962,0,0,0.0,0,0,1,0.0,0.0
1963,0,0,0.0,1,0,1,0.0,0.0
1964,0,0,0.0,0,0,0,0.0,0.0
1965,0,0,0.0,1,0,1,0.0,0.0
1966,0,0,0.0,1,0,0,0.0,0.0
1967,0,0,0.0,0,0,1,0.0,0.0
1968,0,0,0.0,1,0,1,0.0,0.0
1969,1,0,0.5,0,0,0,0.2,0.0
1970,1,0,0.5,1,0,0,0.33,0.0
1971,2,0,1.0,0,0,0,0.67,0.0
1972,3,0,1.5,0,0,0,1.17,0.0
1973,3,0,1.5,1,0,0,1.43,0.0
1974,3,0,1.5,0,0,0,1.86,0.0
1975,4,0,2.0,0,0,0,2.43,0.0
1976,5,0,2.5,0,0,0,3.14,0.0
1977,6,0,3.0,0,0,0,4.0,0.0
1978,6,0,3.0,0,0,0,4.86,0.0
1979,6,0,3.0,0,0,0,5.71,0.0
1980,7,0,3.5,0,0,0,6.71,0.0
1981,7,0,3.5,0,0,0,7.71,0.0
1982,7,0,3.5,0,0,0,8.71,0.0
1983,7,0,3.5,0,0,0,9.71,0.0
1984,7,0,3.5,0,0,0,10.71,0.0
1985,7,0,3.5,0,0,0,11.71,0.0
1986,7,0,3.5,0,0,0,12.71,0.0
1987,7,0,3.5,0,0,0,13.71,0.0
1988,7,0,3.5,0,0,0,14.71,0.0
1989,7,0,3.5,0,0,0,15.71,0.0
1990,7,0,3.5,0,0,0,16.71,0.0
1991,7,0,3.5,0,0,0,17.71,0.0
1992,7,0,3.5,0,0,0,18.71,0.0
1993,7,0,3.5,0,0,0,19.71,0.0
1994,7,0,3.5,0,0,0,20.71,0.0
1995,7,0,3.5,0,0,0,21.71,0.0
1996,7,0,3.5,0,0,0,22.71,0.0
1997,7,0,3.5,0,0,0,23.71,0.0
1998,7,0,3.5,0,0,0,24.71,0.0
1999,7,0,3.5,0,0,0,25.71,0.0
2000,7,0,3.5,0,0,0,26.71,0.0
2001,7,0,3.5,0,0,0,27.71,0.0
2002,7,0,3.5,0,0,0,28.71,0.0
2003,7,0,3.5,0,0,0,29.71,0.0
2004,7,0,3.5,0,0,0,30.71,0.0
2005,7,0,3.5,0,0,0,31.71,0.0
2006,7,0,3.5,0,0,0,32.71,0.0
2007,7,0,3.5,0,0,0,33.71,0.0
2008,7,0,3.5,0,0,0,34.71,0.0
2009,7,0,3.5,0,0,0,35.71,0.0
2010,7,0,3.5,0,0,0,36.71,0.0
2011,7,0,3.5,0,0,0,37.71,0.0
2012,7,0,3.5,0,0,0,38.71,0.0
2013,7,0,3.5,0,0,0,39.71,0.0
2014,6,0,3.0,0,0,0,39.83,0.0
2015,5,0,2.5,0,0,0,33.33,0.0
2016,4,0,2.0,0,0,0,26.67,0.0
2017,3,0,1.5,0,0,0,20.17,0.0
2018,2,0,1.0,0,0,0,16.2,0.0
2019,1,0,0.5,0,0,0,8.0,0.0
2020,0,0,0.0,0,0,0,0.0,0.0
2021,0,0,0.0,0,0,0,0.0,0.0
2022,0,0,0.0,0,0,1,0.0,0.0
2023,0,0,0.0,0,0,0,0.0,0.0
2024,0,0,0.0,0,0,0,0.0,0.0
2025,0,0,0.0,0,0,1,0.0,0.0
2026,0,0,0.0,1,0,0,0.0,0.0
2027,0,0,0.0,0,0,1,0.0,0.0
2028,0,0,0.0,1,0,1,0.0,0.0
2029,0,0,0.0,0,0,0,0.0,0.0
2030,0,0,0.0,1,0,1,0.0,0.0
2031,0,0,0.0,0,0,0,0.0,0.0
2032,0,0,0.0,1,0,1,0.0,0.0
2033,0,0,0.0,0,0,0,0.0,0.0
2034,0,0,0.0,1,0,1,0.0,0.0
2035,0,0,0.0,0,0,0,0.0,0.0
2036,0,0,0.0,1,0,1,0.0,0.0
2037,0,0,0.0,0,0,1,0.0,0.0
2038,0,0,0.0,1,0,0,0.0,0.0
2039,0,0,0.0,0,0,1,0.0,0.0
2040,0,0,0.0,1,0,0,0.0,0.0
2041,0,0,0.0,0,0,1,0.0,0.0
2042,0,0,0.0,1,0,0,0.0,0.0
2043,0,0,0.0,0,0,0,0.0,0.0
2044,0,0,0.0,1,0,1,0.0,0.0
2045,0,0,0.0,0,0,0,0.0,0.0
2046,0,0,0.0,1,0,1,0.0,0.0
2047,0,0,0.0,0,0,0,0.0,0.0
2048,0,0,0.0,1,0,1,0.0,0.0
2049,0,0,0.0,0,0,0,0.0,0.0
2050,0,0,0.0,1,0,1,0.0,0.0
2051,0,0,0.0,0,0,0,0.0,0.0
2052,0,0,0.0,1,0,1,0.0,0.0
2053,0,0,0.0,0,0,0,0.0,0.0
2054,0,0,0.0,1,0,1,0.0,0.0
2055,0,0,0.0,0,0,0,0.0,0.0
2056,0,0,0.0,1,0,1,0.0,0.0
2057,0,0,0.0,0,0,1,0.0,0.0
2058,0,0,0.0,1,0,0,0.0,0.0
2059,0,0,0.0,0,0,1,0.0,0.0
2060,0,0,0.0,1,0,0,0.0,0.0
2061,0,0,0.0,1,0,0,0.0,0.0
2062,0,0,0.0,0,0,1,0.0,0.0
2063,1,0,0.5,1,0,1,0.2,0.0
2064,2,0,1.0,0,0,0,0.6,0.0
2065,2,0,1.0,1,0,0,0.83,0.0
2066,3,0,1.5,0,0,0,1.33,0.0
2067,4,0,2.0,0,0,0,2.0,0.0
2068,4,0,2.0,1,0,0,2.29,0.0
2069,4,0,2.0,0,0,0,2.86,0.0
2070,5,0,2.5,0,0,0,3.57,0.0
2071,6,0,3.0,0,0,0,4.43,0.0
2072,6,0,3.0,0,0,0,5.29,0.0
2073,7,0,3.5,0,0,0,6.29,0.0
2074,7,0,3.5,0,0,0,7.29,0.0
2075,7,0,3.5,0,0,0,8.29,0.0
2076,7,0,3.5,0,0,0,9.29,0.0
2077,7,0,3.5,0,0,0,10.29,0.0
2078,7,0,3.5,0,0,0,11.29,0.0
2079,7,0,3.5,0,0,0,12.29,0.0
2080,7,0,3.5,0,0,0,13.29,0.0
2081,7,0,3.5,0,0,0,14.29,0.0
2082,7,0,3.5,0,0,0,15.29,0.0
2083,7,0,3.5,0,0,0,16.29,0.0
2084,7,0,3.5,0,0,0,17.29,0.0
2085,7,0,3.5,0,0,0,18.29,0.0
2086,7,0,3.5,0,0,0,19.29,0.0
2087,7,0,3.5,0,0,0,20.29,0.0
2088,7,0,3.5,0,0,0,21.29,0.0
2089,7,0,3.5,0,0,0,22.29,0.0
2090,7,0,3.5,0,0,0,23.29,0.0
2091,7,0,3.5,0,0,0,24.29,0.0
2092,7,0,3.5,0,0,0,25.29,0.0
2093,7,0,3.5,0,0,0,26.29,0.0
2094,7,0,3.5,0,0,0,27.29,0.0
2095,7,0,3.5,0,0,0,28.29,0.0
2096,7,0,3.5,0,0,0,29.29,0.0
2097,7,0,3.5,0,0,0,30.29,0.0
2098,7,0,3.5,0,0,0,31.29,0.0
2099,7,0,3.5,0,0,0,32.29,0.0
2100,7,0,3.5,0,0,0,33.29,0.0
2101,7,0,3.5,0,0,0,34.29,0.0
2102,7,0,3.5,0,0,0,35.29,0.0
2103,7,0,3.5,0,0,0,36.29,0.0
2104,7,0,3.5,0,0,0,37.29,0.0
2105,7,0,3.5,0,0,0,38.29,0.0
2106,7,0,3.5,0,0,0,39.29,0.0
2107,7,0,3.5,0,0,0,40.29,0.0
2108,7,0,3.5,0,0,0,41.29,0.0
2109,7,0,3.5,0,0,0,42.29,0.0
2110,6,0,3.0,0,0,0,42.5,0.0
2111,5,0,2.5,0,0,0,35.5,0.0
2112,4,0,2.0,0,0,0,28.5,0.0
2113,3,0,1.5,0,0,0,25.6,0.0
2114,2,0,1.0,0,0,0,17.2,0.0
2115,1,0,0.5,0,0,0,8.6,0.0
2116,0,0,0.0,0,0,0,0.0,0.0
2117,0,0,0.0,0,0,0,0.0,0.0
2118,0,0,0.0,0,0,1,0.0,0.0
2119,0,0,0.0,0,0,0,0.0,0.0
2120,0,0,0.0,1,0,1,0.0,0.0
2121,0,0,0.0,0,0,0,0.0,0.0
2122,0,0,0.0,0,0,1,0.0,0.0
2123,0,0,0.0,1,0,0,0.0,0.0
2124,0,0,0.0,0,0,1,0.0,0.0
2125,0,0,0.0,1,0,0,0.0,0.0
2126,0,0,0.0,0,0,1,0.0,0.0
2127,0,0,0.0,1,0,0,0.0,0.0
2128,0,0,0.0,0,0,1,0.0,0.0
2129,0,0,0.0,1,0,0,0.0,0.0
2130,0,0,0.0,0,0,1,0.0,0.0
2131,0,0,0.0,1,0,1,0.0,0.0
2132,0,0,0.0,0,0,0,0.0,0.0
2133,0,0,0.0,1,0,1,0.0,0.0
2134,0,0,0.0,0,0,0,0.0,0.0
2135,0,0,0.0,1,0,1,0.0,0.0
2136,0,0,0.0,0,0,0,0.0,0.0
2137,0,0,0.0,1,0,1,0.0,0.0
2138,0,0,0.0,0,0,1,0.0,0.0
2139,0,0,0.0,1,0,0,0.0,0.0
2140,0,0,0.0,0,0,1,0.0,0.0
2141,0,0,0.0,1,0,0,0.0,0.0
2142,0,0,0.0,0,0,0,0.0,0.0
2143,0,0,0.0,1,0,1,0.0,0.0
2144,0,0,0.0,0,0,0,0.0,0.0
2145,0,0,0.0,1,0,1,0.0,0.0
2146,0,0,0.0,0,0,0,0.0,0.0
2147,0,0,0.0,1,0,1,0.0,0.0
2148,0,0,0.0,0,0,0,0.0,0.0
2149,0,0,0.0,1,0,1,0.0,0.0
2150,0,0,0.0,0,0,0,0.0,0.0
2151,0,0,0.0,1,0,1,0.0,0.0
2152,0,0,0.0,0,0,0,0.0,0.0
2153,0,0,0.0,1,0,1,0.0,0.0
2154,0,0,0.0,0,0,1,0.0,0.0
2155,0,0,0.0,1,0,0,0.0,0.0
2156,0,0,0.0,0,0,1,0.0,0.0
2157,0,0,0.0,1,0,0,0.0,0.0
2158,0,0,0.0,0,0,0,0.0,0.0
2159,0,0,0.0,1,0,1,0.0,0.0
2160,1,0,0.5,0,0,0,0.25,0.0
2161,1,0,0.5,1,0,1,0.4,0.0
2162,1,0,0.5,0,0,0,0.6,0.0
2163,2,0,1.0,1,0,0,0.83,0.0
2164,2,0,1.0,0,0,0,1.17,0.0
2165,3,0,1.5,0,0,0,1.67,0.0
2166,3,0,1.5,1,0,0,1.86,0.0
2167,4,0,2.0,0,0,0,2.43,0.0
2168,4,0,2.0,0,0,0,3.0,0.0
2169,5,0,2.5,0,0,0,3.71,0.0
2170,6,0,3.0,0,0,0,4.57,0.0
2171,7,0,3.5,0,0,0,5.57,0.0
2172,7,0,3.5,0,0,0,6.57,0.0
2173,7,0,3.5,0,0,0,7.57,0.0
2174,7,0,3.5,0,0,0,8.57,0.0
2175,7,0,3.5,0,0,0,9.57,0.0
2176,7,0,3.5,0,0,0,10.57,0.0
2177,7,0,3.5,0,0,0,11.57,0.0
2178,7,0,3.5,0,0,0,12.57,0.0
2179,7,0,3.5,0,0,0,13.57,0.0
2180,7,0,3.5,0,0,0,14.57,0.0
2181,7,0,3.5,0,0,0,15.57,0.0
2182,7,0,3.5,0,0,0,16.57,0.0
2183,7,0,3.5,0,0,0,17.57,0.0
2184,7,0,3.5,0,0,0,18.57,0.0
2185,7,0,3.5,0,0,0,19.57,0.0
2186,7,0,3.5,0,0,0,20.57,0.0
2187,7,0,3.5,0,0,0,21.57,0.0
2188,7,0,3.5,0,0,0,22.57,0.0
2189,7,0,3.5,0,0,0,23.57,0.0
2190,7,0,3.5,0,0,0,24.57,0.0
2191,7,0,3.5,0,0,0,25.57,0.0
2192,7,0,3.5,0,0,0,26.57,0.0
2193,7,0,3.5,0,0,0,27.57,0.0
2194,7,0,3.5,0,0,0,28.57,0.0
2195,7,0,3.5,0,0,0,29.57,0.0
2196,7,0,3.5,0,0,0,30.57,0.0
2197,7,0,3.5,0,0,0,31.57,0.0
2198,7,0,3.5,0,0,0,32.57,0.0
2199,7,0,3.5,0,0,0,33.57,0.0
2200,7,0,3.5,0,0,0,34.57,0.0
2201,7,0,3.5,0,0,0,35.57,0.0
2202,7,0,3.5,0,0,0,36.57,0.0
2203,7,0,3.5,0,0,0,37.57,0.0
2204,7,0,3.5,0,0,0,38.57,0.0
2205,7,0,3.5,0,0,0,39.57,0.0
2206,6,0,3.0,0,0,0,39.5,0.0
2207,5,0,2.5,0,0,0,33.0,0.0
2208,4,0,2.0,0,0,0,26.5,0.0
2209,3,0,1.5,0,0,0,24.0,0.0
2210,2,0,1.0,0,0,0,16.2,0.0
2211,1,0,0.5,0,0,0,8.2,0.0
2212,0,0,0.0,0,0,0,0.0,0.0
2213,0,0,0.0,0,0,0,0.0,0.0
2214,0,0,0.0,0,0,1,0.0,0.0
2215,0,0,0.0,0,0,0,0.0,0.0
2216,0,0,0.0,1,0,1,0.0,0.0
2217,0,0,0.0,0,0,0,0.0,0.0
2218,0,0,0.0,1,0,0,0.0,0.0
2219,0,0,0.0,0,0,1,0.0,0.0
2220,0,0,0.0,0,0,0,0.0,0.0
2221,0,0,0.0,1,0,1,0.0,0.0
2222,0,0,0.0,0,0,1,0.0,0.0
2223,0,0,0.0,1,0,0,0.0,0.0
2224,0,0,0.0,0,0,1,0.0,0.0
2225,0,0,0.0,1,0,0,0.0,0.0
2226,0,0,0.0,0,0,1,0.0,0.0
2227,0,0,0.0,1,0,1,0.0,0.0
2228,0,0,0.0,0,0,0,0.0,0.0
2229,0,0,0.0,1,0,1,0.0,0.0
2230,0,0,0.0,0,0,0,0.0,0.0
2231,0,0,0.0,1,0,1,0.0,0.0
2232,0,0,0.0,0,0,0,0.0,0.0
2233,0,0,0.0,1,0,1,0.0,0.0
2234,0,0,0.0,0,0,1,0.0,0.0
2235,0,0,0.0,1,0,0,0.0,0.0
2236,0,0,0.0,0,0,0,0.0,0.0
2237,0,0,0.0,1,0,1,0.0,0.0
2238,0,0,0.0,0,0,0,0.0,0.0
2239,0,0,0.0,1,0,1,0.0,0.0
2240,0,0,0.0,0,0,0,0.0,0.0
2241,0,0,0.0,1,0,1,0.0,0.0
2242,0,0,0.0,0,0,1,0.0,0.0
2243,0,0,0.0,1,0,0,0.0,0.0
2244,0,0,0.0,0,0,1,0.0,0.0
2245,0,0,0.0,1,0,0,0.0,0.0
2246,0,0,0.0,0,0,0,0.0,0.0
2247,0,0,0.0,1,0,1,0.0,0.0
2248,0,0,0.0,0,0,1,0.0,0.0
2249,0,0,0.0,1,0,0,0.0,0.0
2250,0,0,0.0,0,0,1,0.0,0.0
2251,0,0,0.0,1,0,0,0.0,0.0
2252,0,0,0.0,0,0,1,0.0,0.0
2253,0,0,0.0,1,0,0,0.0,0.0
2254,0,0,0.0,1,0,1,0.0,0.0
2255,0,0,0.0,0,0,0,0.0,0.0
2256,0,0,0.0,1,0,0,0.0,0.0
2257,1,0,0.5,0,0,1,0.2,0.0
2258,1,0,0.5,1,0,0,0.33,0.0
2259,2,0,1.0,0,0,0,0.67,0.0
2260,3,0,1.5,0,0,0,1.17,0.0
2261,3,0,1.5,0,0,0,1.67,0.0
2262,4,0,2.0,1,0,0,2.0,0.0
2263,4,0,2.0,0,0,0,2.57,0.0
2264,4,0,2.0,0,0,0,3.14,0.0
2265,5,0,2.5,0,0,0,3.86,0.0
2266,5,0,2.5,0,0,0,4.57,0.0
2267,6,0,3.0,0,0,0,5.43,0.0
2268,7,0,3.5,0,0,0,6.43,0.0
2269,7,0,3.5,0,0,0,7.43,0.0
2270,7,0,3.5,0,0,0,8.43,0.0
2271,7,0,3.5,0,0,0,9.43,0.0
2272,7,0,3.5,0,0,0,10.43,0.0
2273,7,0,3.5,0,0,0,11.43,0.0
2274,7,0,3.5,0,0,0,12.43,0.0
2275,7,0,3.5,0,0,0,13.43,0.0
2276,7,0,3.5,0,0,0,14.43,0.0
2277,7,0,3.5,0,0,0,15.43,0.0
2278,7,0,3.5,0,0,0,16.43,0.0
2279,7,0,3.5,0,0,0,17.43,0.0
2280,7,0,3.5,0,0,0,18.43,0.0
2281,7,0,3.5,0,0,0,19.43,0.0
2282,7,0,3.5,0,0,0,20.43,0.0
2283,7,0,3.5,0,0,0,21.43,0.0
2284,7,0,3.5,0,0,0,22.43,0.0
2285,7,0,3.5,0,0,0,23.43,0.0
2286,7,0,3.5,0,0,0,24.43,0.0
2287,7,0,3.5,0,0,0,25.43,0.0
2288,7,0,3.5,0,0,0,26.43,0.0
2289,7,0,3.5,0,0,0,27.43,0.0
2290,7,0,3.5,0,0,0,28.43,0.0
2291,7,0,3.5,0,0,0,29.43,0.0
2292,7,0,3.5,0,0,0,30.43,0.0
2293,7,0,3.5,0,0,0,31.43,0.0
2294,7,0,3.5,0,0,0,32.43,0.0
2295,7,0,3.5,0,0,0,33.43,0.0
2296,7,0,3.5,0,0,0,34.43,0.0
2297,7,0,3.5,0,0,0,35.43,0.0
2298,7,0,3.5,0,0,0,36.43,0.0
2299,7,0,3.5,0,0,0,37.43,0.0
2300,7,0,3.5,0,0,0,38.43,0.0
2301,7,0,3.5,0,0,0,39.43,0.0
2302,6,0,3.0,0,0,0,39.5,0.0
2303,5,0,2.5,0,0,0,33.0,0.0
2304,4,0,2.0,0,0,0,26.33,0.0
2305,3,0,1.5,0,0,0,23.6,0.0
2306,2,0,1.0,0,0,0,15.8,0.0
2307,1,0,0.5,0,0,0,10.0,0.0
2308,0,0,0.0,0,0,0,0.0,0.0
2309,0,0,0.0,0,0,0,0.0,0.0
2310,0,0,0.0,0,0,1,0.0,0.0
2311,0,0,0.0,0,0,0,0.0,0.0
2312,0,0,0.0,1,0,1,0.0,0.0
2313,0,0,0.0,0,0,0,0.0,0.0
2314,0,0,0.0,0,0,1,0.0,0.0
2315,0,0,0.0,1,0,1,0.0,0.0
2316,0,0,0.0,0,0,0,0.0,0.0
2317,0,0,0.0,1,0,0,0.0,0.0
2318,0,0,0.0,0,0,1,0.0,0.0
2319,0,0,0.0,1,0,1,0.0,0.0
2320,0,0,0.0,0,0,0,0.0,0.0
2321,0,0,0.0,1,0,1,0.0,0.0
2322,0,0,0.0,0,0,0,0.0,0.0
2323,0,0,0.0,1,0,1,0.0,0.0
2324,0,0,0.0,0,0,0,0.0,0.0
2325,0,0,0.0,1,0,0,0.0,0.0
2326,0,0,0.0,0,0,1,0.0,0.0
2327,0,0,0.0,1,0,0,0.0,0.0
2328,0,0,0.0,0,0,1,0.0,0.0
2329,0,0,0.0,1,0,0,0.0,0.0
2330,0,0,0.0,0,0,1,0.0,0.0
2331,0,0,0.0,1,0,1,0.0,0.0
2332,0,0,0.0,0,0,0,0.0,0.0
2333,0,0,0.0,1,0,1,0.0,0.0
2334,0,0,0.0,0,0,0,0.0,0.0
2335,0,0,0.0,1,0,1,0.0,0.0
2336,0,0,0.0,0,0,0,0.0,0.0
2337,0,0,0.0,1,0,1,0.0,0.0
2338,0,0,0.0,0,0,0,0.0,0.0
2339,0,0,0.0,1,0,1,0.0,0.0
2340,0,0,0.0,0,0,0,0.0,0.0
2341,0,0,0.0,1,0,1,0.0,0.0
2342,0,0,0.0,0,0,0,0.0,0.0
2343,0,0,0.0,1,0,0,0.0,0.0
2344,0,0,0.0,0,0,1,0.0,0.0
2345,0,0,0.0,1,0,1,0.0,0.0
2346,0,0,0.0,0,0,0,0.0,0.0
2347,0,0,0.0,1,0,1,0.0,0.0
2348,0,0,0.0,0,0,0,0.0,0.0
2349,0,0,0.0,1,0,1,0.0,0.0
2350,0,0,0.0,1,0,0,0.0,0.0
2351,0,0,0.0,0,0,1,0.0,0.0
2352,1,0,0.5,1,0,0,0.2,0.0
2353,1,0,0.5,0,0,1,0.4,0.0
2354,2,0,1.0,1,0,0,0.67,0.0
2355,3,0,1.5,0,0,0,1.17,0.0
2356,3,0,1.5,0,0,0,1.67,0.0
2357,4,0,2.0,1,0,0,2.0,0.0
2358,4,0,2.0,0,0,0,2.57,0.0
2359,4,0,2.0,0,0,0,3.14,0.0
2360,5,0,2.5,0,0,0,3.86,0.0
2361,6,0,3.0,0,0,0,4.71,0.0
2362,7,0,3.5,0,0,0,5.71,0.0
2363,7,0,3.5,0,0,0,6.71,0.0
2364,7,0,3.5,0,0,0,7.71,0.0
2365,7,0,3.5,0,0,0,8.71,0.0
2366,7,0,3.5,0,0,0,9.71,0.0
2367,7,0,3.5,0,0,0,10.71,0.0
2368,7,0,3.5,0,0,0,11.71,0.0
2369,7,0,3.5,0,0,0,12.71,0.0
2370,7,0,3.5,0,0,0,13.71,0.0
2371,7,0,3.5,0,0,0,14.71,0.0
2372,7,0,3.5,0,0,0,15.71,0.0
2373,7,0,3.5,0,0,0,16.71,0.0
2374,7,0,3.5,0,0,0,17.71,0.0
2375,7,0,3.5,0,0,0,18.71,0.0
2376,7,0,3.5,0,0,0,19.71,0.0
2377,7,0,3.5,0,0,0,20.71,0.0
2378,7,0,3.5,0,0,0,21.71,0.0
2379,7,0,3.5,0,0,0,22.71,0.0
2380,7,0,3.5,0,0,0,23.71,0.0
2381,7,0,3.5,0,0,0,24.71,0.0
2382,7,0,3.5,0,0,0,25.71,0.0
2383,7,0,3.5,0,0,0,26.71,0.0
2384,7,0,3.5,0,0,0,27.71,0.0
2385,7,0,3.5,0,0,0,28.71,0.0
2386,7,0,3.5,0,0,0,29.71,0.0
2387,7,0,3.5,0,0,0,30.71,0.0
2388,7,0,3.5,0,0,0,31.71,0.0
2389,7,0,3.5,0,0,0,32.71,0.0
2390,7,0,3.5,0,0,0,33.71,0.0
2391,7,0,3.5,0,0,0,34.71,0.0
2392,7,0,3.5,0,0,0,35.71,0.0
2393,7,0,3.5,0,0,0,36.71,0.0
2394,7,0,3.5,0,0,0,37.71,0.0
2395,7,0,3.5,0,0,0,38.71,0.0
2396,7,0,3.5,0,0,0,39.71,0.0
2397,7,0,3.5,0,0,0,40.71,0.0
2398,6,0,3.0,0,0,0,40.83,0.0
2399,5,0,2.5,0,0,0,34.17,0.0
2400,4,0,2.0,0,0,0,27.33,0.0
2401,3,0,1.5,0,0,0,24.6,0.0
2402,2,0,1.0,0,0,0,16.6,0.0
2403,1,0,0.5,0,0,0,8.4,0.0
2404,0,0,0.0,0,0,0,0.0,0.0
2405,0,0,0.0,0,0,0,0.0,0.0
2406,0,0,0.0,0,0,1,0.0,0.0
2407,0,0,0.0,0,0,0,0.0,0.0
2408,0,0,0.0,1,0,1,0.0,0.0
2409,0,0,0.0,0,0,0,0.0,0.0
2410,0,0,0.0,0,0,1,0.0,0.0
2411,0,0,0.0,1,0,0,0.0,0.0
2412,0,0,0.0,0,0,1,0.0,0.0
2413,0,0,0.0,1,0,0,0.0,0.0
2414,0,0,0.0,0,0,1,0.0,0.0
2415,0,0,0.0,1,0,0,0.0,0.0
2416,0,0,0.0,0,0,1,0.0,0.0
2417,0,0,0.0,1,0,1,0.0,0.0
2418,0,0,0.0,0,0,0,0.0,0.0
2419,0,0,0.0,1,0,1,0.0,0.0
2420,0,0,0.0,0,0,0,0.0,0.0
2421,0,0,0.0,1,0,1,0.0,0.0
2422,0,0,0.0,0,0,0,0.0,0.0
2423,0,0,0.0,1,0,1,0.0,0.0
2424,0,0,0.0,0,0,0,0.0,0.0
2425,0,0,0.0,1,0,1,0.0,0.0
2426,0,0,0.0,0,0,1,0.0,0.0
2427,0,0,0.0,1,0,0,0.0,0.0
2428,0,0,0.0,0,0,1,0.0,0.0
2429,0,0,0.0,1,0,0,0.0,0.0
2430,0,0,0.0,0,0,1,0.0,0.0
2431,0,0,0.0,1,0,0,0.0,0.0
2432,0,0,0.0,0,0,1,0.0,0.0
2433,0,0,0.0,1,0,0,0.0,0.0
2434,0,0,0.0,0,0,1,0.0,0.0
2435,0,0,0.0,1,0,0,0.0,0.0
2436,0,0,0.0,0,0,1,0.0,0.0
2437,0,0,0.0,1,0,0,0.0,0.0
2438,0,0,0.0,0,0,0,0.0,0.0
2439,0,0,0.0,1,0,1,0.0,0.0
2440,0,0,0.0,0,0,0,0.0,0.0
2441,0,0,0.0,1,0,1,0.0,0.0
2442,0,0,0.0,0,0,0,0.0,0.0
2443,0,0,0.0,1,0,0,0.0,0.0
2444,0,0,0.0,1,0,1,0.0,0.0
2445,0,0,0.0,0,0,0,0.0,0.0
2446,0,0,0.0,1,0,1,0.0,0.0
2447,0,0,0.0,0,0,0,0.0,0.0
2448,1,0,0.5,1,0,1,0.17,0.0
2449,1,0,0.5,0,0,0,0.33,0.0
2450,2,0,1.0,0,0,0,0.67,0.0
2451,3,0,1.5,0,0,0,1.17,0.0
2452,4,0,2.0,1,0,0,1.57,0.0
2453,4,0,2.0,0,0,0,2.14,0.0
2454,5,0,2.5,0,0,0,2.86,0.0
2455,6,0,3.0,0,0,0,3.71,0.0
2456,6,0,3.0,0,0,0,4.57,0.0
2457,6,0,3.0,0,0,0,5.43,0.0
2458,7,0,3.5,0,0,0,6.43,0.0
2459,7,0,3.5,0,0,0,7.43,0.0
2460,7,0,3.5,0,0,0,8.43,0.0
2461,7,0,3.5,0,0,0,9.43,0.0
2462,7,0,3.5,0,0,0,10.43,0.0
2463,7,0,3.5,0,0,0,11.43,0.0
2464,7,0,3.5,0,0,0,12.43,0.0
2465,7,0,3.5,0,0,0,13.43,0.0
2466,7,0,3.5,0,0,0,14.43,0.0
2467,7,0,3.5,0,0,0,15.43,0.0
2468,7,0,3.5,0,0,0,16.43,0.0
2469,7,0,3.5,0,0,0,17.43,0.0
2470,7,0,3.5,0,0,0,18.43,0.0
2471,7,0,3.5,0,0,0,19.43,0.0
2472,7,0,3.5,0,0,0,20.43,0.0
2473,7,0,3.5,0,0,0,21.43,0.0
2474,7,0,3.5,0,0,0,22.43,0.0
2475,7,0,3.5,0,0,0,23.43,0.0
2476,7,0,3.5,0,0,0,24.43,0.0
2477,7,0,3.5,0,0,0,25.43,0.0
2478,7,0,3.5,0,0,0,26.43,0.0
2479,7,0,3.5,0,0,0,27.43,0.0
2480,7,0,3.5,0,0,0,28.43,0.0
2481,7,0,3.5,0,0,0,29.43,0.0
2482,7,0,3.5,0,0,0,30.43,0.0
2483,7,0,3.5,0,0,0,31.43,0.0
2484,7,0,3.5,0,0,0,32.43,0.0
2485,7,0,3.5,0,0,0,33.43,0.0
2486,7,0,3.5,0,0,0,34.43,0.0
2487,7,0,3.5,0,0,0,35.43,0.0
2488,7,0,3.5,0,0,0,36.43,0.0
2489,7,0,3.5,0,0,0,37.43,0.0
2490,7,0,3.5,0,0,0,38.43,0.0
2491,7,0,3.5,0,0,0,39.43,0.0
2492,7,0,3.5,0,0,0,40.43,0.0
2493,7,0,3.5,0,0,0,41.43,0.0
2494,6,0,3.0,0,0,0,41.67,0.0
2495,5,0,2.5,0,0,0,35.0,0.0
2496,4,0,2.0,0,0,0,28.17,0.0
2497,3,0,1.5,0,0,0,25.4,0.0
2498,2,0,1.0,0,0,0,17.0,0.0
2499,1,0,0.5,0,0,0,8.4,0.0
2500,0,0,0.0,0,0,0,0.0,0.0
2501,0,0,0.0,0,0,1,0.0,0.0
2502,0,0,0.0,0,0,0,0.0,0.0
2503,0,0,0.0,0,0,0,0.0,0.0
2504,0,0,0.0,1,0,0,0.0,0.0
2505,0,0,0.0,0,0,1,0.0,0.0
2506,0,0,0.0,0,0,1,0.0,0.0
2507,0,0,0.0,1,0,0,0.0,0.0
2508,0,0,0.0,0,0,1,0.0,0.0
2509,0,0,0.0,1,0,0,0.0,0.0
2510,0,0,0.0,0,0,0,0.0,0.0
2511,0,0,0.0,1,0,1,0.0,0.0
2512,0,0,0.0,0,0,0,0.0,0.0
2513,0,0,0.0,1,0,1,0.0,0.0
2514,0,0,0.0,0,0,1,0.0,0.0
2515,0,0,0.0,1,0,0,0.0,0.0
2516,0,0,0.0,0,0,1,0.0,0.0
2517,0,0,0.0,1,0,0,0.0,0.0
2518,0,0,0.0,0,0,1,0.0,0.0
2519,0,0,0.0,1,0,0,0.0,0.0
2520,0,0,0.0,0,0,1,0.0,0.0
2521,0,0,0.0,1,0,1,0.0,0.0
2522,0,0,0.0,0,0,0,0.0,0.0
2523,0,0,0.0,1,0,1,0.0,0.0
2524,0,0,0.0,0,0,0,0.0,0.0
2525,0,0,0.0,1,0,1,0.0,0.0
2526,0,0,0.0,0,0,0,0.0,0.0
2527,0,0,0.0,1,0,1,0.0,0.0
2528,0,0,0.0,0,0,0,0.0,0.0
2529,0,0,0.0,1,0,1,0.0,0.0
2530,0,0,0.0,0,0,0,0.0,0.0
2531,0,0,0.0,1,0,0,0.0,0.0
2532,0,0,0.0,0,0,1,0.0,0.0
2533,0,0,0.0,1,0,1,0.0,0.0
2534,0,0,0.0,0,0,0,0.0,0.0
2535,0,0,0.0,1,0,1,0.0,0.0
2536,0,0,0.0,0,0,0,0.0,0.0
2537,0,0,0.0,1,0,1,0.0,0.0
2538,0,0,0.0,0,0,0,0.0,0.0
2539,0,0,0.0,1,0,1,0.0,0.0
2540,0,0,0.0,0,0,0,0.0,0.0
2541,0,0,0.0,1,0,1,0.0,0.0
2542,0,0,0.0,1,0,0,0.0,0.0
2543,0,0,0.0,0,0,1,0.0,0.0
2544,0,0,0.0,1,0,0,0.0,0.0
2545,1,0,0.5,0,0,1,0.2,0.0
2546,2,0,1.0,1,0,0,0.5,0.0
2547,3,0,1.5,0,0,0,1.0,0.0
2548,3,0,1.5,0,0,0,1.5,0.0
2549,4,0,2.0,1,0,0,1.86,0.0
2550,4,0,2.0,0,0,0,2.43,0.0
2551,5,0,2.5,0,0,0,3.14,0.0
2552,5,0,2.5,0,0,0,3.86,0.0
2553,6,0,3.0,0,0,0,4.71,0.0
2554,7,0,3.5,0,0,0,5.71,0.0
2555,7,0,3.5,0,0,0,6.71,0.0
2556,7,0,3.5,0,0,0,7.71,0.0
2557,7,0,3.5,0,0,0,8.71,0.0
2558,7,0,3.5,0,0,0,9.71,0.0
2559,7,0,3.5,0,0,0,10.71,0.0
2560,7,0,3.5,0,0,0,11.71,0.0
2561,7,0,3.5,0,0,0,12.71,0.0
2562,7,0,3.5,0,0,0,13.71,0.0
2563,7,0,3.5,0,0,0,14.71,0.0
2564,7,0,3.5,0,0,0,15.71,0.0
2565,7,0,3.5,0,0,0,16.71,0.0
2566,7,0,3.5,0,0,0,17.71,0.0
2567,7,0,3.5,0,0,0,18.71,0.0
2568,7,0,3.5,0,0,0,19.71,0.0
2569,7,0,3.5,0,0,0,20.71,0.0
2570,7,0,3.5,0,0,0,21.71,0.0
2571,7,0,3.5,0,0,0,22.71,0.0
2572,7,0,3.5,0,0,0,23.71,0.0
2573,7,0,3.5,0,0,0,24.71,0.0
2574,7,0,3.5,0,0,0,25.71,0.0
2575,7,0,3.5,0,0,0,26.71,0.0
2576,7,0,3.5,0,0,0,27.71,0.0
2577,7,0,3.5,0,0,0,28.71,0.0
2578,7,0,3.5,0,0,0,29.71,0.0
2579,7,0,3.5,0,0,0,30.71,0.0
2580,7,0,3.5,0,0,0,31.71,0.0
2581,7,0,3.5,0,0,0,32.71,0.0
2582,7,0,3.5,0,0,0,33.71,0.0
2583,7,0,3.5,0,0,0,34.71,0.0
2584,7,0,3.5,0,0,0,35.71,0.0
2585,7,0,3.5,0,0,0,36.71,0.0
2586,7,0,3.5,0,0,0,37.71,0.0
2587,7,0,3.5,0,0,0,38.71,0.0
2588,7,0,3.5,0,0,0,39.71,0.0
2589,7,0,3.5,0,0,0,40.71,0.0
2590,6,0,3.0,0,0,0,41.0,0.0
2591,5,0,2.5,0,0,0,34.33,0.0
2592,4,0,2.0,0,0,0,27.5,0.0
2593,3,0,1.5,0,0,0,24.8,0.0
2594,2,0,1.0,0,0,0,16.6,0.0
2595,1,0,0.5,0,0,0,10.5,0.0
2596,0,0,0.0,0,0,0,0.0,0.0
2597,0,0,0.0,0,0,0,0.0,0.0
2598,0,0,0.0,0,0,1,0.0,0.0
2599,0,0,0.0,1,0,1,0.0,0.0
2600,0,0,0.0,0,0,0,0.0,0.0
2601,0,0,0.0,0,0,1,0.0,0.0
2602,0,0,0.0,1,0,0,0.0,0.0
2603,0,0,0.0,0,0,0,0.0,0.0
2604,0,0,0.0,1,0,1,0.0,0.0
2605,0,0,0.0,0,0,1,0.0,0.0
2606,0,0,0.0,1,0,0,0.0,0.0
2607,0,0,0.0,0,0,1,0.0,0.0
2608,0,0,0.0,1,0,0,0.0,0.0
2609,0,0,0.0,0,0,1,0.0,0.0
2610,0,0,0.0,1,0,1,0.0,0.0
2611,0,0,0.0,0,0,0,0.0,0.0
2612,0,0,0.0,1,0,1,0.0,0.0
2613,0,0,0.0,0,0,0,0.0,0.0
2614,0,0,0.0,1,0,1,0.0,0.0
2615,0,0,0.0,0,0,0,0.0,0.0
2616,0,0,0.0,1,0,1,0.0,0.0
2617,0,0,0.0,0,0,0,0.0,0.0
2618,0,0,0.0,1,0,1,0.0,0.0
2619,0,0,0.0,0,0,0,0.0,0.0
2620,0,0,0.0,1,0,1,0.0,0.0
2621,0,0,0.0,0,0,1,0.0,0.0
2622,0,0,0.0,1,0,0,0.0,0.0
2623,0,0,0.0,0,0,1,0.0,0.0
2624,0,0,0.0,1,0,0,0.0,0.0
2625,0,0,0.0,0,0,0,0.0,0.0
2626,0,0,0.0,1,0,0,0.0,0.0
2627,0,0,0.0,0,0,1,0.0,0.0
2628,0,0,0.0,1,0,0,0.0,0.0
2629,0,0,0.0,0,0,0,0.0,0.0
2630,0,0,0.0,1,0,1,0.0,0.0
2631,0,0,0.0,0,0,1,0.0,0.0
2632,0,0,0.0,1,0,0,0.0,0.0
2633,0,0,0.0,0,0,1,0.0,0.0
2634,0,0,0.0,1,0,0,0.0,0.0
2635,0,0,0.0,0,0,1,0.0,0.0
2636,0,0,0.0,1,0,1,0.0,0.0
2637,0,0,0.0,1,0,0,0.0,0.0
2638,0,0,0.0,0,0,0,0.0,0.0
2639,0,0,0.0,1,0,0,0.0,0.0
2640,1,0,0.5,0,0,1,0.2,0.0
2641,2,0,1.0,1,0,0,0.5,0.0
2642,3,0,1.5,0,0,1,1.0,0.0
2643,3,0,1.5,0,0,0,1.5,0.0
2644,3,0,1.5,1,0,0,1.71,0.0
2645,4,0,2.0,0,0,0,2.29,0.0
2646,5,0,2.5,0,0,0,3.0,0.0
2647,6,0,3.0,0,0,0,3.86,0.0
2648,6,0,3.0,0,0,0,4.71,0.0
2649,7,0,3.5,0,0,0,5.71,0.0
2650,7,0,3.5,0,0,0,6.71,0.0
2651,7,0,3.5,0,0,0,7.71,0.0
2652,7,0,3.5,0,0,0,8.71,0.0
2653,7,0,3.5,0,0,0,9.71,0.0
2654,7,0,3.5,0,0,0,10.71,0.0
2655,7,0,3.5,0,0,0,11.71,0.0
2656,7,0,3.5,0,0,0,12.71,0.0
2657,7,0,3.5,0,0,0,13.71,0.0
2658,7,0,3.5,0,0,0,14.71,0.0
2659,7,0,3.5,0,0,0,15.71,0.0
2660,7,0,3.5,0,0,0,16.71,0.0
2661,7,0,3.5,0,0,0,17.71,0.0
2662,7,0,3.5,0,0,0,18.71,0.0
2663,7,0,3.5,0,0,0,19.71,0.0
2664,7,0,3.5,0,0,0,20.71,0.0
2665,7,0,3.5,0,0,0,21.71,0.0
2666,7,0,3.5,0,0,0,22.71,0.0
2667,7,0,3.5,0,0,0,23.71,0.0
2668,7,0,3.5,0,0,0,24.71,0.0
2669,7,0,3.5,0,0,0,25.71,0.0
2670,7,0,3.5,0,0,0,26.71,0.0
2671,7,0,3.5,0,0,0,27.71,0.0
2672,7,0,3.5,0,0,0,28.71,0.0
2673,7,0,3.5,0,0,0,29.71,0.0
2674,7,0,3.5,0,0,0,30.71,0.0
2675,7,0,3.5,0,0,0,31.71,0.0
2676,7,0,3.5,0,0,0,32.71,0.0
2677,7,0,3.5,0,0,0,33.71,0.0
2678,7,0,3.5,0,0,0,34.71,0.0
2679,7,0,3.5,0,0,0,35.71,0.0
2680,7,0,3.5,0,0,0,36.71,0.0
2681,7,0,3.5,0,0,0,37.71,0.0
2682,7,0,3.5,0,0,0,38.71,0.0
2683,7,0,3.5,0,0,0,39.71,0.0
2684,7,0,3.5,0,0,0,40.71,0.0
2685,7,0,3.5,0,0,0,41.71,0.0
2686,6,0,3.0,0,0,0,42.0,0.0
2687,5,0,2.5,0,0,0,35.17,0.0
2688,4,0,2.0,0,0,0,28.17,0.0
2689,3,0,1.5,0,0,0,25.6,0.0
2690,2,0,1.0,0,0,0,17.2,0.0
2691,1,0,0.5,0,0,0,8.6,0.0
2692,0,0,0.0,0,0,0,0.0,0.0
2693,0,0,0.0,0,0,0,0.0,0.0
2694,0,0,0.0,0,0,1,0.0,0.0
2695,0,0,0.0,0,0,0,0.0,0.0
2696,0,0,0.0,1,0,1,0.0,0.0
2697,0,0,0.0,0,0,0,0.0,0.0
2698,0,0,0.0,0,0,1,0.0,0.0
2699,0,0,0.0,1,0,0,0.0,0.0
2700,0,0,0.0,0,0,0,0.0,0.0
2701,0,0,0.0,1,0,1,0.0,0.0
2702,0,0,0.0,0,0,0,0.0,0.0
2703,0,0,0.0,1,0,1,0.0,0.0
2704,0,0,0.0,0,0,1,0.0,0.0
2705,0,0,0.0,1,0,0,0.0,0.0
2706,0,0,0.0,0,0,0,0.0,0.0
2707,0,0,0.0,1,0,1,0.0,0.0
2708,0,0,0.0,0,0,0,0.0,0.0
2709,0,0,0.0,1,0,1,0.0,0.0
2710,0,0,0.0,0,0,1,0.0,0.0
2711,0,0,0.0,1,0,0,0.0,0.0
2712,0,0,0.0,0,0,1,0.0,0.0
2713,0,0,0.0,1,0,0,0.0,0.0
2714,0,0,0.0,0,0,1,0.0,0.0
2715,0,0,0.0,1,0,0,0.0,0.0
2716,0,0,0.0,0,0,1,0.0,0.0
2717,0,0,0.0,1,0,1,0.0,0.0
2718,0,0,0.0,0,0,0,0.0,0.0
2719,0,0,0.0,1,0,1,0.0,0.0
2720,0,0,0.0,0,0,0,0.0,0.0
2721,0,0,0.0,1,0,1,0.0,0.0
2722,0,0,0.0,0,0,0,0.0,0.0
2723,0,0,0.0,1,0,0,0.0,0.0
2724,0,0,0.0,0,0,1,0.0,0.0
2725,0,0,0.0,1,0,0,0.0,0.0
2726,0,0,0.0,0,0,0,0.0,0.0
2727,0,0,0.0,1,0,1,0.0,0.0
2728,0,0,0.0,0,0,0,0.0,0.0
2729,0,0,0.0,0,0,1,0.0,0.0
2730,0,0,0.0,1,0,1,0.0,0.0
2731,0,0,0.0,0,0,0,0.0,0.0
2732,0,0,0.0,1,0,1,0.0,0.0
2733,0,0,0.0,0,0,0,0.0,0.0
2734,1,0,0.5,1,0,1,0.25,0.0
2735,1,0,0.5,0,0,1,0.5,0.0
2736,1,0,0.5,1,0,0,0.6,0.0
2737,1,0,0.5,0,0,0,0.8,0.0
2738,2,0,1.0,1,0,0,1.0,0.0
2739,3,0,1.5,0,0,0,1.5,0.0
2740,3,0,1.5,0,0,0,2.0,0.0
2741,3,0,1.5,1,0,0,2.14,0.0
2742,4,0,2.0,0,0,0,2.71,0.0
2743,5,0,2.5,0,0,0,3.43,0.0
2744,5,0,2.5,0,0,0,4.14,0.0
2745,6,0,3.0,0,0,0,5.0,0.0
2746,7,0,3.5,0,0,0,6.0,0.0
2747,7,0,3.5,0,0,0,7.0,0.0
2748,7,0,3.5,0,0,0,8.0,0.0
2749,7,0,3.5,0,0,0,9.0,0.0
2750,7,0,3.5,0,0,0,10.0,0.0
2751,7,0,3.5,0,0,0,11.0,0.0
2752,7,0,3.5,0,0,0,12.0,0.0
2753,7,0,3.5,0,0,0,13.0,0.0
2754,7,0,3.5,0,0,0,14.0,0.0
2755,7,0,3.5,0,0,0,15.0,0.0
2756,7,0,3.5,0,0,0,16.0,0.0
2757,7,0,3.5,0,0,0,17.0,0.0
2758,7,0,3.5,0,0,0,18.0,0.0
2759,7,0,3.5,0,0,0,19.0,0.0
2760,7,0,3.5,0,0,0,20.0,0.0
2761,7,0,3.5,0,0,0,21.0,0.0
2762,7,0,3.5,0,0,0,22.0,0.0
2763,7,0,3.5,0,0,0,23.0,0.0
2764,7,0,3.5,0,0,0,24.0,0.0
2765,7,0,3.5,0,0,0,25.0,0.0
2766,7,0,3.5,0,0,0,26.0,0.0
2767,7,0,3.5,0,0,0,27.0,0.0
2768,7,0,3.5,0,0,0,28.0,0.0
2769,7,0,3.5,0,0,0,29.0,0.0
2770,7,0,3.5,0,0,0,30.0,0.0
2771,7,0,3.5,0,0,0,31.0,0.0
2772,7,0,3.5,0,0,0,32.0,0.0
2773,7,0,3.5,0,0,0,33.0,0.0
2774,7,0,3.5,0,0,0,34.0,0.0
2775,7,0,3.5,0,0,0,35.0,0.0
2776,7,0,3.5,0,0,0,36.0,0.0
2777,7,0,3.5,0,0,0,37.0,0.0
2778,7,0,3.5,0,0,0,38.0,0.0
2779,7,0,3.5,0,0,0,39.0,0.0
2780,7,0,3.5,0,0,0,40.0,0.0
2781,7,0,3.5,0,0,0,41.0,0.0
2782,6,0,3.0,0,0,0,40.83,0.0
2783,5,0,2.5,0,0,0,34.17,0.0
2784,4,0,2.0,0,0,0,27.33,0.0
2785,3,0,1.5,0,0,0,24.8,0.0
2786,2,0,1.0,0,0,0,16.6,0.0
2787,1,0,0.5,0,0,0,10.5,0.0
2788,0,0,0.0,0,0,0,0.0,0.0
2789,0,0,0.0,0,0,0,0.0,0.0
2790,0,0,0.0,0,0,0,0.0,0.0
2791,0,0,0.0,0,0,1,0.0,0.0
2792,0,0,0.0,1,0,0,0.0,0.0
2793,0,0,0.0,0,0,1,0.0,0.0
2794,0,0,0.0,0,0,1,0.0,0.0
2795,0,0,0.0,1,0,0,0.0,0.0
2796,0,0,0.0,0,0,1,0.0,0.0
2797,0,0,0.0,1,0,0,0.0,0.0
2798,0,0,0.0,0,0,1,0.0,0.0
2799,0,0,0.0,1,0,0,0.0,0.0
2800,0,0,0.0,0,0,1,0.0,0.0
2801,0,0,0.0,1,0,0,0.0,0.0
2802,0,0,0.0,0,0,1,0.0,0.0
2803,0,0,0.0,1,0,1,0.0,0.0
2804,0,0,0.0,0,0,0,0.0,0.0
2805,0,0,0.0,1,0,1,0.0,0.0
2806,0,0,0.0,0,0,0,0.0,0.0
2807,0,0,0.0,1,0,1,0.0,0.0
2808,0,0,0.0,0,0,0,0.0,0.0
2809,0,0,0.0,1,0,1,0.0,0.0
2810,0,0,0.0,1,0,1,0.0,0.0
2811,0,0,0.0,0,0,0,0.0,0.0
2812,0,0,0.0,0,0,0,0.0,0.0
2813,0,0,0.0,1,0,1,0.0,0.0
2814,0,0,0.0,0,0,1,0.0,0.0
2815,0,0,0.0,1,0,0,0.0,0.0
2816,0,0,0.0,0,0,0,0.0,0.0
2817,0,0,0.0,1,0,1,0.0,0.0
2818,0,0,0.0,0,0,0,0.0,0.0
2819,0,0,0.0,1,0,1,0.0,0.0
2820,0,0,0.0,0,0,0,0.0,0.0
2821,0,0,0.0,1,0,0,0.0,0.0
2822,0,0,0.0,0,0,1,0.0,0.0
2823,0,0,0.0,1,0,0,0.0,0.0
2824,0,0,0.0,0,0,1,0.0,0.0
2825,0,0,0.0,1,0,1,0.0,0.0
2826,0,0,0.0,0,0,0,0.0,0.0
2827,0,0,0.0,1,0,1,0.0,0.0
2828,0,0,0.0,0,0,0,0.0,0.0
2829,0,0,0.0,1,0,1,0.0,0.0
2830,0,0,0.0,1,0,0,0.0,0.0
2831,0,0,0.0,1,0,1,0.0,0.0
2832,0,0,0.0,0,0,0,0.0,0.0
2833,0,0,0.0,0,0,1,0.0,0.0
2834,2,0,1.0,1,0,0,0.33,0.0
2835,2,0,1.0,0,0,0,0.67,0.0
2836,2,0,1.0,0,0,0,1.0,0.0
2837,3,0,1.5,0,0,0,1.5,0.0
2838,4,0,2.0,1,0,0,1.86,0.0
2839,4,0,2.0,0,0,0,2.43,0.0
2840,5,0,2.5,0,0,0,3.14,0.0
2841,6,0,3.0,0,0,0,4.0,0.0
2842,6,0,3.0,0,0,0,4.86,0.0
2843,7,0,3.5,0,0,0,5.86,0.0
2844,7,0,3.5,0,0,0,6.86,0.0
2845,7,0,3.5,0,0,0,7.86,0.0
2846,7,0,3.5,0,0,0,8.86,0.0
2847,7,0,3.5,0,0,0,9.86,0.0
2848,7,0,3.5,0,0,0,10.86,0.0
2849,7,0,3.5,0,0,0,11.86,0.0
2850,7,0,3.5,0,0,0,12.86,0.0
2851,7,0,3.5,0,0,0,13.86,0.0
2852,7,0,3.5,0,0,0,14.86,0.0
2853,7,0,3.5,0,0,0,15.86,0.0
2854,7,0,3.5,0,0,0,16.86,0.0
2855,7,0,3.5,0,0,0,17.86,0.0
2856,7,0,3.5,0,0,0,18.86,0.0
2857,7,0,3.5,0,0,0,19.86,0.0
2858,7,0,3.5,0,0,0,20.86,0.0
2859,7,0,3.5,0,0,0,21.86,0.0
2860,7,0,3.5,0,0,0,22.86,0.0
2861,7,0,3.5,0,0,0,23.86,0.0
2862,7,0,3.5,0,0,0,24.86,0.0
2863,7,0,3.5,0,0,0,25.86,0.0
2864,7,0,3.5,0,0,0,26.86,0.0
2865,7,0,3.5,0,0,0,27.86,0.0
2866,7,0,3.5,0,0,0,28.86,0.0
2867,7,0,3.5,0,0,0,29.86,0.0
2868,7,0,3.5,0,0,0,30.86,0.0
2869,7,0,3.5,0,0,0,31.86,0.0
2870,7,0,3.5,0,0,0,32.86,0.0
2871,7,0,3.5,0,0,0,33.86,0.0
2872,7,0,3.5,0,0,0,34.86,0.0
2873,7,0,3.5,0,0,0,35.86,0.0
2874,7,0,3.5,0,0,0,36.86,0.0
2875,7,0,3.5,0,0,0,37.86,0.0
2876,7,0,3.5,0,0,0,38.86,0.0
2877,7,0,3.5,0,0,0,39.86,0.0
2878,6,0,3.0,0,0,0,40.17,0.0
2879,5,0,2.5,0,0,0,33.5,0.0
2880,4,0,2.0,0,0,0,27.0,0.0
2881,3,0,1.5,0,0,0,24.4,0.0
2882,2,0,1.0,0,0,0,16.4,0.0
2883,1,0,0.5,0,0,0,8.2,0.0
2884,0,0,0.0,0,0,0,0.0,0.0
2885,0,0,0.0,0,0,0,0.0,0.0
2886,0,0,0.0,0,0,1,0.0,0.0
2887,0,0,0.0,0,0,0,0.0,0.0
2888,0,0,0.0,0,0,1,0.0,0.0
2889,0,0,0.0,1,0,0,0.0,0.0
2890,0,0,0.0,0,0,1,0.0,0.0
2891,0,0,0.0,1,0,0,0.0,0.0
2892,0,0,0.0,0,0,1,0.0,0.0
2893,0,0,0.0,1,0,0,0.0,0.0
2894,0,0,0.0,0,0,1,0.0,0.0
2895,0,0,0.0,1,0,0,0.0,0.0
2896,0,0,0.0,0,0,0,0.0,0.0
2897,0,0,0.0,1,0,1,0.0,0.0
2898,0,0,0.0,0,0,1,0.0,0.0
2899,0,0,0.0,1,0,0,0.0,0.0
2900,0,0,0.0,0,0,1,0.0,0.0
2901,0,0,0.0,1,0,0,0.0,0.0
2902,0,0,0.0,0,0,1,0.0,0.0
2903,0,0,0.0,1,0,0,0.0,0.0
2904,0,0,0.0,0,0,1,0.0,0.0
2905,0,0,0.0,1,0,0,0.0,0.0
2906,0,0,0.0,0,0,1,0.0,0.0
2907,0,0,0.0,1,0,1,0.0,0.0
2908,0,0,0.0,0,0,0,0.0,0.0
2909,0,0,0.0,1,0,1,0.0,0.0
2910,0,0,0.0,0,0,0,0.0,0.0
2911,0,0,0.0,1,0,0,0.0,0.0
2912,0,0,0.0,0,0,1,0.0,0.0
2913,0,0,0.0,1,0,0,0.0,0.0
2914,0,0,0.0,0,0,1,0.0,0.0
2915,0,0,0.0,1,0,0,0.0,0.0
2916,0,0,0.0,0,0,1,0.0,0.0
2917,0,0,0.0,1,0,0,0.0,0.0
2918,0,0,0.0,0,0,1,0.0,0.0
2919,0,0,0.0,1,0,1,0.0,0.0
2920,0,0,0.0,0,0,0,0.0,0.0
2921,0,0,0.0,1,0,0,0.0,0.0
2922,0,0,0.0,0,0,1,0.0,0.0
2923,0,0,0.0,1,0,1,0.0,0.0
2924,0,0,0.0,1,0,0,0.0,0.0
2925,0,0,0.0,0,0,1,0.0,0.0
2926,1,0,0.5,1,0,0,0.2,0.0
2927,1,0,0.5,0,0,1,0.4,0.0
2928,2,0,1.0,1,0,0,0.67,0.0
2929,3,0,1.5,0,0,0,1.17,0.0
2930,3,0,1.5,0,0,0,1.67,0.0
2931,4,0,2.0,1,0,0,2.0,0.0
2932,4,0,2.0,0,0,0,2.57,0.0
2933,5,0,2.5,0,0,0,3.29,0.0
2934,5,0,2.5,0,0,0,4.0,0.0
2935,6,0,3.0,0,0,0,4.86,0.0
2936,7,0,3.5,0,0,0,5.86,0.0
2937,7,0,3.5,0,0,0,6.86,0.0
2938,7,0,3.5,0,0,0,7.86,0.0
2939,7,0,3.5,0,0,0,8.86,0.0
2940,7,0,3.5,0,0,0,9.86,0.0
2941,7,0,3.5,0,0,0,10.86,0.0
2942,7,0,3.5,0,0,0,11.86,0.0
2943,7,0,3.5,0,0,0,12.86,0.0
2944,7,0,3.5,0,0,0,13.86,0.0
2945,7,0,3.5,0,0,0,14.86,0.0
2946,7,0,3.5,0,0,0,15.86,0.0
2947,7,0,3.5,0,0,0,16.86,0.0
2948,7,0,3.5,0,0,0,17.86,0.0
2949,7,0,3.5,0,0,0,18.86,0.0
2950,7,0,3.5,0,0,0,19.86,0.0
2951,7,0,3.5,0,0,0,20.86,0.0
2952,7,0,3.5,0,0,0,21.86,0.0
2953,7,0,3.5,0,0,0,22.86,0.0
2954,7,0,3.5,0,0,0,23.86,0.0
2955,7,0,3.5,0,0,0,24.86,0.0
2956,7,0,3.5,0,0,0,25.86,0.0
2957,7,0,3.5,0,0,0,26.86,0.0
2958,7,0,3.5,0,0,0,27.86,0.0
2959,7,0,3.5,0,0,0,28.86,0.0
2960,7,0,3.5,0,0,0,29.86,0.0
2961,7,0,3.5,0,0,0,30.86,0.0
2962,7,0,3.5,0,0,0,31.86,0.0
2963,7,0,3.5,0,0,0,32.86,0.0
2964,7,0,3.5,0,0,0,33.86,0.0
2965,7,0,3.5,0,0,0,34.86,0.0
2966,7,0,3.5,0,0,0,35.86,0.0
2967,7,0,3.5,0,0,0,36.86,0.0
2968,7,0,3.5,0,0,0,37.86,0.0
2969,7,0,3.5,0,0,0,38.86,0.0
2970,7,0,3.5,0,0,0,39.86,0.0
2971,7,0,3.5,0,0,0,40.86,0.0
2972,7,0,3.5,0,0,0,41.86,0.0
2973,7,0,3.5,0,0,0,42.86,0.0
2974,6,0,3.0,0,0,0,43.0,0.0
2975,5,0,2.5,0,0,0,36.0,0.0
2976,4,0,2.0,0,0,0,28.83,0.0
2977,3,0,1.5,0,0,0,26.0,0.0
2978,2,0,1.0,0,0,0,17.4,0.0
2979,1,0,0.5,0,0,0,8.8,0.0
2980,0,0,0.0,0,0,0,0.0,0.0
2981,0,0,0.0,0,0,0,0.0,0.0
2982,0,0,0.0,0,0,1,0.0,0.0
2983,0,0,0.0,0,0,0,0.0,0.0
2984,0,0,0.0,1,0,1,0.0,0.0
2985,0,0,0.0,0,0,0,0.0,0.0
2986,0,0,0.0,0,0,1,0.0,0.0
2987,0,0,0.0,1,0,0,0.0,0.0
2988,0,0,0.0,0,0,1,0.0,0.0
2989,0,0,0.0,1,0,0,0.0,0.0
2990,0,0,0.0,0,0,1,0.0,0.0
2991,0,0,0.0,1,0,0,0.0,0.0
2992,0,0,0.0,0,0,1,0.0,0.0
2993,0,0,0.0,1,0,1,0.0,0.0
2994,0,0,0.0,0,0,0,0.0,0.0
2995,0,0,0.0,1,0,1,0.0,0.0
2996,0,0,0.0,0,0,0,0.0,0.0
2997,0,0,0.0,1,0,1,0.0,0.0
2998,0,0,0.0,0,0,0,0.0,0.0
2999,0,0,0.0,1,0,1,0.0,0.0
3000,0,0,0.0,0,0,0,0.0,0.0
3001,0,0,0.0,1,0,0,0.0,0.0
3002,0,0,0.0,0,0,1,0.0,0.0
3003,0,0,0.0,1,0,0,0.0,0.0
3004,0,0,0.0,0,0,1,0.0,0.0
3005,0,0,0.0,1,0,0,0.0,0.0
3006,0,0,0.0,0,0,1,0.0,0.0
3007,0,0,0.0,1,0,0,0.0,0.0
3008,0,0,0.0,0,0,1,0.0,0.0
3009,0,0,0.0,1,0,1,0.0,0.0
3010,0,0,0.0,0,0,0,0.0,0.0
3011,0,0,0.0,1,0,1,0.0,0.0
3012,0,0,0.0,0,0,0,0.0,0.0
3013,0,0,0.0,1,0,0,0.0,0.0
3014,0,0,0.0,0,0,0,0.0,0.0
3015,0,0,0.0,1,0,1,0.0,0.0
3016,0,0,0.0,0,0,0,0.0,0.0
3017,0,0,0.0,1,0,1,0.0,0.0
3018,0,0,0.0,0,0,1,0.0,0.0
3019,0,0,0.0,1,0,0,0.0,0.0
3020,0,0,0.0,1,0,1,0.0,0.0
3021,1,0,0.5,0,0,0,0.25,0.0
3022,1,0,0.5,1,0,1,0.4,0.0
3023,1,0,0.5,0,0,0,0.6,0.0
3024,2,0,1.0,1,0,1,0.83,0.0
3025,2,0,1.0,0,0,0,1.17,0.0
3026,3,0,1.5,1,0,0,1.43,0.0
3027,3,0,1.5,0,0,0,1.86,0.0
3028,4,0,2.0,0,0,0,2.43,0.0
3029,4,0,2.0,0,0,0,2.86,0.0
3030,5,0,2.5,0,0,0,3.57,0.0
3031,6,0,3.0,0,0,0,4.43,0.0
3032,6,0,3.0,0,0,0,5.29,0.0
3033,7,0,3.5,0,0,0,6.29,0.0
3034,7,0,3.5,0,0,0,7.29,0.0
3035,7,0,3.5,0,0,0,8.29,0.0
3036,7,0,3.5,0,0,0,9.29,0.0
3037,7,0,3.5,0,0,0,10.29,0.0
3038,7,0,3.5,0,0,0,11.29,0.0
3039,7,0,3.5,0,0,0,12.29,0.0
3040,7,0,3.5,0,0,0,13.29,0.0
3041,7,0,3.5,0,0,0,14.29,0.0
3042,7,0,3.5,0,0,0,15.29,0.0
3043,7,0,3.5,0,0,0,16.29,0.0
3044,7,0,3.5,0,0,0,17.29,0.0
3045,7,0,3.5,0,0,0,18.29,0.0
3046,7,0,3.5,0,0,0,19.29,0.0
3047,7,0,3.5,0,0,0,20.29,0.0
3048,7,0,3.5,0,0,0,21.29,0.0
3049,7,0,3.5,0,0,0,22.29,0.0
3050,7,0,3.5,0,0,0,23.29,0.0
3051,7,0,3.5,0,0,0,24.29,0.0
3052,7,0,3.5,0,0,0,25.29,0.0
3053,7,0,3.5,0,0,0,26.29,0.0
3054,7,0,3.5,0,0,0,27.29,0.0
3055,7,0,3.5,0,0,0,28.29,0.0
3056,7,0,3.5,0,0,0,29.29,0.0
3057,7,0,3.5,0,0,0,30.29,0.0
3058,7,0,3.5,0,0,0,31.29,0.0
3059,7,0,3.5,0,0,0,32.29,0.0
3060,7,0,3.5,0,0,0,33.29,0.0
3061,7,0,3.5,0,0,0,34.29,0.0
3062,7,0,3.5,0,0,0,35.29,0.0
3063,7,0,3.5,0,0,0,36.29,0.0
3064,7,0,3.5,0,0,0,37.29,0.0
3065,7,0,3.5,0,0,0,38.29,0.0
3066,7,0,3.5,0,0,0,39.29,0.0
3067,7,0,3.5,0,0,0,40.29,0.0
3068,7,0,3.5,0,0,0,41.29,0.0
3069,7,0,3.5,0,0,0,42.29,0.0
3070,6,0,3.0,0,0,0,42.17,0.0
3071,5,0,2.5,0,0,0,35.17,0.0
3072,4,0,2.0,0,0,0,28.17,0.0
3073,3,0,1.5,0,0,0,21.33,0.0
3074,2,0,1.0,0,0,0,17.2,0.0
3075,1,0,0.5,0,0,0,8.6,0.0
3076,0,0,0.0,0,0,0,0.0,0.0
3077,0,0,0.0,0,0,0,0.0,0.0
3078,0,0,0.0,0,0,1,0.0,0.0
3079,0,0,0.0,0,0,0,0.0,0.0
3080,0,0,0.0,1,0,1,0.0,0.0
3081,0,0,0.0,0,0,0,0.0,0.0
3082,0,0,0.0,0,0,1,0.0,0.0
3083,0,0,0.0,1,0,0,0.0,0.0
3084,0,0,0.0,0,0,1,0.0,0.0
3085,0,0,0.0,1,0,0,0.0,0.0
3086,0,0,0.0,0,0,1,0.0,0.0
3087,0,0,0.0,1,0,0,0.0,0.0
3088,0,0,0.0,0,0,1,0.0,0.0
3089,0,0,0.0,1,0,0,0.0,0.0
3090,0,0,0.0,0,0,1,0.0,0.0
3091,0,0,0.0,1,0,0,0.0,0.0
3092,0,0,0.0,0,0,1,0.0,0.0
3093,0,0,0.0,1,0,1,0.0,0.0
3094,0,0,0.0,0,0,0,0.0,0.0
3095,0,0,0.0,1,0,1,0.0,0.0
3096,0,0,0.0,0,0,0,0.0,0.0
3097,0,0,0.0,1,0,1,0.0,0.0
3098,0,0,0.0,0,0,0,0.0,0.0
3099,0,0,0.0,1,0,0,0.0,0.0
3100,0,0,0.0,0,0,1,0.0,0.0
3101,0,0,0.0,1,0,0,0.0,0.0
3102,0,0,0.0,0,0,1,0.0,0.0
3103,0,0,0.0,1,0,1,0.0,0.0
3104,0,0,0.0,0,0,0,0.0,0.0
3105,0,0,0.0,1,0,1,0.0,0.0
3106,0,0,0.0,0,0,0,0.0,0.0
3107,0,0,0.0,1,0,0,0.0,0.0
3108,0,0,0.0,0,0,1,0.0,0.0
3109,0,0,0.0,1,0,0,0.0,0.0
3110,0,0,0.0,0,0,1,0.0,0.0
3111,0,0,0.0,1,0,1,0.0,0.0
3112,0,0,0.0,0,0,0,0.0,0.0
3113,0,0,0.0,1,0,1,0.0,0.0
3114,0,0,0.0,0,0,0,0.0,0.0
3115,0,0,0.0,1,0,1,0.0,0.0
3116,0,0,0.0,0,0,0,0.0,0.0
3117,0,0,0.0,1,0,1,0.0,0.0
3118,0,0,0.0,1,0,0,0.0,0.0
3119,0,0,0.0,0,0,1,0.0,0.0
3120,1,0,0.5,1,0,0,0.2,0.0
3121,1,0,0.5,0,0,1,0.4,0.0
3122,2,0,1.0,1,0,0,0.67,0.0
3123,3,0,1.5,0,0,0,1.17,0.0
3124,3,0,1.5,0,0,0,1.67,0.0
3125,4,0,2.0,1,0,0,2.0,0.0
3126,4,0,2.0,0,0,0,2.57,0.0
3127,5,0,2.5,0,0,0,3.29,0.0
3128,5,0,2.5,0,0,0,4.0,0.0
3129,6,0,3.0,0,0,0,4.86,0.0
3130,7,0,3.5,0,0,0,5.86,0.0
3131,7,0,3.5,0,0,0,6.86,0.0
3132,7,0,3.5,0,0,0,7.86,0.0
3133,7,0,3.5,0,0,0,8.86,0.0
3134,7,0,3.5,0,0,0,9.86,0.0
3135,7,0,3.5,0,0,0,10.86,0.0
3136,7,0,3.5,0,0,0,11.86,0.0
3137,7,0,3.5,0,0,0,12.86,0.0
3138,7,0,3.5,0,0,0,13.86,0.0
3139,7,0,3.5,0,0,0,14.86,0.0
3140,7,0,3.5,0,0,0,15.86,0.0
3141,7,0,3.5,0,0,0,16.86,0.0
3142,7,0,3.5,0,0,0,17.86,0.0
3143,7,0,3.5,0,0,0,18.86,0.0
3144,7,0,3.5,0,0,0,19.86,0.0
3145,7,0,3.5,0,0,0,20.86,0.0
3146,7,0,3.5,0,0,0,21.86,0.0
3147,7,0,3.5,0,0,0,22.86,0.0
3148,7,0,3.5,0,0,0,23.86,0.0
3149,7,0,3.5,0,0,0,24.86,0.0
3150,7,0,3.5,0,0,0,25.86,0.0
3151,7,0,3.5,0,0,0,26.86,0.0
3152,7,0,3.5,0,0,0,27.86,0.0
3153,7,0,3.5,0,0,0,28.86,0.0
3154,7,0,3.5,0,0,0,29.86,0.0
3155,7,0,3.5,0,0,0,30.86,0.0
3156,7,0,3.5,0,0,0,31.86,0.0
3157,7,0,3.5,0,0,0,32.86,0.0
3158,7,0,3.5,0,0,0,33.86,0.0
3159,7,0,3.5,0,0,0,34.86,0.0
3160,7,0,3.5,0,0,0,35.86,0.0
3161,7,0,3.5,0,0,0,36.86,0.0
3162,7,0,3.5,0,0,0,37.86,0.0
3163,7,0,3.5,0,0,0,38.86,0.0
3164,7,0,3.5,0,0,0,39.86,0.0
3165,7,0,3.5,0,0,0,40.86,0.0
3166,6,0,3.0,0,0,0,41.0,0.0
3167,5,0,2.5,0,0,0,34.33,0.0
3168,4,0,2.0,0,0,0,27.5,0.0
3169,3,0,1.5,0,0,0,24.8,0.0
3170,2,0,1.0,0,0,0,16.6,0.0
3171,1,0,0.5,0,0,0,10.5,0.0
3172,0,0,0.0,0,0,0,0.0,0.0
3173,0,0,0.0,0,0,0,0.0,0.0
3174,0,0,0.0,0,0,1,0.0,0.0
3175,0,0,0.0,0,0,0,0.0,0.0
3176,0,0,0.0,1,0,1,0.0,0.0
3177,0,0,0.0,0,0,1,0.0,0.0
3178,0,0,0.0,0,0,0,0.0,0.0
3179,0,0,0.0,1,0,1,0.0,0.0
3180,0,0,0.0,0,0,0,0.0,0.0
3181,0,0,0.0,1,0,1,0.0,0.0
3182,0,0,0.0,0,0,0,0.0,0.0
3183,0,0,0.0,1,0,1,0.0,0.0
3184,0,0,0.0,0,0,0,0.0,0.0
3185,0,0,0.0,1,0,0,0.0,0.0
3186,0,0,0.0,0,0,1,0.0,0.0
3187,0,0,0.0,1,0,0,0.0,0.0
3188,0,0,0.0,0,0,1,0.0,0.0
3189,0,0,0.0,1,0,0,0.0,0.0
3190,0,0,0.0,0,0,0,0.0,0.0
3191,0,0,0.0,1,0,0,0.0,0.0
3192,0,0,0.0,0,0,1,0.0,0.0
3193,0,0,0.0,1,0,0,0.0,0.0
3194,0,0,0.0,0,0,1,0.0,0.0
3195,0,0,0.0,1,0,1,0.0,0.0
3196,0,0,0.0,0,0,0,0.0,0.0
3197,0,0,0.0,1,0,1,0.0,0.0
3198,0,0,0.0,0,0,0,0.0,0.0
3199,0,0,0.0,1,0,1,0.0,0.0
3200,0,0,0.0,0,0,1,0.0,0.0
3201,0,0,0.0,1,0,0,0.0,0.0
3202,0,0,0.0,0,0,1,0.0,0.0
3203,0,0,0.0,1,0,0,0.0,0.0
3204,0,0,0.0,0,0,0,0.0,0.0
3205,0,0,0.0,1,0,1,0.0,0.0
3206,0,0,0.0,0,0,0,0.0,0.0
3207,0,0,0.0,1,0,1,0.0,0.0
3208,0,0,0.0,0,0,0,0.0,0.0
3209,0,0,0.0,1,0,1,0.0,0.0
3210,0,0,0.0,0,0,1,0.0,0.0
3211,0,0,0.0,1,0,0,0.0,0.0
3212,0,0,0.0,0,0,1,0.0,0.0
3213,0,0,0.0,1,0,0,0.0,0.0
3214,1,0,0.5,1,0,1,0.2,0.0
3215,1,0,0.5,0,0,1,0.4,0.0
3216,2,0,1.0,1,0,0,0.67,0.0
3217,2,0,1.0,0,0,0,1.0,0.0
3218,3,0,1.5,0,0,0,1.5,0.0
3219,3,0,1.5,0,0,0,2.0,0.0
3220,4,0,2.0,1,0,0,2.29,0.0
3221,4,0,2.0,0,0,0,2.86,0.0
3222,5,0,2.5,0,0,0,3.57,0.0
3223,6,0,3.0,0,0,0,4.43,0.0
3224,7,0,3.5,0,0,0,5.43,0.0
3225,7,0,3.5,0,0,0,6.43,0.0
3226,7,0,3.5,0,0,0,7.43,0.0
3227,7,0,3.5,0,0,0,8.43,0.0
3228,7,0,3.5,0,0,0,9.43,0.0
3229,7,0,3.5,0,0,0,10.43,0.0
3230,7,0,3.5,0,0,0,11.43,0.0
3231,7,0,3.5,0,0,0,12.43,0.0
3232,7,0,3.5,0,0,0,13.43,0.0
3233,7,0,3.5,0,0,0,14.43,0.0
3234,7,0,3.5,0,0,0,15.43,0.0
3235,7,0,3.5,0,0,0,16.43,0.0
3236,7,0,3.5,0,0,0,17.43,0.0
3237,7,0,3.5,0,0,0,18.43,0.0
3238,7,0,3.5,0,0,0,19.43,0.0
3239,7,0,3.5,0,0,0,20.43,0.0
3240,7,0,3.5,0,0,0,21.43,0.0
3241,7,0,3.5,0,0,0,22.43,0.0
3242,7,0,3.5,0,0,0,23.43,0.0
3243,7,0,3.5,0,0,0,24.43,0.0
3244,7,0,3.5,0,0,0,25.43,0.0
3245,7,0,3.5,0,0,0,26.43,0.0
3246,7,0,3.5,0,0,0,27.43,0.0
3247,7,0,3.5,0,0,0,28.43,0.0
3248,7,0,3.5,0,0,0,29.43,0.0
3249,7,0,3.5,0,0,0,30.43,0.0
3250,7,0,3.5,0,0,0,31.43,0.0
3251,7,0,3.5,0,0,0,32.43,0.0
3252,7,0,3.5,0,0,0,33.43,0.0
3253,7,0,3.5,0,0,0,34.43,0.0
3254,7,0,3.5,0,0,0,35.43,0.0
3255,7,0,3.5,0,0,0,36.43,0.0
3256,7,0,3.5,0,0,0,37.43,0.0
3257,7,0,3.5,0,0,0,38.43,0.0
3258,7,0,3.5,0,0,0,39.43,0.0
3259,7,0,3.5,0,0,0,40.43,0.0
3260,7,0,3.5,0,0,0,41.43,0.0
3261,7,0,3.5,0,0,0,42.43,0.0
3262,6,0,3.0,0,0,0,42.5,0.0
3263,5,0,2.5,0,0,0,35.5,0.0
3264,4,0,2.0,0,0,0,28.5,0.0
3265,3,0,1.5,0,0,0,25.8,0.0
3266,2,0,1.0,0,0,0,17.4,0.0
3267,1,0,0.5,0,0,0,11.0,0.0
3268,0,0,0.0,0,0,0,0.0,0.0
3269,0,0,0.0,0,0,0,0.0,0.0
3270,0,0,0.0,0,0,1,0.0,0.0
3271,0,0,0.0,0,0,0,0.0,0.0
3272,0,0,0.0,1,0,1,0.0,0.0
3273,0,0,0.0,0,0,1,0.0,0.0
3274,0,0,0.0,0,0,0,0.0,0.0
3275,0,0,0.0,1,0,0,0.0,0.0
3276,0,0,0.0,0,0,1,0.0,0.0
3277,0,0,0.0,1,0,1,0.0,0.0
3278,0,0,0.0,0,0,0,0.0,0.0
3279,0,0,0.0,1,0,1,0.0,0.0
3280,0,0,0.0,0,0,0,0.0,0.0
3281,0,0,0.0,1,0,1,0.0,0.0
3282,0,0,0.0,0,0,0,0.0,0.0
3283,0,0,0.0,1,0,1,0.0,0.0
3284,0,0,0.0,0,0,0,0.0,0.0
3285,0,0,0.0,1,0,1,0.0,0.0
3286,0,0,0.0,1,0,0,0.0,0.0
3287,0,0,0.0,0,0,1,0.0,0.0
3288,0,0,0.0,0,0,0,0.0,0.0
3289,0,0,0.0,1,0,1,0.0,0.0
3290,0,0,0.0,0,0,0,0.0,0.0
3291,0,0,0.0,1,0,1,0.0,0.0
3292,0,0,0.0,0,0,1,0.0,0.0
3293,0,0,0.0,1,0,0,0.0,0.0
3294,0,0,0.0,0,0,0,0.0,0.0
3295,0,0,0.0,1,0,1,0.0,0.0
3296,0,0,0.0,0,0,0,0.0,0.0
3297,0,0,0.0,1,0,0,0.0,0.0
3298,0,0,0.0,0,0,1,0.0,0.0
3299,0,0,0.0,1,0,0,0.0,0.0
3300,0,0,0.0,0,0,1,0.0,0.0
3301,0,0,0.0,1,0,0,0.0,0.0
3302,0,0,0.0,0,0,1,0.0,0.0
3303,0,0,0.0,1,0,0,0.0,0.0
3304,0,0,0.0,0,0,1,0.0,0.0
3305,0,0,0.0,1,0,0,0.0,0.0
3306,0,0,0.0,0,0,1,0.0,0.0
3307,0,0,0.0,1,0,1,0.0,0.0
3308,0,0,0.0,0,0,0,0.0,0.0
3309,0,0,0.0,1,0,1,0.0,0.0
3310,0,0,0.0,0,0,0,0.0,0.0
3311,0,0,0.0,1,0,1,0.0,0.0
3312,1,0,0.5,0,0,1,0.25,0.0
3313,1,0,0.5,1,0,0,0.4,0.0
3314,2,0,1.0,0,0,0,0.8,0.0
3315,2,0,1.0,1,0,0,1.0,0.0
3316,2,0,1.0,0,0,0,1.33,0.0
3317,3,0,1.5,0,0,0,1.83,0.0
3318,3,0,1.5,1,0,0,2.0,0.0
3319,4,0,2.0,0,0,0,2.57,0.0
3320,4,0,2.0,0,0,0,3.14,0.0
3321,6,0,3.0,0,0,0,4.0,0.0
3322,5,0,2.5,0,0,0,4.57,0.0
3323,6,0,3.0,0,0,0,5.43,0.0
3324,7,0,3.5,0,0,0,6.43,0.0
3325,7,0,3.5,0,0,0,7.43,0.0
3326,7,0,3.5,0,0,0,8.43,0.0
3327,7,0,3.5,0,0,0,9.43,0.0
3328,7,0,3.5,0,0,0,10.43,0.0
3329,7,0,3.5,0,0,0,11.43,0.0
3330,7,0,3.5,0,0,0,12.43,0.0
3331,7,0,3.5,0,0,0,13.43,0.0
3332,7,0,3.5,0,0,0,14.43,0.0
3333,7,0,3.5,0,0,0,15.43,0.0
3334,7,0,3.5,0,0,0,16.43,0.0
3335,7,0,3.5,0,0,0,17.43,0.0
3336,7,0,3.5,0,0,0,18.43,0.0
3337,7,0,3.5,0,0,0,19.43,0.0
3338,7,0,3.5,0,0,0,20.43,0.0
3339,7,0,3.5,0,0,0,21.43,0.0
3340,7,0,3.5,0,0,0,22.43,0.0
3341,7,0,3.5,0,0,0,23.43,0.0
3342,7,0,3.5,0,0,0,24.43,0.0
3343,7,0,3.5,0,0,0,25.43,0.0
3344,7,0,3.5,0,0,0,26.43,0.0
3345,7,0,3.5,0,0,0,27.43,0.0
3346,7,0,3.5,0,0,0,28.43,0.0
3347,7,0,3.5,0,0,0,29.43,0.0
3348,7,0,3.5,0,0,0,30.43,0.0
3349,7,0,3.5,0,0,0,31.43,0.0
3350,7,0,3.5,0,0,0,32.43,0.0
3351,7,0,3.5,0,0,0,33.43,0.0
3352,7,0,3.5,0,0,0,34.43,0.0
3353,7,0,3.5,0,0,0,35.43,0.0
3354,7,0,3.5,0,0,0,36.43,0.0
3355,7,0,3.5,0,0,0,37.43,0.0
3356,7,0,3.5,0,0,0,38.43,0.0
3357,7,0,3.5,0,0,0,39.43,0.0
3358,6,0,3.0,0,0,0,39.33,0.0
3359,5,0,2.5,0,0,0,32.67,0.0
3360,4,0,2.0,0,0,0,26.17,0.0
3361,3,0,1.5,0,0,0,23.6,0.0
3362,2,0,1.0,0,0,0,15.8,0.0
3363,1,0,0.5,0,0,0,8.0,0.0
3364,0,0,0.0,0,0,0,0.0,0.0
3365,0,0,0.0,0,0,0,0.0,0.0
3366,0,0,0.0,0,0,1,0.0,0.0
3367,0,0,0.0,0,0,0,0.0,0.0
3368,0,0,0.0,1,0,0,0.0,0.0
3369,0,0,0.0,0,0,1,0.0,0.0
3370,0,0,0.0,0,0,0,0.0,0.0
3371,0,0,0.0,1,0,1,0.0,0.0
3372,0,0,0.0,0,0,0,0.0,0.0
3373,0,0,0.0,1,0,1,0.0,0.0
3374,0,0,0.0,0,0,1,0.0,0.0
3375,0,0,0.0,1,0,0,0.0,0.0
3376,0,0,0.0,0,0,1,0.0,0.0
3377,0,0,0.0,1,0,0,0.0,0.0
3378,0,0,0.0,0,0,1,0.0,0.0
3379,0,0,0.0,1,0,0,0.0,0.0
3380,0,0,0.0,0,0,1,0.0,0.0
3381,0,0,0.0,1,0,1,0.0,0.0
3382,0,0,0.0,0,0,0,0.0,0.0
3383,0,0,0.0,1,0,1,0.0,0.0
3384,0,0,0.0,0,0,0,0.0,0.0
3385,0,0,0.0,1,0,1,0.0,0.0
3386,0,0,0.0,0,0,0,0.0,0.0
3387,0,0,0.0,1,0,1,0.0,0.0
3388,0,0,0.0,0,0,1,0.0,0.0
3389,0,0,0.0,1,0,0,0.0,0.0
3390,0,0,0.0,0,0,1,0.0,0.0
3391,0,0,0.0,1,0,0,0.0,0.0
3392,0,0,0.0,0,0,0,0.0,0.0
3393,0,0,0.0,1,0,1,0.0,0.0
3394,0,0,0.0,0,0,1,0.0,0.0
3395,0,0,0.0,1,0,0,0.0,0.0
3396,0,0,0.0,0,0,0,0.0,0.0
3397,0,0,0.0,1,0,0,0.0,0.0
3398,0,0,0.0,0,0,0,0.0,0.0
3399,0,0,0.0,1,0,1,0.0,0.0
3400,0,0,0.0,0,0,1,0.0,0.0
3401,0,0,0.0,1,0,0,0.0,0.0
3402,0,0,0.0,0,0,1,0.0,0.0
3403,0,0,0.0,1,0,0,0.0,0.0
3404,0,0,0.0,1,0,1,0.0,0.0
3405,0,0,0.0,0,0,0,0.0,0.0
3406,1,0,0.5,1,0,1,0.2,0.0
3407,2,0,1.0,0,0,0,0.6,0.0
3408,2,0,1.0,1,0,1,0.83,0.0
3409,2,0,1.0,0,0,0,1.17,0.0
3410,3,0,1.5,0,0,0,1.67,0.0
3411,4,0,2.0,1,0,0,2.0,0.0
3412,4,0,2.0,0,0,0,2.57,0.0
3413,4,0,2.0,0,0,0,3.14,0.0
3414,5,0,2.5,0,0,0,3.86,0.0
3415,6,0,3.0,0,0,0,4.71,0.0
3416,7,0,3.5,0,0,0,5.71,0.0
3417,7,0,3.5,0,0,0,6.71,0.0
3418,7,0,3.5,0,0,0,7.71,0.0
3419,7,0,3.5,0,0,0,8.71,0.0
3420,7,0,3.5,0,0,0,9.71,0.0
3421,7,0,3.5,0,0,0,10.71,0.0
3422,7,0,3.5,0,0,0,11.71,0.0
3423,7,0,3.5,0,0,0,12.71,0.0
3424,7,0,3.5,0,0,0,13.71,0.0
3425,7,0,3.5,0,0,0,14.71,0.0
3426,7,0,3.5,0,0,0,15.71,0.0
3427,7,0,3.5,0,0,0,16.71,0.0
3428,7,0,3.5,0,0,0,17.71,0.0
3429,7,0,3.5,0,0,0,18.71,0.0
3430,7,0,3.5,0,0,0,19.71,0.0
3431,7,0,3.5,0,0,0,20.71,0.0
3432,7,0,3.5,0,0,0,21.71,0.0
3433,7,0,3.5,0,0,0,22.71,0.0
3434,7,0,3.5,0,0,0,23.71,0.0
3435,7,0,3.5,0,0,0,24.71,0.0
3436,7,0,3.5,0,0,0,25.71,0.0
3437,7,0,3.5,0,0,0,26.71,0.0
3438,7,0,3.5,0,0,0,27.71,0.0
3439,7,0,3.5,0,0,0,28.71,0.0
3440,7,0,3.5,0,0,0,29.71,0.0
3441,7,0,3.5,0,0,0,30.71,0.0
3442,7,0,3.5,0,0,0,31.71,0.0
3443,7,0,3.5,0,0,0,32.71,0.0
3444,7,0,3.5,0,0,0,33.71,0.0
3445,7,0,3.5,0,0,0,34.71,0.0
3446,7,0,3.5,0,0,0,35.71,0.0
3447,7,0,3.5,0,0,0,36.71,0.0
3448,7,0,3.5,0,0,0,37.71,0.0
3449,7,0,3.5,0,0,0,38.71,0.0
3450,7,0,3.5,0,0,0,39.71,0.0
3451,7,0,3.5,0,0,0,40.71,0.0
3452,7,0,3.5,0,0,0,41.71,0.0
3453,7,0,3.5,0,0,0,42.71,0.0
3454,6,0,3.0,0,0,0,42.83,0.0
3455,5,0,2.5,0,0,0,35.67,0.0
3456,4,0,2.0,0,0,0,28.67,0.0
3457,3,0,1.5,0,0,0,25.8,0.0
3458,2,0,1.0,0,0,0,17.4,0.0
3459,1,0,0.5,0,0,0,11.0,0.0
3460,0,0,0.0,0,0,0,0.0,0.0
3461,0,0,0.0,0,0,0,0.0,0.0
3462,0,0,0.0,0,0,1,0.0,0.0
3463,0,0,0.0,0,0,0,0.0,0.0
3464,0,0,0.0,1,0,1,0.0,0.0
3465,0,0,0.0,0,0,1,0.0,0.0
3466,0,0,0.0,1,0,0,0.0,0.0
3467,0,0,0.0,0,0,1,0.0,0.0
3468,0,0,0.0,1,0,0,0.0,0.0
3469,0,0,0.0,0,0,1,0.0,0.0
3470,0,0,0.0,1,0,0,0.0,0.0
3471,0,0,0.0,0,0,1,0.0,0.0
3472,0,0,0.0,1,0,0,0.0,0.0
3473,0,0,0.0,0,0,1,0.0,0.0
3474,0,0,0.0,1,0,0,0.0,0.0
3475,0,0,0.0,0,0,0,0.0,0.0
3476,0,0,0.0,1,0,0,0.0,0.0
3477,0,0,0.0,0,0,0,0.0,0.0
3478,0,0,0.0,1,0,1,0.0,0.0
3479,0,0,0.0,0,0,0,0.0,0.0
3480,0,0,0.0,1,0,1,0.0,0.0
3481,0,0,0.0,0,0,1,0.0,0.0
3482,0,0,0.0,1,0,0,0.0,0.0
3483,0,0,0.0,0,0,1,0.0,0.0
3484,0,0,0.0,0,0,0,0.0,0.0
3485,0,0,0.0,1,0,1,0.0,0.0
3486,0,0,0.0,0,0,0,0.0,0.0
3487,0,0,0.0,1,0,1,0.0,0.0
3488,0,0,0.0,0,0,0,0.0,0.0
3489,0,0,0.0,1,0,1,0.0,0.0
3490,0,0,0.0,0,0,0,0.0,0.0
3491,0,0,0.0,1,0,1,0.0,0.0
3492,0,0,0.0,0,0,1,0.0,0.0
3493,0,0,0.0,1,0,0,0.0,0.0
3494,0,0,0.0,0,0,1,0.0,0.0
3495,0,0,0.0,1,0,0,0.0,0.0
3496,0,0,0.0,0,0,1,0.0,0.0
3497,0,0,0.0,1,0,1,0.0,0.0
3498,0,0,0.0,0,0,0,0.0,0.0
3499,0,0,0.0,1,0,1,0.0,0.0
3500,0,0,0.0,1,0,0,0.0,0.0
3501,0,0,0.0,0,0,0,0.0,0.0
3502,0,0,0.0,1,0,1,0.0,0.0
3503,1,0,0.5,0,0,1,0.2,0.0
3504,2,0,1.0,1,0,0,0.5,0.0
3505,2,0,1.0,0,0,0,0.83,0.0
3506,3,0,1.5,0,0,0,1.33,0.0
3507,3,0,1.5,1,0,0,1.57,0.0
3508,4,0,2.0,0,0,0,2.14,0.0
3509,4,0,2.0,0,0,0,2.71,0.0
3510,6,0,3.0,0,0,0,3.57,0.0
3511,7,0,3.5,0,0,0,4.57,0.0
3512,7,0,3.5,0,0,0,5.57,0.0
3513,7,0,3.5,0,0,0,6.57,0.0
3514,7,0,3.5,0,0,0,7.57,0.0
3515,7,0,3.5,0,0,0,8.57,0.0
3516,7,0,3.5,0,0,0,9.57,0.0
3517,7,0,3.5,0,0,0,10.57,0.0
3518,7,0,3.5,0,0,0,11.57,0.0
3519,7,0,3.5,0,0,0,12.57,0.0
3520,7,0,3.5,0,0,0,13.57,0.0
3521,7,0,3.5,0,0,0,14.57,0.0
3522,7,0,3.5,0,0,0,15.57,0.0
3523,7,0,3.5,0,0,0,16.57,0.0
3524,7,0,3.5,0,0,0,17.57,0.0
3525,7,0,3.5,0,0,0,18.57,0.0
3526,7,0,3.5,0,0,0,19.57,0.0
3527,7,0,3.5,0,0,0,20.57,0.0
3528,7,0,3.5,0,0,0,21.57,0.0
3529,7,0,3.5,0,0,0,22.57,0.0
3530,7,0,3.5,0,0,0,23.57,0.0
3531,7,0,3.5,0,0,0,24.57,0.0
3532,7,0,3.5,0,0,0,25.57,0.0
3533,7,0,3.5,0,0,0,26.57,0.0
3534,7,0,3.5,0,0,0,27.57,0.0
3535,7,0,3.5,0,0,0,28.57,0.0
3536,7,0,3.5,0,0,0,29.57,0.0
3537,7,0,3.5,0,0,0,30.57,0.0
3538,7,0,3.5,0,0,0,31.57,0.0
3539,7,0,3.5,0,0,0,32.57,0.0
3540,7,0,3.5,0,0,0,33.57,0.0
3541,7,0,3.5,0,0,0,34.57,0.0
3542,7,0,3.5,0,0,0,35.57,0.0
3543,7,0,3.5,0,0,0,36.57,0.0
3544,7,0,3.5,0,0,0,37.57,0.0
3545,7,0,3.5,0,0,0,38.57,0.0
3546,7,0,3.5,0,0,0,39.57,0.0
3547,7,0,3.5,0,0,0,40.57,0.0
3548,7,0,3.5,0,0,0,41.57,0.0
3549,7,0,3.5,0,0,0,42.57,0.0
3550,6,0,3.0,0,0,0,42.83,0.0
3551,5,0,2.5,0,0,0,35.83,0.0
3552,4,0,2.0,0,0,0,28.83,0.0
3553,3,0,1.5,0,0,0,26.2,0.0
3554,2,0,1.0,0,0,0,17.8,0.0
3555,1,0,0.5,0,0,0,9.0,0.0
3556,0,0,0.0,0,0,0,0.0,0.0
3557,0,0,0.0,0,0,0,0.0,0.0
3558,0,0,0.0,0,0,1,0.0,0.0
3559,0,0,0.0,0,0,0,0.0,0.0
3560,0,0,0.0,1,0,1,0.0,0.0
3561,0,0,0.0,0,0,0,0.0,0.0
3562,0,0,0.0,0,0,1,0.0,0.0
3563,0,0,0.0,1,0,0,0.0,0.0
3564,0,0,0.0,0,0,1,0.0,0.0
3565,0,0,0.0,1,0,0,0.0,0.0
3566,0,0,0.0,0,0,1,0.0,0.0
3567,0,0,0.0,1,0,0,0.0,0.0
3568,0,0,0.0,0,0,1,0.0,0.0
3569,0,0,0.0,1,0,1,0.0,0.0
3570,0,0,0.0,0,0,0,0.0,0.0
3571,0,0,0.0,1,0,1,0.0,0.0
3572,0,0,0.0,0,0,0,0.0,0.0
3573,0,0,0.0,1,0,1,0.0,0.0
3574,0,0,0.0,0,0,0,0.0,0.0
3575,0,0,0.0,1,0,1,0.0,0.0
3576,0,0,0.0,0,0,0,0.0,0.0
3577,0,0,0.0,1,0,1,0.0,0.0
3578,0,0,0.0,0,0,0,0.0,0.0
3579,0,0,0.0,1,0,1,0.0,0.0
3580,0,0,0.0,0,0,1,0.0,0.0
3581,0,0,0.0,1,0,0,0.0,0.0
3582,0,0,0.0,0,0,1,0.0,0.0
3583,0,0,0.0,1,0,0,0.0,0.0
3584,0,0,0.0,0,0,0,0.0,0.0
3585,0,0,0.0,1,0,1,0.0,0.0
3586,0,0,0.0,0,0,0,0.0,0.0
3587,0,0,0.0,1,0,1,0.0,0.0
3588,0,0,0.0,0,0,0,0.0,0.0
3589,0,0,0.0,1,0,1,0.0,0.0
3590,0,0,0.0,0,0,0,0.0,0.0
3591,0,0,0.0,1,0,1,0.0,0.0
3592,0,0,0.0,0,0,0,0.0,0.0
3593,0,0,0.0,1,0,1,0.0,0.0
3594,0,0,0.0,0,0,0,0.0,0.0
3595,0,0,0.0,1,0,1,0.0,0.0
3596,0,0,0.0,0,0,1,0.0,0.0
3597,0,0,0.0,1,0,0,0.0,0.0
3598,0,0,0.0,1,0,1,0.0,0.0
3599,0,0,0.0,0,0,0,0.0,0.0
3600,1,0,0.5,1,0,0,0.2,0.0
3601,1,0,0.5,0,0,1,0.4,0.0
3602,2,0,1.0,1,0,0,0.67,0.0
3603,2,0,1.0,0,0,0,1.0,0.0
3604,2,0,1.0,0,0,0,1.33,0.0
3605,3,0,1.5,1,0,0,1.57,0.0
3606,4,0,2.0,0,0,0,2.14,0.0
3607,4,0,2.0,0,0,0,2.71,0.0
3608,5,0,2.5,0,0,0,3.43,0.0
3609,6,0,3.0,0,0,0,4.29,0.0
3610,6,0,3.0,0,0,0,5.14,0.0
3611,7,0,3.5,0,0,0,6.14,0.0
3612,7,0,3.5,0,0,0,7.14,0.0
3613,7,0,3.5,0,0,0,8.14,0.0
3614,7,0,3.5,0,0,0,9.14,0.0
3615,7,0,3.5,0,0,0,10.14,0.0
3616,7,0,3.5,0,0,0,11.14,0.0
3617,7,0,3.5,0,0,0,12.14,0.0
3618,7,0,3.5,0,0,0,13.14,0.0
3619,7,0,3.5,0,0,0,14.14,0.0
3620,7,0,3.5,0,0,0,15.14,0.0
3621,7,0,3.5,0,0,0,16.14,0.0
3622,7,0,3.5,0,0,0,17.14,0.0
3623,7,0,3.5,0,0,0,18.14,0.0
3624,7,0,3.5,0,0,0,19.14,0.0
3625,7,0,3.5,0,0,0,20.14,0.0
3626,7,0,3.5,0,0,0,21.14,0.0
3627,7,0,3.5,0,0,0,22.14,0.0
3628,7,0,3.5,0,0,0,23.14,0.0
3629,7,0,3.5,0,0,0,24.14,0.0
3630,7,0,3.5,0,0,0,25.14,0.0
3631,7,0,3.5,0,0,0,26.14,0.0
3632,7,0,3.5,0,0,0,27.14,0.0
3633,7,0,3.5,0,0,0,28.14,0.0
3634,7,0,3.5,0,0,0,29.14,0.0
3635,7,0,3.5,0,0,0,30.14,0.0
3636,7,0,3.5,0,0,0,31.14,0.0
3637,7,0,3.5,0,0,0,32.14,0.0
3638,7,0,3.5,0,0,0,33.14,0.0
3639,7,0,3.5,0,0,0,34.14,0.0
3640,7,0,3.5,0,0,0,35.14,0.0
3641,7,0,3.5,0,0,0,36.14,0.0
3642,7,0,3.5,0,0,0,37.14,0.0
3643,7,0,3.5,0,0,0,38.14,0.0
3644,7,0,3.5,0,0,0,39.14,0.0
3645,7,0,3.5,0,0,0,40.14,0.0
3646,6,0,3.0,0,0,0,40.17,0.0
3647,5,0,2.5,0,0,0,33.5,0.0
3648,4,0,2.0,0,0,0,27.0,0.0
3649,3,0,1.5,0,0,0,24.4,0.0
3650,2,0,1.0,0,0,0,16.4,0.0
3651,1,0,0.5,0,0,0,8.2,0.0
3652,1,0,0.5,0,0,0,10.5,0.0
3653,0,0,0.0,0,0,0,0.0,0.0
3654,0,0,0.0,0,0,1,0.0,0.0
3655,0,0,0.0,0,0,0,0.0,0.0
3656,0,0,0.0,1,0,1,0.0,0.0
3657,0,0,0.0,0,0,0,0.0,0.0
3658,0,0,0.0,0,0,1,0.0,0.0
3659,0,0,0.0,1,0,0,0.0,0.0
3660,0,0,0.0,0,0,1,0.0,0.0
3661,0,0,0.0,1,0,0,0.0,0.0
3662,0,0,0.0,0,0,1,0.0,0.0
3663,0,0,0.0,1,0,1,0.0,0.0
3664,0,0,0.0,0,0,0,0.0,0.0
3665,0,0,0.0,1,0,0,0.0,0.0
3666,0,0,0.0,0,0,1,0.0,0.0
3667,0,0,0.0,1,0,1,0.0,0.0
3668,0,0,0.0,0,0,0,0.0,0.0
3669,0,0,0.0,1,0,1,0.0,0.0
3670,0,0,0.0,0,0,0,0.0,0.0
3671,0,0,0.0,1,0,1,0.0,0.0
3672,0,0,0.0,0,0,0,0.0,0.0
3673,0,0,0.0,1,0,1,0.0,0.0
3674,0,0,0.0,0,0,1,0.0,0.0
3675,0,0,0.0,1,0,0,0.0,0.0
3676,0,0,0.0,0,0,0,0.0,0.0
3677,0,0,0.0,1,0,0,0.0,0.0
3678,0,0,0.0,0,0,1,0.0,0.0
3679,0,0,0.0,1,0,0,0.0,0.0
3680,0,0,0.0,0,0,1,0.0,0.0
3681,0,0,0.0,1,0,1,0.0,0.0
3682,0,0,0.0,0,0,0,0.0,0.0
3683,0,0,0.0,1,0,1,0.0,0.0
3684,0,0,0.0,0,0,0,0.0,0.0
3685,0,0,0.0,1,0,1,0.0,0.0
3686,0,0,0.0,0,0,0,0.0,0.0
3687,0,0,0.0,1,0,1,0.0,0.0
3688,0,0,0.0,0,0,0,0.0,0.0
3689,0,0,0.0,1,0,1,0.0,0.0
3690,0,0,0.0,0,0,1,0.0,0.0
3691,0,0,0.0,1,0,0,0.0,0.0
3692,0,0,0.0,1,0,0,0.0,0.0
3693,1,0,0.5,0,0,1,0.25,0.0
3694,1,0,0.5,1,0,0,0.4,0.0
3695,2,0,1.0,0,0,1,0.8,0.0
3696,2,0,1.0,1,0,0,1.0,0.0
3697,2,0,1.0,0,0,0,1.33,0.0
3698,3,0,1.5,1,0,0,1.57,0.0
3699,3,0,1.5,0,0,0,2.0,0.0
3700,4,0,2.0,0,0,0,2.57,0.0
3701,5,0,2.5,0,0,0,3.29,0.0
3702,5,0,2.5,0,0,0,4.0,0.0
3703,6,0,3.0,0,0,0,4.86,0.0
3704,7,0,3.5,0,0,0,5.86,0.0
3705,7,0,3.5,0,0,0,6.86,0.0
3706,7,0,3.5,0,0,0,7.86,0.0
3707,7,0,3.5,0,0,0,8.86,0.0
3708,7,0,3.5,0,0,0,9.86,0.0
3709,7,0,3.5,0,0,0,10.86,0.0
3710,7,0,3.5,0,0,0,11.86,0.0
3711,7,0,3.5,0,0,0,12.86,0.0
3712,7,0,3.5,0,0,0,13.86,0.0
3713,7,0,3.5,0,0,0,14.86,0.0
3714,7,0,3.5,0,0,0,15.86,0.0
3715,7,0,3.5,0,0,0,16.86,0.0
3716,7,0,3.5,0,0,0,17.86,0.0
3717,7,0,3.5,0,0,0,18.86,0.0
3718,7,0,3.5,0,0,0,19.86,0.0
3719,7,0,3.5,0,0,0,20.86,0.0
3720,7,0,3.5,0,0,0,21.86,0.0
3721,7,0,3.5,0,0,0,22.86,0.0
3722,7,0,3.5,0,0,0,23.86,0.0
3723,7,0,3.5,0,0,0,24.86,0.0
3724,7,0,3.5,0,0,0,25.86,0.0
3725,7,0,3.5,0,0,0,26.86,0.0
3726,7,0,3.5,0,0,0,27.86,0.0
3727,7,0,3.5,0,0,0,28.86,0.0
3728,7,0,3.5,0,0,0,29.86,0.0
3729,7,0,3.5,0,0,0,30.86,0.0
3730,7,0,3.5,0,0,0,31.86,0.0
3731,7,0,3.5,0,0,0,32.86,0.0
3732,7,0,3.5,0,0,0,33.86,0.0
3733,7,0,3.5,0,0,0,34.86,0.0
3734,7,0,3.5,0,0,0,35.86,0.0
3735,7,0,3.5,0,0,0,36.86,0.0
3736,7,0,3.5,0,0,0,37.86,0.0
3737,7,0,3.5,0,0,0,38.86,0.0
3738,7,0,3.5,0,0,0,39.86,0.0
3739,7,0,3.5,0,0,0,40.86,0.0
3740,7,0,3.5,0,0,0,41.86,0.0
3741,7,0,3.5,0,0,0,42.86,0.0
3742,6,0,3.0,0,0,0,42.83,0.0
3743,5,0,2.5,0,0,0,35.67,0.0
3744,4,0,2.0,0,0,0,28.67,0.0
3745,3,0,1.5,0,0,0,26.0,0.0
3746,2,0,1.0,0,0,0,17.4,0.0
3747,1,0,0.5,0,0,0,8.8,0.0
3748,1,0,0.5,0,0,0,11.25,0.0
3749,0,0,0.0,0,0,0,0.0,0.0
3750,0,0,0.0,0,0,1,0.0,0.0
3751,0,0,0.0,0,0,0,0.0,0.0
3752,0,0,0.0,1,0,1,0.0,0.0
3753,0,0,0.0,0,0,0,0.0,0.0
3754,0,0,0.0,1,0,1,0.0,0.0
3755,0,0,0.0,0,0,0,0.0,0.0
3756,0,0,0.0,0,0,1,0.0,0.0
3757,0,0,0.0,1,0,0,0.0,0.0
3758,0,0,0.0,0,0,1,0.0,0.0
3759,0,0,0.0,1,0,1,0.0,0.0
3760,0,0,0.0,0,0,0,0.0,0.0
3761,0,0,0.0,1,0,1,0.0,0.0
3762,0,0,0.0,0,0,0,0.0,0.0
3763,0,0,0.0,1,0,1,0.0,0.0
3764,0,0,0.0,0,0,0,0.0,0.0
3765,0,0,0.0,1,0,1,0.0,0.0
3766,0,0,0.0,0,0,0,0.0,0.0
3767,0,0,0.0,1,0,1,0.0,0.0
3768,0,0,0.0,0,0,0,0.0,0.0
3769,0,0,0.0,1,0,0,0.0,0.0
3770,0,0,0.0,0,0,1,0.0,0.0
3771,0,0,0.0,1,0,0,0.0,0.0
3772,0,0,0.0,0,0,1,0.0,0.0
3773,0,0,0.0,1,0,1,0.0,0.0
3774,0,0,0.0,0,0,0,0.0,0.0
3775,0,0,0.0,1,0,1,0.0,0.0
3776,0,0,0.0,0,0,0,0.0,0.0
3777,0,0,0.0,1,0,1,0.0,0.0
3778,0,0,0.0,0,0,0,0.0,0.0
3779,0,0,0.0,1,0,1,0.0,0.0
3780,0,0,0.0,0,0,0,0.0,0.0
3781,0,0,0.0,1,0,1,0.0,0.0
3782,0,0,0.0,0,0,0,0.0,0.0
3783,0,0,0.0,1,0,1,0.0,0.0
3784,0,0,0.0,0,0,0,0.0,0.0
3785,0,0,0.0,1,0,0,0.0,0.0
3786,0,0,0.0,0,0,1,0.0,0.0
3787,0,0,0.0,1,0,1,0.0,0.0
3788,0,0,0.0,0,0,0,0.0,0.0
3789,0,0,0.0,1,0,1,0.0,0.0
3790,0,0,0.0,0,0,0,0.0,0.0
3791,0,0,0.0,0,0,1,0.0,0.0
3792,1,0,0.5,0,0,0,0.33,0.0
3793,2,0,1.0,0,0,1,1.0,0.0
3794,2,0,1.0,0,0,0,1.67,0.0
3795,3,0,1.5,0,0,0,2.67,0.0
3796,3,0,1.5,0,0,0,3.67,0.0
3797,3,0,1.5,0,0,0,4.67,0.0
3798,3,0,1.5,0,0,0,5.67,0.0
3799,3,0,1.5,0,0,0,6.67,0.0
3800,3,0,1.5,0,0,0,7.67,0.0
3801,3,0,1.5,0,0,0,8.67,0.0
3802,3,0,1.5,0,0,0,9.67,0.0
3803,3,0,1.5,0,0,0,10.67,0.0
3804,3,0,1.5,0,0,0,11.67,0.0
3805,3,0,1.5,0,0,0,12.67,0.0
3806,3,0,1.5,0,0,0,13.67,0.0
3807,3,0,1.5,0,0,0,14.67,0.0
3808,3,0,1.5,0,0,0,15.67,0.0
3809,3,0,1.5,0,0,0,16.67,0.0
3810,3,0,1.5,0,0,0,17.67,0.0
3811,3,0,1.5,0,0,0,18.67,0.0
3812,3,0,1.5,0,0,0,19.67,0.0
3813,3,0,1.5,0,0,0,20.67,0.0
3814,3,0,1.5,0,0,0,21.67,0.0
3815,3,0,1.5,0,0,0,22.67,0.0
3816,3,0,1.5,0,0,0,23.67,0.0
3817,3,0,1.5,0,0,0,24.67,0.0
3818,3,0,1.5,0,0,0,25.67,0.0
3819,3,0,1.5,0,0,0,26.67,0.0
3820,3,0,1.5,0,0,0,27.67,0.0
3821,3,0,1.5,0,0,0,28.67,0.0
3822,3,0,1.5,0,0,0,29.67,0.0
3823,3,0,1.5,0,0,0,30.67,0.0
3824,3,0,1.5,0,0,0,31.67,0.0
3825,3,0,1.5,0,0,0,32.67,0.0
3826,3,0,1.5,0,0,0,33.67,0.0
3827,3,0,1.5,0,0,0,34.67,0.0
3828,3,0,1.5,0,0,0,35.67,0.0
3829,3,0,1.5,0,0,0,36.67,0.0
3830,3,0,1.5,0,0,0,37.67,0.0
3831,3,0,1.5,0,0,0,38.67,0.0
3832,3,0,1.5,0,0,0,39.67,0.0
3833,3,0,1.5,0,0,0,40.67,0.0
3834,3,0,1.5,0,0,0,41.67,0.0
3835,3,0,1.5,0,0,0,42.67,0.0
3836,3,0,1.5,0,0,0,43.67,0.0
3837,3,0,1.5,0,0,0,44.67,0.0
3838,2,0,1.0,0,0,0,45.0,0.0
3839,1,0,0.5,0,0,0,22.5,0.0
3840,0,0,0.0,0,0,0,0.0,0.0
3841,0,0,0.0,0,0,0,0.0,0.0
3842,0,0,0.0,0,0,0,0.0,0.0
3843,0,0,0.0,0,0,0,0.0,0.0
3844,0,0,0.0,0,0,0,0.0,0.0
3845,0,0,0.0,0,0,0,0.0,0.0
3846,0,0,0.0,0,0,1,0.0,0.0
3847,0,0,0.0,0,0,0,0.0,0.0
3848,0,0,0.0,0,0,1,0.0,0.0
3849,0,0,0.0,0,0,0,0.0,0.0
3850,0,0,0.0,0,0,1,0.0,0.0
