Step,Queue_West_East,Queue_North_South,Queue_SD,Arrival_West_East,Arrival_North_South,Throughput_Step,Avg_Waiting_Time_West_East,Avg_Waiting_Time_North_South
1,0,0,0.0,1,1,0,0.0,0.0
2,0,0,0.0,0,0,0,0.0,0.0
3,0,0,0.0,1,0,0,0.0,0.0
4,0,0,0.0,0,0,0,0.0,0.0
5,0,0,0.0,1,1,0,0.0,0.0
6,0,1,0.5,0,0,0,0.0,0.5
7,0,1,0.5,1,0,0,0.0,1.0
8,0,1,0.5,0,1,0,0.0,1.0
9,0,1,0.5,1,0,0,0.0,1.33
10,0,1,0.5,0,0,1,0.0,1.67
11,0,1,0.5,1,1,0,0.0,1.5
12,0,2,1.0,0,0,1,0.0,2.0
13,0,3,1.5,1,0,0,0.0,2.75
14,0,3,1.5,0,0,1,0.0,3.5
15,0,3,1.5,1,1,0,0.0,3.4
16,0,4,2.0,0,0,1,0.0,4.2
17,0,4,2.0,1,0,0,0.0,5.0
18,0,4,2.0,0,0,1,0.0,5.8
19,0,5,2.5,1,0,0,0.0,6.8
20,0,5,2.5,0,0,0,0.0,7.8
21,0,5,2.5,1,0,1,0.0,8.8
22,0,5,2.5,0,0,0,0.0,9.8
23,0,5,2.5,1,0,1,0.0,10.8
24,0,5,2.5,0,0,0,0.0,11.8
25,0,5,2.5,1,0,1,0.0,12.8
26,0,5,2.5,0,0,0,0.0,13.8
27,0,5,2.5,1,0,1,0.0,14.8
28,0,5,2.5,0,0,1,0.0,15.8
29,0,5,2.5,1,0,0,0.0,16.8
30,0,5,2.5,0,0,1,0.0,17.8
31,0,5,2.5,1,0,0,0.0,18.8
32,0,5,2.5,0,0,0,0.0,19.8
33,0,5,2.5,1,0,1,0.0,20.8
34,0,5,2.5,0,0,0,0.0,21.8
35,0,5,2.5,1,0,0,0.0,22.8
36,0,5,2.5,0,0,1,0.0,23.8
37,0,5,2.5,1,0,0,0.0,24.8
38,0,5,2.5,0,0,1,0.0,25.8
39,0,5,2.5,1,0,1,0.0,26.8
40,0,5,2.5,0,0,0,0.0,27.8
41,0,5,2.5,1,0,1,0.0,28.8
42,0,5,2.5,0,0,0,0.0,29.8
43,0,5,2.5,1,0,1,0.0,30.8
44,0,5,2.5,1,0,0,0.0,31.8
45,0,5,2.5,0,0,1,0.0,32.8
46,0,4,2.0,1,0,0,0.0,32.0
47,1,3,1.0,0,0,0,0.2,24.0
48,1,2,0.5,1,0,1,0.33,15.75
49,1,1,0.0,0,0,0,0.5,10.33
50,2,0,1.0,0,0,0,0.83,0.0
51,2,0,1.0,0,0,0,1.17,0.0
52,3,0,1.5,1,0,1,1.43,0.0
53,4,0,2.0,0,0,0,2.0,0.0
54,4,0,2.0,0,1,0,2.57,0.0
55,5,0,2.5,0,0,1,3.29,0.0
56,6,0,3.0,0,1,0,4.14,0.0
57,6,0,3.0,0,0,1,5.0,0.0
58,7,0,3.5,0,1,1,6.0,0.0
59,7,0,3.5,0,0,0,7.0,0.0
60,7,0,3.5,0,1,1,8.0,0.0
61,7,0,3.5,0,0,0,9.0,0.0
62,7,0,3.5,0,1,1,10.0,0.0
63,7,0,3.5,0,0,0,11.0,0.0
64,7,0,3.5,0,1,1,12.0,0.0
65,7,0,3.5,0,0,0,13.0,0.0
66,7,0,3.5,0,1,1,14.0,0.0
67,7,0,3.5,0,0,0,15.0,0.0
68,7,0,3.5,0,1,1,16.0,0.0
69,6,0,3.0,0,0,1,16.0,0.0
70,5,1,2.0,0,1,0,13.5,0.25
71,4,1,1.5,0,0,0,11.0,0.5
72,3,2,0.5,0,1,0,10.0,0.8
73,2,3,0.5,0,0,0,6.8,1.4
74,1,3,1.0,0,0,0,4.25,2.0
75,0,4,2.0,0,0,0,0.0,2.8
76,0,5,2.5,0,0,0,0.0,3.8
77,0,5,2.5,0,0,1,0.0,4.8
78,0,5,2.5,0,0,0,0.0,5.8
79,0,5,2.5,1,0,1,0.0,6.8
80,0,5,2.5,0,0,1,0.0,7.8
81,0,5,2.5,1,0,0,0.0,8.8
82,0,5,2.5,0,0,1,0.0,9.8
83,0,5,2.5,0,0,0,0.0,10.8
84,0,5,2.5,1,0,1,0.0,11.8
85,0,5,2.5,0,0,0,0.0,12.8
86,0,5,2.5,1,0,1,0.0,13.8
87,0,5,2.5,0,0,0,0.0,14.8
88,0,5,2.5,1,0,1,0.0,15.8
89,0,5,2.5,0,0,1,0.0,16.8
90,0,5,2.5,1,0,0,0.0,17.8
91,0,5,2.5,1,0,1,0.0,18.8
92,0,4,2.0,0,0,0,0.0,19.0
93,0,3,1.5,1,0,1,0.0,14.5
94,1,2,0.5,0,0,0,0.2,9.75
95,2,1,0.5,1,0,0,0.5,5.0
96,2,0,1.0,0,0,0,0.83,0.0
97,3,0,1.5,0,0,0,1.33,0.0
98,3,0,1.5,1,0,0,1.57,0.0
99,3,0,1.5,0,0,1,2.0,0.0
100,4,0,2.0,0,1,0,2.57,0.0
101,5,0,2.5,0,0,1,3.29,0.0
102,5,0,2.5,0,1,0,4.0,0.0
103,6,0,3.0,0,0,1,4.86,0.0
104,7,0,3.5,0,1,0,5.86,0.0
105,7,0,3.5,0,0,1,6.86,0.0
106,7,0,3.5,0,1,1,7.86,0.0
107,7,0,3.5,0,0,0,8.86,0.0
108,7,0,3.5,0,1,1,9.86,0.0
109,7,0,3.5,0,0,0,10.86,0.0
110,7,0,3.5,0,1,1,11.86,0.0
111,7,0,3.5,0,0,0,12.86,0.0
112,7,0,3.5,0,1,1,13.86,0.0
113,7,0,3.5,0,0,0,14.86,0.0
114,7,0,3.5,0,1,1,15.86,0.0
115,6,0,3.0,0,0,0,16.0,0.0
116,5,1,2.0,0,1,1,13.33,0.25
117,4,1,1.5,0,0,0,10.67,0.5
118,3,1,1.0,0,1,0,8.17,0.6
119,2,2,0.0,0,0,0,6.6,1.0
120,1,2,0.5,0,0,0,3.4,1.4
121,0,3,1.5,0,0,0,0.0,2.0
122,0,4,2.0,0,0,0,0.0,2.8
123,0,4,2.0,0,0,0,0.0,3.6
124,0,4,2.0,0,0,1,0.0,4.4
125,0,5,2.5,0,0,1,0.0,5.4
126,0,5,2.5,1,0,0,0.0,6.4
127,0,5,2.5,0,0,1,0.0,7.4
128,0,5,2.5,1,0,0,0.0,8.4
129,0,5,2.5,0,0,1,0.0,9.4
130,0,5,2.5,1,0,1,0.0,10.4
131,0,5,2.5,0,0,0,0.0,11.4
132,0,5,2.5,1,0,1,0.0,12.4
133,0,5,2.5,0,0,0,0.0,13.4
134,0,5,2.5,1,0,0,0.0,14.4
135,0,5,2.5,0,0,1,0.0,15.4
136,0,5,2.5,1,0,0,0.0,16.4
137,0,5,2.5,1,0,1,0.0,17.4
138,1,4,1.5,0,0,0,0.25,17.25
139,1,3,1.0,1,0,1,0.4,13.0
140,2,2,0.0,0,0,0,0.8,8.75
141,2,1,0.5,1,0,1,1.0,5.67
142,2,0,1.0,0,0,0,1.33,0.0
143,3,0,1.5,0,0,0,1.83,0.0
144,3,0,1.5,1,0,1,2.0,0.0
145,4,0,2.0,0,0,0,2.57,0.0
146,5,0,2.5,0,1,1,3.29,0.0
147,5,0,2.5,0,0,0,4.0,0.0
148,5,0,2.5,0,1,1,4.71,0.0
149,7,0,3.5,0,0,0,5.71,0.0
150,7,0,3.5,0,1,1,6.71,0.0
151,7,0,3.5,0,0,0,7.71,0.0
152,7,0,3.5,0,1,0,8.71,0.0
153,7,0,3.5,0,0,1,9.71,0.0
154,7,0,3.5,0,1,1,10.71,0.0
155,7,0,3.5,0,0,0,11.71,0.0
156,7,0,3.5,0,1,1,12.71,0.0
157,7,0,3.5,0,0,0,13.71,0.0
158,7,0,3.5,0,1,1,14.71,0.0
159,7,0,3.5,0,0,0,15.71,0.0
160,7,0,3.5,0,1,1,16.71,0.0
161,6,0,3.0,0,0,1,16.67,0.0
162,5,1,2.0,0,1,0,13.83,0.25
163,4,1,1.5,0,0,0,11.17,0.5
164,3,1,1.0,0,0,0,10.2,0.75
165,2,2,0.0,0,1,0,6.8,1.0
166,1,2,0.5,0,0,0,4.5,1.4
167,0,3,1.5,0,0,0,0.0,2.0
168,0,3,1.5,0,0,0,0.0,2.6
169,0,4,2.0,0,0,1,0.0,3.4
170,0,5,2.5,0,0,1,0.0,4.4
171,0,5,2.5,1,0,0,0.0,5.4
172,0,5,2.5,0,0,1,0.0,6.4
173,0,5,2.5,0,0,0,0.0,7.4
174,0,5,2.5,1,0,1,0.0,8.4
175,0,5,2.5,0,0,0,0.0,9.4
176,0,5,2.5,1,0,1,0.0,10.4
177,0,5,2.5,0,0,0,0.0,11.4
178,0,5,2.5,1,0,1,0.0,12.4
179,0,5,2.5,0,0,0,0.0,13.4
180,0,5,2.5,1,0,1,0.0,14.4
181,0,5,2.5,0,0,1,0.0,15.4
182,0,5,2.5,1,0,0,0.0,16.4
183,0,5,2.5,0,0,0,0.0,17.4
184,0,4,2.0,1,0,1,0.0,17.25
185,1,3,1.0,0,0,0,0.25,13.0
186,1,2,0.5,1,0,1,0.4,8.75
187,1,1,0.0,0,0,0,0.6,6.0
188,2,0,1.0,1,0,0,0.83,0.0
189,3,0,1.5,0,0,0,1.33,0.0
190,3,0,1.5,0,0,1,1.83,0.0
191,4,0,2.0,1,0,0,2.14,0.0
192,4,0,2.0,0,1,0,2.71,0.0
193,5,0,2.5,0,0,1,3.43,0.0
194,5,0,2.5,0,1,0,4.14,0.0
195,6,0,3.0,0,0,1,5.0,0.0
196,6,0,3.0,0,1,1,5.86,0.0
197,7,0,3.5,0,0,0,6.86,0.0
198,7,0,3.5,0,1,1,7.86,0.0
199,7,0,3.5,0,0,0,8.86,0.0
200,7,0,3.5,0,1,1,9.86,0.0
201,7,0,3.5,0,0,0,10.86,0.0
202,7,0,3.5,0,1,1,11.86,0.0
203,7,0,3.5,0,0,1,12.86,0.0
204,7,0,3.5,0,1,0,13.86,0.0
205,7,0,3.5,0,0,1,14.86,0.0
206,7,0,3.5,0,1,0,15.86,0.0
207,6,0,3.0,0,0,1,15.83,0.0
208,5,1,2.0,0,1,0,13.33,0.25
209,4,1,1.5,0,0,0,10.67,0.5
210,3,1,1.0,0,1,0,9.6,0.6
211,2,2,0.0,0,0,0,6.4,1.0
212,1,3,1.0,0,0,0,4.0,1.6
213,0,3,1.5,0,0,0,0.0,2.2
214,0,4,2.0,0,0,0,0.0,3.0
215,0,5,2.5,0,0,1,0.0,4.0
216,0,5,2.5,0,0,0,0.0,5.0
217,0,5,2.5,1,0,1,0.0,6.0
218,0,5,2.5,0,0,0,0.0,7.0
219,0,5,2.5,0,0,1,0.0,8.0
220,0,5,2.5,1,0,1,0.0,9.0
221,0,5,2.5,0,0,0,0.0,10.0
222,0,5,2.5,1,0,1,0.0,11.0
223,0,5,2.5,0,0,0,0.0,12.0
224,0,5,2.5,1,0,1,0.0,13.0
225,0,5,2.5,0,0,0,0.0,14.0
226,0,5,2.5,1,0,1,0.0,15.0
227,0,5,2.5,0,0,0,0.0,16.0
228,0,5,2.5,1,0,1,0.0,17.0
229,0,5,2.5,1,0,1,0.0,18.0
230,0,4,2.0,0,0,0,0.0,18.0
231,0,3,1.5,1,0,1,0.0,13.75
232,1,2,0.5,0,0,0,0.2,9.25
233,1,1,0.0,1,0,0,0.33,6.33
234,2,0,1.0,0,0,0,0.67,0.0
235,2,0,1.0,0,0,0,1.0,0.0
236,3,0,1.5,1,0,0,1.29,0.0
237,3,0,1.5,0,1,1,1.71,0.0
238,4,0,2.0,0,0,0,2.29,0.0
239,5,0,2.5,0,0,1,3.0,0.0
240,5,0,2.5,0,1,1,3.71,0.0
241,7,0,3.5,0,0,0,4.71,0.0
242,7,0,3.5,0,1,1,5.71,0.0
243,7,0,3.5,0,0,0,6.71,0.0
244,7,0,3.5,0,1,1,7.71,0.0
245,7,0,3.5,0,0,1,8.71,0.0
246,7,0,3.5,0,1,0,9.71,0.0
247,7,0,3.5,0,0,0,10.71,0.0
248,7,0,3.5,0,1,1,11.71,0.0
249,7,0,3.5,0,0,1,12.71,0.0
250,7,0,3.5,0,1,0,13.71,0.0
251,7,0,3.5,0,1,1,14.71,0.0
252,7,0,3.5,0,0,0,15.71,0.0
253,6,0,3.0,0,1,0,15.83,0.0
254,5,0,2.5,0,0,1,13.33,0.0
255,4,1,1.5,0,0,0,10.83,0.25
256,3,2,0.5,0,1,0,10.0,0.6
257,2,2,0.0,0,0,0,6.8,1.0
258,1,3,1.0,0,0,0,3.6,1.6
259,0,3,1.5,0,0,0,0.0,2.2
260,0,4,2.0,0,0,0,0.0,3.0
261,0,5,2.5,0,0,1,0.0,4.0
262,0,5,2.5,0,0,0,0.0,5.0
263,0,5,2.5,1,0,1,0.0,6.0
264,0,5,2.5,0,0,0,0.0,7.0
265,0,5,2.5,0,0,1,0.0,8.0
266,0,5,2.5,1,0,0,0.0,9.0
267,0,5,2.5,0,0,1,0.0,10.0
268,0,5,2.5,1,0,0,0.0,11.0
269,0,5,2.5,0,0,1,0.0,12.0
270,0,5,2.5,1,0,0,0.0,13.0
271,0,5,2.5,0,0,1,0.0,14.0
272,0,5,2.5,1,0,1,0.0,15.0
273,0,5,2.5,0,0,0,0.0,16.0
274,0,5,2.5,1,0,1,0.0,17.0
275,0,5,2.5,1,0,0,0.0,18.0
276,0,4,2.0,0,0,1,0.0,18.25
277,0,3,1.5,1,0,0,0.0,13.75
278,2,2,0.0,0,0,1,0.4,9.25
279,1,1,0.0,1,0,0,0.33,6.33
280,2,0,1.0,0,0,0,0.67,0.0
281,3,0,1.5,0,0,0,1.17,0.0
282,3,0,1.5,1,0,0,1.43,0.0
283,4,0,2.0,0,0,1,2.0,0.0
284,5,0,2.5,0,1,1,2.71,0.0
285,6,0,3.0,0,0,0,3.57,0.0
286,6,0,3.0,0,1,1,4.43,0.0
287,7,0,3.5,0,0,0,5.43,0.0
288,7,0,3.5,0,1,1,6.43,0.0
289,7,0,3.5,0,0,0,7.43,0.0
290,7,0,3.5,0,1,1,8.43,0.0
291,7,0,3.5,0,0,1,9.43,0.0
292,7,0,3.5,0,1,0,10.43,0.0
293,7,0,3.5,0,0,1,11.43,0.0
294,7,0,3.5,0,1,0,12.43,0.0
295,7,0,3.5,0,0,1,13.43,0.0
296,7,0,3.5,0,1,0,14.43,0.0
297,7,0,3.5,0,0,1,15.43,0.0
298,7,0,3.5,0,1,0,16.43,0.0
299,6,0,3.0,0,0,0,16.67,0.0
300,5,0,2.5,0,1,1,14.17,0.0
301,4,1,1.5,0,0,0,11.5,0.25
302,3,2,0.5,0,0,0,10.6,0.75
303,2,2,0.0,0,1,0,7.2,1.0
304,1,3,1.0,0,0,0,3.6,1.6
305,0,3,1.5,0,0,0,0.0,2.2
306,0,4,2.0,0,0,0,0.0,3.0
307,0,4,2.0,0,0,1,0.0,3.8
308,0,5,2.5,0,0,0,0.0,4.8
309,0,5,2.5,0,0,1,0.0,5.8
310,0,5,2.5,1,0,0,0.0,6.8
311,0,5,2.5,0,0,1,0.0,7.8
312,0,5,2.5,1,0,0,0.0,8.8
313,0,5,2.5,0,0,1,0.0,9.8
314,0,5,2.5,1,0,0,0.0,10.8
315,0,5,2.5,0,0,1,0.0,11.8
316,0,5,2.5,1,0,1,0.0,12.8
317,0,5,2.5,0,0,0,0.0,13.8
318,0,5,2.5,1,0,1,0.0,14.8
319,0,5,2.5,0,0,0,0.0,15.8
320,0,5,2.5,1,0,1,0.0,16.8
321,0,5,2.5,1,0,0,0.0,17.8
322,0,4,2.0,0,0,1,0.0,18.0
323,1,3,1.0,1,0,0,0.2,13.5
324,1,2,0.5,0,0,1,0.4,9.0
325,1,1,0.0,1,0,0,0.5,6.0
326,2,0,1.0,0,0,0,0.83,0.0
327,2,0,1.0,0,0,0,1.17,0.0
328,3,0,1.5,1,0,1,1.43,0.0
329,4,0,2.0,0,1,0,2.0,0.0
330,5,0,2.5,0,0,1,2.71,0.0
331,5,0,2.5,0,0,0,3.43,0.0
332,6,0,3.0,0,1,1,4.29,0.0
333,6,0,3.0,0,0,0,5.14,0.0
334,7,0,3.5,0,1,1,6.14,0.0
335,7,0,3.5,0,0,0,7.14,0.0
336,7,0,3.5,0,1,1,8.14,0.0
337,7,0,3.5,0,0,0,9.14,0.0
338,7,0,3.5,0,1,1,10.14,0.0
339,7,0,3.5,0,0,0,11.14,0.0
340,7,0,3.5,0,1,1,12.14,0.0
341,7,0,3.5,0,0,1,13.14,0.0
342,7,0,3.5,0,1,0,14.14,0.0
343,7,0,3.5,0,1,1,15.14,0.0
344,7,0,3.5,0,0,0,16.14,0.0
345,6,0,3.0,0,1,1,16.17,0.0
346,5,1,2.0,0,0,0,13.67,0.25
347,4,1,1.5,0,0,0,11.17,0.5
348,3,1,1.0,0,1,0,10.2,0.6
349,2,2,0.0,0,0,0,6.8,1.0
350,1,3,1.0,0,0,0,3.4,1.6
351,0,3,1.5,0,0,0,0.0,2.2
352,0,4,2.0,0,0,0,0.0,3.0
353,0,4,2.0,0,0,1,0.0,3.8
354,0,5,2.5,0,0,0,0.0,4.8
355,0,5,2.5,0,0,1,0.0,5.8
356,0,5,2.5,1,0,0,0.0,6.8
357,0,5,2.5,0,0,1,0.0,7.8
358,0,5,2.5,0,0,0,0.0,8.8
359,0,5,2.5,1,0,0,0.0,9.8
360,0,5,2.5,0,0,1,0.0,10.8
361,0,5,2.5,1,0,0,0.0,11.8
362,0,5,2.5,0,0,1,0.0,12.8
363,0,5,2.5,1,0,1,0.0,13.8
364,0,5,2.5,0,0,0,0.0,14.8
365,0,5,2.5,1,0,1,0.0,15.8
366,0,5,2.5,1,0,0,0.0,16.8
367,1,5,2.0,0,0,1,0.25,17.8
368,1,4,1.5,1,0,0,0.4,17.75
369,2,3,0.5,0,0,1,0.8,13.5
370,2,2,0.0,1,0,0,1.0,9.0
371,2,1,0.5,0,0,0,1.33,4.5
372,3,0,1.5,0,0,0,1.83,0.0
373,4,0,2.0,1,0,0,2.14,0.0
374,4,0,2.0,0,0,0,2.71,0.0
375,4,0,2.0,0,0,1,3.29,0.0
376,5,0,2.5,0,1,0,4.0,0.0
377,6,0,3.0,0,0,1,4.86,0.0
378,7,0,3.5,0,0,0,5.86,0.0
379,7,0,3.5,0,1,1,6.86,0.0
380,7,0,3.5,0,0,0,7.86,0.0
381,7,0,3.5,0,1,1,8.86,0.0
382,7,0,3.5,0,0,0,9.86,0.0
383,7,0,3.5,0,1,1,10.86,0.0
384,7,0,3.5,0,0,0,11.86,0.0
385,7,0,3.5,0,1,1,12.86,0.0
386,7,0,3.5,0,0,1,13.86,0.0
387,7,0,3.5,0,1,0,14.86,0.0
388,7,0,3.5,0,0,1,15.86,0.0
389,7,0,3.5,0,1,0,16.86,0.0
390,7,0,3.5,0,0,1,17.86,0.0
391,6,0,3.0,0,1,0,17.83,0.0
392,5,0,2.5,0,1,1,14.83,0.0
393,4,0,2.0,0,0,0,12.0,0.0
394,3,0,1.5,0,0,0,10.8,0.0
395,2,1,0.5,0,0,0,7.4,0.25
396,1,1,0.0,0,1,0,3.8,0.4
397,0,2,1.0,0,0,0,0.0,0.8
398,0,2,1.0,0,0,1,0.0,1.2
399,0,3,1.5,0,0,0,0.0,1.8
400,0,4,2.0,0,0,0,0.0,2.6
401,0,5,2.5,1,0,1,0.0,3.6
402,0,5,2.5,0,0,0,0.0,4.6
403,0,5,2.5,0,0,1,0.0,5.6
404,0,5,2.5,1,0,0,0.0,6.6
405,0,5,2.5,0,0,1,0.0,7.6
406,0,5,2.5,1,0,1,0.0,8.6
407,0,5,2.5,0,0,0,0.0,9.6
408,0,5,2.5,1,0,1,0.0,10.6
409,0,5,2.5,0,0,0,0.0,11.6
410,0,5,2.5,1,0,1,0.0,12.6
411,0,5,2.5,0,0,0,0.0,13.6
412,0,5,2.5,1,0,0,0.0,14.6
413,0,5,2.5,1,0,1,0.0,15.6
414,0,4,2.0,0,0,0,0.0,15.75
415,1,3,1.0,1,0,1,0.2,12.0
416,1,2,0.5,0,0,0,0.4,8.25
417,2,1,0.5,1,0,1,0.67,5.67
418,2,0,1.0,0,0,0,1.0,0.0
419,2,0,1.0,0,0,0,1.33,0.0
420,3,0,1.5,1,0,1,1.57,0.0
421,4,0,2.0,0,0,0,2.14,0.0
422,4,0,2.0,0,1,1,2.71,0.0
423,4,0,2.0,0,0,0,3.29,0.0
424,5,0,2.5,0,1,1,4.0,0.0
425,6,0,3.0,0,0,0,4.86,0.0
426,6,0,3.0,0,1,1,5.71,0.0
427,7,0,3.5,0,0,0,6.71,0.0
428,7,0,3.5,0,1,1,7.71,0.0
429,7,0,3.5,0,0,0,8.71,0.0
430,7,0,3.5,0,1,1,9.71,0.0
431,7,0,3.5,0,0,0,10.71,0.0
432,7,0,3.5,0,1,1,11.71,0.0
433,7,0,3.5,0,0,0,12.71,0.0
434,7,0,3.5,0,1,1,13.71,0.0
435,7,0,3.5,0,1,1,14.71,0.0
436,7,0,3.5,0,0,0,15.71,0.0
437,6,0,3.0,0,1,1,15.67,0.0
438,5,1,2.0,0,0,0,13.0,0.25
439,4,2,1.0,0,0,0,10.5,0.75
440,3,2,0.5,0,1,0,9.4,1.0
441,2,2,0.0,0,0,0,6.4,1.4
442,1,3,1.0,0,0,0,3.2,2.0
443,0,3,1.5,0,0,0,0.0,2.6
444,0,4,2.0,0,0,0,0.0,3.4
445,0,5,2.5,0,0,1,0.0,4.4
446,0,5,2.5,0,0,0,0.0,5.4
447,0,5,2.5,1,0,1,0.0,6.4
448,0,5,2.5,0,0,0,0.0,7.4
449,0,5,2.5,0,0,1,0.0,8.4
450,0,5,2.5,1,0,1,0.0,9.4
451,0,5,2.5,0,0,0,0.0,10.4
452,0,5,2.5,1,0,1,0.0,11.4
453,0,5,2.5,1,0,0,0.0,12.4
454,0,5,2.5,0,0,1,0.0,13.4
455,0,5,2.5,0,0,0,0.0,14.4
456,0,5,2.5,1,0,1,0.0,15.4
457,0,5,2.5,0,0,1,0.0,16.4
458,0,5,2.5,1,0,0,0.0,17.4
459,0,5,2.5,1,0,0,0.0,18.4
460,0,4,2.0,0,0,1,0.0,18.5
461,1,3,1.0,1,0,0,0.2,13.75
462,1,2,0.5,0,0,1,0.4,9.25
463,1,1,0.0,1,0,0,0.5,6.33
464,2,0,1.0,0,0,0,0.83,0.0
465,2,0,1.0,0,0,0,1.17,0.0
466,4,0,2.0,1,0,1,1.57,0.0
467,4,0,2.0,0,0,0,2.14,0.0
468,4,0,2.0,0,1,1,2.71,0.0
469,4,0,2.0,0,0,0,3.29,0.0
470,5,0,2.5,0,1,1,4.0,0.0
471,6,0,3.0,0,0,0,4.86,0.0
472,6,0,3.0,0,1,0,5.71,0.0
473,7,0,3.5,0,0,1,6.71,0.0
474,7,0,3.5,0,1,0,7.71,0.0
475,7,0,3.5,0,0,1,8.71,0.0
476,7,0,3.5,0,1,1,9.71,0.0
477,7,0,3.5,0,0,0,10.71,0.0
478,7,0,3.5,0,1,1,11.71,0.0
479,7,0,3.5,0,0,0,12.71,0.0
480,7,0,3.5,0,1,1,13.71,0.0
481,7,0,3.5,0,0,1,14.71,0.0
482,7,0,3.5,0,1,0,15.71,0.0
483,6,0,3.0,0,0,1,15.67,0.0
484,5,1,2.0,0,1,0,13.17,0.25
485,4,1,1.5,0,0,0,10.67,0.5
486,3,1,1.0,0,0,0,9.4,0.75
487,2,2,0.0,0,1,0,6.4,1.0
488,1,3,1.0,0,0,0,4.0,1.6
489,0,3,1.5,0,0,0,0.0,2.2
490,0,3,1.5,0,0,0,0.0,2.8
491,0,4,2.0,0,0,1,0.0,3.6
492,0,4,2.0,0,0,0,0.0,4.4
493,0,5,2.5,1,0,1,0.0,5.4
494,0,5,2.5,0,0,0,0.0,6.4
495,0,5,2.5,0,0,1,0.0,7.4
496,0,5,2.5,1,0,0,0.0,8.4
497,0,5,2.5,0,0,1,0.0,9.4
498,0,5,2.5,1,0,1,0.0,10.4
499,0,5,2.5,0,0,0,0.0,11.4
500,0,5,2.5,1,0,1,0.0,12.4
501,0,5,2.5,0,0,0,0.0,13.4
502,0,5,2.5,1,0,1,0.0,14.4
503,0,5,2.5,0,0,0,0.0,15.4
504,0,5,2.5,1,0,1,0.0,16.4
505,0,5,2.5,1,0,0,0.0,17.4
506,0,4,2.0,0,0,1,0.0,17.25
507,1,3,1.0,1,0,1,0.2,13.0
508,1,2,0.5,0,0,0,0.4,8.5
509,1,1,0.0,1,0,0,0.5,5.67
510,2,0,1.0,0,0,0,0.83,0.0
511,3,0,1.5,0,0,0,1.33,0.0
512,3,0,1.5,1,0,0,1.57,0.0
513,4,0,2.0,0,0,1,2.14,0.0
514,5,0,2.5,0,1,1,2.86,0.0
515,5,0,2.5,0,0,0,3.57,0.0
516,6,0,3.0,0,1,1,4.43,0.0
517,7,0,3.5,0,0,0,5.43,0.0
518,7,0,3.5,0,1,0,6.43,0.0
519,7,0,3.5,0,0,1,7.43,0.0
520,7,0,3.5,0,1,0,8.43,0.0
521,7,0,3.5,0,0,1,9.43,0.0
522,7,0,3.5,0,1,0,10.43,0.0
523,7,0,3.5,0,0,1,11.43,0.0
524,7,0,3.5,0,1,0,12.43,0.0
525,7,0,3.5,0,0,1,13.43,0.0
526,7,0,3.5,0,1,0,14.43,0.0
527,7,0,3.5,0,0,1,15.43,0.0
528,7,0,3.5,0,1,1,16.43,0.0
529,6,0,3.0,0,1,0,16.5,0.0
530,5,1,2.0,0,0,1,14.0,0.25
531,4,2,1.0,0,0,0,11.33,0.75
532,3,2,0.5,0,1,0,10.4,1.0
533,2,2,0.0,0,0,0,7.0,1.4
534,1,3,1.0,0,0,0,4.5,2.0
535,0,3,1.5,0,0,0,0.0,2.6
536,0,4,2.0,0,0,0,0.0,3.4
537,0,5,2.5,0,0,1,0.0,4.4
538,0,5,2.5,0,0,0,0.0,5.4
539,0,5,2.5,1,0,1,0.0,6.4
540,0,5,2.5,0,0,0,0.0,7.4
541,0,5,2.5,1,0,1,0.0,8.4
542,0,5,2.5,0,0,1,0.0,9.4
543,0,5,2.5,1,0,0,0.0,10.4
544,0,5,2.5,0,0,1,0.0,11.4
545,0,5,2.5,1,0,0,0.0,12.4
546,0,5,2.5,0,0,1,0.0,13.4
547,0,5,2.5,1,0,1,0.0,14.4
548,0,5,2.5,0,0,0,0.0,15.4
549,0,5,2.5,1,0,1,0.0,16.4
550,0,5,2.5,1,0,0,0.0,17.4
551,0,5,2.5,0,0,1,0.0,18.4
552,1,4,1.5,1,0,1,0.2,18.5
553,1,3,1.0,0,0,0,0.4,13.75
554,2,2,0.0,1,0,0,0.67,9.25
555,3,1,1.0,0,0,0,1.17,6.33
556,3,0,1.5,0,0,0,1.67,0.0
557,4,0,2.0,1,0,0,2.0,0.0
558,4,0,2.0,0,0,1,2.57,0.0
559,5,0,2.5,0,0,0,3.29,0.0
560,6,0,3.0,0,1,1,4.14,0.0
561,6,0,3.0,0,0,0,5.0,0.0
562,7,0,3.5,0,1,1,6.0,0.0
563,7,0,3.5,0,0,0,7.0,0.0
564,7,0,3.5,0,1,1,8.0,0.0
565,7,0,3.5,0,0,0,9.0,0.0
566,7,0,3.5,0,1,1,10.0,0.0
567,7,0,3.5,0,0,0,11.0,0.0
568,7,0,3.5,0,1,1,12.0,0.0
569,7,0,3.5,0,0,1,13.0,0.0
570,7,0,3.5,0,1,0,14.0,0.0
571,7,0,3.5,0,0,0,15.0,0.0
572,7,0,3.5,0,1,1,16.0,0.0
573,7,0,3.5,0,1,1,17.0,0.0
574,7,0,3.5,0,0,0,18.0,0.0
575,6,0,3.0,0,1,1,18.17,0.0
576,5,0,2.5,0,0,0,15.33,0.0
577,4,1,1.5,0,0,0,12.33,0.25
578,3,2,0.5,0,1,0,11.2,0.6
579,2,2,0.0,0,0,0,7.6,1.0
580,1,3,1.0,0,0,0,4.75,1.6
581,0,4,2.0,0,0,0,0.0,2.4
582,0,4,2.0,0,0,0,0.0,3.2
583,0,5,2.5,0,0,1,0.0,4.2
584,0,5,2.5,0,0,0,0.0,5.2
585,0,5,2.5,1,0,1,0.0,6.2
586,0,5,2.5,0,0,0,0.0,7.2
587,0,5,2.5,0,0,1,0.0,8.2
588,0,5,2.5,1,0,1,0.0,9.2
589,0,5,2.5,0,0,0,0.0,10.2
590,0,5,2.5,1,0,1,0.0,11.2
591,0,5,2.5,0,0,0,0.0,12.2
592,0,5,2.5,1,0,1,0.0,13.2
593,0,5,2.5,0,0,0,0.0,14.2
594,0,5,2.5,1,0,1,0.0,15.2
595,0,5,2.5,0,0,1,0.0,16.2
596,0,5,2.5,1,0,0,0.0,17.2
597,0,5,2.5,1,0,1,0.0,18.2
598,0,4,2.0,0,0,0,0.0,18.5
599,0,3,1.5,1,0,1,0.0,14.0
600,1,2,0.5,0,0,0,0.2,9.5
601,1,1,0.0,1,0,0,0.33,6.33
602,2,0,1.0,0,0,0,0.67,0.0
603,2,0,1.0,0,0,0,1.0,0.0
604,3,0,1.5,0,0,1,1.5,0.0
605,3,0,1.5,1,0,0,1.71,0.0
606,4,0,2.0,0,1,1,2.29,0.0
607,5,0,2.5,0,0,0,3.0,0.0
608,6,0,3.0,0,1,1,3.86,0.0
609,6,0,3.0,0,0,0,4.71,0.0
610,7,0,3.5,0,1,1,5.71,0.0
611,7,0,3.5,0,0,0,6.71,0.0
612,7,0,3.5,0,1,1,7.71,0.0
613,7,0,3.5,0,0,0,8.71,0.0
614,7,0,3.5,0,1,1,9.71,0.0
615,7,0,3.5,0,0,0,10.71,0.0
616,7,0,3.5,0,1,1,11.71,0.0
617,7,0,3.5,0,0,1,12.71,0.0
618,7,0,3.5,0,1,0,13.71,0.0
619,7,0,3.5,0,0,1,14.71,0.0
620,7,0,3.5,0,1,0,15.71,0.0
621,6,1,2.5,0,0,0,15.83,0.33
622,5,1,2.0,0,1,1,13.33,0.5
623,4,2,1.0,0,0,0,10.83,1.0
624,3,2,0.5,0,0,0,8.33,1.5
625,2,2,0.0,0,1,0,6.8,1.6
626,1,2,0.5,0,0,0,3.4,2.0
627,1,3,1.0,0,0,0,4.5,2.6
628,0,4,2.0,0,0,0,0.0,3.4
629,0,4,2.0,0,0,1,0.0,4.2
630,0,4,2.0,0,0,0,0.0,5.0
631,0,5,2.5,0,0,1,0.0,6.0
632,0,5,2.5,1,0,0,0.0,7.0
633,0,5,2.5,0,0,1,0.0,8.0
634,0,5,2.5,0,0,0,0.0,9.0
635,0,5,2.5,1,0,1,0.0,10.0
636,0,5,2.5,0,0,0,0.0,11.0
637,0,5,2.5,1,0,1,0.0,12.0
638,0,5,2.5,0,0,0,0.0,13.0
639,0,5,2.5,1,0,0,0.0,14.0
640,0,5,2.5,0,0,1,0.0,15.0
641,0,5,2.5,1,0,1,0.0,16.0
642,0,5,2.5,0,0,0,0.0,17.0
643,0,5,2.5,1,0,1,0.0,18.0
644,0,4,2.0,0,0,0,0.0,17.75
645,1,3,1.0,1,0,0,0.2,13.0
646,1,2,0.5,0,0,1,0.4,8.75
647,2,1,0.5,1,0,0,0.67,4.25
648,3,0,1.5,0,0,0,1.17,0.0
649,3,0,1.5,0,0,0,1.67,0.0
650,3,0,1.5,1,0,1,1.86,0.0
651,4,0,2.0,0,0,0,2.43,0.0
652,5,0,2.5,0,1,0,3.14,0.0
653,5,0,2.5,0,0,1,3.86,0.0
654,6,0,3.0,0,1,1,4.71,0.0
655,7,0,3.5,0,0,0,5.71,0.0
656,7,0,3.5,0,1,1,6.71,0.0
657,7,0,3.5,0,0,0,7.71,0.0
658,7,0,3.5,0,1,1,8.71,0.0
659,7,0,3.5,0,0,0,9.71,0.0
660,7,0,3.5,0,1,1,10.71,0.0
661,7,0,3.5,0,0,0,11.71,0.0
662,7,0,3.5,0,1,1,12.71,0.0
663,7,0,3.5,0,0,0,13.71,0.0
664,7,0,3.5,0,1,1,14.71,0.0
665,7,0,3.5,0,0,0,15.71,0.0
666,7,0,3.5,0,1,1,16.71,0.0
667,6,0,3.0,0,0,0,16.83,0.0
668,5,1,2.0,0,1,1,14.17,0.25
669,4,1,1.5,0,0,0,11.33,0.5
670,3,1,1.0,0,0,0,10.4,0.75
671,2,2,0.0,0,1,0,7.0,1.0
672,1,2,0.5,0,0,0,4.5,1.4
673,0,3,1.5,0,0,0,0.0,2.0
674,0,4,2.0,0,0,1,0.0,2.8
675,0,4,2.0,0,0,0,0.0,3.6
676,0,5,2.5,0,0,0,0.0,4.6
677,0,5,2.5,1,0,1,0.0,5.6
678,0,5,2.5,0,0,0,0.0,6.6
679,0,5,2.5,1,0,1,0.0,7.6
680,0,5,2.5,0,0,0,0.0,8.6
681,0,5,2.5,0,0,1,0.0,9.6
682,0,5,2.5,1,0,1,0.0,10.6
683,0,5,2.5,0,0,0,0.0,11.6
684,0,5,2.5,1,0,1,0.0,12.6
685,0,5,2.5,0,0,0,0.0,13.6
686,0,5,2.5,1,0,1,0.0,14.6
687,0,5,2.5,0,0,0,0.0,15.6
688,0,5,2.5,1,0,1,0.0,16.6
689,0,5,2.5,1,0,1,0.0,17.6
690,0,4,2.0,0,0,0,0.0,17.5
691,0,3,1.5,1,0,0,0.0,13.25
692,1,2,0.5,0,0,1,0.2,9.0
693,1,1,0.0,1,0,0,0.33,6.0
694,2,0,1.0,0,0,0,0.67,0.0
695,3,0,1.5,0,0,0,1.17,0.0
696,3,0,1.5,1,0,1,1.43,0.0
697,4,0,2.0,0,0,0,2.0,0.0
698,5,0,2.5,0,1,1,2.71,0.0
699,5,0,2.5,0,0,0,3.43,0.0
700,7,0,3.5,0,1,1,4.43,0.0
701,7,0,3.5,0,0,0,5.43,0.0
702,7,0,3.5,0,1,1,6.43,0.0
703,7,0,3.5,0,0,0,7.43,0.0
704,7,0,3.5,0,1,1,8.43,0.0
705,7,0,3.5,0,0,0,9.43,0.0
706,7,0,3.5,0,1,1,10.43,0.0
707,7,0,3.5,0,0,0,11.43,0.0
708,7,0,3.5,0,1,1,12.43,0.0
709,7,0,3.5,0,0,0,13.43,0.0
710,7,0,3.5,0,1,1,14.43,0.0
711,7,0,3.5,0,1,1,15.43,0.0
712,7,0,3.5,0,0,0,16.43,0.0
713,6,0,3.0,0,1,0,16.67,0.0
714,5,1,2.0,0,0,1,14.17,0.25
715,4,1,1.5,0,0,0,11.5,0.5
716,3,2,0.5,0,1,0,10.6,0.8
717,2,3,0.5,0,0,0,7.2,1.4
718,1,4,1.5,0,0,0,3.8,2.2
719,0,4,2.0,0,0,0,0.0,3.0
720,0,4,2.0,0,0,0,0.0,3.8
721,0,5,2.5,0,0,1,0.0,4.8
722,0,5,2.5,0,0,0,0.0,5.8
723,0,5,2.5,0,0,1,0.0,6.8
724,0,5,2.5,1,0,0,0.0,7.8
725,0,5,2.5,0,0,1,0.0,8.8
726,0,5,2.5,1,0,0,0.0,9.8
727,0,5,2.5,0,0,1,0.0,10.8
728,0,5,2.5,1,0,0,0.0,11.8
729,0,5,2.5,0,0,1,0.0,12.8
730,0,5,2.5,1,0,0,0.0,13.8
731,0,5,2.5,0,0,1,0.0,14.8
732,0,5,2.5,1,0,0,0.0,15.8
733,0,5,2.5,0,0,1,0.0,16.8
734,0,5,2.5,1,0,0,0.0,17.8
735,0,5,2.5,1,0,1,0.0,18.8
736,0,4,2.0,0,0,1,0.0,19.0
737,1,3,1.0,1,0,0,0.2,14.5
738,1,2,0.5,0,0,0,0.4,9.75
739,2,1,0.5,1,0,1,0.67,6.33
740,2,0,1.0,0,0,0,1.0,0.0
741,3,0,1.5,0,0,0,1.5,0.0
742,4,0,2.0,1,0,0,1.86,0.0
743,5,0,2.5,0,1,1,2.57,0.0
744,6,0,3.0,0,0,0,3.43,0.0
745,6,0,3.0,0,0,1,4.29,0.0
746,6,0,3.0,0,1,0,5.14,0.0
747,7,0,3.5,0,0,1,6.14,0.0
748,7,0,3.5,0,1,0,7.14,0.0
749,7,0,3.5,0,0,1,8.14,0.0
750,7,0,3.5,0,1,1,9.14,0.0
751,7,0,3.5,0,0,0,10.14,0.0
752,7,0,3.5,0,1,1,11.14,0.0
753,7,0,3.5,0,0,0,12.14,0.0
754,7,0,3.5,0,1,1,13.14,0.0
755,7,0,3.5,0,0,0,14.14,0.0
756,7,0,3.5,0,1,1,15.14,0.0
757,7,0,3.5,0,0,1,16.14,0.0
758,7,0,3.5,0,1,0,17.14,0.0
759,6,0,3.0,0,0,1,17.33,0.0
760,5,1,2.0,0,1,0,14.67,0.25
761,4,1,1.5,0,0,0,12.0,0.5
762,3,2,0.5,0,0,0,11.0,1.0
763,2,3,0.5,0,1,0,7.4,1.4
764,1,3,1.0,0,0,0,3.6,2.0
765,0,4,2.0,0,0,0,0.0,2.8
766,0,4,2.0,0,0,0,0.0,3.6
767,0,5,2.5,0,0,1,0.0,4.6
768,0,5,2.5,0,0,0,0.0,5.6
769,0,5,2.5,0,0,1,0.0,6.6
770,0,5,2.5,1,0,0,0.0,7.6
771,0,5,2.5,0,0,1,0.0,8.6
772,0,5,2.5,1,0,0,0.0,9.6
773,0,5,2.5,0,0,1,0.0,10.6
774,0,5,2.5,1,0,1,0.0,11.6
775,0,5,2.5,0,0,0,0.0,12.6
776,0,5,2.5,1,0,1,0.0,13.6
777,0,5,2.5,0,0,0,0.0,14.6
778,0,5,2.5,1,0,1,0.0,15.6
779,0,5,2.5,0,0,0,0.0,16.6
780,0,5,2.5,1,0,1,0.0,17.6
781,0,5,2.5,1,0,0,0.0,18.6
782,0,4,2.0,0,0,0,0.0,18.75
783,1,3,1.0,1,0,1,0.2,14.25
784,2,2,0.0,0,0,1,0.6,9.5
785,2,1,0.5,1,0,0,0.83,6.33
786,2,0,1.0,0,0,0,1.17,0.0
787,3,0,1.5,0,0,0,1.67,0.0
788,4,0,2.0,1,0,1,2.0,0.0
789,4,0,2.0,0,1,0,2.57,0.0
790,4,0,2.0,0,0,1,3.14,0.0
791,5,0,2.5,0,0,0,3.86,0.0
792,5,0,2.5,0,1,0,4.57,0.0
793,6,0,3.0,0,0,1,5.43,0.0
794,6,0,3.0,0,1,1,6.29,0.0
795,7,0,3.5,0,0,0,7.29,0.0
796,7,0,3.5,0,1,1,8.29,0.0
797,7,0,3.5,0,0,0,9.29,0.0
798,7,0,3.5,0,1,1,10.29,0.0
799,7,0,3.5,0,0,0,11.29,0.0
800,7,0,3.5,0,1,1,12.29,0.0
801,7,0,3.5,0,0,1,13.29,0.0
802,7,0,3.5,0,1,0,14.29,0.0
803,7,0,3.5,0,0,1,15.29,0.0
804,7,0,3.5,0,1,0,16.29,0.0
805,6,0,3.0,0,0,1,16.33,0.0
806,5,1,2.0,0,1,0,13.5,0.25
807,4,1,1.5,0,0,0,10.83,0.5
808,3,2,0.5,0,0,0,8.0,1.0
809,2,2,0.0,0,1,0,6.4,1.2
810,1,3,1.0,0,0,0,3.2,1.8
811,0,4,2.0,0,0,0,0.0,2.6
812,0,4,2.0,0,0,0,0.0,3.4
813,0,4,2.0,0,0,1,0.0,4.2
814,0,5,2.5,0,0,0,0.0,5.2
815,0,5,2.5,1,0,1,0.0,6.2
816,0,5,2.5,0,0,0,0.0,7.2
817,0,5,2.5,1,0,1,0.0,8.2
818,0,5,2.5,0,0,0,0.0,9.2
819,0,5,2.5,1,0,1,0.0,10.2
820,0,5,2.5,0,0,0,0.0,11.2
821,0,5,2.5,0,0,1,0.0,12.2
822,0,5,2.5,1,0,1,0.0,13.2
823,0,5,2.5,0,0,0,0.0,14.2
824,0,5,2.5,1,0,1,0.0,15.2
825,0,5,2.5,0,0,0,0.0,16.2
826,0,5,2.5,1,0,1,0.0,17.2
827,0,5,2.5,1,0,1,0.0,18.2
828,0,4,2.0,0,0,0,0.0,18.25
829,1,3,1.0,1,0,1,0.2,13.75
830,1,2,0.5,0,0,0,0.4,9.25
831,1,1,0.0,1,0,0,0.5,6.0
832,2,0,1.0,0,0,0,0.83,0.0
833,3,0,1.5,0,0,0,1.33,0.0
834,4,0,2.0,1,0,1,1.71,0.0
835,4,0,2.0,0,0,0,2.29,0.0
836,4,0,2.0,0,1,1,2.86,0.0
837,5,0,2.5,0,0,0,3.57,0.0
838,6,0,3.0,0,1,0,4.43,0.0
839,6,0,3.0,0,0,1,5.29,0.0
840,6,0,3.0,0,1,1,6.14,0.0
841,7,0,3.5,0,0,0,7.14,0.0
842,7,0,3.5,0,1,1,8.14,0.0
843,7,0,3.5,0,0,0,9.14,0.0
844,7,0,3.5,0,1,1,10.14,0.0
845,7,0,3.5,0,0,0,11.14,0.0
846,7,0,3.5,0,1,1,12.14,0.0
847,7,0,3.5,0,0,0,13.14,0.0
848,7,0,3.5,0,1,0,14.14,0.0
849,7,0,3.5,0,0,1,15.14,0.0
850,7,0,3.5,0,1,0,16.14,0.0
851,6,0,3.0,0,0,1,16.17,0.0
852,5,0,2.5,0,1,1,13.67,0.0
853,4,1,1.5,0,0,0,11.0,0.25
854,3,2,0.5,0,0,0,9.8,0.75
855,2,3,0.5,0,1,0,6.6,1.2
856,1,3,1.0,0,0,0,4.0,1.8
857,0,3,1.5,0,0,0,0.0,2.4
858,0,3,1.5,0,0,0,0.0,3.0
859,0,4,2.0,0,0,1,0.0,3.8
860,0,5,2.5,0,0,0,0.0,4.8
861,0,5,2.5,1,0,1,0.0,5.8
862,0,5,2.5,0,0,0,0.0,6.8
863,0,5,2.5,0,0,1,0.0,7.8
864,0,5,2.5,1,0,0,0.0,8.8
865,0,5,2.5,0,0,1,0.0,9.8
866,0,5,2.5,1,0,0,0.0,10.8
867,0,5,2.5,0,0,0,0.0,11.8
868,0,5,2.5,1,0,0,0.0,12.8
869,0,5,2.5,0,0,1,0.0,13.8
870,0,5,2.5,1,0,0,0.0,14.8
871,0,5,2.5,0,0,1,0.0,15.8
872,0,5,2.5,1,0,1,0.0,16.8
873,1,5,2.0,1,0,0,0.2,17.8
874,2,4,1.0,0,0,1,0.6,18.0
875,2,3,0.5,1,0,0,0.83,13.5
876,3,2,0.5,0,0,0,1.33,8.75
877,3,1,1.0,0,0,1,1.83,6.0
878,4,0,2.0,1,0,0,2.14,0.0
879,5,0,2.5,0,0,0,2.86,0.0
880,5,0,2.5,0,0,1,3.57,0.0
881,5,0,2.5,0,1,0,4.29,0.0
882,6,0,3.0,0,0,1,5.14,0.0
883,6,0,3.0,0,0,0,6.0,0.0
884,7,0,3.5,0,1,1,7.0,0.0
885,7,0,3.5,0,0,0,8.0,0.0
886,7,0,3.5,0,1,1,9.0,0.0
887,7,0,3.5,0,0,1,10.0,0.0
888,7,0,3.5,0,1,0,11.0,0.0
889,7,0,3.5,0,0,1,12.0,0.0
890,7,0,3.5,0,1,0,13.0,0.0
891,7,0,3.5,0,0,1,14.0,0.0
892,7,0,3.5,0,1,0,15.0,0.0
893,7,0,3.5,0,0,1,16.0,0.0
894,7,0,3.5,0,1,0,17.0,0.0
895,7,0,3.5,0,0,1,18.0,0.0
896,7,0,3.5,0,1,0,19.0,0.0
897,6,1,2.5,0,0,1,19.17,0.33
898,5,1,2.0,0,1,0,16.0,0.5
899,4,1,1.5,0,0,0,12.83,0.75
900,3,2,0.5,0,0,0,11.6,1.25
901,2,2,0.0,0,1,0,7.6,1.4
902,1,3,1.0,0,0,0,3.8,2.0
903,0,3,1.5,0,0,0,0.0,2.6
904,0,3,1.5,0,0,0,0.0,3.2
905,0,4,2.0,0,0,1,0.0,4.0
906,0,5,2.5,0,0,0,0.0,5.0
907,0,5,2.5,1,0,1,0.0,6.0
908,0,5,2.5,0,0,1,0.0,7.0
909,0,5,2.5,0,0,0,0.0,8.0
910,0,5,2.5,1,0,1,0.0,9.0
911,0,5,2.5,0,0,0,0.0,10.0
912,0,5,2.5,1,0,0,0.0,11.0
913,0,5,2.5,0,0,1,0.0,12.0
914,0,5,2.5,1,0,1,0.0,13.0
915,0,5,2.5,0,0,0,0.0,14.0
916,0,5,2.5,1,0,1,0.0,15.0
917,0,5,2.5,0,0,0,0.0,16.0
918,0,5,2.5,1,0,0,0.0,17.0
919,0,5,2.5,1,0,1,0.0,18.0
920,0,4,2.0,0,0,1,0.0,17.75
921,1,3,1.0,1,0,0,0.2,13.25
922,1,2,0.5,0,0,0,0.4,8.75
923,2,1,0.5,1,0,1,0.67,6.0
924,2,0,1.0,0,0,0,1.0,0.0
925,2,0,1.0,0,0,0,1.33,0.0
926,3,0,1.5,0,0,1,1.83,0.0
927,4,0,2.0,1,1,0,2.14,0.0
928,4,0,2.0,0,0,0,2.71,0.0
929,5,0,2.5,0,0,1,3.43,0.0
930,6,0,3.0,0,1,1,4.29,0.0
931,6,0,3.0,0,0,0,5.14,0.0
932,7,0,3.5,0,1,1,6.14,0.0
933,7,0,3.5,0,0,0,7.14,0.0
934,7,0,3.5,0,1,1,8.14,0.0
935,7,0,3.5,0,0,1,9.14,0.0
936,7,0,3.5,0,1,0,10.14,0.0
937,7,0,3.5,0,0,0,11.14,0.0
938,7,0,3.5,0,1,0,12.14,0.0
939,7,0,3.5,0,0,1,13.14,0.0
940,7,0,3.5,0,1,0,14.14,0.0
941,7,0,3.5,0,0,1,15.14,0.0
942,7,0,3.5,0,1,0,16.14,0.0
943,6,0,3.0,0,0,1,16.17,0.0
944,5,0,2.5,0,1,1,13.5,0.0
945,4,1,1.5,0,0,0,11.0,0.25
946,3,2,0.5,0,1,0,10.0,0.6
947,2,2,0.0,0,0,0,6.8,1.0
948,1,3,1.0,0,0,0,4.25,1.6
949,0,3,1.5,0,0,0,0.0,2.2
950,0,4,2.0,0,0,1,0.0,3.0
951,0,5,2.5,0,0,0,0.0,4.0
952,0,5,2.5,0,0,0,0.0,5.0
953,0,5,2.5,1,0,1,0.0,6.0
954,0,5,2.5,0,0,1,0.0,7.0
955,0,5,2.5,1,0,0,0.0,8.0
956,0,5,2.5,0,0,1,0.0,9.0
957,0,5,2.5,1,0,0,0.0,10.0
958,0,5,2.5,0,0,1,0.0,11.0
959,0,5,2.5,1,0,0,0.0,12.0
960,0,5,2.5,0,0,1,0.0,13.0
961,0,5,2.5,1,0,0,0.0,14.0
962,0,5,2.5,0,0,1,0.0,15.0
963,0,5,2.5,1,0,0,0.0,16.0
964,0,5,2.5,1,0,0,0.0,17.0
965,0,5,2.5,0,0,1,0.0,18.0
966,1,4,1.5,1,0,0,0.2,18.25
967,1,3,1.0,0,0,1,0.4,13.75
968,2,2,0.0,1,0,0,0.67,9.25
969,2,1,0.5,0,0,1,1.0,6.33
970,3,0,1.5,0,0,0,1.5,0.0
971,4,0,2.0,1,0,0,1.86,0.0
972,4,0,2.0,0,0,0,2.43,0.0
973,5,0,2.5,0,0,1,3.14,0.0
974,6,0,3.0,0,1,0,4.0,0.0
975,6,0,3.0,0,0,1,4.86,0.0
976,7,0,3.5,0,1,0,5.86,0.0
977,7,0,3.5,0,0,1,6.86,0.0
978,7,0,3.5,0,1,0,7.86,0.0
979,7,0,3.5,0,0,1,8.86,0.0
980,7,0,3.5,0,1,1,9.86,0.0
981,7,0,3.5,0,0,0,10.86,0.0
982,7,0,3.5,0,1,1,11.86,0.0
983,7,0,3.5,0,0,0,12.86,0.0
984,7,0,3.5,0,1,1,13.86,0.0
985,7,0,3.5,0,0,0,14.86,0.0
986,7,0,3.5,0,1,1,15.86,0.0
987,7,0,3.5,0,1,1,16.86,0.0
988,7,0,3.5,0,0,0,17.86,0.0
989,6,0,3.0,0,1,1,18.0,0.0
990,5,0,2.5,0,0,0,15.17,0.0
991,4,1,1.5,0,0,0,12.33,0.25
992,3,1,1.0,0,1,0,11.2,0.4
993,2,1,0.5,0,0,0,7.6,0.6
994,1,2,0.5,0,0,0,3.8,1.0
995,0,3,1.5,0,0,0,0.0,1.6
996,0,4,2.0,0,0,1,0.0,2.4
997,0,5,2.5,0,0,0,0.0,3.4
998,0,5,2.5,0,0,0,0.0,4.4
999,0,5,2.5,1,0,1,0.0,5.4
1000,0,5,2.5,0,0,0,0.0,6.4
1001,0,5,2.5,0,0,1,0.0,7.4
1002,0,5,2.5,1,0,0,0.0,8.4
1003,0,5,2.5,0,0,1,0.0,9.4
1004,0,5,2.5,1,0,1,0.0,10.4
1005,0,5,2.5,0,0,0,0.0,11.4
1006,0,5,2.5,1,0,0,0.0,12.4
1007,0,5,2.5,0,0,1,0.0,13.4
1008,0,5,2.5,1,0,1,0.0,14.4
1009,0,5,2.5,0,0,0,0.0,15.4
1010,0,5,2.5,1,0,1,0.0,16.4
1011,0,5,2.5,1,0,0,0.0,17.4
1012,0,4,2.0,0,0,1,0.0,17.5
1013,1,3,1.0,1,0,0,0.2,13.5
1014,1,2,0.5,0,0,1,0.4,9.25
1015,2,1,0.5,1,0,0,0.67,6.33
1016,3,0,1.5,0,0,0,1.17,0.0
1017,3,0,1.5,0,0,0,1.67,0.0
1018,4,0,2.0,1,0,1,2.0,0.0
1019,4,0,2.0,0,0,0,2.57,0.0
1020,5,0,2.5,0,1,1,3.29,0.0
1021,6,0,3.0,0,0,0,4.14,0.0
1022,7,0,3.5,0,1,1,5.14,0.0
1023,7,0,3.5,0,0,0,6.14,0.0
1024,7,0,3.5,0,1,1,7.14,0.0
1025,7,0,3.5,0,0,0,8.14,0.0
1026,7,0,3.5,0,1,1,9.14,0.0
1027,7,0,3.5,0,0,0,10.14,0.0
1028,7,0,3.5,0,1,1,11.14,0.0
1029,7,0,3.5,0,0,0,12.14,0.0
1030,7,0,3.5,0,1,1,13.14,0.0
1031,7,0,3.5,0,0,1,14.14,0.0
1032,7,0,3.5,0,1,0,15.14,0.0
1033,7,0,3.5,0,0,1,16.14,0.0
1034,7,0,3.5,0,1,0,17.14,0.0
1035,6,0,3.0,0,0,0,17.33,0.0
1036,5,1,2.0,0,1,1,14.67,0.25
1037,4,1,1.5,0,0,0,11.83,0.5
1038,3,2,0.5,0,0,0,10.8,1.0
1039,2,2,0.0,0,1,0,7.4,1.2
1040,1,3,1.0,0,0,0,3.8,1.8
1041,0,4,2.0,0,0,0,0.0,2.6
1042,0,4,2.0,0,0,0,0.0,3.4
1043,0,5,2.5,0,0,1,0.0,4.4
1044,0,5,2.5,0,0,0,0.0,5.4
1045,0,5,2.5,1,0,1,0.0,6.4
1046,0,5,2.5,0,0,0,0.0,7.4
1047,0,5,2.5,0,0,1,0.0,8.4
1048,0,5,2.5,1,0,0,0.0,9.4
1049,0,5,2.5,0,0,1,0.0,10.4
1050,0,5,2.5,1,0,1,0.0,11.4
1051,0,5,2.5,0,0,0,0.0,12.4
1052,0,5,2.5,1,0,1,0.0,13.4
1053,0,5,2.5,0,0,0,0.0,14.4
1054,0,5,2.5,1,0,1,0.0,15.4
1055,0,5,2.5,0,0,0,0.0,16.4
1056,0,5,2.5,1,0,1,0.0,17.4
1057,0,5,2.5,1,0,0,0.0,18.4
1058,0,4,2.0,0,0,1,0.0,18.5
1059,1,3,1.0,1,0,0,0.2,14.0
1060,1,2,0.5,0,0,1,0.4,9.5
1061,2,1,0.5,1,0,0,0.67,4.75
1062,3,0,1.5,0,0,0,1.17,0.0
1063,3,0,1.5,0,0,0,1.67,0.0
1064,4,0,2.0,1,0,0,2.0,0.0
1065,4,0,2.0,0,0,1,2.57,0.0
1066,5,0,2.5,0,1,0,3.29,0.0
1067,5,0,2.5,0,0,1,4.0,0.0
1068,6,0,3.0,0,1,0,4.86,0.0
1069,6,0,3.0,0,0,1,5.71,0.0
1070,7,0,3.5,0,1,1,6.71,0.0
1071,7,0,3.5,0,0,0,7.71,0.0
1072,7,0,3.5,0,1,0,8.71,0.0
1073,7,0,3.5,0,0,1,9.71,0.0
1074,7,0,3.5,0,1,0,10.71,0.0
1075,7,0,3.5,0,0,1,11.71,0.0
1076,7,0,3.5,0,1,1,12.71,0.0
1077,7,0,3.5,0,0,0,13.71,0.0
1078,7,0,3.5,0,1,1,14.71,0.0
1079,7,0,3.5,0,1,0,15.71,0.0
1080,7,0,3.5,0,0,1,16.71,0.0
1081,6,0,3.0,0,1,1,16.83,0.0
1082,5,1,2.0,0,0,0,14.17,0.25
1083,4,1,1.5,0,0,0,11.33,0.5
1084,3,2,0.5,0,1,0,10.2,0.8
1085,2,2,0.0,0,0,0,6.8,1.2
1086,1,3,1.0,0,0,0,3.4,1.8
1087,0,3,1.5,0,0,0,0.0,2.4
1088,0,4,2.0,0,0,0,0.0,3.2
1089,0,5,2.5,0,0,1,0.0,4.2
1090,0,5,2.5,0,0,0,0.0,5.2
1091,0,5,2.5,0,0,1,0.0,6.2
1092,0,5,2.5,1,0,0,0.0,7.2
1093,0,5,2.5,0,0,1,0.0,8.2
1094,0,5,2.5,0,0,1,0.0,9.2
1095,0,5,2.5,1,0,0,0.0,10.2
1096,0,5,2.5,0,0,1,0.0,11.2
1097,0,5,2.5,1,0,0,0.0,12.2
1098,0,5,2.5,0,0,0,0.0,13.2
1099,0,5,2.5,1,0,1,0.0,14.2
1100,0,5,2.5,0,0,0,0.0,15.2
1101,0,5,2.5,1,0,1,0.0,16.2
1102,0,5,2.5,0,0,0,0.0,17.2
1103,0,5,2.5,1,0,1,0.0,18.2
1104,0,4,2.0,1,0,0,0.0,18.25
1105,1,3,1.0,0,0,1,0.25,13.75
1106,1,2,0.5,1,0,0,0.4,9.25
1107,2,1,0.5,0,0,1,0.8,6.33
1108,2,0,1.0,1,0,0,1.0,0.0
1109,2,0,1.0,0,0,0,1.33,0.0
1110,2,0,1.0,0,0,1,1.67,0.0
1111,3,0,1.5,1,1,0,1.86,0.0
1112,3,0,1.5,0,0,1,2.29,0.0
1113,4,0,2.0,0,0,0,2.86,0.0
1114,4,0,2.0,0,1,1,3.43,0.0
1115,5,0,2.5,0,0,0,4.14,0.0
1116,5,0,2.5,0,1,1,4.86,0.0
1117,6,0,3.0,0,0,0,5.71,0.0
1118,7,0,3.5,0,1,1,6.71,0.0
1119,7,0,3.5,0,0,0,7.71,0.0
1120,7,0,3.5,0,1,1,8.71,0.0
1121,7,0,3.5,0,0,1,9.71,0.0
1122,7,0,3.5,0,1,0,10.71,0.0
1123,7,0,3.5,0,0,1,11.71,0.0
1124,7,0,3.5,0,1,0,12.71,0.0
1125,7,0,3.5,0,0,1,13.71,0.0
1126,7,0,3.5,0,1,0,14.71,0.0
1127,6,1,2.5,0,0,1,14.5,0.33
1128,5,1,2.0,0,1,0,11.83,0.5
1129,4,2,1.0,0,0,0,9.5,1.0
1130,3,2,0.5,0,1,0,7.17,1.2
1131,2,3,0.5,0,0,0,5.8,1.8
1132,1,3,1.0,0,0,0,3.0,2.4
1133,0,4,2.0,0,0,0,0.0,3.2
1134,0,4,2.0,0,0,0,0.0,4.0
1135,0,4,2.0,0,0,1,0.0,4.8
1136,0,5,2.5,0,0,0,0.0,5.8
1137,0,5,2.5,0,0,1,0.0,6.8
1138,0,5,2.5,1,0,0,0.0,7.8
1139,0,5,2.5,0,0,1,0.0,8.8
1140,0,5,2.5,1,0,0,0.0,9.8
1141,0,5,2.5,0,0,1,0.0,10.8
1142,0,5,2.5,0,0,0,0.0,11.8
1143,0,5,2.5,1,0,1,0.0,12.8
1144,0,5,2.5,0,0,0,0.0,13.8
1145,0,5,2.5,1,0,1,0.0,14.8
1146,0,5,2.5,0,0,0,0.0,15.8
1147,0,5,2.5,1,0,1,0.0,16.8
1148,0,5,2.5,0,0,0,0.0,17.8
1149,0,5,2.5,1,0,1,0.0,18.8
1150,0,4,2.0,1,0,1,0.0,18.75
1151,1,3,1.0,0,0,0,0.25,14.0
1152,1,2,0.5,1,0,1,0.4,9.25
1153,1,1,0.0,0,0,0,0.6,6.0
1154,2,0,1.0,1,0,0,0.83,0.0
1155,2,0,1.0,0,0,0,1.17,0.0
1156,3,0,1.5,0,0,1,1.67,0.0
1157,4,0,2.0,1,0,0,2.0,0.0
1158,4,0,2.0,0,1,1,2.57,0.0
1159,5,0,2.5,0,0,0,3.29,0.0
1160,5,0,2.5,0,1,1,4.0,0.0
1161,5,0,2.5,0,0,0,4.71,0.0
1162,6,0,3.0,0,1,1,5.57,0.0
1163,7,0,3.5,0,0,0,6.57,0.0
1164,7,0,3.5,0,1,1,7.57,0.0
1165,7,0,3.5,0,0,0,8.57,0.0
1166,7,0,3.5,0,1,1,9.57,0.0
1167,7,0,3.5,0,0,0,10.57,0.0
1168,7,0,3.5,0,1,1,11.57,0.0
1169,7,0,3.5,0,0,1,12.57,0.0
1170,7,0,3.5,0,1,0,13.57,0.0
1171,7,0,3.5,0,1,0,14.57,0.0
1172,7,0,3.5,0,0,1,15.57,0.0
1173,6,0,3.0,0,1,1,15.5,0.0
1174,5,0,2.5,0,0,0,13.0,0.0
1175,4,1,1.5,0,1,0,10.5,0.2
1176,3,2,0.5,0,0,0,9.4,0.6
1177,2,2,0.0,0,0,0,6.2,1.0
1178,1,3,1.0,0,0,0,4.0,1.6
1179,0,3,1.5,0,0,0,0.0,2.2
1180,0,4,2.0,0,0,0,0.0,3.0
1181,0,4,2.0,0,0,1,0.0,3.8
1182,0,5,2.5,0,0,0,0.0,4.8
1183,0,5,2.5,1,0,1,0.0,5.8
1184,0,5,2.5,0,0,1,0.0,6.8
1185,0,5,2.5,1,0,0,0.0,7.8
1186,0,5,2.5,0,0,1,0.0,8.8
1187,0,5,2.5,1,0,0,0.0,9.8
1188,0,5,2.5,0,0,0,0.0,10.8
1189,0,5,2.5,1,0,1,0.0,11.8
1190,0,5,2.5,0,0,1,0.0,12.8
1191,0,5,2.5,1,0,0,0.0,13.8
1192,0,5,2.5,0,0,1,0.0,14.8
1193,0,5,2.5,1,0,0,0.0,15.8
1194,0,5,2.5,1,0,0,0.0,16.8
1195,0,5,2.5,0,0,1,0.0,17.8
1196,1,4,1.5,1,0,1,0.2,18.0
1197,1,3,1.0,0,0,0,0.4,13.5
1198,2,2,0.0,1,0,1,0.67,9.0
1199,2,1,0.5,0,0,0,1.0,6.0
1200,3,0,1.5,0,0,0,1.5,0.0
1201,4,0,2.0,1,0,0,1.86,0.0
1202,5,0,2.5,0,0,1,2.57,0.0
1203,5,0,2.5,0,0,0,3.29,0.0
1204,5,0,2.5,0,1,1,4.0,0.0
1205,6,0,3.0,0,0,0,4.86,0.0
1206,7,0,3.5,0,1,1,5.86,0.0
1207,7,0,3.5,0,0,0,6.86,0.0
1208,7,0,3.5,0,1,1,7.86,0.0
1209,7,0,3.5,0,0,0,8.86,0.0
1210,7,0,3.5,0,1,1,9.86,0.0
1211,7,0,3.5,0,0,0,10.86,0.0
1212,7,0,3.5,0,1,1,11.86,0.0
1213,7,0,3.5,0,0,0,12.86,0.0
1214,7,0,3.5,0,1,1,13.86,0.0
1215,7,0,3.5,0,0,1,14.86,0.0
1216,7,0,3.5,0,1,0,15.86,0.0
1217,7,0,3.5,0,1,1,16.86,0.0
1218,7,0,3.5,0,0,0,17.86,0.0
1219,6,0,3.0,0,1,0,18.0,0.0
1220,5,1,2.0,0,0,1,15.17,0.25
1221,4,1,1.5,0,0,0,12.33,0.5
1222,3,1,1.0,0,1,0,11.2,0.6
1223,2,2,0.0,0,0,0,7.4,1.0
1224,1,2,0.5,0,0,0,4.75,1.4
1225,0,3,1.5,0,0,0,0.0,2.0
1226,0,4,2.0,0,0,1,0.0,2.8
1227,0,4,2.0,0,0,0,0.0,3.6
1228,0,5,2.5,0,0,1,0.0,4.6
1229,0,5,2.5,1,0,0,0.0,5.6
1230,0,5,2.5,0,0,1,0.0,6.6
1231,0,5,2.5,0,0,0,0.0,7.6
1232,0,5,2.5,1,0,0,0.0,8.6
1233,0,5,2.5,0,0,1,0.0,9.6
1234,0,5,2.5,1,0,0,0.0,10.6
1235,0,5,2.5,0,0,1,0.0,11.6
1236,0,5,2.5,1,0,1,0.0,12.6
1237,0,5,2.5,0,0,0,0.0,13.6
1238,0,5,2.5,1,0,0,0.0,14.6
1239,0,5,2.5,0,0,1,0.0,15.6
1240,0,5,2.5,1,0,1,0.0,16.6
1241,0,5,2.5,1,0,0,0.0,17.6
1242,0,4,2.0,0,0,1,0.0,17.5
1243,0,3,1.5,1,0,0,0.0,13.25
1244,1,2,0.5,0,0,1,0.2,9.0
1245,1,1,0.0,1,0,0,0.33,6.0
1246,2,0,1.0,0,0,0,0.67,0.0
1247,3,0,1.5,0,0,0,1.17,0.0
1248,4,0,2.0,0,0,1,1.83,0.0
1249,4,0,2.0,1,1,0,2.14,0.0
1250,4,0,2.0,0,0,1,2.71,0.0
1251,5,0,2.5,0,0,0,3.43,0.0
1252,5,0,2.5,0,1,1,4.14,0.0
1253,6,0,3.0,0,0,0,5.0,0.0
1254,7,0,3.5,0,1,1,6.0,0.0
1255,7,0,3.5,0,0,0,7.0,0.0
1256,7,0,3.5,0,1,1,8.0,0.0
1257,7,0,3.5,0,0,1,9.0,0.0
1258,7,0,3.5,0,1,0,10.0,0.0
1259,7,0,3.5,0,0,0,11.0,0.0
1260,7,0,3.5,0,1,1,12.0,0.0
1261,7,0,3.5,0,0,1,13.0,0.0
1262,7,0,3.5,0,1,0,14.0,0.0
1263,7,0,3.5,0,1,1,15.0,0.0
1264,7,0,3.5,0,0,0,16.0,0.0
1265,6,0,3.0,0,1,1,16.17,0.0
1266,5,1,2.0,0,0,0,13.67,0.25
1267,4,2,1.0,0,0,0,11.0,0.75
1268,3,2,0.5,0,1,0,9.8,1.0
1269,2,2,0.0,0,0,0,6.6,1.4
1270,1,3,1.0,0,0,0,3.4,2.0
1271,0,4,2.0,0,0,0,0.0,2.8
1272,0,4,2.0,0,0,0,0.0,3.6
1273,0,5,2.5,0,0,1,0.0,4.6
1274,0,5,2.5,0,0,0,0.0,5.6
1275,0,5,2.5,0,0,1,0.0,6.6
1276,0,5,2.5,1,0,0,0.0,7.6
1277,0,5,2.5,0,0,1,0.0,8.6
1278,0,5,2.5,1,0,0,0.0,9.6
1279,0,5,2.5,0,0,1,0.0,10.6
1280,0,5,2.5,1,0,0,0.0,11.6
1281,0,5,2.5,0,0,1,0.0,12.6
1282,0,5,2.5,1,0,0,0.0,13.6
1283,0,5,2.5,0,0,1,0.0,14.6
1284,0,5,2.5,1,0,0,0.0,15.6
1285,0,5,2.5,0,0,1,0.0,16.6
1286,0,5,2.5,1,0,0,0.0,17.6
1287,0,5,2.5,1,0,1,0.0,18.6
1288,0,4,2.0,0,0,0,0.0,18.75
1289,1,3,1.0,1,0,1,0.2,14.0
1290,2,2,0.0,0,0,0,0.6,9.5
1291,2,1,0.5,1,0,1,0.83,6.33
1292,2,0,1.0,0,0,0,1.17,0.0
1293,2,0,1.0,0,0,0,1.5,0.0
1294,3,0,1.5,1,0,1,1.71,0.0
1295,3,0,1.5,0,1,0,2.14,0.0
1296,4,0,2.0,0,0,1,2.71,0.0
1297,4,0,2.0,0,1,0,3.29,0.0
1298,5,0,2.5,0,0,1,4.0,0.0
1299,6,0,3.0,0,1,0,4.86,0.0
1300,7,0,3.5,0,0,1,5.86,0.0
1301,7,0,3.5,0,1,0,6.86,0.0
1302,7,0,3.5,0,0,1,7.86,0.0
1303,7,0,3.5,0,1,0,8.86,0.0
1304,7,0,3.5,0,0,1,9.86,0.0
1305,7,0,3.5,0,1,0,10.86,0.0
1306,7,0,3.5,0,0,1,11.86,0.0
1307,7,0,3.5,0,1,0,12.86,0.0
1308,7,0,3.5,0,0,1,13.86,0.0
1309,7,0,3.5,0,1,1,14.86,0.0
1310,7,1,3.0,0,0,0,15.86,0.33
1311,6,1,2.5,0,1,1,15.83,0.5
1312,5,1,2.0,0,0,0,13.0,0.75
1313,4,2,1.0,0,0,0,10.5,1.25
1314,3,2,0.5,0,1,0,9.6,1.4
1315,2,3,0.5,0,0,0,6.6,2.0
1316,1,4,1.5,0,0,0,4.25,2.8
1317,0,4,2.0,0,0,0,0.0,3.6
1318,0,4,2.0,0,0,0,0.0,4.4
1319,0,5,2.5,0,0,1,0.0,5.4
1320,0,5,2.5,0,0,0,0.0,6.4
1321,0,5,2.5,1,0,1,0.0,7.4
1322,0,5,2.5,0,0,1,0.0,8.4
1323,0,5,2.5,0,0,0,0.0,9.4
1324,0,5,2.5,1,0,1,0.0,10.4
1325,0,5,2.5,0,0,0,0.0,11.4
1326,0,5,2.5,1,0,1,0.0,12.4
1327,0,5,2.5,0,0,0,0.0,13.4
1328,0,5,2.5,1,0,1,0.0,14.4
1329,0,5,2.5,0,0,0,0.0,15.4
1330,0,5,2.5,1,0,1,0.0,16.4
1331,0,5,2.5,0,0,1,0.0,17.4
1332,0,5,2.5,1,0,0,0.0,18.4
1333,0,5,2.5,1,0,1,0.0,19.4
1334,0,4,2.0,0,0,0,0.0,19.25
1335,0,3,1.5,1,0,1,0.0,14.5
1336,1,2,0.5,0,0,0,0.2,9.75
1337,1,1,0.0,1,0,0,0.33,6.33
1338,1,0,0.5,0,0,0,0.5,0.0
1339,2,0,1.0,0,0,0,0.83,0.0
1340,3,0,1.5,1,0,0,1.14,0.0
1341,4,0,2.0,0,1,1,1.71,0.0
1342,5,0,2.5,0,0,0,2.43,0.0
1343,5,0,2.5,0,0,1,3.14,0.0
1344,6,0,3.0,0,1,1,4.0,0.0
1345,7,0,3.5,0,0,0,5.0,0.0
1346,7,0,3.5,0,1,1,6.0,0.0
1347,7,0,3.5,0,0,0,7.0,0.0
1348,7,0,3.5,0,1,1,8.0,0.0
1349,7,0,3.5,0,0,0,9.0,0.0
1350,7,0,3.5,0,1,1,10.0,0.0
1351,7,0,3.5,0,0,1,11.0,0.0
1352,7,0,3.5,0,1,0,12.0,0.0
1353,7,0,3.5,0,0,1,13.0,0.0
1354,7,0,3.5,0,1,0,14.0,0.0
1355,7,0,3.5,0,0,1,15.0,0.0
1356,7,0,3.5,0,1,0,16.0,0.0
1357,6,0,3.0,0,0,1,16.17,0.0
1358,5,1,2.0,0,1,0,13.83,0.25
1359,4,1,1.5,0,0,0,11.33,0.5
1360,3,1,1.0,0,0,0,10.4,0.75
1361,2,2,0.0,0,1,0,7.0,1.0
1362,1,3,1.0,0,0,0,3.6,1.6
1363,0,4,2.0,0,0,0,0.0,2.4
1364,0,4,2.0,0,0,0,0.0,3.2
1365,0,4,2.0,0,0,1,0.0,4.0
1366,0,5,2.5,0,0,0,0.0,5.0
1367,0,5,2.5,1,0,1,0.0,6.0
1368,0,5,2.5,0,0,0,0.0,7.0
1369,0,5,2.5,0,0,1,0.0,8.0
1370,0,5,2.5,1,0,0,0.0,9.0
1371,0,5,2.5,0,0,1,0.0,10.0
1372,0,5,2.5,1,0,1,0.0,11.0
1373,0,5,2.5,0,0,0,0.0,12.0
1374,0,5,2.5,1,0,1,0.0,13.0
1375,0,5,2.5,0,0,0,0.0,14.0
1376,0,5,2.5,1,0,1,0.0,15.0
1377,0,5,2.5,0,0,0,0.0,16.0
1378,0,5,2.5,1,0,1,0.0,17.0
1379,0,5,2.5,1,0,0,0.0,18.0
1380,0,4,2.0,1,0,1,0.0,18.0
1381,0,3,1.5,0,0,0,0.0,13.75
1382,1,2,0.5,1,0,0,0.17,9.25
1383,2,1,0.5,0,0,1,0.5,6.0
1384,2,0,1.0,0,0,0,0.83,0.0
1385,3,0,1.5,0,0,0,1.33,0.0
1386,3,0,1.5,1,0,1,1.57,0.0
1387,4,0,2.0,0,1,0,2.14,0.0
1388,5,0,2.5,0,0,1,2.86,0.0
1389,5,0,2.5,0,0,0,3.57,0.0
1390,6,0,3.0,0,1,1,4.43,0.0
1391,6,0,3.0,0,0,0,5.29,0.0
1392,7,0,3.5,0,1,1,6.29,0.0
1393,7,0,3.5,0,0,0,7.29,0.0
1394,7,0,3.5,0,1,1,8.29,0.0
1395,7,0,3.5,0,0,0,9.29,0.0
1396,7,0,3.5,0,1,1,10.29,0.0
1397,7,0,3.5,0,0,1,11.29,0.0
1398,7,0,3.5,0,0,0,12.29,0.0
1399,7,0,3.5,0,0,1,13.29,0.0
1400,7,0,3.5,0,0,0,14.29,0.0
1401,7,0,3.5,0,0,1,15.29,0.0
1402,7,0,3.5,0,0,0,16.29,0.0
1403,6,0,3.0,0,0,1,16.5,0.0
1404,5,0,2.5,0,0,0,13.83,0.0
1405,4,0,2.0,0,0,0,11.17,0.0
1406,3,0,1.5,0,0,0,10.2,0.0
1407,2,0,1.0,0,0,0,6.8,0.0
1408,1,0,0.5,0,0,0,3.4,0.0
1409,0,0,0.0,0,0,0,0.0,0.0
1410,0,0,0.0,0,0,0,0.0,0.0
1411,0,0,0.0,0,0,1,0.0,0.0
1412,0,0,0.0,0,0,0,0.0,0.0
1413,0,0,0.0,1,0,1,0.0,0.0
1414,0,0,0.0,0,0,0,0.0,0.0
1415,0,0,0.0,0,0,1,0.0,0.0
1416,0,0,0.0,1,0,0,0.0,0.0
1417,0,0,0.0,0,0,1,0.0,0.0
1418,0,0,0.0,1,0,0,0.0,0.0
1419,0,0,0.0,0,0,1,0.0,0.0
1420,0,0,0.0,1,0,1,0.0,0.0
1421,0,0,0.0,0,0,0,0.0,0.0
1422,0,0,0.0,1,0,1,0.0,0.0
1423,0,0,0.0,0,0,0,0.0,0.0
1424,0,0,0.0,1,0,0,0.0,0.0
1425,0,0,0.0,1,0,1,0.0,0.0
1426,0,0,0.0,0,0,1,0.0,0.0
1427,0,0,0.0,1,0,0,0.0,0.0
1428,1,0,0.5,0,0,1,0.2,0.0
1429,1,0,0.5,1,0,0,0.33,0.0
1430,2,0,1.0,0,0,0,0.67,0.0
1431,3,0,1.5,0,0,0,1.17,0.0
1432,3,0,1.5,1,0,0,1.43,0.0
1433,4,0,2.0,0,0,0,2.0,0.0
1434,4,0,2.0,0,0,0,2.57,0.0
1435,5,0,2.5,0,0,0,3.29,0.0
1436,5,0,2.5,0,0,0,4.0,0.0
1437,7,0,3.5,0,0,0,5.0,0.0
1438,7,0,3.5,0,0,0,6.0,0.0
1439,7,0,3.5,0,0,0,7.0,0.0
1440,7,0,3.5,0,0,0,8.0,0.0
1441,7,0,3.5,0,0,0,9.0,0.0
1442,7,0,3.5,0,0,0,10.0,0.0
1443,7,0,3.5,0,0,0,11.0,0.0
1444,7,0,3.5,0,0,0,12.0,0.0
1445,7,0,3.5,0,0,0,13.0,0.0
1446,7,0,3.5,0,0,0,14.0,0.0
1447,7,0,3.5,0,0,0,15.0,0.0
1448,7,0,3.5,0,0,0,16.0,0.0
1449,6,0,3.0,0,0,0,16.17,0.0
1450,5,0,2.5,0,0,0,13.67,0.0
1451,4,0,2.0,0,0,0,11.0,0.0
1452,3,0,1.5,0,0,0,10.0,0.0
1453,2,0,1.0,0,0,0,6.8,0.0
1454,1,0,0.5,0,0,0,3.6,0.0
1455,0,0,0.0,0,0,0,0.0,0.0
1456,0,0,0.0,0,0,0,0.0,0.0
1457,0,0,0.0,0,0,1,0.0,0.0
1458,0,0,0.0,0,0,0,0.0,0.0
1459,0,0,0.0,1,0,1,0.0,0.0
1460,0,0,0.0,0,0,0,0.0,0.0
1461,0,0,0.0,1,0,1,0.0,0.0
1462,0,0,0.0,0,0,0,0.0,0.0
1463,0,0,0.0,0,0,1,0.0,0.0
1464,0,0,0.0,1,0,0,0.0,0.0
1465,0,0,0.0,0,0,1,0.0,0.0
1466,0,0,0.0,1,0,1,0.0,0.0
1467,0,0,0.0,0,0,0,0.0,0.0
1468,0,0,0.0,1,0,1,0.0,0.0
1469,0,0,0.0,0,0,0,0.0,0.0
1470,0,0,0.0,1,0,0,0.0,0.0
1471,0,0,0.0,1,0,1,0.0,0.0
1472,1,0,0.5,0,0,0,0.25,0.0
1473,1,0,0.5,1,0,1,0.4,0.0
1474,1,0,0.5,0,0,0,0.6,0.0
1475,2,0,1.0,1,0,0,0.83,0.0
1476,2,0,1.0,0,0,1,1.17,0.0
1477,2,0,1.0,0,0,0,1.5,0.0
1478,3,0,1.5,1,0,0,1.71,0.0
1479,4,0,2.0,0,0,0,2.29,0.0
1480,5,0,2.5,0,0,0,3.0,0.0
1481,5,0,2.5,0,0,0,3.57,0.0
1482,5,0,2.5,0,0,0,4.14,0.0
1483,7,0,3.5,0,0,0,5.14,0.0
1484,7,0,3.5,0,0,0,6.14,0.0
1485,7,0,3.5,0,0,0,7.14,0.0
1486,7,0,3.5,0,0,0,8.14,0.0
1487,7,0,3.5,0,0,0,9.14,0.0
1488,7,0,3.5,0,0,0,10.14,0.0
1489,7,0,3.5,0,0,0,11.14,0.0
1490,7,0,3.5,0,0,0,12.14,0.0
1491,7,0,3.5,0,0,0,13.14,0.0
1492,7,0,3.5,0,0,0,14.14,0.0
1493,7,0,3.5,0,0,0,15.14,0.0
1494,7,0,3.5,0,0,0,16.14,0.0
1495,6,0,3.0,0,0,0,16.0,0.0
1496,5,0,2.5,0,0,0,13.33,0.0
1497,4,0,2.0,0,0,0,10.83,0.0
1498,3,0,1.5,0,0,0,9.8,0.0
1499,2,0,1.0,0,0,0,6.8,0.0
1500,1,0,0.5,0,0,0,3.6,0.0
1501,0,0,0.0,0,0,0,0.0,0.0
1502,0,0,0.0,0,0,0,0.0,0.0
1503,0,0,0.0,0,0,1,0.0,0.0
1504,0,0,0.0,0,0,0,0.0,0.0
1505,0,0,0.0,1,0,1,0.0,0.0
1506,0,0,0.0,0,0,0,0.0,0.0
1507,0,0,0.0,0,0,1,0.0,0.0
1508,0,0,0.0,1,0,0,0.0,0.0
1509,0,0,0.0,0,0,1,0.0,0.0
1510,0,0,0.0,1,0,0,0.0,0.0
1511,0,0,0.0,0,0,1,0.0,0.0
1512,0,0,0.0,1,0,0,0.0,0.0
1513,0,0,0.0,0,0,1,0.0,0.0
1514,0,0,0.0,1,0,1,0.0,0.0
1515,0,0,0.0,0,0,0,0.0,0.0
1516,0,0,0.0,1,0,1,0.0,0.0
1517,0,0,0.0,1,0,0,0.0,0.0
1518,0,0,0.0,0,0,1,0.0,0.0
1519,0,0,0.0,1,0,0,0.0,0.0
1520,1,0,0.5,0,0,1,0.2,0.0
1521,1,0,0.5,1,0,0,0.33,0.0
1522,2,0,1.0,0,0,0,0.67,0.0
1523,3,0,1.5,0,0,0,1.17,0.0
1524,3,0,1.5,1,0,0,1.43,0.0
1525,4,0,2.0,0,0,0,2.0,0.0
1526,4,0,2.0,0,0,0,2.57,0.0
1527,5,0,2.5,0,0,0,3.29,0.0
1528,6,0,3.0,0,0,0,4.14,0.0
1529,7,0,3.5,0,0,0,5.14,0.0
1530,7,0,3.5,0,0,0,6.14,0.0
1531,7,0,3.5,0,0,0,7.14,0.0
1532,7,0,3.5,0,0,0,8.14,0.0
1533,7,0,3.5,0,0,0,9.14,0.0
1534,7,0,3.5,0,0,0,10.14,0.0
1535,7,0,3.5,0,0,0,11.14,0.0
1536,7,0,3.5,0,0,0,12.14,0.0
1537,7,0,3.5,0,0,0,13.14,0.0
1538,7,0,3.5,0,0,0,14.14,0.0
1539,7,0,3.5,0,0,0,15.14,0.0
1540,7,0,3.5,0,0,0,16.14,0.0
1541,6,0,3.0,0,0,0,16.33,0.0
1542,5,0,2.5,0,0,0,13.83,0.0
1543,4,0,2.0,0,0,0,11.17,0.0
1544,3,0,1.5,0,0,0,10.2,0.0
1545,2,0,1.0,0,0,0,7.0,0.0
1546,1,0,0.5,0,0,0,4.5,0.0
1547,0,0,0.0,0,0,0,0.0,0.0
1548,0,0,0.0,0,0,0,0.0,0.0
1549,0,0,0.0,0,0,1,0.0,0.0
1550,0,0,0.0,0,0,0,0.0,0.0
1551,0,0,0.0,1,0,1,0.0,0.0
1552,0,0,0.0,0,0,0,0.0,0.0
1553,0,0,0.0,0,0,1,0.0,0.0
1554,0,0,0.0,1,0,0,0.0,0.0
1555,0,0,0.0,0,0,1,0.0,0.0
1556,0,0,0.0,1,0,0,0.0,0.0
1557,0,0,0.0,0,0,1,0.0,0.0
1558,0,0,0.0,1,0,0,0.0,0.0
1559,0,0,0.0,0,0,1,0.0,0.0
1560,0,0,0.0,1,0,0,0.0,0.0
1561,0,0,0.0,0,0,1,0.0,0.0
1562,0,0,0.0,1,0,0,0.0,0.0
1563,0,0,0.0,1,0,1,0.0,0.0
1564,0,0,0.0,0,0,0,0.0,0.0
1565,0,0,0.0,1,0,0,0.0,0.0
1566,1,0,0.5,0,0,1,0.2,0.0
1567,1,0,0.5,0,0,0,0.4,0.0
1568,2,0,1.0,1,0,1,0.67,0.0
1569,3,0,1.5,0,0,0,1.17,0.0
1570,3,0,1.5,0,0,0,1.67,0.0
1571,3,0,1.5,1,0,0,1.86,0.0
1572,4,0,2.0,0,0,0,2.43,0.0
1573,4,0,2.0,0,0,0,3.0,0.0
1574,5,0,2.5,0,0,0,3.71,0.0
1575,5,0,2.5,0,0,0,4.43,0.0
1576,6,0,3.0,0,0,0,5.29,0.0
1577,7,0,3.5,0,0,0,6.29,0.0
1578,7,0,3.5,0,0,0,7.29,0.0
1579,7,0,3.5,0,0,0,8.29,0.0
1580,7,0,3.5,0,0,0,9.29,0.0
1581,7,0,3.5,0,0,0,10.29,0.0
1582,7,0,3.5,0,0,0,11.29,0.0
1583,7,0,3.5,0,0,0,12.29,0.0
1584,7,0,3.5,0,0,0,13.29,0.0
1585,7,0,3.5,0,0,0,14.29,0.0
1586,7,0,3.5,0,0,0,15.29,0.0
1587,6,0,3.0,0,0,0,15.33,0.0
1588,5,0,2.5,0,0,0,12.83,0.0
1589,4,0,2.0,0,0,0,10.17,0.0
1590,3,0,1.5,0,0,0,9.2,0.0
1591,2,0,1.0,0,0,0,6.2,0.0
1592,1,0,0.5,0,0,0,3.2,0.0
1593,0,0,0.0,0,0,0,0.0,0.0
1594,0,0,0.0,0,0,0,0.0,0.0
1595,0,0,0.0,0,0,1,0.0,0.0
1596,0,0,0.0,0,0,0,0.0,0.0
1597,0,0,0.0,1,0,1,0.0,0.0
1598,0,0,0.0,0,0,0,0.0,0.0
1599,0,0,0.0,1,0,1,0.0,0.0
1600,0,0,0.0,0,0,1,0.0,0.0
1601,0,0,0.0,0,0,0,0.0,0.0
1602,0,0,0.0,1,0,1,0.0,0.0
1603,0,0,0.0,0,0,0,0.0,0.0
1604,0,0,0.0,1,0,1,0.0,0.0
1605,0,0,0.0,0,0,0,0.0,0.0
1606,0,0,0.0,1,0,1,0.0,0.0
1607,0,0,0.0,0,0,0,0.0,0.0
1608,0,0,0.0,1,0,1,0.0,0.0
1609,0,0,0.0,1,0,1,0.0,0.0
1610,0,0,0.0,0,0,0,0.0,0.0
1611,1,0,0.5,1,0,1,0.2,0.0
1612,2,0,1.0,0,0,0,0.6,0.0
1613,2,0,1.0,1,0,0,0.83,0.0
1614,2,0,1.0,0,0,0,1.17,0.0
1615,2,0,1.0,0,0,0,1.5,0.0
1616,3,0,1.5,1,0,0,1.71,0.0
1617,4,0,2.0,0,0,0,2.29,0.0
1618,4,0,2.0,0,0,0,2.86,0.0
1619,5,0,2.5,0,0,0,3.57,0.0
1620,5,0,2.5,0,0,0,4.29,0.0
1621,6,0,3.0,0,0,0,5.14,0.0
1622,7,0,3.5,0,0,0,6.14,0.0
1623,7,0,3.5,0,0,0,7.14,0.0
1624,7,0,3.5,0,0,0,8.14,0.0
1625,7,0,3.5,0,0,0,9.14,0.0
1626,7,0,3.5,0,0,0,10.14,0.0
1627,7,0,3.5,0,0,0,11.14,0.0
1628,7,0,3.5,0,0,0,12.14,0.0
1629,7,0,3.5,0,0,0,13.14,0.0
1630,7,0,3.5,0,0,0,14.14,0.0
1631,7,0,3.5,0,0,0,15.14,0.0
1632,7,0,3.5,0,0,0,16.14,0.0
1633,6,0,3.0,0,0,0,16.17,0.0
1634,5,0,2.5,0,0,0,13.33,0.0
1635,4,0,2.0,0,0,0,10.83,0.0
1636,3,0,1.5,0,0,0,9.8,0.0
1637,2,0,1.0,0,0,0,6.6,0.0
1638,1,0,0.5,0,0,0,3.4,0.0
1639,0,0,0.0,0,0,0,0.0,0.0
1640,0,0,0.0,0,0,0,0.0,0.0
1641,0,0,0.0,0,0,1,0.0,0.0
1642,0,0,0.0,0,0,0,0.0,0.0
1643,0,0,0.0,1,0,1,0.0,0.0
1644,0,0,0.0,0,0,0,0.0,0.0
1645,0,0,0.0,0,0,1,0.0,0.0
1646,0,0,0.0,1,0,0,0.0,0.0
1647,0,0,0.0,0,0,1,0.0,0.0
1648,0,0,0.0,1,0,1,0.0,0.0
1649,0,0,0.0,0,0,0,0.0,0.0
1650,0,0,0.0,1,0,1,0.0,0.0
1651,0,0,0.0,0,0,0,0.0,0.0
1652,0,0,0.0,1,0,1,0.0,0.0
1653,0,0,0.0,0,0,0,0.0,0.0
1654,0,0,0.0,1,0,1,0.0,0.0
1655,0,0,0.0,1,0,0,0.0,0.0
1656,0,0,0.0,0,0,1,0.0,0.0
1657,0,0,0.0,1,0,1,0.0,0.0
1658,1,0,0.5,0,0,0,0.2,0.0
1659,1,0,0.5,1,0,0,0.33,0.0
1660,2,0,1.0,0,0,0,0.67,0.0
1661,2,0,1.0,0,0,0,1.0,0.0
1662,4,0,2.0,1,0,0,1.43,0.0
1663,4,0,2.0,0,0,0,1.86,0.0
1664,5,0,2.5,0,0,0,2.57,0.0
1665,6,0,3.0,0,0,0,3.43,0.0
1666,7,0,3.5,0,0,0,4.43,0.0
1667,7,0,3.5,0,0,0,5.43,0.0
1668,7,0,3.5,0,0,0,6.43,0.0
1669,7,0,3.5,0,0,0,7.43,0.0
1670,7,0,3.5,0,0,0,8.43,0.0
1671,7,0,3.5,0,0,0,9.43,0.0
1672,7,0,3.5,0,0,0,10.43,0.0
1673,7,0,3.5,0,0,0,11.43,0.0
1674,7,0,3.5,0,0,0,12.43,0.0
1675,7,0,3.5,0,0,0,13.43,0.0
1676,7,0,3.5,0,0,0,14.43,0.0
1677,7,0,3.5,0,0,0,15.43,0.0
1678,7,0,3.5,0,0,0,16.43,0.0
1679,6,0,3.0,0,0,0,16.67,0.0
1680,5,0,2.5,0,0,0,14.17,0.0
1681,4,0,2.0,0,0,0,11.67,0.0
1682,3,0,1.5,0,0,0,10.8,0.0
1683,2,0,1.0,0,0,0,7.4,0.0
1684,1,0,0.5,0,0,0,4.75,0.0
1685,0,0,0.0,0,0,0,0.0,0.0
1686,0,0,0.0,0,0,1,0.0,0.0
1687,0,0,0.0,0,0,0,0.0,0.0
1688,0,0,0.0,0,0,1,0.0,0.0
1689,0,0,0.0,1,0,0,0.0,0.0
1690,0,0,0.0,0,0,1,0.0,0.0
1691,0,0,0.0,0,0,0,0.0,0.0
1692,0,0,0.0,1,0,1,0.0,0.0
1693,0,0,0.0,0,0,0,0.0,0.0
1694,0,0,0.0,1,0,1,0.0,0.0
1695,0,0,0.0,0,0,0,0.0,0.0
1696,0,0,0.0,1,0,0,0.0,0.0
1697,0,0,0.0,0,0,1,0.0,0.0
1698,0,0,0.0,1,0,1,0.0,0.0
1699,0,0,0.0,0,0,0,0.0,0.0
1700,0,0,0.0,1,0,1,0.0,0.0
1701,0,0,0.0,1,0,0,0.0,0.0
1702,0,0,0.0,0,0,1,0.0,0.0
1703,1,0,0.5,1,0,0,0.2,0.0
1704,1,0,0.5,0,0,1,0.4,0.0
1705,1,0,0.5,1,0,0,0.5,0.0
1706,1,0,0.5,0,0,0,0.67,0.0
1707,2,0,1.0,0,0,0,1.0,0.0
1708,3,0,1.5,0,0,0,1.5,0.0
1709,4,0,2.0,1,0,0,1.86,0.0
1710,4,0,2.0,0,0,0,2.43,0.0
1711,4,0,2.0,0,0,0,3.0,0.0
1712,5,0,2.5,0,0,0,3.71,0.0
1713,6,0,3.0,0,0,0,4.57,0.0
1714,7,0,3.5,0,0,0,5.57,0.0
1715,7,0,3.5,0,0,0,6.57,0.0
1716,7,0,3.5,0,0,0,7.57,0.0
1717,7,0,3.5,0,0,0,8.57,0.0
1718,7,0,3.5,0,0,0,9.57,0.0
1719,7,0,3.5,0,0,0,10.57,0.0
1720,7,0,3.5,0,0,0,11.57,0.0
1721,7,0,3.5,0,0,0,12.57,0.0
1722,7,0,3.5,0,0,0,13.57,0.0
1723,7,0,3.5,0,0,0,14.57,0.0
1724,7,0,3.5,0,0,0,15.57,0.0
1725,6,0,3.0,0,0,0,15.5,0.0
1726,5,0,2.5,0,0,0,13.17,0.0
1727,4,0,2.0,0,0,0,10.67,0.0
1728,3,0,1.5,0,0,0,9.6,0.0
1729,2,0,1.0,0,0,0,6.6,0.0
1730,1,0,0.5,0,0,0,4.25,0.0
1731,0,0,0.0,0,0,0,0.0,0.0
1732,0,0,0.0,0,0,0,0.0,0.0
1733,0,0,0.0,0,0,1,0.0,0.0
1734,0,0,0.0,0,0,0,0.0,0.0
1735,0,0,0.0,1,0,1,0.0,0.0
1736,0,0,0.0,0,0,0,0.0,0.0
1737,0,0,0.0,0,0,1,0.0,0.0
1738,0,0,0.0,1,0,0,0.0,0.0
1739,0,0,0.0,0,0,1,0.0,0.0
1740,0,0,0.0,1,0,0,0.0,0.0
1741,0,0,0.0,0,0,0,0.0,0.0
1742,0,0,0.0,1,0,1,0.0,0.0
1743,0,0,0.0,0,0,0,0.0,0.0
1744,0,0,0.0,1,0,1,0.0,0.0
1745,0,0,0.0,0,0,0,0.0,0.0
1746,0,0,0.0,1,0,1,0.0,0.0
1747,0,0,0.0,1,0,1,0.0,0.0
1748,0,0,0.0,0,0,0,0.0,0.0
1749,0,0,0.0,1,0,1,0.0,0.0
1750,1,0,0.5,0,0,0,0.2,0.0
1751,1,0,0.5,1,0,1,0.33,0.0
1752,1,0,0.5,0,0,0,0.5,0.0
1753,2,0,1.0,0,0,0,0.83,0.0
1754,3,0,1.5,1,0,0,1.14,0.0
1755,4,0,2.0,0,0,0,1.71,0.0
1756,4,0,2.0,0,0,0,2.29,0.0
1757,5,0,2.5,0,0,0,3.0,0.0
1758,6,0,3.0,0,0,0,3.86,0.0
1759,6,0,3.0,0,0,0,4.71,0.0
1760,6,0,3.0,0,0,0,5.57,0.0
1761,7,0,3.5,0,0,0,6.57,0.0
1762,7,0,3.5,0,0,0,7.57,0.0
1763,7,0,3.5,0,0,0,8.57,0.0
1764,7,0,3.5,0,0,0,9.57,0.0
1765,7,0,3.5,0,0,0,10.57,0.0
1766,7,0,3.5,0,0,0,11.57,0.0
1767,7,0,3.5,0,0,0,12.57,0.0
1768,7,0,3.5,0,0,0,13.57,0.0
1769,7,0,3.5,0,0,0,14.57,0.0
1770,7,0,3.5,0,0,0,15.57,0.0
1771,6,0,3.0,0,0,0,15.67,0.0
1772,5,0,2.5,0,0,0,13.33,0.0
1773,4,0,2.0,0,0,0,10.83,0.0
1774,3,0,1.5,0,0,0,9.8,0.0
1775,2,0,1.0,0,0,0,6.6,0.0
1776,1,0,0.5,0,0,0,3.2,0.0
1777,0,0,0.0,0,0,0,0.0,0.0
1778,0,0,0.0,0,0,0,0.0,0.0
1779,0,0,0.0,0,0,1,0.0,0.0
1780,0,0,0.0,0,0,0,0.0,0.0
1781,0,0,0.0,1,0,1,0.0,0.0
1782,0,0,0.0,0,0,0,0.0,0.0
1783,0,0,0.0,1,0,1,0.0,0.0
1784,0,0,0.0,0,0,1,0.0,0.0
1785,0,0,0.0,0,0,0,0.0,0.0
1786,0,0,0.0,1,0,1,0.0,0.0
1787,0,0,0.0,0,0,0,0.0,0.0
1788,0,0,0.0,1,0,1,0.0,0.0
1789,0,0,0.0,0,0,0,0.0,0.0
1790,0,0,0.0,1,0,1,0.0,0.0
1791,0,0,0.0,0,0,0,0.0,0.0
1792,0,0,0.0,1,0,1,0.0,0.0
1793,0,0,0.0,1,0,0,0.0,0.0
1794,0,0,0.0,0,0,1,0.0,0.0
1795,0,0,0.0,1,0,1,0.0,0.0
1796,1,0,0.5,0,0,0,0.2,0.0
1797,2,0,1.0,1,0,0,0.5,0.0
1798,2,0,1.0,0,0,0,0.83,0.0
1799,2,0,1.0,0,0,0,1.17,0.0
1800,3,0,1.5,1,0,0,1.43,0.0
1801,4,0,2.0,0,0,0,2.0,0.0
1802,4,0,2.0,0,0,0,2.57,0.0
1803,5,0,2.5,0,0,0,3.29,0.0
1804,5,0,2.5,0,0,0,4.0,0.0
1805,6,0,3.0,0,0,0,4.86,0.0
1806,7,0,3.5,0,0,0,5.86,0.0
1807,7,0,3.5,0,0,0,6.86,0.0
1808,7,0,3.5,0,0,0,7.86,0.0
1809,7,0,3.5,0,0,0,8.86,0.0
1810,7,0,3.5,0,0,0,9.86,0.0
1811,7,0,3.5,0,0,0,10.86,0.0
1812,7,0,3.5,0,0,0,11.86,0.0
1813,7,0,3.5,0,0,0,12.86,0.0
1814,7,0,3.5,0,0,0,13.86,0.0
1815,7,0,3.5,0,0,0,14.86,0.0
1816,7,0,3.5,0,0,0,15.86,0.0
1817,6,0,3.0,0,0,0,16.0,0.0
1818,5,0,2.5,0,0,0,13.33,0.0
1819,4,0,2.0,0,0,0,10.83,0.0
1820,3,0,1.5,0,0,0,9.8,0.0
1821,2,0,1.0,0,0,0,6.6,0.0
1822,1,0,0.5,0,0,0,3.4,0.0
1823,0,0,0.0,0,0,0,0.0,0.0
1824,0,0,0.0,0,0,0,0.0,0.0
1825,0,0,0.0,0,0,1,0.0,0.0
1826,0,0,0.0,0,0,1,0.0,0.0
1827,0,0,0.0,1,0,0,0.0,0.0
1828,0,0,0.0,0,0,1,0.0,0.0
1829,0,0,0.0,0,0,0,0.0,0.0
1830,0,0,0.0,1,0,0,0.0,0.0
1831,0,0,0.0,0,0,1,0.0,0.0
1832,0,0,0.0,1,0,1,0.0,0.0
1833,0,0,0.0,0,0,0,0.0,0.0
1834,0,0,0.0,1,0,0,0.0,0.0
1835,0,0,0.0,0,0,1,0.0,0.0
1836,0,0,0.0,1,0,0,0.0,0.0
1837,0,0,0.0,0,0,1,0.0,0.0
1838,0,0,0.0,1,0,1,0.0,0.0
1839,0,0,0.0,1,0,0,0.0,0.0
1840,0,0,0.0,0,0,1,0.0,0.0
1841,1,0,0.5,1,0,0,0.2,0.0
1842,1,0,0.5,0,0,1,0.4,0.0
1843,1,0,0.5,1,0,0,0.5,0.0
1844,2,0,1.0,0,0,0,0.83,0.0
1845,3,0,1.5,0,0,0,1.33,0.0
1846,3,0,1.5,1,0,0,1.57,0.0
1847,4,0,2.0,0,0,0,2.14,0.0
1848,5,0,2.5,0,0,0,2.86,0.0
1849,5,0,2.5,0,0,0,3.57,0.0
1850,5,0,2.5,0,0,0,4.29,0.0
1851,6,0,3.0,0,0,0,5.14,0.0
1852,7,0,3.5,0,0,0,6.14,0.0
1853,7,0,3.5,0,0,0,7.14,0.0
1854,7,0,3.5,0,0,0,8.14,0.0
1855,7,0,3.5,0,0,0,9.14,0.0
1856,7,0,3.5,0,0,0,10.14,0.0
1857,7,0,3.5,0,0,0,11.14,0.0
1858,7,0,3.5,0,0,0,12.14,0.0
1859,7,0,3.5,0,0,0,13.14,0.0
1860,7,0,3.5,0,0,0,14.14,0.0
1861,7,0,3.5,0,0,0,15.14,0.0
1862,7,0,3.5,0,0,0,16.14,0.0
1863,6,0,3.0,0,0,0,16.17,0.0
1864,5,0,2.5,0,0,0,13.67,0.0
1865,4,0,2.0,0,0,0,11.0,0.0
1866,3,0,1.5,0,0,0,10.0,0.0
1867,2,0,1.0,0,0,0,6.6,0.0
1868,1,0,0.5,0,0,0,4.25,0.0
1869,0,0,0.0,0,0,0,0.0,0.0
1870,0,0,0.0,0,0,0,0.0,0.0
1871,0,0,0.0,0,0,1,0.0,0.0
1872,0,0,0.0,0,0,0,0.0,0.0
1873,0,0,0.0,1,0,1,0.0,0.0
1874,0,0,0.0,0,0,0,0.0,0.0
1875,0,0,0.0,0,0,1,0.0,0.0
1876,0,0,0.0,1,0,1,0.0,0.0
1877,0,0,0.0,0,0,0,0.0,0.0
1878,0,0,0.0,1,0,1,0.0,0.0
1879,0,0,0.0,0,0,0,0.0,0.0
1880,0,0,0.0,1,0,1,0.0,0.0
1881,0,0,0.0,0,0,0,0.0,0.0
1882,0,0,0.0,1,0,1,0.0,0.0
1883,0,0,0.0,0,0,0,0.0,0.0
1884,0,0,0.0,1,0,1,0.0,0.0
1885,0,0,0.0,1,0,0,0.0,0.0
1886,0,0,0.0,1,0,1,0.0,0.0
1887,1,0,0.5,0,0,0,0.2,0.0
1888,1,0,0.5,0,0,1,0.4,0.0
1889,2,0,1.0,1,0,0,0.67,0.0
1890,2,0,1.0,0,0,0,1.0,0.0
1891,3,0,1.5,0,0,0,1.5,0.0
1892,4,0,2.0,1,0,0,1.86,0.0
1893,4,0,2.0,0,0,0,2.43,0.0
1894,5,0,2.5,0,0,0,3.14,0.0
1895,5,0,2.5,0,0,0,3.86,0.0
1896,6,0,3.0,0,0,0,4.71,0.0
1897,7,0,3.5,0,0,0,5.71,0.0
1898,7,0,3.5,0,0,0,6.71,0.0
1899,7,0,3.5,0,0,0,7.71,0.0
1900,7,0,3.5,0,0,0,8.71,0.0
1901,7,0,3.5,0,0,0,9.71,0.0
1902,7,0,3.5,0,0,0,10.71,0.0
1903,7,0,3.5,0,0,0,11.71,0.0
1904,7,0,3.5,0,0,0,12.71,0.0
1905,7,0,3.5,0,0,0,13.71,0.0
1906,7,0,3.5,0,0,0,14.71,0.0
1907,7,0,3.5,0,0,0,15.71,0.0
1908,7,0,3.5,0,0,0,16.71,0.0
1909,6,0,3.0,0,0,0,16.83,0.0
1910,5,0,2.5,0,0,0,14.17,0.0
1911,4,0,2.0,0,0,0,11.5,0.0
1912,3,0,1.5,0,0,0,10.4,0.0
1913,2,0,1.0,0,0,0,7.0,0.0
1914,1,0,0.5,0,0,0,3.6,0.0
1915,0,0,0.0,0,0,0,0.0,0.0
1916,0,0,0.0,0,0,0,0.0,0.0
1917,0,0,0.0,0,0,1,0.0,0.0
1918,0,0,0.0,0,0,0,0.0,0.0
1919,0,0,0.0,1,0,1,0.0,0.0
1920,0,0,0.0,0,0,0,0.0,0.0
1921,0,0,0.0,0,0,1,0.0,0.0
1922,0,0,0.0,1,0,0,0.0,0.0
1923,0,0,0.0,0,0,1,0.0,0.0
1924,0,0,0.0,1,0,1,0.0,0.0
1925,0,0,0.0,0,0,0,0.0,0.0
1926,0,0,0.0,1,0,1,0.0,0.0
1927,0,0,0.0,0,0,0,0.0,0.0
1928,0,0,0.0,1,0,1,0.0,0.0
1929,0,0,0.0,0,0,0,0.0,0.0
1930,0,0,0.0,1,0,0,0.0,0.0
1931,0,0,0.0,1,0,1,0.0,0.0
1932,0,0,0.0,0,0,0,0.0,0.0
1933,0,0,0.0,1,0,1,0.0,0.0
1934,1,0,0.5,0,0,1,0.2,0.0
1935,2,0,1.0,1,0,0,0.5,0.0
1936,2,0,1.0,0,0,0,0.83,0.0
1937,2,0,1.0,0,0,0,1.17,0.0
1938,3,0,1.5,1,0,0,1.43,0.0
1939,3,0,1.5,0,0,0,1.86,0.0
1940,4,0,2.0,0,0,0,2.43,0.0
1941,4,0,2.0,0,0,0,3.0,0.0
1942,5,0,2.5,0,0,0,3.71,0.0
1943,6,0,3.0,0,0,0,4.57,0.0
1944,7,0,3.5,0,0,0,5.57,0.0
1945,7,0,3.5,0,0,0,6.57,0.0
1946,7,0,3.5,0,0,0,7.57,0.0
1947,7,0,3.5,0,0,0,8.57,0.0
1948,7,0,3.5,0,0,0,9.57,0.0
1949,7,0,3.5,0,0,0,10.57,0.0
1950,7,0,3.5,0,0,0,11.57,0.0
1951,7,0,3.5,0,0,0,12.57,0.0
1952,7,0,3.5,0,0,0,13.57,0.0
1953,7,0,3.5,0,0,0,14.57,0.0
1954,7,0,3.5,0,0,0,15.57,0.0
1955,6,0,3.0,0,0,0,15.67,0.0
1956,5,0,2.5,0,0,0,13.0,0.0
1957,4,0,2.0,0,0,0,10.5,0.0
1958,3,0,1.5,0,0,0,9.6,0.0
1959,2,0,1.0,0,0,0,6.6,0.0
1960,1,0,0.5,0,0,0,4.25,0.0
1961,0,0,0.0,0,0,0,0.0,0.0
1962,0,0,0.0,0,0,0,0.0,0.0
1963,0,0,0.0,0,0,1,0.0,0.0
1964,0,0,0.0,0,0,0,0.0,0.0
1965,0,0,0.0,1,0,1,0.0,0.0
1966,0,0,0.0,0,0,1,0.0,0.0
1967,0,0,0.0,1,0,0,0.0,0.0
1968,0,0,0.0,0,0,1,0.0,0.0
1969,0,0,0.0,0,0,0,0.0,0.0
1970,0,0,0.0,1,0,1,0.0,0.0
1971,0,0,0.0,0,0,0,0.0,0.0
1972,0,0,0.0,1,0,1,0.0,0.0
1973,0,0,0.0,0,0,0,0.0,0.0
1974,0,0,0.0,1,0,1,0.0,0.0
1975,0,0,0.0,0,0,0,0.0,0.0
1976,0,0,0.0,1,0,1,0.0,0.0
1977,0,0,0.0,1,0,0,0.0,0.0
1978,0,0,0.0,0,0,1,0.0,0.0
1979,1,0,0.5,1,0,0,0.2,0.0
1980,1,0,0.5,0,0,1,0.4,0.0
1981,1,0,0.5,1,0,0,0.5,0.0
1982,2,0,1.0,0,0,0,0.83,0.0
1983,2,0,1.0,0,0,0,1.17,0.0
1984,3,0,1.5,1,0,0,1.43,0.0
1985,3,0,1.5,0,0,0,1.86,0.0
1986,4,0,2.0,0,0,0,2.43,0.0
1987,5,0,2.5,0,0,0,3.14,0.0
1988,5,0,2.5,0,0,0,3.86,0.0
1989,6,0,3.0,0,0,0,4.71,0.0
1990,6,0,3.0,0,0,0,5.57,0.0
1991,7,0,3.5,0,0,0,6.57,0.0
1992,7,0,3.5,0,0,0,7.57,0.0
1993,7,0,3.5,0,0,0,8.57,0.0
1994,7,0,3.5,0,0,0,9.57,0.0
1995,7,0,3.5,0,0,0,10.57,0.0
1996,7,0,3.5,0,0,0,11.57,0.0
1997,7,0,3.5,0,0,0,12.57,0.0
1998,7,0,3.5,0,0,0,13.57,0.0
1999,7,0,3.5,0,0,0,14.57,0.0
2000,7,0,3.5,0,0,0,15.57,0.0
2001,6,0,3.0,0,0,0,15.5,0.0
2002,5,0,2.5,0,0,0,13.0,0.0
2003,4,0,2.0,0,0,0,10.5,0.0
2004,3,0,1.5,0,0,0,9.6,0.0
2005,2,0,1.0,0,0,0,6.4,0.0
2006,1,0,0.5,0,0,0,3.2,0.0
2007,0,0,0.0,0,0,0,0.0,0.0
2008,0,0,0.0,0,0,0,0.0,0.0
2009,0,0,0.0,0,0,1,0.0,0.0
2010,0,0,0.0,0,0,0,0.0,0.0
2011,0,0,0.0,1,0,1,0.0,0.0
2012,0,0,0.0,0,0,0,0.0,0.0
2013,0,0,0.0,0,0,1,0.0,0.0
2014,0,0,0.0,1,0,0,0.0,0.0
2015,0,0,0.0,0,0,1,0.0,0.0
2016,0,0,0.0,1,0,1,0.0,0.0
2017,0,0,0.0,0,0,0,0.0,0.0
2018,0,0,0.0,1,0,1,0.0,0.0
2019,0,0,0.0,0,0,0,0.0,0.0
2020,0,0,0.0,1,0,1,0.0,0.0
2021,0,0,0.0,0,0,0,0.0,0.0
2022,0,0,0.0,1,0,1,0.0,0.0
2023,0,0,0.0,1,0,1,0.0,0.0
2024,0,0,0.0,0,0,0,0.0,0.0
2025,0,0,0.0,1,0,1,0.0,0.0
2026,1,0,0.5,0,0,0,0.2,0.0
2027,2,0,1.0,1,0,0,0.5,0.0
2028,3,0,1.5,0,0,0,1.0,0.0
2029,3,0,1.5,0,0,0,1.5,0.0
2030,3,0,1.5,1,0,0,1.71,0.0
2031,4,0,2.0,0,0,0,2.29,0.0
2032,5,0,2.5,0,0,0,3.0,0.0
2033,5,0,2.5,0,0,0,3.71,0.0
2034,6,0,3.0,0,0,0,4.57,0.0
2035,6,0,3.0,0,0,0,5.43,0.0
2036,7,0,3.5,0,0,0,6.43,0.0
2037,7,0,3.5,0,0,0,7.43,0.0
2038,7,0,3.5,0,0,0,8.43,0.0
2039,7,0,3.5,0,0,0,9.43,0.0
2040,7,0,3.5,0,0,0,10.43,0.0
2041,7,0,3.5,0,0,0,11.43,0.0
2042,7,0,3.5,0,0,0,12.43,0.0
2043,7,0,3.5,0,0,0,13.43,0.0
2044,7,0,3.5,0,0,0,14.43,0.0
2045,7,0,3.5,0,0,0,15.43,0.0
2046,7,0,3.5,0,0,0,16.43,0.0
2047,6,0,3.0,0,0,0,16.67,0.0
2048,5,0,2.5,0,0,0,14.0,0.0
2049,4,0,2.0,0,0,0,11.17,0.0
2050,3,0,1.5,0,0,0,10.2,0.0
2051,2,0,1.0,0,0,0,6.8,0.0
2052,1,0,0.5,0,0,0,3.4,0.0
2053,0,0,0.0,0,0,0,0.0,0.0
2054,0,0,0.0,0,0,0,0.0,0.0
2055,0,0,0.0,0,0,1,0.0,0.0
2056,0,0,0.0,0,0,0,0.0,0.0
2057,0,0,0.0,1,0,1,0.0,0.0
2058,0,0,0.0,0,0,0,0.0,0.0
2059,0,0,0.0,1,0,1,0.0,0.0
2060,0,0,0.0,0,0,0,0.0,0.0
2061,0,0,0.0,0,0,1,0.0,0.0
2062,0,0,0.0,1,0,0,0.0,0.0
2063,0,0,0.0,0,0,1,0.0,0.0
2064,0,0,0.0,1,0,1,0.0,0.0
2065,0,0,0.0,0,0,0,0.0,0.0
2066,0,0,0.0,1,0,1,0.0,0.0
2067,0,0,0.0,0,0,0,0.0,0.0
2068,0,0,0.0,1,0,1,0.0,0.0
2069,0,0,0.0,1,0,0,0.0,0.0
2070,0,0,0.0,0,0,1,0.0,0.0
2071,0,0,0.0,1,0,0,0.0,0.0
2072,1,0,0.5,0,0,1,0.2,0.0
2073,2,0,1.0,1,0,0,0.5,0.0
2074,2,0,1.0,0,0,0,0.83,0.0
2075,2,0,1.0,0,0,0,1.17,0.0
2076,3,0,1.5,1,0,0,1.43,0.0
2077,4,0,2.0,0,0,0,2.0,0.0
2078,4,0,2.0,0,0,0,2.57,0.0
2079,5,0,2.5,0,0,0,3.29,0.0
2080,5,0,2.5,0,0,0,4.0,0.0
2081,6,0,3.0,0,0,0,4.86,0.0
2082,7,0,3.5,0,0,0,5.86,0.0
2083,7,0,3.5,0,0,0,6.86,0.0
2084,7,0,3.5,0,0,0,7.86,0.0
2085,7,0,3.5,0,0,0,8.86,0.0
2086,7,0,3.5,0,0,0,9.86,0.0
2087,7,0,3.5,0,0,0,10.86,0.0
2088,7,0,3.5,0,0,0,11.86,0.0
2089,7,0,3.5,0,0,0,12.86,0.0
2090,7,0,3.5,0,0,0,13.86,0.0
2091,7,0,3.5,0,0,0,14.86,0.0
2092,7,0,3.5,0,0,0,15.86,0.0
2093,6,0,3.0,0,0,0,16.0,0.0
2094,5,0,2.5,0,0,0,13.33,0.0
2095,4,0,2.0,0,0,0,10.83,0.0
2096,3,0,1.5,0,0,0,9.8,0.0
2097,2,0,1.0,0,0,0,6.6,0.0
2098,1,0,0.5,0,0,0,4.25,0.0
2099,0,0,0.0,0,0,0,0.0,0.0
2100,0,0,0.0,0,0,0,0.0,0.0
2101,0,0,0.0,0,0,1,0.0,0.0
2102,0,0,0.0,0,0,1,0.0,0.0
2103,0,0,0.0,1,0,0,0.0,0.0
2104,0,0,0.0,0,0,1,0.0,0.0
2105,0,0,0.0,0,0,0,0.0,0.0
2106,0,0,0.0,1,0,1,0.0,0.0
2107,0,0,0.0,0,0,0,0.0,0.0
2108,0,0,0.0,1,0,1,0.0,0.0
2109,0,0,0.0,0,0,0,0.0,0.0
2110,0,0,0.0,1,0,1,0.0,0.0
2111,0,0,0.0,0,0,0,0.0,0.0
2112,0,0,0.0,1,0,1,0.0,0.0
2113,0,0,0.0,0,0,0,0.0,0.0
2114,0,0,0.0,1,0,1,0.0,0.0
2115,0,0,0.0,1,0,0,0.0,0.0
2116,0,0,0.0,0,0,1,0.0,0.0
2117,0,0,0.0,1,0,0,0.0,0.0
2118,1,0,0.5,0,0,1,0.2,0.0
2119,2,0,1.0,1,0,0,0.5,0.0
2120,2,0,1.0,0,0,0,0.83,0.0
2121,3,0,1.5,0,0,0,1.33,0.0
2122,3,0,1.5,0,0,0,1.83,0.0
2123,4,0,2.0,1,0,0,2.14,0.0
2124,5,0,2.5,0,0,0,2.86,0.0
2125,5,0,2.5,0,0,0,3.57,0.0
2126,5,0,2.5,0,0,0,4.29,0.0
2127,6,0,3.0,0,0,0,5.14,0.0
2128,7,0,3.5,0,0,0,6.14,0.0
2129,7,0,3.5,0,0,0,7.14,0.0
2130,7,0,3.5,0,0,0,8.14,0.0
2131,7,0,3.5,0,0,0,9.14,0.0
2132,7,0,3.5,0,0,0,10.14,0.0
2133,7,0,3.5,0,0,0,11.14,0.0
2134,7,0,3.5,0,0,0,12.14,0.0
2135,7,0,3.5,0,0,0,13.14,0.0
2136,7,0,3.5,0,0,0,14.14,0.0
2137,7,0,3.5,0,0,0,15.14,0.0
2138,7,0,3.5,0,0,0,16.14,0.0
2139,6,0,3.0,0,0,0,16.33,0.0
2140,5,0,2.5,0,0,0,13.67,0.0
2141,4,0,2.0,0,0,0,11.0,0.0
2142,3,0,1.5,0,0,0,10.0,0.0
2143,2,0,1.0,0,0,0,6.6,0.0
2144,1,0,0.5,0,0,0,3.4,0.0
2145,0,0,0.0,0,0,0,0.0,0.0
2146,0,0,0.0,0,0,0,0.0,0.0
2147,0,0,0.0,0,0,1,0.0,0.0
2148,0,0,0.0,0,0,0,0.0,0.0
2149,0,0,0.0,1,0,1,0.0,0.0
2150,0,0,0.0,0,0,0,0.0,0.0
2151,0,0,0.0,0,0,1,0.0,0.0
2152,0,0,0.0,1,0,1,0.0,0.0
2153,0,0,0.0,0,0,0,0.0,0.0
2154,0,0,0.0,1,0,1,0.0,0.0
2155,0,0,0.0,0,0,0,0.0,0.0
2156,0,0,0.0,1,0,1,0.0,0.0
2157,0,0,0.0,0,0,0,0.0,0.0
2158,0,0,0.0,1,0,1,0.0,0.0
2159,0,0,0.0,0,0,0,0.0,0.0
2160,0,0,0.0,1,0,1,0.0,0.0
2161,0,0,0.0,1,0,0,0.0,0.0
2162,0,0,0.0,0,0,1,0.0,0.0
2163,0,0,0.0,1,0,1,0.0,0.0
2164,1,0,0.5,0,0,0,0.2,0.0
2165,1,0,0.5,1,0,0,0.33,0.0
2166,2,0,1.0,0,0,0,0.67,0.0
2167,2,0,1.0,0,0,0,1.0,0.0
2168,3,0,1.5,1,0,0,1.29,0.0
2169,3,0,1.5,0,0,0,1.71,0.0
2170,4,0,2.0,0,0,0,2.29,0.0
2171,5,0,2.5,0,0,0,3.0,0.0
2172,6,0,3.0,0,0,0,3.86,0.0
2173,7,0,3.5,0,0,0,4.86,0.0
2174,7,0,3.5,0,0,0,5.86,0.0
2175,7,0,3.5,0,0,0,6.86,0.0
2176,7,0,3.5,0,0,0,7.86,0.0
2177,7,0,3.5,0,0,0,8.86,0.0
2178,7,0,3.5,0,0,0,9.86,0.0
2179,7,0,3.5,0,0,0,10.86,0.0
2180,7,0,3.5,0,0,0,11.86,0.0
2181,7,0,3.5,0,0,0,12.86,0.0
2182,7,0,3.5,0,0,0,13.86,0.0
2183,7,0,3.5,0,0,0,14.86,0.0
2184,7,0,3.5,0,0,0,15.86,0.0
2185,6,0,3.0,0,0,0,16.0,0.0
2186,5,0,2.5,0,0,0,13.5,0.0
2187,4,0,2.0,0,0,0,11.0,0.0
2188,3,0,1.5,0,0,0,8.5,0.0
2189,2,0,1.0,0,0,0,7.0,0.0
2190,1,0,0.5,0,0,0,3.6,0.0
2191,0,0,0.0,0,0,0,0.0,0.0
2192,0,0,0.0,0,0,0,0.0,0.0
2193,0,0,0.0,0,0,1,0.0,0.0
2194,0,0,0.0,0,0,0,0.0,0.0
2195,0,0,0.0,1,0,1,0.0,0.0
2196,0,0,0.0,0,0,0,0.0,0.0
2197,0,0,0.0,0,0,1,0.0,0.0
2198,0,0,0.0,1,0,0,0.0,0.0
2199,0,0,0.0,0,0,1,0.0,0.0
2200,0,0,0.0,1,0,0,0.0,0.0
2201,0,0,0.0,0,0,1,0.0,0.0
2202,0,0,0.0,1,0,1,0.0,0.0
2203,0,0,0.0,0,0,0,0.0,0.0
2204,0,0,0.0,1,0,1,0.0,0.0
2205,0,0,0.0,0,0,0,0.0,0.0
2206,0,0,0.0,1,0,1,0.0,0.0
2207,0,0,0.0,1,0,0,0.0,0.0
2208,1,0,0.5,0,0,1,0.25,0.0
2209,1,0,0.5,1,0,0,0.4,0.0
2210,1,0,0.5,0,0,1,0.6,0.0
2211,1,0,0.5,1,0,0,0.67,0.0
2212,3,0,1.5,0,0,0,1.17,0.0
2213,3,0,1.5,0,0,0,1.67,0.0
2214,4,0,2.0,1,0,0,2.0,0.0
2215,5,0,2.5,0,0,0,2.71,0.0
2216,5,0,2.5,0,0,0,3.43,0.0
2217,6,0,3.0,0,0,0,4.29,0.0
2218,6,0,3.0,0,0,0,5.14,0.0
2219,7,0,3.5,0,0,0,6.14,0.0
2220,7,0,3.5,0,0,0,7.14,0.0
2221,7,0,3.5,0,0,0,8.14,0.0
2222,7,0,3.5,0,0,0,9.14,0.0
2223,7,0,3.5,0,0,0,10.14,0.0
2224,7,0,3.5,0,0,0,11.14,0.0
2225,7,0,3.5,0,0,0,12.14,0.0
2226,7,0,3.5,0,0,0,13.14,0.0
2227,7,0,3.5,0,0,0,14.14,0.0
2228,7,0,3.5,0,0,0,15.14,0.0
2229,7,0,3.5,0,0,0,16.14,0.0
2230,7,0,3.5,0,0,0,17.14,0.0
2231,6,0,3.0,0,0,0,17.17,0.0
2232,5,0,2.5,0,0,0,14.67,0.0
2233,4,0,2.0,0,0,0,11.83,0.0
2234,3,0,1.5,0,0,0,10.8,0.0
2235,2,0,1.0,0,0,0,7.2,0.0
2236,1,0,0.5,0,0,0,4.5,0.0
2237,0,0,0.0,0,0,0,0.0,0.0
2238,0,0,0.0,0,0,0,0.0,0.0
2239,0,0,0.0,0,0,1,0.0,0.0
2240,0,0,0.0,0,0,1,0.0,0.0
2241,0,0,0.0,0,0,0,0.0,0.0
2242,0,0,0.0,1,0,1,0.0,0.0
2243,0,0,0.0,0,0,0,0.0,0.0
2244,0,0,0.0,1,0,1,0.0,0.0
2245,0,0,0.0,0,0,0,0.0,0.0
2246,0,0,0.0,1,0,1,0.0,0.0
2247,0,0,0.0,0,0,0,0.0,0.0
2248,0,0,0.0,1,0,1,0.0,0.0
2249,0,0,0.0,0,0,0,0.0,0.0
2250,0,0,0.0,1,0,1,0.0,0.0
2251,0,0,0.0,0,0,0,0.0,0.0
2252,0,0,0.0,1,0,0,0.0,0.0
2253,0,0,0.0,1,0,1,0.0,0.0
2254,0,0,0.0,0,0,0,0.0,0.0
2255,1,0,0.5,1,0,1,0.2,0.0
2256,1,0,0.5,0,0,0,0.4,0.0
2257,1,0,0.5,1,0,1,0.5,0.0
2258,2,0,1.0,0,0,0,0.83,0.0
2259,2,0,1.0,0,0,0,1.17,0.0
2260,3,0,1.5,0,0,0,1.67,0.0
2261,4,0,2.0,1,0,0,2.0,0.0
2262,4,0,2.0,0,0,0,2.57,0.0
2263,5,0,2.5,0,0,0,3.29,0.0
2264,5,0,2.5,0,0,0,4.0,0.0
2265,6,0,3.0,0,0,0,4.86,0.0
2266,6,0,3.0,0,0,0,5.71,0.0
2267,7,0,3.5,0,0,0,6.71,0.0
2268,7,0,3.5,0,0,0,7.71,0.0
2269,7,0,3.5,0,0,0,8.71,0.0
2270,7,0,3.5,0,0,0,9.71,0.0
2271,7,0,3.5,0,0,0,10.71,0.0
2272,7,0,3.5,0,0,0,11.71,0.0
2273,7,0,3.5,0,0,0,12.71,0.0
2274,7,0,3.5,0,0,0,13.71,0.0
2275,7,0,3.5,0,0,0,14.71,0.0
2276,7,0,3.5,0,0,0,15.71,0.0
2277,6,0,3.0,0,0,0,15.67,0.0
2278,5,0,2.5,0,0,0,13.17,0.0
2279,4,0,2.0,0,0,0,10.67,0.0
2280,3,0,1.5,0,0,0,9.6,0.0
2281,2,0,1.0,0,0,0,6.4,0.0
2282,1,0,0.5,0,0,0,3.2,0.0
2283,0,0,0.0,0,0,0,0.0,0.0
2284,0,0,0.0,0,0,0,0.0,0.0
2285,0,0,0.0,0,0,1,0.0,0.0
2286,0,0,0.0,0,0,0,0.0,0.0
2287,0,0,0.0,1,0,1,0.0,0.0
2288,0,0,0.0,0,0,0,0.0,0.0
2289,0,0,0.0,0,0,1,0.0,0.0
2290,0,0,0.0,1,0,1,0.0,0.0
2291,0,0,0.0,0,0,0,0.0,0.0
2292,0,0,0.0,1,0,1,0.0,0.0
2293,0,0,0.0,0,0,0,0.0,0.0
2294,0,0,0.0,1,0,1,0.0,0.0
2295,0,0,0.0,0,0,0,0.0,0.0
2296,0,0,0.0,1,0,1,0.0,0.0
2297,0,0,0.0,0,0,0,0.0,0.0
2298,0,0,0.0,1,0,1,0.0,0.0
2299,0,0,0.0,1,0,0,0.0,0.0
2300,0,0,0.0,0,0,0,0.0,0.0
2301,0,0,0.0,1,0,1,0.0,0.0
2302,1,0,0.5,0,0,0,0.2,0.0
2303,2,0,1.0,1,0,1,0.5,0.0
2304,2,0,1.0,0,0,0,0.83,0.0
2305,3,0,1.5,0,0,0,1.33,0.0
2306,3,0,1.5,1,0,0,1.57,0.0
2307,4,0,2.0,0,0,0,2.14,0.0
2308,4,0,2.0,0,0,0,2.71,0.0
2309,5,0,2.5,0,0,0,3.43,0.0
2310,6,0,3.0,0,0,0,4.29,0.0
2311,7,0,3.5,0,0,0,5.29,0.0
2312,7,0,3.5,0,0,0,6.29,0.0
2313,7,0,3.5,0,0,0,7.29,0.0
2314,7,0,3.5,0,0,0,8.29,0.0
2315,7,0,3.5,0,0,0,9.29,0.0
2316,7,0,3.5,0,0,0,10.29,0.0
2317,7,0,3.5,0,0,0,11.29,0.0
2318,7,0,3.5,0,0,0,12.29,0.0
2319,7,0,3.5,0,0,0,13.29,0.0
2320,7,0,3.5,0,0,0,14.29,0.0
2321,7,0,3.5,0,0,0,15.29,0.0
2322,7,0,3.5,0,0,0,16.29,0.0
2323,6,0,3.0,0,0,0,16.5,0.0
2324,5,0,2.5,0,0,0,13.83,0.0
2325,4,0,2.0,0,0,0,11.17,0.0
2326,3,0,1.5,0,0,0,8.5,0.0
2327,2,0,1.0,0,0,0,7.0,0.0
2328,1,0,0.5,0,0,0,3.6,0.0
2329,0,0,0.0,0,0,0,0.0,0.0
2330,0,0,0.0,0,0,0,0.0,0.0
2331,0,0,0.0,0,0,1,0.0,0.0
2332,0,0,0.0,0,0,0,0.0,0.0
2333,0,0,0.0,1,0,1,0.0,0.0
2334,0,0,0.0,0,0,0,0.0,0.0
2335,0,0,0.0,0,0,1,0.0,0.0
2336,0,0,0.0,1,0,0,0.0,0.0
2337,0,0,0.0,0,0,1,0.0,0.0
2338,0,0,0.0,1,0,0,0.0,0.0
2339,0,0,0.0,0,0,1,0.0,0.0
2340,0,0,0.0,1,0,0,0.0,0.0
2341,0,0,0.0,0,0,1,0.0,0.0
2342,0,0,0.0,0,0,0,0.0,0.0
2343,0,0,0.0,1,0,1,0.0,0.0
2344,0,0,0.0,0,0,1,0.0,0.0
2345,0,0,0.0,1,0,0,0.0,0.0
2346,0,0,0.0,1,0,0,0.0,0.0
2347,1,0,0.5,0,0,1,0.25,0.0
2348,1,0,0.5,1,0,1,0.4,0.0
2349,1,0,0.5,0,0,0,0.6,0.0
2350,2,0,1.0,1,0,0,0.83,0.0
2351,2,0,1.0,0,0,0,1.17,0.0
2352,3,0,1.5,0,0,0,1.67,0.0
2353,3,0,1.5,0,0,0,2.17,0.0
2354,3,0,1.5,1,0,0,2.29,0.0
2355,4,0,2.0,0,0,0,2.86,0.0
2356,5,0,2.5,0,0,0,3.57,0.0
2357,5,0,2.5,0,0,0,4.29,0.0
2358,6,0,3.0,0,0,0,5.14,0.0
2359,7,0,3.5,0,0,0,6.14,0.0
2360,7,0,3.5,0,0,0,7.14,0.0
2361,7,0,3.5,0,0,0,8.14,0.0
2362,7,0,3.5,0,0,0,9.14,0.0
2363,7,0,3.5,0,0,0,10.14,0.0
2364,7,0,3.5,0,0,0,11.14,0.0
2365,7,0,3.5,0,0,0,12.14,0.0
2366,7,0,3.5,0,0,0,13.14,0.0
2367,7,0,3.5,0,0,0,14.14,0.0
2368,7,0,3.5,0,0,0,15.14,0.0
2369,6,0,3.0,0,0,0,15.0,0.0
2370,5,0,2.5,0,0,0,12.5,0.0
2371,4,0,2.0,0,0,0,10.0,0.0
2372,3,0,1.5,0,0,0,9.2,0.0
2373,2,0,1.0,0,0,0,6.2,0.0
2374,1,0,0.5,0,0,0,3.2,0.0
2375,0,0,0.0,0,0,0,0.0,0.0
2376,0,0,0.0,0,0,0,0.0,0.0
2377,0,0,0.0,0,0,0,0.0,0.0
2378,0,0,0.0,0,0,1,0.0,0.0
2379,0,0,0.0,0,0,0,0.0,0.0
2380,0,0,0.0,1,0,1,0.0,0.0
2381,0,0,0.0,0,0,1,0.0,0.0
2382,0,0,0.0,1,0,0,0.0,0.0
2383,0,0,0.0,0,0,1,0.0,0.0
2384,0,0,0.0,0,0,0,0.0,0.0
2385,0,0,0.0,1,0,1,0.0,0.0
2386,0,0,0.0,0,0,0,0.0,0.0
2387,0,0,0.0,1,0,1,0.0,0.0
2388,0,0,0.0,0,0,1,0.0,0.0
2389,0,0,0.0,1,0,0,0.0,0.0
2390,0,0,0.0,0,0,1,0.0,0.0
2391,0,0,0.0,1,0,0,0.0,0.0
2392,0,0,0.0,1,0,1,0.0,0.0
2393,1,0,0.5,0,0,0,0.25,0.0
2394,1,0,0.5,1,0,1,0.4,0.0
2395,2,0,1.0,0,0,0,0.8,0.0
2396,2,0,1.0,1,0,0,1.0,0.0
2397,3,0,1.5,0,0,0,1.5,0.0
2398,3,0,1.5,0,0,0,2.0,0.0
2399,3,0,1.5,1,0,0,2.14,0.0
2400,4,0,2.0,0,0,0,2.71,0.0
2401,5,0,2.5,0,0,0,3.43,0.0
2402,6,0,3.0,0,0,0,4.29,0.0
2403,6,0,3.0,0,0,0,5.14,0.0
2404,7,0,3.5,0,0,0,6.14,0.0
2405,7,0,3.5,0,0,0,7.14,0.0
2406,7,0,3.5,0,0,0,8.14,0.0
2407,7,0,3.5,0,0,0,9.14,0.0
2408,7,0,3.5,0,0,0,10.14,0.0
2409,7,0,3.5,0,0,0,11.14,0.0
2410,7,0,3.5,0,0,0,12.14,0.0
2411,7,0,3.5,0,0,0,13.14,0.0
2412,7,0,3.5,0,0,0,14.14,0.0
2413,7,0,3.5,0,0,0,15.14,0.0
2414,7,0,3.5,0,0,0,16.14,0.0
2415,6,0,3.0,0,0,0,16.17,0.0
2416,5,0,2.5,0,0,0,13.5,0.0
2417,4,0,2.0,0,0,0,10.83,0.0
2418,3,0,1.5,0,0,0,10.0,0.0
2419,2,0,1.0,0,0,0,6.8,0.0
2420,1,0,0.5,0,0,0,4.25,0.0
2421,0,0,0.0,0,0,0,0.0,0.0
2422,0,0,0.0,0,0,1,0.0,0.0
2423,0,0,0.0,0,0,0,0.0,0.0
2424,0,0,0.0,0,0,1,0.0,0.0
2425,0,0,0.0,1,0,0,0.0,0.0
2426,0,0,0.0,0,0,1,0.0,0.0
2427,0,0,0.0,0,0,0,0.0,0.0
2428,0,0,0.0,1,0,1,0.0,0.0
2429,0,0,0.0,0,0,0,0.0,0.0
2430,0,0,0.0,1,0,1,0.0,0.0
2431,0,0,0.0,0,0,1,0.0,0.0
2432,0,0,0.0,1,0,0,0.0,0.0
2433,0,0,0.0,0,0,1,0.0,0.0
2434,0,0,0.0,1,0,0,0.0,0.0
2435,0,0,0.0,0,0,1,0.0,0.0
2436,0,0,0.0,1,0,0,0.0,0.0
2437,0,0,0.0,1,0,1,0.0,0.0
2438,0,0,0.0,0,0,0,0.0,0.0
2439,1,0,0.5,1,0,0,0.2,0.0
2440,1,0,0.5,0,0,1,0.4,0.0
2441,1,0,0.5,1,0,0,0.5,0.0
2442,2,0,1.0,0,0,0,0.83,0.0
2443,2,0,1.0,0,0,0,1.17,0.0
2444,3,0,1.5,1,0,0,1.43,0.0
2445,3,0,1.5,0,0,0,1.86,0.0
2446,4,0,2.0,0,0,0,2.43,0.0
2447,4,0,2.0,0,0,0,3.0,0.0
2448,5,0,2.5,0,0,0,3.71,0.0
2449,6,0,3.0,0,0,0,4.57,0.0
2450,7,0,3.5,0,0,0,5.57,0.0
2451,7,0,3.5,0,0,0,6.57,0.0
2452,7,0,3.5,0,0,0,7.57,0.0
2453,7,0,3.5,0,0,0,8.57,0.0
2454,7,0,3.5,0,0,0,9.57,0.0
2455,7,0,3.5,0,0,0,10.57,0.0
2456,7,0,3.5,0,0,0,11.57,0.0
2457,7,0,3.5,0,0,0,12.57,0.0
2458,7,0,3.5,0,0,0,13.57,0.0
2459,7,0,3.5,0,0,0,14.57,0.0
2460,7,0,3.5,0,0,0,15.57,0.0
2461,6,0,3.0,0,0,0,15.5,0.0
2462,5,0,2.5,0,0,0,13.0,0.0
2463,4,0,2.0,0,0,0,10.5,0.0
2464,3,0,1.5,0,0,0,9.6,0.0
2465,2,0,1.0,0,0,0,6.6,0.0
2466,1,0,0.5,0,0,0,3.4,0.0
2467,0,0,0.0,0,0,0,0.0,0.0
2468,0,0,0.0,0,0,0,0.0,0.0
2469,0,0,0.0,0,0,1,0.0,0.0
2470,0,0,0.0,0,0,0,0.0,0.0
2471,0,0,0.0,1,0,1,0.0,0.0
2472,0,0,0.0,0,0,1,0.0,0.0
2473,0,0,0.0,0,0,0,0.0,0.0
2474,0,0,0.0,1,0,0,0.0,0.0
2475,0,0,0.0,0,0,1,0.0,0.0
2476,0,0,0.0,1,0,0,0.0,0.0
2477,0,0,0.0,0,0,1,0.0,0.0
2478,0,0,0.0,1,0,0,0.0,0.0
2479,0,0,0.0,0,0,1,0.0,0.0
2480,0,0,0.0,1,0,1,0.0,0.0
2481,0,0,0.0,0,0,0,0.0,0.0
2482,0,0,0.0,1,0,1,0.0,0.0
2483,0,0,0.0,1,0,0,0.0,0.0
2484,0,0,0.0,0,0,1,0.0,0.0
2485,1,0,0.5,1,0,0,0.2,0.0
2486,1,0,0.5,0,0,0,0.4,0.0
2487,1,0,0.5,1,0,1,0.5,0.0
2488,2,0,1.0,0,0,0,0.83,0.0
2489,3,0,1.5,0,0,0,1.33,0.0
2490,3,0,1.5,1,0,0,1.57,0.0
2491,4,0,2.0,0,0,0,2.14,0.0
2492,4,0,2.0,0,0,0,2.71,0.0
2493,5,0,2.5,0,0,0,3.43,0.0
2494,5,0,2.5,0,0,0,4.14,0.0
2495,6,0,3.0,0,0,0,5.0,0.0
2496,7,0,3.5,0,0,0,6.0,0.0
2497,7,0,3.5,0,0,0,7.0,0.0
2498,7,0,3.5,0,0,0,8.0,0.0
2499,7,0,3.5,0,0,0,9.0,0.0
2500,7,0,3.5,0,0,0,10.0,0.0
2501,7,0,3.5,0,0,0,11.0,0.0
2502,7,0,3.5,0,0,0,12.0,0.0
2503,7,0,3.5,0,0,0,13.0,0.0
2504,7,0,3.5,0,0,0,14.0,0.0
2505,7,0,3.5,0,0,0,15.0,0.0
2506,7,0,3.5,0,0,0,16.0,0.0
2507,6,0,3.0,0,0,0,16.0,0.0
2508,5,0,2.5,0,0,0,13.5,0.0
2509,4,0,2.0,0,0,0,10.83,0.0
2510,3,0,1.5,0,0,0,9.8,0.0
2511,2,0,1.0,0,0,0,6.6,0.0
2512,1,0,0.5,0,0,0,4.25,0.0
2513,0,0,0.0,0,0,0,0.0,0.0
2514,0,0,0.0,0,0,1,0.0,0.0
2515,0,0,0.0,0,0,0,0.0,0.0
2516,0,0,0.0,0,0,1,0.0,0.0
2517,0,0,0.0,1,0,0,0.0,0.0
2518,0,0,0.0,0,0,1,0.0,0.0
2519,0,0,0.0,1,0,0,0.0,0.0
2520,0,0,0.0,0,0,1,0.0,0.0
2521,0,0,0.0,0,0,0,0.0,0.0
2522,0,0,0.0,1,0,1,0.0,0.0
2523,0,0,0.0,0,0,0,0.0,0.0
2524,0,0,0.0,1,0,1,0.0,0.0
2525,0,0,0.0,0,0,0,0.0,0.0
2526,0,0,0.0,1,0,1,0.0,0.0
2527,0,0,0.0,0,0,0,0.0,0.0
2528,0,0,0.0,1,0,1,0.0,0.0
2529,0,0,0.0,1,0,0,0.0,0.0
2530,1,0,0.5,0,0,1,0.25,0.0
2531,1,0,0.5,1,0,0,0.4,0.0
2532,1,0,0.5,0,0,1,0.6,0.0
2533,2,0,1.0,1,0,0,0.83,0.0
2534,3,0,1.5,0,0,0,1.33,0.0
2535,3,0,1.5,0,0,0,1.83,0.0
2536,4,0,2.0,1,0,0,2.14,0.0
2537,5,0,2.5,0,0,0,2.86,0.0
2538,5,0,2.5,0,0,0,3.57,0.0
2539,7,0,3.5,0,0,0,4.57,0.0
2540,7,0,3.5,0,0,0,5.57,0.0
2541,7,0,3.5,0,0,0,6.57,0.0
2542,7,0,3.5,0,0,0,7.57,0.0
2543,7,0,3.5,0,0,0,8.57,0.0
2544,7,0,3.5,0,0,0,9.57,0.0
2545,7,0,3.5,0,0,0,10.57,0.0
2546,7,0,3.5,0,0,0,11.57,0.0
2547,7,0,3.5,0,0,0,12.57,0.0
2548,7,0,3.5,0,0,0,13.57,0.0
2549,7,0,3.5,0,0,0,14.57,0.0
2550,7,0,3.5,0,0,0,15.57,0.0
2551,7,0,3.5,0,0,0,16.57,0.0
2552,7,0,3.5,0,0,0,17.57,0.0
2553,6,0,3.0,0,0,0,17.67,0.0
2554,5,0,2.5,0,0,0,15.0,0.0
2555,4,0,2.0,0,0,0,12.17,0.0
2556,3,0,1.5,0,0,0,11.2,0.0
2557,2,0,1.0,0,0,0,7.6,0.0
2558,1,0,0.5,0,0,0,5.0,0.0
2559,0,0,0.0,0,0,0,0.0,0.0
2560,0,0,0.0,0,0,1,0.0,0.0
2561,0,0,0.0,0,0,0,0.0,0.0
2562,0,0,0.0,0,0,1,0.0,0.0
2563,0,0,0.0,1,0,0,0.0,0.0
2564,0,0,0.0,0,0,0,0.0,0.0
2565,0,0,0.0,1,0,1,0.0,0.0
2566,0,0,0.0,0,0,1,0.0,0.0
2567,0,0,0.0,0,0,0,0.0,0.0
2568,0,0,0.0,1,0,1,0.0,0.0
2569,0,0,0.0,0,0,0,0.0,0.0
2570,0,0,0.0,1,0,1,0.0,0.0
2571,0,0,0.0,0,0,0,0.0,0.0
2572,0,0,0.0,1,0,1,0.0,0.0
2573,0,0,0.0,0,0,1,0.0,0.0
2574,0,0,0.0,1,0,0,0.0,0.0
2575,0,0,0.0,1,0,0,0.0,0.0
2576,0,0,0.0,0,0,1,0.0,0.0
2577,1,0,0.5,1,0,0,0.2,0.0
2578,1,0,0.5,0,0,1,0.4,0.0
2579,2,0,1.0,1,0,0,0.67,0.0
2580,2,0,1.0,0,0,0,1.0,0.0
2581,3,0,1.5,0,0,0,1.5,0.0
2582,4,0,2.0,1,0,0,1.86,0.0
2583,4,0,2.0,0,0,0,2.43,0.0
2584,5,0,2.5,0,0,0,3.14,0.0
2585,5,0,2.5,0,0,0,3.86,0.0
2586,6,0,3.0,0,0,0,4.71,0.0
2587,6,0,3.0,0,0,0,5.57,0.0
2588,7,0,3.5,0,0,0,6.57,0.0
2589,7,0,3.5,0,0,0,7.57,0.0
2590,7,0,3.5,0,0,0,8.57,0.0
2591,7,0,3.5,0,0,0,9.57,0.0
2592,7,0,3.5,0,0,0,10.57,0.0
2593,7,0,3.5,0,0,0,11.57,0.0
2594,7,0,3.5,0,0,0,12.57,0.0
2595,7,0,3.5,0,0,0,13.57,0.0
2596,7,0,3.5,0,0,0,14.57,0.0
2597,7,0,3.5,0,0,0,15.57,0.0
2598,7,0,3.5,0,0,0,16.57,0.0
2599,6,0,3.0,0,0,0,16.67,0.0
2600,5,0,2.5,0,0,0,14.0,0.0
2601,4,0,2.0,0,0,0,11.33,0.0
2602,3,0,1.5,0,0,0,8.5,0.0
2603,2,0,1.0,0,0,0,6.8,0.0
2604,1,0,0.5,0,0,0,3.4,0.0
2605,0,0,0.0,0,0,0,0.0,0.0
2606,0,0,0.0,0,0,0,0.0,0.0
2607,0,0,0.0,0,0,1,0.0,0.0
2608,0,0,0.0,0,0,0,0.0,0.0
2609,0,0,0.0,0,0,1,0.0,0.0
2610,0,0,0.0,1,0,0,0.0,0.0
2611,0,0,0.0,0,0,1,0.0,0.0
2612,0,0,0.0,1,0,0,0.0,0.0
2613,0,0,0.0,0,0,1,0.0,0.0
2614,0,0,0.0,0,0,0,0.0,0.0
2615,0,0,0.0,1,0,1,0.0,0.0
2616,0,0,0.0,0,0,0,0.0,0.0
2617,0,0,0.0,1,0,1,0.0,0.0
2618,0,0,0.0,0,0,0,0.0,0.0
2619,0,0,0.0,1,0,1,0.0,0.0
2620,0,0,0.0,0,0,1,0.0,0.0
2621,0,0,0.0,1,0,0,0.0,0.0
2622,0,0,0.0,1,0,1,0.0,0.0
2623,0,0,0.0,0,0,0,0.0,0.0
2624,0,0,0.0,1,0,1,0.0,0.0
2625,1,0,0.5,0,0,0,0.2,0.0
2626,1,0,0.5,1,0,0,0.33,0.0
2627,2,0,1.0,0,0,0,0.67,0.0
2628,2,0,1.0,0,0,0,1.0,0.0
2629,3,0,1.5,0,0,0,1.5,0.0
2630,3,0,1.5,1,0,0,1.71,0.0
2631,4,0,2.0,0,0,0,2.29,0.0
2632,5,0,2.5,0,0,0,3.0,0.0
2633,6,0,3.0,0,0,0,3.86,0.0
2634,6,0,3.0,0,0,0,4.71,0.0
2635,7,0,3.5,0,0,0,5.71,0.0
2636,7,0,3.5,0,0,0,6.71,0.0
2637,7,0,3.5,0,0,0,7.71,0.0
2638,7,0,3.5,0,0,0,8.71,0.0
2639,7,0,3.5,0,0,0,9.71,0.0
2640,7,0,3.5,0,0,0,10.71,0.0
2641,7,0,3.5,0,0,0,11.71,0.0
2642,7,0,3.5,0,0,0,12.71,0.0
2643,7,0,3.5,0,0,0,13.71,0.0
2644,7,0,3.5,0,0,0,14.71,0.0
2645,6,0,3.0,0,0,0,14.83,0.0
2646,5,0,2.5,0,0,0,12.5,0.0
2647,4,0,2.0,0,0,0,10.17,0.0
2648,3,0,1.5,0,0,0,9.4,0.0
2649,2,0,1.0,0,0,0,6.4,0.0
2650,1,0,0.5,0,0,0,3.2,0.0
2651,0,0,0.0,0,0,0,0.0,0.0
2652,0,0,0.0,0,0,0,0.0,0.0
2653,0,0,0.0,0,0,1,0.0,0.0
2654,0,0,0.0,0,0,0,0.0,0.0
2655,0,0,0.0,1,0,1,0.0,0.0
2656,0,0,0.0,0,0,0,0.0,0.0
2657,0,0,0.0,0,0,1,0.0,0.0
2658,0,0,0.0,1,0,0,0.0,0.0
2659,0,0,0.0,0,0,1,0.0,0.0
2660,0,0,0.0,1,0,0,0.0,0.0
2661,0,0,0.0,0,0,1,0.0,0.0
2662,0,0,0.0,1,0,0,0.0,0.0
2663,0,0,0.0,0,0,1,0.0,0.0
2664,0,0,0.0,1,0,0,0.0,0.0
2665,0,0,0.0,0,0,1,0.0,0.0
2666,0,0,0.0,1,0,0,0.0,0.0
2667,0,0,0.0,0,0,0,0.0,0.0
2668,0,0,0.0,1,0,1,0.0,0.0
2669,0,0,0.0,0,0,1,0.0,0.0
2670,1,0,0.5,1,0,0,0.2,0.0
2671,1,0,0.5,0,0,1,0.4,0.0
2672,2,0,1.0,1,0,0,0.67,0.0
2673,2,0,1.0,0,0,0,1.0,0.0
2674,3,0,1.5,0,0,0,1.5,0.0
2675,3,0,1.5,1,0,0,1.71,0.0
2676,3,0,1.5,0,0,0,2.14,0.0
2677,4,0,2.0,0,0,0,2.71,0.0
2678,4,0,2.0,0,0,0,3.29,0.0
2679,5,0,2.5,0,0,0,4.0,0.0
2680,5,0,2.5,0,0,0,4.71,0.0
2681,6,0,3.0,0,0,0,5.57,0.0
2682,7,0,3.5,0,0,0,6.57,0.0
2683,7,0,3.5,0,0,0,7.57,0.0
2684,7,0,3.5,0,0,0,8.57,0.0
2685,7,0,3.5,0,0,0,9.57,0.0
2686,7,0,3.5,0,0,0,10.57,0.0
2687,7,0,3.5,0,0,0,11.57,0.0
2688,7,0,3.5,0,0,0,12.57,0.0
2689,7,0,3.5,0,0,0,13.57,0.0
2690,7,0,3.5,0,0,0,14.57,0.0
2691,6,0,3.0,0,0,0,14.5,0.0
2692,5,0,2.5,0,0,0,12.0,0.0
2693,4,0,2.0,0,0,0,9.5,0.0
2694,3,0,1.5,0,0,0,8.6,0.0
2695,2,0,1.0,0,0,0,5.8,0.0
2696,1,0,0.5,0,0,0,3.0,0.0
2697,0,0,0.0,0,0,0,0.0,0.0
2698,0,0,0.0,0,0,0,0.0,0.0
2699,0,0,0.0,0,0,0,0.0,0.0
2700,0,0,0.0,0,0,1,0.0,0.0
2701,0,0,0.0,1,0,1,0.0,0.0
2702,0,0,0.0,0,0,0,0.0,0.0
2703,0,0,0.0,1,0,1,0.0,0.0
2704,0,0,0.0,0,0,0,0.0,0.0
2705,0,0,0.0,1,0,1,0.0,0.0
2706,0,0,0.0,0,0,0,0.0,0.0
2707,0,0,0.0,0,0,1,0.0,0.0
2708,0,0,0.0,1,0,0,0.0,0.0
2709,0,0,0.0,0,0,1,0.0,0.0
2710,0,0,0.0,1,0,1,0.0,0.0
2711,0,0,0.0,0,0,0,0.0,0.0
2712,0,0,0.0,1,0,1,0.0,0.0
2713,0,0,0.0,1,0,0,0.0,0.0
2714,0,0,0.0,0,0,1,0.0,0.0
2715,1,0,0.5,1,0,1,0.2,0.0
2716,1,0,0.5,0,0,0,0.4,0.0
2717,1,0,0.5,1,0,0,0.5,0.0
2718,2,0,1.0,0,0,0,0.83,0.0
2719,2,0,1.0,0,0,0,1.17,0.0
2720,3,0,1.5,1,0,0,1.43,0.0
2721,3,0,1.5,0,0,0,1.86,0.0
2722,4,0,2.0,0,0,0,2.43,0.0
2723,5,0,2.5,0,0,0,3.14,0.0
2724,6,0,3.0,0,0,0,4.0,0.0
2725,5,0,2.5,0,0,0,4.57,0.0
2726,6,0,3.0,0,0,0,5.43,0.0
2727,7,0,3.5,0,0,0,6.43,0.0
2728,7,0,3.5,0,0,0,7.43,0.0
2729,7,0,3.5,0,0,0,8.43,0.0
2730,7,0,3.5,0,0,0,9.43,0.0
2731,7,0,3.5,0,0,0,10.43,0.0
2732,7,0,3.5,0,0,0,11.43,0.0
2733,7,0,3.5,0,0,0,12.43,0.0
2734,7,0,3.5,0,0,0,13.43,0.0
2735,7,0,3.5,0,0,0,14.43,0.0
2736,7,0,3.5,0,0,0,15.43,0.0
2737,6,0,3.0,0,0,0,15.33,0.0
2738,5,0,2.5,0,0,0,12.83,0.0
2739,4,0,2.0,0,0,0,10.33,0.0
2740,3,0,1.5,0,0,0,9.4,0.0
2741,2,0,1.0,0,0,0,6.2,0.0
2742,1,0,0.5,0,0,0,3.2,0.0
2743,0,0,0.0,0,0,0,0.0,0.0
2744,0,0,0.0,0,0,0,0.0,0.0
2745,0,0,0.0,0,0,1,0.0,0.0
2746,0,0,0.0,0,0,0,0.0,0.0
2747,0,0,0.0,1,0,1,0.0,0.0
2748,0,0,0.0,0,0,0,0.0,0.0
2749,0,0,0.0,0,0,1,0.0,0.0
2750,0,0,0.0,1,0,0,0.0,0.0
2751,0,0,0.0,0,0,1,0.0,0.0
2752,0,0,0.0,1,0,1,0.0,0.0
2753,0,0,0.0,0,0,0,0.0,0.0
2754,0,0,0.0,1,0,1,0.0,0.0
2755,0,0,0.0,0,0,0,0.0,0.0
2756,0,0,0.0,1,0,0,0.0,0.0
2757,0,0,0.0,0,0,1,0.0,0.0
2758,0,0,0.0,1,0,1,0.0,0.0
2759,0,0,0.0,1,0,0,0.0,0.0
2760,0,0,0.0,0,0,1,0.0,0.0
2761,1,0,0.5,1,0,0,0.2,0.0
2762,1,0,0.5,0,0,1,0.4,0.0
2763,1,0,0.5,1,0,0,0.5,0.0
2764,2,0,1.0,0,0,0,0.83,0.0
2765,2,0,1.0,0,0,0,1.17,0.0
2766,3,0,1.5,1,0,0,1.43,0.0
2767,3,0,1.5,0,0,0,1.86,0.0
2768,4,0,2.0,0,0,0,2.43,0.0
2769,5,0,2.5,0,0,0,3.14,0.0
2770,6,0,3.0,0,0,0,4.0,0.0
2771,6,0,3.0,0,0,0,4.86,0.0
2772,7,0,3.5,0,0,0,5.86,0.0
2773,7,0,3.5,0,0,0,6.86,0.0
2774,7,0,3.5,0,0,0,7.86,0.0
2775,7,0,3.5,0,0,0,8.86,0.0
2776,7,0,3.5,0,0,0,9.86,0.0
2777,7,0,3.5,0,0,0,10.86,0.0
2778,7,0,3.5,0,0,0,11.86,0.0
2779,7,0,3.5,0,0,0,12.86,0.0
2780,7,0,3.5,0,0,0,13.86,0.0
2781,7,0,3.5,0,0,0,14.86,0.0
2782,7,0,3.5,0,0,0,15.86,0.0
2783,6,0,3.0,0,0,0,15.83,0.0
2784,5,0,2.5,0,0,0,13.33,0.0
2785,4,0,2.0,0,0,0,10.83,0.0
2786,3,0,1.5,0,0,0,10.0,0.0
2787,2,0,1.0,0,0,0,6.8,0.0
2788,1,0,0.5,0,0,0,3.4,0.0
2789,0,0,0.0,0,0,0,0.0,0.0
2790,0,0,0.0,0,0,0,0.0,0.0
2791,0,0,0.0,0,0,1,0.0,0.0
2792,0,0,0.0,0,0,0,0.0,0.0
2793,0,0,0.0,0,0,1,0.0,0.0
2794,0,0,0.0,1,0,0,0.0,0.0
2795,0,0,0.0,0,0,1,0.0,0.0
2796,0,0,0.0,1,0,0,0.0,0.0
2797,0,0,0.0,0,0,1,0.0,0.0
2798,0,0,0.0,1,0,0,0.0,0.0
2799,0,0,0.0,0,0,1,0.0,0.0
2800,0,0,0.0,1,0,0,0.0,0.0
2801,0,0,0.0,0,0,1,0.0,0.0
2802,0,0,0.0,1,0,1,0.0,0.0
2803,0,0,0.0,0,0,0,0.0,0.0
2804,0,0,0.0,1,0,1,0.0,0.0
2805,0,0,0.0,1,0,0,0.0,0.0
2806,0,0,0.0,0,0,1,0.0,0.0
2807,1,0,0.5,1,0,0,0.2,0.0
2808,1,0,0.5,0,0,1,0.4,0.0
2809,2,0,1.0,1,0,0,0.67,0.0
2810,3,0,1.5,0,0,0,1.17,0.0
2811,3,0,1.5,0,0,0,1.67,0.0
2812,4,0,2.0,1,0,0,2.0,0.0
2813,4,0,2.0,0,0,0,2.57,0.0
2814,5,0,2.5,0,0,0,3.29,0.0
2815,5,0,2.5,0,0,0,4.0,0.0
2816,6,0,3.0,0,0,0,4.86,0.0
2817,7,0,3.5,0,0,0,5.86,0.0
2818,7,0,3.5,0,0,0,6.86,0.0
2819,7,0,3.5,0,0,0,7.86,0.0
2820,7,0,3.5,0,0,0,8.86,0.0
2821,7,0,3.5,0,0,0,9.86,0.0
2822,7,0,3.5,0,0,0,10.86,0.0
2823,7,0,3.5,0,0,0,11.86,0.0
2824,7,0,3.5,0,0,0,12.86,0.0
2825,7,0,3.5,0,0,0,13.86,0.0
2826,7,0,3.5,0,0,0,14.86,0.0
2827,7,0,3.5,0,0,0,15.86,0.0
2828,7,0,3.5,0,0,0,16.86,0.0
2829,6,0,3.0,0,0,0,17.0,0.0
2830,5,0,2.5,0,0,0,14.33,0.0
2831,4,0,2.0,0,0,0,11.5,0.0
2832,3,0,1.5,0,0,0,10.4,0.0
2833,2,0,1.0,0,0,0,7.0,0.0
2834,1,0,0.5,0,0,0,3.6,0.0
2835,0,0,0.0,0,0,0,0.0,0.0
2836,0,0,0.0,0,0,0,0.0,0.0
2837,0,0,0.0,0,0,1,0.0,0.0
2838,0,0,0.0,0,0,0,0.0,0.0
2839,0,0,0.0,0,0,1,0.0,0.0
2840,0,0,0.0,1,0,0,0.0,0.0
2841,0,0,0.0,0,0,1,0.0,0.0
2842,0,0,0.0,1,0,0,0.0,0.0
2843,0,0,0.0,0,0,1,0.0,0.0
2844,0,0,0.0,0,0,0,0.0,0.0
2845,0,0,0.0,1,0,1,0.0,0.0
2846,0,0,0.0,1,0,0,0.0,0.0
2847,0,0,0.0,0,0,0,0.0,0.0
2848,0,0,0.0,0,0,1,0.0,0.0
2849,0,0,0.0,1,0,1,0.0,0.0
2850,0,0,0.0,0,0,0,0.0,0.0
2851,0,0,0.0,1,0,1,0.0,0.0
2852,0,0,0.0,1,0,0,0.0,0.0
2853,0,0,0.0,0,0,1,0.0,0.0
2854,1,0,0.5,1,0,0,0.2,0.0
2855,2,0,1.0,0,0,1,0.6,0.0
2856,2,0,1.0,1,0,0,0.83,0.0
2857,2,0,1.0,0,0,0,1.17,0.0
2858,2,0,1.0,0,0,0,1.5,0.0
2859,3,0,1.5,1,0,0,1.71,0.0
2860,3,0,1.5,0,0,0,2.14,0.0
2861,4,0,2.0,0,0,0,2.71,0.0
2862,6,0,3.0,0,0,0,3.57,0.0
2863,6,0,3.0,0,0,0,4.43,0.0
2864,7,0,3.5,0,0,0,5.43,0.0
2865,7,0,3.5,0,0,0,6.43,0.0
2866,7,0,3.5,0,0,0,7.43,0.0
2867,7,0,3.5,0,0,0,8.43,0.0
2868,7,0,3.5,0,0,0,9.43,0.0
2869,7,0,3.5,0,0,0,10.43,0.0
2870,7,0,3.5,0,0,0,11.43,0.0
2871,7,0,3.5,0,0,0,12.43,0.0
2872,7,0,3.5,0,0,0,13.43,0.0
2873,7,0,3.5,0,0,0,14.43,0.0
2874,7,0,3.5,0,0,0,15.43,0.0
2875,6,0,3.0,0,0,0,15.5,0.0
2876,5,0,2.5,0,0,0,12.83,0.0
2877,4,0,2.0,0,0,0,10.5,0.0
2878,3,0,1.5,0,0,0,9.8,0.0
2879,2,0,1.0,0,0,0,6.8,0.0
2880,1,0,0.5,0,0,0,3.4,0.0
2881,0,0,0.0,0,0,0,0.0,0.0
2882,0,0,0.0,0,0,0,0.0,0.0
2883,0,0,0.0,0,0,0,0.0,0.0
2884,0,0,0.0,0,0,1,0.0,0.0
2885,0,0,0.0,1,0,0,0.0,0.0
2886,0,0,0.0,0,0,1,0.0,0.0
2887,0,0,0.0,0,0,1,0.0,0.0
2888,0,0,0.0,1,0,0,0.0,0.0
2889,0,0,0.0,0,0,1,0.0,0.0
2890,0,0,0.0,1,0,0,0.0,0.0
2891,0,0,0.0,0,0,1,0.0,0.0
2892,0,0,0.0,1,0,0,0.0,0.0
2893,0,0,0.0,0,0,1,0.0,0.0
2894,0,0,0.0,1,0,0,0.0,0.0
2895,0,0,0.0,0,0,1,0.0,0.0
2896,0,0,0.0,1,0,0,0.0,0.0
2897,0,0,0.0,1,0,1,0.0,0.0
2898,0,0,0.0,0,0,0,0.0,0.0
2899,1,0,0.5,1,0,0,0.2,0.0
2900,1,0,0.5,0,0,1,0.4,0.0
2901,1,0,0.5,1,0,0,0.5,0.0
2902,2,0,1.0,0,0,1,0.83,0.0
2903,3,0,1.5,0,0,0,1.33,0.0
2904,3,0,1.5,1,0,0,1.57,0.0
2905,4,0,2.0,0,0,0,2.14,0.0
2906,5,0,2.5,0,0,0,2.86,0.0
2907,5,0,2.5,0,0,0,3.57,0.0
2908,7,0,3.5,0,0,0,4.57,0.0
2909,7,0,3.5,0,0,0,5.57,0.0
2910,7,0,3.5,0,0,0,6.57,0.0
2911,7,0,3.5,0,0,0,7.57,0.0
2912,7,0,3.5,0,0,0,8.57,0.0
2913,7,0,3.5,0,0,0,9.57,0.0
2914,7,0,3.5,0,0,0,10.57,0.0
2915,7,0,3.5,0,0,0,11.57,0.0
2916,7,0,3.5,0,0,0,12.57,0.0
2917,7,0,3.5,0,0,0,13.57,0.0
2918,7,0,3.5,0,0,0,14.57,0.0
2919,7,0,3.5,0,0,0,15.57,0.0
2920,7,0,3.5,0,0,0,16.57,0.0
2921,6,0,3.0,0,0,0,16.67,0.0
2922,5,0,2.5,0,0,0,14.17,0.0
2923,4,0,2.0,0,0,0,11.5,0.0
2924,3,0,1.5,0,0,0,8.83,0.0
2925,2,0,1.0,0,0,0,7.2,0.0
2926,1,0,0.5,0,0,0,3.8,0.0
2927,0,0,0.0,0,0,0,0.0,0.0
2928,0,0,0.0,0,0,0,0.0,0.0
2929,0,0,0.0,0,0,1,0.0,0.0
2930,0,0,0.0,0,0,0,0.0,0.0
2931,0,0,0.0,1,0,1,0.0,0.0
2932,0,0,0.0,0,0,0,0.0,0.0
2933,0,0,0.0,0,0,1,0.0,0.0
2934,0,0,0.0,1,0,1,0.0,0.0
2935,0,0,0.0,0,0,0,0.0,0.0
2936,0,0,0.0,1,0,1,0.0,0.0
2937,0,0,0.0,0,0,0,0.0,0.0
2938,0,0,0.0,1,0,1,0.0,0.0
2939,0,0,0.0,0,0,0,0.0,0.0
2940,0,0,0.0,1,0,1,0.0,0.0
2941,0,0,0.0,0,0,0,0.0,0.0
2942,0,0,0.0,1,0,0,0.0,0.0
2943,0,0,0.0,0,0,1,0.0,0.0
2944,0,0,0.0,1,0,0,0.0,0.0
2945,1,0,0.5,0,0,0,0.25,0.0
2946,1,0,0.5,1,0,1,0.4,0.0
2947,2,0,1.0,0,0,1,0.8,0.0
2948,2,0,1.0,1,0,0,1.0,0.0
2949,2,0,1.0,0,0,0,1.33,0.0
2950,3,0,1.5,0,0,0,1.83,0.0
2951,3,0,1.5,1,0,0,2.0,0.0
2952,4,0,2.0,0,0,0,2.57,0.0
2953,5,0,2.5,0,0,0,3.29,0.0
2954,5,0,2.5,0,0,0,4.0,0.0
2955,6,0,3.0,0,0,0,4.86,0.0
2956,7,0,3.5,0,0,0,5.86,0.0
2957,7,0,3.5,0,0,0,6.86,0.0
2958,7,0,3.5,0,0,0,7.86,0.0
2959,7,0,3.5,0,0,0,8.86,0.0
2960,7,0,3.5,0,0,0,9.86,0.0
2961,7,0,3.5,0,0,0,10.86,0.0
2962,7,0,3.5,0,0,0,11.86,0.0
2963,7,0,3.5,0,0,0,12.86,0.0
2964,7,0,3.5,0,0,0,13.86,0.0
2965,7,0,3.5,0,0,0,14.86,0.0
2966,7,0,3.5,0,0,0,15.86,0.0
2967,6,0,3.0,0,0,0,15.83,0.0
2968,5,0,2.5,0,0,0,13.17,0.0
2969,4,0,2.0,0,0,0,10.67,0.0
2970,3,0,1.5,0,0,0,9.8,0.0
2971,2,0,1.0,0,0,0,6.6,0.0
2972,1,0,0.5,0,0,0,3.4,0.0
2973,0,0,0.0,0,0,0,0.0,0.0
2974,0,0,0.0,0,0,0,0.0,0.0
2975,0,0,0.0,0,0,1,0.0,0.0
2976,0,0,0.0,0,0,0,0.0,0.0
2977,0,0,0.0,0,0,1,0.0,0.0
2978,0,0,0.0,1,0,0,0.0,0.0
2979,0,0,0.0,0,0,1,0.0,0.0
2980,0,0,0.0,0,0,0,0.0,0.0
2981,0,0,0.0,1,0,1,0.0,0.0
2982,0,0,0.0,0,0,0,0.0,0.0
2983,0,0,0.0,1,0,0,0.0,0.0
2984,0,0,0.0,0,0,1,0.0,0.0
2985,0,0,0.0,1,0,0,0.0,0.0
2986,0,0,0.0,0,0,1,0.0,0.0
2987,0,0,0.0,1,0,0,0.0,0.0
2988,0,0,0.0,1,0,1,0.0,0.0
2989,1,0,0.5,0,0,1,0.25,0.0
2990,1,0,0.5,1,0,0,0.4,0.0
2991,1,0,0.5,0,0,0,0.6,0.0
2992,2,0,1.0,1,0,1,0.83,0.0
2993,2,0,1.0,0,0,0,1.17,0.0
2994,3,0,1.5,0,0,0,1.67,0.0
2995,3,0,1.5,1,0,0,1.86,0.0
2996,4,0,2.0,0,0,0,2.43,0.0
2997,5,0,2.5,0,0,0,3.14,0.0
2998,5,0,2.5,0,0,0,3.86,0.0
2999,6,0,3.0,0,0,0,4.71,0.0
3000,6,0,3.0,0,0,0,5.57,0.0
3001,7,0,3.5,0,0,0,6.57,0.0
3002,7,0,3.5,0,0,0,7.57,0.0
3003,7,0,3.5,0,0,0,8.57,0.0
3004,7,0,3.5,0,0,0,9.57,0.0
3005,7,0,3.5,0,0,0,10.57,0.0
3006,7,0,3.5,0,0,0,11.57,0.0
3007,7,0,3.5,0,0,0,12.57,0.0
3008,7,0,3.5,0,0,0,13.57,0.0
3009,7,0,3.5,0,0,0,14.57,0.0
3010,7,0,3.5,0,0,0,15.57,0.0
3011,7,0,3.5,0,0,0,16.57,0.0
3012,7,0,3.5,0,0,0,17.57,0.0
3013,6,0,3.0,0,0,0,17.5,0.0
3014,5,0,2.5,0,0,0,14.67,0.0
3015,4,0,2.0,0,0,0,11.83,0.0
3016,3,0,1.5,0,0,0,10.8,0.0
3017,2,0,1.0,0,0,0,7.2,0.0
3018,1,0,0.5,0,0,0,4.5,0.0
3019,0,0,0.0,0,0,0,0.0,0.0
3020,0,0,0.0,0,0,0,0.0,0.0
3021,0,0,0.0,0,0,1,0.0,0.0
3022,0,0,0.0,0,0,1,0.0,0.0
3023,0,0,0.0,1,0,0,0.0,0.0
3024,0,0,0.0,0,0,1,0.0,0.0
3025,0,0,0.0,0,0,0,0.0,0.0
3026,0,0,0.0,1,0,1,0.0,0.0
3027,0,0,0.0,0,0,0,0.0,0.0
3028,0,0,0.0,1,0,1,0.0,0.0
3029,0,0,0.0,0,0,1,0.0,0.0
3030,0,0,0.0,1,0,0,0.0,0.0
3031,0,0,0.0,0,0,1,0.0,0.0
3032,0,0,0.0,1,0,0,0.0,0.0
3033,0,0,0.0,0,0,1,0.0,0.0
3034,0,0,0.0,1,0,0,0.0,0.0
3035,0,0,0.0,0,0,1,0.0,0.0
3036,0,0,0.0,1,0,0,0.0,0.0
3037,0,0,0.0,0,0,0,0.0,0.0
3038,1,0,0.5,1,0,1,0.2,0.0
3039,1,0,0.5,0,0,0,0.4,0.0
3040,2,0,1.0,1,0,0,0.67,0.0
3041,2,0,1.0,0,0,0,1.0,0.0
3042,2,0,1.0,0,0,0,1.33,0.0
3043,3,0,1.5,0,0,0,1.83,0.0
3044,4,0,2.0,1,0,0,2.14,0.0
3045,4,0,2.0,0,0,0,2.71,0.0
3046,5,0,2.5,0,0,0,3.43,0.0
3047,5,0,2.5,0,0,0,4.14,0.0
3048,6,0,3.0,0,0,0,5.0,0.0
3049,7,0,3.5,0,0,0,6.0,0.0
3050,7,0,3.5,0,0,0,7.0,0.0
3051,7,0,3.5,0,0,0,8.0,0.0
3052,7,0,3.5,0,0,0,9.0,0.0
3053,7,0,3.5,0,0,0,10.0,0.0
3054,7,0,3.5,0,0,0,11.0,0.0
3055,7,0,3.5,0,0,0,12.0,0.0
3056,7,0,3.5,0,0,0,13.0,0.0
3057,7,0,3.5,0,0,0,14.0,0.0
3058,7,0,3.5,0,0,0,15.0,0.0
3059,6,0,3.0,0,0,0,15.0,0.0
3060,5,0,2.5,0,0,0,12.5,0.0
3061,4,0,2.0,0,0,0,10.17,0.0
3062,3,0,1.5,0,0,0,9.2,0.0
3063,2,0,1.0,0,0,0,6.2,0.0
3064,1,0,0.5,0,0,0,3.2,0.0
3065,0,0,0.0,0,0,0,0.0,0.0
3066,0,0,0.0,0,0,0,0.0,0.0
3067,0,0,0.0,0,0,1,0.0,0.0
3068,0,0,0.0,0,0,0,0.0,0.0
3069,0,0,0.0,1,0,0,0.0,0.0
3070,0,0,0.0,0,0,1,0.0,0.0
3071,0,0,0.0,0,0,0,0.0,0.0
3072,0,0,0.0,1,0,1,0.0,0.0
3073,0,0,0.0,0,0,1,0.0,0.0
3074,0,0,0.0,1,0,0,0.0,0.0
3075,0,0,0.0,0,0,1,0.0,0.0
3076,0,0,0.0,1,0,0,0.0,0.0
3077,0,0,0.0,0,0,1,0.0,0.0
3078,0,0,0.0,1,0,0,0.0,0.0
3079,0,0,0.0,0,0,1,0.0,0.0
3080,0,0,0.0,1,0,1,0.0,0.0
3081,0,0,0.0,1,0,0,0.0,0.0
3082,0,0,0.0,0,0,0,0.0,0.0
3083,1,0,0.5,1,0,1,0.2,0.0
3084,1,0,0.5,0,0,0,0.4,0.0
3085,2,0,1.0,1,0,1,0.67,0.0
3086,2,0,1.0,0,0,0,1.0,0.0
3087,3,0,1.5,0,0,0,1.5,0.0
3088,4,0,2.0,1,0,0,1.86,0.0
3089,4,0,2.0,0,0,0,2.43,0.0
3090,5,0,2.5,0,0,0,3.14,0.0
3091,5,0,2.5,0,0,0,3.86,0.0
3092,6,0,3.0,0,0,0,4.71,0.0
3093,7,0,3.5,0,0,0,5.71,0.0
3094,7,0,3.5,0,0,0,6.71,0.0
3095,7,0,3.5,0,0,0,7.71,0.0
3096,7,0,3.5,0,0,0,8.71,0.0
3097,7,0,3.5,0,0,0,9.71,0.0
3098,7,0,3.5,0,0,0,10.71,0.0
3099,7,0,3.5,0,0,0,11.71,0.0
3100,7,0,3.5,0,0,0,12.71,0.0
3101,7,0,3.5,0,0,0,13.71,0.0
3102,7,0,3.5,0,0,0,14.71,0.0
3103,7,0,3.5,0,0,0,15.71,0.0
3104,7,0,3.5,0,0,0,16.71,0.0
3105,6,0,3.0,0,0,0,16.83,0.0
3106,5,0,2.5,0,0,0,14.17,0.0
3107,4,0,2.0,0,0,0,11.5,0.0
3108,3,0,1.5,0,0,0,10.4,0.0
3109,2,0,1.0,0,0,0,7.0,0.0
3110,1,0,0.5,0,0,0,4.5,0.0
3111,0,0,0.0,0,0,0,0.0,0.0
3112,0,0,0.0,0,0,0,0.0,0.0
3113,0,0,0.0,0,0,1,0.0,0.0
3114,0,0,0.0,0,0,0,0.0,0.0
3115,0,0,0.0,1,0,1,0.0,0.0
3116,0,0,0.0,0,0,1,0.0,0.0
3117,0,0,0.0,0,0,0,0.0,0.0
3118,0,0,0.0,1,0,0,0.0,0.0
3119,0,0,0.0,0,0,1,0.0,0.0
3120,0,0,0.0,1,0,0,0.0,0.0
3121,0,0,0.0,0,0,1,0.0,0.0
3122,0,0,0.0,1,0,0,0.0,0.0
3123,0,0,0.0,0,0,1,0.0,0.0
3124,0,0,0.0,1,0,1,0.0,0.0
3125,0,0,0.0,0,0,0,0.0,0.0
3126,0,0,0.0,1,0,1,0.0,0.0
3127,0,0,0.0,1,0,0,0.0,0.0
3128,0,0,0.0,0,0,1,0.0,0.0
3129,0,0,0.0,1,0,0,0.0,0.0
3130,1,0,0.5,0,0,1,0.2,0.0
3131,1,0,0.5,1,0,0,0.33,0.0
3132,1,0,0.5,0,0,0,0.5,0.0
3133,2,0,1.0,0,0,0,0.83,0.0
3134,3,0,1.5,0,0,0,1.33,0.0
3135,4,0,2.0,1,0,0,1.71,0.0
3136,4,0,2.0,0,0,0,2.29,0.0
3137,5,0,2.5,0,0,0,3.0,0.0
3138,5,0,2.5,0,0,0,3.71,0.0
3139,6,0,3.0,0,0,0,4.57,0.0
3140,7,0,3.5,0,0,0,5.57,0.0
3141,7,0,3.5,0,0,0,6.57,0.0
3142,7,0,3.5,0,0,0,7.57,0.0
3143,7,0,3.5,0,0,0,8.57,0.0
3144,7,0,3.5,0,0,0,9.57,0.0
3145,7,0,3.5,0,0,0,10.57,0.0
3146,7,0,3.5,0,0,0,11.57,0.0
3147,7,0,3.5,0,0,0,12.57,0.0
3148,7,0,3.5,0,0,0,13.57,0.0
3149,7,0,3.5,0,0,0,14.57,0.0
3150,7,0,3.5,0,0,0,15.57,0.0
3151,6,0,3.0,0,0,0,15.67,0.0
3152,5,0,2.5,0,0,0,13.33,0.0
3153,4,0,2.0,0,0,0,10.83,0.0
3154,3,0,1.5,0,0,0,9.8,0.0
3155,2,0,1.0,0,0,0,6.6,0.0
3156,1,0,0.5,0,0,0,4.25,0.0
3157,0,0,0.0,0,0,0,0.0,0.0
3158,0,0,0.0,0,0,0,0.0,0.0
3159,0,0,0.0,0,0,1,0.0,0.0
3160,0,0,0.0,0,0,0,0.0,0.0
3161,0,0,0.0,1,0,1,0.0,0.0
3162,0,0,0.0,0,0,0,0.0,0.0
3163,0,0,0.0,0,0,1,0.0,0.0
3164,0,0,0.0,1,0,0,0.0,0.0
3165,0,0,0.0,0,0,1,0.0,0.0
3166,0,0,0.0,1,0,1,0.0,0.0
3167,0,0,0.0,0,0,0,0.0,0.0
3168,0,0,0.0,1,0,1,0.0,0.0
3169,0,0,0.0,0,0,0,0.0,0.0
3170,0,0,0.0,1,0,1,0.0,0.0
3171,0,0,0.0,0,0,0,0.0,0.0
3172,0,0,0.0,1,0,1,0.0,0.0
3173,0,0,0.0,1,0,0,0.0,0.0
3174,0,0,0.0,0,0,1,0.0,0.0
3175,0,0,0.0,1,0,0,0.0,0.0
3176,1,0,0.5,0,0,1,0.2,0.0
3177,1,0,0.5,1,0,0,0.33,0.0
3178,2,0,1.0,0,0,0,0.67,0.0
3179,2,0,1.0,0,0,0,1.0,0.0
3180,3,0,1.5,0,0,0,1.5,0.0
3181,4,0,2.0,1,0,0,1.86,0.0
3182,5,0,2.5,0,0,0,2.57,0.0
3183,6,0,3.0,0,0,0,3.43,0.0
3184,5,0,2.5,0,0,0,4.0,0.0
3185,6,0,3.0,0,0,0,4.86,0.0
3186,7,0,3.5,0,0,0,5.86,0.0
3187,7,0,3.5,0,0,0,6.86,0.0
3188,7,0,3.5,0,0,0,7.86,0.0
3189,7,0,3.5,0,0,0,8.86,0.0
3190,7,0,3.5,0,0,0,9.86,0.0
3191,7,0,3.5,0,0,0,10.86,0.0
3192,7,0,3.5,0,0,0,11.86,0.0
3193,7,0,3.5,0,0,0,12.86,0.0
3194,7,0,3.5,0,0,0,13.86,0.0
3195,7,0,3.5,0,0,0,14.86,0.0
3196,7,0,3.5,0,0,0,15.86,0.0
3197,6,0,3.0,0,0,0,16.0,0.0
3198,5,0,2.5,0,0,0,13.5,0.0
3199,4,0,2.0,0,0,0,11.0,0.0
3200,3,0,1.5,0,0,0,10.0,0.0
3201,2,0,1.0,0,0,0,6.6,0.0
3202,1,0,0.5,0,0,0,4.25,0.0
3203,0,0,0.0,0,0,0,0.0,0.0
3204,0,0,0.0,0,0,0,0.0,0.0
3205,0,0,0.0,0,0,1,0.0,0.0
3206,0,0,0.0,0,0,0,0.0,0.0
3207,0,0,0.0,1,0,1,0.0,0.0
3208,0,0,0.0,0,0,0,0.0,0.0
3209,0,0,0.0,1,0,1,0.0,0.0
3210,0,0,0.0,0,0,0,0.0,0.0
3211,0,0,0.0,1,0,1,0.0,0.0
3212,0,0,0.0,0,0,0,0.0,0.0
3213,0,0,0.0,1,0,1,0.0,0.0
3214,0,0,0.0,0,0,1,0.0,0.0
3215,0,0,0.0,1,0,0,0.0,0.0
3216,0,0,0.0,0,0,1,0.0,0.0
3217,0,0,0.0,1,0,0,0.0,0.0
3218,0,0,0.0,1,0,1,0.0,0.0
3219,0,0,0.0,0,0,1,0.0,0.0
3220,1,0,0.5,1,0,0,0.2,0.0
3221,2,0,1.0,0,0,1,0.6,0.0
3222,2,0,1.0,1,0,0,0.83,0.0
3223,2,0,1.0,0,0,0,1.17,0.0
3224,3,0,1.5,0,0,0,1.67,0.0
3225,4,0,2.0,1,0,0,2.0,0.0
3226,4,0,2.0,0,0,0,2.57,0.0
3227,5,0,2.5,0,0,0,3.29,0.0
3228,5,0,2.5,0,0,0,4.0,0.0
3229,6,0,3.0,0,0,0,4.86,0.0
3230,7,0,3.5,0,0,0,5.86,0.0
3231,7,0,3.5,0,0,0,6.86,0.0
3232,7,0,3.5,0,0,0,7.86,0.0
3233,7,0,3.5,0,0,0,8.86,0.0
3234,7,0,3.5,0,0,0,9.86,0.0
3235,7,0,3.5,0,0,0,10.86,0.0
3236,7,0,3.5,0,0,0,11.86,0.0
3237,7,0,3.5,0,0,0,12.86,0.0
3238,7,0,3.5,0,0,0,13.86,0.0
3239,7,0,3.5,0,0,0,14.86,0.0
3240,7,0,3.5,0,0,0,15.86,0.0
3241,7,0,3.5,0,0,0,16.86,0.0
3242,7,0,3.5,0,0,0,17.86,0.0
3243,6,0,3.0,0,0,0,18.0,0.0
3244,5,0,2.5,0,0,0,15.0,0.0
3245,4,0,2.0,0,0,0,12.17,0.0
3246,3,0,1.5,0,0,0,11.0,0.0
3247,2,0,1.0,0,0,0,7.4,0.0
3248,1,0,0.5,0,0,0,3.8,0.0
3249,0,0,0.0,0,0,0,0.0,0.0
3250,0,0,0.0,0,0,0,0.0,0.0
3251,0,0,0.0,0,0,1,0.0,0.0
3252,0,0,0.0,0,0,0,0.0,0.0
3253,0,0,0.0,1,0,1,0.0,0.0
3254,0,0,0.0,0,0,0,0.0,0.0
3255,0,0,0.0,0,0,1,0.0,0.0
3256,0,0,0.0,1,0,0,0.0,0.0
3257,0,0,0.0,0,0,1,0.0,0.0
3258,0,0,0.0,1,0,1,0.0,0.0
3259,0,0,0.0,0,0,0,0.0,0.0
3260,0,0,0.0,1,0,1,0.0,0.0
3261,0,0,0.0,0,0,0,0.0,0.0
3262,0,0,0.0,1,0,0,0.0,0.0
3263,0,0,0.0,0,0,0,0.0,0.0
3264,0,0,0.0,1,0,1,0.0,0.0
3265,0,0,0.0,1,0,0,0.0,0.0
3266,0,0,0.0,0,0,1,0.0,0.0
3267,0,0,0.0,1,0,1,0.0,0.0
3268,0,0,0.0,0,0,0,0.0,0.0
3269,1,0,0.5,1,0,1,0.17,0.0
3270,2,0,1.0,0,0,0,0.5,0.0
3271,3,0,1.5,0,0,0,1.0,0.0
3272,4,0,2.0,1,0,0,1.43,0.0
3273,4,0,2.0,0,0,0,2.0,0.0
3274,4,0,2.0,0,0,0,2.57,0.0
3275,5,0,2.5,0,0,0,3.29,0.0
3276,6,0,3.0,0,0,0,4.14,0.0
3277,6,0,3.0,0,0,0,5.0,0.0
3278,7,0,3.5,0,0,0,6.0,0.0
3279,7,0,3.5,0,0,0,7.0,0.0
3280,7,0,3.5,0,0,0,8.0,0.0
3281,7,0,3.5,0,0,0,9.0,0.0
3282,7,0,3.5,0,0,0,10.0,0.0
3283,7,0,3.5,0,0,0,11.0,0.0
3284,7,0,3.5,0,0,0,12.0,0.0
3285,7,0,3.5,0,0,0,13.0,0.0
3286,7,0,3.5,0,0,0,14.0,0.0
3287,7,0,3.5,0,0,0,15.0,0.0
3288,7,0,3.5,0,0,0,16.0,0.0
3289,6,0,3.0,0,0,0,16.33,0.0
3290,5,0,2.5,0,0,0,13.83,0.0
3291,4,0,2.0,0,0,0,11.17,0.0
3292,3,0,1.5,0,0,0,10.0,0.0
3293,2,0,1.0,0,0,0,6.8,0.0
3294,1,0,0.5,0,0,0,3.4,0.0
3295,0,0,0.0,0,0,0,0.0,0.0
3296,0,0,0.0,0,0,0,0.0,0.0
3297,0,0,0.0,0,0,1,0.0,0.0
3298,0,0,0.0,0,0,0,0.0,0.0
3299,0,0,0.0,1,0,1,0.0,0.0
3300,0,0,0.0,0,0,0,0.0,0.0
3301,0,0,0.0,0,0,1,0.0,0.0
3302,0,0,0.0,1,0,1,0.0,0.0
3303,0,0,0.0,0,0,0,0.0,0.0
3304,0,0,0.0,1,0,1,0.0,0.0
3305,0,0,0.0,0,0,0,0.0,0.0
3306,0,0,0.0,1,0,1,0.0,0.0
3307,0,0,0.0,0,0,0,0.0,0.0
3308,0,0,0.0,1,0,0,0.0,0.0
3309,0,0,0.0,0,0,1,0.0,0.0
3310,0,0,0.0,1,0,0,0.0,0.0
3311,0,0,0.0,1,0,1,0.0,0.0
3312,0,0,0.0,0,0,1,0.0,0.0
3313,1,0,0.5,1,0,0,0.2,0.0
3314,1,0,0.5,0,0,1,0.4,0.0
3315,1,0,0.5,1,0,0,0.5,0.0
3316,2,0,1.0,0,0,0,0.83,0.0
3317,2,0,1.0,0,0,0,1.17,0.0
3318,3,0,1.5,0,0,0,1.67,0.0
3319,3,0,1.5,1,0,0,1.86,0.0
3320,4,0,2.0,0,0,0,2.43,0.0
3321,4,0,2.0,0,0,0,3.0,0.0
3322,5,0,2.5,0,0,0,3.71,0.0
3323,6,0,3.0,0,0,0,4.57,0.0
3324,6,0,3.0,0,0,0,5.43,0.0
3325,7,0,3.5,0,0,0,6.43,0.0
3326,7,0,3.5,0,0,0,7.43,0.0
3327,7,0,3.5,0,0,0,8.43,0.0
3328,7,0,3.5,0,0,0,9.43,0.0
3329,7,0,3.5,0,0,0,10.43,0.0
3330,7,0,3.5,0,0,0,11.43,0.0
3331,7,0,3.5,0,0,0,12.43,0.0
3332,7,0,3.5,0,0,0,13.43,0.0
3333,7,0,3.5,0,0,0,14.43,0.0
3334,7,0,3.5,0,0,0,15.43,0.0
3335,6,0,3.0,0,0,0,15.33,0.0
3336,5,0,2.5,0,0,0,12.83,0.0
3337,4,0,2.0,0,0,0,10.33,0.0
3338,3,0,1.5,0,0,0,7.83,0.0
3339,2,0,1.0,0,0,0,6.4,0.0
3340,1,0,0.5,0,0,0,3.2,0.0
3341,0,0,0.0,0,0,0,0.0,0.0
3342,0,0,0.0,0,0,0,0.0,0.0
3343,0,0,0.0,0,0,0,0.0,0.0
3344,0,0,0.0,0,0,1,0.0,0.0
3345,0,0,0.0,1,0,1,0.0,0.0
3346,0,0,0.0,0,0,0,0.0,0.0
3347,0,0,0.0,0,0,1,0.0,0.0
3348,0,0,0.0,1,0,0,0.0,0.0
3349,0,0,0.0,0,0,0,0.0,0.0
3350,0,0,0.0,1,0,1,0.0,0.0
3351,0,0,0.0,0,0,0,0.0,0.0
3352,0,0,0.0,1,0,1,0.0,0.0
3353,0,0,0.0,0,0,1,0.0,0.0
3354,0,0,0.0,1,0,0,0.0,0.0
3355,0,0,0.0,0,0,1,0.0,0.0
3356,0,0,0.0,1,0,0,0.0,0.0
3357,0,0,0.0,1,0,1,0.0,0.0
3358,0,0,0.0,0,0,0,0.0,0.0
3359,0,0,0.0,1,0,1,0.0,0.0
3360,0,0,0.0,0,0,0,0.0,0.0
3361,1,0,0.5,1,0,1,0.17,0.0
3362,2,0,1.0,0,0,0,0.5,0.0
3363,3,0,1.5,0,0,0,1.0,0.0
3364,3,0,1.5,1,0,0,1.29,0.0
3365,3,0,1.5,0,0,0,1.71,0.0
3366,4,0,2.0,0,0,0,2.29,0.0
3367,5,0,2.5,0,0,0,3.0,0.0
3368,6,0,3.0,0,0,0,3.86,0.0
3369,6,0,3.0,0,0,0,4.71,0.0
3370,7,0,3.5,0,0,0,5.71,0.0
3371,7,0,3.5,0,0,0,6.71,0.0
3372,7,0,3.5,0,0,0,7.71,0.0
3373,7,0,3.5,0,0,0,8.71,0.0
3374,7,0,3.5,0,0,0,9.71,0.0
3375,7,0,3.5,0,0,0,10.71,0.0
3376,7,0,3.5,0,0,0,11.71,0.0
3377,7,0,3.5,0,0,0,12.71,0.0
3378,7,0,3.5,0,0,0,13.71,0.0
3379,7,0,3.5,0,0,0,14.71,0.0
3380,7,0,3.5,0,0,0,15.71,0.0
3381,6,0,3.0,0,0,0,16.0,0.0
3382,5,0,2.5,0,0,0,13.5,0.0
3383,4,0,2.0,0,0,0,10.83,0.0
3384,3,0,1.5,0,0,0,10.0,0.0
3385,2,0,1.0,0,0,0,6.8,0.0
3386,1,0,0.5,0,0,0,3.4,0.0
3387,0,0,0.0,0,0,0,0.0,0.0
3388,0,0,0.0,0,0,0,0.0,0.0
3389,0,0,0.0,0,0,1,0.0,0.0
3390,0,0,0.0,0,0,0,0.0,0.0
3391,0,0,0.0,1,0,1,0.0,0.0
3392,0,0,0.0,0,0,0,0.0,0.0
3393,0,0,0.0,1,0,1,0.0,0.0
3394,0,0,0.0,0,0,0,0.0,0.0
3395,0,0,0.0,0,0,1,0.0,0.0
3396,0,0,0.0,1,0,0,0.0,0.0
3397,0,0,0.0,0,0,1,0.0,0.0
3398,0,0,0.0,1,0,1,0.0,0.0
3399,0,0,0.0,0,0,0,0.0,0.0
3400,0,0,0.0,1,0,1,0.0,0.0
3401,0,0,0.0,0,0,0,0.0,0.0
3402,0,0,0.0,1,0,1,0.0,0.0
3403,0,0,0.0,0,0,1,0.0,0.0
3404,0,0,0.0,1,0,0,0.0,0.0
3405,0,0,0.0,0,0,0,0.0,0.0
3406,1,0,0.5,1,0,1,0.2,0.0
3407,2,0,1.0,0,0,0,0.6,0.0
3408,2,0,1.0,1,0,0,0.83,0.0
3409,3,0,1.5,0,0,0,1.33,0.0
3410,4,0,2.0,0,0,0,2.0,0.0
3411,4,0,2.0,1,0,0,2.29,0.0
3412,5,0,2.5,0,0,0,3.0,0.0
3413,5,0,2.5,0,0,0,3.71,0.0
3414,6,0,3.0,0,0,0,4.57,0.0
3415,7,0,3.5,0,0,0,5.57,0.0
3416,7,0,3.5,0,0,0,6.57,0.0
3417,7,0,3.5,0,0,0,7.57,0.0
3418,7,0,3.5,0,0,0,8.57,0.0
3419,7,0,3.5,0,0,0,9.57,0.0
3420,7,0,3.5,0,0,0,10.57,0.0
3421,7,0,3.5,0,0,0,11.57,0.0
3422,7,0,3.5,0,0,0,12.57,0.0
3423,7,0,3.5,0,0,0,13.57,0.0
3424,7,0,3.5,0,0,0,14.57,0.0
3425,7,0,3.5,0,0,0,15.57,0.0
3426,7,0,3.5,0,0,0,16.57,0.0
3427,6,0,3.0,0,0,0,16.83,0.0
3428,5,0,2.5,0,0,0,14.17,0.0
3429,4,0,2.0,0,0,0,11.5,0.0
3430,3,0,1.5,0,0,0,10.4,0.0
3431,2,0,1.0,0,0,0,7.0,0.0
3432,1,0,0.5,0,0,0,3.6,0.0
3433,0,0,0.0,0,0,0,0.0,0.0
3434,0,0,0.0,0,0,0,0.0,0.0
3435,0,0,0.0,0,0,1,0.0,0.0
3436,0,0,0.0,0,0,0,0.0,0.0
3437,0,0,0.0,1,0,0,0.0,0.0
3438,0,0,0.0,0,0,1,0.0,0.0
3439,0,0,0.0,1,0,0,0.0,0.0
3440,0,0,0.0,0,0,1,0.0,0.0
3441,0,0,0.0,1,0,0,0.0,0.0
3442,0,0,0.0,0,0,1,0.0,0.0
3443,0,0,0.0,1,0,0,0.0,0.0
3444,0,0,0.0,0,0,1,0.0,0.0
3445,0,0,0.0,1,0,0,0.0,0.0
3446,0,0,0.0,0,0,1,0.0,0.0
3447,0,0,0.0,0,0,1,0.0,0.0
3448,0,0,0.0,1,0,0,0.0,0.0
3449,0,0,0.0,1,0,1,0.0,0.0
3450,1,0,0.5,0,0,0,0.25,0.0
3451,1,0,0.5,1,0,1,0.4,0.0
3452,1,0,0.5,0,0,0,0.6,0.0
3453,2,0,1.0,1,0,1,0.83,0.0
3454,2,0,1.0,0,0,0,1.17,0.0
3455,3,0,1.5,0,0,0,1.67,0.0
3456,4,0,2.0,1,0,0,2.0,0.0
3457,4,0,2.0,0,0,0,2.57,0.0
3458,5,0,2.5,0,0,0,3.29,0.0
3459,6,0,3.0,0,0,0,4.14,0.0
3460,7,0,3.5,0,0,0,5.14,0.0
3461,7,0,3.5,0,0,0,6.14,0.0
3462,7,0,3.5,0,0,0,7.14,0.0
3463,7,0,3.5,0,0,0,8.14,0.0
3464,7,0,3.5,0,0,0,9.14,0.0
3465,7,0,3.5,0,0,0,10.14,0.0
3466,7,0,3.5,0,0,0,11.14,0.0
3467,7,0,3.5,0,0,0,12.14,0.0
3468,7,0,3.5,0,0,0,13.14,0.0
3469,7,0,3.5,0,0,0,14.14,0.0
3470,7,0,3.5,0,0,0,15.14,0.0
3471,7,0,3.5,0,0,0,16.14,0.0
3472,7,0,3.5,0,0,0,17.14,0.0
3473,6,0,3.0,0,0,0,17.17,0.0
3474,5,0,2.5,0,0,0,14.5,0.0
3475,4,0,2.0,0,0,0,11.83,0.0
3476,3,0,1.5,0,0,0,10.8,0.0
3477,2,0,1.0,0,0,0,7.4,0.0
3478,1,0,0.5,0,0,0,3.8,0.0
3479,0,0,0.0,0,0,0,0.0,0.0
3480,0,0,0.0,0,0,0,0.0,0.0
3481,0,0,0.0,0,0,1,0.0,0.0
3482,0,0,0.0,0,0,0,0.0,0.0
3483,0,0,0.0,1,0,1,0.0,0.0
3484,0,0,0.0,0,0,0,0.0,0.0
3485,0,0,0.0,0,0,1,0.0,0.0
3486,0,0,0.0,1,0,1,0.0,0.0
3487,0,0,0.0,0,0,0,0.0,0.0
3488,0,0,0.0,1,0,1,0.0,0.0
3489,0,0,0.0,0,0,0,0.0,0.0
3490,0,0,0.0,1,0,1,0.0,0.0
3491,0,0,0.0,0,0,0,0.0,0.0
3492,0,0,0.0,1,0,1,0.0,0.0
3493,0,0,0.0,0,0,0,0.0,0.0
3494,0,0,0.0,1,0,1,0.0,0.0
3495,0,0,0.0,1,0,0,0.0,0.0
3496,0,0,0.0,0,0,1,0.0,0.0
3497,0,0,0.0,1,0,1,0.0,0.0
3498,1,0,0.5,0,0,0,0.2,0.0
3499,1,0,0.5,1,0,0,0.33,0.0
3500,2,0,1.0,0,0,0,0.67,0.0
3501,3,0,1.5,0,0,0,1.17,0.0
3502,3,0,1.5,0,0,0,1.67,0.0
3503,4,0,2.0,1,0,0,2.0,0.0
3504,5,0,2.5,0,0,0,2.71,0.0
3505,5,0,2.5,0,0,0,3.43,0.0
3506,5,0,2.5,0,0,0,4.14,0.0
3507,6,0,3.0,0,0,0,5.0,0.0
3508,7,0,3.5,0,0,0,6.0,0.0
3509,7,0,3.5,0,0,0,7.0,0.0
3510,7,0,3.5,0,0,0,8.0,0.0
3511,7,0,3.5,0,0,0,9.0,0.0
3512,7,0,3.5,0,0,0,10.0,0.0
3513,7,0,3.5,0,0,0,11.0,0.0
3514,7,0,3.5,0,0,0,12.0,0.0
3515,7,0,3.5,0,0,0,13.0,0.0
3516,7,0,3.5,0,0,0,14.0,0.0
3517,7,0,3.5,0,0,0,15.0,0.0
3518,7,0,3.5,0,0,0,16.0,0.0
3519,6,0,3.0,0,0,0,16.17,0.0
3520,5,0,2.5,0,0,0,13.67,0.0
3521,4,0,2.0,0,0,0,11.0,0.0
3522,3,0,1.5,0,0,0,10.0,0.0
3523,2,0,1.0,0,0,0,6.6,0.0
3524,1,0,0.5,0,0,0,3.4,0.0
3525,0,0,0.0,0,0,0,0.0,0.0
3526,0,0,0.0,0,0,0,0.0,0.0
3527,0,0,0.0,0,0,1,0.0,0.0
3528,0,0,0.0,0,0,0,0.0,0.0
3529,0,0,0.0,1,0,1,0.0,0.0
3530,0,0,0.0,0,0,0,0.0,0.0
3531,0,0,0.0,0,0,1,0.0,0.0
3532,0,0,0.0,1,0,0,0.0,0.0
3533,0,0,0.0,0,0,1,0.0,0.0
3534,0,0,0.0,1,0,1,0.0,0.0
3535,0,0,0.0,0,0,0,0.0,0.0
3536,0,0,0.0,1,0,0,0.0,0.0
3537,0,0,0.0,0,0,1,0.0,0.0
3538,0,0,0.0,1,0,1,0.0,0.0
3539,0,0,0.0,0,0,0,0.0,0.0
3540,0,0,0.0,1,0,1,0.0,0.0
3541,0,0,0.0,0,0,0,0.0,0.0
3542,0,0,0.0,1,0,1,0.0,0.0
3543,1,0,0.5,0,0,1,0.25,0.0
3544,1,0,0.5,1,0,0,0.4,0.0
3545,2,0,1.0,0,0,0,0.8,0.0
3546,2,0,1.0,1,0,0,1.0,0.0
3547,3,0,1.5,0,0,0,1.5,0.0
3548,3,0,1.5,0,0,0,2.0,0.0
3549,4,0,2.0,1,0,0,2.29,0.0
3550,4,0,2.0,0,0,0,2.86,0.0
3551,5,0,2.5,0,0,0,3.57,0.0
3552,5,0,2.5,0,0,0,4.29,0.0
3553,6,0,3.0,0,0,0,5.14,0.0
3554,7,0,3.5,0,0,0,6.14,0.0
3555,7,0,3.5,0,0,0,7.14,0.0
3556,7,0,3.5,0,0,0,8.14,0.0
3557,7,0,3.5,0,0,0,9.14,0.0
3558,7,0,3.5,0,0,0,10.14,0.0
3559,7,0,3.5,0,0,0,11.14,0.0
3560,7,0,3.5,0,0,0,12.14,0.0
3561,7,0,3.5,0,0,0,13.14,0.0
3562,7,0,3.5,0,0,0,14.14,0.0
3563,7,0,3.5,0,0,0,15.14,0.0
3564,7,0,3.5,0,0,0,16.14,0.0
3565,6,0,3.0,0,0,0,16.17,0.0
3566,5,0,2.5,0,0,0,13.5,0.0
3567,4,0,2.0,0,0,0,10.83,0.0
3568,3,0,1.5,0,0,0,9.8,0.0
3569,2,0,1.0,0,0,0,6.6,0.0
3570,1,0,0.5,0,0,0,3.4,0.0
3571,0,0,0.0,0,0,0,0.0,0.0
3572,0,0,0.0,0,0,1,0.0,0.0
3573,0,0,0.0,0,0,0,0.0,0.0
3574,0,0,0.0,0,0,0,0.0,0.0
3575,0,0,0.0,1,0,0,0.0,0.0
3576,0,0,0.0,0,0,1,0.0,0.0
3577,0,0,0.0,0,0,0,0.0,0.0
3578,0,0,0.0,1,0,1,0.0,0.0
3579,0,0,0.0,0,0,0,0.0,0.0
3580,0,0,0.0,1,0,1,0.0,0.0
3581,0,0,0.0,0,0,1,0.0,0.0
3582,0,0,0.0,1,0,0,0.0,0.0
3583,0,0,0.0,0,0,1,0.0,0.0
3584,0,0,0.0,1,0,0,0.0,0.0
3585,0,0,0.0,0,0,1,0.0,0.0
3586,0,0,0.0,1,0,0,0.0,0.0
3587,0,0,0.0,0,0,1,0.0,0.0
3588,0,0,0.0,1,0,1,0.0,0.0
3589,0,0,0.0,0,0,0,0.0,0.0
3590,0,0,0.0,1,0,1,0.0,0.0
3591,1,0,0.5,0,0,0,0.2,0.0
3592,2,0,1.0,1,0,0,0.5,0.0
3593,3,0,1.5,0,0,0,1.0,0.0
3594,3,0,1.5,0,0,0,1.5,0.0
3595,4,0,2.0,1,0,0,1.86,0.0
3596,4,0,2.0,0,0,0,2.43,0.0
3597,5,0,2.5,0,0,0,3.14,0.0
3598,5,0,2.5,0,0,0,3.86,0.0
3599,6,0,3.0,0,0,0,4.71,0.0
3600,6,0,3.0,0,0,0,5.57,0.0
3601,7,0,3.5,0,0,0,6.57,0.0
3602,7,0,3.5,0,0,0,7.57,0.0
3603,7,0,3.5,0,0,0,8.57,0.0
3604,7,0,3.5,0,0,0,9.57,0.0
3605,7,0,3.5,0,0,0,10.57,0.0
3606,7,0,3.5,0,0,0,11.57,0.0
3607,7,0,3.5,0,0,0,12.57,0.0
3608,7,0,3.5,0,0,0,13.57,0.0
3609,7,0,3.5,0,0,0,14.57,0.0
3610,7,0,3.5,0,0,0,15.57,0.0
3611,6,0,3.0,0,0,0,15.83,0.0
3612,5,0,2.5,0,0,0,13.33,0.0
3613,4,0,2.0,0,0,0,10.67,0.0
3614,3,0,1.5,0,0,0,9.6,0.0
3615,2,0,1.0,0,0,0,6.4,0.0
3616,1,0,0.5,0,0,0,3.2,0.0
3617,0,0,0.0,0,0,0,0.0,0.0
3618,0,0,0.0,0,0,0,0.0,0.0
3619,0,0,0.0,0,0,1,0.0,0.0
3620,0,0,0.0,0,0,0,0.0,0.0
3621,0,0,0.0,1,0,0,0.0,0.0
3622,0,0,0.0,0,0,1,0.0,0.0
3623,0,0,0.0,1,0,0,0.0,0.0
3624,0,0,0.0,0,0,1,0.0,0.0
3625,0,0,0.0,0,0,0,0.0,0.0
3626,0,0,0.0,1,0,1,0.0,0.0
3627,0,0,0.0,0,0,1,0.0,0.0
3628,0,0,0.0,1,0,0,0.0,0.0
3629,0,0,0.0,0,0,1,0.0,0.0
3630,0,0,0.0,1,0,0,0.0,0.0
3631,0,0,0.0,0,0,1,0.0,0.0
3632,0,0,0.0,1,0,0,0.0,0.0
3633,0,0,0.0,1,0,1,0.0,0.0
3634,0,0,0.0,0,0,1,0.0,0.0
3635,0,0,0.0,1,0,0,0.0,0.0
3636,1,0,0.5,0,0,1,0.2,0.0
3637,1,0,0.5,1,0,0,0.33,0.0
3638,2,0,1.0,0,0,0,0.67,0.0
3639,3,0,1.5,0,0,0,1.17,0.0
3640,4,0,2.0,1,0,0,1.57,0.0
3641,4,0,2.0,0,0,0,2.14,0.0
3642,5,0,2.5,0,0,0,2.86,0.0
3643,5,0,2.5,0,0,0,3.57,0.0
3644,6,0,3.0,0,0,0,4.43,0.0
3645,7,0,3.5,0,0,0,5.43,0.0
3646,7,0,3.5,0,0,0,6.43,0.0
3647,7,0,3.5,0,0,0,7.43,0.0
3648,7,0,3.5,0,0,0,8.43,0.0
3649,7,0,3.5,0,0,0,9.43,0.0
3650,7,0,3.5,0,0,0,10.43,0.0
3651,7,0,3.5,0,0,0,11.43,0.0
3652,7,0,3.5,0,0,0,12.43,0.0
3653,7,0,3.5,0,0,0,13.43,0.0
3654,7,0,3.5,0,0,0,14.43,0.0
3655,7,0,3.5,0,0,0,15.43,0.0
3656,7,0,3.5,0,0,0,16.43,0.0
3657,6,0,3.0,0,0,0,16.67,0.0
3658,5,0,2.5,0,0,0,14.17,0.0
3659,4,0,2.0,0,0,0,11.5,0.0
3660,3,0,1.5,0,0,0,10.4,0.0
3661,2,0,1.0,0,0,0,7.0,0.0
3662,1,0,0.5,0,0,0,4.5,0.0
3663,0,0,0.0,0,0,0,0.0,0.0
3664,0,0,0.0,0,0,1,0.0,0.0
3665,0,0,0.0,0,0,0,0.0,0.0
3666,0,0,0.0,1,0,1,0.0,0.0
3667,0,0,0.0,0,0,0,0.0,0.0
3668,0,0,0.0,0,0,1,0.0,0.0
3669,0,0,0.0,1,0,0,0.0,0.0
3670,0,0,0.0,0,0,1,0.0,0.0
3671,0,0,0.0,1,0,0,0.0,0.0
3672,0,0,0.0,0,0,1,0.0,0.0
3673,0,0,0.0,1,0,1,0.0,0.0
3674,0,0,0.0,0,0,0,0.0,0.0
3675,0,0,0.0,1,0,0,0.0,0.0
3676,0,0,0.0,0,0,0,0.0,0.0
3677,0,0,0.0,1,0,1,0.0,0.0
3678,0,0,0.0,1,0,1,0.0,0.0
3679,0,0,0.0,0,0,0,0.0,0.0
3680,0,0,0.0,1,0,1,0.0,0.0
3681,1,0,0.5,0,0,0,0.2,0.0
3682,1,0,0.5,1,0,1,0.33,0.0
3683,2,0,1.0,0,0,0,0.67,0.0
3684,2,0,1.0,0,0,0,1.0,0.0
3685,3,0,1.5,1,0,0,1.29,0.0
3686,3,0,1.5,0,0,0,1.71,0.0
3687,4,0,2.0,0,0,0,2.29,0.0
3688,4,0,2.0,0,0,0,2.86,0.0
3689,5,0,2.5,0,0,0,3.57,0.0
3690,6,0,3.0,0,0,0,4.43,0.0
3691,6,0,3.0,0,0,0,5.29,0.0
3692,7,0,3.5,0,0,0,6.29,0.0
3693,7,0,3.5,0,0,0,7.29,0.0
3694,7,0,3.5,0,0,0,8.29,0.0
3695,7,0,3.5,0,0,0,9.29,0.0
3696,7,0,3.5,0,0,0,10.29,0.0
3697,7,0,3.5,0,0,0,11.29,0.0
3698,7,0,3.5,0,0,0,12.29,0.0
3699,7,0,3.5,0,0,0,13.29,0.0
3700,7,0,3.5,0,0,0,14.29,0.0
3701,7,0,3.5,0,0,0,15.29,0.0
3702,7,0,3.5,0,0,0,16.29,0.0
3703,6,0,3.0,0,0,0,16.33,0.0
3704,5,0,2.5,0,0,0,13.67,0.0
3705,4,0,2.0,0,0,0,11.0,0.0
3706,3,0,1.5,0,0,0,10.0,0.0
3707,2,0,1.0,0,0,0,6.8,0.0
3708,1,0,0.5,0,0,0,3.4,0.0
3709,0,0,0.0,0,0,0,0.0,0.0
3710,0,0,0.0,0,0,0,0.0,0.0
3711,0,0,0.0,0,0,1,0.0,0.0
3712,0,0,0.0,0,0,0,0.0,0.0
3713,0,0,0.0,0,0,1,0.0,0.0
3714,0,0,0.0,1,0,0,0.0,0.0
3715,0,0,0.0,0,0,1,0.0,0.0
3716,0,0,0.0,0,0,0,0.0,0.0
3717,0,0,0.0,1,0,1,0.0,0.0
3718,0,0,0.0,1,0,0,0.0,0.0
3719,0,0,0.0,0,0,1,0.0,0.0
3720,0,0,0.0,0,0,0,0.0,0.0
3721,0,0,0.0,1,0,1,0.0,0.0
3722,0,0,0.0,0,0,0,0.0,0.0
3723,0,0,0.0,1,0,1,0.0,0.0
3724,0,0,0.0,1,0,0,0.0,0.0
3725,0,0,0.0,0,0,1,0.0,0.0
3726,0,0,0.0,1,0,0,0.0,0.0
3727,1,0,0.5,0,0,1,0.2,0.0
3728,1,0,0.5,1,0,0,0.33,0.0
3729,1,0,0.5,0,0,0,0.5,0.0
3730,2,0,1.0,0,0,0,0.83,0.0
3731,3,0,1.5,0,0,0,1.33,0.0
3732,3,0,1.5,1,0,0,1.57,0.0
3733,4,0,2.0,0,0,0,2.14,0.0
3734,5,0,2.5,0,0,0,2.86,0.0
3735,5,0,2.5,0,0,0,3.57,0.0
3736,5,0,2.5,0,0,0,4.29,0.0
3737,6,0,3.0,0,0,0,5.14,0.0
3738,7,0,3.5,0,0,0,6.14,0.0
3739,7,0,3.5,0,0,0,7.14,0.0
3740,7,0,3.5,0,0,0,8.14,0.0
3741,7,0,3.5,0,0,0,9.14,0.0
3742,7,0,3.5,0,0,0,10.14,0.0
3743,7,0,3.5,0,0,0,11.14,0.0
3744,7,0,3.5,0,0,0,12.14,0.0
3745,7,0,3.5,0,0,0,13.14,0.0
3746,7,0,3.5,0,0,0,14.14,0.0
3747,7,0,3.5,0,0,0,15.14,0.0
3748,7,0,3.5,0,0,0,16.14,0.0
3749,6,0,3.0,0,0,0,16.17,0.0
3750,5,0,2.5,0,0,0,13.67,0.0
3751,4,0,2.0,0,0,0,11.0,0.0
3752,3,0,1.5,0,0,0,8.33,0.0
3753,2,0,1.0,0,0,0,6.6,0.0
3754,1,0,0.5,0,0,0,3.4,0.0
3755,0,0,0.0,0,0,0,0.0,0.0
3756,0,0,0.0,0,0,0,0.0,0.0
3757,0,0,0.0,0,0,0,0.0,0.0
3758,0,0,0.0,0,0,0,0.0,0.0
3759,0,0,0.0,1,0,1,0.0,0.0
3760,0,0,0.0,0,0,1,0.0,0.0
3761,0,0,0.0,0,0,0,0.0,0.0
3762,0,0,0.0,1,0,1,0.0,0.0
3763,0,0,0.0,0,0,0,0.0,0.0
3764,0,0,0.0,1,0,1,0.0,0.0
3765,0,0,0.0,0,0,0,0.0,0.0
3766,0,0,0.0,1,0,1,0.0,0.0
3767,0,0,0.0,0,0,0,0.0,0.0
3768,0,0,0.0,1,0,1,0.0,0.0
3769,0,0,0.0,0,0,0,0.0,0.0
3770,0,0,0.0,1,0,1,0.0,0.0
3771,0,0,0.0,1,0,1,0.0,0.0
3772,0,0,0.0,0,0,0,0.0,0.0
3773,1,0,0.5,1,0,1,0.2,0.0
3774,1,0,0.5,0,0,0,0.4,0.0
3775,2,0,1.0,1,0,1,0.67,0.0
3776,2,0,1.0,0,0,0,1.0,0.0
3777,3,0,1.5,0,0,0,1.5,0.0
3778,3,0,1.5,1,0,0,1.71,0.0
3779,4,0,2.0,0,0,0,2.29,0.0
3780,5,0,2.5,0,0,0,3.0,0.0
3781,5,0,2.5,0,0,0,3.71,0.0
3782,6,0,3.0,0,0,0,4.57,0.0
3783,6,0,3.0,0,0,0,5.43,0.0
3784,7,0,3.5,0,0,0,6.43,0.0
3785,7,0,3.5,0,0,0,7.43,0.0
3786,7,0,3.5,0,0,0,8.43,0.0
3787,7,0,3.5,0,0,0,9.43,0.0
3788,7,0,3.5,0,0,0,10.43,0.0
3789,7,0,3.5,0,0,0,11.43,0.0
3790,7,0,3.5,0,0,0,12.43,0.0
3791,7,0,3.5,0,0,0,13.43,0.0
3792,7,0,3.5,0,0,0,14.43,0.0
3793,7,0,3.5,0,0,0,15.43,0.0
3794,7,0,3.5,0,0,0,16.43,0.0
3795,6,0,3.0,0,0,0,16.5,0.0
3796,5,0,2.5,0,0,0,13.83,0.0
3797,4,0,2.0,0,0,0,11.17,0.0
3798,3,0,1.5,0,0,0,10.2,0.0
3799,2,0,1.0,0,0,0,6.8,0.0
3800,1,0,0.5,0,0,0,3.4,0.0
3801,0,0,0.0,0,0,0,0.0,0.0
3802,0,0,0.0,0,0,0,0.0,0.0
3803,0,0,0.0,0,0,1,0.0,0.0
3804,0,0,0.0,0,0,0,0.0,0.0
3805,0,0,0.0,0,0,1,0.0,0.0
3806,0,0,0.0,1,0,0,0.0,0.0
3807,0,0,0.0,0,0,1,0.0,0.0
3808,0,0,0.0,1,0,0,0.0,0.0
3809,0,0,0.0,0,0,0,0.0,0.0
3810,0,0,0.0,1,0,1,0.0,0.0
3811,0,0,0.0,0,0,1,0.0,0.0
3812,0,0,0.0,1,0,0,0.0,0.0
3813,0,0,0.0,0,0,1,0.0,0.0
3814,0,0,0.0,1,0,0,0.0,0.0
3815,0,0,0.0,0,0,1,0.0,0.0
3816,0,0,0.0,1,0,0,0.0,0.0
3817,0,0,0.0,1,0,1,0.0,0.0
3818,0,0,0.0,0,0,1,0.0,0.0
3819,1,0,0.5,1,0,0,0.2,0.0
3820,2,0,1.0,0,0,1,0.6,0.0
3821,2,0,1.0,1,0,0,0.83,0.0
3822,3,0,1.5,0,0,0,1.33,0.0
3823,3,0,1.5,0,0,0,1.83,0.0
3824,4,0,2.0,1,0,0,2.14,0.0
3825,5,0,2.5,0,0,0,2.86,0.0
3826,5,0,2.5,0,0,0,3.57,0.0
3827,6,0,3.0,0,0,0,4.43,0.0
3828,6,0,3.0,0,0,0,5.29,0.0
3829,7,0,3.5,0,0,0,6.29,0.0
3830,7,0,3.5,0,0,0,7.29,0.0
3831,7,0,3.5,0,0,0,8.29,0.0
3832,7,0,3.5,0,0,0,9.29,0.0
3833,7,0,3.5,0,0,0,10.29,0.0
3834,7,0,3.5,0,0,0,11.29,0.0
3835,7,0,3.5,0,0,0,12.29,0.0
3836,7,0,3.5,0,0,0,13.29,0.0
3837,7,0,3.5,0,0,0,14.29,0.0
3838,7,0,3.5,0,0,0,15.29,0.0
3839,7,0,3.5,0,0,0,16.29,0.0
3840,7,0,3.5,0,0,0,17.29,0.0
3841,6,0,3.0,0,0,0,17.5,0.0
3842,5,0,2.5,0,0,0,14.67,0.0
3843,4,0,2.0,0,0,0,11.83,0.0
3844,3,0,1.5,0,0,0,10.8,0.0
3845,2,0,1.0,0,0,0,7.2,0.0
3846,1,0,0.5,0,0,0,4.5,0.0
3847,0,0,0.0,0,0,0,0.0,0.0
3848,0,0,0.0,0,0,0,0.0,0.0
3849,0,0,0.0,0,0,1,0.0,0.0
3850,0,0,0.0,0,0,0,0.0,0.0
3851,0,0,0.0,1,0,1,0.0,0.0
3852,0,0,0.0,0,0,0,0.0,0.0
3853,0,0,0.0,1,0,1,0.0,0.0
3854,0,0,0.0,0,0,0,0.0,0.0
3855,0,0,0.0,0,0,1,0.0,0.0
3856,0,0,0.0,1,0,0,0.0,0.0
3857,0,0,0.0,0,0,1,0.0,0.0
3858,0,0,0.0,1,0,0,0.0,0.0
3859,0,0,0.0,0,0,1,0.0,0.0
3860,0,0,0.0,1,0,1,0.0,0.0
3861,0,0,0.0,0,0,0,0.0,0.0
3862,0,0,0.0,1,0,1,0.0,0.0
3863,0,0,0.0,1,0,0,0.0,0.0
3864,0,0,0.0,0,0,1,0.0,0.0
3865,1,0,0.5,1,0,0,0.2,0.0
3866,1,0,0.5,0,0,1,0.4,0.0
3867,2,0,1.0,1,0,0,0.67,0.0
3868,3,0,1.5,0,0,0,1.17,0.0
3869,3,0,1.5,0,0,0,1.67,0.0
3870,3,0,1.5,1,0,0,1.86,0.0
3871,4,0,2.0,0,0,0,2.43,0.0
3872,5,0,2.5,0,0,0,3.14,0.0
3873,5,0,2.5,0,0,0,3.86,0.0
3874,6,0,3.0,0,0,0,4.71,0.0
3875,7,0,3.5,0,0,0,5.71,0.0
3876,7,0,3.5,0,0,0,6.71,0.0
3877,7,0,3.5,0,0,0,7.71,0.0
3878,7,0,3.5,0,0,0,8.71,0.0
3879,7,0,3.5,0,0,0,9.71,0.0
3880,7,0,3.5,0,0,0,10.71,0.0
3881,7,0,3.5,0,0,0,11.71,0.0
3882,7,0,3.5,0,0,0,12.71,0.0
3883,7,0,3.5,0,0,0,13.71,0.0
3884,7,0,3.5,0,0,0,14.71,0.0
3885,7,0,3.5,0,0,0,15.71,0.0
3886,7,0,3.5,0,0,0,16.71,0.0
3887,6,0,3.0,0,0,0,16.83,0.0
3888,5,0,2.5,0,0,0,14.17,0.0
3889,4,0,2.0,0,0,0,11.33,0.0
3890,3,0,1.5,0,0,0,10.4,0.0
3891,2,0,1.0,0,0,0,7.0,0.0
3892,1,0,0.5,0,0,0,3.6,0.0
3893,0,0,0.0,0,0,0,0.0,0.0
3894,0,0,0.0,0,0,0,0.0,0.0
3895,0,0,0.0,0,0,1,0.0,0.0
3896,0,0,0.0,0,0,0,0.0,0.0
3897,0,0,0.0,0,0,1,0.0,0.0
3898,0,0,0.0,1,0,0,0.0,0.0
3899,0,0,0.0,0,0,1,0.0,0.0
3900,0,0,0.0,1,0,1,0.0,0.0
3901,0,0,0.0,0,0,0,0.0,0.0
3902,0,0,0.0,1,0,1,0.0,0.0
3903,0,0,0.0,0,0,0,0.0,0.0
3904,0,0,0.0,1,0,1,0.0,0.0
3905,0,0,0.0,0,0,0,0.0,0.0
3906,0,0,0.0,1,0,1,0.0,0.0
3907,0,0,0.0,0,0,0,0.0,0.0
3908,0,0,0.0,1,0,1,0.0,0.0
3909,0,0,0.0,1,0,0,0.0,0.0
3910,0,0,0.0,0,0,0,0.0,0.0
3911,1,0,0.5,1,0,1,0.2,0.0
3912,1,0,0.5,0,0,1,0.4,0.0
3913,1,0,0.5,1,0,0,0.5,0.0
3914,2,0,1.0,0,0,0,0.83,0.0
3915,3,0,1.5,0,0,0,1.33,0.0
3916,3,0,1.5,1,0,0,1.57,0.0
3917,4,0,2.0,0,0,0,2.14,0.0
3918,4,0,2.0,0,0,0,2.71,0.0
3919,5,0,2.5,0,0,0,3.43,0.0
3920,6,0,3.0,0,0,0,4.29,0.0
3921,6,0,3.0,0,0,0,5.14,0.0
3922,7,0,3.5,0,0,0,6.14,0.0
3923,7,0,3.5,0,0,0,7.14,0.0
3924,7,0,3.5,0,0,0,8.14,0.0
3925,7,0,3.5,0,0,0,9.14,0.0
3926,7,0,3.5,0,0,0,10.14,0.0
3927,7,0,3.5,0,0,0,11.14,0.0
3928,7,0,3.5,0,0,0,12.14,0.0
3929,7,0,3.5,0,0,0,13.14,0.0
3930,7,0,3.5,0,0,0,14.14,0.0
3931,7,0,3.5,0,0,0,15.14,0.0
3932,7,0,3.5,0,0,0,16.14,0.0
3933,6,0,3.0,0,0,0,16.17,0.0
3934,5,0,2.5,0,0,0,13.67,0.0
3935,4,0,2.0,0,0,0,11.0,0.0
3936,3,0,1.5,0,0,0,10.0,0.0
3937,2,0,1.0,0,0,0,6.8,0.0
3938,1,0,0.5,0,0,0,3.4,0.0
3939,0,0,0.0,0,0,0,0.0,0.0
3940,0,0,0.0,0,0,0,0.0,0.0
3941,0,0,0.0,0,0,1,0.0,0.0
3942,0,0,0.0,0,0,0,0.0,0.0
3943,0,0,0.0,1,0,1,0.0,0.0
3944,0,0,0.0,0,0,0,0.0,0.0
3945,0,0,0.0,0,0,1,0.0,0.0
3946,0,0,0.0,1,0,0,0.0,0.0
3947,0,0,0.0,0,0,1,0.0,0.0
3948,0,0,0.0,0,0,0,0.0,0.0
3949,0,0,0.0,1,0,0,0.0,0.0
3950,0,0,0.0,0,0,1,0.0,0.0
3951,0,0,0.0,1,0,1,0.0,0.0
3952,0,0,0.0,0,0,0,0.0,0.0
3953,0,0,0.0,1,0,1,0.0,0.0
3954,0,0,0.0,0,0,0,0.0,0.0
3955,0,0,0.0,1,0,1,0.0,0.0
3956,0,0,0.0,1,0,0,0.0,0.0
3957,1,0,0.5,1,0,1,0.2,0.0
3958,1,0,0.5,0,0,1,0.4,0.0
3959,1,0,0.5,1,0,0,0.5,0.0
3960,2,0,1.0,0,0,0,0.83,0.0
3961,2,0,1.0,0,0,0,1.17,0.0
3962,3,0,1.5,0,0,0,1.67,0.0
3963,3,0,1.5,1,0,0,1.86,0.0
3964,4,0,2.0,0,0,0,2.43,0.0
3965,5,0,2.5,0,0,0,3.14,0.0
3966,5,0,2.5,0,0,0,3.86,0.0
3967,6,0,3.0,0,0,0,4.71,0.0
3968,6,0,3.0,0,0,0,5.57,0.0
3969,7,0,3.5,0,0,0,6.57,0.0
3970,7,0,3.5,0,0,0,7.57,0.0
3971,7,0,3.5,0,0,0,8.57,0.0
3972,7,0,3.5,0,0,0,9.57,0.0
3973,7,0,3.5,0,0,0,10.57,0.0
3974,7,0,3.5,0,0,0,11.57,0.0
3975,7,0,3.5,0,0,0,12.57,0.0
3976,7,0,3.5,0,0,0,13.57,0.0
3977,7,0,3.5,0,0,0,14.57,0.0
3978,7,0,3.5,0,0,0,15.57,0.0
3979,6,0,3.0,0,0,0,15.5,0.0
3980,5,0,2.5,0,0,0,13.0,0.0
3981,4,0,2.0,0,0,0,10.5,0.0
3982,3,0,1.5,0,0,0,9.6,0.0
3983,2,0,1.0,0,0,0,6.4,0.0
3984,1,0,0.5,0,0,0,3.2,0.0
3985,0,0,0.0,0,0,0,0.0,0.0
3986,0,0,0.0,0,0,0,0.0,0.0
3987,0,0,0.0,0,0,1,0.0,0.0
3988,0,0,0.0,0,0,0,0.0,0.0
3989,0,0,0.0,1,0,1,0.0,0.0
3990,0,0,0.0,0,0,0,0.0,0.0
3991,0,0,0.0,0,0,1,0.0,0.0
3992,0,0,0.0,1,0,1,0.0,0.0
3993,0,0,0.0,0,0,0,0.0,0.0
3994,0,0,0.0,1,0,0,0.0,0.0
3995,0,0,0.0,0,0,1,0.0,0.0
3996,0,0,0.0,1,0,0,0.0,0.0
3997,0,0,0.0,0,0,1,0.0,0.0
3998,0,0,0.0,1,0,1,0.0,0.0
3999,0,0,0.0,0,0,0,0.0,0.0
4000,0,0,0.0,1,0,1,0.0,0.0
4001,0,0,0.0,1,0,0,0.0,0.0
4002,0,0,0.0,0,0,1,0.0,0.0
4003,0,0,0.0,1,0,0,0.0,0.0
4004,1,0,0.5,0,0,1,0.2,0.0
4005,1,0,0.5,1,0,0,0.33,0.0
4006,1,0,0.5,0,0,0,0.5,0.0
4007,2,0,1.0,0,0,0,0.83,0.0
4008,3,0,1.5,1,0,0,1.14,0.0
4009,3,0,1.5,0,0,0,1.57,0.0
4010,4,0,2.0,0,0,0,2.14,0.0
4011,4,0,2.0,0,0,0,2.71,0.0
4012,5,0,2.5,0,0,0,3.43,0.0
4013,6,0,3.0,0,0,0,4.29,0.0
4014,6,0,3.0,0,0,0,5.14,0.0
4015,7,0,3.5,0,0,0,6.14,0.0
4016,7,0,3.5,0,0,0,7.14,0.0
4017,7,0,3.5,0,0,0,8.14,0.0
4018,7,0,3.5,0,0,0,9.14,0.0
4019,7,0,3.5,0,0,0,10.14,0.0
4020,7,0,3.5,0,0,0,11.14,0.0
4021,7,0,3.5,0,0,0,12.14,0.0
4022,7,0,3.5,0,0,0,13.14,0.0
4023,7,0,3.5,0,0,0,14.14,0.0
4024,7,0,3.5,0,0,0,15.14,0.0
4025,6,0,3.0,0,0,0,15.17,0.0
4026,5,0,2.5,0,0,0,12.83,0.0
4027,4,0,2.0,0,0,0,10.33,0.0
4028,3,0,1.5,0,0,0,9.4,0.0
4029,2,0,1.0,0,0,0,6.4,0.0
4030,1,0,0.5,0,0,0,3.2,0.0
4031,0,0,0.0,0,0,0,0.0,0.0
4032,0,0,0.0,0,0,0,0.0,0.0
4033,0,0,0.0,0,0,1,0.0,0.0
4034,0,0,0.0,0,0,0,0.0,0.0
4035,0,0,0.0,1,0,1,0.0,0.0
4036,0,0,0.0,0,0,0,0.0,0.0
4037,0,0,0.0,0,0,1,0.0,0.0
4038,0,0,0.0,1,0,1,0.0,0.0
4039,0,0,0.0,0,0,0,0.0,0.0
4040,0,0,0.0,1,0,1,0.0,0.0
4041,0,0,0.0,0,0,0,0.0,0.0
4042,0,0,0.0,1,0,1,0.0,0.0
4043,0,0,0.0,0,0,0,0.0,0.0
4044,0,0,0.0,1,0,1,0.0,0.0
4045,0,0,0.0,0,0,1,0.0,0.0
4046,0,0,0.0,1,0,0,0.0,0.0
4047,0,0,0.0,1,0,0,0.0,0.0
4048,0,0,0.0,0,0,1,0.0,0.0
4049,1,0,0.5,1,0,0,0.2,0.0
4050,1,0,0.5,0,0,1,0.4,0.0
4051,2,0,1.0,1,0,0,0.67,0.0
4052,2,0,1.0,0,0,0,1.0,0.0
4053,2,0,1.0,0,0,0,1.33,0.0
4054,3,0,1.5,1,0,0,1.57,0.0
4055,4,0,2.0,0,0,0,2.14,0.0
4056,4,0,2.0,0,0,0,2.71,0.0
4057,5,0,2.5,0,0,0,3.43,0.0
4058,5,0,2.5,0,0,0,4.14,0.0
4059,7,0,3.5,0,0,0,5.14,0.0
4060,7,0,3.5,0,0,0,6.14,0.0
4061,7,0,3.5,0,0,0,7.14,0.0
4062,7,0,3.5,0,0,0,8.14,0.0
4063,7,0,3.5,0,0,0,9.14,0.0
4064,7,0,3.5,0,0,0,10.14,0.0
4065,7,0,3.5,0,0,0,11.14,0.0
4066,7,0,3.5,0,0,0,12.14,0.0
4067,7,0,3.5,0,0,0,13.14,0.0
4068,7,0,3.5,0,0,0,14.14,0.0
4069,7,0,3.5,0,0,0,15.14,0.0
4070,7,0,3.5,0,0,0,16.14,0.0
4071,6,0,3.0,0,0,0,16.17,0.0
4072,5,0,2.5,0,0,0,13.5,0.0
4073,4,0,2.0,0,0,0,11.0,0.0
4074,3,0,1.5,0,0,0,8.33,0.0
4075,2,0,1.0,0,0,0,6.8,0.0
4076,1,0,0.5,0,0,0,3.6,0.0
4077,0,0,0.0,0,0,0,0.0,0.0
4078,0,0,0.0,0,0,0,0.0,0.0
4079,0,0,0.0,0,0,1,0.0,0.0
4080,0,0,0.0,0,0,0,0.0,0.0
4081,0,0,0.0,1,0,1,0.0,0.0
4082,0,0,0.0,0,0,0,0.0,0.0
4083,0,0,0.0,0,0,1,0.0,0.0
4084,0,0,0.0,1,0,0,0.0,0.0
4085,0,0,0.0,0,0,1,0.0,0.0
4086,0,0,0.0,1,0,0,0.0,0.0
4087,0,0,0.0,0,0,1,0.0,0.0
4088,0,0,0.0,1,0,0,0.0,0.0
4089,0,0,0.0,0,0,1,0.0,0.0
4090,0,0,0.0,1,0,0,0.0,0.0
4091,0,0,0.0,0,0,1,0.0,0.0
4092,0,0,0.0,1,0,0,0.0,0.0
4093,0,0,0.0,1,0,1,0.0,0.0
4094,1,0,0.5,0,0,0,0.25,0.0
4095,1,0,0.5,1,0,1,0.4,0.0
4096,1,0,0.5,0,0,0,0.6,0.0
4097,2,0,1.0,1,0,1,0.83,0.0
4098,2,0,1.0,0,0,0,1.17,0.0
4099,3,0,1.5,0,0,0,1.67,0.0
4100,3,0,1.5,0,0,0,2.17,0.0
4101,4,0,2.0,0,0,0,2.83,0.0
4102,4,0,2.0,0,0,0,3.5,0.0
4103,5,0,2.5,0,0,0,4.33,0.0
4104,6,0,3.0,0,0,0,5.33,0.0
4105,6,0,3.0,0,0,0,6.33,0.0
4106,6,0,3.0,0,0,0,7.33,0.0
4107,6,0,3.0,0,0,0,8.33,0.0
4108,6,0,3.0,0,0,0,9.33,0.0
4109,6,0,3.0,0,0,0,10.33,0.0
4110,6,0,3.0,0,0,0,11.33,0.0
4111,6,0,3.0,0,0,0,12.33,0.0
4112,6,0,3.0,0,0,0,13.33,0.0
4113,6,0,3.0,0,0,0,14.33,0.0
4114,6,0,3.0,0,0,0,15.33,0.0
4115,6,0,3.0,0,0,0,16.33,0.0
4116,6,0,3.0,0,0,0,17.33,0.0
4117,5,0,2.5,0,0,0,17.2,0.0
4118,4,0,2.0,0,0,0,13.8,0.0
4119,3,0,1.5,0,0,0,10.4,0.0
4120,2,0,1.0,0,0,0,7.0,0.0
4121,1,0,0.5,0,0,0,4.5,0.0
4122,0,0,0.0,0,0,0,0.0,0.0
4123,0,0,0.0,0,0,0,0.0,0.0
4124,0,0,0.0,0,0,0,0.0,0.0
4125,0,0,0.0,0,0,0,0.0,0.0
4126,0,0,0.0,0,0,1,0.0,0.0
4127,0,0,0.0,0,0,0,0.0,0.0
4128,0,0,0.0,0,0,1,0.0,0.0
4129,0,0,0.0,0,0,1,0.0,0.0
4130,0,0,0.0,0,0,0,0.0,0.0
4131,0,0,0.0,0,0,1,0.0,0.0
4132,0,0,0.0,0,0,0,0.0,0.0
4133,0,0,0.0,0,0,1,0.0,0.0
4134,0,0,0.0,0,0,0,0.0,0.0
4135,0,0,0.0,0,0,1,0.0,0.0
