episode,timestamp,state,action,we_green,ns_green,we_waiting_time,ns_waiting_time,we_queue,ns_queue,reward
0,26.0,0_0_0,0,10,10,41.0,0.0,7,0,-0.2669230769230769
0,97.0,1_0_0,7,45,20,139.0,0.0,7,0,-0.7519014084507041
0,123.0,1_0_0,0,10,10,45.0,0.0,7,0,-0.28346153846153843
0,179.0,1_0_0,6,30,20,118.0,0.0,7,0,-0.647142857142857
0,215.0,1_0_0,4,10,20,112.0,0.0,7,0,-0.6175
0,251.0,1_0_0,1,20,10,42.0,0.0,7,0,-0.26749999999999996
0,287.0,1_0_0,1,20,10,49.0,2.0,7,1,-0.3225
0,323.0,1_0_0,1,20,10,45.0,0.0,7,0,-0.2833333333333333
0,349.0,1_0_0,0,10,10,43.0,0.0,6,0,-0.26461538461538464
0,385.0,1_0_0,4,10,20,109.0,0.0,7,0,-0.6025
0,411.0,1_0_0,0,10,10,46.0,0.0,7,0,-0.28846153846153844
0,457.0,1_0_0,2,30,10,57.0,0.0,7,0,-0.34195652173913044
0,503.0,1_0_0,2,30,10,46.0,0.0,7,0,-0.28695652173913044
0,549.0,1_0_0,2,30,10,46.0,0.0,7,0,-0.28695652173913044
0,610.0,1_0_0,3,45,10,58.0,0.0,7,0,-0.3467213114754098
0,656.0,1_0_0,5,20,20,115.0,0.0,7,0,-0.6326086956521738
0,727.0,1_0_0,7,45,20,137.0,0.0,7,0,-0.7423239436619719
0,783.0,1_0_0,6,30,20,114.0,0.0,7,0,-0.6266071428571428
0,844.0,1_0_0,3,45,10,61.0,0.0,7,0,-0.3617213114754098
0,890.0,1_0_0,5,20,20,111.0,0.0,7,0,-0.6119565217391304
0,951.0,1_0_0,3,45,10,70.0,0.0,7,0,-0.4072131147540983
0,997.0,1_0_0,2,30,10,42.0,0.0,7,0,-0.2676086956521739
0,1068.0,1_0_0,7,45,20,136.0,0.0,7,0,-0.7369014084507042
0,1114.0,1_0_0,2,30,10,47.0,0.0,7,0,-0.29195652173913045
0,1140.0,1_0_0,0,10,10,39.0,0.0,6,0,-0.24346153846153845
0,1166.0,1_0_0,0,10,10,48.0,0.0,7,0,-0.29846153846153844
0,1212.0,1_0_0,2,30,10,41.0,2.0,7,1,-0.2819565217391305
0,1238.0,1_0_0,0,10,10,45.0,0.0,7,0,-0.2846153846153846
0,1284.0,1_0_0,5,20,20,113.0,0.0,7,0,-0.6219565217391303
0,1310.0,1_0_0,0,10,10,56.0,0.0,7,0,-0.33961538461538465
0,1346.0,1_0_0,1,20,10,45.0,0.0,7,0,-0.2825
0,1392.0,1_0_0,2,30,10,47.0,0.0,7,0,-0.29195652173913045
0,1448.0,1_0_0,6,30,20,107.0,0.0,7,0,-0.5921428571428571
0,1504.0,1_0_0,6,30,20,116.0,0.0,7,0,-0.6360714285714285
0,1550.0,1_0_0,5,20,20,108.0,0.0,7,0,-0.5969565217391304
0,1596.0,1_0_0,2,30,10,48.0,0.0,7,0,-0.29695652173913045
0,1657.0,1_0_0,3,45,10,65.0,0.0,7,0,-0.38221311475409836
0,1693.0,1_0_0,1,20,10,51.0,0.0,7,0,-0.31333333333333335
0,1739.0,1_0_0,5,20,20,119.0,0.0,7,0,-0.6513043478260869
0,1795.0,1_0_0,6,30,20,112.0,0.0,7,0,-0.6166071428571429
0,1856.0,1_0_0,3,45,10,64.0,2.0,7,1,-0.3972131147540984
0,1917.0,1_0_0,3,45,10,62.0,1.0,7,1,-0.3827049180327869
0,1978.0,1_0_0,3,45,10,68.0,0.0,7,0,-0.3977049180327869
0,2034.0,1_0_0,6,30,20,116.0,0.0,7,0,-0.637142857142857
0,2070.0,1_0_0,1,20,10,33.0,0.0,6,0,-0.2125
0,2106.0,1_0_0,4,10,20,111.0,0,7,0,-0.6166666666666667
0,2152.0,1_0_0,5,20,20,110.0,0,7,0,-0.6134782608695653
0,2223.0,1_0_0,7,45,20,141.0,0,7,0,-0.7661267605633801
0,2259.0,1_0_0,4,10,20,108.0,0,7,0,-0.6058333333333333
0,2305.0,1_0_0,5,20,20,119.0,0,7,0,-0.6584782608695652
0,2361.0,1_0_0,6,30,20,109.0,0,7,0,-0.6069642857142857
0,2397.0,1_0_0,1,20,10,38.0,0,7,0,-0.25166666666666665
0,2423.0,1_0_0,0,10,10,52.0,0,7,0,-0.3253846153846154
0,2479.0,1_0_0,6,30,20,118.0,0,7,0,-0.6519642857142857
0,2535.0,1_0_0,6,30,20,114.0,0,7,0,-0.6319642857142856
0,2591.0,1_0_0,6,30,20,110.0,0,7,0,-0.6119642857142857
0,2627.0,1_0_0,1,20,10,41.0,0,6,0,-0.25666666666666665
0,2698.0,1_0_0,7,45,20,136.0,0,7,0,-0.7411267605633802
0,2744.0,1_0_0,5,20,20,112.0,0,7,0,-0.6234782608695653
0,2790.0,1_0_0,2,30,10,45.0,0,7,0,-0.2852173913043478
0,2826.0,1_0_0,4,10,20,113.0,0,7,0,-0.6308333333333332
0,2862.0,1_0_0,1,20,10,43.0,0,7,0,-0.2766666666666666
0,2908.0,1_0_0,5,20,20,118.0,0,7,0,-0.6534782608695652
0,2954.0,1_0_0,5,20,20,115.0,0,7,0,-0.6384782608695652
0,2980.0,1_0_0,0,10,10,40.0,0,7,0,-0.26423076923076927
0,3016.0,1_0_0,4,10,20,133.0,0,7,0,-0.7316666666666667
0,3062.0,1_0_0,5,20,20,112.0,0,7,0,-0.6234782608695653
0,3088.0,1_0_0,0,10,10,36.0,0,7,0,-0.24423076923076922
0,3144.0,1_0_0,6,30,20,121.0,0,7,0,-0.6675
0,3200.0,1_0_0,6,30,20,120.0,0,7,0,-0.6619642857142857
0,3261.0,1_0_0,3,45,10,64.0,0,7,0,-0.379672131147541
0,3307.0,1_0_0,2,30,10,44.0,0,7,0,-0.2802173913043478
0,3353.0,1_0_0,5,20,20,105.0,0,7,0,-0.5884782608695652
0,3409.0,1_0_0,6,30,20,0,0,0,0,0.00375
1,46.0,0_0_0,2,30,10,48.0,0.0,7,0,-0.29891304347826086
1,107.0,1_0_0,3,45,10,71.0,2.0,7,1,-0.4327049180327869
1,153.0,1_0_0,5,20,20,113.0,0.0,7,0,-0.6219565217391303
1,199.0,1_0_0,5,20,20,116.0,0.0,7,0,-0.6369565217391303
1,270.0,1_0_0,7,45,20,140.0,0.0,7,0,-0.7569014084507041
1,316.0,1_0_0,5,20,20,118.0,0.0,7,0,-0.6469565217391303
1,377.0,1_0_0,3,45,10,60.0,0.0,7,0,-0.35721311475409834
1,433.0,1_0_0,6,30,20,114.0,0.0,7,0,-0.6266071428571428
1,504.0,1_0_0,7,45,20,129.0,0.0,7,0,-0.7014788732394366
1,550.0,1_0_0,2,30,10,44.0,0.0,7,0,-0.27695652173913043
1,606.0,1_0_0,6,30,20,119.0,0.0,7,0,-0.6516071428571428
1,632.0,1_0_0,0,10,10,47.0,0.0,7,0,-0.29346153846153844
1,678.0,1_0_0,2,30,10,47.0,0.0,7,0,-0.2932608695652174
1,734.0,1_0_0,6,30,20,114.0,1.0,7,1,-0.6410714285714286
1,770.0,1_0_0,4,10,20,136.0,0.0,7,0,-0.7383333333333333
1,816.0,1_0_0,2,30,10,38.0,0.0,6,0,-0.23695652173913043
1,852.0,1_0_0,1,20,10,36.0,0.0,6,0,-0.22666666666666666
1,878.0,1_0_0,0,10,10,62.0,2.0,7,1,-0.3907692307692308
1,939.0,1_0_0,3,45,10,60.0,0.0,7,0,-0.35721311475409834
1,995.0,1_0_0,6,30,20,113.0,0.0,7,0,-0.6216071428571428
1,1031.0,1_0_0,1,20,10,51.0,0.0,7,0,-0.31333333333333335
1,1092.0,1_0_0,3,45,10,67.0,0.0,7,0,-0.39221311475409837
1,1128.0,1_0_0,1,20,10,45.0,2.0,7,1,-0.3025
1,1174.0,1_0_0,2,30,10,44.0,0.0,7,0,-0.2776086956521739
1,1235.0,1_0_0,3,45,10,63.0,0.0,7,0,-0.3717213114754098
1,1281.0,1_0_0,2,30,10,44.0,0.0,7,0,-0.27695652173913043
1,1307.0,1_0_0,0,10,10,54.0,0.0,7,0,-0.32961538461538464
1,1363.0,1_0_0,6,30,20,120.0,0.0,7,0,-0.6566071428571428
1,1389.0,1_0_0,0,10,10,43.0,0.0,7,0,-0.2734615384615384
1,1450.0,1_0_0,3,45,10,59.0,0.0,7,0,-0.35221311475409833
1,1486.0,1_0_0,1,20,10,39.0,0.0,6,0,-0.24333333333333335
1,1557.0,1_0_0,7,45,20,133.0,0.0,7,0,-0.7219014084507042
1,1583.0,1_0_0,0,10,10,56.0,0.0,7,0,-0.33961538461538465
1,1619.0,1_0_0,1,20,10,42.0,0.0,7,0,-0.26749999999999996
1,1690.0,1_0_0,7,45,20,136.0,0.0,7,0,-0.7369014084507042
1,1751.0,1_0_0,3,45,10,64.0,0.0,7,0,-0.37721311475409836
1,1777.0,1_0_0,0,10,10,49.0,0.0,7,0,-0.30346153846153845
1,1813.0,1_0_0,4,10,20,115.0,0.0,7,0,-0.6341666666666665
1,1869.0,1_0_0,6,30,20,113.0,0.0,7,0,-0.6210714285714285
1,1915.0,1_0_0,2,30,10,49.0,0.0,7,0,-0.30195652173913046
1,1951.0,1_0_0,1,20,10,44.0,1.0,7,1,-0.2933333333333334
1,1997.0,1_0_0,5,20,20,124.0,0.0,7,0,-0.6782608695652174
1,2068.0,1_0_0,7,45,20,139.0,0.0,7,0,-0.7519014084507041
1,2104.0,1_0_0,1,20,10,41.0,0.0,6,0,-0.2525
1,2150.0,1_0_0,2,30,10,53.0,0,7,0,-0.32326086956521743
1,2206.0,1_0_0,6,30,20,115.0,0,7,0,-0.6369642857142856
1,2277.0,1_0_0,7,45,20,134.0,0,7,0,-0.7311267605633802
1,2323.0,1_0_0,5,20,20,105.0,0,7,0,-0.5884782608695652
1,2359.0,1_0_0,4,10,20,118.0,0,7,0,-0.6558333333333333
1,2405.0,1_0_0,2,30,10,52.0,0,7,0,-0.32021739130434784
1,2441.0,1_0_0,1,20,10,44.0,0,7,0,-0.2816666666666666
1,2487.0,1_0_0,5,20,20,114.0,0,7,0,-0.6334782608695652
1,2523.0,1_0_0,4,10,20,114.0,0,7,0,-0.6358333333333333
1,2569.0,1_0_0,5,20,20,116.0,0,7,0,-0.6434782608695652
1,2640.0,1_0_0,7,45,20,133.0,0,7,0,-0.7261267605633803
1,2686.0,1_0_0,2,30,10,44.0,0,7,0,-0.2802173913043478
1,2747.0,1_0_0,3,45,10,56.0,0,7,0,-0.3391803278688525
1,2808.0,1_0_0,3,45,10,76.0,0,7,0,-0.44016393442622953
1,2869.0,1_0_0,3,45,10,59.0,0,7,0,-0.35418032786885245
1,2940.0,1_0_0,7,45,20,143.0,0,7,0,-0.7761267605633801
1,3001.0,1_0_0,3,45,10,62.0,0,7,0,-0.369672131147541
1,3037.0,1_0_0,1,20,10,46.0,0,7,0,-0.29166666666666663
1,3063.0,1_0_0,0,10,10,42.0,0,7,0,-0.2742307692307692
1,3119.0,1_0_0,6,30,20,111.0,0,7,0,-0.6169642857142857
1,3165.0,1_0_0,2,30,10,43.0,0,6,0,-0.26521739130434785
1,3211.0,1_0_0,2,30,10,0,0,0,0,0.003913043478260869
2,36.0,0_0_0,1,20,10,55.0,0.0,7,0,-0.3375
2,62.0,1_0_0,0,10,10,38.0,0.0,7,0,-0.24846153846153846
2,123.0,1_0_0,3,45,10,66.0,0.0,7,0,-0.3877049180327869
2,169.0,1_0_0,2,30,10,39.0,0.0,6,0,-0.24195652173913043
2,240.0,1_0_0,7,45,20,134.0,0.0,7,0,-0.7269014084507042
2,286.0,1_0_0,5,20,20,118.0,0.0,7,0,-0.6469565217391303
2,312.0,1_0_0,0,10,10,45.0,0.0,7,0,-0.2846153846153846
2,338.0,1_0_0,0,10,10,63.0,1.0,7,1,-0.38961538461538464
2,364.0,1_0_0,0,10,10,47.0,2.0,7,1,-0.31461538461538463
2,400.0,1_0_0,4,10,20,115.0,0.0,7,0,-0.6341666666666665
2,426.0,1_0_0,0,10,10,46.0,1.0,7,1,-0.30346153846153845
2,452.0,1_0_0,0,10,10,45.0,1.0,7,1,-0.2996153846153847
2,488.0,1_0_0,4,10,20,130.0,0.0,7,0,-0.7091666666666666
2,534.0,1_0_0,2,30,10,44.0,0.0,7,0,-0.27695652173913043
2,595.0,1_0_0,3,45,10,66.0,0.0,7,0,-0.38721311475409836
2,641.0,1_0_0,2,30,10,38.0,1.0,7,1,-0.26326086956521744
2,697.0,1_0_0,6,30,20,116.0,0.0,7,0,-0.6366071428571428
2,723.0,1_0_0,0,10,10,52.0,0.0,7,0,-0.31846153846153846
2,759.0,1_0_0,1,20,10,50.0,0.0,7,0,-0.3091666666666667
2,820.0,1_0_0,3,45,10,83.0,0.0,7,0,-0.47270491803278686
2,881.0,1_0_0,3,45,10,60.0,0.0,7,0,-0.35721311475409834
2,927.0,1_0_0,2,30,10,45.0,0.0,6,0,-0.27260869565217394
2,953.0,1_0_0,0,10,10,44.0,0.0,7,0,-0.2784615384615384
2,989.0,1_0_0,1,20,10,51.0,0.0,7,0,-0.3125
2,1050.0,1_0_0,3,45,10,61.0,1.0,7,1,-0.37721311475409836
2,1086.0,1_0_0,1,20,10,49.0,0.0,7,0,-0.30333333333333334
2,1147.0,1_0_0,3,45,10,68.0,0.0,7,0,-0.39819672131147543
2,1208.0,1_0_0,3,45,10,64.0,2.0,7,1,-0.39672131147540984
2,1254.0,1_0_0,2,30,10,44.0,0.0,7,0,-0.2776086956521739
2,1300.0,1_0_0,2,30,10,41.0,1.0,7,1,-0.2769565217391305
2,1356.0,1_0_0,6,30,20,115.0,0.0,7,0,-0.632142857142857
2,1392.0,1_0_0,1,20,10,46.0,0.0,6,0,-0.2775
2,1428.0,1_0_0,4,10,20,114.0,0.0,7,0,-0.6275
2,1464.0,1_0_0,4,10,20,114.0,0.0,7,0,-0.6275
2,1500.0,1_0_0,4,10,20,129.0,0.0,7,0,-0.7033333333333333
2,1536.0,1_0_0,1,20,10,37.0,0.0,6,0,-0.23333333333333334
2,1572.0,1_0_0,4,10,20,131.0,0.0,7,0,-0.7141666666666666
2,1618.0,1_0_0,2,30,10,44.0,0.0,7,0,-0.2763043478260869
2,1654.0,1_0_0,1,20,10,40.0,0.0,7,0,-0.2575
2,1700.0,1_0_0,2,30,10,42.0,0.0,6,0,-0.2569565217391305
2,1746.0,1_0_0,5,20,20,106.0,0.0,7,0,-0.586304347826087
2,1802.0,1_0_0,6,30,20,115.0,0.0,7,0,-0.6316071428571428
2,1828.0,1_0_0,0,10,10,43.0,1.0,7,1,-0.2884615384615385
2,1864.0,1_0_0,1,20,10,45.0,0.0,7,0,-0.2841666666666667
2,1910.0,1_0_0,2,30,10,42.0,0.0,7,0,-0.2669565217391304
2,1971.0,1_0_0,3,45,10,59.0,1.0,7,1,-0.3677049180327869
2,2017.0,1_0_0,2,30,10,41.0,0.0,7,0,-0.2619565217391304
2,2053.0,1_0_0,1,20,10,42.0,0.0,6,0,-0.2575
2,2124.0,1_0_0,7,45,20,134.0,0.0,7,0,-0.7269014084507042
2,2180.0,1_0_0,6,30,20,112.0,0,7,0,-0.6171428571428571
2,2226.0,1_0_0,5,20,20,107.0,0,7,0,-0.5984782608695652
2,2272.0,1_0_0,2,30,10,39.0,0,6,0,-0.24521739130434783
2,2333.0,1_0_0,3,45,10,74.0,0,7,0,-0.429672131147541
2,2379.0,1_0_0,5,20,20,117.0,0,7,0,-0.6484782608695652
2,2425.0,1_0_0,2,30,10,38.0,0,6,0,-0.24021739130434783
2,2461.0,1_0_0,4,10,20,125.0,0,7,0,-0.6916666666666667
2,2507.0,1_0_0,5,20,20,110.0,0,7,0,-0.6134782608695653
2,2533.0,1_0_0,0,10,10,36.0,0,6,0,-0.23423076923076921
2,2594.0,1_0_0,3,45,10,64.0,0,7,0,-0.379672131147541
2,2665.0,1_0_0,7,45,20,127.0,0,7,0,-0.6961267605633803
2,2726.0,1_0_0,3,45,10,60.0,0,7,0,-0.359672131147541
2,2762.0,1_0_0,1,20,10,60.0,0,7,0,-0.3625
2,2798.0,1_0_0,1,20,10,42.0,0,7,0,-0.2716666666666666
2,2854.0,1_0_0,6,30,20,114.0,0,7,0,-0.6319642857142856
2,2910.0,1_0_0,6,30,20,111.0,0,7,0,-0.6164285714285714
2,2936.0,1_0_0,0,10,10,47.0,0,7,0,-0.29923076923076924
2,2962.0,1_0_0,0,10,10,43.0,0,7,0,-0.2792307692307692
2,3023.0,1_0_0,3,45,10,52.0,0,7,0,-0.319672131147541
2,3059.0,1_0_0,1,20,10,42.0,0,6,0,-0.26166666666666666
2,3095.0,1_0_0,4,10,20,127.0,0,7,0,-0.7016666666666667
2,3131.0,1_0_0,4,10,20,135.0,0,7,0,-0.7416666666666667
2,3177.0,1_0_0,2,30,10,27.0,0,5,0,-0.17456521739130434
2,3213.0,1_0_0,4,10,20,112.0,0,7,0,-0.6258333333333334
2,3249.0,1_0_0,1,20,10,45.0,0,7,0,-0.2866666666666666
2,3275.0,1_0_0,0,10,10,39.0,0,7,0,-0.25923076923076926
2,3311.0,1_0_0,1,20,10,46.0,0,7,0,-0.29166666666666663
2,3382.0,1_0_0,7,45,20,0,0,0,0,0.0033802816901408453
3,46.0,0_0_0,2,30,10,55.0,0.0,7,0,-0.33521739130434786
3,102.0,1_0_0,6,30,20,118.0,0.0,7,0,-0.6466071428571428
3,163.0,1_0_0,3,45,10,63.0,0.0,7,0,-0.3717213114754098
3,234.0,1_0_0,7,45,20,133.0,0.0,7,0,-0.7219014084507042
3,305.0,1_0_0,7,45,20,134.0,0.0,7,0,-0.7269014084507042
3,341.0,1_0_0,1,20,10,34.0,0.0,6,0,-0.21833333333333335
3,387.0,1_0_0,5,20,20,116.0,0.0,7,0,-0.6369565217391303
3,433.0,1_0_0,2,30,10,40.0,0.0,6,0,-0.24695652173913044
3,469.0,1_0_0,1,20,10,43.0,2.0,7,1,-0.29250000000000004
3,515.0,1_0_0,2,30,10,51.0,0.0,7,0,-0.3126086956521739
3,586.0,1_0_0,7,45,20,135.0,0.0,7,0,-0.7314788732394366
3,632.0,1_0_0,2,30,10,42.0,0.0,7,0,-0.2669565217391304
3,703.0,1_0_0,7,45,20,132.0,0.0,7,0,-0.7169014084507042
3,729.0,1_0_0,0,10,10,40.0,0.0,7,0,-0.25961538461538464
3,790.0,1_0_0,3,45,10,70.0,2.0,7,1,-0.42721311475409834
3,826.0,1_0_0,4,10,20,119.0,0.0,7,0,-0.6533333333333332
3,862.0,1_0_0,4,10,20,118.0,0.0,7,0,-0.6475
3,918.0,1_0_0,6,30,20,116.0,0.0,7,0,-0.6366071428571428
3,954.0,1_0_0,4,10,20,128.0,0.0,7,0,-0.6983333333333333
3,1010.0,1_0_0,6,30,20,112.0,0.0,7,0,-0.6160714285714286
3,1056.0,1_0_0,5,20,20,129.0,0.0,7,0,-0.7019565217391304
3,1102.0,1_0_0,5,20,20,118.0,0.0,7,0,-0.6469565217391303
3,1163.0,1_0_0,3,45,10,63.0,0.0,7,0,-0.37221311475409835
3,1224.0,1_0_0,3,45,10,64.0,1.0,7,1,-0.39221311475409837
3,1280.0,1_0_0,6,30,20,118.0,0.0,7,0,-0.647142857142857
3,1326.0,1_0_0,5,20,20,112.0,0.0,7,0,-0.6169565217391304
3,1372.0,1_0_0,5,20,20,118.0,0.0,7,0,-0.6476086956521738
3,1443.0,1_0_0,7,45,20,135.0,0.0,7,0,-0.7314788732394366
3,1499.0,1_0_0,6,30,20,107.0,0.0,7,0,-0.5916071428571429
3,1555.0,1_0_0,6,30,20,108.0,0.0,7,0,-0.5966071428571429
3,1601.0,1_0_0,5,20,20,113.0,0.0,7,0,-0.6219565217391303
3,1627.0,1_0_0,0,10,10,53.0,0.0,7,0,-0.3257692307692308
3,1688.0,1_0_0,3,45,10,69.0,0.0,7,0,-0.4022131147540983
3,1734.0,1_0_0,2,30,10,37.0,0.0,7,0,-0.24130434782608695
3,1770.0,1_0_0,1,20,10,42.0,0.0,7,0,-0.2683333333333333
3,1816.0,1_0_0,5,20,20,105.0,0.0,7,0,-0.581304347826087
3,1852.0,1_0_0,1,20,10,39.0,0.0,7,0,-0.2525
3,1898.0,1_0_0,5,20,20,113.0,0.0,7,0,-0.6226086956521738
3,1934.0,1_0_0,4,10,20,117.0,0,7,0,-0.6458333333333333
3,1970.0,1_0_0,1,20,10,40.0,0,6,0,-0.25166666666666665
3,2026.0,1_0_0,6,30,20,113.0,0,7,0,-0.6269642857142856
3,2072.0,1_0_0,5,20,20,112.0,0,7,0,-0.6234782608695653
3,2098.0,1_0_0,0,10,10,47.0,0,7,0,-0.29923076923076924
3,2159.0,1_0_0,3,45,10,60.0,0,7,0,-0.359672131147541
3,2220.0,1_0_0,3,45,10,66.0,0,7,0,-0.389672131147541
3,2246.0,1_0_0,0,10,10,43.0,0,7,0,-0.2792307692307692
3,2292.0,1_0_0,5,20,20,112.0,0,7,0,-0.6234782608695653
3,2328.0,1_0_0,1,20,10,46.0,0,7,0,-0.29166666666666663
3,2374.0,1_0_0,2,30,10,43.0,0,7,0,-0.2752173913043478
3,2435.0,1_0_0,3,45,10,69.0,0,7,0,-0.40467213114754097
3,2461.0,1_0_0,0,10,10,48.0,0,7,0,-0.30423076923076925
3,2497.0,1_0_0,1,20,10,43.0,0,7,0,-0.2766666666666666
3,2543.0,1_0_0,2,30,10,45.0,0,7,0,-0.2852173913043478
3,2614.0,1_0_0,7,45,20,121.0,0,7,0,-0.6661267605633803
3,2660.0,1_0_0,2,30,10,45.0,0,7,0,-0.2852173913043478
3,2731.0,1_0_0,7,45,20,137.0,0,7,0,-0.7461267605633803
3,2787.0,1_0_0,6,30,20,119.0,0,7,0,-0.6575
3,2813.0,1_0_0,0,10,10,44.0,0,7,0,-0.28423076923076923
3,2849.0,1_0_0,4,10,20,121.0,0,7,0,-0.6708333333333333
3,2905.0,1_0_0,6,30,20,128.0,0,7,0,-0.7025
3,2931.0,1_0_0,0,10,10,60.0,0,7,0,-0.36538461538461536
3,2957.0,1_0_0,0,10,10,59.0,0,7,0,-0.36038461538461536
3,3003.0,1_0_0,2,30,10,53.0,0,7,0,-0.32521739130434785
3,3064.0,1_0_0,3,45,10,63.0,0,7,0,-0.374672131147541
3,3110.0,1_0_0,5,20,20,112.0,0,7,0,-0.6234782608695653
3,3156.0,1_0_0,5,20,20,105.0,0,7,0,-0.5884782608695652
3,3202.0,1_0_0,2,30,10,35.0,0,6,0,-0.2252173913043478
3,3238.0,1_0_0,1,20,10,38.0,0,6,0,-0.24166666666666667
3,3274.0,1_0_0,4,10,20,135.0,0,7,0,-0.7416666666666667
3,3320.0,1_0_0,5,20,20,113.0,0,7,0,-0.6284782608695652
3,3366.0,1_0_0,2,30,10,0,0,0,0,0.005217391304347826
4,46.0,0_0_0,2,30,10,43.0,0.0,7,0,-0.27456521739130435
4,92.0,1_0_0,5,20,20,112.0,0.0,7,0,-0.616304347826087
4,128.0,1_0_0,4,10,20,127.0,0.0,7,0,-0.6933333333333332
4,174.0,1_0_0,2,30,10,41.0,0.0,6,0,-0.25195652173913047
4,210.0,1_0_0,1,20,10,41.0,0.0,6,0,-0.25333333333333335
4,246.0,1_0_0,4,10,20,124.0,0.0,7,0,-0.6783333333333332
4,282.0,1_0_0,4,10,20,132.0,0.0,7,0,-0.7183333333333333
4,308.0,1_0_0,0,10,10,40.0,0.0,6,0,-0.24846153846153846
4,379.0,1_0_0,7,45,20,133.0,0.0,7,0,-0.7223239436619718
4,405.0,1_0_0,0,10,10,45.0,2.0,7,1,-0.30346153846153845
4,451.0,1_0_0,5,20,20,111.0,0.0,7,0,-0.6126086956521739
4,487.0,1_0_0,4,10,20,115.0,0.0,7,0,-0.6325
4,513.0,1_0_0,0,10,10,55.0,0.0,7,0,-0.33461538461538465
4,584.0,1_0_0,7,45,20,127.0,0.0,7,0,-0.6914788732394366
4,620.0,1_0_0,1,20,10,47.0,1.0,7,1,-0.30833333333333335
4,691.0,1_0_0,7,45,20,137.0,0.0,7,0,-0.7419014084507042
4,762.0,1_0_0,7,45,20,140.0,0.0,7,0,-0.7573239436619718
4,788.0,1_0_0,0,10,10,55.0,1.0,7,1,-0.34961538461538466
4,834.0,1_0_0,2,30,10,39.0,0.0,6,0,-0.24195652173913043
4,870.0,1_0_0,4,10,20,122.0,0.0,7,0,-0.6691666666666666
4,916.0,1_0_0,2,30,10,46.0,1.0,7,1,-0.30195652173913046
4,987.0,1_0_0,7,45,20,132.0,0.0,7,0,-0.7169014084507042
4,1023.0,1_0_0,4,10,20,130.0,0.0,7,0,-0.7083333333333333
4,1079.0,1_0_0,6,30,20,107.0,0.0,7,0,-0.5916071428571429
4,1135.0,1_0_0,6,30,20,119.0,0.0,7,0,-0.6516071428571428
4,1171.0,1_0_0,1,20,10,48.0,0.0,7,0,-0.2975
4,1227.0,1_0_0,6,30,20,110.0,0.0,7,0,-0.6066071428571429
4,1288.0,1_0_0,3,45,10,73.0,0.0,7,0,-0.42221311475409834
4,1359.0,1_0_0,7,45,20,132.0,0.0,7,0,-0.7169014084507042
4,1395.0,1_0_0,1,20,10,49.0,0.0,7,0,-0.3041666666666667
4,1431.0,1_0_0,1,20,10,43.0,0.0,7,0,-0.27249999999999996
4,1477.0,1_0_0,2,30,10,41.0,0.0,7,0,-0.2619565217391304
4,1513.0,1_0_0,1,20,10,43.0,0.0,7,0,-0.27249999999999996
4,1574.0,1_0_0,3,45,10,62.0,0.0,7,0,-0.36721311475409835
4,1620.0,1_0_0,2,30,10,48.0,0.0,7,0,-0.29695652173913045
4,1666.0,1_0_0,2,30,10,48.0,0.0,7,0,-0.29630434782608694
4,1702.0,1_0_0,4,10,20,120.0,0.0,7,0,-0.6591666666666666
4,1738.0,1_0_0,4,10,20,121.0,0.0,7,0,-0.6633333333333332
4,1774.0,1_0_0,1,20,10,43.0,0.0,7,0,-0.27249999999999996
4,1810.0,1_0_0,1,20,10,41.0,0.0,6,0,-0.2525
4,1881.0,1_0_0,7,45,20,131.0,0.0,7,0,-0.7119014084507042
4,1937.0,1_0_0,6,30,20,109.0,0,7,0,-0.6048214285714285
4,1983.0,1_0_0,2,30,10,49.0,0,7,0,-0.30521739130434783
4,2039.0,1_0_0,6,30,20,117.0,0,7,0,-0.6469642857142857
4,2110.0,1_0_0,7,45,20,131.0,0,7,0,-0.7161267605633803
4,2146.0,1_0_0,4,10,20,117.0,0,7,0,-0.6508333333333333
4,2192.0,1_0_0,5,20,20,114.0,0,7,0,-0.6334782608695652
4,2238.0,1_0_0,2,30,10,47.0,0,7,0,-0.2952173913043478
4,2309.0,1_0_0,7,45,20,135.0,0,7,0,-0.7361267605633803
4,2370.0,1_0_0,3,45,10,65.0,0,7,0,-0.384672131147541
4,2416.0,1_0_0,5,20,20,110.0,0,7,0,-0.6134782608695653
4,2462.0,1_0_0,5,20,20,111.0,0,7,0,-0.6184782608695653
4,2498.0,1_0_0,4,10,20,110.0,0,7,0,-0.6158333333333333
4,2569.0,1_0_0,7,45,20,140.0,0,7,0,-0.7615492957746478
4,2615.0,1_0_0,2,30,10,45.0,0,7,0,-0.2852173913043478
4,2676.0,1_0_0,3,45,10,72.0,0,7,0,-0.419672131147541
4,2702.0,1_0_0,0,10,10,59.0,0,7,0,-0.36038461538461536
4,2748.0,1_0_0,5,20,20,112.0,0,7,0,-0.6234782608695653
4,2804.0,1_0_0,6,30,20,115.0,0,7,0,-0.6369642857142856
4,2830.0,1_0_0,0,10,10,62.0,0,7,0,-0.37538461538461537
4,2866.0,1_0_0,4,10,20,124.0,0,7,0,-0.6866666666666666
4,2912.0,1_0_0,2,30,10,41.0,0,7,0,-0.2652173913043478
4,2948.0,1_0_0,1,20,10,39.0,0,7,0,-0.25666666666666665
4,3004.0,1_0_0,6,30,20,103.0,0,7,0,-0.5769642857142857
4,3050.0,1_0_0,2,30,10,53.0,0,7,0,-0.32521739130434785
4,3086.0,1_0_0,4,10,20,113.0,0,7,0,-0.6308333333333332
4,3132.0,1_0_0,2,30,10,41.0,0,7,0,-0.2652173913043478
4,3158.0,1_0_0,0,10,10,60.0,0,7,0,-0.36538461538461536
4,3219.0,1_0_0,3,45,10,74.0,0,7,0,-0.429672131147541
4,3275.0,1_0_0,6,30,20,114.0,0,7,0,-0.6319642857142856
4,3301.0,1_0_0,0,10,10,54.0,0,7,0,-0.3353846153846154
4,3362.0,1_0_0,3,45,10,77.0,0,7,0,-0.444672131147541
4,3418.0,1_0_0,6,30,20,0,0,0,0,0.008035714285714285
5,71.0,0_0_0,7,45,20,136.0,0.0,7,0,-0.7381690140845071
5,107.0,1_0_0,1,20,10,43.0,1.0,7,1,-0.28750000000000003
5,153.0,1_0_0,2,30,10,46.0,0.0,7,0,-0.2876086956521739
5,189.0,1_0_0,1,20,10,41.0,0.0,6,0,-0.25333333333333335
5,250.0,1_0_0,3,45,10,70.0,0.0,7,0,-0.4072131147540983
5,306.0,1_0_0,6,30,20,116.0,0.0,7,0,-0.637142857142857
5,362.0,1_0_0,6,30,20,114.0,0.0,7,0,-0.6260714285714285
5,423.0,1_0_0,3,45,10,66.0,0.0,7,0,-0.38721311475409836
5,449.0,1_0_0,0,10,10,41.0,0.0,6,0,-0.25461538461538463
5,510.0,1_0_0,3,45,10,69.0,0.0,7,0,-0.4017213114754098
5,556.0,1_0_0,5,20,20,116.0,0.0,7,0,-0.6369565217391303
5,592.0,1_0_0,4,10,20,105.0,0.0,7,0,-0.5825
5,628.0,1_0_0,1,20,10,43.0,0.0,6,0,-0.2616666666666667
5,699.0,1_0_0,7,45,20,138.0,0.0,7,0,-0.7473239436619717
5,725.0,1_0_0,0,10,10,46.0,0.0,7,0,-0.2896153846153846
5,751.0,1_0_0,0,10,10,52.0,2.0,7,1,-0.33961538461538465
5,777.0,1_0_0,0,10,10,54.0,0.0,7,0,-0.32961538461538464
5,838.0,1_0_0,3,45,10,80.0,0.0,7,0,-0.45721311475409837
5,874.0,1_0_0,1,20,10,48.0,0.0,6,0,-0.2875
5,945.0,1_0_0,7,45,20,134.0,0.0,7,0,-0.7269014084507042
5,1016.0,1_0_0,7,45,20,126.0,0.0,7,0,-0.6869014084507041
5,1052.0,1_0_0,1,20,10,42.0,0.0,7,0,-0.26749999999999996
5,1123.0,1_0_0,7,45,20,138.0,0.0,7,0,-0.7469014084507041
5,1184.0,1_0_0,3,45,10,56.0,0.0,7,0,-0.33672131147540985
5,1255.0,1_0_0,7,45,20,137.0,0.0,7,0,-0.7423239436619719
5,1301.0,1_0_0,2,30,10,56.0,0.0,7,0,-0.33760869565217394
5,1337.0,1_0_0,1,20,10,44.0,0.0,7,0,-0.27749999999999997
5,1398.0,1_0_0,3,45,10,73.0,0.0,7,0,-0.42221311475409834
5,1444.0,1_0_0,5,20,20,108.0,0.0,7,0,-0.5969565217391304
5,1490.0,1_0_0,2,30,10,48.0,2.0,7,1,-0.31695652173913047
5,1516.0,1_0_0,0,10,10,57.0,0.0,7,0,-0.3469230769230769
5,1542.0,1_0_0,0,10,10,66.0,1.0,7,1,-0.40461538461538465
5,1598.0,1_0_0,6,30,20,120.0,0.0,7,0,-0.6566071428571428
5,1634.0,1_0_0,1,20,10,45.0,0.0,6,0,-0.2725
5,1695.0,1_0_0,3,45,10,66.0,0.0,7,0,-0.38721311475409836
5,1751.0,1_0_0,6,30,20,107.0,0.0,7,0,-0.5910714285714286
5,1797.0,1_0_0,2,30,10,43.0,0.0,7,0,-0.27195652173913043
5,1823.0,1_0_0,0,10,10,54.0,0.0,7,0,-0.32961538461538464
5,1884.0,1_0_0,3,45,10,55.0,0.0,7,0,-0.33221311475409837
5,1920.0,1_0_0,4,10,20,125.0,0.0,7,0,-0.6825
5,1981.0,1_0_0,3,45,10,69.0,0.0,7,0,-0.4022131147540983
5,2027.0,1_0_0,2,30,10,42.0,2.0,7,1,-0.28760869565217395
5,2083.0,1_0_0,6,30,20,111.0,0.0,7,0,-0.6116071428571429
5,2154.0,1_0_0,7,45,20,123.0,0.0,7,0,-0.6714788732394366
5,2215.0,1_0_0,3,45,10,69.0,0.0,7,0,-0.4022131147540983
5,2251.0,1_0_0,4,10,20,108.0,0,7,0,-0.6041666666666666
5,2277.0,1_0_0,0,10,10,49.0,0,7,0,-0.31038461538461537
5,2323.0,1_0_0,2,30,10,45.0,0,7,0,-0.2852173913043478
5,2359.0,1_0_0,1,20,10,35.0,0,6,0,-0.22666666666666666
5,2415.0,1_0_0,6,30,20,108.0,0,7,0,-0.6019642857142857
5,2461.0,1_0_0,2,30,10,42.0,0,7,0,-0.2702173913043478
5,2507.0,1_0_0,2,30,10,39.0,0,7,0,-0.25521739130434784
5,2553.0,1_0_0,2,30,10,49.0,0,7,0,-0.30521739130434783
5,2589.0,1_0_0,1,20,10,43.0,0,7,0,-0.2766666666666666
5,2660.0,1_0_0,7,45,20,134.0,0,7,0,-0.7311267605633802
5,2696.0,1_0_0,1,20,10,49.0,0,7,0,-0.30666666666666664
5,2742.0,1_0_0,5,20,20,117.0,0,7,0,-0.6484782608695652
5,2778.0,1_0_0,1,20,10,46.0,0,7,0,-0.29166666666666663
5,2824.0,1_0_0,5,20,20,116.0,0,7,0,-0.6434782608695652
5,2850.0,1_0_0,0,10,10,44.0,0,7,0,-0.28423076923076923
5,2896.0,1_0_0,5,20,20,118.0,0,7,0,-0.6541304347826086
5,2967.0,1_0_0,7,45,20,139.0,0,7,0,-0.7561267605633801
5,3038.0,1_0_0,7,45,20,127.0,0,7,0,-0.6961267605633803
5,3084.0,1_0_0,5,20,20,112.0,0,7,0,-0.6234782608695653
5,3140.0,1_0_0,6,30,20,115.0,0,7,0,-0.6375
5,3196.0,1_0_0,6,30,20,78.0,0,4,0,-0.4219642857142858
5,3222.0,0_0_0,0,10,10,0,0,0,0,0.004615384615384616
6,26.0,0_0_0,0,10,10,39.0,0.0,7,0,-0.2569230769230769
6,72.0,1_0_0,2,30,10,47.0,0.0,7,0,-0.29195652173913045
6,133.0,1_0_0,3,45,10,59.0,0.0,7,0,-0.35221311475409833
6,189.0,1_0_0,6,30,20,107.0,0.0,7,0,-0.5921428571428571
6,225.0,1_0_0,1,20,10,45.0,1.0,6,1,-0.2875
6,286.0,1_0_0,3,45,10,64.0,0.0,7,0,-0.3777049180327869
6,332.0,1_0_0,2,30,10,52.0,0.0,7,0,-0.31826086956521743
6,368.0,1_0_0,1,20,10,49.0,0.0,7,0,-0.30333333333333334
6,404.0,1_0_0,4,10,20,131.0,0.0,7,0,-0.7133333333333333
6,430.0,1_0_0,0,10,10,42.0,0.0,7,0,-0.2684615384615384
6,466.0,1_0_0,1,20,10,39.0,0.0,6,0,-0.24333333333333335
6,527.0,1_0_0,3,45,10,68.0,0.0,7,0,-0.39672131147540984
6,588.0,1_0_0,3,45,10,56.0,0.0,7,0,-0.3372131147540984
6,614.0,1_0_0,0,10,10,38.0,0.0,6,0,-0.23846153846153845
6,660.0,1_0_0,2,30,10,44.0,0.0,7,0,-0.2776086956521739
6,686.0,1_0_0,0,10,10,44.0,0.0,7,0,-0.2784615384615384
6,732.0,1_0_0,5,20,20,109.0,0.0,7,0,-0.6019565217391304
6,768.0,1_0_0,1,20,10,47.0,0.0,7,0,-0.2925
6,839.0,1_0_0,7,45,20,130.0,0.0,7,0,-0.7069014084507041
6,875.0,1_0_0,1,20,10,42.0,0.0,7,0,-0.26749999999999996
6,921.0,1_0_0,2,30,10,51.0,2.0,7,1,-0.3319565217391305
6,967.0,1_0_0,5,20,20,104.0,0.0,7,0,-0.5769565217391304
6,993.0,1_0_0,0,10,10,53.0,0.0,7,0,-0.3257692307692308
6,1039.0,1_0_0,2,30,10,45.0,0.0,7,0,-0.28195652173913044
6,1100.0,1_0_0,3,45,10,67.0,2.0,7,1,-0.41221311475409833
6,1126.0,1_0_0,0,10,10,38.0,0.0,7,0,-0.24961538461538463
6,1182.0,1_0_0,6,30,20,130.0,0.0,7,0,-0.7071428571428571
6,1253.0,1_0_0,7,45,20,132.0,0.0,7,0,-0.7169014084507042
6,1299.0,1_0_0,5,20,20,103.0,0.0,7,0,-0.5719565217391304
6,1370.0,1_0_0,7,45,20,133.0,0.0,7,0,-0.7223239436619718
6,1441.0,1_0_0,7,45,20,128.0,0.0,7,0,-0.6964788732394366
6,1487.0,1_0_0,2,30,10,47.0,1.0,7,1,-0.3076086956521739
6,1523.0,1_0_0,1,20,10,42.0,1.0,7,1,-0.28416666666666673
6,1594.0,1_0_0,7,45,20,137.0,0.0,7,0,-0.7419014084507042
6,1640.0,1_0_0,5,20,20,116.0,0.0,7,0,-0.6369565217391303
6,1696.0,1_0_0,6,30,20,112.0,0.0,7,0,-0.6166071428571429
6,1767.0,1_0_0,7,45,20,137.0,0.0,7,0,-0.7419014084507042
6,1823.0,1_0_0,6,30,20,122.0,0.0,7,0,-0.6676785714285713
6,1859.0,1_0_0,4,10,20,120.0,0.0,7,0,-0.6575
6,1905.0,1_0_0,5,20,20,111.0,0.0,7,0,-0.6119565217391304
6,1961.0,1_0_0,6,30,20,123.0,0.0,7,0,-0.6716071428571428
6,2032.0,1_0_0,7,45,20,135.0,0.0,7,0,-0.7319014084507042
6,2058.0,1_0_0,0,10,10,64.0,0,7,0,-0.37961538461538463
6,2129.0,1_0_0,7,45,20,138.0,0,7,0,-0.7507042253521126
6,2175.0,1_0_0,2,30,10,39.0,0,7,0,-0.25521739130434784
6,2211.0,1_0_0,4,10,20,117.0,0,7,0,-0.6508333333333333
6,2247.0,1_0_0,1,20,10,38.0,0,6,0,-0.24166666666666667
6,2293.0,1_0_0,5,20,20,118.0,0,7,0,-0.6534782608695652
6,2349.0,1_0_0,6,30,20,114.0,0,7,0,-0.6319642857142856
6,2395.0,1_0_0,2,30,10,46.0,0,7,0,-0.2902173913043478
6,2441.0,1_0_0,5,20,20,107.0,0,7,0,-0.5984782608695652
6,2477.0,1_0_0,1,20,10,42.0,0,7,0,-0.2716666666666666
6,2538.0,1_0_0,3,45,10,69.0,0,7,0,-0.40467213114754097
6,2564.0,1_0_0,0,10,10,52.0,0,7,0,-0.3253846153846154
6,2600.0,1_0_0,1,20,10,39.0,0,6,0,-0.24666666666666667
6,2661.0,1_0_0,3,45,10,65.0,0,7,0,-0.384672131147541
6,2687.0,1_0_0,0,10,10,63.0,0,7,0,-0.3803846153846154
6,2748.0,1_0_0,3,45,10,63.0,0,7,0,-0.374672131147541
6,2774.0,1_0_0,0,10,10,63.0,0,7,0,-0.3803846153846154
6,2800.0,1_0_0,0,10,10,39.0,0,6,0,-0.24923076923076923
6,2861.0,1_0_0,3,45,10,73.0,0,7,0,-0.424672131147541
6,2897.0,1_0_0,4,10,20,114.0,0,7,0,-0.6358333333333333
6,2943.0,1_0_0,5,20,20,99.0,0,7,0,-0.5584782608695652
6,2979.0,1_0_0,1,20,10,48.0,0,7,0,-0.30166666666666664
6,3050.0,1_0_0,7,45,20,136.0,0,7,0,-0.7415492957746479
6,3096.0,1_0_0,2,30,10,43.0,0,7,0,-0.2752173913043478
6,3122.0,1_0_0,0,10,10,41.0,0,7,0,-0.2692307692307692
6,3178.0,1_0_0,6,30,20,118.0,0,7,0,-0.6519642857142857
6,3239.0,1_0_0,3,45,10,61.0,0,7,0,-0.364672131147541
6,3295.0,1_0_0,6,30,20,0,0,0,0,0.0075
7,61.0,0_0_0,3,45,10,62.0,2.0,7,1,-0.3891803278688525
7,107.0,1_0_0,2,30,10,42.0,0.0,7,0,-0.2669565217391304
7,168.0,1_0_0,3,45,10,69.0,0.0,7,0,-0.40270491803278685
7,194.0,1_0_0,0,10,10,47.0,0.0,7,0,-0.29346153846153844
7,230.0,1_0_0,1,20,10,42.0,0.0,7,0,-0.26749999999999996
7,266.0,1_0_0,4,10,20,133.0,0.0,7,0,-0.7233333333333333
7,312.0,1_0_0,2,30,10,47.0,0.0,7,0,-0.2926086956521739
7,373.0,1_0_0,3,45,10,68.0,2.0,7,1,-0.41770491803278686
7,419.0,1_0_0,5,20,20,122.0,0.0,7,0,-0.6669565217391303
7,445.0,1_0_0,0,10,10,39.0,2.0,6,1,-0.2634615384615384
7,481.0,1_0_0,4,10,20,122.0,0.0,7,0,-0.6691666666666666
7,527.0,1_0_0,5,20,20,111.0,0.0,7,0,-0.6126086956521739
7,583.0,1_0_0,6,30,20,122.0,0.0,7,0,-0.6666071428571428
7,654.0,1_0_0,7,45,20,135.0,0.0,7,0,-0.7319014084507042
7,680.0,1_0_0,0,10,10,53.0,0.0,7,0,-0.32461538461538464
7,706.0,1_0_0,0,10,10,47.0,0.0,7,0,-0.2946153846153846
7,742.0,1_0_0,1,20,10,50.0,0.0,7,0,-0.30833333333333335
7,768.0,1_0_0,0,10,10,46.0,0.0,7,0,-0.2873076923076923
7,829.0,1_0_0,3,45,10,60.0,0.0,7,0,-0.35721311475409834
7,865.0,1_0_0,1,20,10,43.0,0.0,7,0,-0.27249999999999996
7,901.0,1_0_0,4,10,20,114.0,0.0,7,0,-0.6275
7,927.0,1_0_0,0,10,10,44.0,0.0,7,0,-0.2796153846153846
7,963.0,1_0_0,4,10,20,124.0,0.0,7,0,-0.6783333333333332
7,989.0,1_0_0,0,10,10,52.0,0.0,7,0,-0.31846153846153846
7,1060.0,1_0_0,7,45,20,134.0,0.0,7,0,-0.7269014084507042
7,1106.0,1_0_0,2,30,10,41.0,2.0,6,1,-0.27195652173913043
7,1152.0,1_0_0,2,30,10,42.0,0.0,6,0,-0.2576086956521739
7,1188.0,1_0_0,4,10,20,128.0,0.0,7,0,-0.6983333333333333
7,1234.0,1_0_0,2,30,10,37.0,2.0,6,1,-0.25195652173913047
7,1295.0,1_0_0,3,45,10,66.0,0.0,7,0,-0.3877049180327869
7,1351.0,1_0_0,6,30,20,115.0,0.0,7,0,-0.6316071428571428
7,1397.0,1_0_0,2,30,10,42.0,0.0,6,0,-0.2576086956521739
7,1433.0,1_0_0,1,20,10,45.0,1.0,7,1,-0.29666666666666675
7,1469.0,1_0_0,1,20,10,45.0,2.0,7,1,-0.30333333333333334
7,1515.0,1_0_0,5,20,20,109.0,0.0,7,0,-0.6026086956521739
7,1571.0,1_0_0,6,30,20,104.0,0.0,7,0,-0.5766071428571429
7,1617.0,1_0_0,2,30,10,41.0,0.0,6,0,-0.25195652173913047
7,1673.0,1_0_0,6,30,20,119.0,0.0,7,0,-0.6516071428571428
7,1709.0,1_0_0,1,20,10,49.0,0.0,7,0,-0.3025
7,1770.0,1_0_0,3,45,10,62.0,0.0,7,0,-0.36721311475409835
7,1826.0,1_0_0,6,30,20,116.0,0.0,7,0,-0.6366071428571428
7,1872.0,1_0_0,2,30,10,46.0,0.0,7,0,-0.28695652173913044
7,1928.0,1_0_0,6,30,20,107.0,0.0,7,0,-0.5916071428571429
7,1964.0,1_0_0,1,20,10,46.0,0.0,7,0,-0.28833333333333333
7,2035.0,1_0_0,7,45,20,137.0,0.0,7,0,-0.7419014084507042
7,2061.0,1_0_0,0,10,10,66.0,0,7,0,-0.39192307692307693
7,2107.0,1_0_0,5,20,20,128.0,0,7,0,-0.7034782608695652
7,2178.0,1_0_0,7,45,20,132.0,0,7,0,-0.7211267605633802
7,2224.0,1_0_0,5,20,20,113.0,0,7,0,-0.6284782608695652
7,2295.0,1_0_0,7,45,20,137.0,0,7,0,-0.7461267605633803
7,2331.0,1_0_0,4,10,20,130.0,0,7,0,-0.7166666666666667
7,2377.0,1_0_0,2,30,10,40.0,0,6,0,-0.25021739130434784
7,2438.0,1_0_0,3,45,10,61.0,0,7,0,-0.364672131147541
7,2474.0,1_0_0,4,10,20,112.0,0,7,0,-0.6258333333333334
7,2520.0,1_0_0,2,30,10,39.0,0,7,0,-0.25521739130434784
7,2581.0,1_0_0,3,45,10,57.0,0,7,0,-0.34467213114754097
7,2627.0,1_0_0,5,20,20,114.0,0,7,0,-0.6334782608695652
7,2673.0,1_0_0,5,20,20,119.0,0,7,0,-0.6584782608695652
7,2709.0,1_0_0,1,20,10,55.0,0,7,0,-0.33666666666666667
7,2745.0,1_0_0,1,20,10,40.0,0,7,0,-0.26166666666666666
7,2781.0,1_0_0,1,20,10,50.0,0,7,0,-0.31166666666666665
7,2827.0,1_0_0,2,30,10,53.0,0,7,0,-0.32521739130434785
7,2853.0,1_0_0,0,10,10,48.0,0,7,0,-0.30423076923076925
7,2889.0,1_0_0,4,10,20,118.0,0,7,0,-0.6558333333333333
7,2950.0,1_0_0,3,45,10,62.0,0,7,0,-0.369672131147541
7,2986.0,1_0_0,1,20,10,38.0,0,6,0,-0.24166666666666667
7,3042.0,1_0_0,6,30,20,102.0,0,7,0,-0.5719642857142857
7,3068.0,1_0_0,0,10,10,40.0,0,7,0,-0.26423076923076927
7,3124.0,1_0_0,6,30,20,114.0,0,7,0,-0.6319642857142856
7,3160.0,1_0_0,4,10,20,133.0,0,7,0,-0.7316666666666667
7,3206.0,1_0_0,2,30,10,41.0,0,7,0,-0.2652173913043478
7,3262.0,1_0_0,6,30,20,111.0,0,7,0,-0.6169642857142857
7,3323.0,1_0_0,3,45,10,57.0,0,6,0,-0.33467213114754096
7,3349.0,1_0_0,0,10,10,27.0,0,2,0,-0.15038461538461542
7,3405.0,0_0_0,6,30,20,0,0,0,0,0.0010714285714285713
8,36.0,0_0_0,1,20,10,41.0,2.0,7,1,-0.28500000000000003
8,97.0,1_0_0,3,45,10,68.0,0.0,7,0,-0.3977049180327869
8,153.0,1_0_0,6,30,20,113.0,0.0,7,0,-0.6216071428571428
8,189.0,1_0_0,4,10,20,123.0,0.0,7,0,-0.6733333333333332
8,225.0,1_0_0,1,20,10,41.0,2.0,7,1,-0.28250000000000003
8,296.0,1_0_0,7,45,20,127.0,1.0,7,1,-0.7077464788732394
8,342.0,1_0_0,2,30,10,42.0,0.0,7,0,-0.2669565217391304
8,378.0,1_0_0,1,20,10,47.0,0.0,7,0,-0.29333333333333333
8,439.0,1_0_0,3,45,10,64.0,0.0,7,0,-0.3777049180327869
8,495.0,1_0_0,6,30,20,113.0,0.0,7,0,-0.6210714285714285
8,566.0,1_0_0,7,45,20,139.0,0.0,7,0,-0.7523239436619718
8,627.0,1_0_0,3,45,10,62.0,2.0,7,1,-0.38672131147540983
8,653.0,1_0_0,0,10,10,59.0,0.0,7,0,-0.3557692307692308
8,689.0,1_0_0,4,10,20,124.0,0.0,7,0,-0.6783333333333332
8,715.0,1_0_0,0,10,10,40.0,0.0,6,0,-0.24846153846153846
8,786.0,1_0_0,7,45,20,139.0,0.0,7,0,-0.7519014084507041
8,822.0,1_0_0,4,10,20,112.0,0.0,7,0,-0.6175
8,848.0,1_0_0,0,10,10,41.0,0.0,7,0,-0.2623076923076923
8,874.0,1_0_0,0,10,10,65.0,0.0,7,0,-0.38461538461538464
8,935.0,1_0_0,3,45,10,59.0,0.0,7,0,-0.35270491803278686
8,996.0,1_0_0,3,45,10,67.0,0.0,7,0,-0.39172131147540984
8,1022.0,1_0_0,0,10,10,44.0,0.0,7,0,-0.2784615384615384
8,1058.0,1_0_0,1,20,10,52.0,0.0,7,0,-0.3175
8,1084.0,1_0_0,0,10,10,59.0,0.0,7,0,-0.3546153846153846
8,1120.0,1_0_0,4,10,20,133.0,0.0,7,0,-0.7233333333333333
8,1166.0,1_0_0,2,30,10,44.0,0.0,7,0,-0.27695652173913043
8,1192.0,1_0_0,0,10,10,45.0,1.0,7,1,-0.2996153846153847
8,1228.0,1_0_0,1,20,10,36.0,0.0,6,0,-0.22749999999999998
8,1274.0,1_0_0,2,30,10,39.0,0.0,7,0,-0.2526086956521739
8,1335.0,1_0_0,3,45,10,66.0,0.0,7,0,-0.38672131147540983
8,1406.0,1_0_0,7,45,20,135.0,0.0,7,0,-0.7323239436619718
8,1442.0,1_0_0,1,20,10,45.0,0.0,7,0,-0.2825
8,1513.0,1_0_0,7,45,20,142.0,0.0,7,0,-0.7677464788732393
8,1549.0,1_0_0,1,20,10,45.0,0.0,7,0,-0.2816666666666667
8,1575.0,1_0_0,0,10,10,53.0,0.0,7,0,-0.32461538461538464
8,1611.0,1_0_0,1,20,10,35.0,0.0,7,0,-0.23249999999999998
8,1637.0,1_0_0,0,10,10,54.0,0.0,7,0,-0.3307692307692308
8,1708.0,1_0_0,7,45,20,149.0,0.0,7,0,-0.8014788732394366
8,1744.0,1_0_0,4,10,20,104.0,0.0,7,0,-0.5775
8,1790.0,1_0_0,2,30,10,53.0,1.0,7,1,-0.33826086956521745
8,1851.0,1_0_0,3,45,10,59.0,0.0,7,0,-0.35221311475409833
8,1887.0,1_0_0,1,20,10,44.0,1.0,7,1,-0.2933333333333334
8,1948.0,1_0_0,3,45,10,66.0,0.0,7,0,-0.38721311475409836
8,1994.0,1_0_0,2,30,10,41.0,2.0,6,1,-0.2726086956521739
8,2030.0,1_0_0,4,10,20,102.0,0.0,7,0,-0.5666666666666667
8,2086.0,1_0_0,6,30,20,114.0,0.0,7,0,-0.6260714285714285
8,2142.0,1_0_0,6,30,20,110.0,0,7,0,-0.6103571428571428
8,2178.0,1_0_0,1,20,10,41.0,0,7,0,-0.2666666666666666
8,2224.0,1_0_0,2,30,10,47.0,0,7,0,-0.2952173913043478
8,2250.0,1_0_0,0,10,10,55.0,0,7,0,-0.3403846153846154
8,2296.0,1_0_0,2,30,10,42.0,0,7,0,-0.2702173913043478
8,2322.0,1_0_0,0,10,10,62.0,0,7,0,-0.37538461538461537
8,2348.0,1_0_0,0,10,10,45.0,0,7,0,-0.28923076923076924
8,2384.0,1_0_0,4,10,20,122.0,0,7,0,-0.6766666666666666
8,2430.0,1_0_0,2,30,10,40.0,0,7,0,-0.26021739130434784
8,2491.0,1_0_0,3,45,10,66.0,0,7,0,-0.389672131147541
8,2537.0,1_0_0,5,20,20,115.0,0,7,0,-0.6384782608695652
8,2593.0,1_0_0,6,30,20,106.0,0,7,0,-0.5919642857142857
8,2629.0,1_0_0,4,10,20,109.0,0,7,0,-0.6108333333333333
8,2665.0,1_0_0,1,20,10,50.0,0,7,0,-0.31166666666666665
8,2691.0,1_0_0,0,10,10,47.0,0,7,0,-0.29923076923076924
8,2752.0,1_0_0,3,45,10,63.0,0,7,0,-0.374672131147541
8,2798.0,1_0_0,2,30,10,45.0,0,7,0,-0.2852173913043478
8,2824.0,1_0_0,0,10,10,58.0,0,7,0,-0.35538461538461535
8,2870.0,1_0_0,2,30,10,43.0,0,7,0,-0.2752173913043478
8,2931.0,1_0_0,3,45,10,56.0,0,7,0,-0.339672131147541
8,2987.0,1_0_0,6,30,20,113.0,0,7,0,-0.6269642857142856
8,3033.0,1_0_0,5,20,20,107.0,0,7,0,-0.5984782608695652
8,3059.0,1_0_0,0,10,10,61.0,0,7,0,-0.37038461538461537
8,3095.0,1_0_0,1,20,10,44.0,0,6,0,-0.27166666666666667
8,3131.0,1_0_0,1,20,10,42.0,0,7,0,-0.2716666666666666
8,3187.0,1_0_0,6,30,20,108.0,0,7,0,-0.6019642857142857
8,3223.0,1_0_0,4,10,20,128.0,0,7,0,-0.7066666666666667
8,3269.0,1_0_0,2,30,10,48.0,0,7,0,-0.3002173913043478
8,3305.0,1_0_0,4,10,20,129.0,0,7,0,-0.7116666666666667
8,3376.0,1_0_0,7,45,20,0,0,0,0,0.007183098591549295
9,46.0,0_0_0,5,20,20,119.0,0.0,7,0,-0.6545652173913042
9,82.0,1_0_0,4,10,20,116.0,0.0,7,0,-0.6375
9,118.0,1_0_0,1,20,10,43.0,0.0,7,0,-0.2733333333333333
9,179.0,1_0_0,3,45,10,68.0,2.0,7,1,-0.4167213114754098
9,250.0,1_0_0,7,45,20,138.0,0.0,7,0,-0.7477464788732393
9,296.0,1_0_0,2,30,10,42.0,1.0,7,1,-0.281304347826087
9,352.0,1_0_0,6,30,20,113.0,0.0,7,0,-0.622142857142857
9,378.0,1_0_0,0,10,10,42.0,0.0,7,0,-0.2684615384615384
9,439.0,1_0_0,3,45,10,66.0,0.0,7,0,-0.38721311475409836
9,495.0,1_0_0,6,30,20,120.0,0.0,7,0,-0.657142857142857
9,566.0,1_0_0,7,45,20,127.0,0.0,7,0,-0.6919014084507041
9,592.0,1_0_0,0,10,10,43.0,0.0,7,0,-0.2734615384615384
9,628.0,1_0_0,1,20,10,38.0,0.0,6,0,-0.23833333333333334
9,684.0,1_0_0,6,30,20,114.0,0.0,7,0,-0.6266071428571428
9,720.0,1_0_0,4,10,20,106.0,0.0,7,0,-0.5875
9,756.0,1_0_0,1,20,10,38.0,0.0,7,0,-0.24666666666666667
9,782.0,1_0_0,0,10,10,41.0,0.0,7,0,-0.2634615384615384
9,828.0,1_0_0,2,30,10,40.0,0.0,6,0,-0.24630434782608696
9,864.0,1_0_0,1,20,10,48.0,0.0,7,0,-0.2975
9,900.0,1_0_0,4,10,20,104.0,0.0,7,0,-0.5775
9,946.0,1_0_0,2,30,10,47.0,0.0,7,0,-0.29195652173913045
9,992.0,1_0_0,2,30,10,41.0,0.0,7,0,-0.2619565217391304
9,1018.0,1_0_0,0,10,10,46.0,0.0,7,0,-0.28846153846153844
9,1044.0,1_0_0,0,10,10,45.0,0.0,7,0,-0.28346153846153843
9,1100.0,1_0_0,6,30,20,110.0,0.0,7,0,-0.6066071428571429
9,1146.0,1_0_0,2,30,10,41.0,0.0,7,0,-0.2619565217391304
9,1182.0,1_0_0,4,10,20,130.0,0.0,7,0,-0.7083333333333333
9,1208.0,1_0_0,0,10,10,36.0,0.0,7,0,-0.23846153846153845
9,1244.0,1_0_0,1,20,10,44.0,0.0,7,0,-0.27749999999999997
9,1290.0,1_0_0,5,20,20,113.0,0.0,7,0,-0.6226086956521738
9,1326.0,1_0_0,4,10,20,118.0,0.0,7,0,-0.6475
9,1352.0,1_0_0,0,10,10,55.0,0.0,7,0,-0.33461538461538465
9,1388.0,1_0_0,4,10,20,125.0,0.0,7,0,-0.6841666666666666
9,1434.0,1_0_0,2,30,10,55.0,0.0,7,0,-0.33260869565217394
9,1480.0,1_0_0,5,20,20,112.0,0.0,7,0,-0.6169565217391304
9,1551.0,1_0_0,7,45,20,131.0,0.0,7,0,-0.7119014084507042
9,1607.0,1_0_0,6,30,20,114.0,0.0,7,0,-0.6266071428571428
9,1643.0,1_0_0,1,20,10,43.0,0.0,7,0,-0.27249999999999996
9,1714.0,1_0_0,7,45,20,132.0,0.0,7,0,-0.7169014084507042
9,1760.0,1_0_0,5,20,20,112.0,0.0,7,0,-0.6169565217391304
9,1796.0,1_0_0,1,20,10,41.0,0.0,6,0,-0.2525
9,1842.0,1_0_0,5,20,20,111.0,0,7,0,-0.6139130434782609
9,1913.0,1_0_0,7,45,20,133.0,0,7,0,-0.7261267605633803
9,1949.0,1_0_0,1,20,10,44.0,0,7,0,-0.2816666666666666
9,2005.0,1_0_0,6,30,20,113.0,0,7,0,-0.6269642857142856
9,2051.0,1_0_0,2,30,10,41.0,0,6,0,-0.25521739130434784
9,2122.0,1_0_0,7,45,20,133.0,0,7,0,-0.7261267605633803
9,2168.0,1_0_0,2,30,10,36.0,0,7,0,-0.23956521739130435
9,2204.0,1_0_0,1,20,10,45.0,0,7,0,-0.2866666666666666
9,2250.0,1_0_0,5,20,20,114.0,0,7,0,-0.6334782608695652
9,2311.0,1_0_0,3,45,10,64.0,0,7,0,-0.379672131147541
9,2382.0,1_0_0,7,45,20,130.0,0,7,0,-0.7111267605633802
9,2443.0,1_0_0,3,45,10,69.0,0,7,0,-0.4051639344262295
9,2499.0,1_0_0,6,30,20,116.0,0,7,0,-0.6419642857142857
9,2545.0,1_0_0,2,30,10,35.0,0,6,0,-0.2252173913043478
9,2571.0,1_0_0,0,10,10,40.0,0,6,0,-0.25423076923076926
9,2607.0,1_0_0,4,10,20,117.0,0,7,0,-0.6508333333333333
9,2653.0,1_0_0,2,30,10,33.0,0,6,0,-0.21456521739130435
9,2714.0,1_0_0,3,45,10,57.0,0,7,0,-0.34418032786885244
9,2750.0,1_0_0,1,20,10,40.0,0,7,0,-0.26166666666666666
9,2821.0,1_0_0,7,45,20,146.0,0,7,0,-0.7915492957746478
9,2847.0,1_0_0,0,10,10,48.0,0,7,0,-0.30423076923076925
9,2893.0,1_0_0,5,20,20,110.0,0,7,0,-0.6134782608695653
9,2939.0,1_0_0,5,20,20,120.0,0,7,0,-0.6634782608695652
9,2965.0,1_0_0,0,10,10,59.0,0,7,0,-0.36038461538461536
9,3026.0,1_0_0,3,45,10,63.0,0,7,0,-0.374672131147541
9,3072.0,1_0_0,2,30,10,44.0,0,7,0,-0.28086956521739126
9,3128.0,1_0_0,6,30,20,124.0,0,7,0,-0.6819642857142857
9,3164.0,1_0_0,4,10,20,123.0,0,7,0,-0.6816666666666666
9,3200.0,1_0_0,1,20,10,42.0,0,7,0,-0.2716666666666666
9,3236.0,1_0_0,1,20,10,50.0,0,7,0,-0.31166666666666665
9,3307.0,1_0_0,7,45,20,131.0,0,7,0,-0.7161267605633803
9,3363.0,1_0_0,6,30,20,43.0,0,2,0,-0.2269642857142857
9,3424.0,0_0_0,3,45,10,0,0,0,0,0.0009836065573770492
10,71.0,0_0_0,7,45,20,135.0,0.0,7,0,-0.7331690140845071
10,127.0,1_0_0,6,30,20,115.0,0.0,7,0,-0.6316071428571428
10,173.0,1_0_0,2,30,10,41.0,0.0,7,0,-0.2619565217391304
10,209.0,1_0_0,4,10,20,120.0,0.0,7,0,-0.6583333333333332
10,270.0,1_0_0,3,45,10,67.0,0.0,7,0,-0.39221311475409837
10,316.0,1_0_0,5,20,20,115.0,0.0,7,0,-0.6319565217391303
10,342.0,1_0_0,0,10,10,55.0,0.0,7,0,-0.3357692307692308
10,378.0,1_0_0,1,20,10,46.0,0.0,7,0,-0.28833333333333333
10,424.0,1_0_0,5,20,20,115.0,0.0,7,0,-0.6313043478260869
10,460.0,1_0_0,4,10,20,118.0,0.0,7,0,-0.6475
10,496.0,1_0_0,4,10,20,119.0,0.0,7,0,-0.6525
10,557.0,1_0_0,3,45,10,67.0,0.0,7,0,-0.3927049180327869
10,603.0,1_0_0,2,30,10,48.0,1.0,7,1,-0.3126086956521739
10,639.0,1_0_0,1,20,10,36.0,2.0,6,1,-0.24833333333333335
10,685.0,1_0_0,5,20,20,129.0,0.0,7,0,-0.7019565217391304
10,731.0,1_0_0,5,20,20,109.0,0.0,7,0,-0.601304347826087
10,777.0,1_0_0,2,30,10,50.0,0.0,7,0,-0.3076086956521739
10,803.0,1_0_0,0,10,10,47.0,0.0,7,0,-0.29346153846153844
10,859.0,1_0_0,6,30,20,106.0,0.0,7,0,-0.5866071428571429
10,895.0,1_0_0,4,10,20,126.0,0.0,7,0,-0.6883333333333332
10,931.0,1_0_0,4,10,20,117.0,0.0,7,0,-0.6425
10,977.0,1_0_0,2,30,10,48.0,0.0,7,0,-0.29695652173913045
10,1013.0,1_0_0,1,20,10,40.0,0.0,6,0,-0.24833333333333335
10,1039.0,1_0_0,0,10,10,63.0,0.0,7,0,-0.37461538461538463
10,1075.0,1_0_0,4,10,20,110.0,0.0,7,0,-0.6075
10,1131.0,1_0_0,6,30,20,113.0,0.0,7,0,-0.6216071428571428
10,1192.0,1_0_0,3,45,10,64.0,0.0,7,0,-0.37721311475409836
10,1228.0,1_0_0,1,20,10,44.0,0.0,7,0,-0.27749999999999997
10,1299.0,1_0_0,7,45,20,139.0,0.0,7,0,-0.7519014084507041
10,1355.0,1_0_0,6,30,20,108.0,0.0,7,0,-0.5966071428571429
10,1381.0,1_0_0,0,10,10,51.0,0.0,7,0,-0.31461538461538463
10,1442.0,1_0_0,3,45,10,66.0,2.0,7,1,-0.40819672131147544
10,1488.0,1_0_0,2,30,10,43.0,0.0,7,0,-0.2726086956521739
10,1514.0,1_0_0,0,10,10,45.0,2.0,7,1,-0.30230769230769233
10,1550.0,1_0_0,1,20,10,43.0,0.0,7,0,-0.2733333333333333
10,1596.0,1_0_0,2,30,10,36.0,0.0,6,0,-0.22695652173913042
10,1632.0,1_0_0,1,20,10,41.0,2.0,7,1,-0.28250000000000003
10,1668.0,1_0_0,1,20,10,52.0,0.0,7,0,-0.31833333333333336
10,1729.0,1_0_0,3,45,10,63.0,0.0,7,0,-0.37221311475409835
10,1775.0,1_0_0,2,30,10,45.0,0.0,7,0,-0.28195652173913044
10,1831.0,1_0_0,6,30,20,116.0,0.0,7,0,-0.6366071428571428
10,1857.0,1_0_0,0,10,10,41.0,1.0,7,1,-0.27961538461538465
10,1913.0,1_0_0,6,30,20,113.0,0.0,7,0,-0.6216071428571428
10,1949.0,1_0_0,4,10,20,121.0,0,7,0,-0.6666666666666666
10,1995.0,1_0_0,2,30,10,53.0,0,7,0,-0.32521739130434785
10,2056.0,1_0_0,3,45,10,71.0,0,7,0,-0.414672131147541
10,2112.0,1_0_0,6,30,20,110.0,0,7,0,-0.6119642857142857
10,2138.0,1_0_0,0,10,10,56.0,0,7,0,-0.3453846153846154
10,2199.0,1_0_0,3,45,10,57.0,0,7,0,-0.34418032786885244
10,2245.0,1_0_0,5,20,20,106.0,0,7,0,-0.5934782608695652
10,2281.0,1_0_0,1,20,10,40.0,0,7,0,-0.26166666666666666
10,2352.0,1_0_0,7,45,20,140.0,0,7,0,-0.7611267605633802
10,2388.0,1_0_0,1,20,10,38.0,0,7,0,-0.25166666666666665
10,2434.0,1_0_0,2,30,10,47.0,0,7,0,-0.2952173913043478
10,2495.0,1_0_0,3,45,10,67.0,0,7,0,-0.394672131147541
10,2521.0,1_0_0,0,10,10,42.0,0,7,0,-0.2742307692307692
10,2547.0,1_0_0,0,10,10,40.0,0,7,0,-0.26423076923076927
10,2593.0,1_0_0,2,30,10,39.0,0,7,0,-0.25521739130434784
10,2649.0,1_0_0,6,30,20,109.0,0,7,0,-0.6069642857142857
10,2685.0,1_0_0,4,10,20,117.0,0,7,0,-0.6508333333333333
10,2756.0,1_0_0,7,45,20,135.0,0,7,0,-0.7361267605633803
10,2792.0,1_0_0,1,20,10,56.0,0,7,0,-0.3425
10,2838.0,1_0_0,5,20,20,131.0,0,7,0,-0.7184782608695652
10,2874.0,1_0_0,1,20,10,44.0,0,7,0,-0.2816666666666666
10,2920.0,1_0_0,2,30,10,54.0,0,7,0,-0.3308695652173913
10,2991.0,1_0_0,7,45,20,129.0,0,7,0,-0.7057042253521126
10,3047.0,1_0_0,6,30,20,124.0,0,7,0,-0.6825
10,3108.0,1_0_0,3,45,10,65.0,0,7,0,-0.384672131147541
10,3134.0,1_0_0,0,10,10,49.0,0,7,0,-0.30923076923076925
10,3180.0,1_0_0,2,30,10,55.0,0,7,0,-0.3358695652173913
10,3206.0,1_0_0,0,10,10,39.0,0,6,0,-0.24923076923076923
10,3252.0,1_0_0,5,20,20,110.0,0,7,0,-0.6134782608695653
10,3278.0,1_0_0,0,10,10,60.0,0,7,0,-0.36538461538461536
10,3314.0,1_0_0,1,20,10,43.0,0,6,0,-0.26666666666666666
10,3350.0,1_0_0,1,20,10,32.0,0,3,0,-0.18166666666666667
10,3406.0,0_0_0,6,30,20,0,0,0,0,0.0016071428571428571
11,56.0,0_0_0,6,30,20,109.0,0.0,7,0,-0.6048214285714285
11,117.0,1_0_0,3,45,10,68.0,1.0,7,1,-0.41270491803278686
11,143.0,1_0_0,0,10,10,56.0,0.0,7,0,-0.33961538461538465
11,189.0,1_0_0,2,30,10,51.0,0.0,7,0,-0.31195652173913047
11,260.0,1_0_0,7,45,20,133.0,0.0,7,0,-0.7219014084507042
11,286.0,1_0_0,0,10,10,56.0,1.0,7,1,-0.3546153846153846
11,342.0,1_0_0,6,30,20,117.0,1.0,7,1,-0.657142857142857
11,378.0,1_0_0,1,20,10,42.0,0.0,7,0,-0.2683333333333333
11,434.0,1_0_0,6,30,20,125.0,0.0,7,0,-0.682142857142857
11,505.0,1_0_0,7,45,20,132.0,0.0,7,0,-0.7169014084507042
11,541.0,1_0_0,1,20,10,40.0,0.0,7,0,-0.25833333333333336
11,577.0,1_0_0,1,20,10,34.0,2.0,6,1,-0.2375
11,638.0,1_0_0,3,45,10,61.0,0.0,7,0,-0.36221311475409834
11,674.0,1_0_0,1,20,10,45.0,0.0,7,0,-0.2833333333333333
11,735.0,1_0_0,3,45,10,68.0,0.0,7,0,-0.3977049180327869
11,771.0,1_0_0,1,20,10,54.0,0.0,7,0,-0.32833333333333337
11,807.0,1_0_0,1,20,10,37.0,0.0,6,0,-0.23249999999999998
11,853.0,1_0_0,5,20,20,115.0,0.0,7,0,-0.6313043478260869
11,889.0,1_0_0,1,20,10,42.0,0.0,7,0,-0.2683333333333333
11,925.0,1_0_0,1,20,10,46.0,0.0,7,0,-0.2875
11,971.0,1_0_0,2,30,10,45.0,0.0,7,0,-0.28195652173913044
11,997.0,1_0_0,0,10,10,65.0,0.0,7,0,-0.38461538461538464
11,1043.0,1_0_0,2,30,10,42.0,0.0,7,0,-0.2669565217391304
11,1099.0,1_0_0,6,30,20,113.0,0.0,7,0,-0.6216071428571428
11,1135.0,1_0_0,1,20,10,45.0,2.0,7,1,-0.30333333333333334
11,1191.0,1_0_0,6,30,20,123.0,0.0,7,0,-0.672142857142857
11,1252.0,1_0_0,3,45,10,62.0,2.0,7,1,-0.38721311475409836
11,1313.0,1_0_0,3,45,10,66.0,0.0,7,0,-0.3881967213114754
11,1359.0,1_0_0,2,30,10,36.0,0.0,7,0,-0.23695652173913043
11,1415.0,1_0_0,6,30,20,107.0,0.0,7,0,-0.5910714285714286
11,1486.0,1_0_0,7,45,20,139.0,0.0,7,0,-0.7519014084507041
11,1557.0,1_0_0,7,45,20,130.0,0.0,7,0,-0.7069014084507041
11,1603.0,1_0_0,2,30,10,36.0,0.0,6,0,-0.22695652173913042
11,1639.0,1_0_0,1,20,10,41.0,0.0,6,0,-0.25333333333333335
11,1695.0,1_0_0,6,30,20,114.0,0.0,7,0,-0.6266071428571428
11,1721.0,1_0_0,0,10,10,45.0,0.0,7,0,-0.28346153846153843
11,1767.0,1_0_0,5,20,20,122.0,0.0,7,0,-0.6669565217391303
11,1803.0,1_0_0,1,20,10,36.0,0.0,6,0,-0.22583333333333333
11,1849.0,1_0_0,2,30,10,41.0,0.0,7,0,-0.2619565217391304
11,1905.0,1_0_0,6,30,20,117.0,0.0,7,0,-0.642142857142857
11,1966.0,1_0_0,3,45,10,59.0,0.0,7,0,-0.35221311475409833
11,2012.0,1_0_0,5,20,20,120.0,0.0,7,0,-0.6569565217391303
11,2058.0,1_0_0,5,20,20,106.0,0.0,7,0,-0.5869565217391304
11,2119.0,1_0_0,3,45,10,66.0,0.0,7,0,-0.38721311475409836
11,2155.0,1_0_0,1,20,10,43.0,1.0,7,1,-0.28750000000000003
11,2201.0,1_0_0,5,20,20,124.0,0,7,0,-0.6789130434782609
11,2237.0,1_0_0,1,20,10,49.0,0,7,0,-0.30666666666666664
11,2293.0,1_0_0,6,30,20,110.0,0,7,0,-0.6119642857142857
11,2319.0,1_0_0,0,10,10,43.0,0,7,0,-0.2792307692307692
11,2380.0,1_0_0,3,45,10,61.0,0,7,0,-0.364672131147541
11,2441.0,1_0_0,3,45,10,70.0,0,7,0,-0.409672131147541
11,2487.0,1_0_0,2,30,10,41.0,0,7,0,-0.2652173913043478
11,2523.0,1_0_0,4,10,20,122.0,0,7,0,-0.6766666666666666
11,2594.0,1_0_0,7,45,20,147.0,0,7,0,-0.7961267605633802
11,2640.0,1_0_0,2,30,10,49.0,0,7,0,-0.3058695652173913
11,2676.0,1_0_0,4,10,20,124.0,0,7,0,-0.6866666666666666
11,2747.0,1_0_0,7,45,20,126.0,0,7,0,-0.6911267605633802
11,2793.0,1_0_0,2,30,10,50.0,0,7,0,-0.31021739130434783
11,2829.0,1_0_0,1,20,10,39.0,0,7,0,-0.25666666666666665
11,2865.0,1_0_0,1,20,10,36.0,0,6,0,-0.23166666666666666
11,2936.0,1_0_0,7,45,20,140.0,0,7,0,-0.7615492957746478
11,2992.0,1_0_0,6,30,20,113.0,0,7,0,-0.6269642857142856
11,3038.0,1_0_0,5,20,20,111.0,0,7,0,-0.6184782608695653
11,3074.0,1_0_0,4,10,20,132.0,0,7,0,-0.7266666666666667
11,3135.0,1_0_0,3,45,10,66.0,0,7,0,-0.389672131147541
11,3161.0,1_0_0,0,10,10,46.0,0,7,0,-0.29423076923076924
11,3232.0,1_0_0,7,45,20,0,0,0,0,0.0067605633802816905
12,36.0,0_0_0,4,10,20,112.0,0.0,7,0,-0.6208333333333333
12,107.0,1_0_0,7,45,20,137.0,0.0,7,0,-0.7423239436619719
12,143.0,1_0_0,1,20,10,58.0,0.0,7,0,-0.34833333333333333
12,189.0,1_0_0,5,20,20,116.0,0.0,7,0,-0.6369565217391303
12,215.0,1_0_0,0,10,10,49.0,0.0,7,0,-0.30346153846153845
12,251.0,1_0_0,4,10,20,116.0,0.0,7,0,-0.6375
12,312.0,1_0_0,3,45,10,58.0,0.0,7,0,-0.34721311475409833
12,348.0,1_0_0,4,10,20,121.0,0.0,7,0,-0.6633333333333332
12,384.0,1_0_0,4,10,20,129.0,0.0,7,0,-0.7041666666666666
12,430.0,1_0_0,2,30,10,44.0,2.0,7,1,-0.296304347826087
12,476.0,1_0_0,5,20,20,109.0,0.0,7,0,-0.6026086956521739
12,537.0,1_0_0,3,45,10,67.0,0.0,7,0,-0.39221311475409837
12,593.0,1_0_0,6,30,20,115.0,0.0,7,0,-0.6316071428571428
12,629.0,1_0_0,1,20,10,45.0,0.0,7,0,-0.2825
12,665.0,1_0_0,1,20,10,48.0,0.0,6,0,-0.2875
12,736.0,1_0_0,7,45,20,135.0,0.0,7,0,-0.7319014084507042
12,782.0,1_0_0,5,20,20,116.0,0.0,7,0,-0.6369565217391303
12,808.0,1_0_0,0,10,10,49.0,0.0,7,0,-0.3046153846153846
12,844.0,1_0_0,4,10,20,109.0,0.0,7,0,-0.6025
12,890.0,1_0_0,2,30,10,41.0,0.0,7,0,-0.2619565217391304
12,926.0,1_0_0,4,10,20,133.0,0.0,7,0,-0.7233333333333333
12,962.0,1_0_0,1,20,10,45.0,0.0,6,0,-0.2733333333333334
12,988.0,1_0_0,0,10,10,55.0,1.0,7,1,-0.3484615384615385
12,1034.0,1_0_0,2,30,10,50.0,0.0,7,0,-0.3076086956521739
12,1070.0,1_0_0,1,20,10,40.0,0.0,7,0,-0.2575
12,1116.0,1_0_0,5,20,20,118.0,0.0,7,0,-0.6469565217391303
12,1172.0,1_0_0,6,30,20,117.0,0.0,7,0,-0.6416071428571428
12,1198.0,1_0_0,0,10,10,42.0,0.0,7,0,-0.2684615384615384
12,1259.0,1_0_0,3,45,10,65.0,2.0,7,1,-0.4027049180327869
12,1295.0,1_0_0,4,10,20,116.0,0.0,7,0,-0.6375
12,1341.0,1_0_0,2,30,10,45.0,0.0,7,0,-0.2826086956521739
12,1412.0,1_0_0,7,45,20,133.0,0.0,7,0,-0.7214788732394366
12,1448.0,1_0_0,1,20,10,46.0,0.0,7,0,-0.2875
12,1494.0,1_0_0,2,30,10,47.0,0.0,7,0,-0.2926086956521739
12,1540.0,1_0_0,5,20,20,116.0,0.0,7,0,-0.6369565217391303
12,1576.0,1_0_0,1,20,10,45.0,0.0,7,0,-0.2825
12,1612.0,1_0_0,1,20,10,45.0,0.0,7,0,-0.2833333333333333
12,1648.0,1_0_0,4,10,20,132.0,0.0,7,0,-0.7183333333333333
12,1684.0,1_0_0,1,20,10,40.0,0.0,7,0,-0.2575
12,1720.0,1_0_0,1,20,10,46.0,1.0,7,1,-0.30333333333333334
12,1766.0,1_0_0,2,30,10,29.0,0.0,6,0,-0.19195652173913041
12,1812.0,1_0_0,5,20,20,117.0,0.0,7,0,-0.6419565217391303
12,1858.0,1_0_0,5,20,20,106.0,0,7,0,-0.5908695652173913
12,1894.0,1_0_0,4,10,20,111.0,0,7,0,-0.6208333333333333
12,1920.0,1_0_0,0,10,10,43.0,0,7,0,-0.2792307692307692
12,1946.0,1_0_0,0,10,10,64.0,0,7,0,-0.3853846153846154
12,2007.0,1_0_0,3,45,10,69.0,0,7,0,-0.4051639344262295
12,2053.0,1_0_0,2,30,10,48.0,0,7,0,-0.3002173913043478
12,2079.0,1_0_0,0,10,10,60.0,0,7,0,-0.36538461538461536
12,2115.0,1_0_0,1,20,10,50.0,0,7,0,-0.31166666666666665
12,2171.0,1_0_0,6,30,20,122.0,0,7,0,-0.6719642857142857
12,2217.0,1_0_0,2,30,10,52.0,0,7,0,-0.32021739130434784
12,2288.0,1_0_0,7,45,20,128.0,0,7,0,-0.7007042253521126
12,2314.0,1_0_0,0,10,10,42.0,0,7,0,-0.2742307692307692
12,2360.0,1_0_0,2,30,10,58.0,0,7,0,-0.3502173913043478
12,2431.0,1_0_0,7,45,20,126.0,0,7,0,-0.6911267605633802
12,2477.0,1_0_0,2,30,10,35.0,0,5,0,-0.2152173913043478
12,2503.0,1_0_0,0,10,10,42.0,0,7,0,-0.2742307692307692
12,2549.0,1_0_0,2,30,10,45.0,0,7,0,-0.2852173913043478
12,2595.0,1_0_0,5,20,20,112.0,0,7,0,-0.6234782608695653
12,2651.0,1_0_0,6,30,20,118.0,0,7,0,-0.6519642857142857
12,2722.0,1_0_0,7,45,20,140.0,0,7,0,-0.7611267605633802
12,2758.0,1_0_0,4,10,20,127.0,0,7,0,-0.7016666666666667
12,2794.0,1_0_0,4,10,20,109.0,0,7,0,-0.6108333333333333
12,2820.0,1_0_0,0,10,10,53.0,0,7,0,-0.3303846153846154
12,2856.0,1_0_0,1,20,10,39.0,0,7,0,-0.25666666666666665
12,2917.0,1_0_0,3,45,10,73.0,0,7,0,-0.4251639344262295
12,2953.0,1_0_0,1,20,10,39.0,0,7,0,-0.25666666666666665
12,3014.0,1_0_0,3,45,10,66.0,0,7,0,-0.389672131147541
12,3070.0,1_0_0,6,30,20,112.0,0,7,0,-0.6219642857142857
12,3106.0,1_0_0,4,10,20,115.0,0,7,0,-0.6416666666666666
12,3132.0,1_0_0,0,10,10,39.0,0,7,0,-0.25923076923076926
12,3168.0,1_0_0,4,10,20,119.0,0,7,0,-0.6608333333333333
12,3239.0,1_0_0,7,45,20,146.0,0,7,0,-0.7915492957746478
12,3285.0,1_0_0,5,20,20,119.0,0,7,0,-0.6584782608695652
12,3346.0,1_0_0,3,45,10,69.0,0,7,0,-0.40467213114754097
12,3407.0,1_0_0,3,45,10,52.0,0,7,0,-0.319672131147541
12,3443.0,1_0_0,1,20,10,50.0,0,7,0,-0.31166666666666665
12,3489.0,1_0_0,2,30,10,0,0,0,0,0.007173913043478261
13,56.0,0_0_0,6,30,20,118.0,0.0,7,0,-0.6482142857142856
13,102.0,1_0_0,2,30,10,43.0,0.0,7,0,-0.27195652173913043
13,148.0,1_0_0,2,30,10,34.0,0.0,6,0,-0.21760869565217392
13,194.0,1_0_0,2,30,10,41.0,1.0,7,1,-0.27760869565217394
13,265.0,1_0_0,7,45,20,136.0,0.0,7,0,-0.7369014084507042
13,336.0,1_0_0,7,45,20,130.0,0.0,7,0,-0.7064788732394366
13,382.0,1_0_0,2,30,10,41.0,0.0,7,0,-0.2619565217391304
13,428.0,1_0_0,2,30,10,37.0,2.0,7,1,-0.2619565217391305
13,499.0,1_0_0,7,45,20,133.0,2.0,7,1,-0.7427464788732395
13,535.0,1_0_0,1,20,10,41.0,0.0,7,0,-0.2633333333333333
13,561.0,1_0_0,0,10,10,42.0,0.0,7,0,-0.2684615384615384
13,607.0,1_0_0,2,30,10,49.0,0.0,7,0,-0.30195652173913046
13,653.0,1_0_0,2,30,10,44.0,0.0,7,0,-0.27695652173913043
13,699.0,1_0_0,2,30,10,44.0,0.0,7,0,-0.27695652173913043
13,745.0,1_0_0,2,30,10,40.0,0.0,7,0,-0.2569565217391305
13,791.0,1_0_0,2,30,10,46.0,0.0,7,0,-0.28630434782608694
13,837.0,1_0_0,2,30,10,36.0,0.0,7,0,-0.23695652173913043
13,883.0,1_0_0,5,20,20,115.0,0.0,7,0,-0.6319565217391303
13,919.0,1_0_0,1,20,10,43.0,0.0,7,0,-0.27249999999999996
13,965.0,1_0_0,2,30,10,46.0,0.0,7,0,-0.28695652173913044
13,1011.0,1_0_0,5,20,20,105.0,0.0,7,0,-0.5819565217391304
13,1082.0,1_0_0,7,45,20,135.0,0.0,7,0,-0.7319014084507042
13,1128.0,1_0_0,5,20,20,112.0,0.0,7,0,-0.6169565217391304
13,1164.0,1_0_0,4,10,20,117.0,0.0,7,0,-0.6416666666666666
13,1210.0,1_0_0,5,20,20,109.0,0.0,7,0,-0.6019565217391304
13,1256.0,1_0_0,2,30,10,46.0,2.0,6,1,-0.29695652173913045
13,1302.0,1_0_0,2,30,10,35.0,0.0,6,0,-0.2226086956521739
13,1348.0,1_0_0,2,30,10,51.0,0.0,7,0,-0.31195652173913047
13,1374.0,1_0_0,0,10,10,46.0,0.0,7,0,-0.28846153846153844
13,1435.0,1_0_0,3,45,10,63.0,0.0,7,0,-0.37221311475409835
13,1481.0,1_0_0,2,30,10,42.0,0.0,6,0,-0.2569565217391305
13,1517.0,1_0_0,1,20,10,41.0,0.0,6,0,-0.2525
13,1588.0,1_0_0,7,45,20,138.0,0.0,7,0,-0.7469014084507041
13,1634.0,1_0_0,5,20,20,115.0,0.0,7,0,-0.6319565217391303
13,1680.0,1_0_0,2,30,10,31.0,0.0,6,0,-0.20195652173913042
13,1706.0,1_0_0,0,10,10,58.0,0.0,7,0,-0.3507692307692308
13,1767.0,1_0_0,3,45,10,71.0,0.0,7,0,-0.41221311475409833
13,1803.0,1_0_0,1,20,10,45.0,0.0,7,0,-0.2833333333333333
13,1874.0,1_0_0,7,45,20,129.0,0.0,7,0,-0.7014788732394366
13,1900.0,1_0_0,0,10,10,62.0,2.0,7,1,-0.38961538461538464
13,1946.0,1_0_0,2,30,10,44.0,0.0,7,0,-0.2776086956521739
13,1992.0,1_0_0,2,30,10,45.0,0.0,7,0,-0.28195652173913044
13,2063.0,1_0_0,7,45,20,144.0,0.0,7,0,-0.7773239436619718
13,2099.0,1_0_0,1,20,10,38.0,0.0,7,0,-0.2475
13,2170.0,1_0_0,7,45,20,135.0,0.0,7,0,-0.7319014084507042
13,2206.0,1_0_0,1,20,10,44.0,0,7,0,-0.27749999999999997
13,2242.0,1_0_0,1,20,10,50.0,0,7,0,-0.31083333333333335
13,2303.0,1_0_0,3,45,10,63.0,0,7,0,-0.374672131147541
13,2349.0,1_0_0,5,20,20,108.0,0,7,0,-0.6034782608695652
13,2385.0,1_0_0,1,20,10,47.0,0,7,0,-0.29666666666666663
13,2421.0,1_0_0,1,20,10,37.0,0,6,0,-0.23666666666666666
13,2482.0,1_0_0,3,45,10,72.0,0,7,0,-0.419672131147541
13,2508.0,1_0_0,0,10,10,39.0,0,7,0,-0.25923076923076926
13,2554.0,1_0_0,2,30,10,40.0,0,6,0,-0.25021739130434784
13,2600.0,1_0_0,5,20,20,114.0,0,7,0,-0.6334782608695652
13,2636.0,1_0_0,1,20,10,43.0,0,7,0,-0.2766666666666666
13,2692.0,1_0_0,6,30,20,113.0,0,7,0,-0.6269642857142856
13,2753.0,1_0_0,3,45,10,71.0,0,7,0,-0.4151639344262295
13,2799.0,1_0_0,2,30,10,40.0,0,7,0,-0.26021739130434784
13,2835.0,1_0_0,1,20,10,47.0,0,7,0,-0.29666666666666663
13,2881.0,1_0_0,5,20,20,113.0,0,7,0,-0.6284782608695652
13,2907.0,1_0_0,0,10,10,51.0,0,7,0,-0.31923076923076926
13,2943.0,1_0_0,4,10,20,114.0,0,7,0,-0.6358333333333333
13,2969.0,1_0_0,0,10,10,58.0,0,7,0,-0.35538461538461535
13,3015.0,1_0_0,2,30,10,37.0,0,7,0,-0.24521739130434783
13,3061.0,1_0_0,2,30,10,52.0,0,7,0,-0.32021739130434784
13,3087.0,1_0_0,0,10,10,43.0,0,7,0,-0.2792307692307692
13,3133.0,1_0_0,2,30,10,35.0,0,4,0,-0.20521739130434782
13,3194.0,0_0_0,3,45,10,0,0,0,0,0.0019672131147540984
14,61.0,0_0_0,3,45,10,60.0,0.0,7,0,-0.3586885245901639
14,107.0,1_0_0,5,20,20,114.0,0.0,7,0,-0.6269565217391303
14,153.0,1_0_0,2,30,10,47.0,1.0,7,1,-0.3076086956521739
14,199.0,1_0_0,2,30,10,35.0,0.0,6,0,-0.2219565217391304
14,270.0,1_0_0,7,45,20,133.0,0.0,7,0,-0.7223239436619718
14,306.0,1_0_0,4,10,20,130.0,0.0,7,0,-0.7083333333333333
14,352.0,1_0_0,2,30,10,44.0,0.0,7,0,-0.27695652173913043
14,398.0,1_0_0,2,30,10,49.0,0.0,7,0,-0.3026086956521739
14,434.0,1_0_0,1,20,10,39.0,0.0,7,0,-0.2525
14,460.0,1_0_0,0,10,10,57.0,2.0,7,1,-0.3657692307692308
14,506.0,1_0_0,2,30,10,47.0,0.0,7,0,-0.2926086956521739
14,552.0,1_0_0,2,30,10,40.0,0.0,7,0,-0.25630434782608696
14,598.0,1_0_0,2,30,10,47.0,0.0,7,0,-0.2926086956521739
14,624.0,1_0_0,0,10,10,68.0,2.0,7,1,-0.4196153846153846
14,685.0,1_0_0,3,45,10,69.0,0.0,7,0,-0.4031967213114754
14,731.0,1_0_0,5,20,20,117.0,0.0,7,0,-0.6419565217391303
14,787.0,1_0_0,6,30,20,112.0,0.0,7,0,-0.6166071428571429
14,843.0,1_0_0,6,30,20,112.0,0.0,7,0,-0.6166071428571429
14,879.0,1_0_0,1,20,10,42.0,0.0,7,0,-0.26749999999999996
14,915.0,1_0_0,1,20,10,38.0,0.0,7,0,-0.2475
14,961.0,1_0_0,2,30,10,39.0,0.0,7,0,-0.25195652173913047
14,1032.0,1_0_0,7,45,20,133.0,0.0,7,0,-0.7214788732394366
14,1078.0,1_0_0,5,20,20,114.0,0.0,7,0,-0.6269565217391303
14,1114.0,1_0_0,4,10,20,119.0,0.0,7,0,-0.6525
14,1160.0,1_0_0,2,30,10,39.0,0.0,6,0,-0.24130434782608695
14,1206.0,1_0_0,2,30,10,48.0,0.0,7,0,-0.2976086956521739
14,1252.0,1_0_0,5,20,20,105.0,1.0,7,1,-0.5963043478260871
14,1298.0,1_0_0,2,30,10,46.0,0.0,7,0,-0.2876086956521739
14,1344.0,1_0_0,2,30,10,45.0,0.0,7,0,-0.28195652173913044
14,1390.0,1_0_0,2,30,10,47.0,0.0,7,0,-0.29195652173913045
14,1436.0,1_0_0,2,30,10,43.0,0.0,7,0,-0.27195652173913043
14,1492.0,1_0_0,6,30,20,112.0,0.0,7,0,-0.6171428571428571
14,1528.0,1_0_0,1,20,10,48.0,2.0,7,1,-0.3166666666666667
14,1599.0,1_0_0,7,45,20,130.0,0.0,7,0,-0.7073239436619718
14,1635.0,1_0_0,1,20,10,41.0,0.0,6,0,-0.2525
14,1696.0,1_0_0,3,45,10,58.0,0.0,7,0,-0.34721311475409833
14,1732.0,1_0_0,4,10,20,122.0,0.0,7,0,-0.6675
14,1793.0,1_0_0,3,45,10,68.0,0.0,7,0,-0.3972131147540984
14,1829.0,1_0_0,1,20,10,42.0,0.0,7,0,-0.26749999999999996
14,1855.0,1_0_0,0,10,10,52.0,0.0,7,0,-0.31846153846153846
14,1916.0,1_0_0,3,45,10,62.0,0.0,7,0,-0.36721311475409835
14,1962.0,1_0_0,2,30,10,46.0,0.0,7,0,-0.2876086956521739
14,2008.0,1_0_0,5,20,20,114.0,0.0,7,0,-0.6269565217391303
14,2064.0,1_0_0,6,30,20,100.0,0.0,7,0,-0.5560714285714285
14,2110.0,1_0_0,2,30,10,50.0,0.0,7,0,-0.30695652173913046
14,2166.0,1_0_0,6,30,20,114.0,0,7,0,-0.6276785714285713
14,2202.0,1_0_0,4,10,20,116.0,0,7,0,-0.6458333333333333
14,2248.0,1_0_0,2,30,10,43.0,0,7,0,-0.2752173913043478
14,2274.0,1_0_0,0,10,10,52.0,0,7,0,-0.3253846153846154
14,2300.0,1_0_0,0,10,10,40.0,0,6,0,-0.25423076923076926
14,2346.0,1_0_0,2,30,10,47.0,0,7,0,-0.2952173913043478
14,2392.0,1_0_0,2,30,10,40.0,0,6,0,-0.25021739130434784
14,2453.0,1_0_0,3,45,10,61.0,0,7,0,-0.364672131147541
14,2524.0,1_0_0,7,45,20,136.0,0,7,0,-0.7411267605633802
14,2560.0,1_0_0,1,20,10,42.0,0,7,0,-0.2716666666666666
14,2596.0,1_0_0,1,20,10,42.0,0,6,0,-0.26166666666666666
14,2667.0,1_0_0,7,45,20,144.0,0,7,0,-0.7815492957746478
14,2693.0,1_0_0,0,10,10,41.0,0,7,0,-0.2692307692307692
14,2749.0,1_0_0,6,30,20,110.0,0,7,0,-0.6119642857142857
14,2785.0,1_0_0,1,20,10,51.0,0,7,0,-0.31666666666666665
14,2841.0,1_0_0,6,30,20,117.0,0,7,0,-0.6469642857142857
14,2867.0,1_0_0,0,10,10,63.0,0,7,0,-0.3803846153846154
14,2928.0,1_0_0,3,45,10,71.0,0,7,0,-0.414672131147541
14,2964.0,1_0_0,1,20,10,42.0,0,7,0,-0.2716666666666666
14,2990.0,1_0_0,0,10,10,57.0,0,7,0,-0.35038461538461535
14,3061.0,1_0_0,7,45,20,138.0,0,7,0,-0.7511267605633802
14,3122.0,1_0_0,3,45,10,70.0,0,7,0,-0.4101639344262295
14,3178.0,1_0_0,6,30,20,21.0,0,1,0,-0.1069642857142857
14,3239.0,0_0_0,3,45,10,0,0,0,0,0.0004918032786885246
15,46.0,0_0_0,2,30,10,41.0,0.0,6,0,-0.25521739130434784
15,102.0,1_0_0,6,30,20,116.0,0.0,7,0,-0.6366071428571428
15,173.0,1_0_0,7,45,20,129.0,0.0,7,0,-0.7019014084507041
15,209.0,1_0_0,1,20,10,46.0,0.0,7,0,-0.2875
15,265.0,1_0_0,6,30,20,113.0,0.0,7,0,-0.6216071428571428
15,321.0,1_0_0,6,30,20,112.0,0.0,7,0,-0.6166071428571429
15,367.0,1_0_0,2,30,10,48.0,0.0,7,0,-0.29695652173913045
15,413.0,1_0_0,5,20,20,118.0,0.0,7,0,-0.6469565217391303
15,484.0,1_0_0,7,45,20,137.0,0.0,7,0,-0.7419014084507042
15,520.0,1_0_0,1,20,10,40.0,0.0,7,0,-0.2575
15,576.0,1_0_0,6,30,20,115.0,0.0,7,0,-0.6316071428571428
15,622.0,1_0_0,5,20,20,118.0,0.0,7,0,-0.6469565217391303
15,678.0,1_0_0,6,30,20,111.0,0.0,7,0,-0.6116071428571429
15,714.0,1_0_0,1,20,10,51.0,0.0,7,0,-0.31333333333333335
15,760.0,1_0_0,2,30,10,50.0,0.0,7,0,-0.30695652173913046
15,786.0,1_0_0,0,10,10,45.0,0.0,7,0,-0.2846153846153846
15,832.0,1_0_0,5,20,20,115.0,0.0,7,0,-0.6319565217391303
15,888.0,1_0_0,6,30,20,117.0,0.0,7,0,-0.6416071428571428
15,934.0,1_0_0,2,30,10,52.0,0.0,7,0,-0.31826086956521743
15,995.0,1_0_0,3,45,10,66.0,0.0,7,0,-0.38721311475409836
15,1066.0,1_0_0,7,45,20,135.0,0.0,7,0,-0.7319014084507042
15,1127.0,1_0_0,3,45,10,61.0,0.0,7,0,-0.36270491803278687
15,1153.0,1_0_0,0,10,10,56.0,0.0,7,0,-0.3384615384615385
15,1209.0,1_0_0,6,30,20,120.0,0.0,7,0,-0.6566071428571428
15,1255.0,1_0_0,2,30,10,42.0,0.0,7,0,-0.2669565217391304
15,1291.0,1_0_0,1,20,10,41.0,0.0,6,0,-0.25333333333333335
15,1317.0,1_0_0,0,10,10,52.0,0.0,7,0,-0.31961538461538463
15,1363.0,1_0_0,2,30,10,46.0,0.0,7,0,-0.28695652173913044
15,1399.0,1_0_0,1,20,10,46.0,0.0,7,0,-0.2875
15,1445.0,1_0_0,2,30,10,47.0,0.0,7,0,-0.2926086956521739
15,1491.0,1_0_0,5,20,20,111.0,0.0,7,0,-0.6119565217391304
15,1547.0,1_0_0,6,30,20,118.0,0.0,7,0,-0.6466071428571428
15,1573.0,1_0_0,0,10,10,54.0,0.0,7,0,-0.32961538461538464
15,1619.0,1_0_0,2,30,10,56.0,0.0,7,0,-0.33760869565217394
15,1675.0,1_0_0,6,30,20,118.0,0.0,7,0,-0.6466071428571428
15,1711.0,1_0_0,1,20,10,47.0,0.0,7,0,-0.2925
15,1747.0,1_0_0,4,10,20,119.0,0.0,7,0,-0.6525
15,1793.0,1_0_0,2,30,10,45.0,0.0,7,0,-0.28195652173913044
15,1849.0,1_0_0,6,30,20,113.0,0.0,7,0,-0.6216071428571428
15,1895.0,1_0_0,2,30,10,44.0,1.0,7,1,-0.29260869565217396
15,1941.0,1_0_0,5,20,20,121.0,0.0,7,0,-0.6619565217391303
15,2002.0,1_0_0,3,45,10,73.0,0,7,0,-0.42221311475409834
15,2073.0,1_0_0,7,45,20,139.0,0,7,0,-0.7557042253521126
15,2109.0,1_0_0,4,10,20,113.0,0,7,0,-0.6308333333333332
15,2155.0,1_0_0,2,30,10,34.0,0,7,0,-0.23021739130434782
15,2191.0,1_0_0,4,10,20,112.0,0,7,0,-0.6258333333333334
15,2217.0,1_0_0,0,10,10,49.0,0,7,0,-0.30923076923076925
15,2253.0,1_0_0,1,20,10,41.0,0,6,0,-0.25666666666666665
15,2289.0,1_0_0,1,20,10,52.0,0,7,0,-0.32166666666666666
15,2350.0,1_0_0,3,45,10,62.0,0,7,0,-0.369672131147541
15,2406.0,1_0_0,6,30,20,107.0,0,7,0,-0.5964285714285714
15,2432.0,1_0_0,0,10,10,41.0,0,7,0,-0.2692307692307692
15,2478.0,1_0_0,2,30,10,42.0,0,7,0,-0.2702173913043478
15,2514.0,1_0_0,1,20,10,50.0,0,7,0,-0.31166666666666665
15,2585.0,1_0_0,7,45,20,133.0,0,7,0,-0.7261267605633803
15,2646.0,1_0_0,3,45,10,63.0,0,7,0,-0.374672131147541
15,2717.0,1_0_0,7,45,20,141.0,0,7,0,-0.7665492957746478
15,2763.0,1_0_0,2,30,10,51.0,0,7,0,-0.31521739130434784
15,2799.0,1_0_0,1,20,10,33.0,0,6,0,-0.21666666666666667
15,2845.0,1_0_0,2,30,10,46.0,0,7,0,-0.2902173913043478
15,2871.0,1_0_0,0,10,10,59.0,0,7,0,-0.36038461538461536
15,2927.0,1_0_0,6,30,20,115.0,0,7,0,-0.6369642857142856
15,2988.0,1_0_0,3,45,10,64.0,0,7,0,-0.379672131147541
15,3044.0,1_0_0,6,30,20,104.0,0,7,0,-0.5819642857142857
15,3070.0,1_0_0,0,10,10,55.0,0,7,0,-0.3403846153846154
15,3106.0,1_0_0,1,20,10,38.0,0,7,0,-0.25166666666666665
15,3162.0,1_0_0,6,30,20,103.0,0,7,0,-0.5769642857142857
15,3223.0,1_0_0,3,45,10,50.0,0,4,0,-0.279672131147541
15,3249.0,0_0_0,0,10,10,0,0,0,0,0.004615384615384616
16,46.0,0_0_0,5,20,20,117.0,0.0,7,0,-0.6439130434782608
16,117.0,1_0_0,7,45,20,136.0,0.0,7,0,-0.7369014084507042
16,178.0,1_0_0,3,45,10,72.0,0.0,7,0,-0.41721311475409834
16,234.0,1_0_0,6,30,20,102.0,0.0,7,0,-0.5666071428571429
16,295.0,1_0_0,3,45,10,63.0,2.0,7,1,-0.3927049180327869
16,321.0,1_0_0,0,10,10,65.0,0.0,7,0,-0.38461538461538464
16,382.0,1_0_0,3,45,10,65.0,0.0,7,0,-0.38221311475409836
16,443.0,1_0_0,3,45,10,63.0,1.0,7,1,-0.3877049180327869
16,479.0,1_0_0,4,10,20,114.0,0.0,7,0,-0.6275
16,535.0,1_0_0,6,30,20,110.0,0.0,7,0,-0.6066071428571429
16,581.0,1_0_0,5,20,20,110.0,0.0,7,0,-0.6069565217391304
16,642.0,1_0_0,3,45,10,72.0,0.0,7,0,-0.41721311475409834
16,713.0,1_0_0,7,45,20,139.0,0.0,7,0,-0.7523239436619718
16,759.0,1_0_0,2,30,10,40.0,0.0,7,0,-0.2569565217391305
16,815.0,1_0_0,6,30,20,107.0,0.0,7,0,-0.5910714285714286
16,876.0,1_0_0,3,45,10,69.0,1.0,7,1,-0.41770491803278686
16,937.0,1_0_0,3,45,10,61.0,0.0,7,0,-0.36221311475409834
16,993.0,1_0_0,6,30,20,115.0,0.0,7,0,-0.6316071428571428
16,1019.0,1_0_0,0,10,10,44.0,0.0,7,0,-0.2773076923076923
16,1080.0,1_0_0,3,45,10,69.0,0.0,7,0,-0.4022131147540983
16,1126.0,1_0_0,2,30,10,43.0,0.0,7,0,-0.2726086956521739
16,1182.0,1_0_0,6,30,20,121.0,0.0,7,0,-0.662142857142857
16,1243.0,1_0_0,3,45,10,68.0,0.0,7,0,-0.3972131147540984
16,1304.0,1_0_0,3,45,10,67.0,0.0,7,0,-0.3927049180327869
16,1360.0,1_0_0,6,30,20,111.0,0.0,7,0,-0.6116071428571429
16,1396.0,1_0_0,1,20,10,53.0,0.0,7,0,-0.3225
16,1442.0,1_0_0,5,20,20,120.0,0.0,7,0,-0.6569565217391303
16,1478.0,1_0_0,1,20,10,44.0,1.0,7,1,-0.2933333333333334
16,1539.0,1_0_0,3,45,10,59.0,2.0,7,1,-0.3727049180327869
16,1575.0,1_0_0,1,20,10,45.0,0.0,7,0,-0.2825
16,1611.0,1_0_0,4,10,20,112.0,0.0,7,0,-0.6175
16,1637.0,1_0_0,0,10,10,55.0,2.0,7,1,-0.35346153846153844
16,1663.0,1_0_0,0,10,10,44.0,2.0,7,1,-0.2996153846153847
16,1724.0,1_0_0,3,45,10,64.0,0.0,7,0,-0.3777049180327869
16,1770.0,1_0_0,2,30,10,50.0,0.0,7,0,-0.30695652173913046
16,1806.0,1_0_0,1,20,10,40.0,0.0,7,0,-0.2566666666666667
16,1877.0,1_0_0,7,45,20,130.0,0.0,7,0,-0.7069014084507041
16,1923.0,1_0_0,2,30,10,38.0,0.0,7,0,-0.24695652173913044
16,1949.0,1_0_0,0,10,10,43.0,0.0,7,0,-0.2746153846153846
16,1985.0,1_0_0,1,20,10,38.0,0.0,6,0,-0.2375
16,2021.0,1_0_0,4,10,20,115.0,0.0,7,0,-0.6325
16,2057.0,1_0_0,1,20,10,43.0,0.0,6,0,-0.2625
16,2113.0,1_0_0,6,30,20,118.0,0.0,7,0,-0.6466071428571428
16,2174.0,1_0_0,3,45,10,74.0,0.0,7,0,-0.42721311475409834
16,2220.0,1_0_0,5,20,20,112.0,0,7,0,-0.6169565217391304
16,2266.0,1_0_0,2,30,10,45.0,0,7,0,-0.28456521739130436
16,2292.0,1_0_0,0,10,10,44.0,0,7,0,-0.28423076923076923
16,2338.0,1_0_0,2,30,10,45.0,0,7,0,-0.2852173913043478
16,2364.0,1_0_0,0,10,10,59.0,0,7,0,-0.36038461538461536
16,2425.0,1_0_0,3,45,10,69.0,0,7,0,-0.40467213114754097
16,2496.0,1_0_0,7,45,20,141.0,0,7,0,-0.7661267605633801
16,2557.0,1_0_0,3,45,10,64.0,0,7,0,-0.38016393442622953
16,2583.0,1_0_0,0,10,10,56.0,0,7,0,-0.3453846153846154
16,2644.0,1_0_0,3,45,10,73.0,0,7,0,-0.4251639344262295
16,2680.0,1_0_0,1,20,10,38.0,0,7,0,-0.25083333333333335
16,2716.0,1_0_0,1,20,10,46.0,0,7,0,-0.29166666666666663
16,2787.0,1_0_0,7,45,20,131.0,0,7,0,-0.7161267605633803
16,2823.0,1_0_0,4,10,20,116.0,0,7,0,-0.6458333333333333
16,2869.0,1_0_0,2,30,10,49.0,0,7,0,-0.30521739130434783
16,2915.0,1_0_0,5,20,20,119.0,0,7,0,-0.6591304347826086
16,2986.0,1_0_0,7,45,20,133.0,0,7,0,-0.7261267605633803
16,3032.0,1_0_0,2,30,10,40.0,0,6,0,-0.25021739130434784
16,3058.0,1_0_0,0,10,10,51.0,0,7,0,-0.31923076923076926
16,3129.0,1_0_0,7,45,20,46.0,0,2,0,-0.24070422535211267
16,3190.0,0_0_0,3,45,10,0,0,0,0,0.0009836065573770492
17,46.0,0_0_0,5,20,20,112.0,0.0,7,0,-0.6189130434782609
17,107.0,1_0_0,3,45,10,60.0,0.0,7,0,-0.35721311475409834
17,178.0,1_0_0,7,45,20,136.0,0.0,7,0,-0.7369014084507042
17,249.0,1_0_0,7,45,20,138.0,0.0,7,0,-0.7469014084507041
17,320.0,1_0_0,7,45,20,131.0,0.0,7,0,-0.7119014084507042
17,356.0,1_0_0,1,20,10,44.0,0.0,7,0,-0.2783333333333333
17,417.0,1_0_0,3,45,10,68.0,1.0,7,1,-0.41221311475409833
17,488.0,1_0_0,7,45,20,143.0,0.0,7,0,-0.7727464788732393
17,544.0,1_0_0,6,30,20,112.0,0.0,7,0,-0.6166071428571429
17,605.0,1_0_0,3,45,10,60.0,0.0,7,0,-0.35721311475409834
17,651.0,1_0_0,2,30,10,44.0,0.0,7,0,-0.27695652173913043
17,697.0,1_0_0,5,20,20,113.0,0.0,7,0,-0.6219565217391303
17,753.0,1_0_0,6,30,20,101.0,0.0,7,0,-0.5616071428571429
17,789.0,1_0_0,1,20,10,50.0,0.0,7,0,-0.3075
17,825.0,1_0_0,4,10,20,113.0,0.0,7,0,-0.6224999999999999
17,881.0,1_0_0,6,30,20,114.0,0.0,7,0,-0.6266071428571428
17,927.0,1_0_0,2,30,10,41.0,0.0,7,0,-0.2619565217391304
17,988.0,1_0_0,3,45,10,63.0,0.0,7,0,-0.37221311475409835
17,1059.0,1_0_0,7,45,20,140.0,0.0,7,0,-0.7569014084507041
17,1085.0,1_0_0,0,10,10,41.0,1.0,7,1,-0.27961538461538465
17,1121.0,1_0_0,1,20,10,48.0,0.0,7,0,-0.2975
17,1167.0,1_0_0,2,30,10,52.0,0.0,7,0,-0.31695652173913047
17,1228.0,1_0_0,3,45,10,61.0,0.0,7,0,-0.36221311475409834
17,1254.0,1_0_0,0,10,10,42.0,0.0,7,0,-0.2684615384615384
17,1290.0,1_0_0,1,20,10,39.0,2.0,6,1,-0.26249999999999996
17,1336.0,1_0_0,2,30,10,39.0,0.0,6,0,-0.2426086956521739
17,1382.0,1_0_0,2,30,10,52.0,0.0,7,0,-0.31695652173913047
17,1408.0,1_0_0,0,10,10,42.0,0.0,7,0,-0.2684615384615384
17,1444.0,1_0_0,1,20,10,37.0,0.0,6,0,-0.23249999999999998
17,1470.0,1_0_0,0,10,10,60.0,0.0,7,0,-0.3596153846153846
17,1506.0,1_0_0,1,20,10,46.0,1.0,7,1,-0.3041666666666667
17,1542.0,1_0_0,4,10,20,120.0,0.0,7,0,-0.6583333333333332
17,1568.0,1_0_0,0,10,10,41.0,2.0,7,1,-0.2834615384615385
17,1614.0,1_0_0,5,20,20,112.0,0.0,7,0,-0.6176086956521739
17,1660.0,1_0_0,2,30,10,40.0,0.0,6,0,-0.24695652173913044
17,1696.0,1_0_0,1,20,10,48.0,1.0,7,1,-0.3125
17,1732.0,1_0_0,4,10,20,129.0,0.0,7,0,-0.7041666666666666
17,1778.0,1_0_0,2,30,10,39.0,0.0,6,0,-0.24195652173913043
17,1834.0,1_0_0,6,30,20,117.0,0.0,7,0,-0.6416071428571428
17,1860.0,1_0_0,0,10,10,39.0,1.0,7,1,-0.26961538461538465
17,1906.0,1_0_0,2,30,10,45.0,2.0,6,1,-0.29195652173913045
17,1942.0,1_0_0,4,10,20,134.0,0.0,7,0,-0.7291666666666666
17,1988.0,1_0_0,2,30,10,45.0,0.0,7,0,-0.28195652173913044
17,2034.0,1_0_0,5,20,20,104.0,0.0,7,0,-0.5769565217391304
17,2095.0,1_0_0,3,45,10,55.0,0,7,0,-0.33172131147540984
17,2141.0,1_0_0,2,30,10,34.0,0,6,0,-0.22021739130434784
17,2177.0,1_0_0,1,20,10,45.0,0,7,0,-0.2866666666666666
17,2203.0,1_0_0,0,10,10,44.0,0,7,0,-0.28423076923076923
17,2239.0,1_0_0,1,20,10,31.0,0,6,0,-0.20583333333333334
17,2310.0,1_0_0,7,45,20,136.0,0,7,0,-0.7411267605633802
17,2371.0,1_0_0,3,45,10,57.0,0,7,0,-0.34467213114754097
17,2397.0,1_0_0,0,10,10,48.0,0,7,0,-0.30423076923076925
17,2443.0,1_0_0,5,20,20,113.0,0,7,0,-0.6284782608695652
17,2489.0,1_0_0,5,20,20,115.0,0,7,0,-0.6384782608695652
17,2515.0,1_0_0,0,10,10,42.0,0,7,0,-0.2742307692307692
17,2551.0,1_0_0,1,20,10,42.0,0,7,0,-0.2716666666666666
17,2612.0,1_0_0,3,45,10,66.0,0,7,0,-0.389672131147541
17,2648.0,1_0_0,1,20,10,43.0,0,6,0,-0.26666666666666666
17,2694.0,1_0_0,2,30,10,59.0,0,7,0,-0.3552173913043478
17,2765.0,1_0_0,7,45,20,131.0,0,7,0,-0.7161267605633803
17,2791.0,1_0_0,0,10,10,34.0,0,6,0,-0.22423076923076923
17,2827.0,1_0_0,1,20,10,43.0,0,7,0,-0.2766666666666666
17,2873.0,1_0_0,2,30,10,52.0,0,7,0,-0.32021739130434784
17,2934.0,1_0_0,3,45,10,70.0,0,7,0,-0.409672131147541
17,2960.0,1_0_0,0,10,10,59.0,0,7,0,-0.36038461538461536
17,2996.0,1_0_0,1,20,10,46.0,0,7,0,-0.29166666666666663
17,3042.0,1_0_0,2,30,10,43.0,0,7,0,-0.2752173913043478
17,3103.0,1_0_0,3,45,10,64.0,0,7,0,-0.379672131147541
17,3129.0,1_0_0,0,10,10,49.0,0,7,0,-0.30923076923076925
17,3175.0,1_0_0,5,20,20,110.0,0,7,0,-0.6134782608695653
17,3236.0,1_0_0,3,45,10,0,0,0,0,0.007377049180327868
18,26.0,0_0_0,0,10,10,42.0,0,7,0,-0.2719230769230769
18,97.0,1_0_0,7,45,20,136.0,0.0,7,0,-0.7369014084507042
18,153.0,1_0_0,6,30,20,116.0,0.0,7,0,-0.6366071428571428
18,214.0,1_0_0,3,45,10,67.0,0.0,7,0,-0.39221311475409837
18,275.0,1_0_0,3,45,10,64.0,0.0,7,0,-0.3777049180327869
18,336.0,1_0_0,3,45,10,73.0,0.0,7,0,-0.42221311475409834
18,392.0,1_0_0,6,30,20,113.0,0.0,7,0,-0.6216071428571428
18,453.0,1_0_0,3,45,10,55.0,0.0,7,0,-0.33221311475409837
18,514.0,1_0_0,3,45,10,67.0,0.0,7,0,-0.39221311475409837
18,575.0,1_0_0,3,45,10,64.0,0.0,7,0,-0.3777049180327869
18,621.0,1_0_0,5,20,20,115.0,0.0,7,0,-0.6319565217391303
18,682.0,1_0_0,3,45,10,61.0,0.0,7,0,-0.36221311475409834
18,718.0,1_0_0,4,10,20,131.0,0.0,7,0,-0.7133333333333333
18,779.0,1_0_0,3,45,10,69.0,0.0,7,0,-0.40270491803278685
18,840.0,1_0_0,3,45,10,60.0,0.0,7,0,-0.35721311475409834
18,886.0,1_0_0,5,20,20,124.0,0.0,7,0,-0.6776086956521739
18,947.0,1_0_0,3,45,10,64.0,0.0,7,0,-0.37721311475409836
18,1008.0,1_0_0,3,45,10,62.0,0.0,7,0,-0.36721311475409835
18,1069.0,1_0_0,3,45,10,79.0,2.0,7,1,-0.4727049180327869
18,1115.0,1_0_0,5,20,20,126.0,0.0,7,0,-0.6876086956521739
18,1186.0,1_0_0,7,45,20,142.0,0.0,7,0,-0.7669014084507041
18,1242.0,1_0_0,6,30,20,119.0,0.0,7,0,-0.652142857142857
18,1278.0,1_0_0,1,20,10,52.0,0.0,7,0,-0.3175
18,1324.0,1_0_0,2,30,10,48.0,0.0,7,0,-0.29695652173913045
18,1385.0,1_0_0,3,45,10,56.0,0.0,7,0,-0.3372131147540984
18,1421.0,1_0_0,4,10,20,129.0,0.0,7,0,-0.7033333333333333
18,1467.0,1_0_0,2,30,10,46.0,2.0,7,1,-0.30695652173913046
18,1493.0,1_0_0,0,10,10,55.0,2.0,7,1,-0.3557692307692308
18,1529.0,1_0_0,1,20,10,55.0,1.0,7,1,-0.35000000000000003
18,1565.0,1_0_0,1,20,10,45.0,0.0,7,0,-0.2825
18,1626.0,1_0_0,3,45,10,59.0,2.0,7,1,-0.37221311475409835
18,1672.0,1_0_0,2,30,10,41.0,1.0,6,1,-0.2682608695652174
18,1728.0,1_0_0,6,30,20,110.0,0.0,7,0,-0.6066071428571429
18,1774.0,1_0_0,2,30,10,47.0,0.0,7,0,-0.29195652173913045
18,1835.0,1_0_0,3,45,10,64.0,0.0,7,0,-0.37721311475409836
18,1861.0,1_0_0,0,10,10,59.0,0.0,7,0,-0.35346153846153844
18,1897.0,1_0_0,1,20,10,52.0,2.0,7,1,-0.34
18,1933.0,1_0_0,4,10,20,133.0,0.0,7,0,-0.7233333333333333
18,1959.0,1_0_0,0,10,10,44.0,2.0,7,1,-0.2996153846153847
18,2020.0,1_0_0,3,45,10,64.0,0.0,7,0,-0.37721311475409836
18,2066.0,1_0_0,2,30,10,41.0,0.0,7,0,-0.2619565217391304
18,2122.0,1_0_0,6,30,20,112.0,0.0,7,0,-0.6166071428571429
18,2158.0,1_0_0,1,20,10,53.0,2.0,7,1,-0.3425
18,2204.0,1_0_0,5,20,20,119.0,0.0,7,0,-0.6526086956521738
18,2260.0,1_0_0,6,30,20,120.0,0.0,7,0,-0.6566071428571428
18,2321.0,1_0_0,3,45,10,64.0,0.0,7,0,-0.37721311475409836
18,2347.0,1_0_0,0,10,10,40.0,0.0,6,0,-0.24846153846153846
18,2393.0,1_0_0,2,30,10,50.0,0.0,7,0,-0.30695652173913046
18,2419.0,1_0_0,0,10,10,42.0,0,7,0,-0.27307692307692305
18,2455.0,1_0_0,1,20,10,46.0,0,7,0,-0.29166666666666663
18,2526.0,1_0_0,7,45,20,135.0,0,7,0,-0.7365492957746479
18,2572.0,1_0_0,2,30,10,46.0,0,7,0,-0.2902173913043478
18,2598.0,1_0_0,0,10,10,54.0,0,7,0,-0.3353846153846154
18,2634.0,1_0_0,4,10,20,118.0,0,7,0,-0.6558333333333333
18,2705.0,1_0_0,7,45,20,137.0,0,7,0,-0.7465492957746479
18,2751.0,1_0_0,5,20,20,111.0,0,7,0,-0.6184782608695653
18,2787.0,1_0_0,4,10,20,116.0,0,7,0,-0.6458333333333333
18,2813.0,1_0_0,0,10,10,52.0,0,7,0,-0.3253846153846154
18,2849.0,1_0_0,1,20,10,46.0,0,7,0,-0.29166666666666663
18,2895.0,1_0_0,2,30,10,38.0,0,7,0,-0.25021739130434784
18,2941.0,1_0_0,5,20,20,122.0,0,7,0,-0.6734782608695652
18,3012.0,1_0_0,7,45,20,126.0,0,7,0,-0.6911267605633802
18,3083.0,1_0_0,7,45,20,128.0,0,7,0,-0.7007042253521126
18,3144.0,1_0_0,3,45,10,34.0,0,3,0,-0.189672131147541
18,3205.0,0_0_0,3,45,10,0,0,0,0,0.0014754098360655736
19,61.0,0_0_0,3,45,10,62.0,2.0,7,1,-0.38868852459016395
19,132.0,1_0_0,7,45,20,136.0,0.0,7,0,-0.7373239436619718
19,168.0,1_0_0,4,10,20,119.0,0.0,7,0,-0.6525
19,224.0,1_0_0,6,30,20,117.0,0.0,7,0,-0.6416071428571428
19,285.0,1_0_0,3,45,10,62.0,0.0,7,0,-0.36721311475409835
19,311.0,1_0_0,0,10,10,49.0,0.0,7,0,-0.30346153846153845
19,372.0,1_0_0,3,45,10,71.0,1.0,7,1,-0.4277049180327869
19,433.0,1_0_0,3,45,10,63.0,1.0,7,1,-0.3877049180327869
19,494.0,1_0_0,3,45,10,74.0,0.0,7,0,-0.4281967213114754
19,520.0,1_0_0,0,10,10,56.0,0.0,7,0,-0.33961538461538465
19,581.0,1_0_0,3,45,10,64.0,1.0,7,1,-0.39221311475409837
19,642.0,1_0_0,3,45,10,65.0,0.0,7,0,-0.38221311475409836
19,678.0,1_0_0,1,20,10,52.0,0.0,7,0,-0.31833333333333336
19,739.0,1_0_0,3,45,10,59.0,0.0,7,0,-0.35221311475409833
19,800.0,1_0_0,3,45,10,54.0,0.0,7,0,-0.32721311475409837
19,861.0,1_0_0,3,45,10,60.0,2.0,7,1,-0.3781967213114754
19,907.0,1_0_0,2,30,10,45.0,0.0,7,0,-0.28195652173913044
19,968.0,1_0_0,3,45,10,59.0,2.0,7,1,-0.37221311475409835
19,1029.0,1_0_0,3,45,10,60.0,0.0,7,0,-0.3581967213114754
19,1075.0,1_0_0,5,20,20,111.0,0.0,7,0,-0.6119565217391304
19,1101.0,1_0_0,0,10,10,47.0,0.0,7,0,-0.29346153846153844
19,1157.0,1_0_0,6,30,20,115.0,0.0,7,0,-0.6316071428571428
19,1218.0,1_0_0,3,45,10,64.0,0.0,7,0,-0.37721311475409836
19,1264.0,1_0_0,5,20,20,115.0,0.0,7,0,-0.6319565217391303
19,1320.0,1_0_0,6,30,20,114.0,0.0,7,0,-0.6266071428571428
19,1366.0,1_0_0,2,30,10,48.0,0.0,7,0,-0.2976086956521739
19,1427.0,1_0_0,3,45,10,65.0,0.0,7,0,-0.38221311475409836
19,1463.0,1_0_0,1,20,10,49.0,0.0,7,0,-0.30333333333333334
19,1509.0,1_0_0,2,30,10,38.0,0.0,6,0,-0.23695652173913043
19,1535.0,1_0_0,0,10,10,47.0,0.0,7,0,-0.29346153846153844
19,1596.0,1_0_0,3,45,10,55.0,0.0,7,0,-0.33221311475409837
19,1632.0,1_0_0,1,20,10,43.0,1.0,7,1,-0.2883333333333334
19,1693.0,1_0_0,3,45,10,62.0,0.0,7,0,-0.36721311475409835
19,1719.0,1_0_0,0,10,10,42.0,0.0,7,0,-0.2684615384615384
19,1765.0,1_0_0,2,30,10,42.0,0.0,7,0,-0.2676086956521739
19,1836.0,1_0_0,7,45,20,134.0,0.0,7,0,-0.7264788732394366
19,1872.0,1_0_0,1,20,10,40.0,0.0,6,0,-0.24833333333333335
19,1898.0,1_0_0,0,10,10,52.0,2.0,7,1,-0.33961538461538465
19,1954.0,1_0_0,6,30,20,114.0,0.0,7,0,-0.627142857142857
19,1980.0,1_0_0,0,10,10,42.0,0.0,7,0,-0.2684615384615384
19,2051.0,1_0_0,7,45,20,133.0,0.0,7,0,-0.7214788732394366
19,2087.0,1_0_0,1,20,10,40.0,0.0,7,0,-0.2575
19,2123.0,1_0_0,1,20,10,49.0,0.0,7,0,-0.3025
19,2169.0,1_0_0,2,30,10,47.0,0.0,7,0,-0.2926086956521739
19,2205.0,1_0_0,1,20,10,42.0,0.0,7,0,-0.26749999999999996
19,2276.0,1_0_0,7,45,20,129.0,0.0,7,0,-0.7019014084507041
19,2347.0,1_0_0,7,45,20,149.0,0.0,7,0,-0.8019014084507041
19,2403.0,1_0_0,6,30,20,115.0,0.0,7,0,-0.6310714285714285
19,2464.0,1_0_0,3,45,10,61.0,2.0,7,1,-0.3827049180327869
19,2520.0,1_0_0,6,30,20,109.0,0,7,0,-0.6053571428571428
19,2581.0,1_0_0,3,45,10,61.0,0,7,0,-0.364672131147541
19,2627.0,1_0_0,2,30,10,57.0,0,7,0,-0.34586956521739126
19,2673.0,1_0_0,2,30,10,41.0,0,7,0,-0.2652173913043478
19,2709.0,1_0_0,4,10,20,107.0,0,7,0,-0.6008333333333333
19,2735.0,1_0_0,0,10,10,54.0,0,7,0,-0.3353846153846154
19,2771.0,1_0_0,1,20,10,48.0,0,7,0,-0.3025
19,2807.0,1_0_0,1,20,10,40.0,0,7,0,-0.26166666666666666
19,2878.0,1_0_0,7,45,20,142.0,0,7,0,-0.7711267605633803
19,2939.0,1_0_0,3,45,10,68.0,0,7,0,-0.399672131147541
19,2965.0,1_0_0,0,10,10,52.0,0,7,0,-0.3253846153846154
19,3011.0,1_0_0,2,30,10,47.0,0,7,0,-0.2952173913043478
19,3082.0,1_0_0,7,45,20,0,0,0,0,0.004647887323943662
20,46.0,0_0_0,2,30,10,39.0,0.0,6,0,-0.24391304347826087
20,117.0,1_0_0,7,45,20,137.0,0.0,7,0,-0.7419014084507042
20,188.0,1_0_0,7,45,20,135.0,0.0,7,0,-0.7319014084507042
20,224.0,1_0_0,1,20,10,43.0,0.0,7,0,-0.27249999999999996
20,270.0,1_0_0,2,30,10,43.0,0.0,7,0,-0.27195652173913043
20,341.0,1_0_0,7,45,20,135.0,0.0,7,0,-0.7319014084507042
20,402.0,1_0_0,3,45,10,66.0,0.0,7,0,-0.38721311475409836
20,438.0,1_0_0,4,10,20,110.0,0.0,7,0,-0.6075
20,484.0,1_0_0,2,30,10,35.0,2.0,6,1,-0.24195652173913043
20,510.0,1_0_0,0,10,10,52.0,2.0,7,1,-0.33961538461538465
20,581.0,1_0_0,7,45,20,129.0,0.0,7,0,-0.7019014084507041
20,607.0,1_0_0,0,10,10,57.0,0.0,7,0,-0.3446153846153846
20,633.0,1_0_0,0,10,10,55.0,0.0,7,0,-0.3357692307692308
20,704.0,1_0_0,7,45,20,136.0,0.0,7,0,-0.7364788732394366
20,740.0,1_0_0,1,20,10,49.0,0.0,7,0,-0.30333333333333334
20,786.0,1_0_0,2,30,10,36.0,0.0,6,0,-0.22695652173913042
20,847.0,1_0_0,3,45,10,66.0,0.0,7,0,-0.38721311475409836
20,883.0,1_0_0,4,10,20,115.0,2.0,7,1,-0.6533333333333333
20,909.0,1_0_0,0,10,10,47.0,0.0,6,0,-0.28346153846153843
20,935.0,1_0_0,0,10,10,51.0,0.0,7,0,-0.31346153846153846
20,996.0,1_0_0,3,45,10,75.0,0.0,7,0,-0.43221311475409835
20,1022.0,1_0_0,0,10,10,45.0,0.0,7,0,-0.28346153846153843
20,1068.0,1_0_0,2,30,10,42.0,0.0,7,0,-0.2669565217391304
20,1114.0,1_0_0,2,30,10,45.0,2.0,7,1,-0.3026086956521739
20,1175.0,1_0_0,3,45,10,61.0,1.0,7,1,-0.3777049180327869
20,1246.0,1_0_0,7,45,20,137.0,0.0,7,0,-0.7423239436619719
20,1282.0,1_0_0,1,20,10,47.0,0.0,7,0,-0.2925
20,1318.0,1_0_0,1,20,10,38.0,1.0,6,1,-0.25333333333333335
20,1379.0,1_0_0,3,45,10,69.0,1.0,7,1,-0.41770491803278686
20,1440.0,1_0_0,3,45,10,64.0,0.0,7,0,-0.3777049180327869
20,1486.0,1_0_0,5,20,20,111.0,0.0,7,0,-0.6119565217391304
20,1522.0,1_0_0,1,20,10,35.0,0.0,6,0,-0.22249999999999998
20,1568.0,1_0_0,2,30,10,34.0,0.0,6,0,-0.21630434782608696
20,1624.0,1_0_0,6,30,20,108.0,0.0,7,0,-0.5971428571428571
20,1660.0,1_0_0,4,10,20,122.0,0.0,7,0,-0.6683333333333332
20,1716.0,1_0_0,6,30,20,119.0,0.0,7,0,-0.6516071428571428
20,1752.0,1_0_0,1,20,10,49.0,0.0,7,0,-0.3025
20,1798.0,1_0_0,2,30,10,35.0,0.0,6,0,-0.22130434782608693
20,1844.0,1_0_0,2,30,10,45.0,0.0,7,0,-0.28195652173913044
20,1890.0,1_0_0,5,20,20,104.0,0.0,7,0,-0.5776086956521739
20,1946.0,1_0_0,6,30,20,118.0,0.0,7,0,-0.6466071428571428
20,1982.0,1_0_0,1,20,10,47.0,0.0,7,0,-0.2925
20,2018.0,1_0_0,4,10,20,114.0,2.0,7,1,-0.6483333333333332
20,2044.0,1_0_0,0,10,10,49.0,0.0,7,0,-0.30346153846153845
20,2090.0,1_0_0,2,30,10,43.0,2.0,7,1,-0.2919565217391305
20,2126.0,1_0_0,1,20,10,42.0,0.0,7,0,-0.2683333333333333
20,2152.0,1_0_0,0,10,10,41.0,0.0,7,0,-0.2634615384615384
20,2198.0,1_0_0,2,30,10,43.0,0,7,0,-0.27195652173913043
20,2244.0,1_0_0,5,20,20,120.0,0,7,0,-0.6634782608695652
20,2290.0,1_0_0,5,20,20,120.0,0,7,0,-0.6641304347826086
20,2316.0,1_0_0,0,10,10,52.0,0,7,0,-0.3253846153846154
20,2352.0,1_0_0,1,20,10,49.0,0,7,0,-0.30666666666666664
20,2388.0,1_0_0,1,20,10,49.0,0,7,0,-0.30666666666666664
20,2414.0,1_0_0,0,10,10,57.0,0,7,0,-0.35038461538461535
20,2475.0,1_0_0,3,45,10,64.0,0,7,0,-0.379672131147541
20,2546.0,1_0_0,7,45,20,135.0,0,7,0,-0.7361267605633803
20,2592.0,1_0_0,2,30,10,40.0,0,6,0,-0.25021739130434784
20,2653.0,1_0_0,3,45,10,61.0,0,7,0,-0.364672131147541
20,2699.0,1_0_0,5,20,20,121.0,0,7,0,-0.6691304347826086
20,2735.0,1_0_0,4,10,20,114.0,0,7,0,-0.6358333333333333
20,2781.0,1_0_0,2,30,10,50.0,0,7,0,-0.31021739130434783
20,2817.0,1_0_0,4,10,20,109.0,0,7,0,-0.6108333333333333
20,2863.0,1_0_0,2,30,10,42.0,0,7,0,-0.26956521739130435
20,2899.0,1_0_0,1,20,10,44.0,0,7,0,-0.2816666666666666
20,2970.0,1_0_0,7,45,20,126.0,0,7,0,-0.6911267605633802
20,2996.0,1_0_0,0,10,10,48.0,0,7,0,-0.30423076923076925
20,3022.0,1_0_0,0,10,10,49.0,0,7,0,-0.31038461538461537
20,3083.0,1_0_0,3,45,10,61.0,0,7,0,-0.364672131147541
20,3119.0,1_0_0,4,10,20,133.0,0,7,0,-0.7316666666666667
20,3165.0,1_0_0,5,20,20,106.0,0,7,0,-0.5934782608695652
20,3226.0,1_0_0,3,45,10,65.0,0,7,0,-0.384672131147541
20,3297.0,1_0_0,7,45,20,0,0,0,0,0.0038028169014084506
21,36.0,0_0_0,1,20,10,54.0,0.0,7,0,-0.33166666666666667
21,72.0,1_0_0,1,20,10,46.0,0.0,7,0,-0.2875
21,118.0,1_0_0,2,30,10,43.0,0.0,7,0,-0.2726086956521739
21,164.0,1_0_0,5,20,20,127.0,0.0,7,0,-0.6919565217391304
21,200.0,1_0_0,1,20,10,41.0,0.0,6,0,-0.2525
21,246.0,1_0_0,5,20,20,112.0,0.0,7,0,-0.6176086956521739
21,317.0,1_0_0,7,45,20,136.0,0.0,7,0,-0.7369014084507042
21,388.0,1_0_0,7,45,20,144.0,0.0,7,0,-0.7769014084507041
21,459.0,1_0_0,7,45,20,134.0,0.0,7,0,-0.7269014084507042
21,520.0,1_0_0,3,45,10,66.0,0.0,7,0,-0.38721311475409836
21,591.0,1_0_0,7,45,20,138.0,0.0,7,0,-0.7469014084507041
21,637.0,1_0_0,5,20,20,113.0,0.0,7,0,-0.6219565217391303
21,673.0,1_0_0,4,10,20,128.0,0.0,7,0,-0.6983333333333333
21,709.0,1_0_0,4,10,20,123.0,0.0,7,0,-0.6733333333333332
21,755.0,1_0_0,2,30,10,39.0,0.0,6,0,-0.24195652173913043
21,811.0,1_0_0,6,30,20,117.0,0.0,7,0,-0.6416071428571428
21,847.0,1_0_0,4,10,20,112.0,0.0,7,0,-0.6175
21,918.0,1_0_0,7,45,20,131.0,0.0,7,0,-0.7119014084507042
21,974.0,1_0_0,6,30,20,113.0,0.0,7,0,-0.6216071428571428
21,1045.0,1_0_0,7,45,20,136.0,0.0,7,0,-0.7369014084507042
21,1091.0,1_0_0,2,30,10,46.0,0.0,7,0,-0.28695652173913044
21,1127.0,1_0_0,1,20,10,42.0,0.0,7,0,-0.26749999999999996
21,1163.0,1_0_0,1,20,10,42.0,0.0,7,0,-0.26749999999999996
21,1234.0,1_0_0,7,45,20,134.0,0.0,7,0,-0.7269014084507042
21,1305.0,1_0_0,7,45,20,138.0,0.0,7,0,-0.7469014084507041
21,1376.0,1_0_0,7,45,20,137.0,0.0,7,0,-0.7419014084507042
21,1412.0,1_0_0,4,10,20,106.0,0.0,7,0,-0.5875
21,1448.0,1_0_0,1,20,10,48.0,0.0,7,0,-0.2975
21,1509.0,1_0_0,3,45,10,66.0,0.0,7,0,-0.38721311475409836
21,1555.0,1_0_0,2,30,10,49.0,0.0,7,0,-0.3026086956521739
21,1591.0,1_0_0,1,20,10,38.0,0.0,6,0,-0.23833333333333334
21,1617.0,1_0_0,0,10,10,49.0,0.0,7,0,-0.3046153846153846
21,1663.0,1_0_0,2,30,10,36.0,0.0,6,0,-0.22695652173913042
21,1699.0,1_0_0,1,20,10,43.0,0.0,7,0,-0.2733333333333333
21,1725.0,1_0_0,0,10,10,45.0,0.0,7,0,-0.2823076923076923
21,1771.0,1_0_0,2,30,10,37.0,2.0,6,1,-0.2526086956521739
21,1807.0,1_0_0,1,20,10,52.0,0.0,7,0,-0.31833333333333336
21,1853.0,1_0_0,5,20,20,113.0,0.0,7,0,-0.6213043478260869
21,1889.0,1_0_0,1,20,10,45.0,1.0,7,1,-0.2983333333333334
21,1935.0,1_0_0,2,30,10,41.0,0.0,7,0,-0.2626086956521739
21,2006.0,1_0_0,7,45,20,141.0,0,7,0,-0.7614788732394365
21,2077.0,1_0_0,7,45,20,127.0,0,7,0,-0.6957042253521126
21,2103.0,1_0_0,0,10,10,51.0,0,7,0,-0.31923076923076926
21,2164.0,1_0_0,3,45,10,63.0,0,7,0,-0.374672131147541
21,2190.0,1_0_0,0,10,10,59.0,0,7,0,-0.36038461538461536
21,2236.0,1_0_0,2,30,10,45.0,0,7,0,-0.2852173913043478
21,2292.0,1_0_0,6,30,20,111.0,0,7,0,-0.6175
21,2363.0,1_0_0,7,45,20,142.0,0,7,0,-0.7711267605633803
21,2399.0,1_0_0,1,20,10,37.0,0,7,0,-0.24666666666666667
21,2445.0,1_0_0,2,30,10,38.0,0,6,0,-0.24021739130434783
21,2491.0,1_0_0,2,30,10,53.0,0,7,0,-0.32521739130434785
21,2552.0,1_0_0,3,45,10,63.0,0,7,0,-0.374672131147541
21,2588.0,1_0_0,4,10,20,110.0,0,7,0,-0.6158333333333333
21,2634.0,1_0_0,2,30,10,32.0,0,6,0,-0.21021739130434783
21,2705.0,1_0_0,7,45,20,140.0,0,7,0,-0.7611267605633802
21,2731.0,1_0_0,0,10,10,40.0,0,6,0,-0.25423076923076926
21,2767.0,1_0_0,1,20,10,38.0,0,6,0,-0.24166666666666667
21,2828.0,1_0_0,3,45,10,67.0,0,7,0,-0.394672131147541
21,2864.0,1_0_0,1,20,10,48.0,0,7,0,-0.30166666666666664
21,2910.0,1_0_0,5,20,20,115.0,0,7,0,-0.6384782608695652
21,2981.0,1_0_0,7,45,20,130.0,0,7,0,-0.7111267605633802
21,3052.0,1_0_0,7,45,20,133.0,0,7,0,-0.7261267605633803
21,3098.0,1_0_0,5,20,20,112.0,0,7,0,-0.6234782608695653
21,3124.0,1_0_0,0,10,10,56.0,0,7,0,-0.3453846153846154
21,3150.0,1_0_0,0,10,10,43.0,0,7,0,-0.2792307692307692
21,3196.0,1_0_0,2,30,10,35.0,0,6,0,-0.2252173913043478
21,3242.0,1_0_0,2,30,10,12.0,0,1,0,-0.060217391304347834
21,3278.0,0_0_0,4,10,20,0,0,0,0,0.0008333333333333332
22,46.0,0_0_0,2,30,10,35.0,0.0,6,0,-0.22456521739130433
22,92.0,1_0_0,2,30,10,46.0,0.0,7,0,-0.28695652173913044
22,138.0,1_0_0,2,30,10,44.0,0.0,7,0,-0.2776086956521739
22,184.0,1_0_0,2,30,10,37.0,0.0,7,0,-0.24195652173913043
22,230.0,1_0_0,5,20,20,112.0,0.0,7,0,-0.6169565217391304
22,276.0,1_0_0,2,30,10,48.0,0.0,7,0,-0.29695652173913045
22,322.0,1_0_0,2,30,10,43.0,0.0,7,0,-0.27195652173913043
22,368.0,1_0_0,2,30,10,46.0,1.0,7,1,-0.3026086956521739
22,404.0,1_0_0,1,20,10,38.0,0.0,6,0,-0.23833333333333334
22,450.0,1_0_0,2,30,10,42.0,0.0,7,0,-0.2676086956521739
22,496.0,1_0_0,2,30,10,45.0,0.0,7,0,-0.28195652173913044
22,542.0,1_0_0,2,30,10,40.0,0.0,7,0,-0.2576086956521739
22,588.0,1_0_0,2,30,10,37.0,1.0,7,1,-0.2569565217391305
22,634.0,1_0_0,2,30,10,59.0,0.0,7,0,-0.3526086956521739
22,705.0,1_0_0,7,45,20,134.0,0.0,7,0,-0.7269014084507042
22,761.0,1_0_0,6,30,20,115.0,0.0,7,0,-0.6316071428571428
22,832.0,1_0_0,7,45,20,153.0,0.0,7,0,-0.8223239436619718
22,868.0,1_0_0,4,10,20,129.0,0.0,7,0,-0.7033333333333333
22,914.0,1_0_0,2,30,10,42.0,0.0,7,0,-0.2669565217391304
22,960.0,1_0_0,2,30,10,44.0,0.0,6,0,-0.26826086956521744
22,1006.0,1_0_0,2,30,10,45.0,0.0,7,0,-0.28195652173913044
22,1052.0,1_0_0,2,30,10,45.0,1.0,7,1,-0.29760869565217396
22,1098.0,1_0_0,5,20,20,112.0,0.0,7,0,-0.6169565217391304
22,1134.0,1_0_0,1,20,10,36.0,0.0,7,0,-0.2375
22,1180.0,1_0_0,2,30,10,39.0,2.0,6,1,-0.2619565217391304
22,1236.0,1_0_0,6,30,20,113.0,0.0,7,0,-0.6216071428571428
22,1272.0,1_0_0,1,20,10,41.0,0.0,7,0,-0.26249999999999996
22,1318.0,1_0_0,2,30,10,34.0,2.0,6,1,-0.2382608695652174
22,1364.0,1_0_0,2,30,10,50.0,2.0,7,1,-0.3269565217391305
22,1435.0,1_0_0,7,45,20,139.0,0.0,7,0,-0.7523239436619718
22,1481.0,1_0_0,2,30,10,41.0,0.0,6,0,-0.25195652173913047
22,1517.0,1_0_0,1,20,10,55.0,2.0,7,1,-0.3525
22,1578.0,1_0_0,3,45,10,63.0,0.0,7,0,-0.3727049180327869
22,1604.0,1_0_0,0,10,10,50.0,2.0,7,1,-0.3307692307692308
22,1660.0,1_0_0,6,30,20,121.0,0.0,7,0,-0.6616071428571428
22,1706.0,1_0_0,2,30,10,43.0,0.0,7,0,-0.2726086956521739
22,1742.0,1_0_0,4,10,20,127.0,0.0,7,0,-0.6925
22,1788.0,1_0_0,2,30,10,48.0,0.0,7,0,-0.29695652173913045
22,1824.0,1_0_0,4,10,20,116.0,0.0,7,0,-0.6375
22,1870.0,1_0_0,2,30,10,49.0,2.0,7,1,-0.3219565217391305
22,1906.0,1_0_0,4,10,20,110.0,0.0,7,0,-0.6091666666666666
22,1942.0,1_0_0,1,20,10,40.0,0.0,6,0,-0.24666666666666667
22,2003.0,1_0_0,3,45,10,72.0,0.0,7,0,-0.41770491803278686
22,2049.0,1_0_0,2,30,10,54.0,0.0,7,0,-0.32826086956521744
22,2075.0,1_0_0,0,10,10,50.0,0.0,7,0,-0.30846153846153845
22,2121.0,1_0_0,5,20,20,114.0,0.0,7,0,-0.6276086956521738
22,2157.0,1_0_0,1,20,10,51.0,0.0,7,0,-0.3125
22,2218.0,1_0_0,3,45,10,60.0,0.0,7,0,-0.35721311475409834
22,2264.0,1_0_0,2,30,10,51.0,0.0,7,0,-0.31195652173913047
22,2325.0,1_0_0,3,45,10,63.0,0.0,7,0,-0.37221311475409835
22,2351.0,1_0_0,0,10,10,42.0,0,7,0,-0.2696153846153846
22,2397.0,1_0_0,2,30,10,44.0,0,7,0,-0.2802173913043478
22,2433.0,1_0_0,1,20,10,44.0,0,7,0,-0.2816666666666666
22,2489.0,1_0_0,6,30,20,107.0,0,7,0,-0.5969642857142857
22,2560.0,1_0_0,7,45,20,146.0,0,7,0,-0.7911267605633803
22,2586.0,1_0_0,0,10,10,40.0,0,7,0,-0.26423076923076927
22,2622.0,1_0_0,1,20,10,45.0,0,7,0,-0.2866666666666666
22,2648.0,1_0_0,0,10,10,53.0,0,7,0,-0.3303846153846154
22,2694.0,1_0_0,2,30,10,41.0,0,7,0,-0.2652173913043478
22,2750.0,1_0_0,6,30,20,116.0,0,7,0,-0.6419642857142857
22,2796.0,1_0_0,5,20,20,114.0,0,7,0,-0.6334782608695652
22,2832.0,1_0_0,1,20,10,41.0,0,7,0,-0.2666666666666666
22,2868.0,1_0_0,4,10,20,116.0,0,7,0,-0.6458333333333333
22,2939.0,1_0_0,7,45,20,143.0,0,7,0,-0.7761267605633801
22,2995.0,1_0_0,6,30,20,118.0,0,7,0,-0.6519642857142857
22,3041.0,1_0_0,2,30,10,39.0,0,7,0,-0.25521739130434784
22,3102.0,1_0_0,3,45,10,65.0,0,7,0,-0.384672131147541
22,3158.0,1_0_0,6,30,20,0,0,0,0,0.004821428571428572
23,36.0,0_0_0,1,20,10,43.0,1.0,7,1,-0.29000000000000004
23,62.0,1_0_0,0,10,10,48.0,0.0,7,0,-0.2996153846153846
23,108.0,1_0_0,2,30,10,45.0,0.0,7,0,-0.28195652173913044
23,164.0,1_0_0,6,30,20,122.0,0.0,7,0,-0.667142857142857
23,220.0,1_0_0,6,30,20,113.0,1.0,7,1,-0.6366071428571428
23,276.0,1_0_0,6,30,20,107.0,0.0,7,0,-0.5916071428571429
23,332.0,1_0_0,6,30,20,111.0,0.0,7,0,-0.6116071428571429
23,388.0,1_0_0,6,30,20,120.0,0.0,7,0,-0.6566071428571428
23,444.0,1_0_0,6,30,20,115.0,1.0,7,1,-0.647142857142857
23,500.0,1_0_0,6,30,20,116.0,0.0,7,0,-0.6366071428571428
23,546.0,1_0_0,5,20,20,108.0,0.0,7,0,-0.5969565217391304
23,572.0,1_0_0,0,10,10,64.0,0.0,7,0,-0.37961538461538463
23,618.0,1_0_0,2,30,10,39.0,0.0,6,0,-0.2426086956521739
23,689.0,1_0_0,7,45,20,129.0,0.0,7,0,-0.7014788732394366
23,725.0,1_0_0,1,20,10,40.0,0.0,7,0,-0.2575
23,751.0,1_0_0,0,10,10,46.0,0.0,7,0,-0.2896153846153846
23,797.0,1_0_0,2,30,10,50.0,1.0,7,1,-0.3219565217391305
23,858.0,1_0_0,3,45,10,76.0,0.0,7,0,-0.4377049180327869
23,919.0,1_0_0,3,45,10,58.0,2.0,7,1,-0.36721311475409835
23,965.0,1_0_0,2,30,10,49.0,0.0,7,0,-0.3026086956521739
23,1011.0,1_0_0,5,20,20,112.0,0.0,7,0,-0.6169565217391304
23,1047.0,1_0_0,4,10,20,120.0,0.0,7,0,-0.6575
23,1103.0,1_0_0,6,30,20,117.0,0.0,7,0,-0.6416071428571428
23,1139.0,1_0_0,1,20,10,41.0,0.0,7,0,-0.26249999999999996
23,1175.0,1_0_0,1,20,10,52.0,0.0,7,0,-0.31833333333333336
23,1201.0,1_0_0,0,10,10,47.0,0.0,7,0,-0.29346153846153844
23,1227.0,1_0_0,0,10,10,58.0,2.0,7,1,-0.3696153846153846
23,1253.0,1_0_0,0,10,10,63.0,0.0,7,0,-0.3757692307692308
23,1309.0,1_0_0,6,30,20,110.0,0.0,7,0,-0.6066071428571429
23,1370.0,1_0_0,3,45,10,64.0,0.0,7,0,-0.37721311475409836
23,1416.0,1_0_0,5,20,20,122.0,0.0,7,0,-0.6676086956521738
23,1462.0,1_0_0,2,30,10,34.0,2.0,6,1,-0.2376086956521739
23,1533.0,1_0_0,7,45,20,133.0,0.0,7,0,-0.7219014084507042
23,1569.0,1_0_0,1,20,10,44.0,0.0,7,0,-0.27749999999999997
23,1625.0,1_0_0,6,30,20,101.0,0.0,7,0,-0.5616071428571429
23,1671.0,1_0_0,2,30,10,39.0,0.0,7,0,-0.25130434782608696
23,1707.0,1_0_0,1,20,10,55.0,0.0,7,0,-0.33333333333333337
23,1733.0,1_0_0,0,10,10,65.0,0.0,7,0,-0.38346153846153846
23,1779.0,1_0_0,2,30,10,32.0,0.0,6,0,-0.20630434782608695
23,1840.0,1_0_0,3,45,10,63.0,0.0,7,0,-0.37221311475409835
23,1876.0,1_0_0,1,20,10,41.0,0.0,7,0,-0.2633333333333333
23,1947.0,1_0_0,7,45,20,129.0,0.0,7,0,-0.7019014084507041
23,2003.0,1_0_0,6,30,20,114.0,0.0,7,0,-0.6266071428571428
23,2049.0,1_0_0,2,30,10,47.0,0,7,0,-0.29195652173913045
23,2120.0,1_0_0,7,45,20,138.0,0,7,0,-0.7511267605633802
23,2191.0,1_0_0,7,45,20,135.0,0,7,0,-0.7357042253521127
23,2237.0,1_0_0,5,20,20,110.0,0,7,0,-0.6134782608695653
23,2308.0,1_0_0,7,45,20,136.0,0,7,0,-0.7411267605633802
23,2354.0,1_0_0,2,30,10,43.0,0,7,0,-0.2752173913043478
23,2390.0,1_0_0,1,20,10,46.0,0,7,0,-0.29166666666666663
23,2436.0,1_0_0,2,30,10,51.0,0,7,0,-0.3158695652173913
23,2472.0,1_0_0,1,20,10,49.0,0,7,0,-0.30666666666666664
23,2533.0,1_0_0,3,45,10,70.0,0,7,0,-0.409672131147541
23,2559.0,1_0_0,0,10,10,49.0,0,7,0,-0.30923076923076925
23,2620.0,1_0_0,3,45,10,61.0,0,7,0,-0.364672131147541
23,2646.0,1_0_0,0,10,10,47.0,0,7,0,-0.29923076923076924
23,2682.0,1_0_0,1,20,10,49.0,0,7,0,-0.3075
23,2708.0,1_0_0,0,10,10,40.0,0,7,0,-0.26423076923076927
23,2754.0,1_0_0,2,30,10,43.0,0,7,0,-0.2752173913043478
23,2790.0,1_0_0,1,20,10,45.0,0,7,0,-0.2866666666666666
23,2836.0,1_0_0,2,30,10,48.0,0,7,0,-0.3002173913043478
23,2897.0,1_0_0,3,45,10,62.0,0,7,0,-0.369672131147541
23,2943.0,1_0_0,5,20,20,119.0,0,7,0,-0.6584782608695652
23,2969.0,1_0_0,0,10,10,47.0,0,7,0,-0.29923076923076924
23,3005.0,1_0_0,4,10,20,113.0,0,7,0,-0.6316666666666666
23,3041.0,1_0_0,1,20,10,48.0,0,7,0,-0.30166666666666664
23,3097.0,1_0_0,6,30,20,110.0,0,7,0,-0.6119642857142857
23,3133.0,1_0_0,4,10,20,117.0,0,7,0,-0.6516666666666666
23,3179.0,1_0_0,2,30,10,46.0,0,7,0,-0.2902173913043478
23,3240.0,1_0_0,3,45,10,0,0,0,0,0.010327868852459017
24,36.0,0_0_0,4,10,20,112.0,0.0,7,0,-0.6208333333333333
24,97.0,1_0_0,3,45,10,58.0,2.0,7,1,-0.3677049180327869
24,158.0,1_0_0,3,45,10,67.0,1.0,7,1,-0.4077049180327869
24,219.0,1_0_0,3,45,10,63.0,0.0,7,0,-0.3727049180327869
24,290.0,1_0_0,7,45,20,140.0,0.0,7,0,-0.7573239436619718
24,351.0,1_0_0,3,45,10,68.0,0.0,7,0,-0.3977049180327869
24,387.0,1_0_0,4,10,20,119.0,0.0,7,0,-0.6525
24,448.0,1_0_0,3,45,10,61.0,2.0,7,1,-0.38221311475409836
24,509.0,1_0_0,3,45,10,65.0,0.0,7,0,-0.3827049180327869
24,570.0,1_0_0,3,45,10,74.0,0.0,7,0,-0.4277049180327869
24,631.0,1_0_0,3,45,10,70.0,0.0,7,0,-0.4072131147540983
24,657.0,1_0_0,0,10,10,47.0,2.0,7,1,-0.31346153846153846
24,728.0,1_0_0,7,45,20,139.0,0.0,7,0,-0.7523239436619718
24,789.0,1_0_0,3,45,10,66.0,0.0,7,0,-0.3881967213114754
24,850.0,1_0_0,3,45,10,68.0,2.0,7,1,-0.41721311475409834
24,911.0,1_0_0,3,45,10,69.0,0.0,7,0,-0.40270491803278685
24,972.0,1_0_0,3,45,10,67.0,0.0,7,0,-0.39172131147540984
24,1033.0,1_0_0,3,45,10,71.0,1.0,7,1,-0.4281967213114754
24,1079.0,1_0_0,5,20,20,111.0,0.0,7,0,-0.6119565217391304
24,1140.0,1_0_0,3,45,10,72.0,2.0,7,1,-0.43721311475409835
24,1201.0,1_0_0,3,45,10,71.0,2.0,7,1,-0.43368852459016394
24,1247.0,1_0_0,5,20,20,114.0,0.0,7,0,-0.6269565217391303
24,1308.0,1_0_0,3,45,10,54.0,2.0,7,1,-0.3472131147540984
24,1344.0,1_0_0,1,20,10,42.0,0.0,7,0,-0.2683333333333333
24,1370.0,1_0_0,0,10,10,38.0,0.0,7,0,-0.24961538461538463
24,1416.0,1_0_0,5,20,20,111.0,0.0,7,0,-0.6119565217391304
24,1462.0,1_0_0,2,30,10,48.0,2.0,7,1,-0.31695652173913047
24,1508.0,1_0_0,2,30,10,39.0,0.0,6,0,-0.2426086956521739
24,1534.0,1_0_0,0,10,10,46.0,0.0,7,0,-0.28846153846153844
24,1595.0,1_0_0,3,45,10,70.0,0.0,7,0,-0.4072131147540983
24,1631.0,1_0_0,1,20,10,37.0,0.0,6,0,-0.23249999999999998
24,1687.0,1_0_0,6,30,20,111.0,0.0,7,0,-0.6116071428571429
24,1713.0,1_0_0,0,10,10,58.0,0.0,7,0,-0.3496153846153846
24,1749.0,1_0_0,1,20,10,43.0,1.0,7,1,-0.2883333333333334
24,1795.0,1_0_0,2,30,10,47.0,0.0,7,0,-0.29195652173913045
24,1866.0,1_0_0,7,45,20,137.0,0.0,7,0,-0.7423239436619719
24,1927.0,1_0_0,3,45,10,69.0,0.0,7,0,-0.40270491803278685
24,1963.0,1_0_0,1,20,10,43.0,0.0,6,0,-0.2625
24,1989.0,1_0_0,0,10,10,46.0,0.0,7,0,-0.2896153846153846
24,2060.0,1_0_0,7,45,20,143.0,0.0,7,0,-0.7723239436619718
24,2106.0,1_0_0,2,30,10,43.0,1.0,7,1,-0.2869565217391305
24,2142.0,1_0_0,1,20,10,49.0,0.0,7,0,-0.30333333333333334
24,2213.0,1_0_0,7,45,20,138.0,0.0,7,0,-0.7473239436619717
24,2249.0,1_0_0,4,10,20,120.0,0.0,7,0,-0.6575
24,2275.0,1_0_0,0,10,10,46.0,0.0,7,0,-0.28846153846153844
24,2321.0,1_0_0,5,20,20,119.0,0.0,7,0,-0.6519565217391303
24,2377.0,1_0_0,6,30,20,108.0,0.0,7,0,-0.5966071428571429
24,2413.0,1_0_0,4,10,20,113.0,0.0,7,0,-0.6224999999999999
24,2474.0,1_0_0,3,45,10,65.0,0,7,0,-0.38221311475409836
24,2520.0,1_0_0,2,30,10,39.0,0,7,0,-0.2545652173913044
24,2556.0,1_0_0,1,20,10,52.0,0,7,0,-0.3225
24,2592.0,1_0_0,4,10,20,125.0,0,7,0,-0.6916666666666667
24,2618.0,1_0_0,0,10,10,41.0,0,7,0,-0.2692307692307692
24,2664.0,1_0_0,2,30,10,39.0,0,7,0,-0.25521739130434784
24,2725.0,1_0_0,3,45,10,63.0,0,7,0,-0.374672131147541
24,2771.0,1_0_0,2,30,10,44.0,0,6,0,-0.27021739130434785
24,2832.0,1_0_0,3,45,10,67.0,0,7,0,-0.394672131147541
24,2868.0,1_0_0,1,20,10,50.0,0,7,0,-0.31166666666666665
24,2924.0,1_0_0,6,30,20,119.0,0,7,0,-0.6569642857142857
24,2950.0,1_0_0,0,10,10,66.0,0,7,0,-0.3953846153846154
24,3011.0,1_0_0,3,45,10,61.0,0,7,0,-0.364672131147541
24,3082.0,1_0_0,7,45,20,0,0,0,0,0.008450704225352112
25,71.0,0_0_0,7,45,20,145.0,0.0,7,0,-0.7835915492957746
25,142.0,1_0_0,7,45,20,134.0,0.0,7,0,-0.7269014084507042
25,213.0,1_0_0,7,45,20,131.0,0.0,7,0,-0.7119014084507042
25,269.0,1_0_0,6,30,20,119.0,0.0,7,0,-0.6516071428571428
25,305.0,1_0_0,4,10,20,119.0,0.0,7,0,-0.6533333333333332
25,376.0,1_0_0,7,45,20,133.0,0.0,7,0,-0.7219014084507042
25,432.0,1_0_0,6,30,20,104.0,0.0,7,0,-0.5766071428571429
25,458.0,1_0_0,0,10,10,43.0,1.0,7,1,-0.28961538461538466
25,494.0,1_0_0,4,10,20,117.0,0.0,7,0,-0.6425
25,565.0,1_0_0,7,45,20,133.0,0.0,7,0,-0.7219014084507042
25,636.0,1_0_0,7,45,20,128.0,0.0,7,0,-0.6969014084507041
25,682.0,1_0_0,2,30,10,49.0,0.0,7,0,-0.30195652173913046
25,718.0,1_0_0,1,20,10,36.0,0.0,6,0,-0.22833333333333333
25,779.0,1_0_0,3,45,10,51.0,1.0,7,1,-0.32622950819672136
25,850.0,1_0_0,7,45,20,123.0,0.0,7,0,-0.6714788732394366
25,886.0,1_0_0,1,20,10,43.0,1.0,7,1,-0.28750000000000003
25,932.0,1_0_0,2,30,10,49.0,0.0,7,0,-0.3032608695652174
25,958.0,1_0_0,0,10,10,55.0,1.0,7,1,-0.35076923076923083
25,994.0,1_0_0,1,20,10,49.0,0.0,7,0,-0.3025
25,1040.0,1_0_0,2,30,10,50.0,0.0,7,0,-0.30695652173913046
25,1066.0,1_0_0,0,10,10,67.0,0.0,7,0,-0.39461538461538465
25,1122.0,1_0_0,6,30,20,114.0,0.0,7,0,-0.6266071428571428
25,1178.0,1_0_0,6,30,20,123.0,0.0,7,0,-0.6726785714285713
25,1214.0,1_0_0,1,20,10,44.0,2.0,6,1,-0.2866666666666667
25,1260.0,1_0_0,2,30,10,40.0,0.0,7,0,-0.2576086956521739
25,1321.0,1_0_0,3,45,10,65.0,0.0,7,0,-0.3827049180327869
25,1347.0,1_0_0,0,10,10,50.0,0.0,7,0,-0.30846153846153845
25,1393.0,1_0_0,2,30,10,38.0,0.0,6,0,-0.2376086956521739
25,1439.0,1_0_0,5,20,20,111.0,0.0,7,0,-0.6119565217391304
25,1500.0,1_0_0,3,45,10,61.0,0.0,7,0,-0.36270491803278687
25,1536.0,1_0_0,4,10,20,117.0,0.0,7,0,-0.6425
25,1582.0,1_0_0,5,20,20,113.0,0.0,7,0,-0.6226086956521738
25,1638.0,1_0_0,6,30,20,119.0,0.0,7,0,-0.6516071428571428
25,1674.0,1_0_0,1,20,10,41.0,0.0,7,0,-0.26249999999999996
25,1730.0,1_0_0,6,30,20,107.0,0.0,7,0,-0.5910714285714286
25,1801.0,1_0_0,7,45,20,121.0,0.0,7,0,-0.6614788732394365
25,1847.0,1_0_0,2,30,10,44.0,1.0,7,1,-0.2919565217391305
25,1883.0,1_0_0,1,20,10,41.0,0.0,7,0,-0.26416666666666666
25,1909.0,1_0_0,0,10,10,52.0,0.0,7,0,-0.31961538461538463
25,1955.0,1_0_0,2,30,10,51.0,0.0,7,0,-0.31195652173913047
25,1991.0,1_0_0,1,20,10,40.0,0.0,7,0,-0.2575
25,2017.0,1_0_0,0,10,10,56.0,0.0,7,0,-0.3407692307692308
25,2078.0,1_0_0,3,45,10,63.0,0.0,7,0,-0.3717213114754098
25,2104.0,1_0_0,0,10,10,48.0,0,7,0,-0.3019230769230769
25,2140.0,1_0_0,1,20,10,39.0,0,7,0,-0.25666666666666665
25,2186.0,1_0_0,5,20,20,112.0,0,7,0,-0.6234782608695653
25,2232.0,1_0_0,2,30,10,44.0,0,7,0,-0.2802173913043478
25,2268.0,1_0_0,1,20,10,38.0,0,6,0,-0.24166666666666667
25,2339.0,1_0_0,7,45,20,142.0,0,7,0,-0.7711267605633803
25,2395.0,1_0_0,6,30,20,123.0,0,7,0,-0.6769642857142857
25,2456.0,1_0_0,3,45,10,62.0,0,7,0,-0.3701639344262295
25,2502.0,1_0_0,2,30,10,45.0,0,7,0,-0.2852173913043478
25,2528.0,1_0_0,0,10,10,64.0,0,7,0,-0.3853846153846154
25,2589.0,1_0_0,3,45,10,59.0,0,7,0,-0.354672131147541
25,2615.0,1_0_0,0,10,10,57.0,0,7,0,-0.35038461538461535
25,2651.0,1_0_0,1,20,10,48.0,0,7,0,-0.30166666666666664
25,2697.0,1_0_0,2,30,10,51.0,0,7,0,-0.3158695652173913
25,2753.0,1_0_0,6,30,20,113.0,0,7,0,-0.6269642857142856
25,2789.0,1_0_0,1,20,10,40.0,0,7,0,-0.26166666666666666
25,2825.0,1_0_0,4,10,20,112.0,0,7,0,-0.6258333333333334
25,2871.0,1_0_0,2,30,10,46.0,0,7,0,-0.2902173913043478
25,2907.0,1_0_0,4,10,20,127.0,0,7,0,-0.7016666666666667
25,2953.0,1_0_0,5,20,20,115.0,0,7,0,-0.6384782608695652
25,3014.0,1_0_0,3,45,10,65.0,0,7,0,-0.384672131147541
25,3050.0,1_0_0,1,20,10,42.0,0,7,0,-0.2716666666666666
25,3096.0,1_0_0,2,30,10,43.0,0,7,0,-0.2752173913043478
25,3142.0,1_0_0,5,20,20,116.0,0,7,0,-0.6434782608695652
25,3178.0,1_0_0,1,20,10,48.0,0,7,0,-0.30166666666666664
25,3239.0,1_0_0,3,45,10,37.0,0,3,0,-0.204672131147541
25,3265.0,0_0_0,0,10,10,0,0,0,0,0.0034615384615384616
26,26.0,0_0_0,0,10,10,40.0,0.0,7,0,-0.2653846153846154
26,72.0,1_0_0,2,30,10,43.0,0.0,7,0,-0.2726086956521739
26,143.0,1_0_0,7,45,20,139.0,0.0,7,0,-0.7519014084507041
26,214.0,1_0_0,7,45,20,141.0,0.0,7,0,-0.7619014084507041
26,275.0,1_0_0,3,45,10,64.0,0.0,7,0,-0.37721311475409836
26,336.0,1_0_0,3,45,10,67.0,0.0,7,0,-0.3927049180327869
26,407.0,1_0_0,7,45,20,137.0,0.0,7,0,-0.7419014084507042
26,463.0,1_0_0,6,30,20,103.0,0.0,7,0,-0.5716071428571429
26,499.0,1_0_0,4,10,20,123.0,0.0,7,0,-0.6733333333333332
26,535.0,1_0_0,1,20,10,38.0,0.0,6,0,-0.2375
26,596.0,1_0_0,3,45,10,58.0,2.0,7,1,-0.36721311475409835
26,657.0,1_0_0,3,45,10,76.0,0.0,7,0,-0.4381967213114754
26,718.0,1_0_0,3,45,10,59.0,0.0,7,0,-0.3517213114754098
26,754.0,1_0_0,1,20,10,38.0,0.0,6,0,-0.2375
26,815.0,1_0_0,3,45,10,70.0,0.0,7,0,-0.40770491803278686
26,876.0,1_0_0,3,45,10,72.0,0.0,7,0,-0.41721311475409834
26,937.0,1_0_0,3,45,10,69.0,2.0,7,1,-0.42270491803278687
26,983.0,1_0_0,5,20,20,117.0,0.0,7,0,-0.6419565217391303
26,1044.0,1_0_0,3,45,10,61.0,0.0,7,0,-0.36221311475409834
26,1105.0,1_0_0,3,45,10,55.0,0.0,7,0,-0.3327049180327869
26,1131.0,1_0_0,0,10,10,43.0,0.0,7,0,-0.2734615384615384
26,1167.0,1_0_0,4,10,20,124.0,0.0,7,0,-0.6783333333333332
26,1203.0,1_0_0,4,10,20,109.0,0.0,7,0,-0.6025
26,1249.0,1_0_0,2,30,10,32.0,0.0,6,0,-0.20695652173913043
26,1310.0,1_0_0,3,45,10,69.0,0.0,7,0,-0.40270491803278685
26,1371.0,1_0_0,3,45,10,72.0,0.0,7,0,-0.41770491803278686
26,1432.0,1_0_0,3,45,10,70.0,2.0,7,1,-0.4277049180327869
26,1493.0,1_0_0,3,45,10,69.0,0.0,7,0,-0.4022131147540983
26,1554.0,1_0_0,3,45,10,61.0,0.0,7,0,-0.36221311475409834
26,1610.0,1_0_0,6,30,20,113.0,0.0,7,0,-0.6216071428571428
26,1646.0,1_0_0,1,20,10,41.0,0.0,7,0,-0.26249999999999996
26,1692.0,1_0_0,2,30,10,46.0,0.0,6,0,-0.2769565217391305
26,1753.0,1_0_0,3,45,10,64.0,0.0,7,0,-0.37721311475409836
26,1809.0,1_0_0,6,30,20,109.0,0.0,7,0,-0.6021428571428571
26,1880.0,1_0_0,7,45,20,136.0,0.0,7,0,-0.7364788732394366
26,1916.0,1_0_0,4,10,20,126.0,0.0,7,0,-0.6883333333333332
26,1952.0,1_0_0,1,20,10,42.0,0.0,7,0,-0.26749999999999996
26,1978.0,1_0_0,0,10,10,44.0,0.0,7,0,-0.2796153846153846
26,2024.0,1_0_0,2,30,10,35.0,0.0,6,0,-0.22065217391304345
26,2060.0,1_0_0,1,20,10,48.0,0.0,7,0,-0.2975
26,2131.0,1_0_0,7,45,20,143.0,0.0,7,0,-0.7719014084507041
26,2157.0,1_0_0,0,10,10,41.0,0.0,6,0,-0.25346153846153846
26,2193.0,1_0_0,4,10,20,116.0,0.0,7,0,-0.6383333333333332
26,2239.0,1_0_0,2,30,10,39.0,0.0,6,0,-0.2426086956521739
26,2300.0,1_0_0,3,45,10,65.0,0.0,7,0,-0.38221311475409836
26,2346.0,1_0_0,5,20,20,118.0,0.0,7,0,-0.6469565217391303
26,2372.0,1_0_0,0,10,10,57.0,0.0,7,0,-0.3446153846153846
26,2418.0,1_0_0,2,30,10,36.0,0,6,0,-0.22826086956521738
26,2444.0,1_0_0,0,10,10,40.0,0,7,0,-0.26423076923076927
26,2480.0,1_0_0,1,20,10,53.0,0,7,0,-0.32666666666666666
26,2536.0,1_0_0,6,30,20,114.0,0,7,0,-0.6319642857142856
26,2597.0,1_0_0,3,45,10,67.0,0,7,0,-0.394672131147541
26,2668.0,1_0_0,7,45,20,137.0,0,7,0,-0.7461267605633803
26,2714.0,1_0_0,2,30,10,59.0,0,7,0,-0.35586956521739127
26,2750.0,1_0_0,1,20,10,37.0,0,6,0,-0.23666666666666666
26,2786.0,1_0_0,4,10,20,116.0,0,7,0,-0.6458333333333333
26,2842.0,1_0_0,6,30,20,114.0,0,7,0,-0.6319642857142856
26,2868.0,1_0_0,0,10,10,61.0,0,7,0,-0.37038461538461537
26,2914.0,1_0_0,2,30,10,41.0,0,6,0,-0.25521739130434784
26,2970.0,1_0_0,6,30,20,124.0,0,7,0,-0.6819642857142857
26,3006.0,1_0_0,1,20,10,45.0,0,7,0,-0.2866666666666666
26,3067.0,1_0_0,3,45,10,64.0,0,7,0,-0.379672131147541
26,3113.0,1_0_0,2,30,10,0,0,0,0,0.005869565217391305
27,56.0,0_0_0,6,30,20,110.0,0.0,7,0,-0.60875
27,102.0,1_0_0,2,30,10,48.0,2.0,7,1,-0.31695652173913047
27,148.0,1_0_0,2,30,10,37.0,1.0,6,1,-0.24695652173913044
27,194.0,1_0_0,2,30,10,46.0,0.0,7,0,-0.2876086956521739
27,230.0,1_0_0,4,10,20,126.0,0.0,7,0,-0.6883333333333332
27,276.0,1_0_0,5,20,20,119.0,0.0,7,0,-0.6519565217391303
27,337.0,1_0_0,3,45,10,66.0,0.0,7,0,-0.3877049180327869
27,383.0,1_0_0,2,30,10,43.0,0.0,7,0,-0.27195652173913043
27,429.0,1_0_0,2,30,10,43.0,0.0,7,0,-0.27195652173913043
27,490.0,1_0_0,3,45,10,66.0,0.0,7,0,-0.3877049180327869
27,536.0,1_0_0,2,30,10,48.0,0.0,7,0,-0.2976086956521739
27,582.0,1_0_0,2,30,10,39.0,0.0,7,0,-0.2526086956521739
27,628.0,1_0_0,2,30,10,40.0,0.0,7,0,-0.2569565217391305
27,674.0,1_0_0,2,30,10,47.0,0.0,7,0,-0.29195652173913045
27,710.0,1_0_0,1,20,10,51.0,0.0,7,0,-0.31333333333333335
27,756.0,1_0_0,2,30,10,40.0,0.0,6,0,-0.24760869565217392
27,817.0,1_0_0,3,45,10,79.0,2.0,7,1,-0.4722131147540984
27,863.0,1_0_0,5,20,20,117.0,1.0,7,1,-0.6569565217391303
27,909.0,1_0_0,2,30,10,45.0,2.0,7,1,-0.3026086956521739
27,935.0,1_0_0,0,10,10,55.0,0.0,7,0,-0.3357692307692308
27,981.0,1_0_0,2,30,10,51.0,1.0,7,1,-0.32630434782608697
27,1052.0,1_0_0,7,45,20,128.0,0.0,7,0,-0.6973239436619718
27,1098.0,1_0_0,2,30,10,50.0,0.0,7,0,-0.30695652173913046
27,1144.0,1_0_0,2,30,10,47.0,0.0,7,0,-0.29195652173913045
27,1190.0,1_0_0,2,30,10,48.0,0.0,7,0,-0.29695652173913045
27,1236.0,1_0_0,2,30,10,52.0,0.0,7,0,-0.3176086956521739
27,1282.0,1_0_0,2,30,10,45.0,0.0,7,0,-0.28195652173913044
27,1328.0,1_0_0,2,30,10,39.0,3.0,7,2,-0.28695652173913044
27,1389.0,1_0_0,3,45,10,63.0,0.0,7,0,-0.3731967213114754
27,1425.0,1_0_0,4,10,20,124.0,0.0,7,0,-0.6775
27,1471.0,1_0_0,2,30,10,41.0,0.0,7,0,-0.2619565217391304
27,1517.0,1_0_0,2,30,10,44.0,0.0,7,0,-0.27695652173913043
27,1588.0,1_0_0,7,45,20,135.0,0.0,7,0,-0.7323239436619718
27,1624.0,1_0_0,1,20,10,45.0,0.0,7,0,-0.2825
27,1680.0,1_0_0,6,30,20,111.0,0.0,7,0,-0.6116071428571429
27,1726.0,1_0_0,2,30,10,42.0,0.0,7,0,-0.2663043478260869
27,1797.0,1_0_0,7,45,20,137.0,0.0,7,0,-0.7423239436619719
27,1843.0,1_0_0,5,20,20,116.0,0.0,7,0,-0.6363043478260869
27,1869.0,1_0_0,0,10,10,45.0,0.0,6,0,-0.2734615384615385
27,1915.0,1_0_0,2,30,10,43.0,2.0,7,1,-0.29260869565217396
27,1961.0,1_0_0,2,30,10,46.0,2.0,7,1,-0.3082608695652174
27,2007.0,1_0_0,2,30,10,36.0,0.0,6,0,-0.22695652173913042
27,2068.0,1_0_0,3,45,10,61.0,0.0,7,0,-0.3617213114754098
27,2114.0,1_0_0,2,30,10,40.0,0.0,7,0,-0.2569565217391305
27,2150.0,1_0_0,1,20,10,41.0,0.0,6,0,-0.2525
27,2196.0,1_0_0,2,30,10,36.0,1.0,6,1,-0.2426086956521739
27,2232.0,1_0_0,4,10,20,116.0,0.0,7,0,-0.6375
27,2293.0,1_0_0,3,45,10,71.0,0.0,7,0,-0.41221311475409833
27,2319.0,1_0_0,0,10,10,61.0,0.0,7,0,-0.3646153846153846
27,2355.0,1_0_0,1,20,10,44.0,2.0,7,1,-0.2983333333333334
27,2401.0,1_0_0,2,30,10,41.0,0.0,7,0,-0.2619565217391304
27,2427.0,1_0_0,0,10,10,68.0,2.0,7,1,-0.4207692307692308
27,2498.0,1_0_0,7,45,20,128.0,0,7,0,-0.7002816901408451
27,2544.0,1_0_0,2,30,10,40.0,0,6,0,-0.25021739130434784
27,2580.0,1_0_0,1,20,10,51.0,0,7,0,-0.31666666666666665
27,2626.0,1_0_0,2,30,10,45.0,0,7,0,-0.2852173913043478
27,2652.0,1_0_0,0,10,10,47.0,0,7,0,-0.29923076923076924
27,2688.0,1_0_0,1,20,10,45.0,0,7,0,-0.2866666666666666
27,2749.0,1_0_0,3,45,10,72.0,0,7,0,-0.4201639344262295
27,2795.0,1_0_0,2,30,10,47.0,0,7,0,-0.2952173913043478
27,2821.0,1_0_0,0,10,10,62.0,0,7,0,-0.37538461538461537
27,2857.0,1_0_0,4,10,20,132.0,0,7,0,-0.7266666666666667
27,2928.0,1_0_0,7,45,20,136.0,0,7,0,-0.7411267605633802
27,2954.0,1_0_0,0,10,10,40.0,0,7,0,-0.26423076923076927
27,2990.0,1_0_0,1,20,10,49.0,0,7,0,-0.30666666666666664
27,3051.0,1_0_0,3,45,10,38.0,0,3,0,-0.209672131147541
27,3112.0,0_0_0,3,45,10,0,0,0,0,0.0014754098360655736
28,36.0,0_0_0,4,10,20,112.0,0.0,7,0,-0.62
28,97.0,1_0_0,3,45,10,65.0,0.0,7,0,-0.3827049180327869
28,158.0,1_0_0,3,45,10,76.0,0.0,7,0,-0.4377049180327869
28,219.0,1_0_0,3,45,10,67.0,0.0,7,0,-0.39221311475409837
28,280.0,1_0_0,3,45,10,68.0,2.0,7,1,-0.41721311475409834
28,336.0,1_0_0,6,30,20,113.0,0.0,7,0,-0.6216071428571428
28,397.0,1_0_0,3,45,10,67.0,0.0,7,0,-0.39221311475409837
28,458.0,1_0_0,3,45,10,63.0,0.0,7,0,-0.37221311475409835
28,494.0,1_0_0,1,20,10,44.0,0.0,7,0,-0.27749999999999997
28,555.0,1_0_0,3,45,10,67.0,0.0,7,0,-0.39221311475409837
28,616.0,1_0_0,3,45,10,69.0,0.0,7,0,-0.40270491803278685
28,677.0,1_0_0,3,45,10,60.0,0.0,7,0,-0.3567213114754098
28,713.0,1_0_0,4,10,20,117.0,0.0,7,0,-0.6416666666666666
28,749.0,1_0_0,1,20,10,40.0,1.0,6,1,-0.26249999999999996
28,810.0,1_0_0,3,45,10,68.0,0.0,7,0,-0.3977049180327869
28,871.0,1_0_0,3,45,10,65.0,0.0,7,0,-0.38221311475409836
28,942.0,1_0_0,7,45,20,134.0,0.0,7,0,-0.7269014084507042
28,1003.0,1_0_0,3,45,10,53.0,0.0,7,0,-0.32221311475409836
28,1039.0,1_0_0,1,20,10,39.0,2.0,7,1,-0.2725
28,1100.0,1_0_0,3,45,10,54.0,0.0,7,0,-0.32721311475409837
28,1146.0,1_0_0,5,20,20,124.0,0.0,7,0,-0.6769565217391303
28,1207.0,1_0_0,3,45,10,73.0,0.0,7,0,-0.42270491803278687
28,1268.0,1_0_0,3,45,10,60.0,2.0,7,1,-0.3777049180327869
28,1329.0,1_0_0,3,45,10,66.0,0.0,7,0,-0.38721311475409836
28,1375.0,1_0_0,2,30,10,45.0,1.0,7,1,-0.29760869565217396
28,1436.0,1_0_0,3,45,10,68.0,0.0,7,0,-0.3972131147540984
28,1492.0,1_0_0,6,30,20,115.0,0.0,7,0,-0.6316071428571428
28,1528.0,1_0_0,1,20,10,46.0,0.0,6,0,-0.2775
28,1554.0,1_0_0,0,10,10,45.0,0.0,7,0,-0.2846153846153846
28,1625.0,1_0_0,7,45,20,134.0,0.0,7,0,-0.7269014084507042
28,1671.0,1_0_0,2,30,10,43.0,0.0,6,0,-0.2619565217391305
28,1707.0,1_0_0,1,20,10,41.0,1.0,7,1,-0.2775
28,1768.0,1_0_0,3,45,10,65.0,0.0,7,0,-0.38221311475409836
28,1814.0,1_0_0,2,30,10,50.0,1.0,7,1,-0.32326086956521743
28,1850.0,1_0_0,1,20,10,54.0,2.0,7,1,-0.34750000000000003
28,1876.0,1_0_0,0,10,10,54.0,0.0,7,0,-0.32961538461538464
28,1937.0,1_0_0,3,45,10,60.0,0.0,7,0,-0.35770491803278687
28,1983.0,1_0_0,2,30,10,37.0,0.0,6,0,-0.2326086956521739
28,2029.0,1_0_0,5,20,20,106.0,0.0,7,0,-0.586304347826087
28,2065.0,1_0_0,1,20,10,45.0,0.0,7,0,-0.2833333333333333
28,2111.0,1_0_0,2,30,10,39.0,0.0,7,0,-0.2526086956521739
28,2137.0,1_0_0,0,10,10,42.0,0.0,6,0,-0.25846153846153846
28,2193.0,1_0_0,6,30,20,111.0,0.0,7,0,-0.6116071428571429
28,2219.0,1_0_0,0,10,10,46.0,0.0,7,0,-0.28846153846153844
28,2280.0,1_0_0,3,45,10,69.0,0.0,7,0,-0.4022131147540983
28,2341.0,1_0_0,3,45,10,65.0,0.0,7,0,-0.38221311475409836
28,2377.0,1_0_0,1,20,10,40.0,0.0,7,0,-0.25833333333333336
28,2423.0,1_0_0,2,30,10,46.0,0.0,7,0,-0.2876086956521739
28,2469.0,1_0_0,5,20,20,104.0,0.0,7,0,-0.576304347826087
28,2505.0,1_0_0,1,20,10,56.0,2.0,7,1,-0.3575
28,2551.0,1_0_0,2,30,10,55.0,0.0,7,0,-0.33260869565217394
28,2587.0,1_0_0,1,20,10,43.0,1.0,7,1,-0.28750000000000003
28,2623.0,1_0_0,1,20,10,44.0,0.0,7,0,-0.2783333333333333
28,2649.0,1_0_0,0,10,10,42.0,0,7,0,-0.27307692307692305
28,2675.0,1_0_0,0,10,10,60.0,0,7,0,-0.36538461538461536
28,2746.0,1_0_0,7,45,20,124.0,0,7,0,-0.6807042253521126
28,2792.0,1_0_0,2,30,10,41.0,0,7,0,-0.2652173913043478
28,2853.0,1_0_0,3,45,10,62.0,0,7,0,-0.369672131147541
28,2879.0,1_0_0,0,10,10,47.0,0,7,0,-0.29923076923076924
28,2950.0,1_0_0,7,45,20,132.0,0,6,0,-0.7111267605633802
28,2986.0,1_0_0,4,10,20,44.0,0,2,0,-0.23666666666666666
28,3047.0,0_0_0,3,45,10,0,0,0,0,0.0009836065573770492
29,46.0,0_0_0,2,30,10,37.0,1.0,6,1,-0.24956521739130436
29,82.0,1_0_0,4,10,20,117.0,0.0,7,0,-0.6425
29,118.0,1_0_0,4,10,20,111.0,0.0,7,0,-0.6125
29,154.0,1_0_0,4,10,20,131.0,0.0,7,0,-0.7133333333333333
29,215.0,1_0_0,3,45,10,63.0,0.0,7,0,-0.37221311475409835
29,251.0,1_0_0,4,10,20,117.0,0.0,7,0,-0.6425
29,287.0,1_0_0,4,10,20,111.0,0.0,7,0,-0.6125
29,323.0,1_0_0,4,10,20,131.0,0.0,7,0,-0.7133333333333333
29,359.0,1_0_0,4,10,20,112.0,0.0,7,0,-0.6175
29,420.0,1_0_0,3,45,10,71.0,0.0,7,0,-0.41221311475409833
29,456.0,1_0_0,4,10,20,107.0,0.0,7,0,-0.5925
29,492.0,1_0_0,4,10,20,116.0,0.0,7,0,-0.6375
29,518.0,1_0_0,0,10,10,48.0,0.0,7,0,-0.29846153846153844
29,564.0,1_0_0,2,30,10,44.0,2.0,6,1,-0.28695652173913044
29,620.0,1_0_0,6,30,20,115.0,0.0,7,0,-0.632142857142857
29,666.0,1_0_0,2,30,10,56.0,0.0,7,0,-0.33760869565217394
29,722.0,1_0_0,6,30,20,114.0,0.0,7,0,-0.6266071428571428
29,768.0,1_0_0,5,20,20,107.0,0.0,7,0,-0.591304347826087
29,804.0,1_0_0,4,10,20,112.0,0.0,7,0,-0.6175
29,865.0,1_0_0,3,45,10,61.0,0.0,7,0,-0.36221311475409834
29,901.0,1_0_0,1,20,10,45.0,0.0,7,0,-0.2825
29,937.0,1_0_0,1,20,10,36.0,1.0,6,1,-0.24333333333333335
29,993.0,1_0_0,6,30,20,105.0,0.0,7,0,-0.5816071428571429
29,1039.0,1_0_0,2,30,10,35.0,0.0,6,0,-0.2219565217391304
29,1065.0,1_0_0,0,10,10,55.0,0.0,7,0,-0.33461538461538465
29,1101.0,1_0_0,1,20,10,45.0,0.0,7,0,-0.2833333333333333
29,1147.0,1_0_0,5,20,20,117.0,0.0,7,0,-0.6419565217391303
29,1193.0,1_0_0,2,30,10,38.0,0.0,6,0,-0.23695652173913043
29,1229.0,1_0_0,4,10,20,120.0,0.0,7,0,-0.6583333333333332
29,1275.0,1_0_0,5,20,20,115.0,0.0,7,0,-0.6319565217391303
29,1321.0,1_0_0,2,30,10,39.0,0.0,7,0,-0.25195652173913047
29,1367.0,1_0_0,5,20,20,113.0,0.0,7,0,-0.6219565217391303
29,1428.0,1_0_0,3,45,10,64.0,0.0,7,0,-0.3777049180327869
29,1464.0,1_0_0,1,20,10,36.0,2.0,6,1,-0.24666666666666667
29,1490.0,1_0_0,0,10,10,48.0,0.0,7,0,-0.3007692307692308
29,1536.0,1_0_0,2,30,10,43.0,0.0,6,0,-0.26260869565217393
29,1597.0,1_0_0,3,45,10,68.0,2.0,7,1,-0.41770491803278686
29,1633.0,1_0_0,1,20,10,44.0,2.0,7,1,-0.29750000000000004
29,1659.0,1_0_0,0,10,10,59.0,0.0,7,0,-0.3557692307692308
29,1695.0,1_0_0,1,20,10,36.0,0.0,7,0,-0.23833333333333334
29,1741.0,1_0_0,5,20,20,104.0,0.0,7,0,-0.5769565217391304
29,1797.0,1_0_0,6,30,20,119.0,0.0,7,0,-0.652142857142857
29,1833.0,1_0_0,1,20,10,46.0,0,7,0,-0.2891666666666667
29,1879.0,1_0_0,2,30,10,42.0,0,7,0,-0.2702173913043478
29,1915.0,1_0_0,4,10,20,110.0,0,7,0,-0.6158333333333333
29,1941.0,1_0_0,0,10,10,41.0,0,7,0,-0.2692307692307692
29,2002.0,1_0_0,3,45,10,73.0,0,7,0,-0.424672131147541
29,2048.0,1_0_0,2,30,10,42.0,0,7,0,-0.2702173913043478
29,2074.0,1_0_0,0,10,10,43.0,0,7,0,-0.2792307692307692
29,2110.0,1_0_0,1,20,10,51.0,0,7,0,-0.31666666666666665
29,2156.0,1_0_0,2,30,10,37.0,0,7,0,-0.24456521739130435
29,2227.0,1_0_0,7,45,20,133.0,0,7,0,-0.7261267605633803
29,2273.0,1_0_0,2,30,10,41.0,0,7,0,-0.2652173913043478
29,2334.0,1_0_0,3,45,10,64.0,0,7,0,-0.38016393442622953
29,2360.0,1_0_0,0,10,10,56.0,0,7,0,-0.3453846153846154
29,2396.0,1_0_0,1,20,10,47.0,0,7,0,-0.29666666666666663
29,2457.0,1_0_0,3,45,10,67.0,0,7,0,-0.394672131147541
29,2493.0,1_0_0,4,10,20,127.0,0,7,0,-0.7016666666666667
29,2539.0,1_0_0,2,30,10,39.0,0,7,0,-0.25521739130434784
29,2565.0,1_0_0,0,10,10,61.0,0,7,0,-0.37038461538461537
29,2626.0,1_0_0,3,45,10,69.0,0,7,0,-0.40467213114754097
29,2682.0,1_0_0,6,30,20,107.0,0,7,0,-0.5969642857142857
29,2718.0,1_0_0,1,20,10,42.0,0,7,0,-0.2716666666666666
29,2764.0,1_0_0,2,30,10,50.0,0,7,0,-0.31021739130434783
29,2835.0,1_0_0,7,45,20,138.0,0,7,0,-0.7511267605633802
29,2871.0,1_0_0,1,20,10,35.0,0,6,0,-0.22666666666666666
29,2897.0,1_0_0,0,10,10,44.0,0,7,0,-0.28423076923076923
29,2933.0,1_0_0,1,20,10,40.0,0,6,0,-0.25166666666666665
29,2989.0,1_0_0,6,30,20,118.0,0,7,0,-0.6519642857142857
29,3035.0,1_0_0,2,30,10,34.0,0,6,0,-0.21956521739130436
29,3071.0,1_0_0,4,10,20,122.0,0,7,0,-0.6758333333333333
29,3097.0,1_0_0,0,10,10,54.0,0,7,0,-0.3342307692307693
29,3143.0,1_0_0,5,20,20,111.0,0,7,0,-0.6184782608695653
29,3214.0,1_0_0,7,45,20,130.0,0,7,0,-0.7107042253521126
29,3260.0,1_0_0,2,30,10,47.0,0,7,0,-0.2952173913043478
29,3296.0,1_0_0,1,20,10,45.0,0,7,0,-0.2866666666666666
29,3357.0,1_0_0,3,45,10,78.0,0,7,0,-0.449672131147541
29,3413.0,1_0_0,6,30,20,0,0,0,0,0.004821428571428572
30,61.0,0_0_0,3,45,10,64.0,0.0,7,0,-0.3791803278688525
30,117.0,1_0_0,6,30,20,114.0,0.0,7,0,-0.6266071428571428
30,153.0,1_0_0,1,20,10,47.0,0.0,7,0,-0.2925
30,199.0,1_0_0,2,30,10,54.0,0.0,7,0,-0.32760869565217393
30,255.0,1_0_0,6,30,20,113.0,0.0,7,0,-0.6210714285714285
30,311.0,1_0_0,6,30,20,131.0,0.0,7,0,-0.7116071428571429
30,367.0,1_0_0,6,30,20,119.0,0.0,7,0,-0.6516071428571428
30,423.0,1_0_0,6,30,20,117.0,0.0,7,0,-0.6416071428571428
30,484.0,1_0_0,3,45,10,67.0,0.0,7,0,-0.3927049180327869
30,510.0,1_0_0,0,10,10,51.0,0.0,7,0,-0.31230769230769234
30,566.0,1_0_0,6,30,20,117.0,0.0,7,0,-0.642142857142857
30,622.0,1_0_0,6,30,20,112.0,0.0,7,0,-0.6166071428571429
30,678.0,1_0_0,6,30,20,114.0,0.0,7,0,-0.6266071428571428
30,734.0,1_0_0,6,30,20,118.0,0.0,7,0,-0.647142857142857
30,770.0,1_0_0,1,20,10,50.0,0.0,7,0,-0.3075
30,816.0,1_0_0,2,30,10,46.0,2.0,7,1,-0.30695652173913046
30,872.0,1_0_0,6,30,20,115.0,0.0,7,0,-0.632142857142857
30,918.0,1_0_0,2,30,10,44.0,0.0,7,0,-0.27695652173913043
30,954.0,1_0_0,1,20,10,39.0,0.0,6,0,-0.24333333333333335
30,980.0,1_0_0,0,10,10,44.0,0.0,7,0,-0.2784615384615384
30,1016.0,1_0_0,1,20,10,49.0,1.0,7,1,-0.3175
30,1042.0,1_0_0,0,10,10,62.0,0.0,7,0,-0.3719230769230769
30,1103.0,1_0_0,3,45,10,65.0,2.0,7,1,-0.4022131147540984
30,1149.0,1_0_0,2,30,10,37.0,2.0,6,1,-0.2526086956521739
30,1195.0,1_0_0,5,20,20,120.0,0.0,7,0,-0.6576086956521738
30,1231.0,1_0_0,4,10,20,114.0,0.0,7,0,-0.6275
30,1277.0,1_0_0,2,30,10,58.0,2.0,7,1,-0.3676086956521739
30,1338.0,1_0_0,3,45,10,70.0,0.0,7,0,-0.40770491803278686
30,1374.0,1_0_0,1,20,10,50.0,0.0,7,0,-0.3075
30,1400.0,1_0_0,0,10,10,46.0,0.0,7,0,-0.28846153846153844
30,1446.0,1_0_0,2,30,10,44.0,3.0,7,2,-0.3126086956521739
30,1502.0,1_0_0,6,30,20,115.0,0.0,7,0,-0.632142857142857
30,1538.0,1_0_0,1,20,10,32.0,2.0,7,1,-0.23666666666666666
30,1609.0,1_0_0,7,45,20,133.0,0.0,7,0,-0.7223239436619718
30,1665.0,1_0_0,6,30,20,117.0,0.0,7,0,-0.6416071428571428
30,1691.0,1_0_0,0,10,10,46.0,0.0,7,0,-0.28846153846153844
30,1752.0,1_0_0,3,45,10,64.0,0.0,7,0,-0.3777049180327869
30,1788.0,1_0_0,4,10,20,102.0,0.0,7,0,-0.5666666666666667
30,1824.0,1_0_0,1,20,10,42.0,2.0,7,1,-0.28666666666666674
30,1860.0,1_0_0,1,20,10,45.0,0.0,7,0,-0.2833333333333333
30,1896.0,1_0_0,1,20,10,50.0,0.0,7,0,-0.30833333333333335
30,1932.0,1_0_0,1,20,10,46.0,0.0,7,0,-0.2866666666666667
30,2003.0,1_0_0,7,45,20,133.0,0.0,7,0,-0.7214788732394366
30,2049.0,1_0_0,5,20,20,106.0,0,7,0,-0.5869565217391304
30,2110.0,1_0_0,3,45,10,56.0,0,7,0,-0.339672131147541
30,2156.0,1_0_0,2,30,10,39.0,0,7,0,-0.25521739130434784
30,2192.0,1_0_0,1,20,10,45.0,0,7,0,-0.2866666666666666
30,2238.0,1_0_0,2,30,10,46.0,0,7,0,-0.2902173913043478
30,2274.0,1_0_0,4,10,20,119.0,0,7,0,-0.6616666666666666
30,2300.0,1_0_0,0,10,10,46.0,0,7,0,-0.29423076923076924
30,2326.0,1_0_0,0,10,10,48.0,0,7,0,-0.30423076923076925
30,2397.0,1_0_0,7,45,20,131.0,0,7,0,-0.7157042253521126
30,2453.0,1_0_0,6,30,20,113.0,0,7,0,-0.6269642857142856
30,2499.0,1_0_0,2,30,10,54.0,0,7,0,-0.33021739130434785
30,2545.0,1_0_0,5,20,20,112.0,0,7,0,-0.6234782608695653
30,2571.0,1_0_0,0,10,10,62.0,0,7,0,-0.37538461538461537
30,2632.0,1_0_0,3,45,10,59.0,0,7,0,-0.354672131147541
30,2693.0,1_0_0,3,45,10,71.0,0,7,0,-0.414672131147541
30,2739.0,1_0_0,2,30,10,44.0,0,7,0,-0.2802173913043478
30,2765.0,1_0_0,0,10,10,43.0,0,7,0,-0.2792307692307692
30,2836.0,1_0_0,7,45,20,147.0,0,7,0,-0.7965492957746478
30,2872.0,1_0_0,1,20,10,44.0,0,7,0,-0.2816666666666666
30,2908.0,1_0_0,4,10,20,117.0,0,7,0,-0.6508333333333333
30,2954.0,1_0_0,2,30,10,46.0,0,7,0,-0.2902173913043478
30,2980.0,1_0_0,0,10,10,59.0,0,7,0,-0.36038461538461536
30,3026.0,1_0_0,5,20,20,113.0,0,7,0,-0.6284782608695652
30,3062.0,1_0_0,1,20,10,43.0,0,7,0,-0.2766666666666666
30,3118.0,1_0_0,6,30,20,110.0,0,7,0,-0.6119642857142857
30,3144.0,1_0_0,0,10,10,46.0,0,7,0,-0.29423076923076924
30,3205.0,1_0_0,3,45,10,63.0,0,7,0,-0.374672131147541
30,3251.0,1_0_0,2,30,10,0,0,0,0,0.010434782608695651
31,36.0,0_0_0,4,10,20,102.0,0.0,7,0,-0.57
31,82.0,1_0_0,2,30,10,46.0,0.0,7,0,-0.28695652173913044
31,153.0,1_0_0,7,45,20,128.0,0.0,7,0,-0.6964788732394366
31,189.0,1_0_0,4,10,20,105.0,0.0,7,0,-0.5825
31,235.0,1_0_0,2,30,10,52.0,1.0,7,1,-0.33260869565217394
31,281.0,1_0_0,2,30,10,45.0,0.0,7,0,-0.28195652173913044
31,327.0,1_0_0,2,30,10,45.0,0.0,7,0,-0.28195652173913044
31,373.0,1_0_0,2,30,10,41.0,0.0,7,0,-0.2619565217391304
31,399.0,1_0_0,0,10,10,50.0,2.0,7,1,-0.32961538461538464
31,425.0,1_0_0,0,10,10,57.0,1.0,7,1,-0.3596153846153846
31,471.0,1_0_0,2,30,10,46.0,0.0,7,0,-0.2876086956521739
31,517.0,1_0_0,2,30,10,48.0,0.0,7,0,-0.29695652173913045
31,578.0,1_0_0,3,45,10,64.0,0.0,7,0,-0.37721311475409836
31,624.0,1_0_0,2,30,10,55.0,0.0,7,0,-0.33260869565217394
31,650.0,1_0_0,0,10,10,43.0,0.0,6,0,-0.26346153846153847
31,686.0,1_0_0,4,10,20,106.0,0.0,7,0,-0.5875
31,732.0,1_0_0,2,30,10,44.0,0.0,7,0,-0.27695652173913043
31,788.0,1_0_0,6,30,20,120.0,0.0,7,0,-0.6566071428571428
31,834.0,1_0_0,5,20,20,119.0,0.0,7,0,-0.6513043478260869
31,880.0,1_0_0,5,20,20,110.0,0.0,7,0,-0.6076086956521739
31,926.0,1_0_0,2,30,10,43.0,0.0,6,0,-0.26130434782608697
31,972.0,1_0_0,2,30,10,48.0,0.0,7,0,-0.2976086956521739
31,1018.0,1_0_0,2,30,10,46.0,0.0,7,0,-0.2876086956521739
31,1054.0,1_0_0,4,10,20,111.0,0.0,7,0,-0.6125
31,1100.0,1_0_0,2,30,10,49.0,0.0,7,0,-0.3026086956521739
31,1146.0,1_0_0,2,30,10,44.0,0.0,7,0,-0.27695652173913043
31,1217.0,1_0_0,7,45,20,132.0,0.0,7,0,-0.7169014084507042
31,1253.0,1_0_0,4,10,20,130.0,0.0,7,0,-0.7083333333333333
31,1324.0,1_0_0,7,45,20,136.0,0.0,7,0,-0.7369014084507042
31,1370.0,1_0_0,2,30,10,45.0,0.0,7,0,-0.28195652173913044
31,1406.0,1_0_0,4,10,20,120.0,0.0,7,0,-0.6583333333333332
31,1452.0,1_0_0,2,30,10,45.0,0.0,7,0,-0.2826086956521739
31,1498.0,1_0_0,2,30,10,57.0,0.0,7,0,-0.3426086956521739
31,1544.0,1_0_0,2,30,10,34.0,0.0,6,0,-0.21630434782608696
31,1590.0,1_0_0,2,30,10,45.0,0.0,7,0,-0.28195652173913044
31,1636.0,1_0_0,2,30,10,39.0,0.0,6,0,-0.24195652173913043
31,1682.0,1_0_0,2,30,10,37.0,0.0,7,0,-0.24195652173913043
31,1728.0,1_0_0,2,30,10,42.0,0.0,7,0,-0.2669565217391304
31,1774.0,1_0_0,2,30,10,46.0,0.0,7,0,-0.28695652173913044
31,1820.0,1_0_0,2,30,10,33.0,0.0,6,0,-0.21195652173913043
31,1866.0,1_0_0,2,30,10,36.0,2.0,6,1,-0.24695652173913044
31,1912.0,1_0_0,2,30,10,41.0,0.0,7,0,-0.2632608695652174
31,1958.0,1_0_0,2,30,10,33.0,0.0,6,0,-0.21065217391304347
31,2029.0,1_0_0,7,45,20,130.0,0.0,7,0,-0.7073239436619718
31,2055.0,1_0_0,0,10,10,56.0,0.0,7,0,-0.3384615384615385
31,2101.0,1_0_0,2,30,10,49.0,1.0,7,1,-0.31695652173913047
31,2127.0,1_0_0,0,10,10,56.0,2.0,7,1,-0.3607692307692308
31,2183.0,1_0_0,6,30,20,130.0,0,7,0,-0.7082142857142857
31,2239.0,1_0_0,6,30,20,112.0,0,7,0,-0.6219642857142857
31,2285.0,1_0_0,2,30,10,53.0,0,7,0,-0.3258695652173913
31,2341.0,1_0_0,6,30,20,111.0,0,7,0,-0.6169642857142857
31,2387.0,1_0_0,2,30,10,44.0,0,7,0,-0.2802173913043478
31,2443.0,1_0_0,6,30,20,120.0,0,7,0,-0.6619642857142857
31,2479.0,1_0_0,1,20,10,44.0,0,7,0,-0.2816666666666666
31,2540.0,1_0_0,3,45,10,68.0,0,7,0,-0.40016393442622955
31,2566.0,1_0_0,0,10,10,45.0,0,6,0,-0.2792307692307693
31,2602.0,1_0_0,1,20,10,45.0,0,7,0,-0.2866666666666666
31,2638.0,1_0_0,4,10,20,124.0,0,7,0,-0.6866666666666666
31,2699.0,1_0_0,3,45,10,70.0,0,7,0,-0.409672131147541
31,2745.0,1_0_0,2,30,10,34.0,0,6,0,-0.21956521739130436
31,2781.0,1_0_0,1,20,10,42.0,0,6,0,-0.26166666666666666
31,2807.0,1_0_0,0,10,10,38.0,0,7,0,-0.25423076923076926
31,2853.0,1_0_0,2,30,10,39.0,0,7,0,-0.25521739130434784
31,2909.0,1_0_0,6,30,20,116.0,0,7,0,-0.6419642857142857
31,2935.0,1_0_0,0,10,10,55.0,0,7,0,-0.3392307692307693
31,2981.0,1_0_0,5,20,20,118.0,0,7,0,-0.6534782608695652
31,3052.0,1_0_0,7,45,20,140.0,0,7,0,-0.7611267605633802
31,3088.0,1_0_0,1,20,10,45.0,0,7,0,-0.2866666666666666
31,3149.0,1_0_0,3,45,10,60.0,0,6,0,-0.349672131147541
31,3195.0,1_0_0,2,30,10,0,0,0,0,0.003913043478260869
32,71.0,0_0_0,7,45,20,135.0,0.0,7,0,-0.7331690140845071
32,117.0,1_0_0,2,30,10,46.0,0.0,7,0,-0.2876086956521739
32,163.0,1_0_0,2,30,10,55.0,0.0,7,0,-0.33260869565217394
32,209.0,1_0_0,2,30,10,39.0,2.0,7,1,-0.2719565217391305
32,255.0,1_0_0,2,30,10,43.0,0.0,7,0,-0.2726086956521739
32,301.0,1_0_0,5,20,20,115.0,0.0,7,0,-0.6319565217391303
32,347.0,1_0_0,2,30,10,40.0,0.0,7,0,-0.2569565217391305
32,393.0,1_0_0,2,30,10,45.0,0.0,7,0,-0.28195652173913044
32,429.0,1_0_0,4,10,20,123.0,0.0,7,0,-0.6733333333333332
32,475.0,1_0_0,2,30,10,49.0,0.0,7,0,-0.30195652173913046
32,521.0,1_0_0,2,30,10,46.0,0.0,7,0,-0.2876086956521739
32,567.0,1_0_0,2,30,10,47.0,0.0,7,0,-0.29130434782608694
32,613.0,1_0_0,2,30,10,45.0,0.0,7,0,-0.28195652173913044
32,659.0,1_0_0,2,30,10,51.0,0.0,7,0,-0.3126086956521739
32,715.0,1_0_0,6,30,20,113.0,0.0,7,0,-0.6216071428571428
32,761.0,1_0_0,2,30,10,40.0,0.0,7,0,-0.2569565217391305
32,807.0,1_0_0,2,30,10,53.0,0.0,7,0,-0.3219565217391305
32,853.0,1_0_0,2,30,10,51.0,0.0,7,0,-0.31195652173913047
32,899.0,1_0_0,2,30,10,38.0,0.0,7,0,-0.24630434782608696
32,945.0,1_0_0,2,30,10,56.0,0.0,7,0,-0.33760869565217394
32,971.0,1_0_0,0,10,10,58.0,2.0,7,1,-0.3696153846153846
32,1017.0,1_0_0,2,30,10,45.0,0.0,7,0,-0.2826086956521739
32,1063.0,1_0_0,2,30,10,55.0,0.0,7,0,-0.3319565217391305
32,1124.0,1_0_0,3,45,10,59.0,0.0,7,0,-0.35221311475409833
32,1170.0,1_0_0,2,30,10,49.0,2.0,7,1,-0.3219565217391305
32,1206.0,1_0_0,4,10,20,113.0,0.0,7,0,-0.6233333333333332
32,1232.0,1_0_0,0,10,10,54.0,0.0,7,0,-0.3307692307692308
32,1278.0,1_0_0,2,30,10,42.0,1.0,7,1,-0.28260869565217395
32,1324.0,1_0_0,2,30,10,46.0,0.0,7,0,-0.28695652173913044
32,1370.0,1_0_0,2,30,10,53.0,0.0,7,0,-0.3226086956521739
32,1416.0,1_0_0,2,30,10,46.0,0.0,7,0,-0.28695652173913044
32,1462.0,1_0_0,2,30,10,36.0,0.0,6,0,-0.2276086956521739
32,1508.0,1_0_0,2,30,10,42.0,0.0,7,0,-0.2669565217391304
32,1554.0,1_0_0,2,30,10,34.0,0.0,6,0,-0.21760869565217392
32,1610.0,1_0_0,6,30,20,117.0,0.0,7,0,-0.6416071428571428
32,1656.0,1_0_0,2,30,10,40.0,0.0,7,0,-0.2569565217391305
32,1692.0,1_0_0,4,10,20,127.0,0.0,7,0,-0.6933333333333332
32,1738.0,1_0_0,2,30,10,49.0,1.0,7,1,-0.3176086956521739
32,1774.0,1_0_0,1,20,10,47.0,0.0,7,0,-0.2925
32,1810.0,1_0_0,1,20,10,48.0,0.0,7,0,-0.2975
32,1856.0,1_0_0,2,30,10,42.0,0.0,7,0,-0.2676086956521739
32,1927.0,1_0_0,7,45,20,139.0,1.0,7,1,-0.7664788732394366
32,1953.0,1_0_0,0,10,10,59.0,1.0,7,1,-0.3707692307692308
32,2014.0,1_0_0,3,45,10,70.0,0.0,7,0,-0.40770491803278686
32,2060.0,1_0_0,5,20,20,115.0,0.0,7,0,-0.6319565217391303
32,2106.0,1_0_0,2,30,10,42.0,2.0,7,1,-0.2869565217391305
32,2142.0,1_0_0,1,20,10,45.0,0.0,7,0,-0.2833333333333333
32,2168.0,1_0_0,0,10,10,66.0,0.0,7,0,-0.38961538461538464
32,2229.0,1_0_0,3,45,10,68.0,2.0,7,1,-0.41721311475409834
32,2275.0,1_0_0,2,30,10,43.0,0.0,7,0,-0.2732608695652174
32,2311.0,1_0_0,1,20,10,50.0,0.0,7,0,-0.3075
32,2347.0,1_0_0,4,10,20,115.0,0.0,7,0,-0.6325
32,2373.0,1_0_0,0,10,10,57.0,0,7,0,-0.3446153846153846
32,2419.0,1_0_0,2,30,10,39.0,0,6,0,-0.24521739130434783
32,2455.0,1_0_0,1,20,10,42.0,0,7,0,-0.2716666666666666
32,2501.0,1_0_0,5,20,20,116.0,0,7,0,-0.6434782608695652
32,2547.0,1_0_0,2,30,10,33.0,0,6,0,-0.21456521739130435
32,2608.0,1_0_0,3,45,10,72.0,0,7,0,-0.4201639344262295
32,2634.0,1_0_0,0,10,10,56.0,0,7,0,-0.3453846153846154
32,2670.0,1_0_0,1,20,10,56.0,0,7,0,-0.3425
32,2716.0,1_0_0,2,30,10,46.0,0,7,0,-0.2902173913043478
32,2777.0,1_0_0,3,45,10,67.0,0,7,0,-0.394672131147541
32,2813.0,1_0_0,4,10,20,115.0,0,7,0,-0.6408333333333333
32,2849.0,1_0_0,4,10,20,114.0,0,7,0,-0.6358333333333333
32,2885.0,1_0_0,4,10,20,113.0,0,7,0,-0.6308333333333332
32,2921.0,1_0_0,1,20,10,52.0,0,7,0,-0.32166666666666666
32,2967.0,1_0_0,2,30,10,39.0,0,6,0,-0.24521739130434783
32,2993.0,1_0_0,0,10,10,47.0,0,7,0,-0.29923076923076924
32,3039.0,1_0_0,5,20,20,121.0,0,7,0,-0.6684782608695652
32,3095.0,1_0_0,6,30,20,114.0,0,7,0,-0.6319642857142856
32,3141.0,1_0_0,2,30,10,18.0,0,2,0,-0.10021739130434783
32,3202.0,0_0_0,3,45,10,0,0,0,0,0.0009836065573770492
33,36.0,0_0_0,1,20,10,53.0,2.0,7,1,-0.3458333333333334
33,92.0,1_0_0,6,30,20,112.0,0.0,7,0,-0.6171428571428571
33,138.0,1_0_0,2,30,10,40.0,0.0,7,0,-0.2569565217391305
33,184.0,1_0_0,2,30,10,46.0,2.0,7,1,-0.30695652173913046
33,230.0,1_0_0,2,30,10,45.0,0.0,6,0,-0.27260869565217394
33,286.0,1_0_0,6,30,20,118.0,0.0,7,0,-0.6476785714285713
33,312.0,1_0_0,0,10,10,49.0,0.0,7,0,-0.30230769230769233
33,348.0,1_0_0,4,10,20,113.0,0.0,7,0,-0.6233333333333332
33,394.0,1_0_0,2,30,10,45.0,2.0,6,1,-0.2926086956521739
33,440.0,1_0_0,2,30,10,54.0,0.0,7,0,-0.32760869565217393
33,486.0,1_0_0,2,30,10,42.0,2.0,7,1,-0.2869565217391305
33,522.0,1_0_0,1,20,10,40.0,0.0,7,0,-0.25833333333333336
33,568.0,1_0_0,2,30,10,54.0,0.0,7,0,-0.3269565217391305
33,614.0,1_0_0,2,30,10,51.0,0.0,7,0,-0.31195652173913047
33,660.0,1_0_0,2,30,10,43.0,0.0,7,0,-0.2726086956521739
33,721.0,1_0_0,3,45,10,68.0,0.0,7,0,-0.3977049180327869
33,767.0,1_0_0,2,30,10,29.0,0.0,5,0,-0.18195652173913043
33,813.0,1_0_0,5,20,20,112.0,0.0,7,0,-0.616304347826087
33,859.0,1_0_0,2,30,10,45.0,0.0,7,0,-0.28195652173913044
33,905.0,1_0_0,2,30,10,40.0,0.0,6,0,-0.24760869565217392
33,951.0,1_0_0,2,30,10,36.0,0.0,6,0,-0.22630434782608694
33,997.0,1_0_0,2,30,10,41.0,1.0,7,1,-0.2769565217391305
33,1043.0,1_0_0,2,30,10,42.0,0.0,7,0,-0.2676086956521739
33,1089.0,1_0_0,2,30,10,39.0,0.0,7,0,-0.25195652173913047
33,1145.0,1_0_0,6,30,20,109.0,0.0,7,0,-0.6016071428571429
33,1181.0,1_0_0,1,20,10,52.0,0.0,7,0,-0.3175
33,1217.0,1_0_0,1,20,10,44.0,1.0,7,1,-0.2933333333333334
33,1263.0,1_0_0,2,30,10,49.0,0.0,7,0,-0.3026086956521739
33,1299.0,1_0_0,1,20,10,55.0,0.0,7,0,-0.3341666666666667
33,1370.0,1_0_0,7,45,20,123.0,0.0,7,0,-0.6719014084507041
33,1416.0,1_0_0,2,30,10,47.0,0.0,7,0,-0.29195652173913045
33,1462.0,1_0_0,2,30,10,41.0,0.0,7,0,-0.2626086956521739
33,1508.0,1_0_0,2,30,10,41.0,0.0,7,0,-0.2619565217391304
33,1534.0,1_0_0,0,10,10,51.0,0.0,7,0,-0.31461538461538463
33,1580.0,1_0_0,2,30,10,38.0,0.0,6,0,-0.23695652173913043
33,1626.0,1_0_0,2,30,10,41.0,0.0,7,0,-0.2619565217391304
33,1672.0,1_0_0,2,30,10,33.0,1.0,6,1,-0.22695652173913042
33,1718.0,1_0_0,2,30,10,41.0,0.0,6,0,-0.2526086956521739
33,1764.0,1_0_0,2,30,10,45.0,0.0,7,0,-0.28195652173913044
33,1810.0,1_0_0,2,30,10,46.0,0.0,7,0,-0.28695652173913044
33,1856.0,1_0_0,2,30,10,43.0,0.0,7,0,-0.27195652173913043
33,1902.0,1_0_0,2,30,10,47.0,0.0,7,0,-0.29195652173913045
33,1958.0,1_0_0,6,30,20,129.0,0.0,7,0,-0.7021428571428571
33,2004.0,1_0_0,2,30,10,44.0,0.0,7,0,-0.27695652173913043
33,2030.0,1_0_0,0,10,10,57.0,0.0,7,0,-0.3457692307692308
33,2066.0,1_0_0,1,20,10,44.0,0.0,7,0,-0.27749999999999997
33,2112.0,1_0_0,2,30,10,44.0,0.0,7,0,-0.2776086956521739
33,2173.0,1_0_0,3,45,10,64.0,0.0,7,0,-0.3777049180327869
33,2209.0,1_0_0,1,20,10,42.0,0.0,6,0,-0.2575
33,2245.0,1_0_0,1,20,10,42.0,0.0,6,0,-0.2575
33,2291.0,1_0_0,2,30,10,48.0,0.0,7,0,-0.29695652173913045
33,2352.0,1_0_0,3,45,10,71.0,0.0,7,0,-0.41221311475409833
33,2378.0,1_0_0,0,10,10,57.0,0.0,7,0,-0.3446153846153846
33,2434.0,1_0_0,6,30,20,115.0,0.0,7,0,-0.6310714285714285
33,2480.0,1_0_0,5,20,20,118.0,0,7,0,-0.6502173913043477
33,2526.0,1_0_0,2,30,10,34.0,0,7,0,-0.23021739130434782
33,2572.0,1_0_0,5,20,20,114.0,0,7,0,-0.6334782608695652
33,2608.0,1_0_0,1,20,10,43.0,0,7,0,-0.2766666666666666
33,2679.0,1_0_0,7,45,20,134.0,0,7,0,-0.7311267605633802
33,2715.0,1_0_0,1,20,10,39.0,0,7,0,-0.25666666666666665
33,2741.0,1_0_0,0,10,10,56.0,0,7,0,-0.3453846153846154
33,2787.0,1_0_0,2,30,10,46.0,0,7,0,-0.2902173913043478
33,2848.0,1_0_0,3,45,10,66.0,0,7,0,-0.389672131147541
33,2894.0,1_0_0,5,20,20,114.0,0,7,0,-0.6334782608695652
33,2920.0,1_0_0,0,10,10,61.0,0,7,0,-0.37038461538461537
33,2976.0,1_0_0,6,30,20,120.0,0,7,0,-0.6619642857142857
33,3037.0,1_0_0,3,45,10,59.0,0,5,0,-0.33467213114754096
33,3083.0,1_0_0,5,20,20,0,0,0,0,0.003260869565217391
34,46.0,0_0_0,5,20,20,122.0,0.0,7,0,-0.6702173913043478
34,82.0,1_0_0,4,10,20,117.0,0,7,0,-0.6425
34,118.0,1_0_0,4,10,20,113.0,0.0,7,0,-0.6241666666666665
34,164.0,1_0_0,5,20,20,115.0,0,7,0,-0.6326086956521738
34,210.0,1_0_0,5,20,20,114.0,0.0,7,0,-0.6276086956521738
34,271.0,1_0_0,3,45,10,62.0,2.0,7,1,-0.38672131147540983
34,317.0,1_0_0,5,20,20,113.0,0.0,7,0,-0.6226086956521738
34,353.0,1_0_0,4,10,20,120.0,0.0,7,0,-0.6575
34,399.0,1_0_0,5,20,20,113.0,0.0,7,0,-0.6219565217391303
34,445.0,1_0_0,2,30,10,48.0,0.0,7,0,-0.2976086956521739
34,491.0,1_0_0,5,20,20,115.0,0.0,7,0,-0.6319565217391303
34,527.0,1_0_0,1,20,10,51.0,0.0,7,0,-0.3125
34,573.0,1_0_0,2,30,10,40.0,0.0,7,0,-0.2576086956521739
34,634.0,1_0_0,3,45,10,63.0,0.0,7,0,-0.3717213114754098
34,680.0,1_0_0,5,20,20,103.0,0.0,7,0,-0.5719565217391304
34,706.0,1_0_0,0,10,10,52.0,2.0,7,1,-0.3384615384615385
34,752.0,1_0_0,5,20,20,109.0,0.0,7,0,-0.6032608695652174
34,798.0,1_0_0,5,20,20,116.0,0.0,7,0,-0.6356521739130434
34,844.0,1_0_0,5,20,20,124.0,0.0,7,0,-0.6776086956521739
34,905.0,1_0_0,3,45,10,68.0,0.0,7,0,-0.3977049180327869
34,951.0,1_0_0,2,30,10,53.0,2.0,7,1,-0.34260869565217394
34,987.0,1_0_0,1,20,10,45.0,0.0,7,0,-0.2825
34,1033.0,1_0_0,5,20,20,116.0,0.0,7,0,-0.6369565217391303
34,1079.0,1_0_0,2,30,10,41.0,0.0,7,0,-0.2619565217391304
34,1115.0,1_0_0,1,20,10,46.0,1.0,6,1,-0.2925
34,1141.0,1_0_0,0,10,10,47.0,0.0,7,0,-0.2957692307692308
34,1187.0,1_0_0,5,20,20,113.0,0.0,7,0,-0.6219565217391303
34,1258.0,1_0_0,7,45,20,134.0,0.0,7,0,-0.7269014084507042
34,1304.0,1_0_0,2,30,10,46.0,0.0,7,0,-0.28695652173913044
34,1375.0,1_0_0,7,45,20,134.0,0.0,7,0,-0.7273239436619718
34,1411.0,1_0_0,1,20,10,37.0,0.0,6,0,-0.23249999999999998
34,1437.0,1_0_0,0,10,10,47.0,0.0,7,0,-0.2946153846153846
34,1483.0,1_0_0,2,30,10,37.0,1.0,6,1,-0.24760869565217392
34,1519.0,1_0_0,4,10,20,128.0,1.0,7,1,-0.7133333333333334
34,1555.0,1_0_0,1,20,10,36.0,0.0,6,0,-0.22833333333333333
34,1616.0,1_0_0,3,45,10,61.0,0.0,7,0,-0.36221311475409834
34,1662.0,1_0_0,2,30,10,46.0,2.0,7,1,-0.3076086956521739
34,1688.0,1_0_0,0,10,10,48.0,0.0,7,0,-0.2996153846153846
34,1724.0,1_0_0,1,20,10,42.0,0.0,7,0,-0.26749999999999996
34,1750.0,1_0_0,0,10,10,63.0,0.0,7,0,-0.3757692307692308
34,1811.0,1_0_0,3,45,10,62.0,0.0,7,0,-0.3667213114754098
34,1847.0,1_0_0,1,20,10,43.0,0.0,7,0,-0.27249999999999996
34,1893.0,1_0_0,2,30,10,45.0,0.0,7,0,-0.28195652173913044
34,1929.0,1_0_0,1,20,10,50.0,0.0,7,0,-0.3075
34,1975.0,1_0_0,5,20,20,114.0,0,7,0,-0.6289130434782608
34,2021.0,1_0_0,2,30,10,48.0,0,7,0,-0.3002173913043478
34,2057.0,1_0_0,1,20,10,51.0,0,7,0,-0.31666666666666665
34,2083.0,1_0_0,0,10,10,42.0,0,7,0,-0.2742307692307692
34,2144.0,1_0_0,3,45,10,75.0,0,7,0,-0.4351639344262295
34,2190.0,1_0_0,2,30,10,41.0,0,6,0,-0.2545652173913044
34,2216.0,1_0_0,0,10,10,40.0,0,6,0,-0.25423076923076926
34,2277.0,1_0_0,3,45,10,61.0,0,7,0,-0.364672131147541
34,2323.0,1_0_0,2,30,10,47.0,0,7,0,-0.2952173913043478
34,2349.0,1_0_0,0,10,10,40.0,0,6,0,-0.25423076923076926
34,2385.0,1_0_0,1,20,10,41.0,0,7,0,-0.2666666666666666
34,2421.0,1_0_0,4,10,20,110.0,0,7,0,-0.6158333333333333
34,2467.0,1_0_0,5,20,20,112.0,0,7,0,-0.6234782608695653
34,2493.0,1_0_0,0,10,10,53.0,0,7,0,-0.3303846153846154
34,2549.0,1_0_0,6,30,20,116.0,0,7,0,-0.6419642857142857
34,2605.0,1_0_0,6,30,20,115.0,0,7,0,-0.6369642857142856
34,2651.0,1_0_0,2,30,10,49.0,0,7,0,-0.30521739130434783
34,2687.0,1_0_0,1,20,10,45.0,0,7,0,-0.2866666666666666
34,2748.0,1_0_0,3,45,10,63.0,0,7,0,-0.374672131147541
34,2784.0,1_0_0,1,20,10,39.0,0,7,0,-0.25583333333333336
34,2810.0,1_0_0,0,10,10,55.0,0,7,0,-0.3392307692307693
34,2871.0,1_0_0,3,45,10,64.0,0,7,0,-0.379672131147541
34,2917.0,1_0_0,2,30,10,45.0,0,7,0,-0.28586956521739126
34,2973.0,1_0_0,6,30,20,107.0,0,7,0,-0.5969642857142857
34,3044.0,1_0_0,7,45,20,132.0,0,7,0,-0.7211267605633802
34,3080.0,1_0_0,1,20,10,50.0,0,7,0,-0.31166666666666665
34,3116.0,1_0_0,4,10,20,127.0,0,7,0,-0.7016666666666667
34,3162.0,1_0_0,2,30,10,49.0,0,7,0,-0.30521739130434783
34,3208.0,1_0_0,5,20,20,113.0,0,7,0,-0.6284782608695652
34,3234.0,1_0_0,0,10,10,56.0,0,7,0,-0.3453846153846154
34,3270.0,1_0_0,1,20,10,46.0,0,7,0,-0.29166666666666663
34,3306.0,1_0_0,1,20,10,47.0,0,7,0,-0.29666666666666663
34,3367.0,1_0_0,3,45,10,0,0,0,0,0.008360655737704916
35,26.0,0_0_0,0,10,10,39.0,1.0,7,1,-0.2730769230769231
35,87.0,1_0_0,3,45,10,63.0,0.0,7,0,-0.3727049180327869
35,148.0,1_0_0,3,45,10,61.0,0.0,7,0,-0.36221311475409834
35,184.0,1_0_0,4,10,20,116.0,0.0,7,0,-0.6375
35,245.0,1_0_0,3,45,10,78.0,1.0,7,1,-0.4627049180327869
35,306.0,1_0_0,3,45,10,66.0,1.0,7,1,-0.40319672131147544
35,367.0,1_0_0,3,45,10,63.0,0.0,7,0,-0.3727049180327869
35,428.0,1_0_0,3,45,10,63.0,2.0,7,1,-0.39221311475409837
35,464.0,1_0_0,1,20,10,36.0,0.0,7,0,-0.23833333333333334
35,525.0,1_0_0,3,45,10,64.0,2.0,7,1,-0.3972131147540984
35,586.0,1_0_0,3,45,10,74.0,0.0,7,0,-0.4277049180327869
35,647.0,1_0_0,3,45,10,64.0,2.0,7,1,-0.3977049180327869
35,708.0,1_0_0,3,45,10,55.0,0.0,7,0,-0.33172131147540984
35,754.0,1_0_0,2,30,10,34.0,0.0,6,0,-0.21695652173913044
35,815.0,1_0_0,3,45,10,64.0,0.0,7,0,-0.37721311475409836
35,876.0,1_0_0,3,45,10,70.0,1.0,7,1,-0.42221311475409834
35,937.0,1_0_0,3,45,10,66.0,0.0,7,0,-0.3877049180327869
35,998.0,1_0_0,3,45,10,61.0,1.0,7,1,-0.37721311475409836
35,1034.0,1_0_0,1,20,10,42.0,0.0,6,0,-0.25833333333333336
35,1070.0,1_0_0,4,10,20,108.0,0.0,7,0,-0.5975
35,1116.0,1_0_0,2,30,10,40.0,0.0,6,0,-0.24760869565217392
35,1177.0,1_0_0,3,45,10,64.0,0.0,7,0,-0.3777049180327869
35,1238.0,1_0_0,3,45,10,58.0,0.0,7,0,-0.34721311475409833
35,1299.0,1_0_0,3,45,10,64.0,0.0,7,0,-0.37721311475409836
35,1345.0,1_0_0,2,30,10,46.0,0.0,7,0,-0.2876086956521739
35,1371.0,1_0_0,0,10,10,41.0,0.0,6,0,-0.25346153846153846
35,1427.0,1_0_0,6,30,20,108.0,0.0,7,0,-0.5966071428571429
35,1473.0,1_0_0,5,20,20,107.0,0.0,7,0,-0.591304347826087
35,1519.0,1_0_0,5,20,20,114.0,0.0,7,0,-0.6269565217391303
35,1580.0,1_0_0,3,45,10,63.0,0.0,7,0,-0.3727049180327869
35,1636.0,1_0_0,6,30,20,100.0,0.0,7,0,-0.5566071428571429
35,1682.0,1_0_0,2,30,10,36.0,1.0,6,1,-0.24195652173913043
35,1743.0,1_0_0,3,45,10,59.0,1.0,7,1,-0.3677049180327869
35,1804.0,1_0_0,3,45,10,61.0,0.0,7,0,-0.3631967213114754
35,1865.0,1_0_0,3,45,10,56.0,1.0,7,1,-0.3517213114754098
35,1901.0,1_0_0,1,20,10,61.0,0.0,7,0,-0.36333333333333334
35,1927.0,1_0_0,0,10,10,47.0,0.0,7,0,-0.29346153846153844
35,1998.0,1_0_0,7,45,20,133.0,0.0,7,0,-0.7223239436619718
35,2044.0,1_0_0,2,30,10,44.0,1.0,7,1,-0.291304347826087
35,2105.0,1_0_0,3,45,10,57.0,0.0,7,0,-0.3431967213114754
35,2176.0,1_0_0,7,45,20,140.0,0.0,7,0,-0.7569014084507041
35,2222.0,1_0_0,2,30,10,45.0,2.0,7,1,-0.3026086956521739
35,2258.0,1_0_0,1,20,10,45.0,0.0,7,0,-0.2825
35,2284.0,1_0_0,0,10,10,49.0,0.0,7,0,-0.3046153846153846
35,2330.0,1_0_0,2,30,10,43.0,0.0,7,0,-0.27195652173913043
35,2391.0,1_0_0,3,45,10,64.0,0.0,7,0,-0.3777049180327869
35,2427.0,1_0_0,1,20,10,54.0,0.0,7,0,-0.3291666666666667
35,2453.0,1_0_0,0,10,10,44.0,0.0,7,0,-0.2784615384615384
35,2499.0,1_0_0,5,20,20,117.0,0.0,7,0,-0.6419565217391303
35,2535.0,1_0_0,4,10,20,110.0,0.0,7,0,-0.6075
35,2581.0,1_0_0,2,30,10,39.0,1.0,6,1,-0.2576086956521739
35,2642.0,1_0_0,3,45,10,66.0,0.0,7,0,-0.38721311475409836
35,2688.0,1_0_0,5,20,20,113.0,0.0,7,0,-0.6219565217391303
35,2749.0,1_0_0,3,45,10,61.0,0,7,0,-0.36270491803278687
35,2785.0,1_0_0,1,20,10,39.0,0,6,0,-0.24666666666666667
35,2811.0,1_0_0,0,10,10,54.0,0,7,0,-0.3353846153846154
35,2867.0,1_0_0,6,30,20,112.0,0,7,0,-0.6219642857142857
35,2913.0,1_0_0,2,30,10,38.0,0,7,0,-0.25021739130434784
35,2949.0,1_0_0,1,20,10,26.0,0,2,0,-0.1416666666666667
35,3005.0,0_0_0,6,30,20,0,0,0,0,0.0010714285714285713
36,61.0,0_0_0,3,45,10,64.0,1.0,7,1,-0.39368852459016396
36,97.0,1_0_0,1,20,10,50.0,0.0,7,0,-0.3091666666666667
36,143.0,1_0_0,2,30,10,38.0,0.0,6,0,-0.23630434782608695
36,179.0,1_0_0,1,20,10,40.0,1.0,7,1,-0.2733333333333334
36,215.0,1_0_0,1,20,10,49.0,0.0,7,0,-0.3025
36,251.0,1_0_0,1,20,10,47.0,0.0,7,0,-0.2925
36,287.0,1_0_0,1,20,10,46.0,0.0,7,0,-0.2875
36,323.0,1_0_0,4,10,20,129.0,0.0,7,0,-0.7033333333333333
36,359.0,1_0_0,1,20,10,42.0,0.0,6,0,-0.2575
36,395.0,1_0_0,1,20,10,46.0,1.0,7,1,-0.3041666666666667
36,431.0,1_0_0,4,10,20,135.0,0.0,7,0,-0.7333333333333333
36,502.0,1_0_0,7,45,20,133.0,0.0,7,0,-0.7219014084507042
36,538.0,1_0_0,1,20,10,44.0,0.0,7,0,-0.27749999999999997
36,574.0,1_0_0,1,20,10,50.0,1.0,7,1,-0.3225
36,610.0,1_0_0,1,20,10,46.0,1.0,7,1,-0.30333333333333334
36,646.0,1_0_0,1,20,10,46.0,0.0,7,0,-0.28833333333333333
36,682.0,1_0_0,1,20,10,48.0,0.0,7,0,-0.2975
36,718.0,1_0_0,1,20,10,54.0,0.0,7,0,-0.32833333333333337
36,754.0,1_0_0,1,20,10,48.0,0.0,7,0,-0.2975
36,790.0,1_0_0,1,20,10,39.0,1.0,7,1,-0.2675
36,861.0,1_0_0,7,45,20,140.0,0.0,7,0,-0.7573239436619718
36,897.0,1_0_0,4,10,20,115.0,1.0,7,1,-0.6475
36,933.0,1_0_0,4,10,20,125.0,0.0,7,0,-0.6833333333333332
36,969.0,1_0_0,1,20,10,39.0,2.0,7,1,-0.2733333333333334
36,1005.0,1_0_0,1,20,10,49.0,0.0,7,0,-0.3025
36,1041.0,1_0_0,1,20,10,41.0,1.0,7,1,-0.2775
36,1067.0,1_0_0,0,10,10,47.0,1.0,7,1,-0.3096153846153846
36,1103.0,1_0_0,1,20,10,42.0,0.0,7,0,-0.2683333333333333
36,1139.0,1_0_0,1,20,10,47.0,2.0,7,1,-0.31333333333333335
36,1200.0,1_0_0,3,45,10,62.0,0.0,7,0,-0.3667213114754098
36,1236.0,1_0_0,1,20,10,37.0,0.0,6,0,-0.23333333333333334
36,1272.0,1_0_0,1,20,10,43.0,0.0,7,0,-0.2733333333333333
36,1308.0,1_0_0,1,20,10,47.0,0.0,7,0,-0.2925
36,1334.0,1_0_0,0,10,10,39.0,1.0,7,1,-0.2707692307692308
36,1370.0,1_0_0,1,20,10,40.0,0.0,6,0,-0.2475
36,1406.0,1_0_0,1,20,10,45.0,0.0,7,0,-0.2825
36,1442.0,1_0_0,1,20,10,45.0,0.0,7,0,-0.2833333333333333
36,1478.0,1_0_0,1,20,10,48.0,1.0,7,1,-0.31333333333333335
36,1514.0,1_0_0,1,20,10,54.0,0.0,7,0,-0.3275
36,1550.0,1_0_0,1,20,10,43.0,1.0,7,1,-0.2883333333333334
36,1596.0,1_0_0,2,30,10,42.0,0.0,6,0,-0.2569565217391305
36,1642.0,1_0_0,2,30,10,44.0,0.0,6,0,-0.2669565217391305
36,1678.0,1_0_0,1,20,10,35.0,0.0,7,0,-0.23166666666666666
36,1724.0,1_0_0,2,30,10,47.0,2.0,7,1,-0.3126086956521739
36,1750.0,1_0_0,0,10,10,52.0,2.0,7,1,-0.33961538461538465
36,1786.0,1_0_0,1,20,10,46.0,0.0,7,0,-0.28833333333333333
36,1832.0,1_0_0,2,30,10,35.0,0.0,6,0,-0.2219565217391304
36,1878.0,1_0_0,2,30,10,49.0,0.0,7,0,-0.30195652173913046
36,1914.0,1_0_0,1,20,10,48.0,0.0,7,0,-0.2975
36,1940.0,1_0_0,0,10,10,61.0,2.0,7,1,-0.3857692307692308
36,2001.0,1_0_0,3,45,10,59.0,0.0,7,0,-0.35270491803278686
36,2047.0,1_0_0,2,30,10,39.0,0.0,7,0,-0.25195652173913047
36,2083.0,1_0_0,1,20,10,43.0,0.0,6,0,-0.2625
36,2144.0,1_0_0,3,45,10,67.0,0.0,7,0,-0.39221311475409837
36,2170.0,1_0_0,0,10,10,48.0,0.0,7,0,-0.2996153846153846
36,2206.0,1_0_0,4,10,20,121.0,0.0,7,0,-0.6625
36,2252.0,1_0_0,2,30,10,44.0,1.0,7,1,-0.2919565217391305
36,2288.0,1_0_0,1,20,10,38.0,0,7,0,-0.24916666666666668
36,2334.0,1_0_0,2,30,10,38.0,0,6,0,-0.23956521739130435
36,2370.0,1_0_0,1,20,10,41.0,0,6,0,-0.25666666666666665
36,2431.0,1_0_0,3,45,10,59.0,0,7,0,-0.354672131147541
36,2457.0,1_0_0,0,10,10,51.0,0,7,0,-0.31923076923076926
36,2528.0,1_0_0,7,45,20,130.0,0,7,0,-0.7111267605633802
36,2564.0,1_0_0,1,20,10,34.0,0,6,0,-0.22166666666666668
36,2620.0,1_0_0,6,30,20,113.0,0,7,0,-0.6269642857142856
36,2666.0,1_0_0,5,20,20,113.0,0,7,0,-0.6284782608695652
36,2712.0,1_0_0,2,30,10,40.0,0,6,0,-0.25021739130434784
36,2738.0,1_0_0,0,10,10,51.0,0,7,0,-0.31923076923076926
36,2799.0,1_0_0,3,45,10,77.0,0,7,0,-0.44516393442622954
36,2835.0,1_0_0,1,20,10,45.0,0,7,0,-0.2866666666666666
36,2881.0,1_0_0,2,30,10,48.0,0,7,0,-0.3002173913043478
36,2907.0,1_0_0,0,10,10,61.0,0,7,0,-0.37038461538461537
36,2953.0,1_0_0,5,20,20,126.0,0,7,0,-0.6941304347826086
36,2989.0,1_0_0,1,20,10,40.0,0,7,0,-0.26166666666666666
36,3025.0,1_0_0,4,10,20,126.0,0,7,0,-0.6966666666666667
36,3086.0,1_0_0,3,45,10,69.0,0,7,0,-0.40467213114754097
36,3132.0,1_0_0,5,20,20,123.0,0,7,0,-0.6791304347826086
36,3188.0,1_0_0,6,30,20,105.0,0,7,0,-0.5864285714285714
36,3234.0,1_0_0,2,30,10,38.0,0,6,0,-0.24021739130434783
36,3280.0,1_0_0,2,30,10,0,0,0,0,0.006521739130434782
37,56.0,0_0_0,6,30,20,117.0,0.0,7,0,-0.6432142857142856
37,102.0,1_0_0,2,30,10,43.0,2.0,7,1,-0.29260869565217396
37,148.0,1_0_0,2,30,10,44.0,0.0,7,0,-0.2776086956521739
37,194.0,1_0_0,2,30,10,47.0,0.0,7,0,-0.29195652173913045
37,240.0,1_0_0,2,30,10,37.0,0.0,6,0,-0.23195652173913042
37,286.0,1_0_0,2,30,10,49.0,1.0,7,1,-0.31695652173913047
37,312.0,1_0_0,0,10,10,42.0,0.0,7,0,-0.27076923076923076
37,358.0,1_0_0,2,30,10,43.0,1.0,7,1,-0.2869565217391305
37,404.0,1_0_0,2,30,10,40.0,0.0,6,0,-0.24760869565217392
37,450.0,1_0_0,2,30,10,48.0,1.0,7,1,-0.31195652173913047
37,511.0,1_0_0,3,45,10,59.0,0.0,7,0,-0.35270491803278686
37,547.0,1_0_0,1,20,10,50.0,0.0,7,0,-0.3075
37,593.0,1_0_0,2,30,10,49.0,0.0,7,0,-0.3026086956521739
37,639.0,1_0_0,2,30,10,34.0,0.0,6,0,-0.21695652173913044
37,685.0,1_0_0,2,30,10,44.0,0.0,7,0,-0.27695652173913043
37,731.0,1_0_0,2,30,10,45.0,0.0,7,0,-0.2826086956521739
37,777.0,1_0_0,2,30,10,39.0,0.0,6,0,-0.24195652173913043
37,823.0,1_0_0,2,30,10,43.0,2.0,7,1,-0.29260869565217396
37,869.0,1_0_0,2,30,10,45.0,2.0,7,1,-0.3026086956521739
37,915.0,1_0_0,2,30,10,51.0,0.0,7,0,-0.31195652173913047
37,961.0,1_0_0,2,30,10,42.0,0.0,7,0,-0.2669565217391304
37,1007.0,1_0_0,2,30,10,57.0,0.0,7,0,-0.3426086956521739
37,1053.0,1_0_0,2,30,10,48.0,0.0,7,0,-0.29695652173913045
37,1099.0,1_0_0,2,30,10,34.0,0.0,6,0,-0.21630434782608696
37,1145.0,1_0_0,2,30,10,44.0,0.0,7,0,-0.2776086956521739
37,1191.0,1_0_0,5,20,20,117.0,0.0,7,0,-0.6419565217391303
37,1237.0,1_0_0,2,30,10,41.0,0.0,7,0,-0.2619565217391304
37,1283.0,1_0_0,2,30,10,44.0,0.0,7,0,-0.2776086956521739
37,1329.0,1_0_0,2,30,10,42.0,0.0,6,0,-0.25630434782608696
37,1375.0,1_0_0,2,30,10,42.0,0.0,7,0,-0.2669565217391304
37,1421.0,1_0_0,2,30,10,47.0,2.0,7,1,-0.31195652173913047
37,1467.0,1_0_0,2,30,10,45.0,1.0,7,1,-0.29760869565217396
37,1513.0,1_0_0,2,30,10,30.0,0.0,6,0,-0.19695652173913042
37,1539.0,1_0_0,0,10,10,51.0,0.0,7,0,-0.31461538461538463
37,1585.0,1_0_0,2,30,10,46.0,0.0,7,0,-0.2876086956521739
37,1631.0,1_0_0,2,30,10,48.0,0.0,7,0,-0.2982608695652174
37,1692.0,1_0_0,3,45,10,58.0,0.0,7,0,-0.34721311475409833
37,1738.0,1_0_0,5,20,20,118.0,0.0,7,0,-0.6469565217391303
37,1784.0,1_0_0,2,30,10,39.0,0.0,6,0,-0.2426086956521739
37,1855.0,1_0_0,7,45,20,140.0,0.0,7,0,-0.7569014084507041
37,1891.0,1_0_0,1,20,10,45.0,1.0,7,1,-0.2983333333333334
37,1937.0,1_0_0,2,30,10,36.0,0.0,6,0,-0.22826086956521738
37,1963.0,1_0_0,0,10,10,50.0,0.0,7,0,-0.30846153846153845
37,2009.0,1_0_0,2,30,10,43.0,0.0,6,0,-0.2619565217391305
37,2045.0,1_0_0,1,20,10,47.0,0.0,7,0,-0.2916666666666667
37,2071.0,1_0_0,0,10,10,45.0,0.0,6,0,-0.2734615384615385
37,2097.0,1_0_0,0,10,10,57.0,0.0,7,0,-0.3446153846153846
37,2143.0,1_0_0,2,30,10,44.0,0.0,7,0,-0.2776086956521739
37,2189.0,1_0_0,2,30,10,44.0,0.0,7,0,-0.2776086956521739
37,2225.0,1_0_0,1,20,10,46.0,0.0,7,0,-0.2875
37,2286.0,1_0_0,3,45,10,74.0,0.0,7,0,-0.4277049180327869
37,2332.0,1_0_0,5,20,20,117.0,0.0,7,0,-0.6419565217391303
37,2388.0,1_0_0,6,30,20,118.0,0.0,7,0,-0.6466071428571428
37,2424.0,1_0_0,4,10,20,120.0,0.0,7,0,-0.6583333333333332
37,2485.0,1_0_0,3,45,10,63.0,2.0,7,1,-0.3927049180327869
37,2521.0,1_0_0,1,20,10,47.0,0.0,7,0,-0.2925
37,2567.0,1_0_0,2,30,10,43.0,2.0,7,1,-0.2919565217391305
37,2593.0,1_0_0,0,10,10,50.0,0,7,0,-0.31423076923076926
37,2664.0,1_0_0,7,45,20,139.0,0,7,0,-0.7561267605633801
37,2700.0,1_0_0,1,20,10,37.0,0,6,0,-0.23583333333333334
37,2746.0,1_0_0,2,30,10,42.0,0,7,0,-0.2702173913043478
37,2782.0,1_0_0,1,20,10,45.0,0,7,0,-0.2866666666666666
37,2808.0,1_0_0,0,10,10,45.0,0,7,0,-0.28923076923076924
37,2864.0,1_0_0,6,30,20,114.0,0,7,0,-0.6319642857142856
37,2900.0,1_0_0,1,20,10,38.0,0,6,0,-0.24166666666666667
37,2936.0,1_0_0,4,10,20,130.0,0,7,0,-0.7166666666666667
37,2997.0,1_0_0,3,45,10,59.0,0,6,0,-0.34467213114754097
37,3043.0,1_0_0,2,30,10,0,0,0,0,0.003913043478260869
38,71.0,0_0_0,7,45,20,126.0,0.0,7,0,-0.6885915492957746
38,117.0,1_0_0,2,30,10,43.0,0.0,7,0,-0.2726086956521739
38,163.0,1_0_0,2,30,10,38.0,0.0,6,0,-0.23630434782608695
38,209.0,1_0_0,2,30,10,38.0,0.0,6,0,-0.23695652173913043
38,255.0,1_0_0,2,30,10,33.0,0.0,6,0,-0.21195652173913043
38,301.0,1_0_0,2,30,10,49.0,0.0,7,0,-0.30195652173913046
38,347.0,1_0_0,2,30,10,46.0,0.0,7,0,-0.28695652173913044
38,408.0,1_0_0,3,45,10,60.0,0.0,7,0,-0.3567213114754098
38,454.0,1_0_0,2,30,10,43.0,0.0,7,0,-0.27195652173913043
38,490.0,1_0_0,4,10,20,120.0,0.0,7,0,-0.6583333333333332
38,536.0,1_0_0,2,30,10,45.0,0.0,7,0,-0.28195652173913044
38,572.0,1_0_0,1,20,10,44.0,1.0,7,1,-0.2933333333333334
38,618.0,1_0_0,2,30,10,54.0,0.0,7,0,-0.32760869565217393
38,664.0,1_0_0,2,30,10,46.0,0.0,7,0,-0.28695652173913044
38,700.0,1_0_0,4,10,20,113.0,0.0,7,0,-0.6224999999999999
38,746.0,1_0_0,5,20,20,115.0,0.0,7,0,-0.6319565217391303
38,792.0,1_0_0,5,20,20,119.0,0.0,7,0,-0.6513043478260869
38,863.0,1_0_0,7,45,20,138.0,0.0,7,0,-0.7469014084507041
38,909.0,1_0_0,2,30,10,42.0,0.0,6,0,-0.2569565217391305
38,955.0,1_0_0,2,30,10,36.0,0.0,7,0,-0.2376086956521739
38,1001.0,1_0_0,2,30,10,54.0,1.0,7,1,-0.341304347826087
38,1047.0,1_0_0,2,30,10,46.0,0.0,7,0,-0.2876086956521739
38,1108.0,1_0_0,3,45,10,74.0,0.0,7,0,-0.42721311475409834
38,1154.0,1_0_0,2,30,10,47.0,0.0,7,0,-0.29195652173913045
38,1200.0,1_0_0,2,30,10,41.0,0.0,7,0,-0.2626086956521739
38,1246.0,1_0_0,2,30,10,42.0,0.0,7,0,-0.2663043478260869
38,1292.0,1_0_0,2,30,10,41.0,0.0,7,0,-0.2619565217391304
38,1348.0,1_0_0,6,30,20,119.0,0.0,7,0,-0.652142857142857
38,1394.0,1_0_0,2,30,10,48.0,0.0,7,0,-0.29695652173913045
38,1455.0,1_0_0,3,45,10,63.0,0.0,7,0,-0.37221311475409835
38,1501.0,1_0_0,2,30,10,32.0,2.0,5,1,-0.21695652173913044
38,1547.0,1_0_0,2,30,10,44.0,1.0,6,1,-0.2832608695652174
38,1593.0,1_0_0,2,30,10,42.0,0.0,7,0,-0.2676086956521739
38,1639.0,1_0_0,2,30,10,38.0,0.0,6,0,-0.23695652173913043
38,1675.0,1_0_0,4,10,20,106.0,0.0,7,0,-0.5875
38,1721.0,1_0_0,2,30,10,42.0,0.0,6,0,-0.2569565217391305
38,1767.0,1_0_0,2,30,10,40.0,0.0,7,0,-0.2569565217391305
38,1813.0,1_0_0,2,30,10,45.0,2.0,7,1,-0.30195652173913046
38,1859.0,1_0_0,2,30,10,59.0,0.0,7,0,-0.3532608695652174
38,1905.0,1_0_0,2,30,10,40.0,0.0,6,0,-0.24630434782608696
38,1951.0,1_0_0,2,30,10,33.0,0.0,6,0,-0.21195652173913043
38,1997.0,1_0_0,2,30,10,35.0,2.0,6,1,-0.2426086956521739
38,2043.0,1_0_0,2,30,10,44.0,0.0,7,0,-0.27695652173913043
38,2089.0,1_0_0,2,30,10,47.0,0.0,7,0,-0.29195652173913045
38,2125.0,1_0_0,1,20,10,44.0,0.0,7,0,-0.2783333333333333
38,2151.0,1_0_0,0,10,10,60.0,0.0,7,0,-0.3607692307692308
38,2212.0,1_0_0,3,45,10,77.0,0.0,7,0,-0.44221311475409836
38,2258.0,1_0_0,2,30,10,45.0,2.0,7,1,-0.30195652173913046
38,2294.0,1_0_0,1,20,10,38.0,0.0,6,0,-0.23833333333333334
38,2330.0,1_0_0,1,20,10,43.0,0.0,7,0,-0.27249999999999996
38,2366.0,1_0_0,1,20,10,45.0,2.0,7,1,-0.3025
38,2412.0,1_0_0,2,30,10,37.0,0.0,6,0,-0.23326086956521738
38,2438.0,1_0_0,0,10,10,41.0,0.0,6,0,-0.25346153846153846
38,2499.0,1_0_0,3,45,10,59.0,1.0,7,1,-0.36721311475409835
38,2545.0,1_0_0,2,30,10,61.0,0,7,0,-0.3632608695652174
38,2571.0,1_0_0,0,10,10,61.0,0,7,0,-0.37038461538461537
38,2642.0,1_0_0,7,45,20,141.0,0,7,0,-0.7665492957746478
38,2678.0,1_0_0,1,20,10,52.0,0,7,0,-0.3225
38,2724.0,1_0_0,5,20,20,123.0,0,7,0,-0.6791304347826086
38,2785.0,1_0_0,3,45,10,60.0,0,7,0,-0.359672131147541
38,2831.0,1_0_0,2,30,10,55.0,0,7,0,-0.3358695652173913
38,2867.0,1_0_0,4,10,20,128.0,0,7,0,-0.7066666666666667
38,2923.0,1_0_0,6,30,20,110.0,0,7,0,-0.6119642857142857
38,2949.0,1_0_0,0,10,10,44.0,0,6,0,-0.2742307692307693
38,2985.0,1_0_0,1,20,10,50.0,0,7,0,-0.31166666666666665
38,3046.0,1_0_0,3,45,10,0,0,0,0,0.005901639344262294
39,56.0,0_0_0,6,30,20,117.0,0.0,7,0,-0.6432142857142856
39,117.0,1_0_0,3,45,10,70.0,1.0,7,1,-0.42270491803278687
39,178.0,1_0_0,3,45,10,75.0,0.0,7,0,-0.4327049180327869
39,239.0,1_0_0,3,45,10,64.0,0.0,7,0,-0.37721311475409836
39,300.0,1_0_0,3,45,10,62.0,0.0,7,0,-0.36721311475409835
39,361.0,1_0_0,3,45,10,69.0,0.0,7,0,-0.4022131147540983
39,432.0,1_0_0,7,45,20,130.0,1.0,7,1,-0.722323943661972
39,493.0,1_0_0,3,45,10,62.0,0.0,7,0,-0.36721311475409835
39,529.0,1_0_0,4,10,20,110.0,0.0,7,0,-0.6075
39,590.0,1_0_0,3,45,10,78.0,0.0,7,0,-0.44721311475409836
39,646.0,1_0_0,6,30,20,127.0,0.0,7,0,-0.6921428571428571
39,707.0,1_0_0,3,45,10,63.0,0.0,7,0,-0.37221311475409835
39,768.0,1_0_0,3,45,10,67.0,0.0,7,0,-0.39221311475409837
39,829.0,1_0_0,3,45,10,62.0,0.0,7,0,-0.36721311475409835
39,890.0,1_0_0,3,45,10,61.0,1.0,7,1,-0.37721311475409836
39,951.0,1_0_0,3,45,10,62.0,0.0,7,0,-0.3681967213114754
39,1012.0,1_0_0,3,45,10,63.0,0.0,7,0,-0.3727049180327869
39,1073.0,1_0_0,3,45,10,55.0,0.0,7,0,-0.33221311475409837
39,1134.0,1_0_0,3,45,10,53.0,0.0,7,0,-0.32172131147540983
39,1195.0,1_0_0,3,45,10,68.0,0.0,7,0,-0.3977049180327869
39,1256.0,1_0_0,3,45,10,65.0,0.0,7,0,-0.38221311475409836
39,1317.0,1_0_0,3,45,10,68.0,0.0,7,0,-0.3972131147540984
39,1378.0,1_0_0,3,45,10,65.0,0.0,7,0,-0.3827049180327869
39,1439.0,1_0_0,3,45,10,65.0,0.0,7,0,-0.3827049180327869
39,1465.0,1_0_0,0,10,10,56.0,0.0,7,0,-0.33961538461538465
39,1526.0,1_0_0,3,45,10,70.0,0.0,7,0,-0.40770491803278686
39,1572.0,1_0_0,2,30,10,37.0,0.0,6,0,-0.23195652173913042
39,1618.0,1_0_0,2,30,10,41.0,0.0,7,0,-0.2613043478260869
39,1654.0,1_0_0,1,20,10,36.0,0.0,6,0,-0.22749999999999998
39,1715.0,1_0_0,3,45,10,64.0,0.0,7,0,-0.37721311475409836
39,1741.0,1_0_0,0,10,10,51.0,0.0,7,0,-0.3157692307692308
39,1777.0,1_0_0,1,20,10,45.0,0.0,7,0,-0.2825
39,1823.0,1_0_0,2,30,10,47.0,2.0,7,1,-0.3126086956521739
39,1859.0,1_0_0,4,10,20,110.0,0.0,7,0,-0.6083333333333333
39,1930.0,1_0_0,7,45,20,144.0,0.0,7,0,-0.7769014084507041
39,1956.0,1_0_0,0,10,10,42.0,1.0,7,1,-0.28461538461538466
39,2012.0,1_0_0,6,30,20,129.0,0.0,7,0,-0.7021428571428571
39,2048.0,1_0_0,1,20,10,40.0,0.0,6,0,-0.2475
39,2109.0,1_0_0,3,45,10,67.0,0.0,7,0,-0.39221311475409837
39,2155.0,1_0_0,2,30,10,57.0,0.0,7,0,-0.34391304347826085
39,2216.0,1_0_0,3,45,10,62.0,0.0,7,0,-0.36721311475409835
39,2252.0,1_0_0,1,20,10,36.0,0.0,6,0,-0.22749999999999998
39,2278.0,1_0_0,0,10,10,69.0,0.0,7,0,-0.4046153846153846
39,2339.0,1_0_0,3,45,10,73.0,0.0,7,0,-0.42221311475409834
39,2385.0,1_0_0,5,20,20,113.0,0.0,7,0,-0.6219565217391303
39,2421.0,1_0_0,1,20,10,46.0,0.0,7,0,-0.2875
39,2457.0,1_0_0,1,20,10,41.0,0.0,6,0,-0.2525
39,2503.0,1_0_0,2,30,10,44.0,0.0,7,0,-0.27695652173913043
39,2529.0,1_0_0,0,10,10,43.0,0.0,7,0,-0.2734615384615384
39,2575.0,1_0_0,5,20,20,129.0,0.0,7,0,-0.7032608695652174
39,2621.0,1_0_0,2,30,10,41.0,2.0,7,1,-0.2819565217391305
39,2692.0,1_0_0,7,45,20,129.0,0.0,7,0,-0.7023239436619718
39,2748.0,1_0_0,6,30,20,115.0,0,7,0,-0.6332142857142856
39,2794.0,1_0_0,2,30,10,44.0,0,7,0,-0.2802173913043478
39,2830.0,1_0_0,4,10,20,103.0,0,7,0,-0.5808333333333333
39,2866.0,1_0_0,1,20,10,39.0,0,6,0,-0.24666666666666667
39,2892.0,1_0_0,0,10,10,43.0,0,7,0,-0.2792307692307692
39,2928.0,1_0_0,1,20,10,49.0,0,7,0,-0.30666666666666664
39,2954.0,1_0_0,0,10,10,37.0,0,6,0,-0.23923076923076922
39,3015.0,1_0_0,3,45,10,0,0,0,0,0.002950819672131147
40,46.0,0_0_0,5,20,20,124.0,0.0,7,0,-0.6802173913043478
40,107.0,1_0_0,3,45,10,68.0,1.0,7,1,-0.41270491803278686
40,168.0,1_0_0,3,45,10,75.0,0.0,7,0,-0.43221311475409835
40,229.0,1_0_0,3,45,10,65.0,0.0,7,0,-0.38221311475409836
40,290.0,1_0_0,3,45,10,64.0,0.0,7,0,-0.37721311475409836
40,351.0,1_0_0,3,45,10,77.0,0.0,7,0,-0.4427049180327869
40,407.0,1_0_0,6,30,20,119.0,0.0,7,0,-0.6516071428571428
40,443.0,1_0_0,4,10,20,125.0,0.0,7,0,-0.6833333333333332
40,504.0,1_0_0,3,45,10,65.0,0.0,7,0,-0.38221311475409836
40,565.0,1_0_0,3,45,10,61.0,0.0,7,0,-0.36221311475409834
40,626.0,1_0_0,3,45,10,64.0,2.0,7,1,-0.3977049180327869
40,687.0,1_0_0,3,45,10,63.0,2.0,7,1,-0.39221311475409837
40,748.0,1_0_0,3,45,10,54.0,0.0,7,0,-0.3277049180327869
40,794.0,1_0_0,2,30,10,37.0,1.0,7,1,-0.25630434782608696
40,855.0,1_0_0,3,45,10,66.0,0.0,7,0,-0.3877049180327869
40,916.0,1_0_0,3,45,10,65.0,0.0,7,0,-0.3831967213114754
40,977.0,1_0_0,3,45,10,71.0,0.0,7,0,-0.4117213114754098
40,1038.0,1_0_0,3,45,10,60.0,0.0,7,0,-0.35721311475409834
40,1099.0,1_0_0,3,45,10,56.0,0.0,7,0,-0.3372131147540984
40,1155.0,1_0_0,6,30,20,118.0,0.0,7,0,-0.647142857142857
40,1201.0,1_0_0,5,20,20,110.0,0.0,7,0,-0.6069565217391304
40,1272.0,1_0_0,7,45,20,123.0,0.0,7,0,-0.6714788732394366
40,1298.0,1_0_0,0,10,10,44.0,0.0,6,0,-0.2684615384615385
40,1359.0,1_0_0,3,45,10,69.0,2.0,7,1,-0.42221311475409834
40,1420.0,1_0_0,3,45,10,63.0,0.0,7,0,-0.3727049180327869
40,1481.0,1_0_0,3,45,10,70.0,0.0,7,0,-0.40770491803278686
40,1542.0,1_0_0,3,45,10,68.0,0.0,7,0,-0.3972131147540984
40,1603.0,1_0_0,3,45,10,69.0,2.0,7,1,-0.42270491803278687
40,1649.0,1_0_0,2,30,10,36.0,0.0,6,0,-0.22695652173913042
40,1710.0,1_0_0,3,45,10,63.0,1.0,7,1,-0.3881967213114754
40,1756.0,1_0_0,2,30,10,39.0,0.0,6,0,-0.2426086956521739
40,1782.0,1_0_0,0,10,10,62.0,0.0,7,0,-0.3696153846153846
40,1818.0,1_0_0,1,20,10,55.0,2.0,7,1,-0.3541666666666667
40,1844.0,1_0_0,0,10,10,54.0,2.0,7,1,-0.34961538461538466
40,1890.0,1_0_0,2,30,10,41.0,0.0,7,0,-0.2619565217391304
40,1936.0,1_0_0,2,30,10,41.0,0.0,6,0,-0.25195652173913047
40,1997.0,1_0_0,3,45,10,70.0,0.0,7,0,-0.40770491803278686
40,2033.0,1_0_0,4,10,20,124.0,0.0,7,0,-0.6783333333333332
40,2069.0,1_0_0,1,20,10,41.0,0.0,6,0,-0.25333333333333335
40,2115.0,1_0_0,2,30,10,45.0,1.0,7,1,-0.296304347826087
40,2176.0,1_0_0,3,45,10,80.0,0.0,7,0,-0.45868852459016396
40,2212.0,1_0_0,1,20,10,44.0,0.0,7,0,-0.27666666666666667
40,2258.0,1_0_0,5,20,20,114.0,0.0,7,0,-0.6269565217391303
40,2329.0,1_0_0,7,45,20,140.0,0.0,7,0,-0.7573239436619718
40,2355.0,1_0_0,0,10,10,60.0,2.0,7,1,-0.37961538461538463
40,2411.0,1_0_0,6,30,20,107.0,0.0,7,0,-0.5916071428571429
40,2437.0,1_0_0,0,10,10,50.0,1.0,7,1,-0.32461538461538464
40,2483.0,1_0_0,2,30,10,45.0,0.0,7,0,-0.2826086956521739
40,2519.0,1_0_0,4,10,20,124.0,0.0,7,0,-0.6783333333333332
40,2555.0,1_0_0,1,20,10,39.0,0.0,6,0,-0.24333333333333335
40,2616.0,1_0_0,3,45,10,49.0,0.0,7,0,-0.30221311475409834
40,2662.0,1_0_0,2,30,10,39.0,0.0,7,0,-0.25195652173913047
40,2698.0,1_0_0,1,20,10,50.0,2.0,7,1,-0.3275
40,2744.0,1_0_0,2,30,10,47.0,0,7,0,-0.29456521739130437
40,2805.0,1_0_0,3,45,10,68.0,0,7,0,-0.399672131147541
40,2831.0,1_0_0,0,10,10,62.0,0,7,0,-0.37538461538461537
40,2887.0,1_0_0,6,30,20,106.0,0,7,0,-0.5914285714285714
40,2923.0,1_0_0,1,20,10,47.0,0,7,0,-0.29666666666666663
40,2969.0,1_0_0,2,30,10,0,0,0,0,0.008478260869565216
41,26.0,0_0_0,0,10,10,42.0,0.0,7,0,-0.27307692307692305
41,72.0,1_0_0,2,30,10,46.0,0.0,6,0,-0.2769565217391305
41,118.0,1_0_0,2,30,10,46.0,0.0,7,0,-0.28695652173913044
41,164.0,1_0_0,5,20,20,117.0,0.0,7,0,-0.6419565217391303
41,210.0,1_0_0,2,30,10,49.0,0.0,7,0,-0.30195652173913046
41,256.0,1_0_0,5,20,20,117.0,0.0,7,0,-0.6426086956521738
41,302.0,1_0_0,2,30,10,41.0,0.0,7,0,-0.2619565217391304
41,348.0,1_0_0,2,30,10,46.0,0.0,7,0,-0.28695652173913044
41,394.0,1_0_0,2,30,10,42.0,1.0,7,1,-0.28260869565217395
41,440.0,1_0_0,2,30,10,35.0,0.0,7,0,-0.23195652173913042
41,496.0,1_0_0,6,30,20,112.0,0.0,7,0,-0.6166071428571429
41,542.0,1_0_0,2,30,10,44.0,0.0,7,0,-0.27695652173913043
41,588.0,1_0_0,2,30,10,41.0,0.0,6,0,-0.25195652173913047
41,634.0,1_0_0,2,30,10,46.0,0.0,7,0,-0.2876086956521739
41,680.0,1_0_0,2,30,10,45.0,0.0,7,0,-0.28195652173913044
41,726.0,1_0_0,2,30,10,48.0,0.0,7,0,-0.29695652173913045
41,772.0,1_0_0,2,30,10,42.0,0.0,7,0,-0.2676086956521739
41,818.0,1_0_0,2,30,10,45.0,0.0,7,0,-0.28195652173913044
41,864.0,1_0_0,2,30,10,44.0,1.0,7,1,-0.29260869565217396
41,910.0,1_0_0,2,30,10,44.0,0.0,7,0,-0.27695652173913043
41,956.0,1_0_0,2,30,10,44.0,0.0,7,0,-0.27695652173913043
41,1002.0,1_0_0,2,30,10,42.0,0.0,6,0,-0.25826086956521743
41,1048.0,1_0_0,2,30,10,44.0,0.0,7,0,-0.27695652173913043
41,1119.0,1_0_0,7,45,20,135.0,0.0,7,0,-0.7314788732394366
41,1145.0,1_0_0,0,10,10,50.0,0.0,7,0,-0.3096153846153846
41,1191.0,1_0_0,2,30,10,41.0,0.0,6,0,-0.25130434782608696
41,1237.0,1_0_0,2,30,10,53.0,2.0,7,1,-0.34260869565217394
41,1283.0,1_0_0,2,30,10,44.0,0.0,7,0,-0.2776086956521739
41,1329.0,1_0_0,2,30,10,46.0,2.0,7,1,-0.3076086956521739
41,1375.0,1_0_0,2,30,10,37.0,0.0,7,0,-0.2426086956521739
41,1421.0,1_0_0,2,30,10,45.0,2.0,7,1,-0.3026086956521739
41,1477.0,1_0_0,6,30,20,109.0,0.0,7,0,-0.6016071428571429
41,1523.0,1_0_0,2,30,10,54.0,0.0,7,0,-0.3269565217391305
41,1569.0,1_0_0,2,30,10,40.0,2.0,6,1,-0.2669565217391304
41,1615.0,1_0_0,2,30,10,42.0,2.0,7,1,-0.28760869565217395
41,1651.0,1_0_0,1,20,10,43.0,0.0,7,0,-0.27416666666666667
41,1697.0,1_0_0,2,30,10,42.0,0.0,6,0,-0.25630434782608696
41,1743.0,1_0_0,2,30,10,40.0,0.0,6,0,-0.24760869565217392
41,1789.0,1_0_0,2,30,10,36.0,0.0,6,0,-0.22630434782608694
41,1825.0,1_0_0,4,10,20,119.0,0.0,7,0,-0.6525
41,1861.0,1_0_0,4,10,20,118.0,0.0,7,0,-0.6475
41,1897.0,1_0_0,1,20,10,42.0,0.0,6,0,-0.2575
41,1943.0,1_0_0,2,30,10,44.0,0.0,7,0,-0.2776086956521739
41,1989.0,1_0_0,2,30,10,46.0,2.0,7,1,-0.30695652173913046
41,2050.0,1_0_0,3,45,10,60.0,1.0,7,1,-0.3727049180327869
41,2096.0,1_0_0,5,20,20,120.0,0.0,7,0,-0.6582608695652173
41,2142.0,1_0_0,2,30,10,41.0,2.0,7,1,-0.2819565217391305
41,2168.0,1_0_0,0,10,10,44.0,0.0,7,0,-0.2784615384615384
41,2214.0,1_0_0,2,30,10,56.0,0.0,7,0,-0.33760869565217394
41,2260.0,1_0_0,5,20,20,115.0,0.0,7,0,-0.6326086956521738
41,2316.0,1_0_0,6,30,20,101.0,1.0,7,1,-0.5760714285714287
41,2342.0,1_0_0,0,10,10,43.0,0.0,7,0,-0.2734615384615384
41,2378.0,1_0_0,1,20,10,32.0,0.0,6,0,-0.20833333333333334
41,2449.0,1_0_0,7,45,20,136.0,0,7,0,-0.7381690140845071
41,2510.0,1_0_0,3,45,10,69.0,0,7,0,-0.40467213114754097
41,2546.0,1_0_0,1,20,10,40.0,0,6,0,-0.25166666666666665
41,2572.0,1_0_0,0,10,10,47.0,0,7,0,-0.29923076923076924
41,2618.0,1_0_0,2,30,10,52.0,0,7,0,-0.32021739130434784
41,2654.0,1_0_0,1,20,10,43.0,0,7,0,-0.2766666666666666
41,2680.0,1_0_0,0,10,10,39.0,0,6,0,-0.24923076923076923
41,2741.0,1_0_0,3,45,10,58.0,0,7,0,-0.349672131147541
41,2787.0,1_0_0,2,30,10,37.0,0,7,0,-0.24521739130434783
41,2823.0,1_0_0,1,20,10,46.0,0,7,0,-0.29166666666666663
41,2849.0,1_0_0,0,10,10,54.0,0,7,0,-0.3353846153846154
41,2895.0,1_0_0,2,30,10,37.0,0,6,0,-0.23521739130434782
41,2956.0,1_0_0,3,45,10,79.0,0,7,0,-0.454672131147541
41,2992.0,1_0_0,1,20,10,44.0,0,6,0,-0.27166666666666667
41,3063.0,1_0_0,7,45,20,0,0,0,0,0.0025352112676056333
42,36.0,0_0_0,1,20,10,43.0,2.0,7,1,-0.29500000000000004
42,107.0,1_0_0,7,45,20,142.0,0.0,7,0,-0.7673239436619718
42,178.0,1_0_0,7,45,20,126.0,0.0,7,0,-0.6869014084507041
42,249.0,1_0_0,7,45,20,140.0,0.0,7,0,-0.7569014084507041
42,320.0,1_0_0,7,45,20,137.0,0.0,7,0,-0.7419014084507042
42,391.0,1_0_0,7,45,20,133.0,0.0,7,0,-0.7219014084507042
42,462.0,1_0_0,7,45,20,135.0,0.0,7,0,-0.7319014084507042
42,533.0,1_0_0,7,45,20,138.0,0.0,7,0,-0.7469014084507041
42,569.0,1_0_0,1,20,10,32.0,0.0,6,0,-0.2075
42,640.0,1_0_0,7,45,20,144.0,0.0,7,0,-0.7773239436619718
42,711.0,1_0_0,7,45,20,134.0,0.0,7,0,-0.7269014084507042
42,782.0,1_0_0,7,45,20,137.0,0.0,7,0,-0.7414788732394366
42,828.0,1_0_0,5,20,20,106.0,0.0,7,0,-0.5869565217391304
42,874.0,1_0_0,2,30,10,46.0,1.0,7,1,-0.3026086956521739
42,945.0,1_0_0,7,45,20,137.0,0.0,7,0,-0.7419014084507042
42,981.0,1_0_0,1,20,10,38.0,0.0,6,0,-0.2375
42,1042.0,1_0_0,3,45,10,60.0,1.0,7,1,-0.3717213114754098
42,1088.0,1_0_0,2,30,10,32.0,2.0,6,1,-0.22695652173913042
42,1114.0,1_0_0,0,10,10,67.0,0.0,7,0,-0.3957692307692308
42,1170.0,1_0_0,6,30,20,114.0,0.0,7,0,-0.6266071428571428
42,1241.0,1_0_0,7,45,20,123.0,0.0,7,0,-0.671056338028169
42,1277.0,1_0_0,4,10,20,120.0,0.0,7,0,-0.6575
42,1313.0,1_0_0,1,20,10,39.0,2.0,6,1,-0.26249999999999996
42,1359.0,1_0_0,2,30,10,43.0,0.0,7,0,-0.2726086956521739
42,1385.0,1_0_0,0,10,10,47.0,1.0,7,1,-0.30846153846153845
42,1421.0,1_0_0,1,20,10,47.0,0.0,7,0,-0.29333333333333333
42,1467.0,1_0_0,5,20,20,111.0,0.0,7,0,-0.611304347826087
42,1513.0,1_0_0,2,30,10,45.0,1.0,7,1,-0.29760869565217396
42,1574.0,1_0_0,3,45,10,64.0,0.0,7,0,-0.37721311475409836
42,1610.0,1_0_0,1,20,10,44.0,0.0,7,0,-0.2783333333333333
42,1636.0,1_0_0,0,10,10,37.0,0.0,6,0,-0.23346153846153844
42,1692.0,1_0_0,6,30,20,117.0,0.0,7,0,-0.642142857142857
42,1728.0,1_0_0,4,10,20,116.0,0.0,7,0,-0.6375
42,1754.0,1_0_0,0,10,10,44.0,0.0,7,0,-0.2784615384615384
42,1800.0,1_0_0,2,30,10,42.0,0.0,7,0,-0.2669565217391304
42,1836.0,1_0_0,1,20,10,44.0,0.0,7,0,-0.2783333333333333
42,1897.0,1_0_0,3,45,10,62.0,0.0,7,0,-0.36721311475409835
42,1968.0,1_0_0,7,45,20,125.0,0.0,7,0,-0.6823239436619718
42,2014.0,1_0_0,2,30,10,45.0,0.0,7,0,-0.28130434782608693
42,2050.0,1_0_0,4,10,20,125.0,0.0,7,0,-0.6833333333333332
42,2086.0,1_0_0,1,20,10,36.0,0,6,0,-0.22666666666666666
42,2112.0,1_0_0,0,10,10,45.0,0,7,0,-0.28807692307692306
42,2158.0,1_0_0,5,20,20,113.0,0,7,0,-0.6284782608695652
42,2194.0,1_0_0,1,20,10,43.0,0,7,0,-0.2766666666666666
42,2255.0,1_0_0,3,45,10,68.0,0,7,0,-0.399672131147541
42,2301.0,1_0_0,2,30,10,47.0,0,7,0,-0.2952173913043478
42,2327.0,1_0_0,0,10,10,60.0,0,7,0,-0.36538461538461536
42,2383.0,1_0_0,6,30,20,114.0,0,7,0,-0.6319642857142856
42,2419.0,1_0_0,1,20,10,44.0,0,7,0,-0.2816666666666666
42,2465.0,1_0_0,2,30,10,32.0,0,5,0,-0.20021739130434785
42,2491.0,1_0_0,0,10,10,45.0,0,7,0,-0.28923076923076924
42,2552.0,1_0_0,3,45,10,68.0,0,7,0,-0.399672131147541
42,2578.0,1_0_0,0,10,10,47.0,0,7,0,-0.29923076923076924
42,2624.0,1_0_0,2,30,10,35.0,0,6,0,-0.2252173913043478
42,2660.0,1_0_0,1,20,10,40.0,0,7,0,-0.26166666666666666
42,2706.0,1_0_0,5,20,20,108.0,0,7,0,-0.6034782608695652
42,2752.0,1_0_0,2,30,10,58.0,0,7,0,-0.35086956521739127
42,2798.0,1_0_0,2,30,10,38.0,0,7,0,-0.25021739130434784
42,2869.0,1_0_0,7,45,20,134.0,0,7,0,-0.7307042253521127
42,2905.0,1_0_0,1,20,10,41.0,0,6,0,-0.25666666666666665
42,2961.0,1_0_0,6,30,20,115.0,0,7,0,-0.6369642857142856
42,3022.0,1_0_0,3,45,10,64.0,0,7,0,-0.379672131147541
42,3058.0,1_0_0,4,10,20,116.0,0,7,0,-0.6458333333333333
42,3084.0,1_0_0,0,10,10,49.0,0,7,0,-0.30923076923076925
42,3120.0,1_0_0,1,20,10,52.0,0,7,0,-0.3225
42,3166.0,1_0_0,2,30,10,50.0,0,7,0,-0.31021739130434783
42,3192.0,1_0_0,0,10,10,54.0,0,6,0,-0.3253846153846154
42,3238.0,1_0_0,5,20,20,0,0,0,0,0.003913043478260869
43,61.0,0_0_0,3,45,10,60.0,0.0,7,0,-0.3586885245901639
43,107.0,1_0_0,2,30,10,46.0,0.0,7,0,-0.28695652173913044
43,153.0,1_0_0,5,20,20,112.0,0.0,7,0,-0.6169565217391304
43,199.0,1_0_0,5,20,20,119.0,0.0,7,0,-0.6526086956521738
43,245.0,1_0_0,5,20,20,110.0,0.0,7,0,-0.606304347826087
43,291.0,1_0_0,5,20,20,111.0,0.0,7,0,-0.6119565217391304
43,337.0,1_0_0,5,20,20,115.0,0.0,7,0,-0.6313043478260869
43,383.0,1_0_0,5,20,20,114.0,0.0,7,0,-0.6269565217391303
43,429.0,1_0_0,5,20,20,119.0,0.0,7,0,-0.6519565217391303
43,455.0,1_0_0,0,10,10,40.0,0.0,7,0,-0.25846153846153846
43,501.0,1_0_0,5,20,20,109.0,0.0,7,0,-0.6019565217391304
43,547.0,1_0_0,5,20,20,114.0,0.0,7,0,-0.6269565217391303
43,593.0,1_0_0,5,20,20,115.0,0.0,7,0,-0.6319565217391303
43,639.0,1_0_0,5,20,20,114.0,1.0,7,1,-0.6426086956521739
43,685.0,1_0_0,5,20,20,110.0,0.0,7,0,-0.6069565217391304
43,721.0,1_0_0,4,10,20,119.0,0.0,7,0,-0.6533333333333332
43,767.0,1_0_0,2,30,10,50.0,2.0,7,1,-0.3269565217391305
43,813.0,1_0_0,2,30,10,50.0,2.0,7,1,-0.32760869565217393
43,859.0,1_0_0,5,20,20,125.0,0.0,7,0,-0.6832608695652174
43,920.0,1_0_0,3,45,10,60.0,0.0,7,0,-0.3567213114754098
43,956.0,1_0_0,1,20,10,43.0,0.0,6,0,-0.2625
43,982.0,1_0_0,0,10,10,47.0,1.0,7,1,-0.30846153846153845
43,1028.0,1_0_0,2,30,10,46.0,0.0,7,0,-0.2876086956521739
43,1064.0,1_0_0,1,20,10,41.0,0.0,6,0,-0.2525
43,1120.0,1_0_0,6,30,20,114.0,0.0,7,0,-0.627142857142857
43,1191.0,1_0_0,7,45,20,130.0,0.0,7,0,-0.7069014084507041
43,1252.0,1_0_0,3,45,10,69.0,0.0,7,0,-0.4022131147540983
43,1308.0,1_0_0,6,30,20,119.0,0.0,7,0,-0.652142857142857
43,1334.0,1_0_0,0,10,10,41.0,2.0,6,1,-0.2734615384615384
43,1370.0,1_0_0,1,20,10,42.0,0.0,6,0,-0.25833333333333336
43,1416.0,1_0_0,2,30,10,35.0,0.0,6,0,-0.2219565217391304
43,1462.0,1_0_0,5,20,20,114.0,0.0,7,0,-0.6269565217391303
43,1488.0,1_0_0,0,10,10,41.0,0.0,7,0,-0.2634615384615384
43,1534.0,1_0_0,2,30,10,41.0,0.0,7,0,-0.2619565217391304
43,1570.0,1_0_0,1,20,10,38.0,0.0,7,0,-0.2475
43,1631.0,1_0_0,3,45,10,63.0,2.0,7,1,-0.39221311475409837
43,1657.0,1_0_0,0,10,10,52.0,0.0,7,0,-0.31961538461538463
43,1703.0,1_0_0,2,30,10,34.0,0.0,6,0,-0.21630434782608696
43,1739.0,1_0_0,1,20,10,35.0,0.0,6,0,-0.22249999999999998
43,1775.0,1_0_0,4,10,20,120.0,0.0,7,0,-0.6583333333333332
43,1821.0,1_0_0,2,30,10,41.0,0.0,7,0,-0.2613043478260869
43,1857.0,1_0_0,1,20,10,54.0,0.0,7,0,-0.3275
43,1903.0,1_0_0,2,30,10,46.0,0,7,0,-0.2882608695652174
43,1964.0,1_0_0,3,45,10,62.0,0,7,0,-0.369672131147541
43,1990.0,1_0_0,0,10,10,48.0,0,7,0,-0.30538461538461537
43,2061.0,1_0_0,7,45,20,139.0,0,7,0,-0.7561267605633801
43,2107.0,1_0_0,5,20,20,102.0,0,7,0,-0.5734782608695652
43,2143.0,1_0_0,1,20,10,43.0,0,7,0,-0.2766666666666666
43,2169.0,1_0_0,0,10,10,57.0,0,7,0,-0.35038461538461535
43,2230.0,1_0_0,3,45,10,70.0,0,7,0,-0.409672131147541
43,2276.0,1_0_0,2,30,10,43.0,0,7,0,-0.2752173913043478
43,2312.0,1_0_0,1,20,10,48.0,0,7,0,-0.30166666666666664
43,2368.0,1_0_0,6,30,20,127.0,0,7,0,-0.6975
43,2414.0,1_0_0,2,30,10,54.0,0,7,0,-0.3308695652173913
43,2450.0,1_0_0,4,10,20,116.0,0,7,0,-0.6458333333333333
43,2521.0,1_0_0,7,45,20,133.0,0,7,0,-0.7261267605633803
43,2547.0,1_0_0,0,10,10,56.0,0,7,0,-0.3453846153846154
43,2608.0,1_0_0,3,45,10,70.0,0,7,0,-0.4101639344262295
43,2644.0,1_0_0,4,10,20,131.0,0,7,0,-0.7216666666666667
43,2680.0,1_0_0,1,20,10,42.0,0,7,0,-0.2708333333333333
43,2726.0,1_0_0,5,20,20,113.0,0,7,0,-0.6284782608695652
43,2772.0,1_0_0,2,30,10,43.0,0,7,0,-0.2752173913043478
43,2843.0,1_0_0,7,45,20,140.0,0,7,0,-0.7611267605633802
43,2869.0,1_0_0,0,10,10,46.0,0,7,0,-0.29423076923076924
43,2905.0,1_0_0,1,20,10,47.0,0,7,0,-0.29666666666666663
43,2966.0,1_0_0,3,45,10,69.0,0,7,0,-0.40467213114754097
43,3012.0,1_0_0,2,30,10,39.0,0,6,0,-0.24521739130434783
43,3068.0,1_0_0,6,30,20,110.0,0,7,0,-0.6119642857142857
43,3094.0,1_0_0,0,10,10,42.0,0,7,0,-0.2742307692307692
43,3130.0,1_0_0,1,20,10,45.0,0,7,0,-0.2866666666666666
43,3176.0,1_0_0,2,30,10,50.0,0,7,0,-0.3108695652173913
43,3202.0,1_0_0,0,10,10,41.0,0,6,0,-0.25923076923076926
43,3248.0,1_0_0,5,20,20,107.0,0,7,0,-0.5984782608695652
43,3284.0,1_0_0,1,20,10,44.0,0,7,0,-0.2816666666666666
43,3345.0,1_0_0,3,45,10,14.0,0,1,0,-0.069672131147541
43,3391.0,0_0_0,2,30,10,0,0,0,0,0.0006521739130434782
44,46.0,0_0_0,2,30,10,40.0,0.0,6,0,-0.24891304347826088
44,72.0,1_0_0,0,10,10,41.0,0.0,7,0,-0.2634615384615384
44,98.0,1_0_0,0,10,10,44.0,0.0,7,0,-0.2796153846153846
44,134.0,1_0_0,1,20,10,50.0,2.0,7,1,-0.3275
44,195.0,1_0_0,3,45,10,64.0,0.0,7,0,-0.3777049180327869
44,221.0,1_0_0,0,10,10,57.0,0.0,7,0,-0.3446153846153846
44,282.0,1_0_0,3,45,10,69.0,0.0,7,0,-0.40270491803278685
44,343.0,1_0_0,3,45,10,68.0,0.0,7,0,-0.3977049180327869
44,404.0,1_0_0,3,45,10,67.0,0.0,7,0,-0.39221311475409837
44,465.0,1_0_0,3,45,10,66.0,0.0,7,0,-0.38721311475409836
44,526.0,1_0_0,3,45,10,69.0,0.0,7,0,-0.40270491803278685
44,587.0,1_0_0,3,45,10,72.0,2.0,7,1,-0.43721311475409835
44,648.0,1_0_0,3,45,10,63.0,0.0,7,0,-0.3727049180327869
44,694.0,1_0_0,5,20,20,112.0,0.0,7,0,-0.6169565217391304
44,755.0,1_0_0,3,45,10,55.0,2.0,7,1,-0.35270491803278686
44,816.0,1_0_0,3,45,10,57.0,0.0,7,0,-0.3422131147540983
44,877.0,1_0_0,3,45,10,61.0,0.0,7,0,-0.36221311475409834
44,938.0,1_0_0,3,45,10,67.0,0.0,7,0,-0.39221311475409837
44,999.0,1_0_0,3,45,10,68.0,0.0,7,0,-0.3977049180327869
44,1060.0,1_0_0,3,45,10,61.0,0.0,7,0,-0.36221311475409834
44,1121.0,1_0_0,3,45,10,66.0,2.0,7,1,-0.4072131147540984
44,1182.0,1_0_0,3,45,10,65.0,0.0,7,0,-0.3827049180327869
44,1253.0,1_0_0,7,45,20,133.0,0.0,7,0,-0.7219014084507042
44,1289.0,1_0_0,4,10,20,136.0,0.0,7,0,-0.7383333333333333
44,1345.0,1_0_0,6,30,20,104.0,0.0,7,0,-0.5766071428571429
44,1406.0,1_0_0,3,45,10,60.0,0.0,7,0,-0.35770491803278687
44,1432.0,1_0_0,0,10,10,48.0,0.0,7,0,-0.29846153846153844
44,1493.0,1_0_0,3,45,10,66.0,1.0,7,1,-0.4027049180327869
44,1554.0,1_0_0,3,45,10,61.0,2.0,7,1,-0.38221311475409836
44,1615.0,1_0_0,3,45,10,59.0,0.0,7,0,-0.35221311475409833
44,1641.0,1_0_0,0,10,10,50.0,0.0,7,0,-0.3096153846153846
44,1702.0,1_0_0,3,45,10,61.0,0.0,7,0,-0.3631967213114754
44,1728.0,1_0_0,0,10,10,43.0,0.0,7,0,-0.2723076923076923
44,1754.0,1_0_0,0,10,10,55.0,0.0,7,0,-0.33461538461538465
44,1815.0,1_0_0,3,45,10,54.0,0.0,7,0,-0.32721311475409837
44,1841.0,1_0_0,0,10,10,47.0,0.0,7,0,-0.29346153846153844
44,1877.0,1_0_0,1,20,10,35.0,1.0,7,1,-0.24916666666666668
44,1938.0,1_0_0,3,45,10,65.0,0.0,7,0,-0.38221311475409836
44,1984.0,1_0_0,5,20,20,118.0,0.0,7,0,-0.6469565217391303
44,2020.0,1_0_0,1,20,10,39.0,0.0,7,0,-0.2525
44,2046.0,1_0_0,0,10,10,45.0,0.0,7,0,-0.2846153846153846
44,2107.0,1_0_0,3,45,10,52.0,1.0,7,1,-0.3327049180327869
44,2168.0,1_0_0,3,45,10,68.0,0.0,7,0,-0.3977049180327869
44,2204.0,1_0_0,1,20,10,41.0,1.0,7,1,-0.2783333333333334
44,2230.0,1_0_0,0,10,10,50.0,0.0,7,0,-0.3096153846153846
44,2276.0,1_0_0,2,30,10,44.0,0.0,7,0,-0.2776086956521739
44,2312.0,1_0_0,1,20,10,42.0,0.0,6,0,-0.25833333333333336
44,2383.0,1_0_0,7,45,20,135.0,0.0,7,0,-0.7323239436619718
44,2429.0,1_0_0,2,30,10,44.0,0.0,6,0,-0.266304347826087
44,2455.0,1_0_0,0,10,10,54.0,0.0,7,0,-0.3307692307692308
44,2491.0,1_0_0,1,20,10,50.0,1.0,7,1,-0.3225
44,2527.0,1_0_0,4,10,20,118.0,0.0,7,0,-0.6475
44,2573.0,1_0_0,2,30,10,46.0,0.0,7,0,-0.28695652173913044
44,2599.0,1_0_0,0,10,10,42.0,2.0,7,1,-0.2884615384615385
44,2660.0,1_0_0,3,45,10,65.0,0.0,7,0,-0.3827049180327869
44,2716.0,1_0_0,6,30,20,107.0,0.0,7,0,-0.5921428571428571
44,2752.0,1_0_0,1,20,10,44.0,0,7,0,-0.27749999999999997
44,2798.0,1_0_0,2,30,10,37.0,0,7,0,-0.24521739130434783
44,2824.0,1_0_0,0,10,10,42.0,0,6,0,-0.26423076923076927
44,2870.0,1_0_0,2,30,10,49.0,0,7,0,-0.30521739130434783
44,2906.0,1_0_0,1,20,10,44.0,0,7,0,-0.2816666666666666
44,2967.0,1_0_0,3,45,10,48.0,0,4,0,-0.27016393442622955
44,3003.0,0_0_0,4,10,20,0,0,0,0,0.0033333333333333327
45,36.0,0_0_0,4,10,20,106.0,0.0,7,0,-0.5916666666666667
45,97.0,1_0_0,3,45,10,66.0,2.0,7,1,-0.4072131147540984
45,158.0,1_0_0,3,45,10,70.0,0.0,7,0,-0.40770491803278686
45,219.0,1_0_0,3,45,10,63.0,0.0,7,0,-0.37221311475409835
45,280.0,1_0_0,3,45,10,74.0,1.0,7,1,-0.44221311475409836
45,341.0,1_0_0,3,45,10,62.0,0.0,7,0,-0.3677049180327869
45,402.0,1_0_0,3,45,10,67.0,2.0,7,1,-0.41270491803278686
45,458.0,1_0_0,6,30,20,121.0,0.0,7,0,-0.6616071428571428
45,519.0,1_0_0,3,45,10,59.0,0.0,7,0,-0.35221311475409833
45,580.0,1_0_0,3,45,10,55.0,2.0,7,1,-0.3517213114754098
45,641.0,1_0_0,3,45,10,63.0,0.0,7,0,-0.3727049180327869
45,702.0,1_0_0,3,45,10,63.0,0.0,7,0,-0.3727049180327869
45,763.0,1_0_0,3,45,10,60.0,0.0,7,0,-0.35721311475409834
45,824.0,1_0_0,3,45,10,58.0,0.0,7,0,-0.34721311475409833
45,885.0,1_0_0,3,45,10,60.0,0.0,7,0,-0.35770491803278687
45,946.0,1_0_0,3,45,10,71.0,0.0,7,0,-0.4117213114754098
45,1007.0,1_0_0,3,45,10,66.0,0.0,7,0,-0.38721311475409836
45,1078.0,1_0_0,7,45,20,137.0,1.0,7,1,-0.7564788732394366
45,1139.0,1_0_0,3,45,10,54.0,0.0,7,0,-0.3277049180327869
45,1200.0,1_0_0,3,45,10,67.0,0.0,7,0,-0.39221311475409837
45,1261.0,1_0_0,3,45,10,67.0,0.0,7,0,-0.39221311475409837
45,1322.0,1_0_0,3,45,10,61.0,0.0,7,0,-0.36221311475409834
45,1383.0,1_0_0,3,45,10,67.0,2.0,7,1,-0.4131967213114754
45,1444.0,1_0_0,3,45,10,71.0,0.0,7,0,-0.41270491803278686
45,1505.0,1_0_0,3,45,10,70.0,0.0,7,0,-0.4072131147540983
45,1566.0,1_0_0,3,45,10,73.0,2.0,7,1,-0.4427049180327869
45,1592.0,1_0_0,0,10,10,54.0,0.0,7,0,-0.3307692307692308
45,1638.0,1_0_0,5,20,20,116.0,1.0,7,1,-0.651304347826087
45,1684.0,1_0_0,2,30,10,47.0,0.0,7,0,-0.2932608695652174
45,1720.0,1_0_0,1,20,10,49.0,0.0,7,0,-0.3025
45,1766.0,1_0_0,2,30,10,35.0,0.0,6,0,-0.2219565217391304
45,1822.0,1_0_0,6,30,20,117.0,0.0,7,0,-0.6416071428571428
45,1848.0,1_0_0,0,10,10,46.0,0.0,7,0,-0.2896153846153846
45,1909.0,1_0_0,3,45,10,82.0,0.0,7,0,-0.4681967213114754
45,1945.0,1_0_0,1,20,10,52.0,0.0,7,0,-0.31833333333333336
45,1991.0,1_0_0,2,30,10,38.0,0.0,7,0,-0.24695652173913044
45,2027.0,1_0_0,4,10,20,124.0,0.0,7,0,-0.6775
45,2053.0,1_0_0,0,10,10,59.0,0.0,7,0,-0.3546153846153846
45,2099.0,1_0_0,5,20,20,127.0,0.0,7,0,-0.6926086956521739
45,2135.0,1_0_0,1,20,10,45.0,2.0,7,1,-0.3025
45,2181.0,1_0_0,2,30,10,44.0,1.0,7,1,-0.29260869565217396
45,2242.0,1_0_0,3,45,10,63.0,0.0,7,0,-0.3727049180327869
45,2268.0,1_0_0,0,10,10,36.0,2.0,6,1,-0.24846153846153846
45,2304.0,1_0_0,1,20,10,46.0,1.0,7,1,-0.30333333333333334
45,2350.0,1_0_0,2,30,10,38.0,0.0,7,0,-0.2482608695652174
45,2406.0,1_0_0,6,30,20,102.0,0.0,7,0,-0.5666071428571429
45,2432.0,1_0_0,0,10,10,47.0,0.0,7,0,-0.29346153846153844
45,2493.0,1_0_0,3,45,10,60.0,2.0,7,1,-0.37721311475409836
45,2539.0,1_0_0,2,30,10,46.0,0.0,7,0,-0.2876086956521739
45,2575.0,1_0_0,1,20,10,54.0,0.0,7,0,-0.32833333333333337
45,2611.0,1_0_0,4,10,20,108.0,0.0,7,0,-0.5975
45,2637.0,1_0_0,0,10,10,48.0,0.0,7,0,-0.3007692307692308
45,2698.0,1_0_0,3,45,10,68.0,0.0,7,0,-0.3972131147540984
45,2769.0,1_0_0,7,45,20,135.0,0.0,7,0,-0.7319014084507042
45,2815.0,1_0_0,2,30,10,42.0,0,7,0,-0.2682608695652174
45,2851.0,1_0_0,1,20,10,36.0,0,6,0,-0.23166666666666666
45,2897.0,1_0_0,5,20,20,115.0,0,7,0,-0.6384782608695652
45,2953.0,1_0_0,6,30,20,0,0,0,0,0.0075
46,36.0,0_0_0,1,20,10,52.0,0.0,7,0,-0.32083333333333336
46,92.0,1_0_0,6,30,20,112.0,0.0,7,0,-0.6171428571428571
46,148.0,1_0_0,6,30,20,112.0,0.0,7,0,-0.6166071428571429
46,204.0,1_0_0,6,30,20,106.0,0.0,7,0,-0.5866071428571429
46,260.0,1_0_0,6,30,20,113.0,0.0,7,0,-0.6216071428571428
46,316.0,1_0_0,6,30,20,124.0,0.0,7,0,-0.677142857142857
46,372.0,1_0_0,6,30,20,113.0,0.0,7,0,-0.6216071428571428
46,428.0,1_0_0,6,30,20,112.0,0.0,7,0,-0.6166071428571429
46,484.0,1_0_0,6,30,20,117.0,0.0,7,0,-0.6416071428571428
46,540.0,1_0_0,6,30,20,113.0,0.0,7,0,-0.6216071428571428
46,596.0,1_0_0,6,30,20,114.0,0.0,7,0,-0.6266071428571428
46,652.0,1_0_0,6,30,20,115.0,0.0,7,0,-0.6316071428571428
46,708.0,1_0_0,6,30,20,111.0,0.0,7,0,-0.6110714285714286
46,764.0,1_0_0,6,30,20,122.0,0.0,7,0,-0.6666071428571428
46,790.0,1_0_0,0,10,10,50.0,0.0,7,0,-0.30846153846153845
46,836.0,1_0_0,2,30,10,40.0,0.0,7,0,-0.2576086956521739
46,872.0,1_0_0,1,20,10,53.0,0.0,7,0,-0.3225
46,918.0,1_0_0,5,20,20,119.0,0.0,7,0,-0.6526086956521738
46,964.0,1_0_0,2,30,10,50.0,0.0,7,0,-0.30630434782608695
46,990.0,1_0_0,0,10,10,45.0,0.0,7,0,-0.28346153846153843
46,1051.0,1_0_0,3,45,10,61.0,0.0,7,0,-0.36221311475409834
46,1087.0,1_0_0,4,10,20,115.0,0.0,7,0,-0.6325
46,1123.0,1_0_0,1,20,10,39.0,0.0,7,0,-0.25333333333333335
46,1179.0,1_0_0,6,30,20,114.0,0.0,7,0,-0.6255357142857142
46,1205.0,1_0_0,0,10,10,41.0,2.0,6,1,-0.2734615384615384
46,1251.0,1_0_0,2,30,10,43.0,2.0,7,1,-0.29260869565217396
46,1287.0,1_0_0,1,20,10,45.0,0.0,7,0,-0.2833333333333333
46,1358.0,1_0_0,7,45,20,136.0,0.0,7,0,-0.7369014084507042
46,1419.0,1_0_0,3,45,10,62.0,0.0,7,0,-0.36721311475409835
46,1445.0,1_0_0,0,10,10,48.0,1.0,7,1,-0.3157692307692308
46,1491.0,1_0_0,2,30,10,50.0,2.0,7,1,-0.3269565217391305
46,1527.0,1_0_0,1,20,10,34.0,0.0,6,0,-0.21833333333333335
46,1563.0,1_0_0,4,10,20,115.0,0.0,7,0,-0.6325
46,1599.0,1_0_0,1,20,10,41.0,0.0,6,0,-0.2525
46,1660.0,1_0_0,3,45,10,57.0,0.0,7,0,-0.3422131147540983
46,1686.0,1_0_0,0,10,10,48.0,0.0,7,0,-0.2996153846153846
46,1732.0,1_0_0,2,30,10,54.0,0.0,7,0,-0.32760869565217393
46,1788.0,1_0_0,6,30,20,109.0,0.0,7,0,-0.6016071428571429
46,1824.0,1_0_0,1,20,10,38.0,2.0,6,1,-0.2575
46,1860.0,1_0_0,1,20,10,47.0,2.0,7,1,-0.3141666666666667
46,1886.0,1_0_0,0,10,10,41.0,0.0,7,0,-0.2634615384615384
46,1947.0,1_0_0,3,45,10,79.0,1.0,7,1,-0.4672131147540984
46,1993.0,1_0_0,5,20,20,109.0,0,7,0,-0.6052173913043478
46,2039.0,1_0_0,2,30,10,51.0,0,7,0,-0.31521739130434784
46,2110.0,1_0_0,7,45,20,153.0,0,7,0,-0.8265492957746479
46,2136.0,1_0_0,0,10,10,57.0,0,7,0,-0.35038461538461535
46,2172.0,1_0_0,4,10,20,124.0,0,7,0,-0.6866666666666666
46,2243.0,1_0_0,7,45,20,134.0,0,7,0,-0.7311267605633802
46,2289.0,1_0_0,2,30,10,45.0,0,7,0,-0.2852173913043478
46,2325.0,1_0_0,1,20,10,60.0,0,7,0,-0.3625
46,2381.0,1_0_0,6,30,20,108.0,0,7,0,-0.6019642857142857
46,2442.0,1_0_0,3,45,10,76.0,0,7,0,-0.44016393442622953
46,2468.0,1_0_0,0,10,10,51.0,0,7,0,-0.31923076923076926
46,2514.0,1_0_0,2,30,10,41.0,0,7,0,-0.2652173913043478
46,2560.0,1_0_0,5,20,20,103.0,0,7,0,-0.5784782608695652
46,2596.0,1_0_0,1,20,10,42.0,0,7,0,-0.2716666666666666
46,2632.0,1_0_0,4,10,20,108.0,0,7,0,-0.6058333333333333
46,2678.0,1_0_0,2,30,10,46.0,0,7,0,-0.2902173913043478
46,2704.0,1_0_0,0,10,10,45.0,0,7,0,-0.28923076923076924
46,2765.0,1_0_0,3,45,10,66.0,0,7,0,-0.389672131147541
46,2801.0,1_0_0,1,20,10,46.0,0,7,0,-0.29166666666666663
46,2847.0,1_0_0,2,30,10,46.0,0,7,0,-0.29086956521739127
46,2873.0,1_0_0,0,10,10,55.0,0,7,0,-0.3403846153846154
46,2929.0,1_0_0,6,30,20,118.0,0,7,0,-0.6519642857142857
46,2965.0,1_0_0,1,20,10,42.0,0,6,0,-0.26166666666666666
46,3011.0,1_0_0,5,20,20,127.0,0,7,0,-0.6991304347826086
46,3072.0,1_0_0,3,45,10,62.0,0,7,0,-0.369672131147541
46,3118.0,1_0_0,2,30,10,36.0,0,6,0,-0.22956521739130434
46,3144.0,1_0_0,0,10,10,46.0,0,7,0,-0.29423076923076924
46,3180.0,1_0_0,1,20,10,34.0,0,6,0,-0.22166666666666668
46,3226.0,1_0_0,2,30,10,45.0,0,7,0,-0.2852173913043478
46,3262.0,1_0_0,1,20,10,40.0,0,7,0,-0.26083333333333336
46,3323.0,1_0_0,3,45,10,0,0,0,0,0.004918032786885245
47,36.0,0_0_0,4,10,20,104.0,0.0,7,0,-0.5808333333333333
47,97.0,1_0_0,3,45,10,66.0,0.0,7,0,-0.38721311475409836
47,158.0,1_0_0,3,45,10,60.0,0.0,7,0,-0.3567213114754098
47,219.0,1_0_0,3,45,10,65.0,0.0,7,0,-0.3831967213114754
47,280.0,1_0_0,3,45,10,59.0,0.0,7,0,-0.35221311475409833
47,341.0,1_0_0,3,45,10,70.0,0.0,7,0,-0.40770491803278686
47,387.0,1_0_0,5,20,20,119.0,0.0,7,0,-0.6513043478260869
47,448.0,1_0_0,3,45,10,60.0,0.0,7,0,-0.35721311475409834
47,509.0,1_0_0,3,45,10,66.0,2.0,7,1,-0.4072131147540984
47,545.0,1_0_0,4,10,20,123.0,0.0,7,0,-0.6741666666666666
47,606.0,1_0_0,3,45,10,68.0,0.0,7,0,-0.3972131147540984
47,667.0,1_0_0,3,45,10,68.0,0.0,7,0,-0.3972131147540984
47,728.0,1_0_0,3,45,10,61.0,0.0,7,0,-0.36221311475409834
47,789.0,1_0_0,3,45,10,67.0,0.0,7,0,-0.39221311475409837
47,825.0,1_0_0,4,10,20,119.0,0.0,7,0,-0.6525
47,886.0,1_0_0,3,45,10,70.0,0.0,7,0,-0.4072131147540983
47,947.0,1_0_0,3,45,10,60.0,0.0,7,0,-0.35721311475409834
47,1008.0,1_0_0,3,45,10,64.0,2.0,7,1,-0.3972131147540984
47,1069.0,1_0_0,3,45,10,66.0,2.0,7,1,-0.4077049180327869
47,1130.0,1_0_0,3,45,10,68.0,0.0,7,0,-0.3977049180327869
47,1191.0,1_0_0,3,45,10,78.0,0.0,7,0,-0.4477049180327869
47,1252.0,1_0_0,3,45,10,61.0,2.0,7,1,-0.3827049180327869
47,1313.0,1_0_0,3,45,10,69.0,1.0,7,1,-0.4181967213114754
47,1374.0,1_0_0,3,45,10,67.0,2.0,7,1,-0.41270491803278686
47,1435.0,1_0_0,3,45,10,63.0,2.0,7,1,-0.39319672131147543
47,1496.0,1_0_0,3,45,10,61.0,0.0,7,0,-0.36221311475409834
47,1557.0,1_0_0,3,45,10,67.0,2.0,7,1,-0.41270491803278686
47,1583.0,1_0_0,0,10,10,40.0,1.0,7,1,-0.27461538461538465
47,1644.0,1_0_0,3,45,10,70.0,1.0,7,1,-0.42270491803278687
47,1690.0,1_0_0,2,30,10,46.0,0.0,7,0,-0.28695652173913044
47,1761.0,1_0_0,7,45,20,135.0,0.0,7,0,-0.7319014084507042
47,1797.0,1_0_0,1,20,10,43.0,0.0,7,0,-0.27249999999999996
47,1853.0,1_0_0,6,30,20,129.0,0.0,7,0,-0.7026785714285714
47,1879.0,1_0_0,0,10,10,49.0,0.0,7,0,-0.30346153846153845
47,1925.0,1_0_0,2,30,10,54.0,1.0,7,1,-0.34260869565217394
47,1961.0,1_0_0,1,20,10,45.0,0.0,6,0,-0.2733333333333334
47,2007.0,1_0_0,5,20,20,127.0,0.0,7,0,-0.6926086956521739
47,2043.0,1_0_0,4,10,20,125.0,0.0,7,0,-0.6833333333333332
47,2104.0,1_0_0,3,45,10,69.0,2.0,7,1,-0.42221311475409834
47,2140.0,1_0_0,4,10,20,110.0,0.0,7,0,-0.6083333333333333
47,2166.0,1_0_0,0,10,10,51.0,0.0,7,0,-0.31461538461538463
47,2202.0,1_0_0,1,20,10,41.0,0.0,7,0,-0.26249999999999996
47,2248.0,1_0_0,2,30,10,40.0,2.0,6,1,-0.2669565217391304
47,2274.0,1_0_0,0,10,10,48.0,0.0,7,0,-0.2996153846153846
47,2310.0,1_0_0,1,20,10,42.0,1.0,7,1,-0.28250000000000003
47,2356.0,1_0_0,2,30,10,39.0,0.0,6,0,-0.2426086956521739
47,2417.0,1_0_0,3,45,10,61.0,0.0,7,0,-0.3617213114754098
47,2473.0,1_0_0,6,30,20,129.0,0.0,7,0,-0.7026785714285714
47,2544.0,1_0_0,7,45,20,134.0,0.0,7,0,-0.7269014084507042
47,2580.0,1_0_0,4,10,20,129.0,0.0,7,0,-0.7033333333333333
47,2606.0,1_0_0,0,10,10,61.0,0.0,7,0,-0.3646153846153846
47,2642.0,1_0_0,1,20,10,47.0,0,7,0,-0.2925
47,2688.0,1_0_0,2,30,10,39.0,0,7,0,-0.2545652173913044
47,2734.0,1_0_0,5,20,20,124.0,0,7,0,-0.6841304347826086
47,2795.0,1_0_0,3,45,10,55.0,0,7,0,-0.334672131147541
47,2841.0,1_0_0,2,30,10,46.0,0,7,0,-0.2902173913043478
47,2877.0,1_0_0,1,20,10,47.0,0,7,0,-0.29666666666666663
47,2903.0,1_0_0,0,10,10,44.0,0,7,0,-0.28423076923076923
47,2949.0,1_0_0,2,30,10,45.0,0,7,0,-0.2852173913043478
47,3010.0,1_0_0,3,45,10,0,0,0,0,0.008852459016393442
48,71.0,0_0_0,7,45,20,130.0,0.0,7,0,-0.708169014084507
48,132.0,1_0_0,3,45,10,68.0,0.0,7,0,-0.3977049180327869
48,193.0,1_0_0,3,45,10,53.0,0.0,7,0,-0.32172131147540983
48,254.0,1_0_0,3,45,10,69.0,0.0,7,0,-0.4022131147540983
48,315.0,1_0_0,3,45,10,67.0,0.0,7,0,-0.39221311475409837
48,376.0,1_0_0,3,45,10,66.0,0.0,7,0,-0.3877049180327869
48,437.0,1_0_0,3,45,10,63.0,0.0,7,0,-0.3717213114754098
48,498.0,1_0_0,3,45,10,69.0,0.0,7,0,-0.4022131147540983
48,559.0,1_0_0,3,45,10,67.0,0.0,7,0,-0.3927049180327869
48,620.0,1_0_0,3,45,10,75.0,0.0,7,0,-0.4327049180327869
48,681.0,1_0_0,3,45,10,65.0,0.0,7,0,-0.38221311475409836
48,742.0,1_0_0,3,45,10,60.0,1.0,7,1,-0.3727049180327869
48,803.0,1_0_0,3,45,10,69.0,0.0,7,0,-0.4022131147540983
48,864.0,1_0_0,3,45,10,74.0,0.0,7,0,-0.4277049180327869
48,925.0,1_0_0,3,45,10,60.0,0.0,7,0,-0.35770491803278687
48,986.0,1_0_0,3,45,10,76.0,1.0,7,1,-0.4531967213114754
48,1047.0,1_0_0,3,45,10,68.0,0.0,7,0,-0.3972131147540984
48,1108.0,1_0_0,3,45,10,66.0,2.0,7,1,-0.4072131147540984
48,1169.0,1_0_0,3,45,10,52.0,0.0,7,0,-0.3177049180327869
48,1230.0,1_0_0,3,45,10,63.0,0.0,7,0,-0.3717213114754098
48,1291.0,1_0_0,3,45,10,65.0,2.0,7,1,-0.4022131147540984
48,1352.0,1_0_0,3,45,10,67.0,0.0,7,0,-0.3927049180327869
48,1388.0,1_0_0,4,10,20,109.0,0.0,7,0,-0.6025
48,1424.0,1_0_0,4,10,20,113.0,0.0,7,0,-0.6224999999999999
48,1485.0,1_0_0,3,45,10,61.0,0.0,7,0,-0.36221311475409834
48,1546.0,1_0_0,3,45,10,69.0,0.0,7,0,-0.4022131147540983
48,1607.0,1_0_0,3,45,10,65.0,0.0,7,0,-0.38221311475409836
48,1643.0,1_0_0,1,20,10,43.0,0.0,6,0,-0.2625
48,1669.0,1_0_0,0,10,10,49.0,0.0,7,0,-0.3046153846153846
48,1725.0,1_0_0,6,30,20,110.0,0.0,7,0,-0.6066071428571429
48,1786.0,1_0_0,3,45,10,73.0,0.0,7,0,-0.42270491803278687
48,1857.0,1_0_0,7,45,20,131.0,0.0,7,0,-0.7119014084507042
48,1893.0,1_0_0,1,20,10,43.0,0.0,7,0,-0.27249999999999996
48,1939.0,1_0_0,2,30,10,53.0,0.0,7,0,-0.3219565217391305
48,1985.0,1_0_0,5,20,20,113.0,0.0,7,0,-0.6219565217391303
48,2011.0,1_0_0,0,10,10,43.0,0.0,7,0,-0.2734615384615384
48,2047.0,1_0_0,1,20,10,42.0,1.0,7,1,-0.2833333333333334
48,2093.0,1_0_0,2,30,10,49.0,2.0,7,1,-0.3219565217391305
48,2119.0,1_0_0,0,10,10,44.0,0.0,6,0,-0.26961538461538465
48,2180.0,1_0_0,3,45,10,64.0,0.0,7,0,-0.37721311475409836
48,2216.0,1_0_0,1,20,10,43.0,1.0,7,1,-0.28750000000000003
48,2272.0,1_0_0,6,30,20,111.0,0.0,7,0,-0.6121428571428571
48,2298.0,1_0_0,0,10,10,58.0,1.0,7,1,-0.3646153846153846
48,2344.0,1_0_0,2,30,10,48.0,0.0,7,0,-0.29695652173913045
48,2390.0,1_0_0,5,20,20,110.0,0.0,7,0,-0.6069565217391304
48,2426.0,1_0_0,1,20,10,50.0,0.0,7,0,-0.3075
48,2487.0,1_0_0,3,45,10,66.0,0.0,7,0,-0.38721311475409836
48,2558.0,1_0_0,7,45,20,125.0,0.0,7,0,-0.6823239436619718
48,2604.0,1_0_0,2,30,10,43.0,0.0,7,0,-0.2713043478260869
48,2630.0,1_0_0,0,10,10,60.0,0.0,7,0,-0.3596153846153846
48,2666.0,1_0_0,1,20,10,48.0,1.0,7,1,-0.31333333333333335
48,2712.0,1_0_0,2,30,10,41.0,0.0,7,0,-0.2619565217391304
48,2773.0,1_0_0,3,45,10,67.0,2.0,7,1,-0.41270491803278686
48,2829.0,1_0_0,6,30,20,117.0,0,7,0,-0.6453571428571427
48,2900.0,1_0_0,7,45,20,0,0,0,0,0.008873239436619718
49,26.0,0_0_0,0,10,10,42.0,0.0,7,0,-0.2742307692307692
49,97.0,1_0_0,7,45,20,134.0,0.0,7,0,-0.7264788732394366
49,168.0,1_0_0,7,45,20,132.0,0.0,7,0,-0.7169014084507042
49,239.0,1_0_0,7,45,20,144.0,0.0,7,0,-0.7769014084507041
49,310.0,1_0_0,7,45,20,136.0,0.0,7,0,-0.7373239436619718
49,381.0,1_0_0,7,45,20,135.0,0.0,7,0,-0.7314788732394366
49,452.0,1_0_0,7,45,20,133.0,0.0,7,0,-0.7219014084507042
49,523.0,1_0_0,7,45,20,127.0,0.0,7,0,-0.6919014084507041
49,594.0,1_0_0,7,45,20,139.0,0.0,7,0,-0.7519014084507041
49,665.0,1_0_0,7,45,20,147.0,0.0,7,0,-0.7923239436619718
49,736.0,1_0_0,7,45,20,142.0,0.0,7,0,-0.7669014084507041
49,807.0,1_0_0,7,45,20,131.0,0.0,7,0,-0.7119014084507042
49,833.0,1_0_0,0,10,10,48.0,0.0,7,0,-0.29846153846153844
49,869.0,1_0_0,1,20,10,51.0,0.0,7,0,-0.3125
49,915.0,1_0_0,2,30,10,39.0,0.0,6,0,-0.24195652173913043
49,961.0,1_0_0,5,20,20,110.0,0.0,7,0,-0.6069565217391304
49,1007.0,1_0_0,2,30,10,38.0,0.0,7,0,-0.24760869565217392
49,1078.0,1_0_0,7,45,20,134.0,0.0,7,0,-0.7269014084507042
49,1104.0,1_0_0,0,10,10,51.0,0.0,7,0,-0.31461538461538463
49,1165.0,1_0_0,3,45,10,59.0,0.0,7,0,-0.3517213114754098
49,1201.0,1_0_0,1,20,10,40.0,0.0,7,0,-0.2575
49,1237.0,1_0_0,4,10,20,117.0,0.0,7,0,-0.6425
49,1283.0,1_0_0,2,30,10,48.0,1.0,7,1,-0.3126086956521739
49,1319.0,1_0_0,1,20,10,36.0,0.0,6,0,-0.22749999999999998
49,1345.0,1_0_0,0,10,10,62.0,0.0,7,0,-0.3696153846153846
49,1406.0,1_0_0,3,45,10,53.0,2.0,7,1,-0.3422131147540984
49,1462.0,1_0_0,6,30,20,117.0,0.0,7,0,-0.6416071428571428
49,1498.0,1_0_0,1,20,10,36.0,0.0,6,0,-0.22749999999999998
49,1544.0,1_0_0,2,30,10,49.0,0.0,7,0,-0.3026086956521739
49,1590.0,1_0_0,5,20,20,113.0,0.0,7,0,-0.6213043478260869
49,1626.0,1_0_0,1,20,10,38.0,2.0,6,1,-0.2575
49,1652.0,1_0_0,0,10,10,51.0,0.0,7,0,-0.3157692307692308
49,1713.0,1_0_0,3,45,10,65.0,0.0,7,0,-0.3827049180327869
49,1759.0,1_0_0,2,30,10,44.0,0.0,7,0,-0.2763043478260869
49,1830.0,1_0_0,7,45,20,123.0,0.0,7,0,-0.6719014084507041
49,1866.0,1_0_0,1,20,10,40.0,0.0,6,0,-0.2475
49,1902.0,1_0_0,4,10,20,119.0,0.0,7,0,-0.6525
49,1928.0,1_0_0,0,10,10,53.0,0.0,7,0,-0.32461538461538464
49,1999.0,1_0_0,7,45,20,133.0,0.0,7,0,-0.7219014084507042
49,2045.0,1_0_0,2,30,10,43.0,0.0,7,0,-0.27195652173913043
49,2091.0,1_0_0,2,30,10,37.0,0.0,6,0,-0.23195652173913042
49,2127.0,1_0_0,1,20,10,37.0,0,7,0,-0.2425
49,2188.0,1_0_0,3,45,10,56.0,0,7,0,-0.339672131147541
49,2214.0,1_0_0,0,10,10,39.0,0,6,0,-0.24923076923076923
49,2270.0,1_0_0,6,30,20,118.0,0,7,0,-0.6519642857142857
49,2306.0,1_0_0,1,20,10,44.0,0,7,0,-0.2816666666666666
49,2352.0,1_0_0,5,20,20,117.0,0,7,0,-0.6484782608695652
49,2398.0,1_0_0,2,30,10,44.0,0,7,0,-0.2802173913043478
49,2459.0,1_0_0,3,45,10,69.0,0,7,0,-0.40467213114754097
49,2485.0,1_0_0,0,10,10,43.0,0,7,0,-0.2792307692307692
49,2521.0,1_0_0,1,20,10,50.0,0,7,0,-0.31166666666666665
49,2557.0,1_0_0,4,10,20,117.0,0,7,0,-0.6508333333333333
49,2603.0,1_0_0,2,30,10,44.0,0,7,0,-0.2802173913043478
49,2629.0,1_0_0,0,10,10,45.0,0,7,0,-0.28923076923076924
49,2675.0,1_0_0,5,20,20,114.0,0,7,0,-0.6334782608695652
49,2711.0,1_0_0,1,20,10,48.0,0,7,0,-0.30166666666666664
49,2772.0,1_0_0,3,45,10,66.0,0,7,0,-0.389672131147541
49,2818.0,1_0_0,2,30,10,39.0,0,7,0,-0.25521739130434784
49,2874.0,1_0_0,6,30,20,115.0,0,7,0,-0.6369642857142856
49,2900.0,1_0_0,0,10,10,46.0,0,7,0,-0.29423076923076924
49,2936.0,1_0_0,1,20,10,43.0,0,7,0,-0.2766666666666666
49,2982.0,1_0_0,2,30,10,40.0,0,7,0,-0.26021739130434784
49,3043.0,1_0_0,3,45,10,67.0,0,7,0,-0.394672131147541
49,3069.0,1_0_0,0,10,10,43.0,0,7,0,-0.2792307692307692
49,3105.0,1_0_0,1,20,10,47.0,0,7,0,-0.29666666666666663
49,3151.0,1_0_0,2,30,10,47.0,0,7,0,-0.2952173913043478
49,3187.0,1_0_0,4,10,20,111.0,0,6,0,-0.6116666666666667
49,3258.0,1_0_0,7,45,20,0,0,0,0,0.0025352112676056333
