episode,decision,simulation_time,state,action,next_state,old_waiting_time,new_waiting_time,old_queue,new_queue,throughput_during_transition,throughput_rate,normalized_wait,normalized_queue,normalized_throughput,wait_contribution,queue_contribution,throughput_contribution,starvation_penalty,reward,q_value_before,q_value_after,epsilon,transition_duration
1,0,146.0,Low*Low*NoStarvation,45,Medium*Medium*NoStarvation,0.83,40.71,2,7,47,0.4896,0.4071,0.35,0.049,-0.2036,-0.07,0.0147,0.0,-0.2589,0.0,-0.0259,1.0,96
1,1,172.0,Medium*Medium*NoStarvation,10,Low*Medium*NoStarvation,40.71,8.43,7,7,9,0.3462,0.0843,0.35,0.0346,-0.0421,-0.07,0.0104,0.0,-0.1018,0.0,-0.0102,1.0,26
1,2,198.0,Low*Medium*NoStarvation,10,Low*Medium*NoStarvation,8.43,5.71,7,7,9,0.3462,0.0571,0.35,0.0346,-0.0286,-0.07,0.0104,0.0,-0.0882,0.0,-0.0088,1.0,26
1,3,224.0,Low*Medium*NoStarvation,10,Low*Medium*NoStarvation,5.71,7.57,7,7,9,0.3462,0.0757,0.35,0.0346,-0.0379,-0.07,0.0104,0.0,-0.0975,-0.0088,-0.0177,1.0,26
1,4,290.0,Low*Medium*NoStarvation,30,Medium*Medium*NoStarvation,7.57,26.14,7,7,29,0.4394,0.2614,0.35,0.0439,-0.1307,-0.07,0.0132,0.0,-0.1875,0.0,-0.0188,1.0,66
1,5,356.0,Medium*Medium*NoStarvation,30,Medium*Medium*NoStarvation,26.14,27.0,7,7,30,0.4545,0.27,0.35,0.0455,-0.135,-0.07,0.0136,0.0,-0.1914,0.0,-0.0191,1.0,66
1,6,402.0,Medium*Medium*NoStarvation,20,Low*Medium*NoStarvation,27.0,15.14,7,7,20,0.4348,0.1514,0.35,0.0435,-0.0757,-0.07,0.013,0.0,-0.1327,0.0,-0.0133,1.0,46
1,7,468.0,Low*Medium*NoStarvation,30,Medium*Medium*NoStarvation,15.14,26.71,7,7,31,0.4697,0.2671,0.35,0.047,-0.1336,-0.07,0.0141,0.0,-0.1895,-0.0188,-0.0358,1.0,66
1,8,494.0,Medium*Medium*NoStarvation,10,Low*Medium*NoStarvation,26.71,7.86,7,7,8,0.3077,0.0786,0.35,0.0308,-0.0393,-0.07,0.0092,0.0,-0.1001,-0.0102,-0.0192,1.0,26
1,9,540.0,Low*Medium*NoStarvation,20,Low*Medium*NoStarvation,7.86,16.43,7,7,20,0.4348,0.1643,0.35,0.0435,-0.0821,-0.07,0.013,0.0,-0.1391,0.0,-0.0139,1.0,46
1,10,586.0,Low*Medium*NoStarvation,20,Low*Medium*NoStarvation,16.43,15.86,7,7,19,0.413,0.1586,0.35,0.0413,-0.0793,-0.07,0.0124,0.0,-0.1369,-0.0139,-0.0262,1.0,46
1,11,612.0,Low*Medium*NoStarvation,10,Low*Medium*NoStarvation,15.86,6.57,7,7,10,0.3846,0.0657,0.35,0.0385,-0.0329,-0.07,0.0115,0.0,-0.0913,-0.0177,-0.025,1.0,26
1,12,678.0,Low*Medium*NoStarvation,30,Medium*Medium*NoStarvation,6.57,27.43,7,7,27,0.4091,0.2743,0.35,0.0409,-0.1371,-0.07,0.0123,0.0,-0.1949,-0.0358,-0.0517,1.0,66
1,13,774.0,Medium*Medium*NoStarvation,45,Medium*Medium*NoStarvation,27.43,41.71,7,7,42,0.4375,0.4171,0.35,0.0437,-0.2086,-0.07,0.0131,0.0,-0.2654,0.0,-0.0265,1.0,96
1,14,870.0,Medium*Medium*NoStarvation,45,Medium*Medium*NoStarvation,41.71,41.57,7,7,40,0.4167,0.4157,0.35,0.0417,-0.2079,-0.07,0.0125,0.0,-0.2654,-0.0265,-0.0516,1.0,96
1,15,916.0,Medium*Medium*NoStarvation,20,Low*Medium*NoStarvation,41.57,16.71,7,7,19,0.413,0.1671,0.35,0.0413,-0.0836,-0.07,0.0124,0.0,-0.1412,-0.0133,-0.0261,1.0,46
1,16,982.0,Low*Medium*NoStarvation,30,Medium*Medium*NoStarvation,16.71,25.86,7,7,28,0.4242,0.2586,0.35,0.0424,-0.1293,-0.07,0.0127,0.0,-0.1866,-0.0517,-0.0669,1.0,66
1,17,1008.0,Medium*Medium*NoStarvation,10,Low*Medium*NoStarvation,25.86,5.43,7,7,10,0.3846,0.0543,0.35,0.0385,-0.0271,-0.07,0.0115,0.0,-0.0856,-0.0192,-0.0258,1.0,26
1,18,1074.0,Low*Medium*NoStarvation,30,Medium*Medium*NoStarvation,5.43,25.43,7,7,15,0.2273,0.2543,0.35,0.0227,-0.1271,-0.07,0.0068,0.0,-0.1903,-0.0669,-0.081,1.0,66
1,19,1120.0,Medium*Medium*NoStarvation,20,Low*Medium*NoStarvation,25.43,16.43,7,7,10,0.2174,0.1643,0.35,0.0217,-0.0821,-0.07,0.0065,0.0,-0.1456,-0.0261,-0.038,1.0,46
1,20,1216.0,Low*Medium*NoStarvation,45,Medium*Medium*NoStarvation,16.43,40.14,7,7,22,0.2292,0.4014,0.35,0.0229,-0.2007,-0.07,0.0069,0.0,-0.2638,0.0,-0.0281,1.0,96
1,21,1242.0,Medium*Medium*NoStarvation,10,Low*Medium*NoStarvation,40.14,5.14,7,7,5,0.1923,0.0514,0.35,0.0192,-0.0257,-0.07,0.0058,0.0,-0.0899,-0.0258,-0.0345,1.0,26
1,22,1338.0,Low*Medium*NoStarvation,45,Medium*Medium*NoStarvation,5.14,40.86,7,7,23,0.2396,0.4086,0.35,0.024,-0.2043,-0.07,0.0072,0.0,-0.2671,-0.0281,-0.0537,1.0,96
1,23,1364.0,Medium*Medium*NoStarvation,10,Low*Medium*NoStarvation,40.86,6.29,7,7,5,0.1923,0.0629,0.35,0.0192,-0.0314,-0.07,0.0058,0.0,-0.0957,-0.0345,-0.0428,1.0,26
1,24,1410.0,Low*Medium*NoStarvation,20,Low*Medium*NoStarvation,6.29,16.71,7,7,10,0.2174,0.1671,0.35,0.0217,-0.0836,-0.07,0.0065,0.0,-0.147,-0.0262,-0.0405,1.0,46
1,25,1506.0,Low*Medium*NoStarvation,45,Medium*Medium*NoStarvation,16.71,42.14,7,7,22,0.2292,0.4214,0.35,0.0229,-0.2107,-0.07,0.0069,0.0,-0.2738,-0.0537,-0.0775,1.0,96
1,26,1572.0,Medium*Medium*NoStarvation,30,Medium*Medium*NoStarvation,42.14,26.86,7,7,15,0.2273,0.2686,0.35,0.0227,-0.1343,-0.07,0.0068,0.0,-0.1975,-0.0191,-0.0387,1.0,66
1,27,1618.0,Medium*Medium*NoStarvation,20,Low*Medium*NoStarvation,26.86,17.14,7,7,10,0.2174,0.1714,0.35,0.0217,-0.0857,-0.07,0.0065,0.0,-0.1492,-0.038,-0.0514,1.0,46
1,28,1684.0,Low*Medium*NoStarvation,30,Medium*Medium*NoStarvation,17.14,25.57,7,7,15,0.2273,0.2557,0.35,0.0227,-0.1279,-0.07,0.0068,0.0,-0.191,-0.081,-0.0955,1.0,66
1,29,1730.0,Medium*Medium*NoStarvation,20,Low*Medium*NoStarvation,25.57,15.14,7,7,10,0.2174,0.1514,0.35,0.0217,-0.0757,-0.07,0.0065,0.0,-0.1392,-0.0514,-0.0624,1.0,46
1,30,1826.0,Low*Medium*NoStarvation,45,Medium*Medium*NoStarvation,15.14,40.43,7,7,23,0.2396,0.4043,0.35,0.024,-0.2021,-0.07,0.0072,0.0,-0.265,-0.0775,-0.0997,1.0,96
1,31,1872.0,Medium*Medium*NoStarvation,20,Low*Medium*NoStarvation,40.43,16.57,7,7,10,0.2174,0.1657,0.35,0.0217,-0.0829,-0.07,0.0065,0.0,-0.1463,-0.0624,-0.0731,1.0,46
1,32,1938.0,Low*Medium*NoStarvation,30,Medium*Medium*NoStarvation,16.57,26.43,7,7,15,0.2273,0.2643,0.35,0.0227,-0.1321,-0.07,0.0068,0.0,-0.1953,-0.0955,-0.1089,1.0,66
1,33,2004.0,Medium*Medium*NoStarvation,30,Medium*Medium*NoStarvation,26.43,27.71,7,7,15,0.2273,0.2771,0.35,0.0227,-0.1386,-0.07,0.0068,0.0,-0.2018,-0.0387,-0.0585,1.0,66
1,34,2050.0,Medium*Medium*NoStarvation,20,Low*Medium*NoStarvation,27.71,16.0,7,7,10,0.2174,0.16,0.35,0.0217,-0.08,-0.07,0.0065,0.0,-0.1435,-0.0731,-0.0824,1.0,46
1,35,2096.0,Low*Medium*NoStarvation,20,Low*Medium*NoStarvation,16.0,15.86,7,7,10,0.2174,0.1586,0.35,0.0217,-0.0793,-0.07,0.0065,0.0,-0.1428,-0.0405,-0.053,1.0,46
1,36,2162.0,Low*Medium*NoStarvation,30,Medium*Medium*NoStarvation,15.86,26.29,7,7,15,0.2273,0.2629,0.35,0.0227,-0.1314,-0.07,0.0068,0.0,-0.1946,-0.1089,-0.1214,1.0,66
1,37,2228.0,Medium*Medium*NoStarvation,30,Medium*Medium*NoStarvation,26.29,25.71,7,7,15,0.2273,0.2571,0.35,0.0227,-0.1286,-0.07,0.0068,0.0,-0.1918,-0.0585,-0.0757,1.0,66
1,38,2324.0,Medium*Medium*NoStarvation,45,Medium*Medium*NoStarvation,25.71,39.71,7,7,23,0.2396,0.3971,0.35,0.024,-0.1986,-0.07,0.0072,0.0,-0.2614,-0.0516,-0.0765,1.0,96
1,39,2390.0,Medium*Medium*NoStarvation,30,Medium*Medium*NoStarvation,39.71,25.57,7,7,15,0.2273,0.2557,0.35,0.0227,-0.1279,-0.07,0.0068,0.0,-0.191,-0.0757,-0.0911,1.0,66
1,40,2486.0,Medium*Medium*NoStarvation,45,Medium*Medium*NoStarvation,25.57,40.43,7,7,23,0.2396,0.4043,0.35,0.024,-0.2021,-0.07,0.0072,0.0,-0.265,-0.0765,-0.0992,1.0,96
1,41,2512.0,Medium*Medium*NoStarvation,10,Low*Medium*NoStarvation,40.43,5.14,7,7,5,0.1923,0.0514,0.35,0.0192,-0.0257,-0.07,0.0058,0.0,-0.0899,-0.0428,-0.0498,1.0,26
1,42,2558.0,Low*Medium*NoStarvation,20,Low*Medium*NoStarvation,5.14,16.43,7,7,10,0.2174,0.1643,0.35,0.0217,-0.0821,-0.07,0.0065,0.0,-0.1456,-0.053,-0.0645,1.0,46
1,43,2624.0,Low*Medium*NoStarvation,30,Medium*Medium*NoStarvation,16.43,29.0,7,7,14,0.2121,0.29,0.35,0.0212,-0.145,-0.07,0.0064,0.0,-0.2086,-0.1214,-0.1346,1.0,66
1,44,2648.0,Medium*Medium*NoStarvation,45,Low*Low*NoStarvation,29.0,0.0,7,0,9,0.0938,0.0,0.0,0.0094,-0.0,-0.0,0.0028,0.0,0.0028,-0.0992,-0.089,1.0,96
2,0,146.0,Low*Low*NoStarvation,45,Medium*Medium*NoStarvation,0.83,40.71,2,7,47,0.4896,0.4071,0.35,0.049,-0.2036,-0.07,0.0147,0.0,-0.2589,-0.0259,-0.0537,0.995,96
2,1,172.0,Medium*Medium*NoStarvation,10,Low*Medium*NoStarvation,40.71,8.43,7,7,9,0.3462,0.0843,0.35,0.0346,-0.0421,-0.07,0.0104,0.0,-0.1018,-0.0498,-0.0573,0.995,26
2,2,198.0,Low*Medium*NoStarvation,10,Low*Medium*NoStarvation,8.43,5.71,7,7,9,0.3462,0.0571,0.35,0.0346,-0.0286,-0.07,0.0104,0.0,-0.0882,-0.025,-0.0336,0.995,26
2,3,244.0,Low*Medium*NoStarvation,20,Low*Medium*NoStarvation,5.71,16.71,7,7,20,0.4348,0.1671,0.35,0.0435,-0.0836,-0.07,0.013,0.0,-0.1405,-0.0645,-0.0752,0.995,46
2,4,310.0,Low*Medium*NoStarvation,30,Medium*Medium*NoStarvation,16.71,25.05,7,8,32,0.4848,0.2505,0.4,0.0485,-0.1252,-0.08,0.0145,0.0,-0.1907,-0.1346,-0.1453,0.995,66
2,5,356.0,Medium*Medium*NoStarvation,20,Low*Medium*NoStarvation,25.05,16.14,8,7,19,0.413,0.1614,0.35,0.0413,-0.0807,-0.07,0.0124,0.0,-0.1383,-0.0824,-0.091,0.995,46
2,6,452.0,Low*Medium*NoStarvation,45,Medium*Medium*NoStarvation,16.14,41.57,7,7,43,0.4479,0.4157,0.35,0.0448,-0.2079,-0.07,0.0134,0.0,-0.2644,-0.0997,-0.1213,0.995,96
2,7,518.0,Medium*Medium*NoStarvation,30,Medium*Medium*NoStarvation,41.57,25.86,7,7,29,0.4394,0.2586,0.35,0.0439,-0.1293,-0.07,0.0132,0.0,-0.1861,-0.0911,-0.1057,0.995,66
2,8,584.0,Medium*Medium*NoStarvation,30,Medium*Medium*NoStarvation,25.86,25.86,7,7,28,0.4242,0.2586,0.35,0.0424,-0.1293,-0.07,0.0127,0.0,-0.1866,-0.1057,-0.119,0.995,66
2,9,650.0,Medium*Medium*NoStarvation,30,Medium*Medium*NoStarvation,25.86,26.57,7,7,28,0.4242,0.2657,0.35,0.0424,-0.1329,-0.07,0.0127,0.0,-0.1901,-0.119,-0.1312,0.995,66
2,10,716.0,Medium*Medium*NoStarvation,30,Medium*Medium*NoStarvation,26.57,26.71,7,7,28,0.4242,0.2671,0.35,0.0424,-0.1336,-0.07,0.0127,0.0,-0.1908,-0.1312,-0.1423,0.995,66
2,11,742.0,Medium*Medium*NoStarvation,10,Low*Medium*NoStarvation,26.71,6.29,7,7,9,0.3462,0.0629,0.35,0.0346,-0.0314,-0.07,0.0104,0.0,-0.091,-0.0573,-0.0637,0.995,26
2,12,788.0,Low*Medium*NoStarvation,20,Low*Medium*NoStarvation,6.29,15.29,7,7,20,0.4348,0.1529,0.35,0.0435,-0.0764,-0.07,0.013,0.0,-0.1334,-0.0752,-0.084,0.995,46
2,13,854.0,Low*Medium*NoStarvation,30,Medium*Medium*NoStarvation,15.29,27.71,7,7,28,0.4242,0.2771,0.35,0.0424,-0.1386,-0.07,0.0127,0.0,-0.1958,-0.1453,-0.1561,0.995,66
2,14,920.0,Medium*Medium*NoStarvation,30,Medium*Medium*NoStarvation,27.71,26.57,7,7,28,0.4242,0.2657,0.35,0.0424,-0.1329,-0.07,0.0127,0.0,-0.1901,-0.1423,-0.1528,0.995,66
2,15,986.0,Medium*Medium*NoStarvation,30,Medium*Medium*NoStarvation,26.57,27.29,7,7,28,0.4242,0.2729,0.35,0.0424,-0.1364,-0.07,0.0127,0.0,-0.1937,-0.1528,-0.1627,0.995,66
2,16,1032.0,Medium*Medium*NoStarvation,20,Low*Medium*NoStarvation,27.29,14.57,7,7,15,0.3261,0.1457,0.35,0.0326,-0.0729,-0.07,0.0098,0.0,-0.1331,-0.091,-0.0982,0.995,46
2,17,1078.0,Low*Medium*NoStarvation,20,Low*Medium*NoStarvation,14.57,16.86,7,7,10,0.2174,0.1686,0.35,0.0217,-0.0843,-0.07,0.0065,0.0,-0.1478,-0.084,-0.0934,0.995,46
2,18,1104.0,Low*Medium*NoStarvation,10,Low*Medium*NoStarvation,16.86,9.71,7,7,4,0.1538,0.0971,0.35,0.0154,-0.0486,-0.07,0.0046,0.0,-0.114,-0.0336,-0.0447,0.995,26
2,19,1170.0,Low*Medium*NoStarvation,30,Medium*Medium*NoStarvation,9.71,24.71,7,7,15,0.2273,0.2471,0.35,0.0227,-0.1236,-0.07,0.0068,0.0,-0.1868,-0.1561,-0.1649,0.995,66
2,20,1236.0,Medium*Medium*NoStarvation,30,Medium*Medium*NoStarvation,24.71,26.43,7,7,15,0.2273,0.2643,0.35,0.0227,-0.1321,-0.07,0.0068,0.0,-0.1953,-0.1627,-0.1717,0.995,66
2,21,1332.0,Medium*Medium*NoStarvation,45,Medium*Medium*NoStarvation,26.43,40.71,7,7,22,0.2292,0.4071,0.35,0.0229,-0.2036,-0.07,0.0069,0.0,-0.2667,-0.089,-0.1125,0.995,96
2,22,1398.0,Medium*Medium*NoStarvation,30,Medium*Medium*NoStarvation,40.71,25.14,7,7,15,0.2273,0.2514,0.35,0.0227,-0.1257,-0.07,0.0068,0.0,-0.1889,-0.1717,-0.1791,0.995,66
2,23,1444.0,Medium*Medium*NoStarvation,20,Low*Medium*NoStarvation,25.14,16.14,7,7,10,0.2174,0.1614,0.35,0.0217,-0.0807,-0.07,0.0065,0.0,-0.1442,-0.0982,-0.1068,0.995,46
2,24,1540.0,Low*Medium*NoStarvation,45,Medium*Medium*NoStarvation,16.14,42.14,7,7,22,0.2292,0.4214,0.35,0.0229,-0.2107,-0.07,0.0069,0.0,-0.2738,-0.1213,-0.1423,0.995,96
2,25,1606.0,Medium*Medium*NoStarvation,30,Medium*Medium*NoStarvation,42.14,26.43,7,7,15,0.2273,0.2643,0.35,0.0227,-0.1321,-0.07,0.0068,0.0,-0.1953,-0.1791,-0.1865,0.995,66
2,26,1652.0,Medium*Medium*NoStarvation,20,Low*Medium*NoStarvation,26.43,15.86,7,7,10,0.2174,0.1586,0.35,0.0217,-0.0793,-0.07,0.0065,0.0,-0.1428,-0.1068,-0.1145,0.995,46
2,27,1718.0,Low*Medium*NoStarvation,30,Medium*Medium*NoStarvation,15.86,25.57,7,7,15,0.2273,0.2557,0.35,0.0227,-0.1279,-0.07,0.0068,0.0,-0.191,-0.1649,-0.1733,0.995,66
2,28,1764.0,Medium*Medium*NoStarvation,20,Low*Medium*NoStarvation,25.57,16.71,7,7,10,0.2174,0.1671,0.35,0.0217,-0.0836,-0.07,0.0065,0.0,-0.147,-0.1145,-0.1217,0.995,46
2,29,1830.0,Low*Medium*NoStarvation,30,Medium*Medium*NoStarvation,16.71,27.14,7,7,15,0.2273,0.2714,0.35,0.0227,-0.1357,-0.07,0.0068,0.0,-0.1989,-0.1733,-0.1816,0.995,66
2,30,1856.0,Medium*Medium*NoStarvation,10,Low*Medium*NoStarvation,27.14,6.29,7,7,4,0.1538,0.0629,0.35,0.0154,-0.0314,-0.07,0.0046,0.0,-0.0968,-0.0637,-0.071,0.995,26
2,31,1922.0,Low*Medium*NoStarvation,30,Medium*Medium*NoStarvation,6.29,25.86,7,7,15,0.2273,0.2586,0.35,0.0227,-0.1293,-0.07,0.0068,0.0,-0.1925,-0.1816,-0.189,0.995,66
2,32,1968.0,Medium*Medium*NoStarvation,20,Low*Medium*NoStarvation,25.86,16.43,7,7,10,0.2174,0.1643,0.35,0.0217,-0.0821,-0.07,0.0065,0.0,-0.1456,-0.1217,-0.1281,0.995,46
2,33,1994.0,Low*Medium*NoStarvation,10,Low*Medium*NoStarvation,16.43,6.57,7,7,5,0.1923,0.0657,0.35,0.0192,-0.0329,-0.07,0.0058,0.0,-0.0971,-0.0447,-0.0539,0.995,26
2,34,2040.0,Low*Medium*NoStarvation,20,Low*Medium*NoStarvation,6.57,15.29,7,7,10,0.2174,0.1529,0.35,0.0217,-0.0764,-0.07,0.0065,0.0,-0.1399,-0.0934,-0.1029,0.995,46
2,35,2136.0,Low*Medium*NoStarvation,45,Medium*Medium*NoStarvation,15.29,40.43,7,7,23,0.2396,0.4043,0.35,0.024,-0.2021,-0.07,0.0072,0.0,-0.265,-0.1423,-0.161,0.995,96
2,36,2232.0,Medium*Medium*NoStarvation,45,Medium*Medium*NoStarvation,40.43,39.29,7,7,23,0.2396,0.3929,0.35,0.024,-0.1964,-0.07,0.0072,0.0,-0.2592,-0.1125,-0.1335,0.995,96
2,37,2328.0,Medium*Medium*NoStarvation,45,Medium*Medium*NoStarvation,39.29,39.86,7,7,23,0.2396,0.3986,0.35,0.024,-0.1993,-0.07,0.0072,0.0,-0.2621,-0.1335,-0.1528,0.995,96
2,38,2424.0,Medium*Medium*NoStarvation,45,Medium*Medium*NoStarvation,39.86,39.14,7,7,23,0.2396,0.3914,0.35,0.024,-0.1957,-0.07,0.0072,0.0,-0.2585,-0.1528,-0.1697,0.995,96
2,39,2490.0,Medium*Medium*NoStarvation,30,Medium*Medium*NoStarvation,39.14,26.71,7,7,15,0.2273,0.2671,0.35,0.0227,-0.1336,-0.07,0.0068,0.0,-0.1968,-0.1865,-0.1939,0.995,66
2,40,2556.0,Medium*Medium*NoStarvation,30,Medium*Medium*NoStarvation,26.71,26.71,7,7,15,0.2273,0.2671,0.35,0.0227,-0.1336,-0.07,0.0068,0.0,-0.1968,-0.1939,-0.2006,0.995,66
2,41,2582.0,Medium*Medium*NoStarvation,10,Low*Medium*NoStarvation,26.71,7.14,7,7,5,0.1923,0.0714,0.35,0.0192,-0.0357,-0.07,0.0058,0.0,-0.0999,-0.071,-0.0787,0.995,26
2,42,2628.0,Low*Medium*NoStarvation,20,Medium*Low*NoStarvation,7.14,22.0,7,2,10,0.2174,0.22,0.1,0.0217,-0.11,-0.02,0.0065,0.0,-0.1235,-0.1029,-0.105,0.995,46
2,43,2639.0,Medium*Low*NoStarvation,45,Low*Low*NoStarvation,22.0,0.0,2,0,2,0.0208,0.0,0.0,0.0021,-0.0,-0.0,0.0006,0.0,0.0006,0.0,0.0001,0.995,96
3,0,146.0,Low*Low*NoStarvation,45,Medium*Medium*NoStarvation,0.83,40.71,2,7,47,0.4896,0.4071,0.35,0.049,-0.2036,-0.07,0.0147,0.0,-0.2589,-0.0537,-0.0813,0.99,96
3,1,172.0,Medium*Medium*NoStarvation,10,Low*Medium*NoStarvation,40.71,8.43,7,7,9,0.3462,0.0843,0.35,0.0346,-0.0421,-0.07,0.0104,0.0,-0.1018,-0.0787,-0.0859,0.99,26
3,2,268.0,Low*Medium*NoStarvation,45,Medium*Medium*NoStarvation,8.43,42.14,7,7,45,0.4688,0.4214,0.35,0.0469,-0.2107,-0.07,0.0141,0.0,-0.2667,-0.161,-0.1793,0.99,96
3,3,334.0,Medium*Medium*NoStarvation,30,Medium*Medium*NoStarvation,42.14,26.43,7,7,29,0.4394,0.2643,0.35,0.0439,-0.1321,-0.07,0.0132,0.0,-0.189,-0.2006,-0.2071,0.99,66
3,4,380.0,Medium*Medium*NoStarvation,20,Low*Medium*NoStarvation,26.43,17.14,7,7,19,0.413,0.1714,0.35,0.0413,-0.0857,-0.07,0.0124,0.0,-0.1433,-0.1281,-0.1345,0.99,46
3,5,406.0,Low*Medium*NoStarvation,10,Low*Medium*NoStarvation,17.14,6.62,7,8,8,0.3077,0.0662,0.4,0.0308,-0.0331,-0.08,0.0092,0.0,-0.1039,-0.0539,-0.0638,0.99,26
3,6,472.0,Low*Medium*NoStarvation,30,Medium*Medium*NoStarvation,6.62,27.57,8,7,30,0.4545,0.2757,0.35,0.0455,-0.1379,-0.07,0.0136,0.0,-0.1942,-0.189,-0.1973,0.99,66
3,7,518.0,Medium*Medium*NoStarvation,20,Low*Medium*NoStarvation,27.57,16.14,7,7,20,0.4348,0.1614,0.35,0.0435,-0.0807,-0.07,0.013,0.0,-0.1377,-0.1345,-0.1406,0.99,46
3,8,614.0,Low*Medium*NoStarvation,45,Medium*Medium*NoStarvation,16.14,42.29,7,7,42,0.4375,0.4229,0.35,0.0437,-0.2114,-0.07,0.0131,0.0,-0.2683,-0.1793,-0.1959,0.99,96
3,9,710.0,Medium*Medium*NoStarvation,45,Medium*Medium*NoStarvation,42.29,41.71,7,7,41,0.4271,0.4171,0.35,0.0427,-0.2086,-0.07,0.0128,0.0,-0.2658,-0.1697,-0.1871,0.99,96
3,10,756.0,Medium*Medium*NoStarvation,20,Low*Medium*NoStarvation,41.71,16.0,7,7,19,0.413,0.16,0.35,0.0413,-0.08,-0.07,0.0124,0.0,-0.1376,-0.1406,-0.146,0.99,46
3,11,782.0,Low*Medium*NoStarvation,10,Low*Medium*NoStarvation,16.0,5.86,7,7,10,0.3846,0.0586,0.35,0.0385,-0.0293,-0.07,0.0115,0.0,-0.0877,-0.0638,-0.0719,0.99,26
3,12,878.0,Low*Medium*NoStarvation,45,Medium*Medium*NoStarvation,5.86,41.43,7,7,42,0.4375,0.4143,0.35,0.0437,-0.2071,-0.07,0.0131,0.0,-0.264,-0.1959,-0.2104,0.99,96
3,13,904.0,Medium*Medium*NoStarvation,10,Low*Medium*NoStarvation,41.43,8.43,7,7,8,0.3077,0.0843,0.35,0.0308,-0.0421,-0.07,0.0092,0.0,-0.1029,-0.0859,-0.0941,0.99,26
3,14,970.0,Low*Medium*NoStarvation,30,Medium*Medium*NoStarvation,8.43,26.57,7,7,29,0.4394,0.2657,0.35,0.0439,-0.1329,-0.07,0.0132,0.0,-0.1897,-0.1973,-0.205,0.99,66
3,15,1036.0,Medium*Medium*NoStarvation,30,Medium*Medium*NoStarvation,26.57,26.57,7,7,22,0.3333,0.2657,0.35,0.0333,-0.1329,-0.07,0.01,0.0,-0.1929,-0.2071,-0.2142,0.99,66
3,16,1082.0,Medium*Medium*NoStarvation,20,Low*Medium*NoStarvation,26.57,16.86,7,7,10,0.2174,0.1686,0.35,0.0217,-0.0843,-0.07,0.0065,0.0,-0.1478,-0.146,-0.1527,0.99,46
3,17,1178.0,Low*Medium*NoStarvation,45,Medium*Medium*NoStarvation,16.86,41.0,7,7,23,0.2396,0.41,0.35,0.024,-0.205,-0.07,0.0072,0.0,-0.2678,-0.2104,-0.2246,0.99,96
3,18,1224.0,Medium*Medium*NoStarvation,20,Low*Medium*NoStarvation,41.0,16.29,7,7,10,0.2174,0.1629,0.35,0.0217,-0.0814,-0.07,0.0065,0.0,-0.1449,-0.1527,-0.1584,0.99,46
3,19,1250.0,Low*Medium*NoStarvation,10,Low*Medium*NoStarvation,16.29,8.43,7,7,4,0.1538,0.0843,0.35,0.0154,-0.0421,-0.07,0.0046,0.0,-0.1075,-0.0719,-0.082,0.99,26
3,20,1276.0,Low*Medium*NoStarvation,10,Low*Medium*NoStarvation,8.43,5.71,7,7,5,0.1923,0.0571,0.35,0.0192,-0.0286,-0.07,0.0058,0.0,-0.0928,-0.082,-0.0904,0.99,26
3,21,1372.0,Low*Medium*NoStarvation,45,Medium*Medium*NoStarvation,5.71,41.57,7,7,22,0.2292,0.4157,0.35,0.0229,-0.2079,-0.07,0.0069,0.0,-0.271,-0.2246,-0.2377,0.99,96
3,22,1468.0,Medium*Medium*NoStarvation,45,Medium*Medium*NoStarvation,41.57,39.29,7,7,23,0.2396,0.3929,0.35,0.024,-0.1964,-0.07,0.0072,0.0,-0.2592,-0.1871,-0.2028,0.99,96
3,23,1494.0,Medium*Medium*NoStarvation,10,Low*Medium*NoStarvation,39.29,7.86,7,7,4,0.1538,0.0786,0.35,0.0154,-0.0393,-0.07,0.0046,0.0,-0.1047,-0.0941,-0.1033,0.99,26
3,24,1540.0,Low*Medium*NoStarvation,20,Low*Medium*NoStarvation,7.86,17.43,7,7,10,0.2174,0.1743,0.35,0.0217,-0.0871,-0.07,0.0065,0.0,-0.1506,-0.105,-0.1177,0.99,46
3,25,1586.0,Low*Medium*NoStarvation,20,Low*Medium*NoStarvation,17.43,16.71,7,7,10,0.2174,0.1671,0.35,0.0217,-0.0836,-0.07,0.0065,0.0,-0.147,-0.1177,-0.1287,0.99,46
3,26,1682.0,Low*Medium*NoStarvation,45,Medium*Medium*NoStarvation,16.71,43.14,7,7,22,0.2292,0.4314,0.35,0.0229,-0.2157,-0.07,0.0069,0.0,-0.2788,-0.2377,-0.2511,0.99,96
3,27,1748.0,Medium*Medium*NoStarvation,30,Medium*Medium*NoStarvation,43.14,26.14,7,7,16,0.2424,0.2614,0.35,0.0242,-0.1307,-0.07,0.0073,0.0,-0.1934,-0.2142,-0.2214,0.99,66
3,28,1844.0,Medium*Medium*NoStarvation,45,Medium*Medium*NoStarvation,26.14,39.71,7,7,23,0.2396,0.3971,0.35,0.024,-0.1986,-0.07,0.0072,0.0,-0.2614,-0.2028,-0.2179,0.99,96
3,29,1910.0,Medium*Medium*NoStarvation,30,Medium*Medium*NoStarvation,39.71,26.14,7,7,15,0.2273,0.2614,0.35,0.0227,-0.1307,-0.07,0.0068,0.0,-0.1939,-0.2214,-0.2279,0.99,66
3,30,1976.0,Medium*Medium*NoStarvation,30,Medium*Medium*NoStarvation,26.14,25.86,7,7,15,0.2273,0.2586,0.35,0.0227,-0.1293,-0.07,0.0068,0.0,-0.1925,-0.2279,-0.2337,0.99,66
3,31,2042.0,Medium*Medium*NoStarvation,30,Medium*Medium*NoStarvation,25.86,26.71,7,7,15,0.2273,0.2671,0.35,0.0227,-0.1336,-0.07,0.0068,0.0,-0.1968,-0.2337,-0.2393,0.99,66
3,32,2088.0,Medium*Medium*NoStarvation,20,Low*Medium*NoStarvation,26.71,15.86,7,7,10,0.2174,0.1586,0.35,0.0217,-0.0793,-0.07,0.0065,0.0,-0.1428,-0.1584,-0.1649,0.99,46
3,33,2184.0,Low*Medium*NoStarvation,45,Medium*Medium*NoStarvation,15.86,42.43,7,7,23,0.2396,0.4243,0.35,0.024,-0.2121,-0.07,0.0072,0.0,-0.275,-0.2511,-0.2628,0.99,96
3,34,2280.0,Medium*Medium*NoStarvation,45,Medium*Medium*NoStarvation,42.43,42.57,7,7,22,0.2292,0.4257,0.35,0.0229,-0.2129,-0.07,0.0069,0.0,-0.276,-0.2179,-0.233,0.99,96
3,35,2326.0,Medium*Medium*NoStarvation,20,Low*Medium*NoStarvation,42.57,17.43,7,7,10,0.2174,0.1743,0.35,0.0217,-0.0871,-0.07,0.0065,0.0,-0.1506,-0.1649,-0.1716,0.99,46
3,36,2352.0,Low*Medium*NoStarvation,10,Low*Medium*NoStarvation,17.43,6.71,7,7,4,0.1538,0.0671,0.35,0.0154,-0.0336,-0.07,0.0046,0.0,-0.099,-0.0904,-0.0994,0.99,26
3,37,2418.0,Low*Medium*NoStarvation,30,Medium*Medium*NoStarvation,6.71,27.57,7,7,14,0.2121,0.2757,0.35,0.0212,-0.1379,-0.07,0.0064,0.0,-0.2015,-0.205,-0.2139,0.99,66
3,38,2484.0,Medium*Medium*NoStarvation,30,Medium*Medium*NoStarvation,27.57,26.57,7,7,15,0.2273,0.2657,0.35,0.0227,-0.1329,-0.07,0.0068,0.0,-0.196,-0.2393,-0.2443,0.99,66
3,39,2550.0,Medium*Medium*NoStarvation,30,Medium*Medium*NoStarvation,26.57,26.14,7,7,15,0.2273,0.2614,0.35,0.0227,-0.1307,-0.07,0.0068,0.0,-0.1939,-0.2443,-0.2485,0.99,66
3,40,2596.0,Medium*Medium*NoStarvation,20,Low*Medium*NoStarvation,26.14,16.0,7,7,10,0.2174,0.16,0.35,0.0217,-0.08,-0.07,0.0065,0.0,-0.1435,-0.1716,-0.1778,0.99,46
3,41,2623.0,Low*Medium*NoStarvation,45,Low*Low*NoStarvation,16.0,0.0,7,0,11,0.1146,0.0,0.0,0.0115,-0.0,-0.0,0.0034,0.0,0.0034,-0.2628,-0.2362,0.99,96
4,0,116.0,Low*Low*NoStarvation,30,Medium*Medium*NoStarvation,0.83,26.71,2,7,31,0.4697,0.2671,0.35,0.047,-0.1336,-0.07,0.0141,0.0,-0.1895,0.0,-0.0282,0.9851,66
4,1,162.0,Medium*Medium*NoStarvation,20,Low*Medium*NoStarvation,26.71,16.86,7,7,20,0.4348,0.1686,0.35,0.0435,-0.0843,-0.07,0.013,0.0,-0.1412,-0.1778,-0.1831,0.9851,46
4,2,258.0,Low*Medium*NoStarvation,45,Medium*Medium*NoStarvation,16.86,40.86,7,7,46,0.4792,0.4086,0.35,0.0479,-0.2043,-0.07,0.0144,0.0,-0.2599,-0.2362,-0.2479,0.9851,96
4,3,304.0,Medium*Medium*NoStarvation,20,Low*Medium*NoStarvation,40.86,16.14,7,7,20,0.4348,0.1614,0.35,0.0435,-0.0807,-0.07,0.013,0.0,-0.1377,-0.1831,-0.1875,0.9851,46
4,4,330.0,Low*Medium*NoStarvation,10,Low*Medium*NoStarvation,16.14,8.0,7,7,9,0.3462,0.08,0.35,0.0346,-0.04,-0.07,0.0104,0.0,-0.0996,-0.0994,-0.1084,0.9851,26
4,5,356.0,Low*Medium*NoStarvation,10,Low*Medium*NoStarvation,8.0,6.86,7,7,10,0.3846,0.0686,0.35,0.0385,-0.0343,-0.07,0.0115,0.0,-0.0927,-0.1084,-0.1166,0.9851,26
4,6,452.0,Low*Medium*NoStarvation,45,Medium*Medium*NoStarvation,6.86,42.14,7,7,42,0.4375,0.4214,0.35,0.0437,-0.2107,-0.07,0.0131,0.0,-0.2676,-0.2479,-0.2591,0.9851,96
4,7,478.0,Medium*Medium*NoStarvation,10,Low*Medium*NoStarvation,42.14,8.57,7,7,9,0.3462,0.0857,0.35,0.0346,-0.0429,-0.07,0.0104,0.0,-0.1025,-0.1033,-0.1137,0.9851,26
4,8,504.0,Low*Medium*NoStarvation,10,Low*Medium*NoStarvation,8.57,8.0,7,7,9,0.3462,0.08,0.35,0.0346,-0.04,-0.07,0.0104,0.0,-0.0996,-0.1166,-0.1254,0.9851,26
4,9,550.0,Low*Medium*NoStarvation,20,Low*Medium*NoStarvation,8.0,15.29,7,7,20,0.4348,0.1529,0.35,0.0435,-0.0764,-0.07,0.013,0.0,-0.1334,-0.1287,-0.1405,0.9851,46
4,10,646.0,Low*Medium*NoStarvation,45,Medium*Medium*NoStarvation,15.29,41.71,7,7,41,0.4271,0.4171,0.35,0.0427,-0.2086,-0.07,0.0128,0.0,-0.2658,-0.2591,-0.27,0.9851,96
4,11,672.0,Medium*Medium*NoStarvation,10,Low*Medium*NoStarvation,41.71,8.14,7,7,9,0.3462,0.0814,0.35,0.0346,-0.0407,-0.07,0.0104,0.0,-0.1003,-0.1137,-0.1236,0.9851,26
4,12,698.0,Low*Medium*NoStarvation,10,Low*Medium*NoStarvation,8.14,6.71,7,7,10,0.3846,0.0671,0.35,0.0385,-0.0336,-0.07,0.0115,0.0,-0.092,-0.1254,-0.1333,0.9851,26
4,13,744.0,Low*Medium*NoStarvation,20,Low*Medium*NoStarvation,6.71,16.57,7,7,20,0.4348,0.1657,0.35,0.0435,-0.0829,-0.07,0.013,0.0,-0.1398,-0.1405,-0.1524,0.9851,46
4,14,840.0,Low*Medium*NoStarvation,45,Medium*Medium*NoStarvation,16.57,40.14,7,7,42,0.4375,0.4014,0.35,0.0437,-0.2007,-0.07,0.0131,0.0,-0.2576,-0.27,-0.2799,0.9851,96
4,15,866.0,Medium*Medium*NoStarvation,10,Low*Medium*NoStarvation,40.14,7.0,7,7,8,0.3077,0.07,0.35,0.0308,-0.035,-0.07,0.0092,0.0,-0.0958,-0.1236,-0.1328,0.9851,26
4,16,912.0,Low*Medium*NoStarvation,20,Low*Medium*NoStarvation,7.0,18.0,7,7,20,0.4348,0.18,0.35,0.0435,-0.09,-0.07,0.013,0.0,-0.147,-0.1524,-0.1639,0.9851,46
4,17,1008.0,Low*Medium*NoStarvation,45,Medium*Medium*NoStarvation,18.0,40.43,7,7,42,0.4375,0.4043,0.35,0.0437,-0.2021,-0.07,0.0131,0.0,-0.259,-0.2799,-0.2898,0.9851,96
4,18,1034.0,Medium*Medium*NoStarvation,10,Low*Medium*NoStarvation,40.43,6.57,7,7,5,0.1923,0.0657,0.35,0.0192,-0.0329,-0.07,0.0058,0.0,-0.0971,-0.1328,-0.1413,0.9851,26
4,19,1100.0,Low*Medium*NoStarvation,30,Medium*Medium*NoStarvation,6.57,26.29,7,7,15,0.2273,0.2629,0.35,0.0227,-0.1314,-0.07,0.0068,0.0,-0.1946,-0.2139,-0.2247,0.9851,66
4,20,1146.0,Medium*Medium*NoStarvation,20,Low*Medium*NoStarvation,26.29,16.71,7,7,10,0.2174,0.1671,0.35,0.0217,-0.0836,-0.07,0.0065,0.0,-0.147,-0.1875,-0.1954,0.9851,46
4,21,1172.0,Low*Medium*NoStarvation,10,Low*Medium*NoStarvation,16.71,5.14,7,6,5,0.1923,0.0514,0.3,0.0192,-0.0257,-0.06,0.0058,0.0,-0.0799,-0.1333,-0.14,0.9851,26
4,22,1218.0,Low*Medium*NoStarvation,20,Low*Medium*NoStarvation,5.14,16.57,6,7,10,0.2174,0.1657,0.35,0.0217,-0.0829,-0.07,0.0065,0.0,-0.1463,-0.1639,-0.1747,0.9851,46
4,23,1244.0,Low*Medium*NoStarvation,10,Low*Medium*NoStarvation,16.57,4.71,7,7,5,0.1923,0.0471,0.35,0.0192,-0.0236,-0.07,0.0058,0.0,-0.0878,-0.14,-0.1474,0.9851,26
4,24,1340.0,Low*Medium*NoStarvation,45,Medium*Medium*NoStarvation,4.71,41.29,7,7,23,0.2396,0.4129,0.35,0.024,-0.2064,-0.07,0.0072,0.0,-0.2692,-0.2898,-0.3004,0.9851,96
4,25,1436.0,Medium*Medium*NoStarvation,45,Medium*Medium*NoStarvation,41.29,40.14,7,7,23,0.2396,0.4014,0.35,0.024,-0.2007,-0.07,0.0072,0.0,-0.2635,-0.233,-0.2488,0.9851,96
4,26,1502.0,Medium*Medium*NoStarvation,30,Medium*Medium*NoStarvation,40.14,26.0,7,7,15,0.2273,0.26,0.35,0.0227,-0.13,-0.07,0.0068,0.0,-0.1932,-0.2485,-0.2557,0.9851,66
4,27,1598.0,Medium*Medium*NoStarvation,45,Medium*Medium*NoStarvation,26.0,40.86,7,7,23,0.2396,0.4086,0.35,0.024,-0.2043,-0.07,0.0072,0.0,-0.2671,-0.2488,-0.2633,0.9851,96
4,28,1644.0,Medium*Medium*NoStarvation,20,Low*Medium*NoStarvation,40.86,16.86,7,7,10,0.2174,0.1686,0.35,0.0217,-0.0843,-0.07,0.0065,0.0,-0.1478,-0.1954,-0.2039,0.9851,46
4,29,1740.0,Low*Medium*NoStarvation,45,Medium*Medium*NoStarvation,16.86,40.43,7,7,22,0.2292,0.4043,0.35,0.0229,-0.2021,-0.07,0.0069,0.0,-0.2653,-0.3004,-0.3096,0.9851,96
4,30,1766.0,Medium*Medium*NoStarvation,10,Low*Medium*NoStarvation,40.43,6.86,7,7,5,0.1923,0.0686,0.35,0.0192,-0.0343,-0.07,0.0058,0.0,-0.0985,-0.1413,-0.1503,0.9851,26
4,31,1812.0,Low*Medium*NoStarvation,20,Low*Medium*NoStarvation,6.86,16.14,7,7,10,0.2174,0.1614,0.35,0.0217,-0.0807,-0.07,0.0065,0.0,-0.1442,-0.1747,-0.1849,0.9851,46
4,32,1878.0,Low*Medium*NoStarvation,30,Medium*Medium*NoStarvation,16.14,26.86,7,7,15,0.2273,0.2686,0.35,0.0227,-0.1343,-0.07,0.0068,0.0,-0.1975,-0.2247,-0.2355,0.9851,66
4,33,1904.0,Medium*Medium*NoStarvation,10,Low*Medium*NoStarvation,26.86,6.14,7,7,5,0.1923,0.0614,0.35,0.0192,-0.0307,-0.07,0.0058,0.0,-0.0949,-0.1503,-0.158,0.9851,26
4,34,2000.0,Low*Medium*NoStarvation,45,Medium*Medium*NoStarvation,6.14,42.43,7,7,22,0.2292,0.4243,0.35,0.0229,-0.2121,-0.07,0.0069,0.0,-0.2753,-0.3096,-0.3204,0.9851,96
4,35,2096.0,Medium*Medium*NoStarvation,45,Medium*Medium*NoStarvation,42.43,40.71,7,7,23,0.2396,0.4071,0.35,0.024,-0.2036,-0.07,0.0072,0.0,-0.2664,-0.2633,-0.2779,0.9851,96
4,36,2192.0,Medium*Medium*NoStarvation,45,Medium*Medium*NoStarvation,40.71,41.86,7,7,22,0.2292,0.4186,0.35,0.0229,-0.2093,-0.07,0.0069,0.0,-0.2724,-0.2779,-0.2915,0.9851,96
4,37,2258.0,Medium*Medium*NoStarvation,30,Medium*Medium*NoStarvation,41.86,25.86,7,7,15,0.2273,0.2586,0.35,0.0227,-0.1293,-0.07,0.0068,0.0,-0.1925,-0.2557,-0.2636,0.9851,66
4,38,2324.0,Medium*Medium*NoStarvation,30,Medium*Medium*NoStarvation,25.86,26.0,7,7,15,0.2273,0.26,0.35,0.0227,-0.13,-0.07,0.0068,0.0,-0.1932,-0.2636,-0.2708,0.9851,66
4,39,2350.0,Medium*Medium*NoStarvation,10,Low*Medium*NoStarvation,26.0,6.43,7,7,5,0.1923,0.0643,0.35,0.0192,-0.0321,-0.07,0.0058,0.0,-0.0964,-0.158,-0.1651,0.9851,26
4,40,2416.0,Low*Medium*NoStarvation,30,Medium*Medium*NoStarvation,6.43,25.0,7,7,15,0.2273,0.25,0.35,0.0227,-0.125,-0.07,0.0068,0.0,-0.1882,-0.2355,-0.2456,0.9851,66
4,41,2512.0,Medium*Medium*NoStarvation,45,Medium*Medium*NoStarvation,25.0,42.71,7,7,22,0.2292,0.4271,0.35,0.0229,-0.2136,-0.07,0.0069,0.0,-0.2767,-0.2915,-0.3049,0.9851,96
4,42,2538.0,Medium*Medium*NoStarvation,10,Low*Medium*NoStarvation,42.71,5.57,7,7,5,0.1923,0.0557,0.35,0.0192,-0.0279,-0.07,0.0058,0.0,-0.0921,-0.1651,-0.171,0.9851,26
4,43,2604.0,Low*Medium*NoStarvation,30,Medium*Medium*NoStarvation,5.57,27.14,7,7,15,0.2273,0.2714,0.35,0.0227,-0.1357,-0.07,0.0068,0.0,-0.1989,-0.2456,-0.2564,0.9851,66
4,44,2630.0,Medium*Medium*NoStarvation,10,Low*Medium*NoStarvation,27.14,8.0,7,7,4,0.1538,0.08,0.35,0.0154,-0.04,-0.07,0.0046,0.0,-0.1054,-0.171,-0.1777,0.9851,26
4,45,2653.0,Low*Medium*NoStarvation,20,Low*Low*NoStarvation,8.0,0.0,7,0,9,0.1957,0.0,0.0,0.0196,-0.0,-0.0,0.0059,0.0,0.0059,-0.1849,-0.1658,0.9851,46
5,0,146.0,Low*Low*NoStarvation,45,Medium*Medium*NoStarvation,0.83,40.71,2,7,47,0.4896,0.4071,0.35,0.049,-0.2036,-0.07,0.0147,0.0,-0.2589,-0.0813,-0.115,0.9801,96
5,1,192.0,Medium*Medium*NoStarvation,20,Low*Medium*NoStarvation,40.71,16.29,7,7,20,0.4348,0.1629,0.35,0.0435,-0.0814,-0.07,0.013,0.0,-0.1384,-0.2039,-0.2106,0.9801,46
5,2,258.0,Low*Medium*NoStarvation,30,Medium*Medium*NoStarvation,16.29,24.0,7,7,30,0.4545,0.24,0.35,0.0455,-0.12,-0.07,0.0136,0.0,-0.1764,-0.2564,-0.2644,0.9801,66
5,3,354.0,Medium*Medium*NoStarvation,45,Medium*Medium*NoStarvation,24.0,41.71,7,7,43,0.4479,0.4171,0.35,0.0448,-0.2086,-0.07,0.0134,0.0,-0.2651,-0.3049,-0.3169,0.9801,96
5,4,420.0,Medium*Medium*NoStarvation,30,Medium*Medium*NoStarvation,41.71,26.0,7,7,28,0.4242,0.26,0.35,0.0424,-0.13,-0.07,0.0127,0.0,-0.1873,-0.2708,-0.2784,0.9801,66
5,5,446.0,Medium*Medium*NoStarvation,10,Low*Medium*NoStarvation,26.0,9.14,7,7,8,0.3077,0.0914,0.35,0.0308,-0.0457,-0.07,0.0092,0.0,-0.1065,-0.1777,-0.1839,0.9801,26
5,6,472.0,Low*Medium*NoStarvation,10,Low*Medium*NoStarvation,9.14,6.29,7,7,10,0.3846,0.0629,0.35,0.0385,-0.0314,-0.07,0.0115,0.0,-0.0899,-0.1474,-0.1549,0.9801,26
5,7,498.0,Low*Medium*NoStarvation,10,Low*Medium*NoStarvation,6.29,8.52,7,8,9,0.3462,0.0852,0.4,0.0346,-0.0426,-0.08,0.0104,0.0,-0.1122,-0.1549,-0.1645,0.9801,26
5,8,524.0,Low*Medium*NoStarvation,10,Low*Medium*NoStarvation,8.52,6.25,8,8,8,0.3077,0.0625,0.4,0.0308,-0.0312,-0.08,0.0092,0.0,-0.102,-0.1645,-0.1731,0.9801,26
5,9,570.0,Low*Medium*NoStarvation,20,Low*Medium*NoStarvation,6.25,18.0,8,7,20,0.4348,0.18,0.35,0.0435,-0.09,-0.07,0.013,0.0,-0.147,-0.1658,-0.1789,0.9801,46
5,10,616.0,Low*Medium*NoStarvation,20,Low*Medium*NoStarvation,18.0,16.43,7,7,20,0.4348,0.1643,0.35,0.0435,-0.0821,-0.07,0.013,0.0,-0.1391,-0.1789,-0.1905,0.9801,46
5,11,662.0,Low*Medium*NoStarvation,20,Low*Medium*NoStarvation,16.43,15.86,7,7,20,0.4348,0.1586,0.35,0.0435,-0.0793,-0.07,0.013,0.0,-0.1362,-0.1905,-0.2006,0.9801,46
5,12,758.0,Low*Medium*NoStarvation,45,Medium*Medium*NoStarvation,15.86,41.57,7,7,44,0.4583,0.4157,0.35,0.0458,-0.2079,-0.07,0.0137,0.0,-0.2641,-0.3204,-0.3313,0.9801,96
5,13,854.0,Medium*Medium*NoStarvation,45,Medium*Medium*NoStarvation,41.57,40.29,7,7,41,0.4271,0.4029,0.35,0.0427,-0.2014,-0.07,0.0128,0.0,-0.2586,-0.3169,-0.3276,0.9801,96
5,14,950.0,Medium*Medium*NoStarvation,45,Medium*Medium*NoStarvation,40.29,42.29,7,7,42,0.4375,0.4229,0.35,0.0437,-0.2114,-0.07,0.0131,0.0,-0.2683,-0.3276,-0.3383,0.9801,96
5,15,1046.0,Medium*Medium*NoStarvation,45,Medium*Medium*NoStarvation,42.29,42.43,7,7,33,0.3438,0.4243,0.35,0.0344,-0.2121,-0.07,0.0103,0.0,-0.2718,-0.3383,-0.3482,0.9801,96
5,16,1072.0,Medium*Medium*NoStarvation,10,Low*Medium*NoStarvation,42.43,5.86,7,7,5,0.1923,0.0586,0.35,0.0192,-0.0293,-0.07,0.0058,0.0,-0.0935,-0.1839,-0.1904,0.9801,26
5,17,1118.0,Low*Medium*NoStarvation,20,Low*Medium*NoStarvation,5.86,16.71,7,7,10,0.2174,0.1671,0.35,0.0217,-0.0836,-0.07,0.0065,0.0,-0.147,-0.2006,-0.2109,0.9801,46
5,18,1144.0,Low*Medium*NoStarvation,10,Low*Medium*NoStarvation,16.71,8.71,7,7,4,0.1538,0.0871,0.35,0.0154,-0.0436,-0.07,0.0046,0.0,-0.109,-0.1731,-0.1823,0.9801,26
5,19,1190.0,Low*Medium*NoStarvation,20,Low*Medium*NoStarvation,8.71,16.71,7,7,10,0.2174,0.1671,0.35,0.0217,-0.0836,-0.07,0.0065,0.0,-0.147,-0.2109,-0.2209,0.9801,46
5,20,1256.0,Low*Medium*NoStarvation,30,Medium*Medium*NoStarvation,16.71,26.86,7,7,15,0.2273,0.2686,0.35,0.0227,-0.1343,-0.07,0.0068,0.0,-0.1975,-0.2644,-0.2748,0.9801,66
5,21,1322.0,Medium*Medium*NoStarvation,30,Medium*Medium*NoStarvation,26.86,26.29,7,7,15,0.2273,0.2629,0.35,0.0227,-0.1314,-0.07,0.0068,0.0,-0.1946,-0.2784,-0.2872,0.9801,66
5,22,1388.0,Medium*Medium*NoStarvation,30,Medium*Medium*NoStarvation,26.29,26.29,7,7,15,0.2273,0.2629,0.35,0.0227,-0.1314,-0.07,0.0068,0.0,-0.1946,-0.2872,-0.2951,0.9801,66
5,23,1414.0,Medium*Medium*NoStarvation,10,Low*Medium*NoStarvation,26.29,7.0,7,7,5,0.1923,0.07,0.35,0.0192,-0.035,-0.07,0.0058,0.0,-0.0992,-0.1904,-0.1977,0.9801,26
5,24,1440.0,Low*Medium*NoStarvation,10,Low*Medium*NoStarvation,7.0,6.43,7,7,5,0.1923,0.0643,0.35,0.0192,-0.0321,-0.07,0.0058,0.0,-0.0964,-0.1823,-0.1901,0.9801,26
5,25,1466.0,Low*Medium*NoStarvation,10,Low*Medium*NoStarvation,6.43,6.14,7,7,5,0.1923,0.0614,0.35,0.0192,-0.0307,-0.07,0.0058,0.0,-0.0949,-0.1901,-0.1977,0.9801,26
5,26,1492.0,Low*Medium*NoStarvation,10,Low*Medium*NoStarvation,6.14,6.57,7,7,4,0.1538,0.0657,0.35,0.0154,-0.0329,-0.07,0.0046,0.0,-0.0982,-0.1977,-0.2055,0.9801,26
5,27,1518.0,Low*Medium*NoStarvation,10,Low*Medium*NoStarvation,6.57,7.43,7,7,5,0.1923,0.0743,0.35,0.0192,-0.0371,-0.07,0.0058,0.0,-0.1014,-0.2055,-0.2136,0.9801,26
5,28,1584.0,Low*Medium*NoStarvation,30,Medium*Medium*NoStarvation,7.43,26.29,7,7,15,0.2273,0.2629,0.35,0.0227,-0.1314,-0.07,0.0068,0.0,-0.1946,-0.2748,-0.2846,0.9801,66
5,29,1680.0,Medium*Medium*NoStarvation,45,Medium*Medium*NoStarvation,26.29,41.57,7,7,22,0.2292,0.4157,0.35,0.0229,-0.2079,-0.07,0.0069,0.0,-0.271,-0.3482,-0.3582,0.9801,96
5,30,1706.0,Medium*Medium*NoStarvation,10,Low*Medium*NoStarvation,41.57,6.29,7,7,5,0.1923,0.0629,0.35,0.0192,-0.0314,-0.07,0.0058,0.0,-0.0957,-0.1977,-0.2067,0.9801,26
5,31,1772.0,Low*Medium*NoStarvation,30,Medium*Medium*NoStarvation,6.29,26.0,7,7,15,0.2273,0.26,0.35,0.0227,-0.13,-0.07,0.0068,0.0,-0.1932,-0.2846,-0.294,0.9801,66
5,32,1868.0,Medium*Medium*NoStarvation,45,Medium*Medium*NoStarvation,26.0,39.86,7,7,23,0.2396,0.3986,0.35,0.024,-0.1993,-0.07,0.0072,0.0,-0.2621,-0.3582,-0.3672,0.9801,96
5,33,1914.0,Medium*Medium*NoStarvation,20,Low*Medium*NoStarvation,39.86,15.71,7,7,10,0.2174,0.1571,0.35,0.0217,-0.0786,-0.07,0.0065,0.0,-0.142,-0.2106,-0.223,0.9801,46
5,34,1940.0,Low*Medium*NoStarvation,10,Low*Medium*NoStarvation,15.71,5.43,7,7,5,0.1923,0.0543,0.35,0.0192,-0.0271,-0.07,0.0058,0.0,-0.0914,-0.2136,-0.2206,0.9801,26
5,35,2006.0,Low*Medium*NoStarvation,30,Medium*Medium*NoStarvation,5.43,27.14,7,7,15,0.2273,0.2714,0.35,0.0227,-0.1357,-0.07,0.0068,0.0,-0.1989,-0.294,-0.3031,0.9801,66
5,36,2032.0,Medium*Medium*NoStarvation,10,Low*Medium*NoStarvation,27.14,6.43,7,7,5,0.1923,0.0643,0.35,0.0192,-0.0321,-0.07,0.0058,0.0,-0.0964,-0.2067,-0.2155,0.9801,26
5,37,2128.0,Low*Medium*NoStarvation,45,Medium*Medium*NoStarvation,6.43,40.29,7,7,23,0.2396,0.4029,0.35,0.024,-0.2014,-0.07,0.0072,0.0,-0.2642,-0.3313,-0.344,0.9801,96
5,38,2154.0,Medium*Medium*NoStarvation,10,Low*Medium*NoStarvation,40.29,7.14,7,7,5,0.1923,0.0714,0.35,0.0192,-0.0357,-0.07,0.0058,0.0,-0.0999,-0.2155,-0.2238,0.9801,26
5,39,2200.0,Low*Medium*NoStarvation,20,Low*Medium*NoStarvation,7.14,15.57,7,7,10,0.2174,0.1557,0.35,0.0217,-0.0779,-0.07,0.0065,0.0,-0.1413,-0.2209,-0.2328,0.9801,46
5,40,2266.0,Low*Medium*NoStarvation,30,Medium*Medium*NoStarvation,15.57,25.29,7,7,16,0.2424,0.2529,0.35,0.0242,-0.1264,-0.07,0.0073,0.0,-0.1892,-0.3031,-0.3118,0.9801,66
5,41,2362.0,Medium*Medium*NoStarvation,45,Medium*Medium*NoStarvation,25.29,39.57,7,7,23,0.2396,0.3957,0.35,0.024,-0.1979,-0.07,0.0072,0.0,-0.2607,-0.3672,-0.3766,0.9801,96
5,42,2408.0,Medium*Medium*NoStarvation,20,Low*Medium*NoStarvation,39.57,18.57,7,7,9,0.1957,0.1857,0.35,0.0196,-0.0929,-0.07,0.0059,0.0,-0.157,-0.223,-0.2363,0.9801,46
5,43,2454.0,Low*Medium*NoStarvation,20,Low*Medium*NoStarvation,18.57,16.29,7,7,10,0.2174,0.1629,0.35,0.0217,-0.0814,-0.07,0.0065,0.0,-0.1449,-0.2328,-0.2438,0.9801,46
5,44,2520.0,Low*Medium*NoStarvation,30,Medium*Medium*NoStarvation,16.29,26.57,7,7,15,0.2273,0.2657,0.35,0.0227,-0.1329,-0.07,0.0068,0.0,-0.196,-0.3118,-0.3204,0.9801,66
5,45,2616.0,Medium*Medium*NoStarvation,45,Medium*Medium*NoStarvation,26.57,43.0,7,7,22,0.2292,0.43,0.35,0.0229,-0.215,-0.07,0.0069,0.0,-0.2781,-0.3766,-0.3869,0.9801,96
5,46,2646.0,Medium*Medium*NoStarvation,30,Low*Low*NoStarvation,43.0,0.0,7,0,12,0.1818,0.0,0.0,0.0182,-0.0,-0.0,0.0055,0.0,0.0055,-0.2951,-0.265,0.9801,66
6,0,76.0,Low*Low*NoStarvation,10,Low*Medium*NoStarvation,0.83,6.71,2,7,11,0.4231,0.0671,0.35,0.0423,-0.0336,-0.07,0.0127,0.0,-0.0909,0.0,-0.0289,0.9752,26
6,1,102.0,Low*Medium*NoStarvation,10,Low*Medium*NoStarvation,6.71,8.43,7,7,8,0.3077,0.0843,0.35,0.0308,-0.0421,-0.07,0.0092,0.0,-0.1029,-0.2206,-0.2287,0.9752,26
6,2,148.0,Low*Medium*NoStarvation,20,Low*Medium*NoStarvation,8.43,15.71,7,7,20,0.4348,0.1571,0.35,0.0435,-0.0786,-0.07,0.013,0.0,-0.1355,-0.2438,-0.2536,0.9752,46
6,3,214.0,Low*Medium*NoStarvation,30,Medium*Medium*NoStarvation,15.71,25.86,7,7,30,0.4545,0.2586,0.35,0.0455,-0.1293,-0.07,0.0136,0.0,-0.1856,-0.3204,-0.327,0.9752,66
6,4,240.0,Medium*Medium*NoStarvation,10,Low*Medium*NoStarvation,25.86,6.79,7,8,10,0.3846,0.0679,0.4,0.0385,-0.0339,-0.08,0.0115,0.0,-0.1024,-0.2238,-0.2323,0.9752,26
6,5,306.0,Low*Medium*NoStarvation,30,Medium*Medium*NoStarvation,6.79,26.29,8,7,30,0.4545,0.2629,0.35,0.0455,-0.1314,-0.07,0.0136,0.0,-0.1878,-0.327,-0.334,0.9752,66
6,6,402.0,Medium*Medium*NoStarvation,45,Medium*Medium*NoStarvation,26.29,41.71,7,7,45,0.4688,0.4171,0.35,0.0469,-0.2086,-0.07,0.0141,0.0,-0.2645,-0.3869,-0.3956,0.9752,96
6,7,428.0,Medium*Medium*NoStarvation,10,Low*Medium*NoStarvation,41.71,7.14,7,7,9,0.3462,0.0714,0.35,0.0346,-0.0357,-0.07,0.0104,0.0,-0.0953,-0.2323,-0.2392,0.9752,26
6,8,474.0,Low*Medium*NoStarvation,20,Low*Medium*NoStarvation,7.14,17.14,7,7,19,0.413,0.1714,0.35,0.0413,-0.0857,-0.07,0.0124,0.0,-0.1433,-0.2536,-0.2632,0.9752,46
6,9,500.0,Low*Medium*NoStarvation,10,Low*Medium*NoStarvation,17.14,6.57,7,7,10,0.3846,0.0657,0.35,0.0385,-0.0329,-0.07,0.0115,0.0,-0.0913,-0.2287,-0.2355,0.9752,26
6,10,566.0,Low*Medium*NoStarvation,30,Medium*Medium*NoStarvation,6.57,26.57,7,7,30,0.4545,0.2657,0.35,0.0455,-0.1329,-0.07,0.0136,0.0,-0.1892,-0.334,-0.3408,0.9752,66
6,11,592.0,Medium*Medium*NoStarvation,10,Low*Medium*NoStarvation,26.57,7.71,7,7,9,0.3462,0.0771,0.35,0.0346,-0.0386,-0.07,0.0104,0.0,-0.0982,-0.2392,-0.2463,0.9752,26
6,12,688.0,Low*Medium*NoStarvation,45,Medium*Medium*NoStarvation,7.71,41.14,7,7,43,0.4479,0.4114,0.35,0.0448,-0.2057,-0.07,0.0134,0.0,-0.2623,-0.344,-0.3571,0.9752,96
6,13,714.0,Medium*Medium*NoStarvation,10,Low*Medium*NoStarvation,41.14,8.57,7,7,8,0.3077,0.0857,0.35,0.0308,-0.0429,-0.07,0.0092,0.0,-0.1036,-0.2463,-0.2532,0.9752,26
6,14,760.0,Low*Medium*NoStarvation,20,Low*Medium*NoStarvation,8.57,17.0,7,7,20,0.4348,0.17,0.35,0.0435,-0.085,-0.07,0.013,0.0,-0.142,-0.2632,-0.2722,0.9752,46
6,15,826.0,Low*Medium*NoStarvation,30,Medium*Medium*NoStarvation,17.0,26.0,7,7,28,0.4242,0.26,0.35,0.0424,-0.13,-0.07,0.0127,0.0,-0.1873,-0.3408,-0.3467,0.9752,66
6,16,852.0,Medium*Medium*NoStarvation,10,Low*Medium*NoStarvation,26.0,7.29,7,7,9,0.3462,0.0729,0.35,0.0346,-0.0364,-0.07,0.0104,0.0,-0.096,-0.2532,-0.2587,0.9752,26
6,17,898.0,Low*Medium*NoStarvation,20,Low*Medium*NoStarvation,7.29,16.86,7,7,20,0.4348,0.1686,0.35,0.0435,-0.0843,-0.07,0.013,0.0,-0.1412,-0.2722,-0.2803,0.9752,46
6,18,944.0,Low*Medium*NoStarvation,20,Low*Medium*NoStarvation,16.86,17.29,7,7,19,0.413,0.1729,0.35,0.0413,-0.0864,-0.07,0.0124,0.0,-0.144,-0.2803,-0.2879,0.9752,46
6,19,990.0,Low*Medium*NoStarvation,20,Low*Medium*NoStarvation,17.29,17.14,7,7,18,0.3913,0.1714,0.35,0.0391,-0.0857,-0.07,0.0117,0.0,-0.144,-0.2879,-0.2947,0.9752,46
6,20,1036.0,Low*Medium*NoStarvation,20,Low*Medium*NoStarvation,17.14,15.43,7,7,14,0.3043,0.1543,0.35,0.0304,-0.0771,-0.07,0.0091,0.0,-0.138,-0.2947,-0.3002,0.9752,46
6,21,1082.0,Low*Medium*NoStarvation,20,Low*Medium*NoStarvation,15.43,17.14,7,7,10,0.2174,0.1714,0.35,0.0217,-0.0857,-0.07,0.0065,0.0,-0.1492,-0.3002,-0.3063,0.9752,46
6,22,1148.0,Low*Medium*NoStarvation,30,Medium*Medium*NoStarvation,17.14,26.29,7,7,15,0.2273,0.2629,0.35,0.0227,-0.1314,-0.07,0.0068,0.0,-0.1946,-0.3467,-0.3528,0.9752,66
6,23,1244.0,Medium*Medium*NoStarvation,45,Medium*Medium*NoStarvation,26.29,41.43,7,7,23,0.2396,0.4143,0.35,0.024,-0.2071,-0.07,0.0072,0.0,-0.27,-0.3956,-0.4043,0.9752,96
6,24,1340.0,Medium*Medium*NoStarvation,45,Medium*Medium*NoStarvation,41.43,40.14,7,7,23,0.2396,0.4014,0.35,0.024,-0.2007,-0.07,0.0072,0.0,-0.2635,-0.4043,-0.4115,0.9752,96
6,25,1406.0,Medium*Medium*NoStarvation,30,Medium*Medium*NoStarvation,40.14,26.57,7,7,15,0.2273,0.2657,0.35,0.0227,-0.1329,-0.07,0.0068,0.0,-0.196,-0.265,-0.2794,0.9752,66
6,26,1472.0,Medium*Medium*NoStarvation,30,Medium*Medium*NoStarvation,26.57,25.86,7,7,15,0.2273,0.2586,0.35,0.0227,-0.1293,-0.07,0.0068,0.0,-0.1925,-0.2794,-0.2919,0.9752,66
6,27,1498.0,Medium*Medium*NoStarvation,10,Low*Medium*NoStarvation,25.86,8.0,7,7,4,0.1538,0.08,0.35,0.0154,-0.04,-0.07,0.0046,0.0,-0.1054,-0.2587,-0.2645,0.9752,26
6,28,1594.0,Low*Medium*NoStarvation,45,Medium*Medium*NoStarvation,8.0,39.71,7,7,23,0.2396,0.3971,0.35,0.024,-0.1986,-0.07,0.0072,0.0,-0.2614,-0.3571,-0.3688,0.9752,96
6,29,1620.0,Medium*Medium*NoStarvation,10,Low*Medium*NoStarvation,39.71,8.57,7,7,4,0.1538,0.0857,0.35,0.0154,-0.0429,-0.07,0.0046,0.0,-0.1082,-0.2645,-0.2701,0.9752,26
6,30,1666.0,Low*Medium*NoStarvation,20,Low*Medium*NoStarvation,8.57,16.0,7,7,10,0.2174,0.16,0.35,0.0217,-0.08,-0.07,0.0065,0.0,-0.1435,-0.3063,-0.3112,0.9752,46
6,31,1732.0,Low*Medium*NoStarvation,30,Medium*Medium*NoStarvation,16.0,26.14,7,7,15,0.2273,0.2614,0.35,0.0227,-0.1307,-0.07,0.0068,0.0,-0.1939,-0.3528,-0.3581,0.9752,66
6,32,1758.0,Medium*Medium*NoStarvation,10,Low*Medium*NoStarvation,26.14,9.0,7,7,4,0.1538,0.09,0.35,0.0154,-0.045,-0.07,0.0046,0.0,-0.1104,-0.2701,-0.2753,0.9752,26
6,33,1824.0,Low*Medium*NoStarvation,30,Medium*Medium*NoStarvation,9.0,25.43,7,7,16,0.2424,0.2543,0.35,0.0242,-0.1271,-0.07,0.0073,0.0,-0.1899,-0.3581,-0.3626,0.9752,66
6,34,1920.0,Medium*Medium*NoStarvation,45,Medium*Medium*NoStarvation,25.43,42.86,7,7,22,0.2292,0.4286,0.35,0.0229,-0.2143,-0.07,0.0069,0.0,-0.2774,-0.4115,-0.4193,0.9752,96
6,35,1966.0,Medium*Medium*NoStarvation,20,Low*Medium*NoStarvation,42.86,15.71,7,7,10,0.2174,0.1571,0.35,0.0217,-0.0786,-0.07,0.0065,0.0,-0.142,-0.2363,-0.248,0.9752,46
6,36,2062.0,Low*Medium*NoStarvation,45,Medium*Medium*NoStarvation,15.71,41.14,7,7,23,0.2396,0.4114,0.35,0.024,-0.2057,-0.07,0.0072,0.0,-0.2685,-0.3688,-0.3811,0.9752,96
6,37,2108.0,Medium*Medium*NoStarvation,20,Low*Medium*NoStarvation,41.14,15.71,7,7,10,0.2174,0.1571,0.35,0.0217,-0.0786,-0.07,0.0065,0.0,-0.142,-0.248,-0.2586,0.9752,46
6,38,2134.0,Low*Medium*NoStarvation,10,Low*Medium*NoStarvation,15.71,6.43,7,7,5,0.1923,0.0643,0.35,0.0192,-0.0321,-0.07,0.0058,0.0,-0.0964,-0.2355,-0.2428,0.9752,26
6,39,2180.0,Low*Medium*NoStarvation,20,Low*Medium*NoStarvation,6.43,16.0,7,7,10,0.2174,0.16,0.35,0.0217,-0.08,-0.07,0.0065,0.0,-0.1435,-0.3112,-0.3163,0.9752,46
6,40,2226.0,Low*Medium*NoStarvation,20,Low*Medium*NoStarvation,16.0,15.29,7,7,10,0.2174,0.1529,0.35,0.0217,-0.0764,-0.07,0.0065,0.0,-0.1399,-0.3163,-0.3205,0.9752,46
6,41,2252.0,Low*Medium*NoStarvation,10,Low*Medium*NoStarvation,15.29,6.86,7,7,5,0.1923,0.0686,0.35,0.0192,-0.0343,-0.07,0.0058,0.0,-0.0985,-0.2428,-0.2502,0.9752,26
6,42,2298.0,Low*Medium*NoStarvation,20,Low*Medium*NoStarvation,6.86,17.29,7,7,10,0.2174,0.1729,0.35,0.0217,-0.0864,-0.07,0.0065,0.0,-0.1499,-0.3205,-0.326,0.9752,46
6,43,2364.0,Low*Medium*NoStarvation,30,Medium*Medium*NoStarvation,17.29,26.0,7,7,15,0.2273,0.26,0.35,0.0227,-0.13,-0.07,0.0068,0.0,-0.1932,-0.3626,-0.3689,0.9752,66
6,44,2390.0,Medium*Medium*NoStarvation,10,Low*Medium*NoStarvation,26.0,9.0,7,7,4,0.1538,0.09,0.35,0.0154,-0.045,-0.07,0.0046,0.0,-0.1104,-0.2753,-0.2814,0.9752,26
6,45,2436.0,Low*Medium*NoStarvation,20,Low*Medium*NoStarvation,9.0,15.57,7,7,10,0.2174,0.1557,0.35,0.0217,-0.0779,-0.07,0.0065,0.0,-0.1413,-0.326,-0.33,0.9752,46
6,46,2462.0,Low*Medium*NoStarvation,10,Low*Medium*NoStarvation,15.57,5.57,7,7,5,0.1923,0.0557,0.35,0.0192,-0.0279,-0.07,0.0058,0.0,-0.0921,-0.2502,-0.2569,0.9752,26
6,47,2488.0,Low*Medium*NoStarvation,10,Low*Medium*NoStarvation,5.57,8.29,7,7,4,0.1538,0.0829,0.35,0.0154,-0.0414,-0.07,0.0046,0.0,-0.1068,-0.2569,-0.2651,0.9752,26
6,48,2554.0,Low*Medium*NoStarvation,30,Medium*Medium*NoStarvation,8.29,27.0,7,7,15,0.2273,0.27,0.35,0.0227,-0.135,-0.07,0.0068,0.0,-0.1982,-0.3689,-0.3751,0.9752,66
6,49,2620.0,Medium*Medium*NoStarvation,30,Medium*Medium*NoStarvation,27.0,26.71,7,7,15,0.2273,0.2671,0.35,0.0227,-0.1336,-0.07,0.0068,0.0,-0.1968,-0.2919,-0.3057,0.9752,66
6,50,2668.0,Medium*Medium*NoStarvation,45,Low*Low*NoStarvation,26.71,0.0,7,0,21,0.2188,0.0,0.0,0.0219,-0.0,-0.0,0.0066,0.0,0.0066,-0.4193,-0.3767,0.9752,96
7,0,116.0,Low*Low*NoStarvation,30,Medium*Medium*NoStarvation,0.83,26.71,2,7,31,0.4697,0.2671,0.35,0.047,-0.1336,-0.07,0.0141,0.0,-0.1895,-0.0282,-0.0676,0.9704,66
7,1,212.0,Medium*Medium*NoStarvation,45,Medium*Medium*NoStarvation,26.71,41.0,7,7,46,0.4792,0.41,0.35,0.0479,-0.205,-0.07,0.0144,0.0,-0.2606,-0.3767,-0.3884,0.9704,96
7,2,278.0,Medium*Medium*NoStarvation,30,Medium*Medium*NoStarvation,41.0,25.71,7,7,31,0.4697,0.2571,0.35,0.047,-0.1286,-0.07,0.0141,0.0,-0.1845,-0.3057,-0.3169,0.9704,66
7,3,324.0,Medium*Medium*NoStarvation,20,Low*Medium*NoStarvation,25.71,17.71,7,7,20,0.4348,0.1771,0.35,0.0435,-0.0886,-0.07,0.013,0.0,-0.1455,-0.2586,-0.2712,0.9704,46
7,4,370.0,Low*Medium*NoStarvation,20,Low*Medium*NoStarvation,17.71,17.0,7,7,19,0.413,0.17,0.35,0.0413,-0.085,-0.07,0.0124,0.0,-0.1426,-0.33,-0.3352,0.9704,46
7,5,466.0,Low*Medium*NoStarvation,45,Medium*Medium*NoStarvation,17.0,40.0,7,7,42,0.4375,0.4,0.35,0.0437,-0.2,-0.07,0.0131,0.0,-0.2569,-0.3811,-0.3931,0.9704,96
7,6,492.0,Medium*Medium*NoStarvation,10,Low*Medium*NoStarvation,40.0,5.71,7,7,10,0.3846,0.0571,0.35,0.0385,-0.0286,-0.07,0.0115,0.0,-0.087,-0.2814,-0.2858,0.9704,26
7,7,558.0,Low*Medium*NoStarvation,30,Medium*Medium*NoStarvation,5.71,25.43,7,7,29,0.4394,0.2543,0.35,0.0439,-0.1271,-0.07,0.0132,0.0,-0.184,-0.3751,-0.3804,0.9704,66
7,8,584.0,Medium*Medium*NoStarvation,10,Low*Medium*NoStarvation,25.43,6.14,7,7,9,0.3462,0.0614,0.35,0.0346,-0.0307,-0.07,0.0104,0.0,-0.0903,-0.2858,-0.2901,0.9704,26
7,9,650.0,Low*Medium*NoStarvation,30,Medium*Medium*NoStarvation,6.14,25.57,7,7,29,0.4394,0.2557,0.35,0.0439,-0.1279,-0.07,0.0132,0.0,-0.1847,-0.3804,-0.3852,0.9704,66
7,10,746.0,Medium*Medium*NoStarvation,45,Medium*Medium*NoStarvation,25.57,41.43,7,7,41,0.4271,0.4143,0.35,0.0427,-0.2071,-0.07,0.0128,0.0,-0.2643,-0.3884,-0.4004,0.9704,96
7,11,812.0,Medium*Medium*NoStarvation,30,Medium*Medium*NoStarvation,41.43,27.14,7,7,27,0.4091,0.2714,0.35,0.0409,-0.1357,-0.07,0.0123,0.0,-0.1934,-0.3169,-0.3289,0.9704,66
7,12,878.0,Medium*Medium*NoStarvation,30,Medium*Medium*NoStarvation,27.14,26.29,7,7,29,0.4394,0.2629,0.35,0.0439,-0.1314,-0.07,0.0132,0.0,-0.1882,-0.3289,-0.3393,0.9704,66
7,13,974.0,Medium*Medium*NoStarvation,45,Medium*Medium*NoStarvation,26.29,39.71,7,7,42,0.4375,0.3971,0.35,0.0437,-0.1986,-0.07,0.0131,0.0,-0.2554,-0.4004,-0.4103,0.9704,96
7,14,1000.0,Medium*Medium*NoStarvation,10,Low*Medium*NoStarvation,39.71,6.57,7,7,8,0.3077,0.0657,0.35,0.0308,-0.0329,-0.07,0.0092,0.0,-0.0936,-0.2901,-0.2943,0.9704,26
7,15,1096.0,Low*Medium*NoStarvation,45,Medium*Medium*NoStarvation,6.57,41.57,7,7,26,0.2708,0.4157,0.35,0.0271,-0.2079,-0.07,0.0081,0.0,-0.2697,-0.3931,-0.4052,0.9704,96
7,16,1162.0,Medium*Medium*NoStarvation,30,Medium*Medium*NoStarvation,41.57,25.86,7,7,15,0.2273,0.2586,0.35,0.0227,-0.1293,-0.07,0.0068,0.0,-0.1925,-0.3393,-0.349,0.9704,66
7,17,1228.0,Medium*Medium*NoStarvation,30,Medium*Medium*NoStarvation,25.86,27.43,7,7,14,0.2121,0.2743,0.35,0.0212,-0.1371,-0.07,0.0064,0.0,-0.2008,-0.349,-0.3586,0.9704,66
7,18,1274.0,Medium*Medium*NoStarvation,20,Low*Medium*NoStarvation,27.43,15.0,7,7,11,0.2391,0.15,0.35,0.0239,-0.075,-0.07,0.0072,0.0,-0.1378,-0.2712,-0.2817,0.9704,46
7,19,1370.0,Low*Medium*NoStarvation,45,Medium*Medium*NoStarvation,15.0,40.29,7,7,23,0.2396,0.4029,0.35,0.024,-0.2014,-0.07,0.0072,0.0,-0.2642,-0.4052,-0.4164,0.9704,96
7,20,1416.0,Medium*Medium*NoStarvation,20,Low*Medium*NoStarvation,40.29,17.29,7,7,10,0.2174,0.1729,0.35,0.0217,-0.0864,-0.07,0.0065,0.0,-0.1499,-0.2817,-0.2924,0.9704,46
7,21,1462.0,Low*Medium*NoStarvation,20,Low*Medium*NoStarvation,17.29,16.29,7,7,10,0.2174,0.1629,0.35,0.0217,-0.0814,-0.07,0.0065,0.0,-0.1449,-0.3352,-0.34,0.9704,46
7,22,1528.0,Low*Medium*NoStarvation,30,Medium*Medium*NoStarvation,16.29,26.14,7,7,15,0.2273,0.2614,0.35,0.0227,-0.1307,-0.07,0.0068,0.0,-0.1939,-0.3852,-0.3924,0.9704,66
7,23,1594.0,Medium*Medium*NoStarvation,30,Medium*Medium*NoStarvation,26.14,26.86,7,7,15,0.2273,0.2686,0.35,0.0227,-0.1343,-0.07,0.0068,0.0,-0.1975,-0.3586,-0.3688,0.9704,66
7,24,1660.0,Medium*Medium*NoStarvation,30,Medium*Medium*NoStarvation,26.86,27.29,7,7,14,0.2121,0.2729,0.35,0.0212,-0.1364,-0.07,0.0064,0.0,-0.2001,-0.3688,-0.3782,0.9704,66
7,25,1706.0,Medium*Medium*NoStarvation,20,Low*Medium*NoStarvation,27.29,15.57,7,7,10,0.2174,0.1557,0.35,0.0217,-0.0779,-0.07,0.0065,0.0,-0.1413,-0.2924,-0.3011,0.9704,46
7,26,1802.0,Low*Medium*NoStarvation,45,Medium*Medium*NoStarvation,15.57,41.86,7,7,23,0.2396,0.4186,0.35,0.024,-0.2093,-0.07,0.0072,0.0,-0.2721,-0.4164,-0.4285,0.9704,96
7,27,1848.0,Medium*Medium*NoStarvation,20,Low*Medium*NoStarvation,41.86,16.71,7,7,10,0.2174,0.1671,0.35,0.0217,-0.0836,-0.07,0.0065,0.0,-0.147,-0.3011,-0.3096,0.9704,46
7,28,1944.0,Low*Medium*NoStarvation,45,Medium*Medium*NoStarvation,16.71,39.86,7,7,23,0.2396,0.3986,0.35,0.024,-0.1993,-0.07,0.0072,0.0,-0.2621,-0.4285,-0.4383,0.9704,96
7,29,2010.0,Medium*Medium*NoStarvation,30,Medium*Medium*NoStarvation,39.86,26.57,7,7,15,0.2273,0.2657,0.35,0.0227,-0.1329,-0.07,0.0068,0.0,-0.196,-0.3782,-0.3865,0.9704,66
7,30,2076.0,Medium*Medium*NoStarvation,30,Medium*Medium*NoStarvation,26.57,26.14,7,7,15,0.2273,0.2614,0.35,0.0227,-0.1307,-0.07,0.0068,0.0,-0.1939,-0.3865,-0.3937,0.9704,66
7,31,2142.0,Medium*Medium*NoStarvation,30,Medium*Medium*NoStarvation,26.14,27.0,7,7,15,0.2273,0.27,0.35,0.0227,-0.135,-0.07,0.0068,0.0,-0.1982,-0.3937,-0.4006,0.9704,66
7,32,2168.0,Medium*Medium*NoStarvation,10,Low*Medium*NoStarvation,27.0,9.57,7,7,4,0.1538,0.0957,0.35,0.0154,-0.0479,-0.07,0.0046,0.0,-0.1132,-0.2943,-0.3001,0.9704,26
7,33,2194.0,Low*Medium*NoStarvation,10,Low*Medium*NoStarvation,9.57,6.0,7,7,5,0.1923,0.06,0.35,0.0192,-0.03,-0.07,0.0058,0.0,-0.0942,-0.2651,-0.2718,0.9704,26
7,34,2240.0,Low*Medium*NoStarvation,20,Low*Medium*NoStarvation,6.0,16.0,7,7,10,0.2174,0.16,0.35,0.0217,-0.08,-0.07,0.0065,0.0,-0.1435,-0.34,-0.3448,0.9704,46
7,35,2286.0,Low*Medium*NoStarvation,20,Low*Medium*NoStarvation,16.0,16.29,7,7,10,0.2174,0.1629,0.35,0.0217,-0.0814,-0.07,0.0065,0.0,-0.1449,-0.3448,-0.3493,0.9704,46
7,36,2332.0,Low*Medium*NoStarvation,20,Low*Medium*NoStarvation,16.29,15.57,7,7,11,0.2391,0.1557,0.35,0.0239,-0.0779,-0.07,0.0072,0.0,-0.1407,-0.3493,-0.3529,0.9704,46
7,37,2428.0,Low*Medium*NoStarvation,45,Medium*Medium*NoStarvation,15.57,42.14,7,7,22,0.2292,0.4214,0.35,0.0229,-0.2107,-0.07,0.0069,0.0,-0.2738,-0.4383,-0.4489,0.9704,96
7,38,2524.0,Medium*Medium*NoStarvation,45,Medium*Medium*NoStarvation,42.14,41.0,7,7,22,0.2292,0.41,0.35,0.0229,-0.205,-0.07,0.0069,0.0,-0.2681,-0.4103,-0.4231,0.9704,96
7,39,2569.0,Medium*Medium*NoStarvation,45,Low*Low*NoStarvation,41.0,0.0,7,0,20,0.2083,0.0,0.0,0.0208,-0.0,-0.0,0.0063,0.0,0.0063,-0.4231,-0.3802,0.9704,96
8,0,116.0,Low*Low*NoStarvation,30,Medium*Medium*NoStarvation,0.83,26.71,2,7,31,0.4697,0.2671,0.35,0.047,-0.1336,-0.07,0.0141,0.0,-0.1895,-0.0676,-0.1068,0.9655,66
8,1,182.0,Medium*Medium*NoStarvation,30,Medium*Medium*NoStarvation,26.71,26.43,7,7,30,0.4545,0.2643,0.35,0.0455,-0.1321,-0.07,0.0136,0.0,-0.1885,-0.4006,-0.4064,0.9655,66
8,2,208.0,Medium*Medium*NoStarvation,10,Low*Medium*NoStarvation,26.43,6.0,7,7,9,0.3462,0.06,0.35,0.0346,-0.03,-0.07,0.0104,0.0,-0.0896,-0.3001,-0.3035,0.9655,26
8,3,274.0,Low*Medium*NoStarvation,30,Medium*Medium*NoStarvation,6.0,27.29,7,7,29,0.4394,0.2729,0.35,0.0439,-0.1364,-0.07,0.0132,0.0,-0.1932,-0.3924,-0.3998,0.9655,66
8,4,320.0,Medium*Medium*NoStarvation,20,Low*Medium*NoStarvation,27.29,17.71,7,7,20,0.4348,0.1771,0.35,0.0435,-0.0886,-0.07,0.013,0.0,-0.1455,-0.3096,-0.3176,0.9655,46
8,5,416.0,Low*Medium*NoStarvation,45,Medium*Medium*NoStarvation,17.71,41.64,7,9,45,0.4688,0.4164,0.45,0.0469,-0.2082,-0.09,0.0141,0.0,-0.2842,-0.4489,-0.4597,0.9655,96
8,6,512.0,Medium*Medium*NoStarvation,45,Medium*Medium*NoStarvation,41.64,41.71,9,7,42,0.4375,0.4171,0.35,0.0437,-0.2086,-0.07,0.0131,0.0,-0.2654,-0.3802,-0.396,0.9655,96
8,7,538.0,Medium*Medium*NoStarvation,10,Low*Medium*NoStarvation,41.71,8.14,7,7,9,0.3462,0.0814,0.35,0.0346,-0.0407,-0.07,0.0104,0.0,-0.1003,-0.3035,-0.3076,0.9655,26
8,8,634.0,Low*Medium*NoStarvation,45,Medium*Medium*NoStarvation,8.14,41.0,7,7,43,0.4479,0.41,0.35,0.0448,-0.205,-0.07,0.0134,0.0,-0.2616,-0.4597,-0.4676,0.9655,96
8,9,730.0,Medium*Medium*NoStarvation,45,Medium*Medium*NoStarvation,41.0,40.71,7,7,41,0.4271,0.4071,0.35,0.0427,-0.2036,-0.07,0.0128,0.0,-0.2608,-0.396,-0.4102,0.9655,96
8,10,756.0,Medium*Medium*NoStarvation,10,Low*Medium*NoStarvation,40.71,7.43,7,7,8,0.3077,0.0743,0.35,0.0308,-0.0371,-0.07,0.0092,0.0,-0.0979,-0.3076,-0.3111,0.9655,26
8,11,782.0,Low*Medium*NoStarvation,10,Low*Medium*NoStarvation,7.43,8.57,7,7,10,0.3846,0.0857,0.35,0.0385,-0.0429,-0.07,0.0115,0.0,-0.1013,-0.2718,-0.2792,0.9655,26
8,12,828.0,Low*Medium*NoStarvation,20,Low*Medium*NoStarvation,8.57,15.71,7,7,19,0.413,0.1571,0.35,0.0413,-0.0786,-0.07,0.0124,0.0,-0.1362,-0.3529,-0.3563,0.9655,46
8,13,874.0,Low*Medium*NoStarvation,20,Low*Medium*NoStarvation,15.71,16.14,7,7,20,0.4348,0.1614,0.35,0.0435,-0.0807,-0.07,0.013,0.0,-0.1377,-0.3563,-0.3596,0.9655,46
8,14,970.0,Low*Medium*NoStarvation,45,Medium*Medium*NoStarvation,16.14,41.0,7,7,42,0.4375,0.41,0.35,0.0437,-0.205,-0.07,0.0131,0.0,-0.2619,-0.4676,-0.475,0.9655,96
8,15,1066.0,Medium*Medium*NoStarvation,45,Medium*Medium*NoStarvation,41.0,40.43,7,7,30,0.3125,0.4043,0.35,0.0312,-0.2021,-0.07,0.0094,0.0,-0.2628,-0.4102,-0.4234,0.9655,96
8,16,1132.0,Medium*Medium*NoStarvation,30,Medium*Medium*NoStarvation,40.43,26.29,7,7,15,0.2273,0.2629,0.35,0.0227,-0.1314,-0.07,0.0068,0.0,-0.1946,-0.4064,-0.4133,0.9655,66
8,17,1178.0,Medium*Medium*NoStarvation,20,Low*Medium*NoStarvation,26.29,16.43,7,7,10,0.2174,0.1643,0.35,0.0217,-0.0821,-0.07,0.0065,0.0,-0.1456,-0.3176,-0.3256,0.9655,46
8,18,1204.0,Low*Medium*NoStarvation,10,Low*Medium*NoStarvation,16.43,8.57,7,7,4,0.1538,0.0857,0.35,0.0154,-0.0429,-0.07,0.0046,0.0,-0.1082,-0.2792,-0.2873,0.9655,26
8,19,1270.0,Low*Medium*NoStarvation,30,Medium*Medium*NoStarvation,8.57,27.71,7,7,15,0.2273,0.2771,0.35,0.0227,-0.1386,-0.07,0.0068,0.0,-0.2018,-0.3998,-0.408,0.9655,66
8,20,1316.0,Medium*Medium*NoStarvation,20,Low*Medium*NoStarvation,27.71,17.0,7,7,10,0.2174,0.17,0.35,0.0217,-0.085,-0.07,0.0065,0.0,-0.1485,-0.3256,-0.3337,0.9655,46
8,21,1412.0,Low*Medium*NoStarvation,45,Medium*Medium*NoStarvation,17.0,42.71,7,7,22,0.2292,0.4271,0.35,0.0229,-0.2136,-0.07,0.0069,0.0,-0.2767,-0.475,-0.4832,0.9655,96
8,22,1478.0,Medium*Medium*NoStarvation,30,Medium*Medium*NoStarvation,42.71,26.71,7,7,15,0.2273,0.2671,0.35,0.0227,-0.1336,-0.07,0.0068,0.0,-0.1968,-0.4133,-0.4196,0.9655,66
8,23,1574.0,Medium*Medium*NoStarvation,45,Medium*Medium*NoStarvation,26.71,41.0,7,7,23,0.2396,0.41,0.35,0.024,-0.205,-0.07,0.0072,0.0,-0.2678,-0.4234,-0.4359,0.9655,96
8,24,1600.0,Medium*Medium*NoStarvation,10,Low*Medium*NoStarvation,41.0,5.29,7,7,5,0.1923,0.0529,0.35,0.0192,-0.0264,-0.07,0.0058,0.0,-0.0907,-0.3111,-0.3149,0.9655,26
8,25,1626.0,Low*Medium*NoStarvation,10,Low*Medium*NoStarvation,5.29,6.0,7,7,5,0.1923,0.06,0.35,0.0192,-0.03,-0.07,0.0058,0.0,-0.0942,-0.2873,-0.2938,0.9655,26
8,26,1652.0,Low*Medium*NoStarvation,10,Low*Medium*NoStarvation,6.0,9.0,7,7,4,0.1538,0.09,0.35,0.0154,-0.045,-0.07,0.0046,0.0,-0.1104,-0.2938,-0.3019,0.9655,26
8,27,1698.0,Low*Medium*NoStarvation,20,Low*Medium*NoStarvation,9.0,16.29,7,7,10,0.2174,0.1629,0.35,0.0217,-0.0814,-0.07,0.0065,0.0,-0.1449,-0.3596,-0.3653,0.9655,46
8,28,1744.0,Low*Medium*NoStarvation,20,Low*Medium*NoStarvation,16.29,15.57,7,7,10,0.2174,0.1557,0.35,0.0217,-0.0779,-0.07,0.0065,0.0,-0.1413,-0.3653,-0.3701,0.9655,46
8,29,1810.0,Low*Medium*NoStarvation,30,Medium*Medium*NoStarvation,15.57,26.14,7,7,15,0.2273,0.2614,0.35,0.0227,-0.1307,-0.07,0.0068,0.0,-0.1939,-0.408,-0.4149,0.9655,66
8,30,1876.0,Medium*Medium*NoStarvation,30,Medium*Medium*NoStarvation,26.14,26.14,7,7,15,0.2273,0.2614,0.35,0.0227,-0.1307,-0.07,0.0068,0.0,-0.1939,-0.4196,-0.4254,0.9655,66
8,31,1902.0,Medium*Medium*NoStarvation,10,Low*Medium*NoStarvation,26.14,6.86,7,7,5,0.1923,0.0686,0.35,0.0192,-0.0343,-0.07,0.0058,0.0,-0.0985,-0.3149,-0.3205,0.9655,26
8,32,1928.0,Low*Medium*NoStarvation,10,Low*Medium*NoStarvation,6.86,7.86,7,7,4,0.1538,0.0786,0.35,0.0154,-0.0393,-0.07,0.0046,0.0,-0.1047,-0.3019,-0.3094,0.9655,26
8,33,1994.0,Low*Medium*NoStarvation,30,Medium*Medium*NoStarvation,7.86,25.71,7,7,15,0.2273,0.2571,0.35,0.0227,-0.1286,-0.07,0.0068,0.0,-0.1918,-0.4149,-0.4215,0.9655,66
8,34,2060.0,Medium*Medium*NoStarvation,30,Medium*Medium*NoStarvation,25.71,26.29,7,7,15,0.2273,0.2629,0.35,0.0227,-0.1314,-0.07,0.0068,0.0,-0.1946,-0.4254,-0.4311,0.9655,66
8,35,2126.0,Medium*Medium*NoStarvation,30,Medium*Medium*NoStarvation,26.29,25.14,7,7,16,0.2424,0.2514,0.35,0.0242,-0.1257,-0.07,0.0073,0.0,-0.1884,-0.4311,-0.4357,0.9655,66
8,36,2152.0,Medium*Medium*NoStarvation,10,Low*Medium*NoStarvation,25.14,6.71,7,7,5,0.1923,0.0671,0.35,0.0192,-0.0336,-0.07,0.0058,0.0,-0.0978,-0.3205,-0.326,0.9655,26
8,37,2178.0,Low*Medium*NoStarvation,10,Low*Medium*NoStarvation,6.71,6.0,7,6,5,0.1923,0.06,0.3,0.0192,-0.03,-0.06,0.0058,0.0,-0.0842,-0.3094,-0.3147,0.9655,26
8,38,2204.0,Low*Medium*NoStarvation,10,Low*Medium*NoStarvation,6.0,7.14,6,7,4,0.1538,0.0714,0.35,0.0154,-0.0357,-0.07,0.0046,0.0,-0.1011,-0.3147,-0.3217,0.9655,26
8,39,2300.0,Low*Medium*NoStarvation,45,Medium*Medium*NoStarvation,7.14,40.14,7,7,23,0.2396,0.4014,0.35,0.024,-0.2007,-0.07,0.0072,0.0,-0.2635,-0.4832,-0.4906,0.9655,96
8,40,2366.0,Medium*Medium*NoStarvation,30,Medium*Medium*NoStarvation,40.14,26.29,7,7,15,0.2273,0.2629,0.35,0.0227,-0.1314,-0.07,0.0068,0.0,-0.1946,-0.4357,-0.4409,0.9655,66
8,41,2392.0,Medium*Medium*NoStarvation,10,Low*Medium*NoStarvation,26.29,5.0,7,7,5,0.1923,0.05,0.35,0.0192,-0.025,-0.07,0.0058,0.0,-0.0892,-0.326,-0.3313,0.9655,26
8,42,2438.0,Low*Medium*NoStarvation,20,Low*Medium*NoStarvation,5.0,16.29,7,7,10,0.2174,0.1629,0.35,0.0217,-0.0814,-0.07,0.0065,0.0,-0.1449,-0.3701,-0.3765,0.9655,46
8,43,2484.0,Low*Medium*NoStarvation,20,Low*Medium*NoStarvation,16.29,16.14,7,7,10,0.2174,0.1614,0.35,0.0217,-0.0807,-0.07,0.0065,0.0,-0.1442,-0.3765,-0.3822,0.9655,46
8,44,2580.0,Low*Medium*NoStarvation,45,Medium*Medium*NoStarvation,16.14,42.71,7,7,22,0.2292,0.4271,0.35,0.0229,-0.2136,-0.07,0.0069,0.0,-0.2767,-0.4906,-0.499,0.9655,96
8,45,2646.0,Medium*Medium*NoStarvation,30,Medium*Medium*NoStarvation,42.71,27.5,7,6,15,0.2273,0.275,0.3,0.0227,-0.1375,-0.06,0.0068,0.0,-0.1907,-0.4409,-0.4457,0.9655,66
8,46,2672.0,Medium*Medium*NoStarvation,10,Low*Low*NoStarvation,27.5,11.0,6,1,5,0.1923,0.11,0.05,0.0192,-0.055,-0.01,0.0058,0.0,-0.0592,-0.3313,-0.3041,0.9655,26
8,47,2681.0,Low*Low*NoStarvation,10,Low*Low*NoStarvation,11.0,0.0,1,0,1,0.0385,0.0,0.0,0.0038,-0.0,-0.0,0.0012,0.0,0.0012,-0.0289,-0.0259,0.9655,26
9,0,76.0,Low*Low*NoStarvation,10,Low*Medium*NoStarvation,0.83,6.71,2,7,11,0.4231,0.0671,0.35,0.0423,-0.0336,-0.07,0.0127,0.0,-0.0909,-0.0259,-0.0614,0.9607,26
9,1,172.0,Low*Medium*NoStarvation,45,Medium*Medium*NoStarvation,6.71,40.57,7,7,46,0.4792,0.4057,0.35,0.0479,-0.2029,-0.07,0.0144,0.0,-0.2585,-0.499,-0.5023,0.9607,96
9,2,268.0,Medium*Medium*NoStarvation,45,Medium*Medium*NoStarvation,40.57,42.43,7,7,45,0.4688,0.4243,0.35,0.0469,-0.2121,-0.07,0.0141,0.0,-0.2681,-0.4359,-0.4465,0.9607,96
9,3,334.0,Medium*Medium*NoStarvation,30,Medium*Medium*NoStarvation,42.43,26.86,7,7,28,0.4242,0.2686,0.35,0.0424,-0.1343,-0.07,0.0127,0.0,-0.1916,-0.4457,-0.4477,0.9607,66
9,4,360.0,Medium*Medium*NoStarvation,10,Low*Medium*NoStarvation,26.86,6.71,7,7,9,0.3462,0.0671,0.35,0.0346,-0.0336,-0.07,0.0104,0.0,-0.0932,-0.3041,-0.312,0.9607,26
9,5,406.0,Low*Medium*NoStarvation,20,Low*Medium*NoStarvation,6.71,16.71,7,7,20,0.4348,0.1671,0.35,0.0435,-0.0836,-0.07,0.013,0.0,-0.1405,-0.3822,-0.387,0.9607,46
9,6,432.0,Low*Medium*NoStarvation,10,Low*Medium*NoStarvation,16.71,6.0,7,7,8,0.3077,0.06,0.35,0.0308,-0.03,-0.07,0.0092,0.0,-0.0908,-0.3217,-0.3275,0.9607,26
9,7,458.0,Low*Medium*NoStarvation,10,Low*Medium*NoStarvation,6.0,6.0,7,7,11,0.4231,0.06,0.35,0.0423,-0.03,-0.07,0.0127,0.0,-0.0873,-0.3275,-0.333,0.9607,26
9,8,554.0,Low*Medium*NoStarvation,45,Medium*Medium*NoStarvation,6.0,41.14,7,7,43,0.4479,0.4114,0.35,0.0448,-0.2057,-0.07,0.0134,0.0,-0.2623,-0.5023,-0.5064,0.9607,96
9,9,580.0,Medium*Medium*NoStarvation,10,Low*Medium*NoStarvation,41.14,5.71,7,7,9,0.3462,0.0571,0.35,0.0346,-0.0286,-0.07,0.0104,0.0,-0.0882,-0.312,-0.3195,0.9607,26
9,10,606.0,Low*Medium*NoStarvation,10,Low*Medium*NoStarvation,5.71,9.36,7,8,7,0.2692,0.0936,0.4,0.0269,-0.0468,-0.08,0.0081,0.0,-0.1187,-0.333,-0.3415,0.9607,26
9,11,702.0,Low*Medium*NoStarvation,45,Medium*Medium*NoStarvation,9.36,41.0,8,7,44,0.4583,0.41,0.35,0.0458,-0.205,-0.07,0.0137,0.0,-0.2612,-0.5064,-0.5106,0.9607,96
9,12,748.0,Medium*Medium*NoStarvation,20,Low*Medium*NoStarvation,41.0,17.0,7,7,20,0.4348,0.17,0.35,0.0435,-0.085,-0.07,0.013,0.0,-0.142,-0.3337,-0.3453,0.9607,46
9,13,774.0,Low*Medium*NoStarvation,10,Low*Medium*NoStarvation,17.0,9.43,7,7,8,0.3077,0.0943,0.35,0.0308,-0.0471,-0.07,0.0092,0.0,-0.1079,-0.3415,-0.3489,0.9607,26
9,14,820.0,Low*Medium*NoStarvation,20,Low*Medium*NoStarvation,9.43,16.57,7,7,19,0.413,0.1657,0.35,0.0413,-0.0829,-0.07,0.0124,0.0,-0.1405,-0.387,-0.3938,0.9607,46
9,15,846.0,Low*Medium*NoStarvation,10,Low*Medium*NoStarvation,16.57,6.57,7,7,10,0.3846,0.0657,0.35,0.0385,-0.0329,-0.07,0.0115,0.0,-0.0913,-0.3489,-0.3545,0.9607,26
9,16,892.0,Low*Medium*NoStarvation,20,Low*Medium*NoStarvation,6.57,17.29,7,7,20,0.4348,0.1729,0.35,0.0435,-0.0864,-0.07,0.013,0.0,-0.1434,-0.3938,-0.4006,0.9607,46
9,17,938.0,Low*Medium*NoStarvation,20,Low*Medium*NoStarvation,17.29,17.14,7,7,20,0.4348,0.1714,0.35,0.0435,-0.0857,-0.07,0.013,0.0,-0.1427,-0.4006,-0.4067,0.9607,46
9,18,1004.0,Low*Medium*NoStarvation,30,Medium*Medium*NoStarvation,17.14,25.71,7,7,28,0.4242,0.2571,0.35,0.0424,-0.1286,-0.07,0.0127,0.0,-0.1858,-0.4215,-0.4267,0.9607,66
9,19,1100.0,Medium*Medium*NoStarvation,45,Medium*Medium*NoStarvation,25.71,42.57,7,7,22,0.2292,0.4257,0.35,0.0229,-0.2129,-0.07,0.0069,0.0,-0.276,-0.4465,-0.4582,0.9607,96
9,20,1196.0,Medium*Medium*NoStarvation,45,Medium*Medium*NoStarvation,42.57,41.14,7,7,22,0.2292,0.4114,0.35,0.0229,-0.2057,-0.07,0.0069,0.0,-0.2688,-0.4582,-0.468,0.9607,96
9,21,1292.0,Medium*Medium*NoStarvation,45,Medium*Medium*NoStarvation,41.14,41.29,7,7,23,0.2396,0.4129,0.35,0.024,-0.2064,-0.07,0.0072,0.0,-0.2692,-0.468,-0.4769,0.9607,96
9,22,1358.0,Medium*Medium*NoStarvation,30,Medium*Medium*NoStarvation,41.29,25.43,7,7,15,0.2273,0.2543,0.35,0.0227,-0.1271,-0.07,0.0068,0.0,-0.1903,-0.4477,-0.4507,0.9607,66
9,23,1424.0,Medium*Medium*NoStarvation,30,Medium*Medium*NoStarvation,25.43,25.14,7,7,15,0.2273,0.2514,0.35,0.0227,-0.1257,-0.07,0.0068,0.0,-0.1889,-0.4507,-0.4533,0.9607,66
9,24,1450.0,Medium*Medium*NoStarvation,10,Low*Medium*NoStarvation,25.14,8.29,7,7,4,0.1538,0.0829,0.35,0.0154,-0.0414,-0.07,0.0046,0.0,-0.1068,-0.3195,-0.3302,0.9607,26
9,25,1516.0,Low*Medium*NoStarvation,30,Medium*Medium*NoStarvation,8.29,25.86,7,7,15,0.2273,0.2586,0.35,0.0227,-0.1293,-0.07,0.0068,0.0,-0.1925,-0.4267,-0.433,0.9607,66
9,26,1542.0,Medium*Medium*NoStarvation,10,Low*Medium*NoStarvation,25.86,8.0,7,7,5,0.1923,0.08,0.35,0.0192,-0.04,-0.07,0.0058,0.0,-0.1042,-0.3302,-0.3395,0.9607,26
9,27,1608.0,Low*Medium*NoStarvation,30,Medium*Medium*NoStarvation,8.0,25.0,7,7,16,0.2424,0.25,0.35,0.0242,-0.125,-0.07,0.0073,0.0,-0.1877,-0.433,-0.439,0.9607,66
9,28,1674.0,Medium*Medium*NoStarvation,30,Medium*Medium*NoStarvation,25.0,26.29,7,7,15,0.2273,0.2629,0.35,0.0227,-0.1314,-0.07,0.0068,0.0,-0.1946,-0.4533,-0.458,0.9607,66
9,29,1700.0,Medium*Medium*NoStarvation,10,Low*Medium*NoStarvation,26.29,8.14,7,7,4,0.1538,0.0814,0.35,0.0154,-0.0407,-0.07,0.0046,0.0,-0.1061,-0.3395,-0.3481,0.9607,26
9,30,1796.0,Low*Medium*NoStarvation,45,Medium*Medium*NoStarvation,8.14,42.29,7,7,22,0.2292,0.4229,0.35,0.0229,-0.2114,-0.07,0.0069,0.0,-0.2746,-0.5106,-0.5181,0.9607,96
9,31,1892.0,Medium*Medium*NoStarvation,45,Medium*Medium*NoStarvation,42.29,43.43,7,7,22,0.2292,0.4343,0.35,0.0229,-0.2171,-0.07,0.0069,0.0,-0.2803,-0.4769,-0.4883,0.9607,96
9,32,1988.0,Medium*Medium*NoStarvation,45,Medium*Medium*NoStarvation,43.43,40.86,7,7,23,0.2396,0.4086,0.35,0.024,-0.2043,-0.07,0.0072,0.0,-0.2671,-0.4883,-0.4972,0.9607,96
9,33,2084.0,Medium*Medium*NoStarvation,45,Medium*Medium*NoStarvation,40.86,42.14,7,7,22,0.2292,0.4214,0.35,0.0229,-0.2107,-0.07,0.0069,0.0,-0.2738,-0.4972,-0.506,0.9607,96
9,34,2150.0,Medium*Medium*NoStarvation,30,Medium*Medium*NoStarvation,42.14,26.43,7,7,15,0.2273,0.2643,0.35,0.0227,-0.1321,-0.07,0.0068,0.0,-0.1953,-0.458,-0.4628,0.9607,66
9,35,2246.0,Medium*Medium*NoStarvation,45,Medium*Medium*NoStarvation,26.43,40.71,7,7,23,0.2396,0.4071,0.35,0.024,-0.2036,-0.07,0.0072,0.0,-0.2664,-0.506,-0.5131,0.9607,96
9,36,2292.0,Medium*Medium*NoStarvation,20,Low*Medium*NoStarvation,40.71,15.71,7,7,10,0.2174,0.1571,0.35,0.0217,-0.0786,-0.07,0.0065,0.0,-0.142,-0.3453,-0.3569,0.9607,46
9,37,2338.0,Low*Medium*NoStarvation,20,Low*Medium*NoStarvation,15.71,16.14,7,7,10,0.2174,0.1614,0.35,0.0217,-0.0807,-0.07,0.0065,0.0,-0.1442,-0.4067,-0.4124,0.9607,46
9,38,2364.0,Low*Medium*NoStarvation,10,Low*Medium*NoStarvation,16.14,9.0,7,7,4,0.1538,0.09,0.35,0.0154,-0.045,-0.07,0.0046,0.0,-0.1104,-0.3545,-0.362,0.9607,26
9,39,2430.0,Low*Medium*NoStarvation,30,Medium*Medium*NoStarvation,9.0,26.86,7,7,14,0.2121,0.2686,0.35,0.0212,-0.1343,-0.07,0.0064,0.0,-0.1979,-0.439,-0.4462,0.9607,66
9,40,2456.0,Medium*Medium*NoStarvation,10,Low*Medium*NoStarvation,26.86,5.43,7,6,5,0.1923,0.0543,0.3,0.0192,-0.0271,-0.06,0.0058,0.0,-0.0814,-0.3481,-0.354,0.9607,26
9,41,2552.0,Low*Medium*NoStarvation,45,Medium*Medium*NoStarvation,5.43,40.71,6,7,23,0.2396,0.4071,0.35,0.024,-0.2036,-0.07,0.0072,0.0,-0.2664,-0.5181,-0.5248,0.9607,96
9,42,2598.0,Medium*Medium*NoStarvation,20,Low*Medium*NoStarvation,40.71,14.43,7,7,10,0.2174,0.1443,0.35,0.0217,-0.0721,-0.07,0.0065,0.0,-0.1356,-0.3569,-0.3673,0.9607,46
9,43,2624.0,Low*Medium*NoStarvation,10,Low*Medium*NoStarvation,14.43,6.14,7,6,5,0.1923,0.0614,0.3,0.0192,-0.0307,-0.06,0.0058,0.0,-0.0849,-0.362,-0.3669,0.9607,26
9,44,2650.0,Low*Medium*NoStarvation,10,Low*Medium*NoStarvation,6.14,8.17,6,6,5,0.1923,0.0817,0.3,0.0192,-0.0408,-0.06,0.0058,0.0,-0.0951,-0.3669,-0.3727,0.9607,26
9,45,2669.0,Low*Medium*NoStarvation,45,Low*Low*NoStarvation,8.17,0.0,6,0,6,0.0625,0.0,0.0,0.0063,-0.0,-0.0,0.0019,0.0,0.0019,-0.5248,-0.4721,0.9607,96
10,0,96.0,Low*Low*NoStarvation,20,Low*Medium*NoStarvation,0.83,16.14,2,7,21,0.4565,0.1614,0.35,0.0457,-0.0807,-0.07,0.0137,0.0,-0.137,0.0,-0.0472,0.9559,46
10,1,122.0,Low*Medium*NoStarvation,10,Low*Medium*NoStarvation,16.14,6.14,7,7,9,0.3462,0.0614,0.35,0.0346,-0.0307,-0.07,0.0104,0.0,-0.0903,-0.3727,-0.3781,0.9559,26
10,2,148.0,Low*Medium*NoStarvation,10,Low*Medium*NoStarvation,6.14,6.86,7,7,10,0.3846,0.0686,0.35,0.0385,-0.0343,-0.07,0.0115,0.0,-0.0927,-0.3781,-0.3835,0.9559,26
10,3,214.0,Low*Medium*NoStarvation,30,Medium*Medium*NoStarvation,6.86,25.14,7,7,31,0.4697,0.2514,0.35,0.047,-0.1257,-0.07,0.0141,0.0,-0.1816,-0.4462,-0.4516,0.9559,66
10,4,240.0,Medium*Medium*NoStarvation,10,Low*Medium*NoStarvation,25.14,6.86,7,7,10,0.3846,0.0686,0.35,0.0385,-0.0343,-0.07,0.0115,0.0,-0.0927,-0.354,-0.3624,0.9559,26
10,5,266.0,Low*Medium*NoStarvation,10,Low*Medium*NoStarvation,6.86,6.5,7,8,10,0.3846,0.065,0.4,0.0385,-0.0325,-0.08,0.0115,0.0,-0.101,-0.3835,-0.3898,0.9559,26
10,6,362.0,Low*Medium*NoStarvation,45,Medium*Medium*NoStarvation,6.5,41.57,8,7,45,0.4688,0.4157,0.35,0.0469,-0.2079,-0.07,0.0141,0.0,-0.2638,-0.4721,-0.4839,0.9559,96
10,7,408.0,Medium*Medium*NoStarvation,20,Low*Medium*NoStarvation,41.57,15.29,7,7,20,0.4348,0.1529,0.35,0.0435,-0.0764,-0.07,0.013,0.0,-0.1334,-0.3673,-0.379,0.9559,46
10,8,434.0,Low*Medium*NoStarvation,10,Low*Medium*NoStarvation,15.29,8.14,7,7,9,0.3462,0.0814,0.35,0.0346,-0.0407,-0.07,0.0104,0.0,-0.1003,-0.3898,-0.3959,0.9559,26
10,9,500.0,Low*Medium*NoStarvation,30,Medium*Medium*NoStarvation,8.14,26.43,7,7,30,0.4545,0.2643,0.35,0.0455,-0.1321,-0.07,0.0136,0.0,-0.1885,-0.4516,-0.4579,0.9559,66
10,10,566.0,Medium*Medium*NoStarvation,30,Medium*Medium*NoStarvation,26.43,27.29,7,7,29,0.4394,0.2729,0.35,0.0439,-0.1364,-0.07,0.0132,0.0,-0.1932,-0.4628,-0.4684,0.9559,66
10,11,612.0,Medium*Medium*NoStarvation,20,Low*Medium*NoStarvation,27.29,16.29,7,7,19,0.413,0.1629,0.35,0.0413,-0.0814,-0.07,0.0124,0.0,-0.139,-0.379,-0.3906,0.9559,46
10,12,638.0,Low*Medium*NoStarvation,10,Low*Medium*NoStarvation,16.29,7.29,7,7,10,0.3846,0.0729,0.35,0.0385,-0.0364,-0.07,0.0115,0.0,-0.0949,-0.3959,-0.4015,0.9559,26
10,13,684.0,Low*Medium*NoStarvation,20,Low*Medium*NoStarvation,7.29,15.29,7,7,19,0.413,0.1529,0.35,0.0413,-0.0764,-0.07,0.0124,0.0,-0.134,-0.4124,-0.4207,0.9559,46
10,14,710.0,Low*Medium*NoStarvation,10,Low*Medium*NoStarvation,15.29,6.29,7,7,9,0.3462,0.0629,0.35,0.0346,-0.0314,-0.07,0.0104,0.0,-0.091,-0.4015,-0.4066,0.9559,26
10,15,756.0,Low*Medium*NoStarvation,20,Low*Medium*NoStarvation,6.29,17.0,7,7,21,0.4565,0.17,0.35,0.0457,-0.085,-0.07,0.0137,0.0,-0.1413,-0.4207,-0.4293,0.9559,46
10,16,852.0,Low*Medium*NoStarvation,45,Medium*Medium*NoStarvation,17.0,40.71,7,7,41,0.4271,0.4071,0.35,0.0427,-0.2036,-0.07,0.0128,0.0,-0.2608,-0.4839,-0.4942,0.9559,96
10,17,878.0,Medium*Medium*NoStarvation,10,Low*Medium*NoStarvation,40.71,6.86,7,7,10,0.3846,0.0686,0.35,0.0385,-0.0343,-0.07,0.0115,0.0,-0.0927,-0.3624,-0.372,0.9559,26
10,18,904.0,Low*Medium*NoStarvation,10,Low*Medium*NoStarvation,6.86,6.43,7,7,9,0.3462,0.0643,0.35,0.0346,-0.0321,-0.07,0.0104,0.0,-0.0918,-0.4066,-0.4117,0.9559,26
10,19,970.0,Low*Medium*NoStarvation,30,Medium*Medium*NoStarvation,6.43,26.57,7,7,30,0.4545,0.2657,0.35,0.0455,-0.1329,-0.07,0.0136,0.0,-0.1892,-0.4579,-0.4645,0.9559,66
10,20,1016.0,Medium*Medium*NoStarvation,20,Low*Medium*NoStarvation,26.57,16.29,7,7,17,0.3696,0.1629,0.35,0.037,-0.0814,-0.07,0.0111,0.0,-0.1403,-0.3906,-0.4027,0.9559,46
10,21,1042.0,Low*Medium*NoStarvation,10,Low*Medium*NoStarvation,16.29,8.0,7,7,4,0.1538,0.08,0.35,0.0154,-0.04,-0.07,0.0046,0.0,-0.1054,-0.4117,-0.4181,0.9559,26
10,22,1068.0,Low*Medium*NoStarvation,10,Low*Medium*NoStarvation,8.0,5.86,7,7,5,0.1923,0.0586,0.35,0.0192,-0.0293,-0.07,0.0058,0.0,-0.0935,-0.4181,-0.4233,0.9559,26
10,23,1114.0,Low*Medium*NoStarvation,20,Low*Medium*NoStarvation,5.86,15.57,7,7,10,0.2174,0.1557,0.35,0.0217,-0.0779,-0.07,0.0065,0.0,-0.1413,-0.4293,-0.4386,0.9559,46
10,24,1160.0,Low*Medium*NoStarvation,20,Low*Medium*NoStarvation,15.57,16.14,7,7,10,0.2174,0.1614,0.35,0.0217,-0.0807,-0.07,0.0065,0.0,-0.1442,-0.4386,-0.4473,0.9559,46
10,25,1186.0,Low*Medium*NoStarvation,10,Low*Medium*NoStarvation,16.14,5.29,7,7,5,0.1923,0.0529,0.35,0.0192,-0.0264,-0.07,0.0058,0.0,-0.0907,-0.4233,-0.4281,0.9559,26
10,26,1252.0,Low*Medium*NoStarvation,30,Medium*Medium*NoStarvation,5.29,26.43,7,7,15,0.2273,0.2643,0.35,0.0227,-0.1321,-0.07,0.0068,0.0,-0.1953,-0.4645,-0.4711,0.9559,66
10,27,1318.0,Medium*Medium*NoStarvation,30,Medium*Medium*NoStarvation,26.43,26.0,7,7,16,0.2424,0.26,0.35,0.0242,-0.13,-0.07,0.0073,0.0,-0.1927,-0.4684,-0.4744,0.9559,66
10,28,1344.0,Medium*Medium*NoStarvation,10,Low*Medium*NoStarvation,26.0,8.43,7,7,4,0.1538,0.0843,0.35,0.0154,-0.0421,-0.07,0.0046,0.0,-0.1075,-0.372,-0.3841,0.9559,26
10,29,1370.0,Low*Medium*NoStarvation,10,Low*Medium*NoStarvation,8.43,6.14,7,7,5,0.1923,0.0614,0.35,0.0192,-0.0307,-0.07,0.0058,0.0,-0.0949,-0.4281,-0.4333,0.9559,26
10,30,1436.0,Low*Medium*NoStarvation,30,Medium*Medium*NoStarvation,6.14,24.71,7,7,15,0.2273,0.2471,0.35,0.0227,-0.1236,-0.07,0.0068,0.0,-0.1868,-0.4711,-0.4772,0.9559,66
10,31,1462.0,Medium*Medium*NoStarvation,10,Low*Medium*NoStarvation,24.71,7.0,7,7,4,0.1538,0.07,0.35,0.0154,-0.035,-0.07,0.0046,0.0,-0.1004,-0.3841,-0.3947,0.9559,26
10,32,1508.0,Low*Medium*NoStarvation,20,Low*Medium*NoStarvation,7.0,17.14,7,7,10,0.2174,0.1714,0.35,0.0217,-0.0857,-0.07,0.0065,0.0,-0.1492,-0.4473,-0.4565,0.9559,46
10,33,1534.0,Low*Medium*NoStarvation,10,Low*Medium*NoStarvation,17.14,6.14,7,7,5,0.1923,0.0614,0.35,0.0192,-0.0307,-0.07,0.0058,0.0,-0.0949,-0.4333,-0.4385,0.9559,26
10,34,1580.0,Low*Medium*NoStarvation,20,Low*Medium*NoStarvation,6.14,17.14,7,7,10,0.2174,0.1714,0.35,0.0217,-0.0857,-0.07,0.0065,0.0,-0.1492,-0.4565,-0.4652,0.9559,46
10,35,1646.0,Low*Medium*NoStarvation,30,Medium*Medium*NoStarvation,17.14,26.43,7,7,15,0.2273,0.2643,0.35,0.0227,-0.1321,-0.07,0.0068,0.0,-0.1953,-0.4772,-0.4846,0.9559,66
10,36,1692.0,Medium*Medium*NoStarvation,20,Low*Medium*NoStarvation,26.43,16.43,7,7,10,0.2174,0.1643,0.35,0.0217,-0.0821,-0.07,0.0065,0.0,-0.1456,-0.4027,-0.4164,0.9559,46
10,37,1738.0,Low*Medium*NoStarvation,20,Low*Medium*NoStarvation,16.43,16.43,7,7,9,0.1957,0.1643,0.35,0.0196,-0.0821,-0.07,0.0059,0.0,-0.1463,-0.4652,-0.4728,0.9559,46
10,38,1834.0,Low*Medium*NoStarvation,45,Medium*Medium*NoStarvation,16.43,42.43,7,7,22,0.2292,0.4243,0.35,0.0229,-0.2121,-0.07,0.0069,0.0,-0.2753,-0.4942,-0.5078,0.9559,96
10,39,1900.0,Medium*Medium*NoStarvation,30,Medium*Medium*NoStarvation,42.43,25.0,7,7,15,0.2273,0.25,0.35,0.0227,-0.125,-0.07,0.0068,0.0,-0.1882,-0.4744,-0.4813,0.9559,66
10,40,1946.0,Medium*Medium*NoStarvation,20,Low*Medium*NoStarvation,25.0,17.14,7,7,10,0.2174,0.1714,0.35,0.0217,-0.0857,-0.07,0.0065,0.0,-0.1492,-0.4164,-0.4292,0.9559,46
10,41,1992.0,Low*Medium*NoStarvation,20,Low*Medium*NoStarvation,17.14,17.71,7,7,10,0.2174,0.1771,0.35,0.0217,-0.0886,-0.07,0.0065,0.0,-0.152,-0.4728,-0.4802,0.9559,46
10,42,2058.0,Low*Medium*NoStarvation,30,Medium*Medium*NoStarvation,17.71,26.14,7,7,15,0.2273,0.2614,0.35,0.0227,-0.1307,-0.07,0.0068,0.0,-0.1939,-0.4846,-0.491,0.9559,66
10,43,2084.0,Medium*Medium*NoStarvation,10,Low*Medium*NoStarvation,26.14,5.71,7,7,5,0.1923,0.0571,0.35,0.0192,-0.0286,-0.07,0.0058,0.0,-0.0928,-0.3947,-0.404,0.9559,26
10,44,2110.0,Low*Medium*NoStarvation,10,Low*Medium*NoStarvation,5.71,6.29,7,6,5,0.1923,0.0629,0.3,0.0192,-0.0314,-0.06,0.0058,0.0,-0.0857,-0.4385,-0.4427,0.9559,26
10,45,2176.0,Low*Medium*NoStarvation,30,Medium*Medium*NoStarvation,6.29,25.86,6,7,15,0.2273,0.2586,0.35,0.0227,-0.1293,-0.07,0.0068,0.0,-0.1925,-0.491,-0.4975,0.9559,66
10,46,2272.0,Medium*Medium*NoStarvation,45,Medium*Medium*NoStarvation,25.86,40.14,7,7,23,0.2396,0.4014,0.35,0.024,-0.2007,-0.07,0.0072,0.0,-0.2635,-0.5131,-0.5245,0.9559,96
10,47,2318.0,Medium*Medium*NoStarvation,20,Low*Medium*NoStarvation,40.14,15.43,7,7,10,0.2174,0.1543,0.35,0.0217,-0.0771,-0.07,0.0065,0.0,-0.1406,-0.4292,-0.4401,0.9559,46
10,48,2364.0,Low*Medium*NoStarvation,20,Low*Medium*NoStarvation,15.43,17.14,7,7,10,0.2174,0.1714,0.35,0.0217,-0.0857,-0.07,0.0065,0.0,-0.1492,-0.4802,-0.4869,0.9559,46
10,49,2460.0,Low*Medium*NoStarvation,45,Medium*Medium*NoStarvation,17.14,42.43,7,7,22,0.2292,0.4243,0.35,0.0229,-0.2121,-0.07,0.0069,0.0,-0.2753,-0.5078,-0.5209,0.9559,96
10,50,2526.0,Medium*Medium*NoStarvation,30,Medium*Medium*NoStarvation,42.43,27.0,7,7,15,0.2273,0.27,0.35,0.0227,-0.135,-0.07,0.0068,0.0,-0.1982,-0.4813,-0.4893,0.9559,66
10,51,2552.0,Medium*Medium*NoStarvation,10,Low*Medium*NoStarvation,27.0,6.43,7,7,5,0.1923,0.0643,0.35,0.0192,-0.0321,-0.07,0.0058,0.0,-0.0964,-0.404,-0.4131,0.9559,26
10,52,2578.0,Low*Medium*NoStarvation,10,Low*Medium*NoStarvation,6.43,9.43,7,7,4,0.1538,0.0943,0.35,0.0154,-0.0471,-0.07,0.0046,0.0,-0.1125,-0.4427,-0.4495,0.9559,26
10,53,2644.0,Low*Medium*NoStarvation,30,Medium*Medium*NoStarvation,9.43,27.29,7,7,15,0.2273,0.2729,0.35,0.0227,-0.1364,-0.07,0.0068,0.0,-0.1996,-0.4975,-0.5049,0.9559,66
10,54,2670.0,Medium*Medium*NoStarvation,10,Low*Medium*NoStarvation,27.29,6.86,7,7,5,0.1923,0.0686,0.35,0.0192,-0.0343,-0.07,0.0058,0.0,-0.0985,-0.4131,-0.4221,0.9559,26
10,55,2716.0,Low*Medium*NoStarvation,20,Low*Low*NoStarvation,6.86,18.25,7,4,10,0.2174,0.1825,0.2,0.0217,-0.0912,-0.04,0.0065,0.0,-0.1247,-0.4869,-0.4549,0.9559,46
10,56,2731.0,Low*Low*NoStarvation,45,Low*Low*NoStarvation,18.25,0.0,4,0,4,0.0417,0.0,0.0,0.0042,-0.0,-0.0,0.0013,0.0,0.0013,-0.115,-0.1077,0.9559,96
11,0,116.0,Low*Low*NoStarvation,30,Medium*Medium*NoStarvation,0.83,26.71,2,7,31,0.4697,0.2671,0.35,0.047,-0.1336,-0.07,0.0141,0.0,-0.1895,-0.1068,-0.1531,0.9511,66
11,1,182.0,Medium*Medium*NoStarvation,30,Medium*Medium*NoStarvation,26.71,26.43,7,7,30,0.4545,0.2643,0.35,0.0455,-0.1321,-0.07,0.0136,0.0,-0.1885,-0.4893,-0.4972,0.9511,66
11,2,228.0,Medium*Medium*NoStarvation,20,Low*Medium*NoStarvation,26.43,16.14,7,7,20,0.4348,0.1614,0.35,0.0435,-0.0807,-0.07,0.013,0.0,-0.1377,-0.4401,-0.4504,0.9511,46
11,3,274.0,Low*Medium*NoStarvation,20,Low*Medium*NoStarvation,16.14,15.86,7,7,20,0.4348,0.1586,0.35,0.0435,-0.0793,-0.07,0.013,0.0,-0.1362,-0.4549,-0.4635,0.9511,46
11,4,370.0,Low*Medium*NoStarvation,45,Medium*Medium*NoStarvation,15.86,41.0,7,7,45,0.4688,0.41,0.35,0.0469,-0.205,-0.07,0.0141,0.0,-0.2609,-0.5209,-0.5329,0.9511,96
11,5,416.0,Medium*Medium*NoStarvation,20,Low*Medium*NoStarvation,41.0,16.14,7,7,19,0.413,0.1614,0.35,0.0413,-0.0807,-0.07,0.0124,0.0,-0.1383,-0.4504,-0.4596,0.9511,46
11,6,462.0,Low*Medium*NoStarvation,20,Low*Medium*NoStarvation,16.14,16.0,7,7,19,0.413,0.16,0.35,0.0413,-0.08,-0.07,0.0124,0.0,-0.1376,-0.4635,-0.4714,0.9511,46
11,7,558.0,Low*Medium*NoStarvation,45,Medium*Medium*NoStarvation,16.0,39.86,7,7,43,0.4479,0.3986,0.35,0.0448,-0.1993,-0.07,0.0134,0.0,-0.2558,-0.5329,-0.5432,0.9511,96
11,8,584.0,Medium*Medium*NoStarvation,10,Low*Medium*NoStarvation,39.86,6.29,7,7,9,0.3462,0.0629,0.35,0.0346,-0.0314,-0.07,0.0104,0.0,-0.091,-0.4221,-0.4294,0.9511,26
11,9,610.0,Low*Medium*NoStarvation,10,Low*Medium*NoStarvation,6.29,8.14,7,7,9,0.3462,0.0814,0.35,0.0346,-0.0407,-0.07,0.0104,0.0,-0.1003,-0.4495,-0.455,0.9511,26
11,10,706.0,Low*Medium*NoStarvation,45,Medium*Medium*NoStarvation,8.14,41.71,7,7,42,0.4375,0.4171,0.35,0.0437,-0.2086,-0.07,0.0131,0.0,-0.2654,-0.5432,-0.5541,0.9511,96
11,11,802.0,Medium*Medium*NoStarvation,45,Medium*Medium*NoStarvation,41.71,42.43,7,7,41,0.4271,0.4243,0.35,0.0427,-0.2121,-0.07,0.0128,0.0,-0.2693,-0.5245,-0.5376,0.9511,96
11,12,868.0,Medium*Medium*NoStarvation,30,Medium*Medium*NoStarvation,42.43,25.43,7,7,29,0.4394,0.2543,0.35,0.0439,-0.1271,-0.07,0.0132,0.0,-0.184,-0.4972,-0.5045,0.9511,66
11,13,934.0,Medium*Medium*NoStarvation,30,Medium*Medium*NoStarvation,25.43,26.57,7,7,28,0.4242,0.2657,0.35,0.0424,-0.1329,-0.07,0.0127,0.0,-0.1901,-0.5045,-0.5117,0.9511,66
11,14,1030.0,Medium*Medium*NoStarvation,45,Medium*Medium*NoStarvation,26.57,39.71,7,7,37,0.3854,0.3971,0.35,0.0385,-0.1986,-0.07,0.0116,0.0,-0.257,-0.5376,-0.5482,0.9511,96
11,15,1056.0,Medium*Medium*NoStarvation,10,Low*Medium*NoStarvation,39.71,8.0,7,7,4,0.1538,0.08,0.35,0.0154,-0.04,-0.07,0.0046,0.0,-0.1054,-0.4294,-0.438,0.9511,26
11,16,1102.0,Low*Medium*NoStarvation,20,Low*Medium*NoStarvation,8.0,15.57,7,7,10,0.2174,0.1557,0.35,0.0217,-0.0779,-0.07,0.0065,0.0,-0.1413,-0.4714,-0.4793,0.9511,46
11,17,1148.0,Low*Medium*NoStarvation,20,Low*Medium*NoStarvation,15.57,16.14,7,7,9,0.1957,0.1614,0.35,0.0196,-0.0807,-0.07,0.0059,0.0,-0.1448,-0.4793,-0.4868,0.9511,46
11,18,1214.0,Low*Medium*NoStarvation,30,Medium*Medium*NoStarvation,16.14,25.57,7,7,15,0.2273,0.2557,0.35,0.0227,-0.1279,-0.07,0.0068,0.0,-0.191,-0.5049,-0.5129,0.9511,66
11,19,1240.0,Medium*Medium*NoStarvation,10,Low*Medium*NoStarvation,25.57,7.0,7,7,5,0.1923,0.07,0.35,0.0192,-0.035,-0.07,0.0058,0.0,-0.0992,-0.438,-0.445,0.9511,26
11,20,1336.0,Low*Medium*NoStarvation,45,Medium*Medium*NoStarvation,7.0,40.86,7,7,22,0.2292,0.4086,0.35,0.0229,-0.2043,-0.07,0.0069,0.0,-0.2674,-0.5541,-0.5655,0.9511,96
11,21,1432.0,Medium*Medium*NoStarvation,45,Medium*Medium*NoStarvation,40.86,42.29,7,7,22,0.2292,0.4229,0.35,0.0229,-0.2114,-0.07,0.0069,0.0,-0.2746,-0.5482,-0.5609,0.9511,96
11,22,1478.0,Medium*Medium*NoStarvation,20,Low*Medium*NoStarvation,42.29,17.29,7,7,9,0.1957,0.1729,0.35,0.0196,-0.0864,-0.07,0.0059,0.0,-0.1506,-0.4596,-0.4696,0.9511,46
11,23,1524.0,Low*Medium*NoStarvation,20,Low*Medium*NoStarvation,17.29,17.0,7,7,10,0.2174,0.17,0.35,0.0217,-0.085,-0.07,0.0065,0.0,-0.1485,-0.4868,-0.494,0.9511,46
11,24,1570.0,Low*Medium*NoStarvation,20,Low*Medium*NoStarvation,17.0,15.86,7,7,10,0.2174,0.1586,0.35,0.0217,-0.0793,-0.07,0.0065,0.0,-0.1428,-0.494,-0.4998,0.9511,46
11,25,1616.0,Low*Medium*NoStarvation,20,Low*Medium*NoStarvation,15.86,15.29,7,7,10,0.2174,0.1529,0.35,0.0217,-0.0764,-0.07,0.0065,0.0,-0.1399,-0.4998,-0.5047,0.9511,46
11,26,1682.0,Low*Medium*NoStarvation,30,Medium*Medium*NoStarvation,15.29,28.43,7,7,14,0.2121,0.2843,0.35,0.0212,-0.1421,-0.07,0.0064,0.0,-0.2058,-0.5129,-0.5223,0.9511,66
11,27,1708.0,Medium*Medium*NoStarvation,10,Low*Medium*NoStarvation,28.43,7.29,7,7,5,0.1923,0.0729,0.35,0.0192,-0.0364,-0.07,0.0058,0.0,-0.1007,-0.445,-0.4516,0.9511,26
11,28,1754.0,Low*Medium*NoStarvation,20,Low*Medium*NoStarvation,7.29,15.71,7,7,10,0.2174,0.1571,0.35,0.0217,-0.0786,-0.07,0.0065,0.0,-0.142,-0.5047,-0.5094,0.9511,46
11,29,1780.0,Low*Medium*NoStarvation,10,Low*Medium*NoStarvation,15.71,7.43,7,7,4,0.1538,0.0743,0.35,0.0154,-0.0371,-0.07,0.0046,0.0,-0.1025,-0.455,-0.4607,0.9511,26
11,30,1846.0,Low*Medium*NoStarvation,30,Medium*Medium*NoStarvation,7.43,26.71,7,7,15,0.2273,0.2671,0.35,0.0227,-0.1336,-0.07,0.0068,0.0,-0.1968,-0.5223,-0.5304,0.9511,66
11,31,1942.0,Medium*Medium*NoStarvation,45,Medium*Medium*NoStarvation,26.71,40.29,7,7,23,0.2396,0.4029,0.35,0.024,-0.2014,-0.07,0.0072,0.0,-0.2642,-0.5609,-0.5719,0.9511,96
11,32,2038.0,Medium*Medium*NoStarvation,45,Medium*Medium*NoStarvation,40.29,39.57,7,7,23,0.2396,0.3957,0.35,0.024,-0.1979,-0.07,0.0072,0.0,-0.2607,-0.5719,-0.5814,0.9511,96
11,33,2104.0,Medium*Medium*NoStarvation,30,Medium*Medium*NoStarvation,39.57,26.86,7,7,15,0.2273,0.2686,0.35,0.0227,-0.1343,-0.07,0.0068,0.0,-0.1975,-0.5117,-0.521,0.9511,66
11,34,2150.0,Medium*Medium*NoStarvation,20,Low*Medium*NoStarvation,26.86,16.43,7,7,10,0.2174,0.1643,0.35,0.0217,-0.0821,-0.07,0.0065,0.0,-0.1456,-0.4696,-0.4787,0.9511,46
11,35,2246.0,Low*Medium*NoStarvation,45,Medium*Medium*NoStarvation,16.43,40.57,7,7,22,0.2292,0.4057,0.35,0.0229,-0.2029,-0.07,0.0069,0.0,-0.266,-0.5655,-0.5761,0.9511,96
11,36,2312.0,Medium*Medium*NoStarvation,30,Medium*Medium*NoStarvation,40.57,25.14,7,7,15,0.2273,0.2514,0.35,0.0227,-0.1257,-0.07,0.0068,0.0,-0.1889,-0.521,-0.5284,0.9511,66
11,37,2408.0,Medium*Medium*NoStarvation,45,Medium*Medium*NoStarvation,25.14,42.57,7,7,22,0.2292,0.4257,0.35,0.0229,-0.2129,-0.07,0.0069,0.0,-0.276,-0.5814,-0.5915,0.9511,96
11,38,2504.0,Medium*Medium*NoStarvation,45,Medium*Medium*NoStarvation,42.57,40.43,7,7,23,0.2396,0.4043,0.35,0.024,-0.2021,-0.07,0.0072,0.0,-0.265,-0.5915,-0.5995,0.9511,96
11,39,2600.0,Medium*Medium*NoStarvation,45,Medium*Medium*NoStarvation,40.43,43.29,7,7,21,0.2188,0.4329,0.35,0.0219,-0.2164,-0.07,0.0066,0.0,-0.2799,-0.5995,-0.6082,0.9511,96
11,40,2628.0,Medium*Medium*NoStarvation,30,Low*Low*NoStarvation,43.29,0.0,7,0,11,0.1667,0.0,0.0,0.0167,-0.0,-0.0,0.005,0.0,0.005,-0.5284,-0.4793,0.9511,66
12,0,116.0,Low*Low*NoStarvation,30,Medium*Medium*NoStarvation,0.83,26.71,2,7,31,0.4697,0.2671,0.35,0.047,-0.1336,-0.07,0.0141,0.0,-0.1895,-0.1531,-0.1974,0.9464,66
12,1,182.0,Medium*Medium*NoStarvation,30,Medium*Medium*NoStarvation,26.71,26.43,7,7,30,0.4545,0.2643,0.35,0.0455,-0.1321,-0.07,0.0136,0.0,-0.1885,-0.4793,-0.4909,0.9464,66
12,2,208.0,Medium*Medium*NoStarvation,10,Low*Medium*NoStarvation,26.43,6.0,7,7,9,0.3462,0.06,0.35,0.0346,-0.03,-0.07,0.0104,0.0,-0.0896,-0.4516,-0.4568,0.9464,26
12,3,304.0,Low*Medium*NoStarvation,45,Medium*Medium*NoStarvation,6.0,41.29,7,7,45,0.4688,0.4129,0.35,0.0469,-0.2064,-0.07,0.0141,0.0,-0.2624,-0.5761,-0.5859,0.9464,96
12,4,370.0,Medium*Medium*NoStarvation,30,Medium*Medium*NoStarvation,41.29,26.71,7,7,30,0.4545,0.2671,0.35,0.0455,-0.1336,-0.07,0.0136,0.0,-0.1899,-0.4909,-0.5019,0.9464,66
12,5,396.0,Medium*Medium*NoStarvation,10,Low*Medium*NoStarvation,26.71,7.57,7,7,7,0.2692,0.0757,0.35,0.0269,-0.0379,-0.07,0.0081,0.0,-0.0998,-0.4568,-0.4626,0.9464,26
12,6,462.0,Low*Medium*NoStarvation,30,Medium*Medium*NoStarvation,7.57,27.14,7,7,30,0.4545,0.2714,0.35,0.0455,-0.1357,-0.07,0.0136,0.0,-0.1921,-0.5304,-0.5382,0.9464,66
12,7,508.0,Medium*Medium*NoStarvation,20,Low*Medium*NoStarvation,27.14,18.14,7,7,20,0.4348,0.1814,0.35,0.0435,-0.0907,-0.07,0.013,0.0,-0.1477,-0.4787,-0.4871,0.9464,46
12,8,574.0,Low*Medium*NoStarvation,30,Medium*Medium*NoStarvation,18.14,26.57,7,7,28,0.4242,0.2657,0.35,0.0424,-0.1329,-0.07,0.0127,0.0,-0.1901,-0.5382,-0.545,0.9464,66
12,9,600.0,Medium*Medium*NoStarvation,10,Low*Medium*NoStarvation,26.57,6.57,7,7,8,0.3077,0.0657,0.35,0.0308,-0.0329,-0.07,0.0092,0.0,-0.0936,-0.4626,-0.4672,0.9464,26
12,10,626.0,Low*Medium*NoStarvation,10,Low*Medium*NoStarvation,6.57,9.25,7,8,9,0.3462,0.0925,0.4,0.0346,-0.0462,-0.08,0.0104,0.0,-0.1159,-0.4607,-0.4677,0.9464,26
12,11,692.0,Low*Medium*NoStarvation,30,Medium*Medium*NoStarvation,9.25,25.14,8,7,29,0.4394,0.2514,0.35,0.0439,-0.1257,-0.07,0.0132,0.0,-0.1825,-0.545,-0.5508,0.9464,66
12,12,788.0,Medium*Medium*NoStarvation,45,Medium*Medium*NoStarvation,25.14,41.29,7,7,44,0.4583,0.4129,0.35,0.0458,-0.2064,-0.07,0.0137,0.0,-0.2627,-0.6082,-0.6157,0.9464,96
12,13,834.0,Medium*Medium*NoStarvation,20,Low*Medium*NoStarvation,41.29,14.71,7,7,19,0.413,0.1471,0.35,0.0413,-0.0736,-0.07,0.0124,0.0,-0.1312,-0.4871,-0.4936,0.9464,46
12,14,880.0,Low*Medium*NoStarvation,20,Low*Medium*NoStarvation,14.71,16.71,7,7,19,0.413,0.1671,0.35,0.0413,-0.0836,-0.07,0.0124,0.0,-0.1412,-0.5094,-0.5147,0.9464,46
12,15,926.0,Low*Medium*NoStarvation,20,Low*Medium*NoStarvation,16.71,16.43,7,7,19,0.413,0.1643,0.35,0.0413,-0.0821,-0.07,0.0124,0.0,-0.1398,-0.5147,-0.5193,0.9464,46
12,16,972.0,Low*Medium*NoStarvation,20,Low*Medium*NoStarvation,16.43,16.0,7,7,19,0.413,0.16,0.35,0.0413,-0.08,-0.07,0.0124,0.0,-0.1376,-0.5193,-0.5232,0.9464,46
12,17,998.0,Low*Medium*NoStarvation,10,Low*Medium*NoStarvation,16.0,7.0,7,7,9,0.3462,0.07,0.35,0.0346,-0.035,-0.07,0.0104,0.0,-0.0946,-0.4677,-0.4725,0.9464,26
12,18,1064.0,Low*Medium*NoStarvation,30,Medium*Medium*NoStarvation,7.0,25.29,7,7,18,0.2727,0.2529,0.35,0.0273,-0.1264,-0.07,0.0082,0.0,-0.1882,-0.5508,-0.5566,0.9464,66
12,19,1110.0,Medium*Medium*NoStarvation,20,Low*Medium*NoStarvation,25.29,16.29,7,7,11,0.2391,0.1629,0.35,0.0239,-0.0814,-0.07,0.0072,0.0,-0.1443,-0.4936,-0.5012,0.9464,46
12,20,1136.0,Low*Medium*NoStarvation,10,Low*Medium*NoStarvation,16.29,8.43,7,7,4,0.1538,0.0843,0.35,0.0154,-0.0421,-0.07,0.0046,0.0,-0.1075,-0.4725,-0.4785,0.9464,26
12,21,1162.0,Low*Medium*NoStarvation,10,Low*Medium*NoStarvation,8.43,6.29,7,7,5,0.1923,0.0629,0.35,0.0192,-0.0314,-0.07,0.0058,0.0,-0.0957,-0.4785,-0.4833,0.9464,26
12,22,1188.0,Low*Medium*NoStarvation,10,Low*Medium*NoStarvation,6.29,7.71,7,7,4,0.1538,0.0771,0.35,0.0154,-0.0386,-0.07,0.0046,0.0,-0.104,-0.4833,-0.4889,0.9464,26
12,23,1234.0,Low*Medium*NoStarvation,20,Low*Medium*NoStarvation,7.71,16.57,7,7,10,0.2174,0.1657,0.35,0.0217,-0.0829,-0.07,0.0065,0.0,-0.1463,-0.5232,-0.5295,0.9464,46
12,24,1280.0,Low*Medium*NoStarvation,20,Low*Medium*NoStarvation,16.57,16.14,7,7,10,0.2174,0.1614,0.35,0.0217,-0.0807,-0.07,0.0065,0.0,-0.1442,-0.5295,-0.535,0.9464,46
12,25,1326.0,Low*Medium*NoStarvation,20,Low*Medium*NoStarvation,16.14,15.86,7,7,10,0.2174,0.1586,0.35,0.0217,-0.0793,-0.07,0.0065,0.0,-0.1428,-0.535,-0.5398,0.9464,46
12,26,1352.0,Low*Medium*NoStarvation,10,Low*Medium*NoStarvation,15.86,5.57,7,6,5,0.1923,0.0557,0.3,0.0192,-0.0279,-0.06,0.0058,0.0,-0.0821,-0.4889,-0.4922,0.9464,26
12,27,1448.0,Low*Medium*NoStarvation,45,Medium*Medium*NoStarvation,5.57,41.43,6,7,22,0.2292,0.4143,0.35,0.0229,-0.2071,-0.07,0.0069,0.0,-0.2703,-0.5859,-0.5964,0.9464,96
12,28,1474.0,Medium*Medium*NoStarvation,10,Low*Medium*NoStarvation,41.43,6.0,7,7,5,0.1923,0.06,0.35,0.0192,-0.03,-0.07,0.0058,0.0,-0.0942,-0.4672,-0.4742,0.9464,26
12,29,1500.0,Low*Medium*NoStarvation,10,Low*Medium*NoStarvation,6.0,9.29,7,7,4,0.1538,0.0929,0.35,0.0154,-0.0464,-0.07,0.0046,0.0,-0.1118,-0.4922,-0.4984,0.9464,26
12,30,1566.0,Low*Medium*NoStarvation,30,Medium*Medium*NoStarvation,9.29,26.0,7,7,15,0.2273,0.26,0.35,0.0227,-0.13,-0.07,0.0068,0.0,-0.1932,-0.5566,-0.5629,0.9464,66
12,31,1662.0,Medium*Medium*NoStarvation,45,Medium*Medium*NoStarvation,26.0,40.57,7,7,23,0.2396,0.4057,0.35,0.024,-0.2029,-0.07,0.0072,0.0,-0.2657,-0.6157,-0.6233,0.9464,96
12,32,1688.0,Medium*Medium*NoStarvation,10,Low*Medium*NoStarvation,40.57,6.57,7,7,5,0.1923,0.0657,0.35,0.0192,-0.0329,-0.07,0.0058,0.0,-0.0971,-0.4742,-0.4813,0.9464,26
12,33,1734.0,Low*Medium*NoStarvation,20,Low*Medium*NoStarvation,6.57,18.43,7,7,9,0.1957,0.1843,0.35,0.0196,-0.0921,-0.07,0.0059,0.0,-0.1563,-0.5398,-0.5463,0.9464,46
12,34,1780.0,Low*Medium*NoStarvation,20,Low*Medium*NoStarvation,18.43,16.14,7,7,10,0.2174,0.1614,0.35,0.0217,-0.0807,-0.07,0.0065,0.0,-0.1442,-0.5463,-0.5509,0.9464,46
12,35,1806.0,Low*Medium*NoStarvation,10,Low*Medium*NoStarvation,16.14,7.0,7,7,5,0.1923,0.07,0.35,0.0192,-0.035,-0.07,0.0058,0.0,-0.0992,-0.4984,-0.5034,0.9464,26
12,36,1852.0,Low*Medium*NoStarvation,20,Low*Medium*NoStarvation,7.0,16.0,7,7,10,0.2174,0.16,0.35,0.0217,-0.08,-0.07,0.0065,0.0,-0.1435,-0.5509,-0.5555,0.9464,46
12,37,1918.0,Low*Medium*NoStarvation,30,Medium*Medium*NoStarvation,16.0,25.29,7,7,15,0.2273,0.2529,0.35,0.0227,-0.1264,-0.07,0.0068,0.0,-0.1896,-0.5629,-0.5689,0.9464,66
12,38,1964.0,Medium*Medium*NoStarvation,20,Low*Medium*NoStarvation,25.29,16.57,7,7,10,0.2174,0.1657,0.35,0.0217,-0.0829,-0.07,0.0065,0.0,-0.1463,-0.5012,-0.511,0.9464,46
12,39,2030.0,Low*Medium*NoStarvation,30,Medium*Medium*NoStarvation,16.57,26.14,7,7,15,0.2273,0.2614,0.35,0.0227,-0.1307,-0.07,0.0068,0.0,-0.1939,-0.5689,-0.5747,0.9464,66
12,40,2076.0,Medium*Medium*NoStarvation,20,Low*Medium*NoStarvation,26.14,16.0,7,7,10,0.2174,0.16,0.35,0.0217,-0.08,-0.07,0.0065,0.0,-0.1435,-0.511,-0.5195,0.9464,46
12,41,2142.0,Low*Medium*NoStarvation,30,Medium*Medium*NoStarvation,16.0,26.29,7,7,15,0.2273,0.2629,0.35,0.0227,-0.1314,-0.07,0.0068,0.0,-0.1946,-0.5747,-0.58,0.9464,66
12,42,2168.0,Medium*Medium*NoStarvation,10,Low*Medium*NoStarvation,26.29,6.0,7,7,5,0.1923,0.06,0.35,0.0192,-0.03,-0.07,0.0058,0.0,-0.0942,-0.4813,-0.4879,0.9464,26
12,43,2194.0,Low*Medium*NoStarvation,10,Low*Medium*NoStarvation,6.0,6.43,7,7,5,0.1923,0.0643,0.35,0.0192,-0.0321,-0.07,0.0058,0.0,-0.0964,-0.5034,-0.508,0.9464,26
12,44,2290.0,Low*Medium*NoStarvation,45,Medium*Medium*NoStarvation,6.43,41.14,7,7,23,0.2396,0.4114,0.35,0.024,-0.2057,-0.07,0.0072,0.0,-0.2685,-0.5964,-0.6075,0.9464,96
12,45,2336.0,Medium*Medium*NoStarvation,20,Low*Medium*NoStarvation,41.14,15.29,7,7,10,0.2174,0.1529,0.35,0.0217,-0.0764,-0.07,0.0065,0.0,-0.1399,-0.5195,-0.5273,0.9464,46
12,46,2402.0,Low*Medium*NoStarvation,30,Medium*Medium*NoStarvation,15.29,25.0,7,7,15,0.2273,0.25,0.35,0.0227,-0.125,-0.07,0.0068,0.0,-0.1882,-0.58,-0.5848,0.9464,66
12,47,2448.0,Medium*Medium*NoStarvation,20,Low*Medium*NoStarvation,25.0,16.86,7,7,10,0.2174,0.1686,0.35,0.0217,-0.0843,-0.07,0.0065,0.0,-0.1478,-0.5273,-0.5351,0.9464,46
12,48,2494.0,Low*Medium*NoStarvation,20,Low*Medium*NoStarvation,16.86,15.57,7,7,10,0.2174,0.1557,0.35,0.0217,-0.0779,-0.07,0.0065,0.0,-0.1413,-0.5555,-0.5598,0.9464,46
12,49,2590.0,Low*Medium*NoStarvation,45,Medium*Medium*NoStarvation,15.57,39.71,7,7,23,0.2396,0.3971,0.35,0.024,-0.1986,-0.07,0.0072,0.0,-0.2614,-0.6075,-0.6168,0.9464,96
12,50,2686.0,Medium*Medium*NoStarvation,45,Medium*Low*NoStarvation,39.71,45.67,7,3,22,0.2292,0.4567,0.15,0.0229,-0.2283,-0.03,0.0069,0.0,-0.2515,-0.6233,-0.5861,0.9464,96
12,51,2699.0,Medium*Low*NoStarvation,20,Low*Low*NoStarvation,45.67,0.0,3,0,3,0.0652,0.0,0.0,0.0065,-0.0,-0.0,0.002,0.0,0.002,0.0,-0.0041,0.9464,46
13,0,76.0,Low*Low*NoStarvation,10,Low*Medium*NoStarvation,0.83,6.71,2,7,11,0.4231,0.0671,0.35,0.0423,-0.0336,-0.07,0.0127,0.0,-0.0909,-0.0614,-0.11,0.9416,26
13,1,122.0,Low*Medium*NoStarvation,20,Low*Medium*NoStarvation,6.71,15.86,7,7,20,0.4348,0.1586,0.35,0.0435,-0.0793,-0.07,0.013,0.0,-0.1362,-0.5598,-0.5632,0.9416,46
13,2,188.0,Low*Medium*NoStarvation,30,Medium*Medium*NoStarvation,15.86,25.57,7,7,30,0.4545,0.2557,0.35,0.0455,-0.1279,-0.07,0.0136,0.0,-0.1842,-0.5848,-0.5886,0.9416,66
13,3,254.0,Medium*Medium*NoStarvation,30,Medium*Medium*NoStarvation,25.57,26.0,7,7,30,0.4545,0.26,0.35,0.0455,-0.13,-0.07,0.0136,0.0,-0.1864,-0.5019,-0.5142,0.9416,66
13,4,350.0,Medium*Medium*NoStarvation,45,Medium*Medium*NoStarvation,26.0,40.29,7,7,46,0.4792,0.4029,0.35,0.0479,-0.2014,-0.07,0.0144,0.0,-0.2571,-0.5861,-0.5971,0.9416,96
13,5,416.0,Medium*Medium*NoStarvation,30,Medium*Medium*NoStarvation,40.29,24.86,7,7,28,0.4242,0.2486,0.35,0.0424,-0.1243,-0.07,0.0127,0.0,-0.1816,-0.5142,-0.5249,0.9416,66
13,6,442.0,Medium*Medium*NoStarvation,10,Low*Medium*NoStarvation,24.86,6.29,7,7,9,0.3462,0.0629,0.35,0.0346,-0.0314,-0.07,0.0104,0.0,-0.091,-0.4879,-0.4939,0.9416,26
13,7,468.0,Low*Medium*NoStarvation,10,Low*Medium*NoStarvation,6.29,7.14,7,7,10,0.3846,0.0714,0.35,0.0385,-0.0357,-0.07,0.0115,0.0,-0.0942,-0.508,-0.5123,0.9416,26
13,8,494.0,Low*Medium*NoStarvation,10,Low*Medium*NoStarvation,7.14,6.43,7,7,10,0.3846,0.0643,0.35,0.0385,-0.0321,-0.07,0.0115,0.0,-0.0906,-0.5123,-0.5163,0.9416,26
13,9,560.0,Low*Medium*NoStarvation,30,Medium*Medium*NoStarvation,6.43,25.57,7,7,30,0.4545,0.2557,0.35,0.0455,-0.1279,-0.07,0.0136,0.0,-0.1842,-0.5886,-0.5926,0.9416,66
13,10,626.0,Medium*Medium*NoStarvation,30,Medium*Medium*NoStarvation,25.57,26.57,7,7,28,0.4242,0.2657,0.35,0.0424,-0.1329,-0.07,0.0127,0.0,-0.1901,-0.5249,-0.5359,0.9416,66
13,11,692.0,Medium*Medium*NoStarvation,30,Medium*Medium*NoStarvation,26.57,25.86,7,7,28,0.4242,0.2586,0.35,0.0424,-0.1293,-0.07,0.0127,0.0,-0.1866,-0.5359,-0.5454,0.9416,66
13,12,788.0,Medium*Medium*NoStarvation,45,Medium*Medium*NoStarvation,25.86,41.71,7,7,42,0.4375,0.4171,0.35,0.0437,-0.2086,-0.07,0.0131,0.0,-0.2654,-0.5971,-0.6084,0.9416,96
13,13,834.0,Medium*Medium*NoStarvation,20,Low*Medium*NoStarvation,41.71,18.29,7,7,18,0.3913,0.1829,0.35,0.0391,-0.0914,-0.07,0.0117,0.0,-0.1497,-0.5351,-0.543,0.9416,46
13,14,930.0,Low*Medium*NoStarvation,45,Medium*Medium*NoStarvation,18.29,42.57,7,7,41,0.4271,0.4257,0.35,0.0427,-0.2129,-0.07,0.0128,0.0,-0.27,-0.6168,-0.6266,0.9416,96
13,15,956.0,Medium*Medium*NoStarvation,10,Low*Medium*NoStarvation,42.57,7.71,7,7,9,0.3462,0.0771,0.35,0.0346,-0.0386,-0.07,0.0104,0.0,-0.0982,-0.4939,-0.5008,0.9416,26
13,16,1022.0,Low*Medium*NoStarvation,30,Medium*Medium*NoStarvation,7.71,26.29,7,7,26,0.3939,0.2629,0.35,0.0394,-0.1314,-0.07,0.0118,0.0,-0.1896,-0.5926,-0.5974,0.9416,66
13,17,1048.0,Medium*Medium*NoStarvation,10,Low*Medium*NoStarvation,26.29,7.14,7,7,5,0.1923,0.0714,0.35,0.0192,-0.0357,-0.07,0.0058,0.0,-0.0999,-0.5008,-0.5072,0.9416,26
13,18,1114.0,Low*Medium*NoStarvation,30,Medium*Medium*NoStarvation,7.14,26.71,7,7,15,0.2273,0.2671,0.35,0.0227,-0.1336,-0.07,0.0068,0.0,-0.1968,-0.5974,-0.603,0.9416,66
13,19,1210.0,Medium*Medium*NoStarvation,45,Medium*Medium*NoStarvation,26.71,42.57,7,7,23,0.2396,0.4257,0.35,0.024,-0.2129,-0.07,0.0072,0.0,-0.2757,-0.6084,-0.6208,0.9416,96
13,20,1236.0,Medium*Medium*NoStarvation,10,Low*Medium*NoStarvation,42.57,6.14,7,7,5,0.1923,0.0614,0.35,0.0192,-0.0307,-0.07,0.0058,0.0,-0.0949,-0.5072,-0.5124,0.9416,26
13,21,1282.0,Low*Medium*NoStarvation,20,Low*Medium*NoStarvation,6.14,17.14,7,7,10,0.2174,0.1714,0.35,0.0217,-0.0857,-0.07,0.0065,0.0,-0.1492,-0.5632,-0.5682,0.9416,46
13,22,1308.0,Low*Medium*NoStarvation,10,Low*Medium*NoStarvation,17.14,8.0,7,7,4,0.1538,0.08,0.35,0.0154,-0.04,-0.07,0.0046,0.0,-0.1054,-0.5163,-0.5216,0.9416,26
13,23,1354.0,Low*Medium*NoStarvation,20,Low*Medium*NoStarvation,8.0,16.0,7,7,10,0.2174,0.16,0.35,0.0217,-0.08,-0.07,0.0065,0.0,-0.1435,-0.5682,-0.5727,0.9416,46
13,24,1380.0,Low*Medium*NoStarvation,10,Low*Medium*NoStarvation,16.0,6.86,7,7,5,0.1923,0.0686,0.35,0.0192,-0.0343,-0.07,0.0058,0.0,-0.0985,-0.5216,-0.5263,0.9416,26
13,25,1406.0,Low*Medium*NoStarvation,10,Low*Medium*NoStarvation,6.86,8.14,7,7,4,0.1538,0.0814,0.35,0.0154,-0.0407,-0.07,0.0046,0.0,-0.1061,-0.5263,-0.5316,0.9416,26
13,26,1502.0,Low*Medium*NoStarvation,45,Medium*Medium*NoStarvation,8.14,42.14,7,7,22,0.2292,0.4214,0.35,0.0229,-0.2107,-0.07,0.0069,0.0,-0.2738,-0.6266,-0.6374,0.9416,96
13,27,1568.0,Medium*Medium*NoStarvation,30,Medium*Medium*NoStarvation,42.14,26.14,7,7,16,0.2424,0.2614,0.35,0.0242,-0.1307,-0.07,0.0073,0.0,-0.1934,-0.5454,-0.5563,0.9416,66
13,28,1594.0,Medium*Medium*NoStarvation,10,Low*Medium*NoStarvation,26.14,7.0,7,7,5,0.1923,0.07,0.35,0.0192,-0.035,-0.07,0.0058,0.0,-0.0992,-0.5124,-0.519,0.9416,26
13,29,1640.0,Low*Medium*NoStarvation,20,Low*Medium*NoStarvation,7.0,14.71,7,7,10,0.2174,0.1471,0.35,0.0217,-0.0736,-0.07,0.0065,0.0,-0.137,-0.5727,-0.577,0.9416,46
13,30,1686.0,Low*Medium*NoStarvation,20,Low*Medium*NoStarvation,14.71,15.0,7,7,10,0.2174,0.15,0.35,0.0217,-0.075,-0.07,0.0065,0.0,-0.1385,-0.577,-0.581,0.9416,46
13,31,1712.0,Low*Medium*NoStarvation,10,Low*Medium*NoStarvation,15.0,8.0,7,7,4,0.1538,0.08,0.35,0.0154,-0.04,-0.07,0.0046,0.0,-0.1054,-0.5316,-0.5368,0.9416,26
13,32,1738.0,Low*Medium*NoStarvation,10,Low*Medium*NoStarvation,8.0,6.14,7,7,5,0.1923,0.0614,0.35,0.0192,-0.0307,-0.07,0.0058,0.0,-0.0949,-0.5368,-0.541,0.9416,26
13,33,1764.0,Low*Medium*NoStarvation,10,Low*Medium*NoStarvation,6.14,8.57,7,7,4,0.1538,0.0857,0.35,0.0154,-0.0429,-0.07,0.0046,0.0,-0.1082,-0.541,-0.5464,0.9416,26
13,34,1830.0,Low*Medium*NoStarvation,30,Medium*Medium*NoStarvation,8.57,26.43,7,7,15,0.2273,0.2643,0.35,0.0227,-0.1321,-0.07,0.0068,0.0,-0.1953,-0.603,-0.6089,0.9416,66
13,35,1876.0,Medium*Medium*NoStarvation,20,Low*Medium*NoStarvation,26.43,16.0,7,7,10,0.2174,0.16,0.35,0.0217,-0.08,-0.07,0.0065,0.0,-0.1435,-0.543,-0.5522,0.9416,46
13,36,1922.0,Low*Medium*NoStarvation,20,Low*Medium*NoStarvation,16.0,15.43,7,7,10,0.2174,0.1543,0.35,0.0217,-0.0771,-0.07,0.0065,0.0,-0.1406,-0.581,-0.5861,0.9416,46
13,37,2018.0,Low*Medium*NoStarvation,45,Medium*Medium*NoStarvation,15.43,41.43,7,7,23,0.2396,0.4143,0.35,0.024,-0.2071,-0.07,0.0072,0.0,-0.27,-0.6374,-0.6474,0.9416,96
13,38,2114.0,Medium*Medium*NoStarvation,45,Medium*Medium*NoStarvation,41.43,40.43,7,7,23,0.2396,0.4043,0.35,0.024,-0.2021,-0.07,0.0072,0.0,-0.265,-0.6208,-0.6319,0.9416,96
13,39,2180.0,Medium*Medium*NoStarvation,30,Medium*Medium*NoStarvation,40.43,26.71,7,7,15,0.2273,0.2671,0.35,0.0227,-0.1336,-0.07,0.0068,0.0,-0.1968,-0.5563,-0.5671,0.9416,66
13,40,2276.0,Medium*Medium*NoStarvation,45,Medium*Medium*NoStarvation,26.71,39.43,7,7,23,0.2396,0.3943,0.35,0.024,-0.1971,-0.07,0.0072,0.0,-0.26,-0.6319,-0.6414,0.9416,96
13,41,2342.0,Medium*Medium*NoStarvation,30,Medium*Medium*NoStarvation,39.43,26.43,7,7,15,0.2273,0.2643,0.35,0.0227,-0.1321,-0.07,0.0068,0.0,-0.1953,-0.5671,-0.5766,0.9416,66
13,42,2368.0,Medium*Medium*NoStarvation,10,Low*Medium*NoStarvation,26.43,9.14,7,7,4,0.1538,0.0914,0.35,0.0154,-0.0457,-0.07,0.0046,0.0,-0.1111,-0.519,-0.5273,0.9416,26
13,43,2464.0,Low*Medium*NoStarvation,45,Medium*Medium*NoStarvation,9.14,39.86,7,7,23,0.2396,0.3986,0.35,0.024,-0.1993,-0.07,0.0072,0.0,-0.2621,-0.6474,-0.6563,0.9416,96
13,44,2510.0,Medium*Medium*NoStarvation,20,Low*Medium*NoStarvation,39.86,15.43,7,7,10,0.2174,0.1543,0.35,0.0217,-0.0771,-0.07,0.0065,0.0,-0.1406,-0.5522,-0.5602,0.9416,46
13,45,2606.0,Low*Medium*NoStarvation,45,Medium*Medium*NoStarvation,15.43,40.57,7,7,23,0.2396,0.4057,0.35,0.024,-0.2029,-0.07,0.0072,0.0,-0.2657,-0.6563,-0.6647,0.9416,96
13,46,2652.0,Medium*Medium*NoStarvation,20,Low*Low*NoStarvation,40.57,19.25,7,4,10,0.2174,0.1925,0.2,0.0217,-0.0963,-0.04,0.0065,0.0,-0.1297,-0.5602,-0.5214,0.9416,46
13,47,2667.0,Low*Low*NoStarvation,20,Low*Low*NoStarvation,19.25,0.0,4,0,4,0.087,0.0,0.0,0.0087,-0.0,-0.0,0.0026,0.0,0.0026,-0.0472,-0.0465,0.9416,46
14,0,96.0,Low*Low*NoStarvation,20,Low*Medium*NoStarvation,0.83,16.14,2,7,21,0.4565,0.1614,0.35,0.0457,-0.0807,-0.07,0.0137,0.0,-0.137,-0.0465,-0.1047,0.9369,46
14,1,122.0,Low*Medium*NoStarvation,10,Low*Medium*NoStarvation,16.14,6.14,7,7,9,0.3462,0.0614,0.35,0.0346,-0.0307,-0.07,0.0104,0.0,-0.0903,-0.5464,-0.5499,0.9369,26
14,2,168.0,Low*Medium*NoStarvation,20,Low*Medium*NoStarvation,6.14,17.0,7,7,20,0.4348,0.17,0.35,0.0435,-0.085,-0.07,0.013,0.0,-0.142,-0.5861,-0.5912,0.9369,46
14,3,234.0,Low*Medium*NoStarvation,30,Medium*Medium*NoStarvation,17.0,25.57,7,7,30,0.4545,0.2557,0.35,0.0455,-0.1279,-0.07,0.0136,0.0,-0.1842,-0.6089,-0.6134,0.9369,66
14,4,300.0,Medium*Medium*NoStarvation,30,Medium*Medium*NoStarvation,25.57,25.43,7,7,32,0.4848,0.2543,0.35,0.0485,-0.1271,-0.07,0.0145,0.0,-0.1826,-0.5766,-0.5841,0.9369,66
14,5,366.0,Medium*Medium*NoStarvation,30,Medium*Medium*NoStarvation,25.43,26.0,7,7,30,0.4545,0.26,0.35,0.0455,-0.13,-0.07,0.0136,0.0,-0.1864,-0.5841,-0.5913,0.9369,66
14,6,392.0,Medium*Medium*NoStarvation,10,Low*Medium*NoStarvation,26.0,8.43,7,7,8,0.3077,0.0843,0.35,0.0308,-0.0421,-0.07,0.0092,0.0,-0.1029,-0.5273,-0.5344,0.9369,26
14,7,458.0,Low*Medium*NoStarvation,30,Medium*Medium*NoStarvation,8.43,27.14,7,7,29,0.4394,0.2714,0.35,0.0439,-0.1357,-0.07,0.0132,0.0,-0.1925,-0.6134,-0.6182,0.9369,66
14,8,554.0,Medium*Medium*NoStarvation,45,Medium*Medium*NoStarvation,27.14,39.14,7,7,43,0.4479,0.3914,0.35,0.0448,-0.1957,-0.07,0.0134,0.0,-0.2523,-0.6414,-0.6494,0.9369,96
14,9,620.0,Medium*Medium*NoStarvation,30,Medium*Medium*NoStarvation,39.14,25.0,7,7,28,0.4242,0.25,0.35,0.0424,-0.125,-0.07,0.0127,0.0,-0.1823,-0.5913,-0.5973,0.9369,66
14,10,646.0,Medium*Medium*NoStarvation,10,Low*Medium*NoStarvation,25.0,7.14,7,7,9,0.3462,0.0714,0.35,0.0346,-0.0357,-0.07,0.0104,0.0,-0.0953,-0.5344,-0.54,0.9369,26
14,11,712.0,Low*Medium*NoStarvation,30,Medium*Medium*NoStarvation,7.14,25.14,7,7,29,0.4394,0.2514,0.35,0.0439,-0.1257,-0.07,0.0132,0.0,-0.1825,-0.6182,-0.6216,0.9369,66
14,12,738.0,Medium*Medium*NoStarvation,10,Low*Medium*NoStarvation,25.14,9.0,7,7,9,0.3462,0.09,0.35,0.0346,-0.045,-0.07,0.0104,0.0,-0.1046,-0.54,-0.5459,0.9369,26
14,13,804.0,Low*Medium*NoStarvation,30,Medium*Medium*NoStarvation,9.0,26.57,7,7,29,0.4394,0.2657,0.35,0.0439,-0.1329,-0.07,0.0132,0.0,-0.1897,-0.6216,-0.6253,0.9369,66
14,14,850.0,Medium*Medium*NoStarvation,20,Low*Medium*NoStarvation,26.57,16.14,7,7,19,0.413,0.1614,0.35,0.0413,-0.0807,-0.07,0.0124,0.0,-0.1383,-0.5214,-0.5326,0.9369,46
14,15,946.0,Low*Medium*NoStarvation,45,Medium*Medium*NoStarvation,16.14,40.71,7,7,42,0.4375,0.4071,0.35,0.0437,-0.2036,-0.07,0.0131,0.0,-0.2604,-0.6647,-0.6722,0.9369,96
14,16,992.0,Medium*Medium*NoStarvation,20,Low*Medium*NoStarvation,40.71,15.71,7,7,19,0.413,0.1571,0.35,0.0413,-0.0786,-0.07,0.0124,0.0,-0.1362,-0.5326,-0.5425,0.9369,46
14,17,1088.0,Low*Medium*NoStarvation,45,Medium*Medium*NoStarvation,15.71,39.29,7,7,26,0.2708,0.3929,0.35,0.0271,-0.1964,-0.07,0.0081,0.0,-0.2583,-0.6722,-0.6796,0.9369,96
14,18,1154.0,Medium*Medium*NoStarvation,30,Medium*Medium*NoStarvation,39.29,26.29,7,7,15,0.2273,0.2629,0.35,0.0227,-0.1314,-0.07,0.0068,0.0,-0.1946,-0.5973,-0.6059,0.9369,66
14,19,1250.0,Medium*Medium*NoStarvation,45,Medium*Medium*NoStarvation,26.29,43.29,7,7,22,0.2292,0.4329,0.35,0.0229,-0.2164,-0.07,0.0069,0.0,-0.2796,-0.6494,-0.6613,0.9369,96
14,20,1346.0,Medium*Medium*NoStarvation,45,Medium*Medium*NoStarvation,43.29,40.43,7,7,23,0.2396,0.4043,0.35,0.024,-0.2021,-0.07,0.0072,0.0,-0.265,-0.6613,-0.6705,0.9369,96
14,21,1372.0,Medium*Medium*NoStarvation,10,Low*Medium*NoStarvation,40.43,9.0,7,7,4,0.1538,0.09,0.35,0.0154,-0.045,-0.07,0.0046,0.0,-0.1104,-0.5459,-0.5519,0.9369,26
14,22,1418.0,Low*Medium*NoStarvation,20,Low*Medium*NoStarvation,9.0,15.43,7,7,10,0.2174,0.1543,0.35,0.0217,-0.0771,-0.07,0.0065,0.0,-0.1406,-0.5912,-0.5956,0.9369,46
14,23,1464.0,Low*Medium*NoStarvation,20,Low*Medium*NoStarvation,15.43,15.43,7,7,10,0.2174,0.1543,0.35,0.0217,-0.0771,-0.07,0.0065,0.0,-0.1406,-0.5956,-0.5996,0.9369,46
14,24,1530.0,Low*Medium*NoStarvation,30,Medium*Medium*NoStarvation,15.43,25.71,7,7,15,0.2273,0.2571,0.35,0.0227,-0.1286,-0.07,0.0068,0.0,-0.1918,-0.6253,-0.6308,0.9369,66
14,25,1576.0,Medium*Medium*NoStarvation,20,Low*Medium*NoStarvation,25.71,16.14,7,7,10,0.2174,0.1614,0.35,0.0217,-0.0807,-0.07,0.0065,0.0,-0.1442,-0.5425,-0.5521,0.9369,46
14,26,1672.0,Low*Medium*NoStarvation,45,Medium*Medium*NoStarvation,16.14,41.86,7,7,22,0.2292,0.4186,0.35,0.0229,-0.2093,-0.07,0.0069,0.0,-0.2724,-0.6796,-0.6886,0.9369,96
14,27,1768.0,Medium*Medium*NoStarvation,45,Medium*Medium*NoStarvation,41.86,41.14,7,7,22,0.2292,0.4114,0.35,0.0229,-0.2057,-0.07,0.0069,0.0,-0.2688,-0.6705,-0.68,0.9369,96
14,28,1794.0,Medium*Medium*NoStarvation,10,Low*Medium*NoStarvation,41.14,7.43,7,7,4,0.1538,0.0743,0.35,0.0154,-0.0371,-0.07,0.0046,0.0,-0.1025,-0.5519,-0.5564,0.9369,26
14,29,1860.0,Low*Medium*NoStarvation,30,Medium*Medium*NoStarvation,7.43,26.57,7,7,15,0.2273,0.2657,0.35,0.0227,-0.1329,-0.07,0.0068,0.0,-0.196,-0.6308,-0.637,0.9369,66
14,30,1906.0,Medium*Medium*NoStarvation,20,Low*Medium*NoStarvation,26.57,15.71,7,7,10,0.2174,0.1571,0.35,0.0217,-0.0786,-0.07,0.0065,0.0,-0.142,-0.5521,-0.5606,0.9369,46
14,31,1952.0,Low*Medium*NoStarvation,20,Low*Medium*NoStarvation,15.71,16.43,7,7,10,0.2174,0.1643,0.35,0.0217,-0.0821,-0.07,0.0065,0.0,-0.1456,-0.5996,-0.6037,0.9369,46
14,32,1998.0,Low*Medium*NoStarvation,20,Low*Medium*NoStarvation,16.43,15.86,7,7,10,0.2174,0.1586,0.35,0.0217,-0.0793,-0.07,0.0065,0.0,-0.1428,-0.6037,-0.6071,0.9369,46
14,33,2064.0,Low*Medium*NoStarvation,30,Medium*Medium*NoStarvation,15.86,26.0,7,7,15,0.2273,0.26,0.35,0.0227,-0.13,-0.07,0.0068,0.0,-0.1932,-0.637,-0.6427,0.9369,66
14,34,2090.0,Medium*Medium*NoStarvation,10,Low*Medium*NoStarvation,26.0,6.71,7,7,5,0.1923,0.0671,0.35,0.0192,-0.0336,-0.07,0.0058,0.0,-0.0978,-0.5564,-0.5601,0.9369,26
14,35,2136.0,Low*Medium*NoStarvation,20,Low*Medium*NoStarvation,6.71,17.29,7,7,10,0.2174,0.1729,0.35,0.0217,-0.0864,-0.07,0.0065,0.0,-0.1499,-0.6071,-0.6109,0.9369,46
14,36,2202.0,Low*Medium*NoStarvation,30,Medium*Medium*NoStarvation,17.29,25.29,7,7,15,0.2273,0.2529,0.35,0.0227,-0.1264,-0.07,0.0068,0.0,-0.1896,-0.6427,-0.6478,0.9369,66
14,37,2228.0,Medium*Medium*NoStarvation,10,Low*Medium*NoStarvation,25.29,6.0,7,6,5,0.1923,0.06,0.3,0.0192,-0.03,-0.06,0.0058,0.0,-0.0842,-0.5601,-0.562,0.9369,26
14,38,2254.0,Low*Medium*NoStarvation,10,Low*Medium*NoStarvation,6.0,6.71,6,7,5,0.1923,0.0671,0.35,0.0192,-0.0336,-0.07,0.0058,0.0,-0.0978,-0.5499,-0.5542,0.9369,26
14,39,2280.0,Low*Medium*NoStarvation,10,Low*Medium*NoStarvation,6.71,5.86,7,6,5,0.1923,0.0586,0.3,0.0192,-0.0293,-0.06,0.0058,0.0,-0.0835,-0.5542,-0.557,0.9369,26
14,40,2306.0,Low*Medium*NoStarvation,10,Low*Medium*NoStarvation,5.86,7.14,6,7,5,0.1923,0.0714,0.35,0.0192,-0.0357,-0.07,0.0058,0.0,-0.0999,-0.557,-0.5615,0.9369,26
14,41,2332.0,Low*Medium*NoStarvation,10,Low*Medium*NoStarvation,7.14,6.43,7,7,5,0.1923,0.0643,0.35,0.0192,-0.0321,-0.07,0.0058,0.0,-0.0964,-0.5615,-0.5655,0.9369,26
14,42,2428.0,Low*Medium*NoStarvation,45,Medium*Medium*NoStarvation,6.43,41.14,7,7,22,0.2292,0.4114,0.35,0.0229,-0.2057,-0.07,0.0069,0.0,-0.2688,-0.6886,-0.6971,0.9369,96
14,43,2474.0,Medium*Medium*NoStarvation,20,Low*Medium*NoStarvation,41.14,15.57,7,7,10,0.2174,0.1557,0.35,0.0217,-0.0779,-0.07,0.0065,0.0,-0.1413,-0.5606,-0.5696,0.9369,46
14,44,2540.0,Low*Medium*NoStarvation,30,Medium*Medium*NoStarvation,15.57,26.0,7,7,15,0.2273,0.26,0.35,0.0227,-0.13,-0.07,0.0068,0.0,-0.1932,-0.6478,-0.6529,0.9369,66
14,45,2566.0,Medium*Medium*NoStarvation,10,Low*Medium*NoStarvation,26.0,6.43,7,7,5,0.1923,0.0643,0.35,0.0192,-0.0321,-0.07,0.0058,0.0,-0.0964,-0.562,-0.5663,0.9369,26
14,46,2662.0,Low*Medium*NoStarvation,45,Medium*Low*NoStarvation,6.43,47.0,7,3,22,0.2292,0.47,0.15,0.0229,-0.235,-0.03,0.0069,0.0,-0.2581,-0.6971,-0.6532,0.9369,96
14,47,2675.0,Medium*Low*NoStarvation,30,Low*Low*NoStarvation,47.0,0.0,3,0,3,0.0455,0.0,0.0,0.0045,-0.0,-0.0,0.0014,0.0,0.0014,0.0,-0.0093,0.9369,66
15,0,96.0,Low*Low*NoStarvation,20,Low*Medium*NoStarvation,0.83,16.14,2,7,21,0.4565,0.1614,0.35,0.0457,-0.0807,-0.07,0.0137,0.0,-0.137,-0.1047,-0.1589,0.9322,46
15,1,192.0,Low*Medium*NoStarvation,45,Medium*Medium*NoStarvation,16.14,39.71,7,7,46,0.4792,0.3971,0.35,0.0479,-0.1986,-0.07,0.0144,0.0,-0.2542,-0.6532,-0.6642,0.9322,96
15,2,218.0,Medium*Medium*NoStarvation,10,Low*Medium*NoStarvation,39.71,8.71,7,7,9,0.3462,0.0871,0.35,0.0346,-0.0436,-0.07,0.0104,0.0,-0.1032,-0.5663,-0.5709,0.9322,26
15,3,284.0,Low*Medium*NoStarvation,30,Medium*Medium*NoStarvation,8.71,26.14,7,7,30,0.4545,0.2614,0.35,0.0455,-0.1307,-0.07,0.0136,0.0,-0.1871,-0.6529,-0.6576,0.9322,66
15,4,380.0,Medium*Medium*NoStarvation,45,Medium*Medium*NoStarvation,26.14,41.57,7,7,44,0.4583,0.4157,0.35,0.0458,-0.2079,-0.07,0.0137,0.0,-0.2641,-0.68,-0.6896,0.9322,96
15,5,406.0,Medium*Medium*NoStarvation,10,Low*Medium*NoStarvation,41.57,7.1,7,8,9,0.3462,0.071,0.4,0.0346,-0.0355,-0.08,0.0104,0.0,-0.1051,-0.5709,-0.5752,0.9322,26
15,6,432.0,Low*Medium*NoStarvation,10,Low*Medium*NoStarvation,7.1,7.29,8,7,8,0.3077,0.0729,0.35,0.0308,-0.0364,-0.07,0.0092,0.0,-0.0972,-0.5655,-0.5695,0.9322,26
15,7,458.0,Low*Medium*NoStarvation,10,Low*Medium*NoStarvation,7.29,6.57,7,7,10,0.3846,0.0657,0.35,0.0385,-0.0329,-0.07,0.0115,0.0,-0.0913,-0.5695,-0.573,0.9322,26
15,8,504.0,Low*Medium*NoStarvation,20,Low*Medium*NoStarvation,6.57,16.29,7,7,20,0.4348,0.1629,0.35,0.0435,-0.0814,-0.07,0.013,0.0,-0.1384,-0.6109,-0.6152,0.9322,46
15,9,530.0,Low*Medium*NoStarvation,10,Low*Medium*NoStarvation,16.29,7.39,7,8,9,0.3462,0.0739,0.4,0.0346,-0.037,-0.08,0.0104,0.0,-0.1066,-0.573,-0.5779,0.9322,26
15,10,556.0,Low*Medium*NoStarvation,10,Low*Medium*NoStarvation,7.39,7.29,8,7,10,0.3846,0.0729,0.35,0.0385,-0.0364,-0.07,0.0115,0.0,-0.0949,-0.5779,-0.5816,0.9322,26
15,11,602.0,Low*Medium*NoStarvation,20,Low*Medium*NoStarvation,7.29,16.14,7,7,20,0.4348,0.1614,0.35,0.0435,-0.0807,-0.07,0.013,0.0,-0.1377,-0.6152,-0.6198,0.9322,46
15,12,648.0,Low*Medium*NoStarvation,20,Low*Medium*NoStarvation,16.14,16.86,7,7,19,0.413,0.1686,0.35,0.0413,-0.0843,-0.07,0.0124,0.0,-0.1419,-0.6198,-0.6244,0.9322,46
15,13,674.0,Low*Medium*NoStarvation,10,Low*Medium*NoStarvation,16.86,7.57,7,7,11,0.4231,0.0757,0.35,0.0423,-0.0379,-0.07,0.0127,0.0,-0.0952,-0.5816,-0.5853,0.9322,26
15,14,770.0,Low*Medium*NoStarvation,45,Medium*Medium*NoStarvation,7.57,39.71,7,7,45,0.4688,0.3971,0.35,0.0469,-0.1986,-0.07,0.0141,0.0,-0.2545,-0.6642,-0.6745,0.9322,96
15,15,816.0,Medium*Medium*NoStarvation,20,Low*Medium*NoStarvation,39.71,16.14,7,7,19,0.413,0.1614,0.35,0.0413,-0.0807,-0.07,0.0124,0.0,-0.1383,-0.5696,-0.5791,0.9322,46
15,16,842.0,Low*Medium*NoStarvation,10,Low*Medium*NoStarvation,16.14,6.43,7,7,9,0.3462,0.0643,0.35,0.0346,-0.0321,-0.07,0.0104,0.0,-0.0918,-0.5853,-0.5886,0.9322,26
15,17,888.0,Low*Medium*NoStarvation,20,Low*Medium*NoStarvation,6.43,17.43,7,7,20,0.4348,0.1743,0.35,0.0435,-0.0871,-0.07,0.013,0.0,-0.1441,-0.6244,-0.6293,0.9322,46
15,18,934.0,Low*Medium*NoStarvation,20,Low*Medium*NoStarvation,17.43,18.57,7,7,19,0.413,0.1857,0.35,0.0413,-0.0929,-0.07,0.0124,0.0,-0.1505,-0.6293,-0.6344,0.9322,46
15,19,960.0,Low*Medium*NoStarvation,10,Low*Medium*NoStarvation,18.57,7.29,7,7,9,0.3462,0.0729,0.35,0.0346,-0.0364,-0.07,0.0104,0.0,-0.096,-0.5886,-0.5924,0.9322,26
15,20,986.0,Low*Medium*NoStarvation,10,Low*Medium*NoStarvation,7.29,7.14,7,7,9,0.3462,0.0714,0.35,0.0346,-0.0357,-0.07,0.0104,0.0,-0.0953,-0.5924,-0.596,0.9322,26
15,21,1032.0,Low*Medium*NoStarvation,20,Low*Medium*NoStarvation,7.14,16.29,7,7,16,0.3478,0.1629,0.35,0.0348,-0.0814,-0.07,0.0104,0.0,-0.141,-0.6344,-0.6387,0.9322,46
15,22,1128.0,Low*Medium*NoStarvation,45,Medium*Medium*NoStarvation,16.29,41.14,7,7,23,0.2396,0.4114,0.35,0.024,-0.2057,-0.07,0.0072,0.0,-0.2685,-0.6745,-0.6857,0.9322,96
15,23,1174.0,Medium*Medium*NoStarvation,20,Low*Medium*NoStarvation,41.14,16.0,7,7,10,0.2174,0.16,0.35,0.0217,-0.08,-0.07,0.0065,0.0,-0.1435,-0.5791,-0.5892,0.9322,46
15,24,1240.0,Low*Medium*NoStarvation,30,Medium*Medium*NoStarvation,16.0,26.57,7,7,15,0.2273,0.2657,0.35,0.0227,-0.1329,-0.07,0.0068,0.0,-0.196,-0.6576,-0.6632,0.9322,66
15,25,1286.0,Medium*Medium*NoStarvation,20,Low*Medium*NoStarvation,26.57,15.86,7,7,10,0.2174,0.1586,0.35,0.0217,-0.0793,-0.07,0.0065,0.0,-0.1428,-0.5892,-0.5982,0.9322,46
15,26,1352.0,Low*Medium*NoStarvation,30,Medium*Medium*NoStarvation,15.86,25.57,7,7,15,0.2273,0.2557,0.35,0.0227,-0.1279,-0.07,0.0068,0.0,-0.191,-0.6632,-0.6678,0.9322,66
15,27,1378.0,Medium*Medium*NoStarvation,10,Low*Medium*NoStarvation,25.57,6.0,7,6,5,0.1923,0.06,0.3,0.0192,-0.03,-0.06,0.0058,0.0,-0.0842,-0.5752,-0.5797,0.9322,26
15,28,1424.0,Low*Medium*NoStarvation,20,Low*Medium*NoStarvation,6.0,15.71,6,7,10,0.2174,0.1571,0.35,0.0217,-0.0786,-0.07,0.0065,0.0,-0.142,-0.6387,-0.6427,0.9322,46
15,29,1450.0,Low*Medium*NoStarvation,10,Low*Medium*NoStarvation,15.71,6.0,7,7,5,0.1923,0.06,0.35,0.0192,-0.03,-0.07,0.0058,0.0,-0.0942,-0.596,-0.5994,0.9322,26
15,30,1476.0,Low*Medium*NoStarvation,10,Low*Medium*NoStarvation,6.0,6.71,7,7,5,0.1923,0.0671,0.35,0.0192,-0.0336,-0.07,0.0058,0.0,-0.0978,-0.5994,-0.6032,0.9322,26
15,31,1522.0,Low*Medium*NoStarvation,20,Low*Medium*NoStarvation,6.71,16.14,7,7,10,0.2174,0.1614,0.35,0.0217,-0.0807,-0.07,0.0065,0.0,-0.1442,-0.6427,-0.6471,0.9322,46
15,32,1548.0,Low*Medium*NoStarvation,10,Low*Medium*NoStarvation,16.14,7.0,7,7,5,0.1923,0.07,0.35,0.0192,-0.035,-0.07,0.0058,0.0,-0.0992,-0.6032,-0.6071,0.9322,26
15,33,1614.0,Low*Medium*NoStarvation,30,Medium*Medium*NoStarvation,7.0,24.86,7,7,16,0.2424,0.2486,0.35,0.0242,-0.1243,-0.07,0.0073,0.0,-0.187,-0.6678,-0.6719,0.9322,66
15,34,1680.0,Medium*Medium*NoStarvation,30,Medium*Medium*NoStarvation,24.86,25.43,7,7,15,0.2273,0.2543,0.35,0.0227,-0.1271,-0.07,0.0068,0.0,-0.1903,-0.6059,-0.6165,0.9322,66
15,35,1776.0,Medium*Medium*NoStarvation,45,Medium*Medium*NoStarvation,25.43,41.14,7,7,23,0.2396,0.4114,0.35,0.024,-0.2057,-0.07,0.0072,0.0,-0.2685,-0.6896,-0.6997,0.9322,96
15,36,1802.0,Medium*Medium*NoStarvation,10,Low*Medium*NoStarvation,41.14,6.29,7,6,5,0.1923,0.0629,0.3,0.0192,-0.0314,-0.06,0.0058,0.0,-0.0857,-0.5797,-0.585,0.9322,26
15,37,1848.0,Low*Medium*NoStarvation,20,Low*Medium*NoStarvation,6.29,16.0,6,7,10,0.2174,0.16,0.35,0.0217,-0.08,-0.07,0.0065,0.0,-0.1435,-0.6471,-0.6514,0.9322,46
15,38,1914.0,Low*Medium*NoStarvation,30,Medium*Medium*NoStarvation,16.0,25.57,7,7,15,0.2273,0.2557,0.35,0.0227,-0.1279,-0.07,0.0068,0.0,-0.191,-0.6719,-0.6764,0.9322,66
15,39,1940.0,Medium*Medium*NoStarvation,10,Low*Medium*NoStarvation,25.57,6.43,7,7,5,0.1923,0.0643,0.35,0.0192,-0.0321,-0.07,0.0058,0.0,-0.0964,-0.585,-0.5908,0.9322,26
15,40,1986.0,Low*Medium*NoStarvation,20,Low*Medium*NoStarvation,6.43,15.57,7,7,10,0.2174,0.1557,0.35,0.0217,-0.0779,-0.07,0.0065,0.0,-0.1413,-0.6514,-0.655,0.9322,46
15,41,2052.0,Low*Medium*NoStarvation,30,Medium*Medium*NoStarvation,15.57,27.14,7,7,15,0.2273,0.2714,0.35,0.0227,-0.1357,-0.07,0.0068,0.0,-0.1989,-0.6764,-0.6818,0.9322,66
15,42,2078.0,Medium*Medium*NoStarvation,10,Low*Medium*NoStarvation,27.14,6.57,7,7,5,0.1923,0.0657,0.35,0.0192,-0.0329,-0.07,0.0058,0.0,-0.0971,-0.5908,-0.596,0.9322,26
15,43,2104.0,Low*Medium*NoStarvation,10,Low*Medium*NoStarvation,6.57,6.14,7,6,5,0.1923,0.0614,0.3,0.0192,-0.0307,-0.06,0.0058,0.0,-0.0849,-0.6071,-0.6095,0.9322,26
15,44,2130.0,Low*Medium*NoStarvation,10,Low*Medium*NoStarvation,6.14,5.57,6,6,5,0.1923,0.0557,0.3,0.0192,-0.0279,-0.06,0.0058,0.0,-0.0821,-0.6095,-0.6116,0.9322,26
15,45,2196.0,Low*Medium*NoStarvation,30,Medium*Medium*NoStarvation,5.57,25.71,6,7,15,0.2273,0.2571,0.35,0.0227,-0.1286,-0.07,0.0068,0.0,-0.1918,-0.6818,-0.6865,0.9322,66
15,46,2262.0,Medium*Medium*NoStarvation,30,Medium*Medium*NoStarvation,25.71,26.14,7,7,15,0.2273,0.2614,0.35,0.0227,-0.1307,-0.07,0.0068,0.0,-0.1939,-0.6165,-0.6279,0.9322,66
15,47,2358.0,Medium*Medium*NoStarvation,45,Medium*Medium*NoStarvation,26.14,39.14,7,7,23,0.2396,0.3914,0.35,0.024,-0.1957,-0.07,0.0072,0.0,-0.2585,-0.6997,-0.7092,0.9322,96
15,48,2404.0,Medium*Medium*NoStarvation,20,Low*Medium*NoStarvation,39.14,16.29,7,7,10,0.2174,0.1629,0.35,0.0217,-0.0814,-0.07,0.0065,0.0,-0.1449,-0.5982,-0.6079,0.9322,46
15,49,2470.0,Low*Medium*NoStarvation,30,Medium*Medium*NoStarvation,16.29,26.14,7,7,15,0.2273,0.2614,0.35,0.0227,-0.1307,-0.07,0.0068,0.0,-0.1939,-0.6865,-0.6909,0.9322,66
15,50,2536.0,Medium*Medium*NoStarvation,30,Medium*Medium*NoStarvation,26.14,26.71,7,7,15,0.2273,0.2671,0.35,0.0227,-0.1336,-0.07,0.0068,0.0,-0.1968,-0.6279,-0.6384,0.9322,66
15,51,2582.0,Medium*Medium*NoStarvation,20,Low*Medium*NoStarvation,26.71,16.57,7,7,10,0.2174,0.1657,0.35,0.0217,-0.0829,-0.07,0.0065,0.0,-0.1463,-0.6079,-0.6168,0.9322,46
15,52,2628.0,Low*Medium*NoStarvation,20,Low*Medium*NoStarvation,16.57,17.29,7,7,10,0.2174,0.1729,0.35,0.0217,-0.0864,-0.07,0.0065,0.0,-0.1499,-0.655,-0.6596,0.9322,46
15,53,2662.0,Low*Medium*NoStarvation,30,Low*Low*NoStarvation,17.29,0.0,7,0,14,0.2121,0.0,0.0,0.0212,-0.0,-0.0,0.0064,0.0,0.0064,-0.6909,-0.6308,0.9322,66
16,0,116.0,Low*Low*NoStarvation,30,Medium*Medium*NoStarvation,0.83,26.71,2,7,31,0.4697,0.2671,0.35,0.047,-0.1336,-0.07,0.0141,0.0,-0.1895,-0.1974,-0.2502,0.9276,66
16,1,182.0,Medium*Medium*NoStarvation,30,Medium*Medium*NoStarvation,26.71,26.43,7,7,30,0.4545,0.2643,0.35,0.0455,-0.1321,-0.07,0.0136,0.0,-0.1885,-0.6384,-0.6471,0.9276,66
16,2,248.0,Medium*Medium*NoStarvation,30,Medium*Medium*NoStarvation,26.43,25.29,7,7,30,0.4545,0.2529,0.35,0.0455,-0.1264,-0.07,0.0136,0.0,-0.1828,-0.6471,-0.6543,0.9276,66
16,3,274.0,Medium*Medium*NoStarvation,10,Low*Medium*NoStarvation,25.29,9.14,7,7,8,0.3077,0.0914,0.35,0.0308,-0.0457,-0.07,0.0092,0.0,-0.1065,-0.596,-0.6021,0.9276,26
16,4,300.0,Low*Medium*NoStarvation,10,Low*Medium*NoStarvation,9.14,6.57,7,7,10,0.3846,0.0657,0.35,0.0385,-0.0329,-0.07,0.0115,0.0,-0.0913,-0.6116,-0.6147,0.9276,26
16,5,396.0,Low*Medium*NoStarvation,45,Medium*Medium*NoStarvation,6.57,41.14,7,7,45,0.4688,0.4114,0.35,0.0469,-0.2057,-0.07,0.0141,0.0,-0.2617,-0.6857,-0.6975,0.9276,96
16,6,422.0,Medium*Medium*NoStarvation,10,Low*Medium*NoStarvation,41.14,6.57,7,7,10,0.3846,0.0657,0.35,0.0385,-0.0329,-0.07,0.0115,0.0,-0.0913,-0.6021,-0.6064,0.9276,26
16,7,468.0,Low*Medium*NoStarvation,20,Low*Medium*NoStarvation,6.57,17.29,7,7,20,0.4348,0.1729,0.35,0.0435,-0.0864,-0.07,0.013,0.0,-0.1434,-0.6596,-0.6633,0.9276,46
16,8,494.0,Low*Medium*NoStarvation,10,Low*Medium*NoStarvation,17.29,7.86,7,7,8,0.3077,0.0786,0.35,0.0308,-0.0393,-0.07,0.0092,0.0,-0.1001,-0.6147,-0.6185,0.9276,26
16,9,520.0,Low*Medium*NoStarvation,10,Low*Medium*NoStarvation,7.86,6.0,7,7,10,0.3846,0.06,0.35,0.0385,-0.03,-0.07,0.0115,0.0,-0.0885,-0.6185,-0.6212,0.9276,26
16,10,586.0,Low*Medium*NoStarvation,30,Medium*Medium*NoStarvation,6.0,25.57,7,7,30,0.4545,0.2557,0.35,0.0455,-0.1279,-0.07,0.0136,0.0,-0.1842,-0.6308,-0.6407,0.9276,66
16,11,682.0,Medium*Medium*NoStarvation,45,Medium*Medium*NoStarvation,25.57,41.86,7,7,42,0.4375,0.4186,0.35,0.0437,-0.2093,-0.07,0.0131,0.0,-0.2662,-0.7092,-0.7195,0.9276,96
16,12,708.0,Medium*Medium*NoStarvation,10,Low*Medium*NoStarvation,41.86,8.29,7,7,9,0.3462,0.0829,0.35,0.0346,-0.0414,-0.07,0.0104,0.0,-0.101,-0.6064,-0.6117,0.9276,26
16,13,734.0,Low*Medium*NoStarvation,10,Low*Medium*NoStarvation,8.29,7.86,7,8,10,0.3846,0.0786,0.4,0.0385,-0.0393,-0.08,0.0115,0.0,-0.1077,-0.6212,-0.6257,0.9276,26
16,14,830.0,Low*Medium*NoStarvation,45,Medium*Medium*NoStarvation,7.86,41.0,8,7,43,0.4479,0.41,0.35,0.0448,-0.205,-0.07,0.0134,0.0,-0.2616,-0.6975,-0.709,0.9276,96
16,15,876.0,Medium*Medium*NoStarvation,20,Low*Medium*NoStarvation,41.0,16.14,7,7,19,0.413,0.1614,0.35,0.0413,-0.0807,-0.07,0.0124,0.0,-0.1383,-0.6168,-0.6253,0.9276,46
16,16,942.0,Low*Medium*NoStarvation,30,Medium*Medium*NoStarvation,16.14,28.14,7,7,27,0.4091,0.2814,0.35,0.0409,-0.1407,-0.07,0.0123,0.0,-0.1984,-0.6407,-0.6516,0.9276,66
16,17,988.0,Medium*Medium*NoStarvation,20,Low*Medium*NoStarvation,28.14,15.86,7,7,19,0.413,0.1586,0.35,0.0413,-0.0793,-0.07,0.0124,0.0,-0.1369,-0.6253,-0.6328,0.9276,46
16,18,1084.0,Low*Medium*NoStarvation,45,Medium*Medium*NoStarvation,15.86,43.14,7,7,26,0.2708,0.4314,0.35,0.0271,-0.2157,-0.07,0.0081,0.0,-0.2776,-0.709,-0.7209,0.9276,96
16,19,1110.0,Medium*Medium*NoStarvation,10,Low*Medium*NoStarvation,43.14,5.43,7,6,5,0.1923,0.0543,0.3,0.0192,-0.0271,-0.06,0.0058,0.0,-0.0814,-0.6117,-0.615,0.9276,26
16,20,1176.0,Low*Medium*NoStarvation,30,Medium*Medium*NoStarvation,5.43,26.71,6,7,15,0.2273,0.2671,0.35,0.0227,-0.1336,-0.07,0.0068,0.0,-0.1968,-0.6516,-0.6614,0.9276,66
16,21,1272.0,Medium*Medium*NoStarvation,45,Medium*Medium*NoStarvation,26.71,42.14,7,7,23,0.2396,0.4214,0.35,0.024,-0.2107,-0.07,0.0072,0.0,-0.2735,-0.7195,-0.7303,0.9276,96
16,22,1368.0,Medium*Medium*NoStarvation,45,Medium*Medium*NoStarvation,42.14,39.71,7,7,23,0.2396,0.3971,0.35,0.024,-0.1986,-0.07,0.0072,0.0,-0.2614,-0.7303,-0.7387,0.9276,96
16,23,1414.0,Medium*Medium*NoStarvation,20,Low*Medium*NoStarvation,39.71,15.29,7,7,10,0.2174,0.1529,0.35,0.0217,-0.0764,-0.07,0.0065,0.0,-0.1399,-0.6328,-0.6398,0.9276,46
16,24,1440.0,Low*Medium*NoStarvation,10,Low*Medium*NoStarvation,15.29,9.14,7,7,4,0.1538,0.0914,0.35,0.0154,-0.0457,-0.07,0.0046,0.0,-0.1111,-0.6257,-0.6306,0.9276,26
16,25,1536.0,Low*Medium*NoStarvation,45,Medium*Medium*NoStarvation,9.14,41.14,7,7,22,0.2292,0.4114,0.35,0.0229,-0.2057,-0.07,0.0069,0.0,-0.2688,-0.7209,-0.731,0.9276,96
16,26,1602.0,Medium*Medium*NoStarvation,30,Medium*Medium*NoStarvation,41.14,25.14,7,7,16,0.2424,0.2514,0.35,0.0242,-0.1257,-0.07,0.0073,0.0,-0.1884,-0.6543,-0.663,0.9276,66
16,27,1668.0,Medium*Medium*NoStarvation,30,Medium*Medium*NoStarvation,25.14,25.43,7,7,15,0.2273,0.2543,0.35,0.0227,-0.1271,-0.07,0.0068,0.0,-0.1903,-0.663,-0.6711,0.9276,66
16,28,1764.0,Medium*Medium*NoStarvation,45,Medium*Medium*NoStarvation,25.43,41.0,7,7,23,0.2396,0.41,0.35,0.024,-0.205,-0.07,0.0072,0.0,-0.2678,-0.7387,-0.747,0.9276,96
16,29,1810.0,Medium*Medium*NoStarvation,20,Low*Medium*NoStarvation,41.0,15.43,7,7,10,0.2174,0.1543,0.35,0.0217,-0.0771,-0.07,0.0065,0.0,-0.1406,-0.6398,-0.6466,0.9276,46
16,30,1906.0,Low*Medium*NoStarvation,45,Medium*Medium*NoStarvation,15.43,40.14,7,7,23,0.2396,0.4014,0.35,0.024,-0.2007,-0.07,0.0072,0.0,-0.2635,-0.731,-0.7396,0.9276,96
16,31,1972.0,Medium*Medium*NoStarvation,30,Medium*Medium*NoStarvation,40.14,25.43,7,7,15,0.2273,0.2543,0.35,0.0227,-0.1271,-0.07,0.0068,0.0,-0.1903,-0.6711,-0.6784,0.9276,66
16,32,2068.0,Medium*Medium*NoStarvation,45,Medium*Medium*NoStarvation,25.43,41.14,7,7,23,0.2396,0.4114,0.35,0.024,-0.2057,-0.07,0.0072,0.0,-0.2685,-0.747,-0.7545,0.9276,96
16,33,2114.0,Medium*Medium*NoStarvation,20,Low*Medium*NoStarvation,41.14,17.14,7,7,10,0.2174,0.1714,0.35,0.0217,-0.0857,-0.07,0.0065,0.0,-0.1492,-0.6466,-0.6536,0.9276,46
16,34,2160.0,Low*Medium*NoStarvation,20,Low*Medium*NoStarvation,17.14,16.0,7,7,10,0.2174,0.16,0.35,0.0217,-0.08,-0.07,0.0065,0.0,-0.1435,-0.6633,-0.668,0.9276,46
16,35,2186.0,Low*Medium*NoStarvation,10,Low*Medium*NoStarvation,16.0,8.43,7,7,4,0.1538,0.0843,0.35,0.0154,-0.0421,-0.07,0.0046,0.0,-0.1075,-0.6306,-0.635,0.9276,26
16,36,2252.0,Low*Medium*NoStarvation,30,Medium*Medium*NoStarvation,8.43,27.0,7,7,15,0.2273,0.27,0.35,0.0227,-0.135,-0.07,0.0068,0.0,-0.1982,-0.6614,-0.6705,0.9276,66
16,37,2298.0,Medium*Medium*NoStarvation,20,Low*Medium*NoStarvation,27.0,17.29,7,7,10,0.2174,0.1729,0.35,0.0217,-0.0864,-0.07,0.0065,0.0,-0.1499,-0.6536,-0.6604,0.9276,46
16,38,2344.0,Low*Medium*NoStarvation,20,Low*Medium*NoStarvation,17.29,14.57,7,7,10,0.2174,0.1457,0.35,0.0217,-0.0729,-0.07,0.0065,0.0,-0.1363,-0.668,-0.672,0.9276,46
16,39,2370.0,Low*Medium*NoStarvation,10,Low*Medium*NoStarvation,14.57,8.86,7,7,4,0.1538,0.0886,0.35,0.0154,-0.0443,-0.07,0.0046,0.0,-0.1097,-0.635,-0.6397,0.9276,26
16,40,2416.0,Low*Medium*NoStarvation,20,Low*Medium*NoStarvation,8.86,15.71,7,7,10,0.2174,0.1571,0.35,0.0217,-0.0786,-0.07,0.0065,0.0,-0.142,-0.672,-0.6766,0.9276,46
16,41,2442.0,Low*Medium*NoStarvation,10,Low*Medium*NoStarvation,15.71,6.0,7,6,5,0.1923,0.06,0.3,0.0192,-0.03,-0.06,0.0058,0.0,-0.0842,-0.6397,-0.6417,0.9276,26
16,42,2468.0,Low*Medium*NoStarvation,10,Low*Medium*NoStarvation,6.0,9.43,6,7,4,0.1538,0.0943,0.35,0.0154,-0.0471,-0.07,0.0046,0.0,-0.1125,-0.6417,-0.6465,0.9276,26
16,43,2514.0,Low*Medium*NoStarvation,20,Low*Medium*NoStarvation,9.43,17.14,7,7,9,0.1957,0.1714,0.35,0.0196,-0.0857,-0.07,0.0059,0.0,-0.1498,-0.6766,-0.6821,0.9276,46
16,44,2540.0,Low*Medium*NoStarvation,10,Low*Medium*NoStarvation,17.14,6.0,7,7,5,0.1923,0.06,0.35,0.0192,-0.03,-0.07,0.0058,0.0,-0.0942,-0.6465,-0.6495,0.9276,26
16,45,2606.0,Low*Medium*NoStarvation,30,Medium*Medium*NoStarvation,6.0,27.14,7,7,15,0.2273,0.2714,0.35,0.0227,-0.1357,-0.07,0.0068,0.0,-0.1989,-0.6705,-0.6787,0.9276,66
16,46,2672.0,Medium*Medium*NoStarvation,30,Medium*Low*NoStarvation,27.14,31.0,7,1,15,0.2273,0.31,0.05,0.0227,-0.155,-0.01,0.0068,0.0,-0.1582,-0.6784,-0.6264,0.9276,66
16,47,2681.0,Medium*Low*NoStarvation,30,Low*Low*NoStarvation,31.0,0.0,1,0,1,0.0152,0.0,0.0,0.0015,-0.0,-0.0,0.0005,0.0,0.0005,-0.0093,-0.018,0.9276,66
17,0,146.0,Low*Low*NoStarvation,45,Medium*Medium*NoStarvation,0.83,40.71,2,7,47,0.4896,0.4071,0.35,0.049,-0.2036,-0.07,0.0147,0.0,-0.2589,-0.1077,-0.1781,0.9229,96
17,1,242.0,Medium*Medium*NoStarvation,45,Medium*Medium*NoStarvation,40.71,40.14,7,7,45,0.4688,0.4014,0.35,0.0469,-0.2007,-0.07,0.0141,0.0,-0.2567,-0.7545,-0.7601,0.9229,96
17,2,308.0,Medium*Medium*NoStarvation,30,Medium*Medium*NoStarvation,40.14,26.29,7,7,30,0.4545,0.2629,0.35,0.0455,-0.1314,-0.07,0.0136,0.0,-0.1878,-0.6264,-0.6379,0.9229,66
17,3,374.0,Medium*Medium*NoStarvation,30,Medium*Medium*NoStarvation,26.29,26.57,7,7,28,0.4242,0.2657,0.35,0.0424,-0.1329,-0.07,0.0127,0.0,-0.1901,-0.6379,-0.6484,0.9229,66
17,4,470.0,Medium*Medium*NoStarvation,45,Medium*Medium*NoStarvation,26.57,40.57,7,7,42,0.4375,0.4057,0.35,0.0437,-0.2029,-0.07,0.0131,0.0,-0.2597,-0.7601,-0.7654,0.9229,96
17,5,566.0,Medium*Medium*NoStarvation,45,Medium*Medium*NoStarvation,40.57,42.29,7,7,41,0.4271,0.4229,0.35,0.0427,-0.2114,-0.07,0.0128,0.0,-0.2686,-0.7654,-0.7711,0.9229,96
17,6,592.0,Medium*Medium*NoStarvation,10,Low*Medium*NoStarvation,42.29,5.86,7,7,10,0.3846,0.0586,0.35,0.0385,-0.0293,-0.07,0.0115,0.0,-0.0877,-0.615,-0.6207,0.9229,26
17,7,638.0,Low*Medium*NoStarvation,20,Low*Medium*NoStarvation,5.86,16.0,7,7,20,0.4348,0.16,0.35,0.0435,-0.08,-0.07,0.013,0.0,-0.137,-0.6821,-0.686,0.9229,46
17,8,684.0,Low*Medium*NoStarvation,20,Low*Medium*NoStarvation,16.0,15.57,7,7,19,0.413,0.1557,0.35,0.0413,-0.0779,-0.07,0.0124,0.0,-0.1355,-0.686,-0.6894,0.9229,46
17,9,730.0,Low*Medium*NoStarvation,20,Low*Medium*NoStarvation,15.57,16.0,7,7,19,0.413,0.16,0.35,0.0413,-0.08,-0.07,0.0124,0.0,-0.1376,-0.6894,-0.6927,0.9229,46
17,10,776.0,Low*Medium*NoStarvation,20,Low*Medium*NoStarvation,16.0,17.14,7,7,19,0.413,0.1714,0.35,0.0413,-0.0857,-0.07,0.0124,0.0,-0.1433,-0.6927,-0.6962,0.9229,46
17,11,802.0,Low*Medium*NoStarvation,10,Low*Medium*NoStarvation,17.14,5.43,7,6,10,0.3846,0.0543,0.3,0.0385,-0.0271,-0.06,0.0115,0.0,-0.0756,-0.6495,-0.6505,0.9229,26
17,12,848.0,Low*Medium*NoStarvation,20,Low*Medium*NoStarvation,5.43,16.0,6,7,20,0.4348,0.16,0.35,0.0435,-0.08,-0.07,0.013,0.0,-0.137,-0.6962,-0.6988,0.9229,46
17,13,874.0,Low*Medium*NoStarvation,10,Low*Medium*NoStarvation,16.0,7.43,7,7,8,0.3077,0.0743,0.35,0.0308,-0.0371,-0.07,0.0092,0.0,-0.0979,-0.6505,-0.6538,0.9229,26
17,14,940.0,Low*Medium*NoStarvation,30,Medium*Medium*NoStarvation,7.43,26.57,7,7,29,0.4394,0.2657,0.35,0.0439,-0.1329,-0.07,0.0132,0.0,-0.1897,-0.6787,-0.6856,0.9229,66
17,15,966.0,Medium*Medium*NoStarvation,10,Low*Medium*NoStarvation,26.57,5.71,7,6,9,0.3462,0.0571,0.3,0.0346,-0.0286,-0.06,0.0104,0.0,-0.0782,-0.6207,-0.6253,0.9229,26
17,16,992.0,Low*Medium*NoStarvation,10,Low*Medium*NoStarvation,5.71,5.57,6,6,10,0.3846,0.0557,0.3,0.0385,-0.0279,-0.06,0.0115,0.0,-0.0763,-0.6538,-0.6549,0.9229,26
17,17,1038.0,Low*Medium*NoStarvation,20,Low*Medium*NoStarvation,5.57,16.14,6,7,14,0.3043,0.1614,0.35,0.0304,-0.0807,-0.07,0.0091,0.0,-0.1416,-0.6988,-0.7021,0.9229,46
17,18,1134.0,Low*Medium*NoStarvation,45,Medium*Medium*NoStarvation,16.14,39.14,7,7,23,0.2396,0.3914,0.35,0.024,-0.1957,-0.07,0.0072,0.0,-0.2585,-0.7396,-0.7478,0.9229,96
17,19,1200.0,Medium*Medium*NoStarvation,30,Medium*Medium*NoStarvation,39.14,25.29,7,7,15,0.2273,0.2529,0.35,0.0227,-0.1264,-0.07,0.0068,0.0,-0.1896,-0.6484,-0.6588,0.9229,66
17,20,1296.0,Medium*Medium*NoStarvation,45,Medium*Medium*NoStarvation,25.29,40.57,7,7,23,0.2396,0.4057,0.35,0.024,-0.2029,-0.07,0.0072,0.0,-0.2657,-0.7711,-0.7768,0.9229,96
17,21,1342.0,Medium*Medium*NoStarvation,20,Low*Medium*NoStarvation,40.57,15.43,7,7,10,0.2174,0.1543,0.35,0.0217,-0.0771,-0.07,0.0065,0.0,-0.1406,-0.6604,-0.6674,0.9229,46
17,22,1438.0,Low*Medium*NoStarvation,45,Medium*Medium*NoStarvation,15.43,42.43,7,7,22,0.2292,0.4243,0.35,0.0229,-0.2121,-0.07,0.0069,0.0,-0.2753,-0.7478,-0.7568,0.9229,96
17,23,1464.0,Medium*Medium*NoStarvation,10,Low*Medium*NoStarvation,42.43,7.86,7,7,4,0.1538,0.0786,0.35,0.0154,-0.0393,-0.07,0.0046,0.0,-0.1047,-0.6253,-0.6322,0.9229,26
17,24,1560.0,Low*Medium*NoStarvation,45,Medium*Medium*NoStarvation,7.86,40.71,7,7,22,0.2292,0.4071,0.35,0.0229,-0.2036,-0.07,0.0069,0.0,-0.2667,-0.7568,-0.7647,0.9229,96
17,25,1626.0,Medium*Medium*NoStarvation,30,Medium*Medium*NoStarvation,40.71,25.86,7,7,15,0.2273,0.2586,0.35,0.0227,-0.1293,-0.07,0.0068,0.0,-0.1925,-0.6588,-0.6691,0.9229,66
17,26,1652.0,Medium*Medium*NoStarvation,10,Low*Medium*NoStarvation,25.86,7.29,7,7,5,0.1923,0.0729,0.35,0.0192,-0.0364,-0.07,0.0058,0.0,-0.1007,-0.6322,-0.638,0.9229,26
17,27,1718.0,Low*Medium*NoStarvation,30,Medium*Medium*NoStarvation,7.29,25.43,7,7,15,0.2273,0.2543,0.35,0.0227,-0.1271,-0.07,0.0068,0.0,-0.1903,-0.6856,-0.6935,0.9229,66
17,28,1784.0,Medium*Medium*NoStarvation,30,Medium*Medium*NoStarvation,25.43,26.57,7,7,15,0.2273,0.2657,0.35,0.0227,-0.1329,-0.07,0.0068,0.0,-0.196,-0.6691,-0.6792,0.9229,66
17,29,1850.0,Medium*Medium*NoStarvation,30,Medium*Medium*NoStarvation,26.57,26.71,7,7,15,0.2273,0.2671,0.35,0.0227,-0.1336,-0.07,0.0068,0.0,-0.1968,-0.6792,-0.6884,0.9229,66
17,30,1876.0,Medium*Medium*NoStarvation,10,Low*Medium*NoStarvation,26.71,8.57,7,7,4,0.1538,0.0857,0.35,0.0154,-0.0429,-0.07,0.0046,0.0,-0.1082,-0.638,-0.644,0.9229,26
17,31,1902.0,Low*Medium*NoStarvation,10,Low*Medium*NoStarvation,8.57,5.71,7,7,5,0.1923,0.0571,0.35,0.0192,-0.0286,-0.07,0.0058,0.0,-0.0928,-0.6549,-0.6577,0.9229,26
17,32,1998.0,Low*Medium*NoStarvation,45,Medium*Medium*NoStarvation,5.71,40.57,7,7,23,0.2396,0.4057,0.35,0.024,-0.2029,-0.07,0.0072,0.0,-0.2657,-0.7647,-0.7728,0.9229,96
17,33,2024.0,Medium*Medium*NoStarvation,10,Low*Medium*NoStarvation,40.57,8.86,7,7,4,0.1538,0.0886,0.35,0.0154,-0.0443,-0.07,0.0046,0.0,-0.1097,-0.644,-0.6497,0.9229,26
17,34,2090.0,Low*Medium*NoStarvation,30,Medium*Medium*NoStarvation,8.86,25.71,7,7,15,0.2273,0.2571,0.35,0.0227,-0.1286,-0.07,0.0068,0.0,-0.1918,-0.6935,-0.7018,0.9229,66
17,35,2136.0,Medium*Medium*NoStarvation,20,Low*Medium*NoStarvation,25.71,16.43,7,7,10,0.2174,0.1643,0.35,0.0217,-0.0821,-0.07,0.0065,0.0,-0.1456,-0.6674,-0.6744,0.9229,46
17,36,2232.0,Low*Medium*NoStarvation,45,Medium*Medium*NoStarvation,16.43,41.86,7,7,22,0.2292,0.4186,0.35,0.0229,-0.2093,-0.07,0.0069,0.0,-0.2724,-0.7728,-0.7812,0.9229,96
17,37,2278.0,Medium*Medium*NoStarvation,20,Low*Medium*NoStarvation,41.86,16.14,7,7,10,0.2174,0.1614,0.35,0.0217,-0.0807,-0.07,0.0065,0.0,-0.1442,-0.6744,-0.6806,0.9229,46
17,38,2324.0,Low*Medium*NoStarvation,20,Low*Medium*NoStarvation,16.14,16.0,7,7,10,0.2174,0.16,0.35,0.0217,-0.08,-0.07,0.0065,0.0,-0.1435,-0.7021,-0.7054,0.9229,46
17,39,2420.0,Low*Medium*NoStarvation,45,Medium*Medium*NoStarvation,16.0,40.14,7,7,23,0.2396,0.4014,0.35,0.024,-0.2007,-0.07,0.0072,0.0,-0.2635,-0.7812,-0.7879,0.9229,96
17,40,2516.0,Medium*Medium*NoStarvation,45,Medium*Medium*NoStarvation,40.14,40.29,7,7,23,0.2396,0.4029,0.35,0.024,-0.2014,-0.07,0.0072,0.0,-0.2642,-0.7768,-0.784,0.9229,96
17,41,2612.0,Medium*Medium*NoStarvation,45,Medium*Medium*NoStarvation,40.29,42.0,7,5,23,0.2396,0.42,0.25,0.024,-0.21,-0.05,0.0072,0.0,-0.2528,-0.784,-0.7894,0.9229,96
17,42,2629.0,Medium*Medium*NoStarvation,45,Low*Low*NoStarvation,42.0,0.0,5,0,5,0.0521,0.0,0.0,0.0052,-0.0,-0.0,0.0016,0.0,0.0016,-0.7894,-0.7202,0.9229,96
18,0,146.0,Low*Low*NoStarvation,45,Medium*Medium*NoStarvation,0.83,40.71,2,7,47,0.4896,0.4071,0.35,0.049,-0.2036,-0.07,0.0147,0.0,-0.2589,-0.1781,-0.2447,0.9183,96
18,1,172.0,Medium*Medium*NoStarvation,10,Low*Medium*NoStarvation,40.71,8.43,7,7,9,0.3462,0.0843,0.35,0.0346,-0.0421,-0.07,0.0104,0.0,-0.1018,-0.6497,-0.6541,0.9183,26
18,2,198.0,Low*Medium*NoStarvation,10,Low*Medium*NoStarvation,8.43,5.71,7,7,9,0.3462,0.0571,0.35,0.0346,-0.0286,-0.07,0.0104,0.0,-0.0882,-0.6577,-0.6599,0.9183,26
18,3,264.0,Low*Medium*NoStarvation,30,Medium*Medium*NoStarvation,5.71,26.0,7,7,30,0.4545,0.26,0.35,0.0455,-0.13,-0.07,0.0136,0.0,-0.1864,-0.7018,-0.7091,0.9183,66
18,4,290.0,Medium*Medium*NoStarvation,10,Low*Medium*NoStarvation,26.0,9.14,7,7,9,0.3462,0.0914,0.35,0.0346,-0.0457,-0.07,0.0104,0.0,-0.1053,-0.6541,-0.6586,0.9183,26
18,5,356.0,Low*Medium*NoStarvation,30,Medium*Medium*NoStarvation,9.14,25.29,7,7,30,0.4545,0.2529,0.35,0.0455,-0.1264,-0.07,0.0136,0.0,-0.1828,-0.7091,-0.7158,0.9183,66
18,6,382.0,Medium*Medium*NoStarvation,10,Low*Medium*NoStarvation,25.29,5.71,7,7,10,0.3846,0.0571,0.35,0.0385,-0.0286,-0.07,0.0115,0.0,-0.087,-0.6586,-0.6609,0.9183,26
18,7,408.0,Low*Medium*NoStarvation,10,Low*Medium*NoStarvation,5.71,7.54,7,8,8,0.3077,0.0754,0.4,0.0308,-0.0377,-0.08,0.0092,0.0,-0.1084,-0.6599,-0.6641,0.9183,26
18,8,504.0,Low*Medium*NoStarvation,45,Medium*Medium*NoStarvation,7.54,41.29,8,7,45,0.4688,0.4129,0.35,0.0469,-0.2064,-0.07,0.0141,0.0,-0.2624,-0.7879,-0.7948,0.9183,96
18,9,550.0,Medium*Medium*NoStarvation,20,Low*Medium*NoStarvation,41.29,16.0,7,7,20,0.4348,0.16,0.35,0.0435,-0.08,-0.07,0.013,0.0,-0.137,-0.6806,-0.686,0.9183,46
18,10,616.0,Low*Medium*NoStarvation,30,Medium*Medium*NoStarvation,16.0,26.43,7,7,28,0.4242,0.2643,0.35,0.0424,-0.1321,-0.07,0.0127,0.0,-0.1894,-0.7158,-0.7226,0.9183,66
18,11,712.0,Medium*Medium*NoStarvation,45,Medium*Medium*NoStarvation,26.43,42.57,7,7,41,0.4271,0.4257,0.35,0.0427,-0.2129,-0.07,0.0128,0.0,-0.27,-0.7202,-0.7346,0.9183,96
18,12,758.0,Medium*Medium*NoStarvation,20,Low*Medium*NoStarvation,42.57,16.71,7,7,20,0.4348,0.1671,0.35,0.0435,-0.0836,-0.07,0.013,0.0,-0.1405,-0.686,-0.6912,0.9183,46
18,13,854.0,Low*Medium*NoStarvation,45,Medium*Medium*NoStarvation,16.71,42.57,7,7,40,0.4167,0.4257,0.35,0.0417,-0.2129,-0.07,0.0125,0.0,-0.2704,-0.7948,-0.8019,0.9183,96
18,14,950.0,Medium*Medium*NoStarvation,45,Medium*Medium*NoStarvation,42.57,43.57,7,7,41,0.4271,0.4357,0.35,0.0427,-0.2179,-0.07,0.0128,0.0,-0.275,-0.7346,-0.7482,0.9183,96
18,15,996.0,Medium*Medium*NoStarvation,20,Low*Medium*NoStarvation,43.57,16.29,7,7,18,0.3913,0.1629,0.35,0.0391,-0.0814,-0.07,0.0117,0.0,-0.1397,-0.6912,-0.6958,0.9183,46
18,16,1022.0,Low*Medium*NoStarvation,10,Low*Medium*NoStarvation,16.29,6.0,7,7,8,0.3077,0.06,0.35,0.0308,-0.03,-0.07,0.0092,0.0,-0.0908,-0.6641,-0.6666,0.9183,26
18,17,1118.0,Low*Medium*NoStarvation,45,Medium*Medium*NoStarvation,6.0,41.57,7,7,22,0.2292,0.4157,0.35,0.0229,-0.2079,-0.07,0.0069,0.0,-0.271,-0.8019,-0.8083,0.9183,96
18,18,1164.0,Medium*Medium*NoStarvation,20,Low*Medium*NoStarvation,41.57,15.14,7,7,10,0.2174,0.1514,0.35,0.0217,-0.0757,-0.07,0.0065,0.0,-0.1392,-0.6958,-0.7002,0.9183,46
18,19,1190.0,Low*Medium*NoStarvation,10,Low*Medium*NoStarvation,15.14,5.29,7,6,5,0.1923,0.0529,0.3,0.0192,-0.0264,-0.06,0.0058,0.0,-0.0807,-0.6666,-0.668,0.9183,26
18,20,1236.0,Low*Medium*NoStarvation,20,Low*Medium*NoStarvation,5.29,16.57,6,7,10,0.2174,0.1657,0.35,0.0217,-0.0829,-0.07,0.0065,0.0,-0.1463,-0.7054,-0.7096,0.9183,46
18,21,1332.0,Low*Medium*NoStarvation,45,Medium*Medium*NoStarvation,16.57,40.0,7,7,23,0.2396,0.4,0.35,0.024,-0.2,-0.07,0.0072,0.0,-0.2628,-0.8083,-0.8132,0.9183,96
18,22,1398.0,Medium*Medium*NoStarvation,30,Medium*Medium*NoStarvation,40.0,27.43,7,7,15,0.2273,0.2743,0.35,0.0227,-0.1371,-0.07,0.0068,0.0,-0.2003,-0.6884,-0.6991,0.9183,66
18,23,1424.0,Medium*Medium*NoStarvation,10,Low*Medium*NoStarvation,27.43,7.0,7,7,5,0.1923,0.07,0.35,0.0192,-0.035,-0.07,0.0058,0.0,-0.0992,-0.6609,-0.6648,0.9183,26
18,24,1450.0,Low*Medium*NoStarvation,10,Low*Medium*NoStarvation,7.0,8.0,7,7,4,0.1538,0.08,0.35,0.0154,-0.04,-0.07,0.0046,0.0,-0.1054,-0.668,-0.6718,0.9183,26
18,25,1516.0,Low*Medium*NoStarvation,30,Medium*Medium*NoStarvation,8.0,27.43,7,7,14,0.2121,0.2743,0.35,0.0212,-0.1371,-0.07,0.0064,0.0,-0.2008,-0.7226,-0.7303,0.9183,66
18,26,1612.0,Medium*Medium*NoStarvation,45,Medium*Medium*NoStarvation,27.43,41.43,7,7,23,0.2396,0.4143,0.35,0.024,-0.2071,-0.07,0.0072,0.0,-0.27,-0.7482,-0.7602,0.9183,96
18,27,1658.0,Medium*Medium*NoStarvation,20,Low*Medium*NoStarvation,41.43,15.43,7,7,10,0.2174,0.1543,0.35,0.0217,-0.0771,-0.07,0.0065,0.0,-0.1406,-0.7002,-0.7047,0.9183,46
18,28,1724.0,Low*Medium*NoStarvation,30,Medium*Medium*NoStarvation,15.43,27.43,7,7,14,0.2121,0.2743,0.35,0.0212,-0.1371,-0.07,0.0064,0.0,-0.2008,-0.7303,-0.7372,0.9183,66
18,29,1790.0,Medium*Medium*NoStarvation,30,Medium*Medium*NoStarvation,27.43,26.43,7,7,15,0.2273,0.2643,0.35,0.0227,-0.1321,-0.07,0.0068,0.0,-0.1953,-0.6991,-0.7085,0.9183,66
18,30,1856.0,Medium*Medium*NoStarvation,30,Medium*Medium*NoStarvation,26.43,26.43,7,7,15,0.2273,0.2643,0.35,0.0227,-0.1321,-0.07,0.0068,0.0,-0.1953,-0.7085,-0.717,0.9183,66
18,31,1952.0,Medium*Medium*NoStarvation,45,Medium*Medium*NoStarvation,26.43,40.71,7,7,23,0.2396,0.4071,0.35,0.024,-0.2036,-0.07,0.0072,0.0,-0.2664,-0.7602,-0.7706,0.9183,96
18,32,1998.0,Medium*Medium*NoStarvation,20,Low*Medium*NoStarvation,40.71,17.43,7,7,9,0.1957,0.1743,0.35,0.0196,-0.0871,-0.07,0.0059,0.0,-0.1513,-0.7047,-0.7098,0.9183,46
18,33,2094.0,Low*Medium*NoStarvation,45,Medium*Medium*NoStarvation,17.43,41.86,7,7,22,0.2292,0.4186,0.35,0.0229,-0.2093,-0.07,0.0069,0.0,-0.2724,-0.8132,-0.8189,0.9183,96
18,34,2190.0,Medium*Medium*NoStarvation,45,Medium*Medium*NoStarvation,41.86,43.43,7,7,22,0.2292,0.4343,0.35,0.0229,-0.2171,-0.07,0.0069,0.0,-0.2803,-0.7706,-0.7814,0.9183,96
18,35,2236.0,Medium*Medium*NoStarvation,20,Low*Medium*NoStarvation,43.43,15.86,7,7,10,0.2174,0.1586,0.35,0.0217,-0.0793,-0.07,0.0065,0.0,-0.1428,-0.7098,-0.7136,0.9183,46
18,36,2302.0,Low*Medium*NoStarvation,30,Medium*Medium*NoStarvation,15.86,26.71,7,7,15,0.2273,0.2671,0.35,0.0227,-0.1336,-0.07,0.0068,0.0,-0.1968,-0.7372,-0.743,0.9183,66
18,37,2368.0,Medium*Medium*NoStarvation,30,Medium*Medium*NoStarvation,26.71,26.57,7,7,15,0.2273,0.2657,0.35,0.0227,-0.1329,-0.07,0.0068,0.0,-0.196,-0.717,-0.7248,0.9183,66
18,38,2434.0,Medium*Medium*NoStarvation,30,Medium*Medium*NoStarvation,26.57,25.86,7,7,15,0.2273,0.2586,0.35,0.0227,-0.1293,-0.07,0.0068,0.0,-0.1925,-0.7248,-0.7314,0.9183,66
18,39,2480.0,Medium*Medium*NoStarvation,20,Low*Medium*NoStarvation,25.86,16.14,7,7,10,0.2174,0.1614,0.35,0.0217,-0.0807,-0.07,0.0065,0.0,-0.1442,-0.7136,-0.7171,0.9183,46
18,40,2546.0,Low*Medium*NoStarvation,30,Medium*Medium*NoStarvation,16.14,26.71,7,7,15,0.2273,0.2671,0.35,0.0227,-0.1336,-0.07,0.0068,0.0,-0.1968,-0.743,-0.7482,0.9183,66
18,41,2642.0,Medium*Medium*NoStarvation,45,Medium*Low*NoStarvation,26.71,44.0,7,4,23,0.2396,0.44,0.2,0.024,-0.22,-0.04,0.0072,0.0,-0.2528,-0.7814,-0.7286,0.9183,96
18,42,2657.0,Medium*Low*NoStarvation,30,Low*Low*NoStarvation,44.0,0.0,4,0,4,0.0606,0.0,0.0,0.0061,-0.0,-0.0,0.0018,0.0,0.0018,-0.018,-0.0259,0.9183,66
19,0,76.0,Low*Low*NoStarvation,10,Low*Medium*NoStarvation,0.83,6.71,2,7,11,0.4231,0.0671,0.35,0.0423,-0.0336,-0.07,0.0127,0.0,-0.0909,-0.11,-0.1686,0.9137,26
19,1,142.0,Low*Medium*NoStarvation,30,Medium*Medium*NoStarvation,6.71,26.14,7,7,30,0.4545,0.2614,0.35,0.0455,-0.1307,-0.07,0.0136,0.0,-0.1871,-0.7482,-0.7519,0.9137,66
19,2,208.0,Medium*Medium*NoStarvation,30,Medium*Medium*NoStarvation,26.14,25.86,7,7,30,0.4545,0.2586,0.35,0.0455,-0.1293,-0.07,0.0136,0.0,-0.1856,-0.7314,-0.7366,0.9137,66
19,3,234.0,Medium*Medium*NoStarvation,10,Low*Medium*NoStarvation,25.86,6.14,7,7,9,0.3462,0.0614,0.35,0.0346,-0.0307,-0.07,0.0104,0.0,-0.0903,-0.6648,-0.6678,0.9137,26
19,4,330.0,Low*Medium*NoStarvation,45,Medium*Medium*NoStarvation,6.14,39.57,7,7,46,0.4792,0.3957,0.35,0.0479,-0.1979,-0.07,0.0144,0.0,-0.2535,-0.8189,-0.8225,0.9137,96
19,5,376.0,Medium*Medium*NoStarvation,20,Low*Medium*NoStarvation,39.57,16.71,7,7,20,0.4348,0.1671,0.35,0.0435,-0.0836,-0.07,0.013,0.0,-0.1405,-0.7171,-0.7199,0.9137,46
19,6,402.0,Low*Medium*NoStarvation,10,Low*Medium*NoStarvation,16.71,8.0,7,7,8,0.3077,0.08,0.35,0.0308,-0.04,-0.07,0.0092,0.0,-0.1008,-0.6718,-0.6752,0.9137,26
19,7,498.0,Low*Medium*NoStarvation,45,Medium*Medium*NoStarvation,8.0,40.43,7,7,45,0.4688,0.4043,0.35,0.0469,-0.2021,-0.07,0.0141,0.0,-0.2581,-0.8225,-0.8262,0.9137,96
19,8,594.0,Medium*Medium*NoStarvation,45,Medium*Medium*NoStarvation,40.43,40.29,7,7,42,0.4375,0.4029,0.35,0.0437,-0.2014,-0.07,0.0131,0.0,-0.2583,-0.7286,-0.7416,0.9137,96
19,9,620.0,Medium*Medium*NoStarvation,10,Low*Medium*NoStarvation,40.29,6.43,7,7,9,0.3462,0.0643,0.35,0.0346,-0.0321,-0.07,0.0104,0.0,-0.0918,-0.6678,-0.671,0.9137,26
19,10,716.0,Low*Medium*NoStarvation,45,Medium*Medium*NoStarvation,6.43,41.36,7,9,42,0.4375,0.4136,0.45,0.0437,-0.2068,-0.09,0.0131,0.0,-0.2837,-0.8262,-0.8323,0.9137,96
19,11,742.0,Medium*Medium*NoStarvation,10,Low*Medium*NoStarvation,41.36,9.0,9,7,8,0.3077,0.09,0.35,0.0308,-0.045,-0.07,0.0092,0.0,-0.1058,-0.671,-0.6752,0.9137,26
19,12,808.0,Low*Medium*NoStarvation,30,Medium*Medium*NoStarvation,9.0,26.14,7,7,30,0.4545,0.2614,0.35,0.0455,-0.1307,-0.07,0.0136,0.0,-0.1871,-0.7519,-0.7562,0.9137,66
19,13,854.0,Medium*Medium*NoStarvation,20,Low*Medium*NoStarvation,26.14,15.43,7,7,19,0.413,0.1543,0.35,0.0413,-0.0771,-0.07,0.0124,0.0,-0.1348,-0.7199,-0.7221,0.9137,46
19,14,950.0,Low*Medium*NoStarvation,45,Medium*Medium*NoStarvation,15.43,40.0,7,7,42,0.4375,0.4,0.35,0.0437,-0.2,-0.07,0.0131,0.0,-0.2569,-0.8323,-0.8355,0.9137,96
19,15,996.0,Medium*Medium*NoStarvation,20,Low*Medium*NoStarvation,40.0,15.29,7,7,18,0.3913,0.1529,0.35,0.0391,-0.0764,-0.07,0.0117,0.0,-0.1347,-0.7221,-0.7242,0.9137,46
19,16,1022.0,Low*Medium*NoStarvation,10,Low*Medium*NoStarvation,15.29,6.71,7,7,8,0.3077,0.0671,0.35,0.0308,-0.0336,-0.07,0.0092,0.0,-0.0943,-0.6752,-0.6779,0.9137,26
19,17,1118.0,Low*Medium*NoStarvation,45,Medium*Medium*NoStarvation,6.71,40.0,7,7,23,0.2396,0.4,0.35,0.024,-0.2,-0.07,0.0072,0.0,-0.2628,-0.8355,-0.839,0.9137,96
19,18,1214.0,Medium*Medium*NoStarvation,45,Medium*Medium*NoStarvation,40.0,41.57,7,7,22,0.2292,0.4157,0.35,0.0229,-0.2079,-0.07,0.0069,0.0,-0.271,-0.7416,-0.7553,0.9137,96
19,19,1260.0,Medium*Medium*NoStarvation,20,Low*Medium*NoStarvation,41.57,17.29,7,7,10,0.2174,0.1729,0.35,0.0217,-0.0864,-0.07,0.0065,0.0,-0.1499,-0.7242,-0.7278,0.9137,46
19,20,1326.0,Low*Medium*NoStarvation,30,Medium*Medium*NoStarvation,17.29,26.0,7,7,15,0.2273,0.26,0.35,0.0227,-0.13,-0.07,0.0068,0.0,-0.1932,-0.7562,-0.7607,0.9137,66
19,21,1352.0,Medium*Medium*NoStarvation,10,Low*Medium*NoStarvation,26.0,5.14,7,6,5,0.1923,0.0514,0.3,0.0192,-0.0257,-0.06,0.0058,0.0,-0.0799,-0.6752,-0.6767,0.9137,26
19,22,1378.0,Low*Medium*NoStarvation,10,Low*Medium*NoStarvation,5.14,6.14,6,7,5,0.1923,0.0614,0.35,0.0192,-0.0307,-0.07,0.0058,0.0,-0.0949,-0.6779,-0.6806,0.9137,26
19,23,1404.0,Low*Medium*NoStarvation,10,Low*Medium*NoStarvation,6.14,7.86,7,7,4,0.1538,0.0786,0.35,0.0154,-0.0393,-0.07,0.0046,0.0,-0.1047,-0.6806,-0.6843,0.9137,26
19,24,1500.0,Low*Medium*NoStarvation,45,Medium*Medium*NoStarvation,7.86,39.71,7,7,23,0.2396,0.3971,0.35,0.024,-0.1986,-0.07,0.0072,0.0,-0.2614,-0.839,-0.8422,0.9137,96
19,25,1526.0,Medium*Medium*NoStarvation,10,Low*Medium*NoStarvation,39.71,6.29,7,7,5,0.1923,0.0629,0.35,0.0192,-0.0314,-0.07,0.0058,0.0,-0.0957,-0.6767,-0.6802,0.9137,26
19,26,1552.0,Low*Medium*NoStarvation,10,Low*Medium*NoStarvation,6.29,7.57,7,7,5,0.1923,0.0757,0.35,0.0192,-0.0379,-0.07,0.0058,0.0,-0.1021,-0.6843,-0.6876,0.9137,26
19,27,1578.0,Low*Medium*NoStarvation,10,Low*Medium*NoStarvation,7.57,5.71,7,7,5,0.1923,0.0571,0.35,0.0192,-0.0286,-0.07,0.0058,0.0,-0.0928,-0.6876,-0.69,0.9137,26
19,28,1674.0,Low*Medium*NoStarvation,45,Medium*Medium*NoStarvation,5.71,41.43,7,7,22,0.2292,0.4143,0.35,0.0229,-0.2071,-0.07,0.0069,0.0,-0.2703,-0.8422,-0.8462,0.9137,96
19,29,1740.0,Medium*Medium*NoStarvation,30,Medium*Medium*NoStarvation,41.43,27.57,7,7,15,0.2273,0.2757,0.35,0.0227,-0.1379,-0.07,0.0068,0.0,-0.201,-0.7366,-0.7443,0.9137,66
19,30,1786.0,Medium*Medium*NoStarvation,20,Low*Medium*NoStarvation,27.57,15.71,7,7,10,0.2174,0.1571,0.35,0.0217,-0.0786,-0.07,0.0065,0.0,-0.142,-0.7278,-0.7313,0.9137,46
19,31,1832.0,Low*Medium*NoStarvation,20,Low*Medium*NoStarvation,15.71,15.86,7,7,10,0.2174,0.1586,0.35,0.0217,-0.0793,-0.07,0.0065,0.0,-0.1428,-0.7096,-0.715,0.9137,46
19,32,1898.0,Low*Medium*NoStarvation,30,Medium*Medium*NoStarvation,15.86,26.43,7,7,15,0.2273,0.2643,0.35,0.0227,-0.1321,-0.07,0.0068,0.0,-0.1953,-0.7607,-0.7653,0.9137,66
19,33,1964.0,Medium*Medium*NoStarvation,30,Medium*Medium*NoStarvation,26.43,26.14,7,7,15,0.2273,0.2614,0.35,0.0227,-0.1307,-0.07,0.0068,0.0,-0.1939,-0.7443,-0.7505,0.9137,66
19,34,2060.0,Medium*Medium*NoStarvation,45,Medium*Medium*NoStarvation,26.14,42.14,7,7,23,0.2396,0.4214,0.35,0.024,-0.2107,-0.07,0.0072,0.0,-0.2735,-0.7553,-0.7684,0.9137,96
19,35,2156.0,Medium*Medium*NoStarvation,45,Medium*Medium*NoStarvation,42.14,41.0,7,7,23,0.2396,0.41,0.35,0.024,-0.205,-0.07,0.0072,0.0,-0.2678,-0.7684,-0.7795,0.9137,96
19,36,2202.0,Medium*Medium*NoStarvation,20,Low*Medium*NoStarvation,41.0,16.71,7,7,10,0.2174,0.1671,0.35,0.0217,-0.0836,-0.07,0.0065,0.0,-0.147,-0.7313,-0.735,0.9137,46
19,37,2298.0,Low*Medium*NoStarvation,45,Medium*Medium*NoStarvation,16.71,42.14,7,7,22,0.2292,0.4214,0.35,0.0229,-0.2107,-0.07,0.0069,0.0,-0.2738,-0.8462,-0.8502,0.9137,96
19,38,2394.0,Medium*Medium*NoStarvation,45,Medium*Medium*NoStarvation,42.14,40.86,7,7,22,0.2292,0.4086,0.35,0.0229,-0.2043,-0.07,0.0069,0.0,-0.2674,-0.7795,-0.7895,0.9137,96
19,39,2440.0,Medium*Medium*NoStarvation,20,Low*Medium*NoStarvation,40.86,16.0,7,7,10,0.2174,0.16,0.35,0.0217,-0.08,-0.07,0.0065,0.0,-0.1435,-0.735,-0.7379,0.9137,46
19,40,2536.0,Low*Medium*NoStarvation,45,Medium*Medium*NoStarvation,16.0,42.86,7,7,22,0.2292,0.4286,0.35,0.0229,-0.2143,-0.07,0.0069,0.0,-0.2774,-0.8502,-0.8541,0.9137,96
19,41,2588.0,Medium*Medium*NoStarvation,45,Low*Low*NoStarvation,42.86,0.0,7,0,23,0.2396,0.0,0.0,0.024,-0.0,-0.0,0.0072,0.0,0.0072,-0.7895,-0.7242,0.9137,96
20,0,76.0,Low*Low*NoStarvation,10,Low*Medium*NoStarvation,0.83,6.71,2,7,11,0.4231,0.0671,0.35,0.0423,-0.0336,-0.07,0.0127,0.0,-0.0909,-0.1686,-0.2229,0.9092,26
20,1,122.0,Low*Medium*NoStarvation,20,Low*Medium*NoStarvation,6.71,15.86,7,7,20,0.4348,0.1586,0.35,0.0435,-0.0793,-0.07,0.013,0.0,-0.1362,-0.715,-0.7192,0.9092,46
20,2,218.0,Low*Medium*NoStarvation,45,Medium*Medium*NoStarvation,15.86,40.14,7,7,46,0.4792,0.4014,0.35,0.0479,-0.2007,-0.07,0.0144,0.0,-0.2563,-0.8541,-0.8556,0.9092,96
20,3,264.0,Medium*Medium*NoStarvation,20,Low*Medium*NoStarvation,40.14,16.43,7,7,20,0.4348,0.1643,0.35,0.0435,-0.0821,-0.07,0.013,0.0,-0.1391,-0.7379,-0.7401,0.9092,46
20,4,310.0,Low*Medium*NoStarvation,20,Low*Medium*NoStarvation,16.43,15.57,7,7,20,0.4348,0.1557,0.35,0.0435,-0.0779,-0.07,0.013,0.0,-0.1348,-0.7192,-0.7229,0.9092,46
20,5,376.0,Low*Medium*NoStarvation,30,Medium*Medium*NoStarvation,15.57,25.71,7,7,30,0.4545,0.2571,0.35,0.0455,-0.1286,-0.07,0.0136,0.0,-0.1849,-0.7653,-0.7685,0.9092,66
20,6,402.0,Medium*Medium*NoStarvation,10,Low*Medium*NoStarvation,25.71,5.71,7,6,9,0.3462,0.0571,0.3,0.0346,-0.0286,-0.06,0.0104,0.0,-0.0782,-0.6802,-0.6821,0.9092,26
20,7,428.0,Low*Medium*NoStarvation,10,Low*Medium*NoStarvation,5.71,7.1,6,8,9,0.3462,0.071,0.4,0.0346,-0.0355,-0.08,0.0104,0.0,-0.1051,-0.69,-0.6936,0.9092,26
20,8,454.0,Low*Medium*NoStarvation,10,Low*Medium*NoStarvation,7.1,7.29,8,7,10,0.3846,0.0729,0.35,0.0385,-0.0364,-0.07,0.0115,0.0,-0.0949,-0.6936,-0.6962,0.9092,26
20,9,550.0,Low*Medium*NoStarvation,45,Medium*Medium*NoStarvation,7.29,42.86,7,7,44,0.4583,0.4286,0.35,0.0458,-0.2143,-0.07,0.0137,0.0,-0.2705,-0.8556,-0.8584,0.9092,96
20,10,646.0,Medium*Medium*NoStarvation,45,Medium*Medium*NoStarvation,42.86,40.29,7,7,42,0.4375,0.4029,0.35,0.0437,-0.2014,-0.07,0.0131,0.0,-0.2583,-0.7242,-0.739,0.9092,96
20,11,712.0,Medium*Medium*NoStarvation,30,Medium*Medium*NoStarvation,40.29,27.71,7,7,27,0.4091,0.2771,0.35,0.0409,-0.1386,-0.07,0.0123,0.0,-0.1963,-0.7505,-0.7564,0.9092,66
20,12,808.0,Medium*Medium*NoStarvation,45,Medium*Medium*NoStarvation,27.71,43.71,7,7,42,0.4375,0.4371,0.35,0.0437,-0.2186,-0.07,0.0131,0.0,-0.2754,-0.739,-0.754,0.9092,96
20,13,834.0,Medium*Medium*NoStarvation,10,Low*Medium*NoStarvation,43.71,9.0,7,7,8,0.3077,0.09,0.35,0.0308,-0.045,-0.07,0.0092,0.0,-0.1058,-0.6821,-0.6871,0.9092,26
20,14,860.0,Low*Medium*NoStarvation,10,Low*Medium*NoStarvation,9.0,7.21,7,8,10,0.3846,0.0721,0.4,0.0385,-0.0361,-0.08,0.0115,0.0,-0.1045,-0.6962,-0.6997,0.9092,26
20,15,886.0,Low*Medium*NoStarvation,10,Low*Medium*NoStarvation,7.21,6.29,8,7,9,0.3462,0.0629,0.35,0.0346,-0.0314,-0.07,0.0104,0.0,-0.091,-0.6997,-0.7018,0.9092,26
20,16,952.0,Low*Medium*NoStarvation,30,Medium*Medium*NoStarvation,6.29,26.57,7,7,30,0.4545,0.2657,0.35,0.0455,-0.1329,-0.07,0.0136,0.0,-0.1892,-0.7685,-0.7724,0.9092,66
20,17,1048.0,Medium*Medium*NoStarvation,45,Medium*Medium*NoStarvation,26.57,41.71,7,7,33,0.3438,0.4171,0.35,0.0344,-0.2086,-0.07,0.0103,0.0,-0.2683,-0.754,-0.7673,0.9092,96
20,18,1144.0,Medium*Medium*NoStarvation,45,Medium*Medium*NoStarvation,41.71,40.57,7,7,22,0.2292,0.4057,0.35,0.0229,-0.2029,-0.07,0.0069,0.0,-0.266,-0.7673,-0.779,0.9092,96
20,19,1210.0,Medium*Medium*NoStarvation,30,Medium*Medium*NoStarvation,40.57,25.86,7,7,15,0.2273,0.2586,0.35,0.0227,-0.1293,-0.07,0.0068,0.0,-0.1925,-0.7564,-0.7619,0.9092,66
20,20,1306.0,Medium*Medium*NoStarvation,45,Medium*Medium*NoStarvation,25.86,40.71,7,7,23,0.2396,0.4071,0.35,0.024,-0.2036,-0.07,0.0072,0.0,-0.2664,-0.779,-0.7896,0.9092,96
20,21,1352.0,Medium*Medium*NoStarvation,20,Low*Medium*NoStarvation,40.71,16.43,7,7,10,0.2174,0.1643,0.35,0.0217,-0.0821,-0.07,0.0065,0.0,-0.1456,-0.7401,-0.7438,0.9092,46
20,22,1398.0,Low*Medium*NoStarvation,20,Low*Medium*NoStarvation,16.43,16.57,7,7,10,0.2174,0.1657,0.35,0.0217,-0.0829,-0.07,0.0065,0.0,-0.1463,-0.7229,-0.7284,0.9092,46
20,23,1444.0,Low*Medium*NoStarvation,20,Low*Medium*NoStarvation,16.57,17.14,7,7,10,0.2174,0.1714,0.35,0.0217,-0.0857,-0.07,0.0065,0.0,-0.1492,-0.7284,-0.7337,0.9092,46
20,24,1470.0,Low*Medium*NoStarvation,10,Low*Medium*NoStarvation,17.14,7.29,7,7,4,0.1538,0.0729,0.35,0.0154,-0.0364,-0.07,0.0046,0.0,-0.1018,-0.7018,-0.705,0.9092,26
20,25,1516.0,Low*Medium*NoStarvation,20,Low*Medium*NoStarvation,7.29,16.71,7,7,10,0.2174,0.1671,0.35,0.0217,-0.0836,-0.07,0.0065,0.0,-0.147,-0.7337,-0.7384,0.9092,46
20,26,1582.0,Low*Medium*NoStarvation,30,Medium*Medium*NoStarvation,16.71,26.43,7,7,15,0.2273,0.2643,0.35,0.0227,-0.1321,-0.07,0.0068,0.0,-0.1953,-0.7724,-0.7766,0.9092,66
20,27,1628.0,Medium*Medium*NoStarvation,20,Low*Medium*NoStarvation,26.43,16.0,7,7,10,0.2174,0.16,0.35,0.0217,-0.08,-0.07,0.0065,0.0,-0.1435,-0.7438,-0.7473,0.9092,46
20,28,1654.0,Low*Medium*NoStarvation,10,Low*Medium*NoStarvation,16.0,6.86,7,7,5,0.1923,0.0686,0.35,0.0192,-0.0343,-0.07,0.0058,0.0,-0.0985,-0.705,-0.7078,0.9092,26
20,29,1700.0,Low*Medium*NoStarvation,20,Low*Medium*NoStarvation,6.86,17.29,7,7,9,0.1957,0.1729,0.35,0.0196,-0.0864,-0.07,0.0059,0.0,-0.1506,-0.7384,-0.7433,0.9092,46
20,30,1766.0,Low*Medium*NoStarvation,30,Medium*Medium*NoStarvation,17.29,25.0,7,7,16,0.2424,0.25,0.35,0.0242,-0.125,-0.07,0.0073,0.0,-0.1877,-0.7766,-0.7795,0.9092,66
20,31,1812.0,Medium*Medium*NoStarvation,20,Low*Medium*NoStarvation,25.0,16.29,7,7,10,0.2174,0.1629,0.35,0.0217,-0.0814,-0.07,0.0065,0.0,-0.1449,-0.7473,-0.7507,0.9092,46
20,32,1908.0,Low*Medium*NoStarvation,45,Medium*Medium*NoStarvation,16.29,40.86,7,7,23,0.2396,0.4086,0.35,0.024,-0.2043,-0.07,0.0072,0.0,-0.2671,-0.8584,-0.8612,0.9092,96
20,33,1934.0,Medium*Medium*NoStarvation,10,Low*Medium*NoStarvation,40.86,6.86,7,7,5,0.1923,0.0686,0.35,0.0192,-0.0343,-0.07,0.0058,0.0,-0.0985,-0.6871,-0.692,0.9092,26
20,34,2000.0,Low*Medium*NoStarvation,30,Medium*Medium*NoStarvation,6.86,25.57,7,7,15,0.2273,0.2557,0.35,0.0227,-0.1279,-0.07,0.0068,0.0,-0.191,-0.7795,-0.7829,0.9092,66
20,35,2046.0,Medium*Medium*NoStarvation,20,Low*Medium*NoStarvation,25.57,16.0,7,7,10,0.2174,0.16,0.35,0.0217,-0.08,-0.07,0.0065,0.0,-0.1435,-0.7507,-0.7537,0.9092,46
20,36,2072.0,Low*Medium*NoStarvation,10,Low*Medium*NoStarvation,16.0,6.0,7,7,5,0.1923,0.06,0.35,0.0192,-0.03,-0.07,0.0058,0.0,-0.0942,-0.7078,-0.7101,0.9092,26
20,37,2098.0,Low*Medium*NoStarvation,10,Low*Medium*NoStarvation,6.0,7.86,7,7,4,0.1538,0.0786,0.35,0.0154,-0.0393,-0.07,0.0046,0.0,-0.1047,-0.7101,-0.7135,0.9092,26
20,38,2144.0,Low*Medium*NoStarvation,20,Low*Medium*NoStarvation,7.86,14.86,7,7,11,0.2391,0.1486,0.35,0.0239,-0.0743,-0.07,0.0072,0.0,-0.1371,-0.7433,-0.7469,0.9092,46
20,39,2210.0,Low*Medium*NoStarvation,30,Medium*Medium*NoStarvation,14.86,26.71,7,7,15,0.2273,0.2671,0.35,0.0227,-0.1336,-0.07,0.0068,0.0,-0.1968,-0.7829,-0.7866,0.9092,66
20,40,2256.0,Medium*Medium*NoStarvation,20,Low*Medium*NoStarvation,26.71,16.14,7,7,10,0.2174,0.1614,0.35,0.0217,-0.0807,-0.07,0.0065,0.0,-0.1442,-0.7537,-0.757,0.9092,46
20,41,2352.0,Low*Medium*NoStarvation,45,Medium*Medium*NoStarvation,16.14,40.86,7,7,23,0.2396,0.4086,0.35,0.024,-0.2043,-0.07,0.0072,0.0,-0.2671,-0.8612,-0.864,0.9092,96
20,42,2418.0,Medium*Medium*NoStarvation,30,Medium*Medium*NoStarvation,40.86,27.0,7,7,15,0.2273,0.27,0.35,0.0227,-0.135,-0.07,0.0068,0.0,-0.1982,-0.7619,-0.7678,0.9092,66
20,43,2484.0,Medium*Medium*NoStarvation,30,Medium*Medium*NoStarvation,27.0,24.57,7,7,16,0.2424,0.2457,0.35,0.0242,-0.1229,-0.07,0.0073,0.0,-0.1856,-0.7678,-0.7718,0.9092,66
20,44,2550.0,Medium*Medium*NoStarvation,30,Medium*Medium*NoStarvation,24.57,26.57,7,7,15,0.2273,0.2657,0.35,0.0227,-0.1329,-0.07,0.0068,0.0,-0.196,-0.7718,-0.7765,0.9092,66
20,45,2576.0,Medium*Medium*NoStarvation,10,Low*Medium*NoStarvation,26.57,8.0,7,7,4,0.1538,0.08,0.35,0.0154,-0.04,-0.07,0.0046,0.0,-0.1054,-0.692,-0.6975,0.9092,26
20,46,2602.0,Low*Medium*NoStarvation,10,Low*Medium*NoStarvation,8.0,9.0,7,7,4,0.1538,0.09,0.35,0.0154,-0.045,-0.07,0.0046,0.0,-0.1104,-0.7135,-0.7174,0.9092,26
20,47,2648.0,Low*Medium*NoStarvation,20,Low*Medium*NoStarvation,9.0,16.43,7,7,10,0.2174,0.1643,0.35,0.0217,-0.0821,-0.07,0.0065,0.0,-0.1456,-0.7469,-0.7514,0.9092,46
20,48,2669.0,Low*Medium*NoStarvation,20,Low*Low*NoStarvation,16.43,0.0,7,0,7,0.1522,0.0,0.0,0.0152,-0.0,-0.0,0.0046,0.0,0.0046,-0.7514,-0.6901,0.9092,46
21,0,116.0,Low*Low*NoStarvation,30,Medium*Medium*NoStarvation,0.83,26.71,2,7,31,0.4697,0.2671,0.35,0.047,-0.1336,-0.07,0.0141,0.0,-0.1895,-0.2502,-0.3069,0.9046,66
21,1,182.0,Medium*Medium*NoStarvation,30,Medium*Medium*NoStarvation,26.71,26.43,7,7,30,0.4545,0.2643,0.35,0.0455,-0.1321,-0.07,0.0136,0.0,-0.1885,-0.7765,-0.7805,0.9046,66
21,2,208.0,Medium*Medium*NoStarvation,10,Low*Medium*NoStarvation,26.43,6.0,7,7,9,0.3462,0.06,0.35,0.0346,-0.03,-0.07,0.0104,0.0,-0.0896,-0.6975,-0.6988,0.9046,26
21,3,274.0,Low*Medium*NoStarvation,30,Medium*Medium*NoStarvation,6.0,27.29,7,7,29,0.4394,0.2729,0.35,0.0439,-0.1364,-0.07,0.0132,0.0,-0.1932,-0.7866,-0.7902,0.9046,66
21,4,300.0,Medium*Medium*NoStarvation,10,Low*Medium*NoStarvation,27.29,6.86,7,7,9,0.3462,0.0686,0.35,0.0346,-0.0343,-0.07,0.0104,0.0,-0.0939,-0.6988,-0.7004,0.9046,26
21,5,346.0,Low*Medium*NoStarvation,20,Low*Medium*NoStarvation,6.86,17.43,7,7,19,0.413,0.1743,0.35,0.0413,-0.0871,-0.07,0.0124,0.0,-0.1448,-0.6901,-0.6976,0.9046,46
21,6,372.0,Low*Medium*NoStarvation,10,Low*Medium*NoStarvation,17.43,7.86,7,7,8,0.3077,0.0786,0.35,0.0308,-0.0393,-0.07,0.0092,0.0,-0.1001,-0.7174,-0.7184,0.9046,26
21,7,468.0,Low*Medium*NoStarvation,45,Medium*Medium*NoStarvation,7.86,42.0,7,7,45,0.4688,0.42,0.35,0.0469,-0.21,-0.07,0.0141,0.0,-0.2659,-0.864,-0.8673,0.9046,96
21,8,514.0,Medium*Medium*NoStarvation,20,Low*Medium*NoStarvation,42.0,15.71,7,7,20,0.4348,0.1571,0.35,0.0435,-0.0786,-0.07,0.013,0.0,-0.1355,-0.757,-0.7576,0.9046,46
21,9,610.0,Low*Medium*NoStarvation,45,Medium*Medium*NoStarvation,15.71,42.57,7,7,42,0.4375,0.4257,0.35,0.0437,-0.2129,-0.07,0.0131,0.0,-0.2697,-0.8673,-0.8705,0.9046,96
21,10,676.0,Medium*Medium*NoStarvation,30,Medium*Medium*NoStarvation,42.57,26.0,7,7,28,0.4242,0.26,0.35,0.0424,-0.13,-0.07,0.0127,0.0,-0.1873,-0.7805,-0.7842,0.9046,66
21,11,772.0,Medium*Medium*NoStarvation,45,Medium*Medium*NoStarvation,26.0,41.57,7,7,42,0.4375,0.4157,0.35,0.0437,-0.2079,-0.07,0.0131,0.0,-0.2647,-0.7896,-0.8001,0.9046,96
21,12,868.0,Medium*Medium*NoStarvation,45,Medium*Medium*NoStarvation,41.57,40.43,7,7,42,0.4375,0.4043,0.35,0.0437,-0.2021,-0.07,0.0131,0.0,-0.259,-0.8001,-0.8091,0.9046,96
21,13,964.0,Medium*Medium*NoStarvation,45,Medium*Medium*NoStarvation,40.43,40.14,7,7,42,0.4375,0.4014,0.35,0.0437,-0.2007,-0.07,0.0131,0.0,-0.2576,-0.8091,-0.8169,0.9046,96
21,14,1030.0,Medium*Medium*NoStarvation,30,Medium*Medium*NoStarvation,40.14,27.43,7,7,23,0.3485,0.2743,0.35,0.0348,-0.1371,-0.07,0.0105,0.0,-0.1967,-0.7842,-0.7885,0.9046,66
21,15,1076.0,Medium*Medium*NoStarvation,20,Low*Medium*NoStarvation,27.43,16.29,7,7,10,0.2174,0.1629,0.35,0.0217,-0.0814,-0.07,0.0065,0.0,-0.1449,-0.7576,-0.7591,0.9046,46
21,16,1142.0,Low*Medium*NoStarvation,30,Medium*Medium*NoStarvation,16.29,26.71,7,7,15,0.2273,0.2671,0.35,0.0227,-0.1336,-0.07,0.0068,0.0,-0.1968,-0.7902,-0.7939,0.9046,66
21,17,1238.0,Medium*Medium*NoStarvation,45,Medium*Medium*NoStarvation,26.71,40.29,7,7,22,0.2292,0.4029,0.35,0.0229,-0.2014,-0.07,0.0069,0.0,-0.2646,-0.8169,-0.8247,0.9046,96
21,18,1264.0,Medium*Medium*NoStarvation,10,Low*Medium*NoStarvation,40.29,7.29,7,7,4,0.1538,0.0729,0.35,0.0154,-0.0364,-0.07,0.0046,0.0,-0.1018,-0.7004,-0.7034,0.9046,26
21,19,1330.0,Low*Medium*NoStarvation,30,Medium*Medium*NoStarvation,7.29,26.71,7,7,15,0.2273,0.2671,0.35,0.0227,-0.1336,-0.07,0.0068,0.0,-0.1968,-0.7939,-0.7975,0.9046,66
21,20,1356.0,Medium*Medium*NoStarvation,10,Low*Medium*NoStarvation,26.71,7.86,7,7,4,0.1538,0.0786,0.35,0.0154,-0.0393,-0.07,0.0046,0.0,-0.1047,-0.7034,-0.7063,0.9046,26
21,21,1382.0,Low*Medium*NoStarvation,10,Low*Medium*NoStarvation,7.86,7.57,7,7,4,0.1538,0.0757,0.35,0.0154,-0.0379,-0.07,0.0046,0.0,-0.1032,-0.7184,-0.7197,0.9046,26
21,22,1478.0,Low*Medium*NoStarvation,45,Medium*Medium*NoStarvation,7.57,41.71,7,7,22,0.2292,0.4171,0.35,0.0229,-0.2086,-0.07,0.0069,0.0,-0.2717,-0.8705,-0.8742,0.9046,96
21,23,1574.0,Medium*Medium*NoStarvation,45,Medium*Medium*NoStarvation,41.71,40.0,7,7,23,0.2396,0.4,0.35,0.024,-0.2,-0.07,0.0072,0.0,-0.2628,-0.8247,-0.8321,0.9046,96
21,24,1670.0,Medium*Medium*NoStarvation,45,Medium*Medium*NoStarvation,40.0,40.0,7,7,23,0.2396,0.4,0.35,0.024,-0.2,-0.07,0.0072,0.0,-0.2628,-0.8321,-0.8388,0.9046,96
21,25,1736.0,Medium*Medium*NoStarvation,30,Medium*Medium*NoStarvation,40.0,26.71,7,7,15,0.2273,0.2671,0.35,0.0227,-0.1336,-0.07,0.0068,0.0,-0.1968,-0.7885,-0.7929,0.9046,66
21,26,1782.0,Medium*Medium*NoStarvation,20,Low*Medium*NoStarvation,26.71,16.71,7,7,10,0.2174,0.1671,0.35,0.0217,-0.0836,-0.07,0.0065,0.0,-0.147,-0.7591,-0.7607,0.9046,46
21,27,1878.0,Low*Medium*NoStarvation,45,Medium*Medium*NoStarvation,16.71,42.29,7,7,22,0.2292,0.4229,0.35,0.0229,-0.2114,-0.07,0.0069,0.0,-0.2746,-0.8742,-0.8778,0.9046,96
21,28,1944.0,Medium*Medium*NoStarvation,30,Medium*Medium*NoStarvation,42.29,26.0,7,7,15,0.2273,0.26,0.35,0.0227,-0.13,-0.07,0.0068,0.0,-0.1932,-0.7929,-0.7965,0.9046,66
21,29,2010.0,Medium*Medium*NoStarvation,30,Medium*Medium*NoStarvation,26.0,24.71,7,7,16,0.2424,0.2471,0.35,0.0242,-0.1236,-0.07,0.0073,0.0,-0.1863,-0.7965,-0.799,0.9046,66
21,30,2056.0,Medium*Medium*NoStarvation,20,Low*Medium*NoStarvation,24.71,15.57,7,7,11,0.2391,0.1557,0.35,0.0239,-0.0779,-0.07,0.0072,0.0,-0.1407,-0.7607,-0.7615,0.9046,46
21,31,2082.0,Low*Medium*NoStarvation,10,Low*Medium*NoStarvation,15.57,5.71,7,7,5,0.1923,0.0571,0.35,0.0192,-0.0286,-0.07,0.0058,0.0,-0.0928,-0.7197,-0.7198,0.9046,26
21,32,2178.0,Low*Medium*NoStarvation,45,Medium*Medium*NoStarvation,5.71,42.29,7,7,22,0.2292,0.4229,0.35,0.0229,-0.2114,-0.07,0.0069,0.0,-0.2746,-0.8778,-0.8811,0.9046,96
21,33,2244.0,Medium*Medium*NoStarvation,30,Medium*Medium*NoStarvation,42.29,25.86,7,7,15,0.2273,0.2586,0.35,0.0227,-0.1293,-0.07,0.0068,0.0,-0.1925,-0.799,-0.802,0.9046,66
21,34,2340.0,Medium*Medium*NoStarvation,45,Medium*Medium*NoStarvation,25.86,41.0,7,7,23,0.2396,0.41,0.35,0.024,-0.205,-0.07,0.0072,0.0,-0.2678,-0.8388,-0.8452,0.9046,96
21,35,2386.0,Medium*Medium*NoStarvation,20,Low*Medium*NoStarvation,41.0,15.14,7,7,10,0.2174,0.1514,0.35,0.0217,-0.0757,-0.07,0.0065,0.0,-0.1392,-0.7615,-0.762,0.9046,46
21,36,2452.0,Low*Medium*NoStarvation,30,Medium*Medium*NoStarvation,15.14,26.57,7,7,15,0.2273,0.2657,0.35,0.0227,-0.1329,-0.07,0.0068,0.0,-0.196,-0.7975,-0.8009,0.9046,66
21,37,2478.0,Medium*Medium*NoStarvation,10,Low*Medium*NoStarvation,26.57,6.0,7,7,5,0.1923,0.06,0.35,0.0192,-0.03,-0.07,0.0058,0.0,-0.0942,-0.7063,-0.7079,0.9046,26
21,38,2574.0,Low*Medium*NoStarvation,45,Medium*Medium*NoStarvation,6.0,41.43,7,7,22,0.2292,0.4143,0.35,0.0229,-0.2071,-0.07,0.0069,0.0,-0.2703,-0.8811,-0.8837,0.9046,96
21,39,2600.0,Medium*Medium*NoStarvation,10,Low*Medium*NoStarvation,41.43,6.29,7,7,5,0.1923,0.0629,0.35,0.0192,-0.0314,-0.07,0.0058,0.0,-0.0957,-0.7079,-0.7094,0.9046,26
21,40,2624.0,Low*Medium*NoStarvation,20,Low*Low*NoStarvation,6.29,0.0,7,0,9,0.1957,0.0,0.0,0.0196,-0.0,-0.0,0.0059,0.0,0.0059,-0.6976,-0.6416,0.9046,46
22,0,76.0,Low*Low*NoStarvation,10,Low*Medium*NoStarvation,0.83,6.71,2,7,11,0.4231,0.0671,0.35,0.0423,-0.0336,-0.07,0.0127,0.0,-0.0909,-0.2229,-0.2675,0.9001,26
22,1,172.0,Low*Medium*NoStarvation,45,Medium*Medium*NoStarvation,6.71,40.57,7,7,46,0.4792,0.4057,0.35,0.0479,-0.2029,-0.07,0.0144,0.0,-0.2585,-0.8837,-0.885,0.9001,96
22,2,218.0,Medium*Medium*NoStarvation,20,Low*Medium*NoStarvation,40.57,17.14,7,7,20,0.4348,0.1714,0.35,0.0435,-0.0857,-0.07,0.013,0.0,-0.1427,-0.762,-0.7579,0.9001,46
22,3,284.0,Low*Medium*NoStarvation,30,Medium*Medium*NoStarvation,17.14,26.14,7,7,30,0.4545,0.2614,0.35,0.0455,-0.1307,-0.07,0.0136,0.0,-0.1871,-0.8009,-0.8033,0.9001,66
22,4,380.0,Medium*Medium*NoStarvation,45,Medium*Medium*NoStarvation,26.14,40.43,7,7,44,0.4583,0.4043,0.35,0.0458,-0.2021,-0.07,0.0137,0.0,-0.2584,-0.8452,-0.8504,0.9001,96
22,5,476.0,Medium*Medium*NoStarvation,45,Medium*Medium*NoStarvation,40.43,41.14,7,7,41,0.4271,0.4114,0.35,0.0427,-0.2057,-0.07,0.0128,0.0,-0.2629,-0.8504,-0.8555,0.9001,96
22,6,502.0,Medium*Medium*NoStarvation,10,Low*Medium*NoStarvation,41.14,7.43,7,7,9,0.3462,0.0743,0.35,0.0346,-0.0371,-0.07,0.0104,0.0,-0.0968,-0.7094,-0.7059,0.9001,26
22,7,528.0,Low*Medium*NoStarvation,10,Low*Medium*NoStarvation,7.43,5.0,7,6,10,0.3846,0.05,0.3,0.0385,-0.025,-0.06,0.0115,0.0,-0.0735,-0.7198,-0.7129,0.9001,26
22,8,574.0,Low*Medium*NoStarvation,20,Low*Medium*NoStarvation,5.0,14.86,6,7,20,0.4348,0.1486,0.35,0.0435,-0.0743,-0.07,0.013,0.0,-0.1312,-0.6416,-0.6483,0.9001,46
22,9,620.0,Low*Medium*NoStarvation,20,Low*Medium*NoStarvation,14.86,16.14,7,7,19,0.413,0.1614,0.35,0.0413,-0.0807,-0.07,0.0124,0.0,-0.1383,-0.6483,-0.6556,0.9001,46
22,10,716.0,Low*Medium*NoStarvation,45,Medium*Medium*NoStarvation,16.14,40.71,7,7,41,0.4271,0.4071,0.35,0.0427,-0.2036,-0.07,0.0128,0.0,-0.2608,-0.885,-0.8861,0.9001,96
22,11,812.0,Medium*Medium*NoStarvation,45,Medium*Medium*NoStarvation,40.71,41.86,7,7,41,0.4271,0.4186,0.35,0.0427,-0.2093,-0.07,0.0128,0.0,-0.2665,-0.8555,-0.8601,0.9001,96
22,12,858.0,Medium*Medium*NoStarvation,20,Low*Medium*NoStarvation,41.86,15.71,7,7,20,0.4348,0.1571,0.35,0.0435,-0.0786,-0.07,0.013,0.0,-0.1355,-0.7579,-0.7546,0.9001,46
22,13,904.0,Low*Medium*NoStarvation,20,Low*Medium*NoStarvation,15.71,16.86,7,7,19,0.413,0.1686,0.35,0.0413,-0.0843,-0.07,0.0124,0.0,-0.1419,-0.6556,-0.6633,0.9001,46
22,14,970.0,Low*Medium*NoStarvation,30,Medium*Medium*NoStarvation,16.86,26.57,7,7,28,0.4242,0.2657,0.35,0.0424,-0.1329,-0.07,0.0127,0.0,-0.1901,-0.8033,-0.8056,0.9001,66
22,15,1016.0,Medium*Medium*NoStarvation,20,Low*Medium*NoStarvation,26.57,16.57,7,7,17,0.3696,0.1657,0.35,0.037,-0.0829,-0.07,0.0111,0.0,-0.1418,-0.7546,-0.753,0.9001,46
22,16,1042.0,Low*Medium*NoStarvation,10,Low*Medium*NoStarvation,16.57,6.14,7,7,5,0.1923,0.0614,0.35,0.0192,-0.0307,-0.07,0.0058,0.0,-0.0949,-0.7129,-0.7108,0.9001,26
22,17,1108.0,Low*Medium*NoStarvation,30,Medium*Medium*NoStarvation,6.14,27.0,7,7,15,0.2273,0.27,0.35,0.0227,-0.135,-0.07,0.0068,0.0,-0.1982,-0.8056,-0.8084,0.9001,66
22,18,1204.0,Medium*Medium*NoStarvation,45,Medium*Medium*NoStarvation,27.0,39.29,7,7,23,0.2396,0.3929,0.35,0.024,-0.1964,-0.07,0.0072,0.0,-0.2592,-0.8601,-0.8636,0.9001,96
22,19,1300.0,Medium*Medium*NoStarvation,45,Medium*Medium*NoStarvation,39.29,39.71,7,7,23,0.2396,0.3971,0.35,0.024,-0.1986,-0.07,0.0072,0.0,-0.2614,-0.8636,-0.8669,0.9001,96
22,20,1366.0,Medium*Medium*NoStarvation,30,Medium*Medium*NoStarvation,39.71,27.0,7,7,15,0.2273,0.27,0.35,0.0227,-0.135,-0.07,0.0068,0.0,-0.1982,-0.802,-0.8051,0.9001,66
22,21,1392.0,Medium*Medium*NoStarvation,10,Low*Medium*NoStarvation,27.0,8.43,7,7,4,0.1538,0.0843,0.35,0.0154,-0.0421,-0.07,0.0046,0.0,-0.1075,-0.7059,-0.7058,0.9001,26
22,22,1418.0,Low*Medium*NoStarvation,10,Low*Medium*NoStarvation,8.43,8.14,7,7,4,0.1538,0.0814,0.35,0.0154,-0.0407,-0.07,0.0046,0.0,-0.1061,-0.7108,-0.71,0.9001,26
22,23,1484.0,Low*Medium*NoStarvation,30,Medium*Medium*NoStarvation,8.14,25.0,7,7,15,0.2273,0.25,0.35,0.0227,-0.125,-0.07,0.0068,0.0,-0.1882,-0.8084,-0.8099,0.9001,66
22,24,1510.0,Medium*Medium*NoStarvation,10,Low*Medium*NoStarvation,25.0,6.43,7,7,5,0.1923,0.0643,0.35,0.0192,-0.0321,-0.07,0.0058,0.0,-0.0964,-0.7058,-0.7045,0.9001,26
22,25,1576.0,Low*Medium*NoStarvation,30,Medium*Medium*NoStarvation,6.43,27.71,7,7,14,0.2121,0.2771,0.35,0.0212,-0.1386,-0.07,0.0064,0.0,-0.2022,-0.8099,-0.8125,0.9001,66
22,26,1642.0,Medium*Medium*NoStarvation,30,Medium*Medium*NoStarvation,27.71,26.14,7,7,15,0.2273,0.2614,0.35,0.0227,-0.1307,-0.07,0.0068,0.0,-0.1939,-0.8051,-0.8074,0.9001,66
22,27,1668.0,Medium*Medium*NoStarvation,10,Low*Medium*NoStarvation,26.14,8.86,7,7,4,0.1538,0.0886,0.35,0.0154,-0.0443,-0.07,0.0046,0.0,-0.1097,-0.7045,-0.7047,0.9001,26
22,28,1714.0,Low*Medium*NoStarvation,20,Low*Medium*NoStarvation,8.86,15.0,7,7,10,0.2174,0.15,0.35,0.0217,-0.075,-0.07,0.0065,0.0,-0.1385,-0.6633,-0.6705,0.9001,46
22,29,1740.0,Low*Medium*NoStarvation,10,Low*Medium*NoStarvation,15.0,6.86,7,7,5,0.1923,0.0686,0.35,0.0192,-0.0343,-0.07,0.0058,0.0,-0.0985,-0.71,-0.7092,0.9001,26
22,30,1836.0,Low*Medium*NoStarvation,45,Medium*Medium*NoStarvation,6.86,42.57,7,7,22,0.2292,0.4257,0.35,0.0229,-0.2129,-0.07,0.0069,0.0,-0.276,-0.8861,-0.8885,0.9001,96
22,31,1902.0,Medium*Medium*NoStarvation,30,Medium*Medium*NoStarvation,42.57,26.14,7,7,15,0.2273,0.2614,0.35,0.0227,-0.1307,-0.07,0.0068,0.0,-0.1939,-0.8074,-0.8095,0.9001,66
22,32,1948.0,Medium*Medium*NoStarvation,20,Low*Medium*NoStarvation,26.14,16.43,7,7,10,0.2174,0.1643,0.35,0.0217,-0.0821,-0.07,0.0065,0.0,-0.1456,-0.753,-0.7526,0.9001,46
22,33,1994.0,Low*Medium*NoStarvation,20,Low*Medium*NoStarvation,16.43,16.71,7,7,10,0.2174,0.1671,0.35,0.0217,-0.0836,-0.07,0.0065,0.0,-0.147,-0.6705,-0.6785,0.9001,46
22,34,2040.0,Low*Medium*NoStarvation,20,Low*Medium*NoStarvation,16.71,16.14,7,7,10,0.2174,0.1614,0.35,0.0217,-0.0807,-0.07,0.0065,0.0,-0.1442,-0.6785,-0.6861,0.9001,46
22,35,2086.0,Low*Medium*NoStarvation,20,Low*Medium*NoStarvation,16.14,16.29,7,7,10,0.2174,0.1629,0.35,0.0217,-0.0814,-0.07,0.0065,0.0,-0.1449,-0.6861,-0.6938,0.9001,46
22,36,2132.0,Low*Medium*NoStarvation,20,Low*Medium*NoStarvation,16.29,15.29,7,7,10,0.2174,0.1529,0.35,0.0217,-0.0764,-0.07,0.0065,0.0,-0.1399,-0.6938,-0.7008,0.9001,46
22,37,2178.0,Low*Medium*NoStarvation,20,Low*Medium*NoStarvation,15.29,14.57,7,7,10,0.2174,0.1457,0.35,0.0217,-0.0729,-0.07,0.0065,0.0,-0.1363,-0.7008,-0.7074,0.9001,46
22,38,2274.0,Low*Medium*NoStarvation,45,Medium*Medium*NoStarvation,14.57,40.29,7,7,22,0.2292,0.4029,0.35,0.0229,-0.2014,-0.07,0.0069,0.0,-0.2646,-0.8885,-0.8896,0.9001,96
22,39,2340.0,Medium*Medium*NoStarvation,30,Medium*Medium*NoStarvation,40.29,26.14,7,7,15,0.2273,0.2614,0.35,0.0227,-0.1307,-0.07,0.0068,0.0,-0.1939,-0.8095,-0.8113,0.9001,66
22,40,2386.0,Medium*Medium*NoStarvation,20,Low*Medium*NoStarvation,26.14,16.57,7,7,10,0.2174,0.1657,0.35,0.0217,-0.0829,-0.07,0.0065,0.0,-0.1463,-0.7526,-0.7557,0.9001,46
22,41,2432.0,Low*Medium*NoStarvation,20,Low*Medium*NoStarvation,16.57,16.0,7,7,10,0.2174,0.16,0.35,0.0217,-0.08,-0.07,0.0065,0.0,-0.1435,-0.7074,-0.7147,0.9001,46
22,42,2528.0,Low*Medium*NoStarvation,45,Medium*Medium*NoStarvation,16.0,40.71,7,7,23,0.2396,0.4071,0.35,0.024,-0.2036,-0.07,0.0072,0.0,-0.2664,-0.8896,-0.8907,0.9001,96
22,43,2554.0,Medium*Medium*NoStarvation,10,Low*Medium*NoStarvation,40.71,6.43,7,7,5,0.1923,0.0643,0.35,0.0192,-0.0321,-0.07,0.0058,0.0,-0.0964,-0.7047,-0.7077,0.9001,26
22,44,2620.0,Low*Medium*NoStarvation,30,Medium*Medium*NoStarvation,6.43,25.57,7,7,15,0.2273,0.2557,0.35,0.0227,-0.1279,-0.07,0.0068,0.0,-0.191,-0.8125,-0.814,0.9001,66
22,45,2649.0,Medium*Medium*NoStarvation,30,Low*Low*NoStarvation,25.57,0.0,7,0,11,0.1667,0.0,0.0,0.0167,-0.0,-0.0,0.005,0.0,0.005,-0.8113,-0.744,0.9001,66
23,0,76.0,Low*Low*NoStarvation,10,Low*Medium*NoStarvation,0.83,6.71,2,7,11,0.4231,0.0671,0.35,0.0423,-0.0336,-0.07,0.0127,0.0,-0.0909,-0.2675,-0.3136,0.8956,26
23,1,122.0,Low*Medium*NoStarvation,20,Low*Medium*NoStarvation,6.71,15.86,7,7,20,0.4348,0.1586,0.35,0.0435,-0.0793,-0.07,0.013,0.0,-0.1362,-0.7147,-0.7207,0.8956,46
23,2,188.0,Low*Medium*NoStarvation,30,Medium*Medium*NoStarvation,15.86,25.57,7,7,30,0.4545,0.2557,0.35,0.0455,-0.1279,-0.07,0.0136,0.0,-0.1842,-0.814,-0.8148,0.8956,66
23,3,284.0,Medium*Medium*NoStarvation,45,Medium*Medium*NoStarvation,25.57,43.0,7,7,45,0.4688,0.43,0.35,0.0469,-0.215,-0.07,0.0141,0.0,-0.2709,-0.8669,-0.871,0.8956,96
23,4,310.0,Medium*Medium*NoStarvation,10,Low*Medium*NoStarvation,43.0,6.71,7,7,10,0.3846,0.0671,0.35,0.0385,-0.0336,-0.07,0.0115,0.0,-0.092,-0.7077,-0.71,0.8956,26
23,5,406.0,Low*Medium*NoStarvation,45,Medium*Medium*NoStarvation,6.71,41.43,7,7,43,0.4479,0.4143,0.35,0.0448,-0.2071,-0.07,0.0134,0.0,-0.2637,-0.8907,-0.8919,0.8956,96
23,6,502.0,Medium*Medium*NoStarvation,45,Medium*Medium*NoStarvation,41.43,41.71,7,7,42,0.4375,0.4171,0.35,0.0437,-0.2086,-0.07,0.0131,0.0,-0.2654,-0.871,-0.8743,0.8956,96
23,7,598.0,Medium*Medium*NoStarvation,45,Medium*Medium*NoStarvation,41.71,40.29,7,7,43,0.4479,0.4029,0.35,0.0448,-0.2014,-0.07,0.0134,0.0,-0.258,-0.8743,-0.8766,0.8956,96
23,8,624.0,Medium*Medium*NoStarvation,10,Low*Medium*NoStarvation,40.29,6.0,7,7,9,0.3462,0.06,0.35,0.0346,-0.03,-0.07,0.0104,0.0,-0.0896,-0.71,-0.7118,0.8956,26
23,9,720.0,Low*Medium*NoStarvation,45,Medium*Medium*NoStarvation,6.0,41.57,7,7,43,0.4479,0.4157,0.35,0.0448,-0.2079,-0.07,0.0134,0.0,-0.2644,-0.8919,-0.8932,0.8956,96
23,10,766.0,Medium*Medium*NoStarvation,20,Low*Medium*NoStarvation,41.57,17.29,7,7,19,0.413,0.1729,0.35,0.0413,-0.0864,-0.07,0.0124,0.0,-0.144,-0.7557,-0.7583,0.8956,46
23,11,812.0,Low*Medium*NoStarvation,20,Low*Medium*NoStarvation,17.29,16.86,7,7,18,0.3913,0.1686,0.35,0.0391,-0.0843,-0.07,0.0117,0.0,-0.1425,-0.7207,-0.7267,0.8956,46
23,12,908.0,Low*Medium*NoStarvation,45,Medium*Medium*NoStarvation,16.86,43.14,7,7,42,0.4375,0.4314,0.35,0.0437,-0.2157,-0.07,0.0131,0.0,-0.2726,-0.8932,-0.8952,0.8956,96
23,13,1004.0,Medium*Medium*NoStarvation,45,Medium*Medium*NoStarvation,43.14,41.0,7,7,42,0.4375,0.41,0.35,0.0437,-0.205,-0.07,0.0131,0.0,-0.2619,-0.8766,-0.8792,0.8956,96
23,14,1070.0,Medium*Medium*NoStarvation,30,Medium*Medium*NoStarvation,41.0,25.86,7,7,15,0.2273,0.2586,0.35,0.0227,-0.1293,-0.07,0.0068,0.0,-0.1925,-0.744,-0.7529,0.8956,66
23,15,1136.0,Medium*Medium*NoStarvation,30,Medium*Medium*NoStarvation,25.86,25.43,7,7,15,0.2273,0.2543,0.35,0.0227,-0.1271,-0.07,0.0068,0.0,-0.1903,-0.7529,-0.7607,0.8956,66
23,16,1232.0,Medium*Medium*NoStarvation,45,Medium*Medium*NoStarvation,25.43,42.29,7,7,22,0.2292,0.4229,0.35,0.0229,-0.2114,-0.07,0.0069,0.0,-0.2746,-0.8792,-0.8828,0.8956,96
23,17,1298.0,Medium*Medium*NoStarvation,30,Medium*Medium*NoStarvation,42.29,25.57,7,7,15,0.2273,0.2557,0.35,0.0227,-0.1279,-0.07,0.0068,0.0,-0.191,-0.7607,-0.7678,0.8956,66
23,18,1394.0,Medium*Medium*NoStarvation,45,Medium*Medium*NoStarvation,25.57,42.43,7,7,22,0.2292,0.4243,0.35,0.0229,-0.2121,-0.07,0.0069,0.0,-0.2753,-0.8828,-0.8861,0.8956,96
23,19,1440.0,Medium*Medium*NoStarvation,20,Low*Medium*NoStarvation,42.43,14.71,7,7,10,0.2174,0.1471,0.35,0.0217,-0.0736,-0.07,0.0065,0.0,-0.137,-0.7583,-0.76,0.8956,46
23,20,1536.0,Low*Medium*NoStarvation,45,Medium*Medium*NoStarvation,14.71,39.43,7,7,23,0.2396,0.3943,0.35,0.024,-0.1971,-0.07,0.0072,0.0,-0.26,-0.8952,-0.8957,0.8956,96
23,21,1562.0,Medium*Medium*NoStarvation,10,Low*Medium*NoStarvation,39.43,7.43,7,7,5,0.1923,0.0743,0.35,0.0192,-0.0371,-0.07,0.0058,0.0,-0.1014,-0.7118,-0.7146,0.8956,26
23,22,1628.0,Low*Medium*NoStarvation,30,Medium*Medium*NoStarvation,7.43,27.0,7,7,15,0.2273,0.27,0.35,0.0227,-0.135,-0.07,0.0068,0.0,-0.1982,-0.8148,-0.8174,0.8956,66
23,23,1674.0,Medium*Medium*NoStarvation,20,Low*Medium*NoStarvation,27.0,18.86,7,7,9,0.1957,0.1886,0.35,0.0196,-0.0943,-0.07,0.0059,0.0,-0.1584,-0.76,-0.7637,0.8956,46
23,24,1700.0,Low*Medium*NoStarvation,10,Low*Medium*NoStarvation,18.86,6.14,7,7,5,0.1923,0.0614,0.35,0.0192,-0.0307,-0.07,0.0058,0.0,-0.0949,-0.7092,-0.7116,0.8956,26
23,25,1726.0,Low*Medium*NoStarvation,10,Low*Medium*NoStarvation,6.14,8.57,7,7,4,0.1538,0.0857,0.35,0.0154,-0.0429,-0.07,0.0046,0.0,-0.1082,-0.7116,-0.7153,0.8956,26
23,26,1822.0,Low*Medium*NoStarvation,45,Medium*Medium*NoStarvation,8.57,41.71,7,7,22,0.2292,0.4171,0.35,0.0229,-0.2086,-0.07,0.0069,0.0,-0.2717,-0.8957,-0.8976,0.8956,96
23,27,1868.0,Medium*Medium*NoStarvation,20,Low*Medium*NoStarvation,41.71,16.86,7,7,10,0.2174,0.1686,0.35,0.0217,-0.0843,-0.07,0.0065,0.0,-0.1478,-0.7637,-0.7665,0.8956,46
23,28,1964.0,Low*Medium*NoStarvation,45,Medium*Medium*NoStarvation,16.86,42.57,7,7,23,0.2396,0.4257,0.35,0.024,-0.2129,-0.07,0.0072,0.0,-0.2757,-0.8976,-0.8997,0.8956,96
23,29,2010.0,Medium*Medium*NoStarvation,20,Low*Medium*NoStarvation,42.57,15.43,7,7,10,0.2174,0.1543,0.35,0.0217,-0.0771,-0.07,0.0065,0.0,-0.1406,-0.7665,-0.7683,0.8956,46
23,30,2076.0,Low*Medium*NoStarvation,30,Medium*Medium*NoStarvation,15.43,26.57,7,7,15,0.2273,0.2657,0.35,0.0227,-0.1329,-0.07,0.0068,0.0,-0.196,-0.8174,-0.8196,0.8956,66
23,31,2102.0,Medium*Medium*NoStarvation,10,Low*Medium*NoStarvation,26.57,8.43,7,7,4,0.1538,0.0843,0.35,0.0154,-0.0421,-0.07,0.0046,0.0,-0.1075,-0.7146,-0.7182,0.8956,26
23,32,2168.0,Low*Medium*NoStarvation,30,Medium*Medium*NoStarvation,8.43,26.0,7,7,15,0.2273,0.26,0.35,0.0227,-0.13,-0.07,0.0068,0.0,-0.1932,-0.8196,-0.8216,0.8956,66
23,33,2264.0,Medium*Medium*NoStarvation,45,Medium*Medium*NoStarvation,26.0,42.14,7,7,22,0.2292,0.4214,0.35,0.0229,-0.2107,-0.07,0.0069,0.0,-0.2738,-0.8861,-0.8895,0.8956,96
23,34,2290.0,Medium*Medium*NoStarvation,10,Low*Medium*NoStarvation,42.14,9.14,7,7,4,0.1538,0.0914,0.35,0.0154,-0.0457,-0.07,0.0046,0.0,-0.1111,-0.7182,-0.7219,0.8956,26
23,35,2356.0,Low*Medium*NoStarvation,30,Medium*Medium*NoStarvation,9.14,26.29,7,7,15,0.2273,0.2629,0.35,0.0227,-0.1314,-0.07,0.0068,0.0,-0.1946,-0.8216,-0.8239,0.8956,66
23,36,2382.0,Medium*Medium*NoStarvation,10,Low*Medium*NoStarvation,26.29,7.14,7,7,4,0.1538,0.0714,0.35,0.0154,-0.0357,-0.07,0.0046,0.0,-0.1011,-0.7219,-0.7242,0.8956,26
23,37,2408.0,Low*Medium*NoStarvation,10,Low*Medium*NoStarvation,7.14,6.29,7,7,5,0.1923,0.0629,0.35,0.0192,-0.0314,-0.07,0.0058,0.0,-0.0957,-0.7153,-0.7177,0.8956,26
23,38,2434.0,Low*Medium*NoStarvation,10,Low*Medium*NoStarvation,6.29,5.29,7,6,5,0.1923,0.0529,0.3,0.0192,-0.0264,-0.06,0.0058,0.0,-0.0807,-0.7177,-0.7186,0.8956,26
23,39,2460.0,Low*Medium*NoStarvation,10,Low*Medium*NoStarvation,5.29,6.29,6,6,5,0.1923,0.0629,0.3,0.0192,-0.0314,-0.06,0.0058,0.0,-0.0857,-0.7186,-0.72,0.8956,26
23,40,2506.0,Low*Medium*NoStarvation,20,Low*Medium*NoStarvation,6.29,16.71,6,7,10,0.2174,0.1671,0.35,0.0217,-0.0836,-0.07,0.0065,0.0,-0.147,-0.7267,-0.7335,0.8956,46
23,41,2602.0,Low*Medium*NoStarvation,45,Medium*Medium*NoStarvation,16.71,42.29,7,7,22,0.2292,0.4229,0.35,0.0229,-0.2114,-0.07,0.0069,0.0,-0.2746,-0.8997,-0.9024,0.8956,96
23,42,2634.0,Medium*Medium*NoStarvation,30,Low*Low*NoStarvation,42.29,0.0,7,0,13,0.197,0.0,0.0,0.0197,-0.0,-0.0,0.0059,0.0,0.0059,-0.7678,-0.7047,0.8956,66
24,0,96.0,Low*Low*NoStarvation,20,Low*Medium*NoStarvation,0.83,16.14,2,7,21,0.4565,0.1614,0.35,0.0457,-0.0807,-0.07,0.0137,0.0,-0.137,-0.1589,-0.2215,0.8911,46
24,1,192.0,Low*Medium*NoStarvation,45,Medium*Medium*NoStarvation,16.14,39.71,7,7,46,0.4792,0.3971,0.35,0.0479,-0.1986,-0.07,0.0144,0.0,-0.2542,-0.9024,-0.901,0.8911,96
24,2,258.0,Medium*Medium*NoStarvation,30,Medium*Medium*NoStarvation,39.71,25.71,7,7,30,0.4545,0.2571,0.35,0.0455,-0.1286,-0.07,0.0136,0.0,-0.1849,-0.7047,-0.7162,0.8911,66
24,3,324.0,Medium*Medium*NoStarvation,30,Medium*Medium*NoStarvation,25.71,26.43,7,7,30,0.4545,0.2643,0.35,0.0455,-0.1321,-0.07,0.0136,0.0,-0.1885,-0.7162,-0.7279,0.8911,66
24,4,350.0,Medium*Medium*NoStarvation,10,Low*Medium*NoStarvation,26.43,6.29,7,7,9,0.3462,0.0629,0.35,0.0346,-0.0314,-0.07,0.0104,0.0,-0.091,-0.7242,-0.7257,0.8911,26
24,5,376.0,Low*Medium*NoStarvation,10,Low*Medium*NoStarvation,6.29,7.62,7,8,9,0.3462,0.0762,0.4,0.0346,-0.0381,-0.08,0.0104,0.0,-0.1077,-0.72,-0.7236,0.8911,26
24,6,442.0,Low*Medium*NoStarvation,30,Medium*Medium*NoStarvation,7.62,26.71,8,7,29,0.4394,0.2671,0.35,0.0439,-0.1336,-0.07,0.0132,0.0,-0.1904,-0.8239,-0.8258,0.8911,66
24,7,488.0,Medium*Medium*NoStarvation,20,Low*Medium*NoStarvation,26.71,15.57,7,7,20,0.4348,0.1557,0.35,0.0435,-0.0779,-0.07,0.013,0.0,-0.1348,-0.7683,-0.7701,0.8911,46
24,8,514.0,Low*Medium*NoStarvation,10,Low*Medium*NoStarvation,15.57,6.14,7,7,9,0.3462,0.0614,0.35,0.0346,-0.0307,-0.07,0.0104,0.0,-0.0903,-0.7236,-0.7254,0.8911,26
24,9,540.0,Low*Medium*NoStarvation,10,Low*Medium*NoStarvation,6.14,5.86,7,7,9,0.3462,0.0586,0.35,0.0346,-0.0293,-0.07,0.0104,0.0,-0.0889,-0.7254,-0.727,0.8911,26
24,10,606.0,Low*Medium*NoStarvation,30,Medium*Medium*NoStarvation,5.86,25.86,7,7,30,0.4545,0.2586,0.35,0.0455,-0.1293,-0.07,0.0136,0.0,-0.1856,-0.8258,-0.8271,0.8911,66
24,11,702.0,Medium*Medium*NoStarvation,45,Medium*Medium*NoStarvation,25.86,42.57,7,7,41,0.4271,0.4257,0.35,0.0427,-0.2129,-0.07,0.0128,0.0,-0.27,-0.8895,-0.8929,0.8911,96
24,12,748.0,Medium*Medium*NoStarvation,20,Low*Medium*NoStarvation,42.57,16.71,7,7,20,0.4348,0.1671,0.35,0.0435,-0.0836,-0.07,0.013,0.0,-0.1405,-0.7701,-0.7725,0.8911,46
24,13,774.0,Low*Medium*NoStarvation,10,Low*Medium*NoStarvation,16.71,7.86,7,7,8,0.3077,0.0786,0.35,0.0308,-0.0393,-0.07,0.0092,0.0,-0.1001,-0.727,-0.7298,0.8911,26
24,14,870.0,Low*Medium*NoStarvation,45,Medium*Medium*NoStarvation,7.86,41.29,7,7,42,0.4375,0.4129,0.35,0.0437,-0.2064,-0.07,0.0131,0.0,-0.2633,-0.901,-0.9026,0.8911,96
24,15,896.0,Medium*Medium*NoStarvation,10,Low*Medium*NoStarvation,41.29,7.62,7,8,8,0.3077,0.0762,0.4,0.0308,-0.0381,-0.08,0.0092,0.0,-0.1089,-0.7257,-0.7297,0.8911,26
24,16,962.0,Low*Medium*NoStarvation,30,Medium*Medium*NoStarvation,7.62,26.57,8,7,30,0.4545,0.2657,0.35,0.0455,-0.1329,-0.07,0.0136,0.0,-0.1892,-0.8271,-0.8288,0.8911,66
24,17,1028.0,Medium*Medium*NoStarvation,30,Medium*Medium*NoStarvation,26.57,25.57,7,7,24,0.3636,0.2557,0.35,0.0364,-0.1279,-0.07,0.0109,0.0,-0.1869,-0.7279,-0.7393,0.8911,66
24,18,1094.0,Medium*Medium*NoStarvation,30,Medium*Medium*NoStarvation,25.57,25.86,7,7,15,0.2273,0.2586,0.35,0.0227,-0.1293,-0.07,0.0068,0.0,-0.1925,-0.7393,-0.7503,0.8911,66
24,19,1120.0,Medium*Medium*NoStarvation,10,Low*Medium*NoStarvation,25.86,5.86,7,6,5,0.1923,0.0586,0.3,0.0192,-0.0293,-0.06,0.0058,0.0,-0.0835,-0.7297,-0.7307,0.8911,26
24,20,1166.0,Low*Medium*NoStarvation,20,Low*Medium*NoStarvation,5.86,15.86,6,7,10,0.2174,0.1586,0.35,0.0217,-0.0793,-0.07,0.0065,0.0,-0.1428,-0.7335,-0.7401,0.8911,46
24,21,1192.0,Low*Medium*NoStarvation,10,Low*Medium*NoStarvation,15.86,7.71,7,7,4,0.1538,0.0771,0.35,0.0154,-0.0386,-0.07,0.0046,0.0,-0.104,-0.7298,-0.7329,0.8911,26
24,22,1288.0,Low*Medium*NoStarvation,45,Medium*Medium*NoStarvation,7.71,41.86,7,7,22,0.2292,0.4186,0.35,0.0229,-0.2093,-0.07,0.0069,0.0,-0.2724,-0.9026,-0.9053,0.8911,96
24,23,1314.0,Medium*Medium*NoStarvation,10,Low*Medium*NoStarvation,41.86,6.71,7,7,4,0.1538,0.0671,0.35,0.0154,-0.0336,-0.07,0.0046,0.0,-0.099,-0.7307,-0.7335,0.8911,26
24,24,1360.0,Low*Medium*NoStarvation,20,Low*Medium*NoStarvation,6.71,15.86,7,7,10,0.2174,0.1586,0.35,0.0217,-0.0793,-0.07,0.0065,0.0,-0.1428,-0.7401,-0.7464,0.8911,46
24,25,1456.0,Low*Medium*NoStarvation,45,Medium*Medium*NoStarvation,15.86,42.14,7,7,22,0.2292,0.4214,0.35,0.0229,-0.2107,-0.07,0.0069,0.0,-0.2738,-0.9053,-0.9082,0.8911,96
24,26,1482.0,Medium*Medium*NoStarvation,10,Low*Medium*NoStarvation,42.14,8.43,7,7,4,0.1538,0.0843,0.35,0.0154,-0.0421,-0.07,0.0046,0.0,-0.1075,-0.7335,-0.7369,0.8911,26
24,27,1578.0,Low*Medium*NoStarvation,45,Medium*Medium*NoStarvation,8.43,41.71,7,7,22,0.2292,0.4171,0.35,0.0229,-0.2086,-0.07,0.0069,0.0,-0.2717,-0.9082,-0.9108,0.8911,96
24,28,1644.0,Medium*Medium*NoStarvation,30,Medium*Medium*NoStarvation,41.71,26.0,7,7,15,0.2273,0.26,0.35,0.0227,-0.13,-0.07,0.0068,0.0,-0.1932,-0.7503,-0.7609,0.8911,66
24,29,1710.0,Medium*Medium*NoStarvation,30,Medium*Medium*NoStarvation,26.0,28.29,7,7,14,0.2121,0.2829,0.35,0.0212,-0.1414,-0.07,0.0064,0.0,-0.2051,-0.7609,-0.7716,0.8911,66
24,30,1756.0,Medium*Medium*NoStarvation,20,Low*Medium*NoStarvation,28.29,15.86,7,7,10,0.2174,0.1586,0.35,0.0217,-0.0793,-0.07,0.0065,0.0,-0.1428,-0.7725,-0.7755,0.8911,46
24,31,1782.0,Low*Medium*NoStarvation,10,Low*Medium*NoStarvation,15.86,8.57,7,7,4,0.1538,0.0857,0.35,0.0154,-0.0429,-0.07,0.0046,0.0,-0.1082,-0.7329,-0.7363,0.8911,26
24,32,1808.0,Low*Medium*NoStarvation,10,Low*Medium*NoStarvation,8.57,5.86,7,6,5,0.1923,0.0586,0.3,0.0192,-0.0293,-0.06,0.0058,0.0,-0.0835,-0.7363,-0.7373,0.8911,26
24,33,1904.0,Low*Medium*NoStarvation,45,Medium*Medium*NoStarvation,5.86,41.71,6,7,23,0.2396,0.4171,0.35,0.024,-0.2086,-0.07,0.0072,0.0,-0.2714,-0.9108,-0.9132,0.8911,96
24,34,1950.0,Medium*Medium*NoStarvation,20,Low*Medium*NoStarvation,41.71,16.57,7,7,10,0.2174,0.1657,0.35,0.0217,-0.0829,-0.07,0.0065,0.0,-0.1463,-0.7755,-0.779,0.8911,46
24,35,2046.0,Low*Medium*NoStarvation,45,Medium*Medium*NoStarvation,16.57,40.71,7,7,23,0.2396,0.4071,0.35,0.024,-0.2036,-0.07,0.0072,0.0,-0.2664,-0.9132,-0.9149,0.8911,96
24,36,2092.0,Medium*Medium*NoStarvation,20,Low*Medium*NoStarvation,40.71,16.29,7,7,10,0.2174,0.1629,0.35,0.0217,-0.0814,-0.07,0.0065,0.0,-0.1449,-0.779,-0.7819,0.8911,46
24,37,2118.0,Low*Medium*NoStarvation,10,Low*Medium*NoStarvation,16.29,6.43,7,7,5,0.1923,0.0643,0.35,0.0192,-0.0321,-0.07,0.0058,0.0,-0.0964,-0.7373,-0.7396,0.8911,26
24,38,2144.0,Low*Medium*NoStarvation,10,Low*Medium*NoStarvation,6.43,8.71,7,7,4,0.1538,0.0871,0.35,0.0154,-0.0436,-0.07,0.0046,0.0,-0.109,-0.7396,-0.7431,0.8911,26
24,39,2170.0,Low*Medium*NoStarvation,10,Low*Medium*NoStarvation,8.71,6.43,7,7,5,0.1923,0.0643,0.35,0.0192,-0.0321,-0.07,0.0058,0.0,-0.0964,-0.7431,-0.7453,0.8911,26
24,40,2216.0,Low*Medium*NoStarvation,20,Low*Medium*NoStarvation,6.43,15.14,7,7,10,0.2174,0.1514,0.35,0.0217,-0.0757,-0.07,0.0065,0.0,-0.1392,-0.7464,-0.7527,0.8911,46
24,41,2242.0,Low*Medium*NoStarvation,10,Low*Medium*NoStarvation,15.14,8.14,7,7,4,0.1538,0.0814,0.35,0.0154,-0.0407,-0.07,0.0046,0.0,-0.1061,-0.7453,-0.7485,0.8911,26
24,42,2308.0,Low*Medium*NoStarvation,30,Medium*Medium*NoStarvation,8.14,26.14,7,7,15,0.2273,0.2614,0.35,0.0227,-0.1307,-0.07,0.0068,0.0,-0.1939,-0.8288,-0.8317,0.8911,66
24,43,2334.0,Medium*Medium*NoStarvation,10,Low*Medium*NoStarvation,26.14,7.43,7,7,4,0.1538,0.0743,0.35,0.0154,-0.0371,-0.07,0.0046,0.0,-0.1025,-0.7369,-0.7408,0.8911,26
24,44,2400.0,Low*Medium*NoStarvation,30,Medium*Medium*NoStarvation,7.43,25.71,7,7,15,0.2273,0.2571,0.35,0.0227,-0.1286,-0.07,0.0068,0.0,-0.1918,-0.8317,-0.8343,0.8911,66
24,45,2496.0,Medium*Medium*NoStarvation,45,Medium*Medium*NoStarvation,25.71,41.71,7,7,22,0.2292,0.4171,0.35,0.0229,-0.2086,-0.07,0.0069,0.0,-0.2717,-0.8929,-0.8974,0.8911,96
24,46,2522.0,Medium*Medium*NoStarvation,10,Low*Medium*NoStarvation,41.71,6.71,7,7,5,0.1923,0.0671,0.35,0.0192,-0.0336,-0.07,0.0058,0.0,-0.0978,-0.7408,-0.7439,0.8911,26
24,47,2548.0,Low*Medium*NoStarvation,10,Low*Medium*NoStarvation,6.71,6.43,7,7,5,0.1923,0.0643,0.35,0.0192,-0.0321,-0.07,0.0058,0.0,-0.0964,-0.7485,-0.7506,0.8911,26
24,48,2644.0,Low*Medium*NoStarvation,45,Medium*Medium*NoStarvation,6.43,42.86,7,7,22,0.2292,0.4286,0.35,0.0229,-0.2143,-0.07,0.0069,0.0,-0.2774,-0.9149,-0.9181,0.8911,96
24,49,2670.0,Medium*Medium*NoStarvation,10,Low*Medium*NoStarvation,42.86,6.29,7,7,5,0.1923,0.0629,0.35,0.0192,-0.0314,-0.07,0.0058,0.0,-0.0957,-0.7439,-0.7466,0.8911,26
24,50,2716.0,Low*Medium*NoStarvation,20,Low*Low*NoStarvation,6.29,19.67,7,3,10,0.2174,0.1967,0.15,0.0217,-0.0983,-0.03,0.0065,0.0,-0.1218,-0.7527,-0.7096,0.8911,46
24,51,2729.0,Low*Low*NoStarvation,20,Low*Low*NoStarvation,19.67,0.0,3,0,3,0.0652,0.0,0.0,0.0065,-0.0,-0.0,0.002,0.0,0.002,-0.2215,-0.2191,0.8911,46
25,0,96.0,Low*Low*NoStarvation,20,Low*Medium*NoStarvation,0.83,16.14,2,7,21,0.4565,0.1614,0.35,0.0457,-0.0807,-0.07,0.0137,0.0,-0.137,-0.2191,-0.2747,0.8867,46
25,1,122.0,Low*Medium*NoStarvation,10,Low*Medium*NoStarvation,16.14,6.14,7,7,9,0.3462,0.0614,0.35,0.0346,-0.0307,-0.07,0.0104,0.0,-0.0903,-0.7506,-0.7484,0.8867,26
25,2,168.0,Low*Medium*NoStarvation,20,Low*Medium*NoStarvation,6.14,17.0,7,7,20,0.4348,0.17,0.35,0.0435,-0.085,-0.07,0.013,0.0,-0.142,-0.7096,-0.7167,0.8867,46
25,3,234.0,Low*Medium*NoStarvation,30,Medium*Medium*NoStarvation,17.0,25.57,7,7,30,0.4545,0.2557,0.35,0.0455,-0.1279,-0.07,0.0136,0.0,-0.1842,-0.8343,-0.8365,0.8867,66
25,4,260.0,Medium*Medium*NoStarvation,10,Low*Medium*NoStarvation,25.57,6.71,7,7,10,0.3846,0.0671,0.35,0.0385,-0.0336,-0.07,0.0115,0.0,-0.092,-0.7466,-0.7456,0.8867,26
25,5,286.0,Low*Medium*NoStarvation,10,Low*Medium*NoStarvation,6.71,5.86,7,7,9,0.3462,0.0586,0.35,0.0346,-0.0293,-0.07,0.0104,0.0,-0.0889,-0.7484,-0.747,0.8867,26
25,6,352.0,Low*Medium*NoStarvation,30,Medium*Medium*NoStarvation,5.86,26.71,7,7,31,0.4697,0.2671,0.35,0.047,-0.1336,-0.07,0.0141,0.0,-0.1895,-0.8365,-0.8389,0.8867,66
25,7,448.0,Medium*Medium*NoStarvation,45,Medium*Medium*NoStarvation,26.71,40.71,7,7,45,0.4688,0.4071,0.35,0.0469,-0.2036,-0.07,0.0141,0.0,-0.2595,-0.8974,-0.9007,0.8867,96
25,8,544.0,Medium*Medium*NoStarvation,45,Medium*Medium*NoStarvation,40.71,44.14,7,7,43,0.4479,0.4414,0.35,0.0448,-0.2207,-0.07,0.0134,0.0,-0.2773,-0.9007,-0.9055,0.8867,96
25,9,610.0,Medium*Medium*NoStarvation,30,Medium*Medium*NoStarvation,44.14,24.14,7,7,29,0.4394,0.2414,0.35,0.0439,-0.1207,-0.07,0.0132,0.0,-0.1775,-0.7716,-0.7793,0.8867,66
25,10,706.0,Medium*Medium*NoStarvation,45,Medium*Medium*NoStarvation,24.14,41.43,7,7,41,0.4271,0.4143,0.35,0.0427,-0.2071,-0.07,0.0128,0.0,-0.2643,-0.9055,-0.9085,0.8867,96
25,11,772.0,Medium*Medium*NoStarvation,30,Medium*Medium*NoStarvation,41.43,27.14,7,7,28,0.4242,0.2714,0.35,0.0424,-0.1357,-0.07,0.0127,0.0,-0.193,-0.7793,-0.7878,0.8867,66
25,12,838.0,Medium*Medium*NoStarvation,30,Medium*Medium*NoStarvation,27.14,26.29,7,7,28,0.4242,0.2629,0.35,0.0424,-0.1314,-0.07,0.0127,0.0,-0.1887,-0.7878,-0.795,0.8867,66
25,13,904.0,Medium*Medium*NoStarvation,30,Medium*Medium*NoStarvation,26.29,27.86,7,7,28,0.4242,0.2786,0.35,0.0424,-0.1393,-0.07,0.0127,0.0,-0.1966,-0.795,-0.8023,0.8867,66
25,14,1000.0,Medium*Medium*NoStarvation,45,Medium*Medium*NoStarvation,27.86,40.29,7,7,42,0.4375,0.4029,0.35,0.0437,-0.2014,-0.07,0.0131,0.0,-0.2583,-0.9085,-0.9106,0.8867,96
25,15,1026.0,Medium*Medium*NoStarvation,10,Low*Medium*NoStarvation,40.29,7.0,7,7,6,0.2308,0.07,0.35,0.0231,-0.035,-0.07,0.0069,0.0,-0.0981,-0.7456,-0.7454,0.8867,26
25,16,1072.0,Low*Medium*NoStarvation,20,Low*Medium*NoStarvation,7.0,16.57,7,7,10,0.2174,0.1657,0.35,0.0217,-0.0829,-0.07,0.0065,0.0,-0.1463,-0.7167,-0.7241,0.8867,46
25,17,1098.0,Low*Medium*NoStarvation,10,Low*Medium*NoStarvation,16.57,9.29,7,7,4,0.1538,0.0929,0.35,0.0154,-0.0464,-0.07,0.0046,0.0,-0.1118,-0.747,-0.7486,0.8867,26
25,18,1144.0,Low*Medium*NoStarvation,20,Low*Medium*NoStarvation,9.29,17.29,7,7,10,0.2174,0.1729,0.35,0.0217,-0.0864,-0.07,0.0065,0.0,-0.1499,-0.7241,-0.7319,0.8867,46
25,19,1240.0,Low*Medium*NoStarvation,45,Medium*Medium*NoStarvation,17.29,40.86,7,7,22,0.2292,0.4086,0.35,0.0229,-0.2043,-0.07,0.0069,0.0,-0.2674,-0.9181,-0.9201,0.8867,96
25,20,1266.0,Medium*Medium*NoStarvation,10,Low*Medium*NoStarvation,40.86,8.0,7,7,4,0.1538,0.08,0.35,0.0154,-0.04,-0.07,0.0046,0.0,-0.1054,-0.7454,-0.7473,0.8867,26
25,21,1312.0,Low*Medium*NoStarvation,20,Low*Medium*NoStarvation,8.0,16.29,7,7,10,0.2174,0.1629,0.35,0.0217,-0.0814,-0.07,0.0065,0.0,-0.1449,-0.7319,-0.7391,0.8867,46
25,22,1378.0,Low*Medium*NoStarvation,30,Medium*Medium*NoStarvation,16.29,25.57,7,7,15,0.2273,0.2557,0.35,0.0227,-0.1279,-0.07,0.0068,0.0,-0.191,-0.8389,-0.8414,0.8867,66
25,23,1444.0,Medium*Medium*NoStarvation,30,Medium*Medium*NoStarvation,25.57,26.86,7,7,14,0.2121,0.2686,0.35,0.0212,-0.1343,-0.07,0.0064,0.0,-0.1979,-0.8023,-0.8091,0.8867,66
25,24,1540.0,Medium*Medium*NoStarvation,45,Medium*Medium*NoStarvation,26.86,42.0,7,7,22,0.2292,0.42,0.35,0.0229,-0.21,-0.07,0.0069,0.0,-0.2731,-0.9106,-0.9141,0.8867,96
25,25,1566.0,Medium*Medium*NoStarvation,10,Low*Medium*NoStarvation,42.0,7.14,7,7,5,0.1923,0.0714,0.35,0.0192,-0.0357,-0.07,0.0058,0.0,-0.0999,-0.7473,-0.749,0.8867,26
25,26,1632.0,Low*Medium*NoStarvation,30,Medium*Medium*NoStarvation,7.14,25.71,7,7,15,0.2273,0.2571,0.35,0.0227,-0.1286,-0.07,0.0068,0.0,-0.1918,-0.8414,-0.8438,0.8867,66
25,27,1658.0,Medium*Medium*NoStarvation,10,Low*Medium*NoStarvation,25.71,5.71,7,7,5,0.1923,0.0571,0.35,0.0192,-0.0286,-0.07,0.0058,0.0,-0.0928,-0.749,-0.7499,0.8867,26
25,28,1704.0,Low*Medium*NoStarvation,20,Low*Medium*NoStarvation,5.71,15.71,7,7,10,0.2174,0.1571,0.35,0.0217,-0.0786,-0.07,0.0065,0.0,-0.142,-0.7391,-0.7459,0.8867,46
25,29,1750.0,Low*Medium*NoStarvation,20,Low*Medium*NoStarvation,15.71,16.29,7,7,10,0.2174,0.1629,0.35,0.0217,-0.0814,-0.07,0.0065,0.0,-0.1449,-0.7459,-0.7529,0.8867,46
25,30,1816.0,Low*Medium*NoStarvation,30,Medium*Medium*NoStarvation,16.29,25.71,7,7,15,0.2273,0.2571,0.35,0.0227,-0.1286,-0.07,0.0068,0.0,-0.1918,-0.8438,-0.8461,0.8867,66
25,31,1862.0,Medium*Medium*NoStarvation,20,Low*Medium*NoStarvation,25.71,16.43,7,7,10,0.2174,0.1643,0.35,0.0217,-0.0821,-0.07,0.0065,0.0,-0.1456,-0.7819,-0.7857,0.8867,46
25,32,1888.0,Low*Medium*NoStarvation,10,Low*Medium*NoStarvation,16.43,6.86,7,7,5,0.1923,0.0686,0.35,0.0192,-0.0343,-0.07,0.0058,0.0,-0.0985,-0.7486,-0.751,0.8867,26
25,33,1914.0,Low*Medium*NoStarvation,10,Low*Medium*NoStarvation,6.86,6.57,7,7,5,0.1923,0.0657,0.35,0.0192,-0.0329,-0.07,0.0058,0.0,-0.0971,-0.751,-0.7532,0.8867,26
25,34,1940.0,Low*Medium*NoStarvation,10,Low*Medium*NoStarvation,6.57,8.14,7,7,4,0.1538,0.0814,0.35,0.0154,-0.0407,-0.07,0.0046,0.0,-0.1061,-0.7532,-0.7563,0.8867,26
25,35,1986.0,Low*Medium*NoStarvation,20,Low*Medium*NoStarvation,8.14,15.43,7,7,10,0.2174,0.1543,0.35,0.0217,-0.0771,-0.07,0.0065,0.0,-0.1406,-0.7529,-0.7594,0.8867,46
25,36,2082.0,Low*Medium*NoStarvation,45,Medium*Medium*NoStarvation,15.43,40.14,7,7,23,0.2396,0.4014,0.35,0.024,-0.2007,-0.07,0.0072,0.0,-0.2635,-0.9201,-0.9219,0.8867,96
25,37,2148.0,Medium*Medium*NoStarvation,30,Medium*Medium*NoStarvation,40.14,26.29,7,7,15,0.2273,0.2629,0.35,0.0227,-0.1314,-0.07,0.0068,0.0,-0.1946,-0.8091,-0.8151,0.8867,66
25,38,2194.0,Medium*Medium*NoStarvation,20,Low*Medium*NoStarvation,26.29,16.43,7,7,10,0.2174,0.1643,0.35,0.0217,-0.0821,-0.07,0.0065,0.0,-0.1456,-0.7857,-0.7897,0.8867,46
25,39,2220.0,Low*Medium*NoStarvation,10,Low*Medium*NoStarvation,16.43,5.71,7,7,5,0.1923,0.0571,0.35,0.0192,-0.0286,-0.07,0.0058,0.0,-0.0928,-0.7563,-0.758,0.8867,26
25,40,2286.0,Low*Medium*NoStarvation,30,Medium*Medium*NoStarvation,5.71,26.0,7,7,15,0.2273,0.26,0.35,0.0227,-0.13,-0.07,0.0068,0.0,-0.1932,-0.8461,-0.8483,0.8867,66
25,41,2352.0,Medium*Medium*NoStarvation,30,Medium*Medium*NoStarvation,26.0,26.71,7,7,15,0.2273,0.2671,0.35,0.0227,-0.1336,-0.07,0.0068,0.0,-0.1968,-0.8151,-0.8208,0.8867,66
25,42,2378.0,Medium*Medium*NoStarvation,10,Low*Medium*NoStarvation,26.71,6.29,7,7,5,0.1923,0.0629,0.35,0.0192,-0.0314,-0.07,0.0058,0.0,-0.0957,-0.7499,-0.7527,0.8867,26
25,43,2404.0,Low*Medium*NoStarvation,10,Low*Medium*NoStarvation,6.29,8.0,7,7,4,0.1538,0.08,0.35,0.0154,-0.04,-0.07,0.0046,0.0,-0.1054,-0.758,-0.7609,0.8867,26
25,44,2450.0,Low*Medium*NoStarvation,20,Low*Medium*NoStarvation,8.0,16.0,7,7,10,0.2174,0.16,0.35,0.0217,-0.08,-0.07,0.0065,0.0,-0.1435,-0.7594,-0.7662,0.8867,46
25,45,2516.0,Low*Medium*NoStarvation,30,Medium*Medium*NoStarvation,16.0,26.71,7,7,15,0.2273,0.2671,0.35,0.0227,-0.1336,-0.07,0.0068,0.0,-0.1968,-0.8483,-0.8509,0.8867,66
25,46,2562.0,Medium*Medium*NoStarvation,20,Low*Medium*NoStarvation,26.71,17.29,7,7,10,0.2174,0.1729,0.35,0.0217,-0.0864,-0.07,0.0065,0.0,-0.1499,-0.7897,-0.7942,0.8867,46
25,47,2658.0,Low*Medium*NoStarvation,45,Medium*Medium*NoStarvation,17.29,42.0,7,7,22,0.2292,0.42,0.35,0.0229,-0.21,-0.07,0.0069,0.0,-0.2731,-0.9219,-0.9248,0.8867,96
25,48,2678.0,Medium*Medium*NoStarvation,20,Low*Low*NoStarvation,42.0,0.0,7,0,7,0.1522,0.0,0.0,0.0152,-0.0,-0.0,0.0046,0.0,0.0046,-0.7942,-0.7364,0.8867,46
26,0,76.0,Low*Low*NoStarvation,10,Low*Medium*NoStarvation,0.83,6.71,2,7,11,0.4231,0.0671,0.35,0.0423,-0.0336,-0.07,0.0127,0.0,-0.0909,-0.3136,-0.3598,0.8822,26
26,1,102.0,Low*Medium*NoStarvation,10,Low*Medium*NoStarvation,6.71,8.43,7,7,8,0.3077,0.0843,0.35,0.0308,-0.0421,-0.07,0.0092,0.0,-0.1029,-0.7609,-0.7636,0.8822,26
26,2,198.0,Low*Medium*NoStarvation,45,Medium*Medium*NoStarvation,8.43,43.0,7,7,45,0.4688,0.43,0.35,0.0469,-0.215,-0.07,0.0141,0.0,-0.2709,-0.9248,-0.9257,0.8822,96
26,3,294.0,Medium*Medium*NoStarvation,45,Medium*Medium*NoStarvation,43.0,40.71,7,7,46,0.4792,0.4071,0.35,0.0479,-0.2036,-0.07,0.0144,0.0,-0.2592,-0.9141,-0.9149,0.8822,96
26,4,320.0,Medium*Medium*NoStarvation,10,Low*Medium*NoStarvation,40.71,7.0,7,7,10,0.3846,0.07,0.35,0.0385,-0.035,-0.07,0.0115,0.0,-0.0935,-0.7527,-0.7555,0.8822,26
26,5,416.0,Low*Medium*NoStarvation,45,Medium*Medium*NoStarvation,7.0,41.57,7,7,44,0.4583,0.4157,0.35,0.0458,-0.2079,-0.07,0.0137,0.0,-0.2641,-0.9257,-0.9258,0.8822,96
26,6,482.0,Medium*Medium*NoStarvation,30,Medium*Medium*NoStarvation,41.57,26.29,7,7,28,0.4242,0.2629,0.35,0.0424,-0.1314,-0.07,0.0127,0.0,-0.1887,-0.8208,-0.8238,0.8822,66
26,7,528.0,Medium*Medium*NoStarvation,20,Low*Medium*NoStarvation,26.29,17.14,7,7,20,0.4348,0.1714,0.35,0.0435,-0.0857,-0.07,0.013,0.0,-0.1427,-0.7364,-0.7457,0.8822,46
26,8,624.0,Low*Medium*NoStarvation,45,Medium*Medium*NoStarvation,17.14,40.57,7,7,42,0.4375,0.4057,0.35,0.0437,-0.2029,-0.07,0.0131,0.0,-0.2597,-0.9258,-0.9263,0.8822,96
26,9,670.0,Medium*Medium*NoStarvation,20,Low*Medium*NoStarvation,40.57,16.14,7,7,19,0.413,0.1614,0.35,0.0413,-0.0807,-0.07,0.0124,0.0,-0.1383,-0.7457,-0.7537,0.8822,46
26,10,696.0,Low*Medium*NoStarvation,10,Low*Medium*NoStarvation,16.14,7.43,7,7,9,0.3462,0.0743,0.35,0.0346,-0.0371,-0.07,0.0104,0.0,-0.0968,-0.7636,-0.7657,0.8822,26
26,11,792.0,Low*Medium*NoStarvation,45,Medium*Medium*NoStarvation,7.43,41.14,7,7,43,0.4479,0.4114,0.35,0.0448,-0.2057,-0.07,0.0134,0.0,-0.2623,-0.9263,-0.9277,0.8822,96
26,12,838.0,Medium*Medium*NoStarvation,20,Low*Medium*NoStarvation,41.14,16.43,7,7,19,0.413,0.1643,0.35,0.0413,-0.0821,-0.07,0.0124,0.0,-0.1398,-0.7537,-0.7612,0.8822,46
26,13,884.0,Low*Medium*NoStarvation,20,Low*Medium*NoStarvation,16.43,16.71,7,7,19,0.413,0.1671,0.35,0.0413,-0.0836,-0.07,0.0124,0.0,-0.1412,-0.7662,-0.7726,0.8822,46
26,14,980.0,Low*Medium*NoStarvation,45,Medium*Medium*NoStarvation,16.71,41.29,7,7,42,0.4375,0.4129,0.35,0.0437,-0.2064,-0.07,0.0131,0.0,-0.2633,-0.9277,-0.9293,0.8822,96
26,15,1006.0,Medium*Medium*NoStarvation,10,Low*Medium*NoStarvation,41.29,8.0,7,8,8,0.3077,0.08,0.4,0.0308,-0.04,-0.08,0.0092,0.0,-0.1108,-0.7555,-0.76,0.8822,26
26,16,1032.0,Low*Medium*NoStarvation,10,Low*Medium*NoStarvation,8.0,6.14,8,7,7,0.2692,0.0614,0.35,0.0269,-0.0307,-0.07,0.0081,0.0,-0.0926,-0.7657,-0.7673,0.8822,26
26,17,1058.0,Low*Medium*NoStarvation,10,Low*Medium*NoStarvation,6.14,7.14,7,7,5,0.1923,0.0714,0.35,0.0192,-0.0357,-0.07,0.0058,0.0,-0.0999,-0.7673,-0.7696,0.8822,26
26,18,1124.0,Low*Medium*NoStarvation,30,Medium*Medium*NoStarvation,7.14,25.57,7,7,15,0.2273,0.2557,0.35,0.0227,-0.1279,-0.07,0.0068,0.0,-0.191,-0.8509,-0.8533,0.8822,66
26,19,1190.0,Medium*Medium*NoStarvation,30,Medium*Medium*NoStarvation,25.57,25.57,7,7,15,0.2273,0.2557,0.35,0.0227,-0.1279,-0.07,0.0068,0.0,-0.191,-0.8238,-0.829,0.8822,66
26,20,1216.0,Medium*Medium*NoStarvation,10,Low*Medium*NoStarvation,25.57,5.71,7,7,5,0.1923,0.0571,0.35,0.0192,-0.0286,-0.07,0.0058,0.0,-0.0928,-0.76,-0.7625,0.8822,26
26,21,1242.0,Low*Medium*NoStarvation,10,Low*Medium*NoStarvation,5.71,5.57,7,7,5,0.1923,0.0557,0.35,0.0192,-0.0279,-0.07,0.0058,0.0,-0.0921,-0.7696,-0.7711,0.8822,26
26,22,1308.0,Low*Medium*NoStarvation,30,Medium*Medium*NoStarvation,5.57,25.43,7,7,15,0.2273,0.2543,0.35,0.0227,-0.1271,-0.07,0.0068,0.0,-0.1903,-0.8533,-0.8555,0.8822,66
26,23,1374.0,Medium*Medium*NoStarvation,30,Medium*Medium*NoStarvation,25.43,27.0,7,7,14,0.2121,0.27,0.35,0.0212,-0.135,-0.07,0.0064,0.0,-0.1986,-0.829,-0.8344,0.8822,66
26,24,1400.0,Medium*Medium*NoStarvation,10,Low*Medium*NoStarvation,27.0,6.86,7,7,4,0.1538,0.0686,0.35,0.0154,-0.0343,-0.07,0.0046,0.0,-0.0997,-0.7625,-0.7656,0.8822,26
26,25,1426.0,Low*Medium*NoStarvation,10,Low*Medium*NoStarvation,6.86,7.57,7,7,4,0.1538,0.0757,0.35,0.0154,-0.0379,-0.07,0.0046,0.0,-0.1032,-0.7711,-0.7737,0.8822,26
26,26,1492.0,Low*Medium*NoStarvation,30,Medium*Medium*NoStarvation,7.57,25.14,7,7,15,0.2273,0.2514,0.35,0.0227,-0.1257,-0.07,0.0068,0.0,-0.1889,-0.8555,-0.8574,0.8822,66
26,27,1518.0,Medium*Medium*NoStarvation,10,Low*Medium*NoStarvation,25.14,6.14,7,7,5,0.1923,0.0614,0.35,0.0192,-0.0307,-0.07,0.0058,0.0,-0.0949,-0.7656,-0.7681,0.8822,26
26,28,1614.0,Low*Medium*NoStarvation,45,Medium*Medium*NoStarvation,6.14,40.43,7,7,23,0.2396,0.4043,0.35,0.024,-0.2021,-0.07,0.0072,0.0,-0.265,-0.9293,-0.9314,0.8822,96
26,29,1710.0,Medium*Medium*NoStarvation,45,Medium*Medium*NoStarvation,40.43,42.43,7,7,22,0.2292,0.4243,0.35,0.0229,-0.2121,-0.07,0.0069,0.0,-0.2753,-0.9149,-0.9194,0.8822,96
26,30,1776.0,Medium*Medium*NoStarvation,30,Medium*Medium*NoStarvation,42.43,25.71,7,7,15,0.2273,0.2571,0.35,0.0227,-0.1286,-0.07,0.0068,0.0,-0.1918,-0.8344,-0.8387,0.8822,66
26,31,1842.0,Medium*Medium*NoStarvation,30,Medium*Medium*NoStarvation,25.71,25.43,7,7,15,0.2273,0.2543,0.35,0.0227,-0.1271,-0.07,0.0068,0.0,-0.1903,-0.8387,-0.8424,0.8822,66
26,32,1938.0,Medium*Medium*NoStarvation,45,Medium*Medium*NoStarvation,25.43,40.29,7,7,23,0.2396,0.4029,0.35,0.024,-0.2014,-0.07,0.0072,0.0,-0.2642,-0.9194,-0.9224,0.8822,96
26,33,1964.0,Medium*Medium*NoStarvation,10,Low*Medium*NoStarvation,40.29,7.0,7,7,5,0.1923,0.07,0.35,0.0192,-0.035,-0.07,0.0058,0.0,-0.0992,-0.7681,-0.7707,0.8822,26
26,34,2030.0,Low*Medium*NoStarvation,30,Medium*Medium*NoStarvation,7.0,25.71,7,7,16,0.2424,0.2571,0.35,0.0242,-0.1286,-0.07,0.0073,0.0,-0.1913,-0.8574,-0.8593,0.8822,66
26,35,2126.0,Medium*Medium*NoStarvation,45,Medium*Medium*NoStarvation,25.71,40.29,7,7,23,0.2396,0.4029,0.35,0.024,-0.2014,-0.07,0.0072,0.0,-0.2642,-0.9224,-0.9251,0.8822,96
26,36,2222.0,Medium*Medium*NoStarvation,45,Medium*Medium*NoStarvation,40.29,43.57,7,7,22,0.2292,0.4357,0.35,0.0229,-0.2179,-0.07,0.0069,0.0,-0.281,-0.9251,-0.9292,0.8822,96
26,37,2268.0,Medium*Medium*NoStarvation,20,Low*Medium*NoStarvation,43.57,17.86,7,7,10,0.2174,0.1786,0.35,0.0217,-0.0893,-0.07,0.0065,0.0,-0.1528,-0.7612,-0.7699,0.8822,46
26,38,2334.0,Low*Medium*NoStarvation,30,Medium*Medium*NoStarvation,17.86,26.29,7,7,15,0.2273,0.2629,0.35,0.0227,-0.1314,-0.07,0.0068,0.0,-0.1946,-0.8593,-0.8621,0.8822,66
26,39,2380.0,Medium*Medium*NoStarvation,20,Low*Medium*NoStarvation,26.29,17.43,7,7,9,0.1957,0.1743,0.35,0.0196,-0.0871,-0.07,0.0059,0.0,-0.1513,-0.7699,-0.7776,0.8822,46
26,40,2426.0,Low*Medium*NoStarvation,20,Low*Medium*NoStarvation,17.43,16.71,7,7,10,0.2174,0.1671,0.35,0.0217,-0.0836,-0.07,0.0065,0.0,-0.147,-0.7726,-0.7796,0.8822,46
26,41,2522.0,Low*Medium*NoStarvation,45,Medium*Medium*NoStarvation,16.71,39.86,7,7,23,0.2396,0.3986,0.35,0.024,-0.1993,-0.07,0.0072,0.0,-0.2621,-0.9314,-0.9338,0.8822,96
26,42,2568.0,Medium*Medium*NoStarvation,20,Low*Medium*NoStarvation,39.86,16.14,7,7,10,0.2174,0.1614,0.35,0.0217,-0.0807,-0.07,0.0065,0.0,-0.1442,-0.7776,-0.7839,0.8822,46
26,43,2634.0,Low*Medium*NoStarvation,30,Medium*Low*NoStarvation,16.14,30.33,7,3,15,0.2273,0.3033,0.15,0.0227,-0.1517,-0.03,0.0068,0.0,-0.1748,-0.8621,-0.7934,0.8822,66
26,44,2646.0,Medium*Low*NoStarvation,20,Low*Low*NoStarvation,30.33,0.0,3,0,3,0.0652,0.0,0.0,0.0065,-0.0,-0.0,0.002,0.0,0.002,-0.0041,-0.0255,0.8822,46
27,0,116.0,Low*Low*NoStarvation,30,Medium*Medium*NoStarvation,0.83,26.71,2,7,31,0.4697,0.2671,0.35,0.047,-0.1336,-0.07,0.0141,0.0,-0.1895,-0.3069,-0.3645,0.8778,66
27,1,162.0,Medium*Medium*NoStarvation,20,Low*Medium*NoStarvation,26.71,16.86,7,7,20,0.4348,0.1686,0.35,0.0435,-0.0843,-0.07,0.013,0.0,-0.1412,-0.7839,-0.7892,0.8778,46
27,2,188.0,Low*Medium*NoStarvation,10,Low*Medium*NoStarvation,16.86,8.43,7,7,8,0.3077,0.0843,0.35,0.0308,-0.0421,-0.07,0.0092,0.0,-0.1029,-0.7737,-0.7763,0.8778,26
27,3,234.0,Low*Medium*NoStarvation,20,Low*Medium*NoStarvation,8.43,15.14,7,7,21,0.4565,0.1514,0.35,0.0457,-0.0757,-0.07,0.0137,0.0,-0.132,-0.7796,-0.7847,0.8778,46
27,4,300.0,Low*Medium*NoStarvation,30,Medium*Medium*NoStarvation,15.14,26.43,7,7,30,0.4545,0.2643,0.35,0.0455,-0.1321,-0.07,0.0136,0.0,-0.1885,-0.7934,-0.8023,0.8778,66
27,5,346.0,Medium*Medium*NoStarvation,20,Low*Medium*NoStarvation,26.43,17.14,7,7,19,0.413,0.1714,0.35,0.0413,-0.0857,-0.07,0.0124,0.0,-0.1433,-0.7892,-0.7945,0.8778,46
27,6,372.0,Low*Medium*NoStarvation,10,Low*Medium*NoStarvation,17.14,7.86,7,7,8,0.3077,0.0786,0.35,0.0308,-0.0393,-0.07,0.0092,0.0,-0.1001,-0.7763,-0.7785,0.8778,26
27,7,398.0,Low*Medium*NoStarvation,10,Low*Medium*NoStarvation,7.86,6.54,7,8,10,0.3846,0.0654,0.4,0.0385,-0.0327,-0.08,0.0115,0.0,-0.1011,-0.7785,-0.7808,0.8778,26
27,8,494.0,Low*Medium*NoStarvation,45,Medium*Medium*NoStarvation,6.54,41.57,8,7,45,0.4688,0.4157,0.35,0.0469,-0.2079,-0.07,0.0141,0.0,-0.2638,-0.9338,-0.9362,0.8778,96
27,9,520.0,Medium*Medium*NoStarvation,10,Low*Medium*NoStarvation,41.57,6.67,7,8,10,0.3846,0.0667,0.4,0.0385,-0.0333,-0.08,0.0115,0.0,-0.1018,-0.7707,-0.7741,0.8778,26
27,10,616.0,Low*Medium*NoStarvation,45,Medium*Medium*NoStarvation,6.67,42.14,8,7,43,0.4479,0.4214,0.35,0.0448,-0.2107,-0.07,0.0134,0.0,-0.2673,-0.9362,-0.9389,0.8778,96
27,11,712.0,Medium*Medium*NoStarvation,45,Medium*Medium*NoStarvation,42.14,40.57,7,7,42,0.4375,0.4057,0.35,0.0437,-0.2029,-0.07,0.0131,0.0,-0.2597,-0.9292,-0.9319,0.8778,96
27,12,778.0,Medium*Medium*NoStarvation,30,Medium*Medium*NoStarvation,40.57,26.14,7,7,29,0.4394,0.2614,0.35,0.0439,-0.1307,-0.07,0.0132,0.0,-0.1875,-0.8424,-0.8465,0.8778,66
27,13,824.0,Medium*Medium*NoStarvation,20,Low*Medium*NoStarvation,26.14,15.86,7,7,19,0.413,0.1586,0.35,0.0413,-0.0793,-0.07,0.0124,0.0,-0.1369,-0.7945,-0.799,0.8778,46
27,14,850.0,Low*Medium*NoStarvation,10,Low*Medium*NoStarvation,15.86,5.86,7,7,9,0.3462,0.0586,0.35,0.0346,-0.0293,-0.07,0.0104,0.0,-0.0889,-0.7808,-0.7819,0.8778,26
27,15,876.0,Low*Medium*NoStarvation,10,Low*Medium*NoStarvation,5.86,6.71,7,7,10,0.3846,0.0671,0.35,0.0385,-0.0336,-0.07,0.0115,0.0,-0.092,-0.7819,-0.7833,0.8778,26
27,16,902.0,Low*Medium*NoStarvation,10,Low*Medium*NoStarvation,6.71,6.14,7,6,10,0.3846,0.0614,0.3,0.0385,-0.0307,-0.06,0.0115,0.0,-0.0792,-0.7833,-0.7834,0.8778,26
27,17,998.0,Low*Medium*NoStarvation,45,Medium*Medium*NoStarvation,6.14,40.71,6,7,44,0.4583,0.4071,0.35,0.0458,-0.2036,-0.07,0.0137,0.0,-0.2598,-0.9389,-0.9407,0.8778,96
27,18,1044.0,Medium*Medium*NoStarvation,20,Low*Medium*NoStarvation,40.71,16.71,7,7,11,0.2391,0.1671,0.35,0.0239,-0.0836,-0.07,0.0072,0.0,-0.1464,-0.799,-0.8043,0.8778,46
27,19,1070.0,Low*Medium*NoStarvation,10,Low*Medium*NoStarvation,16.71,6.57,7,7,5,0.1923,0.0657,0.35,0.0192,-0.0329,-0.07,0.0058,0.0,-0.0971,-0.7834,-0.7853,0.8778,26
27,20,1116.0,Low*Medium*NoStarvation,20,Low*Medium*NoStarvation,6.57,18.0,7,7,10,0.2174,0.18,0.35,0.0217,-0.09,-0.07,0.0065,0.0,-0.1535,-0.7847,-0.7922,0.8778,46
27,21,1142.0,Low*Medium*NoStarvation,10,Low*Medium*NoStarvation,18.0,5.43,7,7,5,0.1923,0.0543,0.35,0.0192,-0.0271,-0.07,0.0058,0.0,-0.0914,-0.7853,-0.7865,0.8778,26
27,22,1188.0,Low*Medium*NoStarvation,20,Low*Medium*NoStarvation,5.43,16.86,7,7,10,0.2174,0.1686,0.35,0.0217,-0.0843,-0.07,0.0065,0.0,-0.1478,-0.7922,-0.7985,0.8778,46
27,23,1214.0,Low*Medium*NoStarvation,10,Low*Medium*NoStarvation,16.86,7.43,7,7,5,0.1923,0.0743,0.35,0.0192,-0.0371,-0.07,0.0058,0.0,-0.1014,-0.7865,-0.7888,0.8778,26
27,24,1310.0,Low*Medium*NoStarvation,45,Medium*Medium*NoStarvation,7.43,39.29,7,7,23,0.2396,0.3929,0.35,0.024,-0.1964,-0.07,0.0072,0.0,-0.2592,-0.9407,-0.9422,0.8778,96
27,25,1356.0,Medium*Medium*NoStarvation,20,Low*Medium*NoStarvation,39.29,16.14,7,7,10,0.2174,0.1614,0.35,0.0217,-0.0807,-0.07,0.0065,0.0,-0.1442,-0.8043,-0.8093,0.8778,46
27,26,1422.0,Low*Medium*NoStarvation,30,Medium*Medium*NoStarvation,16.14,26.14,7,7,15,0.2273,0.2614,0.35,0.0227,-0.1307,-0.07,0.0068,0.0,-0.1939,-0.8023,-0.8111,0.8778,66
27,27,1518.0,Medium*Medium*NoStarvation,45,Medium*Medium*NoStarvation,26.14,41.57,7,7,22,0.2292,0.4157,0.35,0.0229,-0.2079,-0.07,0.0069,0.0,-0.271,-0.9319,-0.9355,0.8778,96
27,28,1544.0,Medium*Medium*NoStarvation,10,Low*Medium*NoStarvation,41.57,6.43,7,7,5,0.1923,0.0643,0.35,0.0192,-0.0321,-0.07,0.0058,0.0,-0.0964,-0.7741,-0.7773,0.8778,26
27,29,1570.0,Low*Medium*NoStarvation,10,Low*Medium*NoStarvation,6.43,7.0,7,7,5,0.1923,0.07,0.35,0.0192,-0.035,-0.07,0.0058,0.0,-0.0992,-0.7888,-0.7909,0.8778,26
27,30,1636.0,Low*Medium*NoStarvation,30,Medium*Medium*NoStarvation,7.0,26.43,7,7,15,0.2273,0.2643,0.35,0.0227,-0.1321,-0.07,0.0068,0.0,-0.1953,-0.8111,-0.8195,0.8778,66
27,31,1682.0,Medium*Medium*NoStarvation,20,Low*Medium*NoStarvation,26.43,16.14,7,7,10,0.2174,0.1614,0.35,0.0217,-0.0807,-0.07,0.0065,0.0,-0.1442,-0.8093,-0.8139,0.8778,46
27,32,1778.0,Low*Medium*NoStarvation,45,Medium*Medium*NoStarvation,16.14,41.57,7,7,23,0.2396,0.4157,0.35,0.024,-0.2079,-0.07,0.0072,0.0,-0.2707,-0.9422,-0.945,0.8778,96
27,33,1844.0,Medium*Medium*NoStarvation,30,Medium*Medium*NoStarvation,41.57,26.14,7,7,15,0.2273,0.2614,0.35,0.0227,-0.1307,-0.07,0.0068,0.0,-0.1939,-0.8465,-0.8512,0.8778,66
27,34,1870.0,Medium*Medium*NoStarvation,10,Low*Medium*NoStarvation,26.14,9.86,7,7,4,0.1538,0.0986,0.35,0.0154,-0.0493,-0.07,0.0046,0.0,-0.1147,-0.7773,-0.7822,0.8778,26
27,35,1896.0,Low*Medium*NoStarvation,10,Low*Medium*NoStarvation,9.86,6.14,7,7,5,0.1923,0.0614,0.35,0.0192,-0.0307,-0.07,0.0058,0.0,-0.0949,-0.7909,-0.7924,0.8778,26
27,36,1922.0,Low*Medium*NoStarvation,10,Low*Medium*NoStarvation,6.14,7.43,7,7,4,0.1538,0.0743,0.35,0.0154,-0.0371,-0.07,0.0046,0.0,-0.1025,-0.7924,-0.7948,0.8778,26
27,37,1948.0,Low*Medium*NoStarvation,10,Low*Medium*NoStarvation,7.43,6.29,7,7,5,0.1923,0.0629,0.35,0.0192,-0.0314,-0.07,0.0058,0.0,-0.0957,-0.7948,-0.7964,0.8778,26
27,38,1994.0,Low*Medium*NoStarvation,20,Low*Medium*NoStarvation,6.29,15.86,7,7,10,0.2174,0.1586,0.35,0.0217,-0.0793,-0.07,0.0065,0.0,-0.1428,-0.7985,-0.8046,0.8778,46
27,39,2020.0,Low*Medium*NoStarvation,10,Low*Medium*NoStarvation,15.86,5.86,7,6,5,0.1923,0.0586,0.3,0.0192,-0.0293,-0.06,0.0058,0.0,-0.0835,-0.7964,-0.7968,0.8778,26
27,40,2116.0,Low*Medium*NoStarvation,45,Medium*Medium*NoStarvation,5.86,42.71,6,7,22,0.2292,0.4271,0.35,0.0229,-0.2136,-0.07,0.0069,0.0,-0.2767,-0.945,-0.9486,0.8778,96
27,41,2162.0,Medium*Medium*NoStarvation,20,Low*Medium*NoStarvation,42.71,15.43,7,7,10,0.2174,0.1543,0.35,0.0217,-0.0771,-0.07,0.0065,0.0,-0.1406,-0.8139,-0.8183,0.8778,46
27,42,2188.0,Low*Medium*NoStarvation,10,Low*Medium*NoStarvation,15.43,6.14,7,7,5,0.1923,0.0614,0.35,0.0192,-0.0307,-0.07,0.0058,0.0,-0.0949,-0.7968,-0.7983,0.8778,26
27,43,2284.0,Low*Medium*NoStarvation,45,Medium*Medium*NoStarvation,6.14,40.29,7,7,23,0.2396,0.4029,0.35,0.024,-0.2014,-0.07,0.0072,0.0,-0.2642,-0.9486,-0.9506,0.8778,96
27,44,2310.0,Medium*Medium*NoStarvation,10,Low*Medium*NoStarvation,40.29,7.57,7,7,4,0.1538,0.0757,0.35,0.0154,-0.0379,-0.07,0.0046,0.0,-0.1032,-0.7822,-0.7862,0.8778,26
27,45,2336.0,Low*Medium*NoStarvation,10,Low*Medium*NoStarvation,7.57,7.71,7,7,4,0.1538,0.0771,0.35,0.0154,-0.0386,-0.07,0.0046,0.0,-0.104,-0.7983,-0.8007,0.8778,26
27,46,2402.0,Low*Medium*NoStarvation,30,Medium*Medium*NoStarvation,7.71,25.71,7,7,15,0.2273,0.2571,0.35,0.0227,-0.1286,-0.07,0.0068,0.0,-0.1918,-0.8195,-0.8275,0.8778,66
27,47,2468.0,Medium*Medium*NoStarvation,30,Medium*Medium*NoStarvation,25.71,25.86,7,7,15,0.2273,0.2586,0.35,0.0227,-0.1293,-0.07,0.0068,0.0,-0.1925,-0.8512,-0.8561,0.8778,66
27,48,2564.0,Medium*Medium*NoStarvation,45,Medium*Medium*NoStarvation,25.86,39.0,7,7,23,0.2396,0.39,0.35,0.024,-0.195,-0.07,0.0072,0.0,-0.2578,-0.9355,-0.9385,0.8778,96
27,49,2590.0,Medium*Medium*NoStarvation,10,Low*Medium*NoStarvation,39.0,7.0,7,7,5,0.1923,0.07,0.35,0.0192,-0.035,-0.07,0.0058,0.0,-0.0992,-0.7862,-0.7896,0.8778,26
27,50,2616.0,Low*Medium*NoStarvation,10,Low*Medium*NoStarvation,7.0,8.57,7,7,4,0.1538,0.0857,0.35,0.0154,-0.0429,-0.07,0.0046,0.0,-0.1082,-0.8007,-0.8035,0.8778,26
27,51,2664.0,Low*Medium*NoStarvation,45,Low*Low*NoStarvation,8.57,0.0,7,0,21,0.2188,0.0,0.0,0.0219,-0.0,-0.0,0.0066,0.0,0.0066,-0.9506,-0.8769,0.8778,96
28,0,146.0,Low*Low*NoStarvation,45,Medium*Medium*NoStarvation,0.83,40.71,2,7,47,0.4896,0.4071,0.35,0.049,-0.2036,-0.07,0.0147,0.0,-0.2589,-0.2447,-0.3172,0.8734,96
28,1,172.0,Medium*Medium*NoStarvation,10,Low*Medium*NoStarvation,40.71,8.43,7,7,9,0.3462,0.0843,0.35,0.0346,-0.0421,-0.07,0.0104,0.0,-0.1018,-0.7896,-0.7931,0.8734,26
28,2,198.0,Low*Medium*NoStarvation,10,Low*Medium*NoStarvation,8.43,5.71,7,7,9,0.3462,0.0571,0.35,0.0346,-0.0286,-0.07,0.0104,0.0,-0.0882,-0.8035,-0.8043,0.8734,26
28,3,224.0,Low*Medium*NoStarvation,10,Low*Medium*NoStarvation,5.71,7.57,7,7,9,0.3462,0.0757,0.35,0.0346,-0.0379,-0.07,0.0104,0.0,-0.0975,-0.8043,-0.806,0.8734,26
28,4,320.0,Low*Medium*NoStarvation,45,Medium*Medium*NoStarvation,7.57,40.14,7,7,44,0.4583,0.4014,0.35,0.0458,-0.2007,-0.07,0.0137,0.0,-0.257,-0.8769,-0.8863,0.8734,96
28,5,386.0,Medium*Medium*NoStarvation,30,Medium*Medium*NoStarvation,40.14,25.57,7,7,31,0.4697,0.2557,0.35,0.047,-0.1279,-0.07,0.0141,0.0,-0.1838,-0.8561,-0.8603,0.8734,66
28,6,452.0,Medium*Medium*NoStarvation,30,Medium*Medium*NoStarvation,25.57,24.86,7,7,29,0.4394,0.2486,0.35,0.0439,-0.1243,-0.07,0.0132,0.0,-0.1811,-0.8603,-0.8637,0.8734,66
28,7,548.0,Medium*Medium*NoStarvation,45,Medium*Medium*NoStarvation,24.86,42.29,7,7,42,0.4375,0.4229,0.35,0.0437,-0.2114,-0.07,0.0131,0.0,-0.2683,-0.9385,-0.9429,0.8734,96
28,8,574.0,Medium*Medium*NoStarvation,10,Low*Medium*NoStarvation,42.29,6.57,7,7,9,0.3462,0.0657,0.35,0.0346,-0.0329,-0.07,0.0104,0.0,-0.0925,-0.7931,-0.7955,0.8734,26
28,9,620.0,Low*Medium*NoStarvation,20,Low*Medium*NoStarvation,6.57,15.14,7,7,20,0.4348,0.1514,0.35,0.0435,-0.0757,-0.07,0.013,0.0,-0.1327,-0.8046,-0.8098,0.8734,46
28,10,686.0,Low*Medium*NoStarvation,30,Medium*Medium*NoStarvation,15.14,26.0,7,7,28,0.4242,0.26,0.35,0.0424,-0.13,-0.07,0.0127,0.0,-0.1873,-0.8275,-0.835,0.8734,66
28,11,712.0,Medium*Medium*NoStarvation,10,Low*Medium*NoStarvation,26.0,9.5,7,8,8,0.3077,0.095,0.4,0.0308,-0.0475,-0.08,0.0092,0.0,-0.1183,-0.7955,-0.8003,0.8734,26
28,12,808.0,Low*Medium*NoStarvation,45,Medium*Medium*NoStarvation,9.5,41.14,8,7,44,0.4583,0.4114,0.35,0.0458,-0.2057,-0.07,0.0137,0.0,-0.262,-0.8863,-0.8959,0.8734,96
28,13,834.0,Medium*Medium*NoStarvation,10,Low*Medium*NoStarvation,41.14,5.14,7,6,9,0.3462,0.0514,0.3,0.0346,-0.0257,-0.06,0.0104,0.0,-0.0753,-0.8003,-0.8003,0.8734,26
28,14,860.0,Low*Medium*NoStarvation,10,Low*Medium*NoStarvation,5.14,5.29,6,6,10,0.3846,0.0529,0.3,0.0385,-0.0264,-0.06,0.0115,0.0,-0.0749,-0.806,-0.8054,0.8734,26
28,15,886.0,Low*Medium*NoStarvation,10,Low*Medium*NoStarvation,5.29,6.71,6,7,10,0.3846,0.0671,0.35,0.0385,-0.0336,-0.07,0.0115,0.0,-0.092,-0.8054,-0.8066,0.8734,26
28,16,982.0,Low*Medium*NoStarvation,45,Medium*Medium*NoStarvation,6.71,41.14,7,7,43,0.4479,0.4114,0.35,0.0448,-0.2057,-0.07,0.0134,0.0,-0.2623,-0.8959,-0.9045,0.8734,96
28,17,1048.0,Medium*Medium*NoStarvation,30,Medium*Medium*NoStarvation,41.14,25.29,7,7,20,0.303,0.2529,0.35,0.0303,-0.1264,-0.07,0.0091,0.0,-0.1873,-0.8637,-0.8681,0.8734,66
28,18,1114.0,Medium*Medium*NoStarvation,30,Medium*Medium*NoStarvation,25.29,25.0,7,7,16,0.2424,0.25,0.35,0.0242,-0.125,-0.07,0.0073,0.0,-0.1877,-0.8681,-0.8721,0.8734,66
28,19,1210.0,Medium*Medium*NoStarvation,45,Medium*Medium*NoStarvation,25.0,41.14,7,7,23,0.2396,0.4114,0.35,0.024,-0.2057,-0.07,0.0072,0.0,-0.2685,-0.9429,-0.9474,0.8734,96
28,20,1236.0,Medium*Medium*NoStarvation,10,Low*Medium*NoStarvation,41.14,6.14,7,7,5,0.1923,0.0614,0.35,0.0192,-0.0307,-0.07,0.0058,0.0,-0.0949,-0.8003,-0.8024,0.8734,26
28,21,1332.0,Low*Medium*NoStarvation,45,Medium*Medium*NoStarvation,6.14,43.0,7,7,22,0.2292,0.43,0.35,0.0229,-0.215,-0.07,0.0069,0.0,-0.2781,-0.9045,-0.9141,0.8734,96
28,22,1428.0,Medium*Medium*NoStarvation,45,Medium*Medium*NoStarvation,43.0,41.71,7,7,22,0.2292,0.4171,0.35,0.0229,-0.2086,-0.07,0.0069,0.0,-0.2717,-0.9474,-0.9521,0.8734,96
28,23,1454.0,Medium*Medium*NoStarvation,10,Low*Medium*NoStarvation,41.71,7.86,7,7,4,0.1538,0.0786,0.35,0.0154,-0.0393,-0.07,0.0046,0.0,-0.1047,-0.8024,-0.8052,0.8734,26
28,24,1480.0,Low*Medium*NoStarvation,10,Low*Medium*NoStarvation,7.86,7.86,7,7,4,0.1538,0.0786,0.35,0.0154,-0.0393,-0.07,0.0046,0.0,-0.1047,-0.8066,-0.809,0.8734,26
28,25,1526.0,Low*Medium*NoStarvation,20,Low*Medium*NoStarvation,7.86,17.0,7,7,10,0.2174,0.17,0.35,0.0217,-0.085,-0.07,0.0065,0.0,-0.1485,-0.8098,-0.8165,0.8734,46
28,26,1622.0,Low*Medium*NoStarvation,45,Medium*Medium*NoStarvation,17.0,41.43,7,7,23,0.2396,0.4143,0.35,0.024,-0.2071,-0.07,0.0072,0.0,-0.27,-0.9141,-0.9222,0.8734,96
28,27,1648.0,Medium*Medium*NoStarvation,10,Low*Medium*NoStarvation,41.43,6.43,7,7,5,0.1923,0.0643,0.35,0.0192,-0.0321,-0.07,0.0058,0.0,-0.0964,-0.8052,-0.8071,0.8734,26
28,28,1714.0,Low*Medium*NoStarvation,30,Medium*Medium*NoStarvation,6.43,27.0,7,7,14,0.2121,0.27,0.35,0.0212,-0.135,-0.07,0.0064,0.0,-0.1986,-0.835,-0.844,0.8734,66
28,29,1810.0,Medium*Medium*NoStarvation,45,Medium*Medium*NoStarvation,27.0,40.71,7,7,23,0.2396,0.4071,0.35,0.024,-0.2036,-0.07,0.0072,0.0,-0.2664,-0.9521,-0.9562,0.8734,96
28,30,1876.0,Medium*Medium*NoStarvation,30,Medium*Medium*NoStarvation,40.71,27.43,7,7,15,0.2273,0.2743,0.35,0.0227,-0.1371,-0.07,0.0068,0.0,-0.2003,-0.8721,-0.8776,0.8734,66
28,31,1902.0,Medium*Medium*NoStarvation,10,Low*Medium*NoStarvation,27.43,7.14,7,7,4,0.1538,0.0714,0.35,0.0154,-0.0357,-0.07,0.0046,0.0,-0.1011,-0.8071,-0.8093,0.8734,26
28,32,1948.0,Low*Medium*NoStarvation,20,Low*Medium*NoStarvation,7.14,14.86,7,7,10,0.2174,0.1486,0.35,0.0217,-0.0743,-0.07,0.0065,0.0,-0.1378,-0.8165,-0.8215,0.8734,46
28,33,1974.0,Low*Medium*NoStarvation,10,Low*Medium*NoStarvation,14.86,8.86,7,7,4,0.1538,0.0886,0.35,0.0154,-0.0443,-0.07,0.0046,0.0,-0.1097,-0.809,-0.8119,0.8734,26
28,34,2000.0,Low*Medium*NoStarvation,10,Low*Medium*NoStarvation,8.86,6.71,7,7,5,0.1923,0.0671,0.35,0.0192,-0.0336,-0.07,0.0058,0.0,-0.0978,-0.8119,-0.8135,0.8734,26
28,35,2046.0,Low*Medium*NoStarvation,20,Low*Medium*NoStarvation,6.71,16.71,7,7,10,0.2174,0.1671,0.35,0.0217,-0.0836,-0.07,0.0065,0.0,-0.147,-0.8215,-0.8272,0.8734,46
28,36,2072.0,Low*Medium*NoStarvation,10,Low*Medium*NoStarvation,16.71,8.71,7,7,4,0.1538,0.0871,0.35,0.0154,-0.0436,-0.07,0.0046,0.0,-0.109,-0.8135,-0.8163,0.8734,26
28,37,2098.0,Low*Medium*NoStarvation,10,Low*Medium*NoStarvation,8.71,5.71,7,7,5,0.1923,0.0571,0.35,0.0192,-0.0286,-0.07,0.0058,0.0,-0.0928,-0.8163,-0.8174,0.8734,26
28,38,2144.0,Low*Medium*NoStarvation,20,Low*Medium*NoStarvation,5.71,16.14,7,7,10,0.2174,0.1614,0.35,0.0217,-0.0807,-0.07,0.0065,0.0,-0.1442,-0.8272,-0.8325,0.8734,46
28,39,2190.0,Low*Medium*NoStarvation,20,Low*Medium*NoStarvation,16.14,15.57,7,7,10,0.2174,0.1557,0.35,0.0217,-0.0779,-0.07,0.0065,0.0,-0.1413,-0.8325,-0.8369,0.8734,46
28,40,2236.0,Low*Medium*NoStarvation,20,Low*Medium*NoStarvation,15.57,15.86,7,7,10,0.2174,0.1586,0.35,0.0217,-0.0793,-0.07,0.0065,0.0,-0.1428,-0.8369,-0.8411,0.8734,46
28,41,2302.0,Low*Medium*NoStarvation,30,Medium*Medium*NoStarvation,15.86,25.43,7,7,15,0.2273,0.2543,0.35,0.0227,-0.1271,-0.07,0.0068,0.0,-0.1903,-0.844,-0.8515,0.8734,66
28,42,2328.0,Medium*Medium*NoStarvation,10,Low*Medium*NoStarvation,25.43,6.71,7,7,5,0.1923,0.0671,0.35,0.0192,-0.0336,-0.07,0.0058,0.0,-0.0978,-0.8093,-0.8117,0.8734,26
28,43,2354.0,Low*Medium*NoStarvation,10,Low*Medium*NoStarvation,6.71,7.14,7,7,4,0.1538,0.0714,0.35,0.0154,-0.0357,-0.07,0.0046,0.0,-0.1011,-0.8174,-0.8193,0.8734,26
28,44,2420.0,Low*Medium*NoStarvation,30,Medium*Medium*NoStarvation,7.14,26.29,7,7,15,0.2273,0.2629,0.35,0.0227,-0.1314,-0.07,0.0068,0.0,-0.1946,-0.8515,-0.8589,0.8734,66
28,45,2486.0,Medium*Medium*NoStarvation,30,Medium*Medium*NoStarvation,26.29,26.29,7,7,15,0.2273,0.2629,0.35,0.0227,-0.1314,-0.07,0.0068,0.0,-0.1946,-0.8776,-0.8823,0.8734,66
28,46,2582.0,Medium*Medium*NoStarvation,45,Medium*Medium*NoStarvation,26.29,41.71,7,7,23,0.2396,0.4171,0.35,0.024,-0.2086,-0.07,0.0072,0.0,-0.2714,-0.9562,-0.9607,0.8734,96
28,47,2678.0,Medium*Medium*NoStarvation,45,Medium*Low*NoStarvation,41.71,45.33,7,3,22,0.2292,0.4533,0.15,0.0229,-0.2267,-0.03,0.0069,0.0,-0.2498,-0.9607,-0.8896,0.8734,96
28,48,2691.0,Medium*Low*NoStarvation,20,Low*Low*NoStarvation,45.33,0.0,3,0,3,0.0652,0.0,0.0,0.0065,-0.0,-0.0,0.002,0.0,0.002,-0.0255,-0.0475,0.8734,46
29,0,116.0,Low*Low*NoStarvation,30,Medium*Medium*NoStarvation,0.83,26.71,2,7,31,0.4697,0.2671,0.35,0.047,-0.1336,-0.07,0.0141,0.0,-0.1895,-0.3645,-0.4201,0.8691,66
29,1,162.0,Medium*Medium*NoStarvation,20,Low*Medium*NoStarvation,26.71,16.86,7,7,20,0.4348,0.1686,0.35,0.0435,-0.0843,-0.07,0.013,0.0,-0.1412,-0.8183,-0.8243,0.8691,46
29,2,188.0,Low*Medium*NoStarvation,10,Low*Medium*NoStarvation,16.86,8.43,7,7,8,0.3077,0.0843,0.35,0.0308,-0.0421,-0.07,0.0092,0.0,-0.1029,-0.8193,-0.8214,0.8691,26
29,3,284.0,Low*Medium*NoStarvation,45,Medium*Medium*NoStarvation,8.43,41.29,7,7,46,0.4792,0.4129,0.35,0.0479,-0.2064,-0.07,0.0144,0.0,-0.2621,-0.9222,-0.9292,0.8691,96
29,4,350.0,Medium*Medium*NoStarvation,30,Medium*Medium*NoStarvation,41.29,26.43,7,7,30,0.4545,0.2643,0.35,0.0455,-0.1321,-0.07,0.0136,0.0,-0.1885,-0.8823,-0.886,0.8691,66
29,5,446.0,Medium*Medium*NoStarvation,45,Medium*Medium*NoStarvation,26.43,42.0,7,7,42,0.4375,0.42,0.35,0.0437,-0.21,-0.07,0.0131,0.0,-0.2669,-0.8896,-0.9004,0.8691,96
29,6,492.0,Medium*Medium*NoStarvation,20,Low*Medium*NoStarvation,42.0,16.71,7,7,19,0.413,0.1671,0.35,0.0413,-0.0836,-0.07,0.0124,0.0,-0.1412,-0.8243,-0.83,0.8691,46
29,7,558.0,Low*Medium*NoStarvation,30,Medium*Medium*NoStarvation,16.71,24.43,7,7,30,0.4545,0.2443,0.35,0.0455,-0.1221,-0.07,0.0136,0.0,-0.1785,-0.8589,-0.8639,0.8691,66
29,8,604.0,Medium*Medium*NoStarvation,20,Low*Medium*NoStarvation,24.43,16.14,7,7,19,0.413,0.1614,0.35,0.0413,-0.0807,-0.07,0.0124,0.0,-0.1383,-0.83,-0.8347,0.8691,46
29,9,650.0,Low*Medium*NoStarvation,20,Low*Medium*NoStarvation,16.14,15.86,7,7,19,0.413,0.1586,0.35,0.0413,-0.0793,-0.07,0.0124,0.0,-0.1369,-0.8411,-0.8446,0.8691,46
29,10,746.0,Low*Medium*NoStarvation,45,Medium*Medium*NoStarvation,15.86,41.86,7,7,41,0.4271,0.4186,0.35,0.0427,-0.2093,-0.07,0.0128,0.0,-0.2665,-0.9292,-0.936,0.8691,96
29,11,812.0,Medium*Medium*NoStarvation,30,Medium*Medium*NoStarvation,41.86,24.71,7,7,28,0.4242,0.2471,0.35,0.0424,-0.1236,-0.07,0.0127,0.0,-0.1808,-0.886,-0.8885,0.8691,66
29,12,858.0,Medium*Medium*NoStarvation,20,Low*Medium*NoStarvation,24.71,14.86,7,7,20,0.4348,0.1486,0.35,0.0435,-0.0743,-0.07,0.013,0.0,-0.1312,-0.8347,-0.8383,0.8691,46
29,13,904.0,Low*Medium*NoStarvation,20,Low*Medium*NoStarvation,14.86,16.43,7,7,19,0.413,0.1643,0.35,0.0413,-0.0821,-0.07,0.0124,0.0,-0.1398,-0.8446,-0.8481,0.8691,46
29,14,950.0,Low*Medium*NoStarvation,20,Low*Medium*NoStarvation,16.43,16.0,7,7,19,0.413,0.16,0.35,0.0413,-0.08,-0.07,0.0124,0.0,-0.1376,-0.8481,-0.8509,0.8691,46
29,15,1016.0,Low*Medium*NoStarvation,30,Medium*Medium*NoStarvation,16.0,25.57,7,7,26,0.3939,0.2557,0.35,0.0394,-0.1279,-0.07,0.0118,0.0,-0.186,-0.8639,-0.8692,0.8691,66
29,16,1082.0,Medium*Medium*NoStarvation,30,Medium*Medium*NoStarvation,25.57,26.0,7,7,15,0.2273,0.26,0.35,0.0227,-0.13,-0.07,0.0068,0.0,-0.1932,-0.8885,-0.8921,0.8691,66
29,17,1108.0,Medium*Medium*NoStarvation,10,Low*Medium*NoStarvation,26.0,5.71,7,6,5,0.1923,0.0571,0.3,0.0192,-0.0286,-0.06,0.0058,0.0,-0.0828,-0.8117,-0.8128,0.8691,26
29,18,1134.0,Low*Medium*NoStarvation,10,Low*Medium*NoStarvation,5.71,5.43,6,6,5,0.1923,0.0543,0.3,0.0192,-0.0271,-0.06,0.0058,0.0,-0.0814,-0.8214,-0.8214,0.8691,26
29,19,1160.0,Low*Medium*NoStarvation,10,Low*Medium*NoStarvation,5.43,7.0,6,7,5,0.1923,0.07,0.35,0.0192,-0.035,-0.07,0.0058,0.0,-0.0992,-0.8214,-0.8231,0.8691,26
29,20,1256.0,Low*Medium*NoStarvation,45,Medium*Medium*NoStarvation,7.0,41.71,7,7,22,0.2292,0.4171,0.35,0.0229,-0.2086,-0.07,0.0069,0.0,-0.2717,-0.936,-0.9427,0.8691,96
29,21,1302.0,Medium*Medium*NoStarvation,20,Low*Medium*NoStarvation,41.71,16.0,7,7,10,0.2174,0.16,0.35,0.0217,-0.08,-0.07,0.0065,0.0,-0.1435,-0.8383,-0.8429,0.8691,46
29,22,1328.0,Low*Medium*NoStarvation,10,Low*Medium*NoStarvation,16.0,8.0,7,7,4,0.1538,0.08,0.35,0.0154,-0.04,-0.07,0.0046,0.0,-0.1054,-0.8231,-0.8254,0.8691,26
29,23,1354.0,Low*Medium*NoStarvation,10,Low*Medium*NoStarvation,8.0,5.57,7,7,5,0.1923,0.0557,0.35,0.0192,-0.0279,-0.07,0.0058,0.0,-0.0921,-0.8254,-0.8263,0.8691,26
29,24,1380.0,Low*Medium*NoStarvation,10,Low*Medium*NoStarvation,5.57,5.71,7,6,5,0.1923,0.0571,0.3,0.0192,-0.0286,-0.06,0.0058,0.0,-0.0828,-0.8263,-0.8264,0.8691,26
29,25,1476.0,Low*Medium*NoStarvation,45,Medium*Medium*NoStarvation,5.71,42.14,6,7,22,0.2292,0.4214,0.35,0.0229,-0.2107,-0.07,0.0069,0.0,-0.2738,-0.9427,-0.949,0.8691,96
29,26,1542.0,Medium*Medium*NoStarvation,30,Medium*Medium*NoStarvation,42.14,26.57,7,7,15,0.2273,0.2657,0.35,0.0227,-0.1329,-0.07,0.0068,0.0,-0.196,-0.8921,-0.8956,0.8691,66
29,27,1568.0,Medium*Medium*NoStarvation,10,Low*Medium*NoStarvation,26.57,7.29,7,7,5,0.1923,0.0729,0.35,0.0192,-0.0364,-0.07,0.0058,0.0,-0.1007,-0.8128,-0.8159,0.8691,26
29,28,1594.0,Low*Medium*NoStarvation,10,Low*Medium*NoStarvation,7.29,7.57,7,7,4,0.1538,0.0757,0.35,0.0154,-0.0379,-0.07,0.0046,0.0,-0.1032,-0.8264,-0.8284,0.8691,26
29,29,1620.0,Low*Medium*NoStarvation,10,Low*Medium*NoStarvation,7.57,8.71,7,7,4,0.1538,0.0871,0.35,0.0154,-0.0436,-0.07,0.0046,0.0,-0.109,-0.8284,-0.831,0.8691,26
29,30,1716.0,Low*Medium*NoStarvation,45,Medium*Medium*NoStarvation,8.71,41.86,7,7,22,0.2292,0.4186,0.35,0.0229,-0.2093,-0.07,0.0069,0.0,-0.2724,-0.949,-0.9548,0.8691,96
29,31,1742.0,Medium*Medium*NoStarvation,10,Low*Medium*NoStarvation,41.86,8.0,7,7,4,0.1538,0.08,0.35,0.0154,-0.04,-0.07,0.0046,0.0,-0.1054,-0.8159,-0.8197,0.8691,26
29,32,1768.0,Low*Medium*NoStarvation,10,Low*Medium*NoStarvation,8.0,7.0,7,7,5,0.1923,0.07,0.35,0.0192,-0.035,-0.07,0.0058,0.0,-0.0992,-0.831,-0.8326,0.8691,26
29,33,1864.0,Low*Medium*NoStarvation,45,Medium*Medium*NoStarvation,7.0,42.57,7,7,22,0.2292,0.4257,0.35,0.0229,-0.2129,-0.07,0.0069,0.0,-0.276,-0.9548,-0.9606,0.8691,96
29,34,1930.0,Medium*Medium*NoStarvation,30,Medium*Medium*NoStarvation,42.57,26.14,7,7,15,0.2273,0.2614,0.35,0.0227,-0.1307,-0.07,0.0068,0.0,-0.1939,-0.8956,-0.8992,0.8691,66
29,35,1996.0,Medium*Medium*NoStarvation,30,Medium*Medium*NoStarvation,26.14,27.14,7,7,15,0.2273,0.2714,0.35,0.0227,-0.1357,-0.07,0.0068,0.0,-0.1989,-0.8992,-0.903,0.8691,66
29,36,2022.0,Medium*Medium*NoStarvation,10,Low*Medium*NoStarvation,27.14,6.29,7,7,5,0.1923,0.0629,0.35,0.0192,-0.0314,-0.07,0.0058,0.0,-0.0957,-0.8197,-0.8222,0.8691,26
29,37,2118.0,Low*Medium*NoStarvation,45,Medium*Medium*NoStarvation,6.29,40.57,7,7,23,0.2396,0.4057,0.35,0.024,-0.2029,-0.07,0.0072,0.0,-0.2657,-0.9606,-0.9651,0.8691,96
29,38,2214.0,Medium*Medium*NoStarvation,45,Medium*Medium*NoStarvation,40.57,41.57,7,7,22,0.2292,0.4157,0.35,0.0229,-0.2079,-0.07,0.0069,0.0,-0.271,-0.9004,-0.9115,0.8691,96
29,39,2310.0,Medium*Medium*NoStarvation,45,Medium*Medium*NoStarvation,41.57,42.43,7,7,22,0.2292,0.4243,0.35,0.0229,-0.2121,-0.07,0.0069,0.0,-0.2753,-0.9115,-0.9219,0.8691,96
29,40,2376.0,Medium*Medium*NoStarvation,30,Medium*Medium*NoStarvation,42.43,25.71,7,7,15,0.2273,0.2571,0.35,0.0227,-0.1286,-0.07,0.0068,0.0,-0.1918,-0.903,-0.9058,0.8691,66
29,41,2472.0,Medium*Medium*NoStarvation,45,Medium*Medium*NoStarvation,25.71,41.57,7,7,22,0.2292,0.4157,0.35,0.0229,-0.2079,-0.07,0.0069,0.0,-0.271,-0.9219,-0.9308,0.8691,96
29,42,2498.0,Medium*Medium*NoStarvation,10,Low*Medium*NoStarvation,41.57,7.71,7,7,4,0.1538,0.0771,0.35,0.0154,-0.0386,-0.07,0.0046,0.0,-0.104,-0.8222,-0.8253,0.8691,26
29,43,2594.0,Low*Medium*NoStarvation,45,Medium*Medium*NoStarvation,7.71,41.0,7,7,22,0.2292,0.41,0.35,0.0229,-0.205,-0.07,0.0069,0.0,-0.2681,-0.9651,-0.9697,0.8691,96
29,44,2640.0,Medium*Medium*NoStarvation,20,Low*Medium*NoStarvation,41.0,15.71,7,7,10,0.2174,0.1571,0.35,0.0217,-0.0786,-0.07,0.0065,0.0,-0.142,-0.8429,-0.8478,0.8691,46
29,45,2666.0,Low*Medium*NoStarvation,45,Low*Low*NoStarvation,15.71,0.0,7,0,10,0.1042,0.0,0.0,0.0104,-0.0,-0.0,0.0031,0.0,0.0031,-0.9697,-0.8972,0.8691,96
30,0,116.0,Low*Low*NoStarvation,30,Medium*Medium*NoStarvation,0.83,26.71,2,7,31,0.4697,0.2671,0.35,0.047,-0.1336,-0.07,0.0141,0.0,-0.1895,-0.4201,-0.4713,0.8647,66
30,1,182.0,Medium*Medium*NoStarvation,30,Medium*Medium*NoStarvation,26.71,26.43,7,7,30,0.4545,0.2643,0.35,0.0455,-0.1321,-0.07,0.0136,0.0,-0.1885,-0.9058,-0.9084,0.8647,66
30,2,208.0,Medium*Medium*NoStarvation,10,Low*Medium*NoStarvation,26.43,6.0,7,7,9,0.3462,0.06,0.35,0.0346,-0.03,-0.07,0.0104,0.0,-0.0896,-0.8253,-0.8267,0.8647,26
30,3,234.0,Low*Medium*NoStarvation,10,Low*Medium*NoStarvation,6.0,7.43,7,7,8,0.3077,0.0743,0.35,0.0308,-0.0371,-0.07,0.0092,0.0,-0.0979,-0.8326,-0.8341,0.8647,26
30,4,260.0,Low*Medium*NoStarvation,10,Low*Medium*NoStarvation,7.43,6.14,7,7,10,0.3846,0.0614,0.35,0.0385,-0.0307,-0.07,0.0115,0.0,-0.0892,-0.8341,-0.8347,0.8647,26
30,5,286.0,Low*Medium*NoStarvation,10,Low*Medium*NoStarvation,6.14,9.0,7,7,9,0.3462,0.09,0.35,0.0346,-0.045,-0.07,0.0104,0.0,-0.1046,-0.8347,-0.8368,0.8647,26
30,6,382.0,Low*Medium*NoStarvation,45,Medium*Medium*NoStarvation,9.0,41.0,7,7,46,0.4792,0.41,0.35,0.0479,-0.205,-0.07,0.0144,0.0,-0.2606,-0.8972,-0.9079,0.8647,96
30,7,428.0,Medium*Medium*NoStarvation,20,Low*Medium*NoStarvation,41.0,16.96,7,8,20,0.4348,0.1696,0.4,0.0435,-0.0848,-0.08,0.013,0.0,-0.1518,-0.8478,-0.8535,0.8647,46
30,8,494.0,Low*Medium*NoStarvation,30,Medium*Medium*NoStarvation,16.96,25.57,8,7,29,0.4394,0.2557,0.35,0.0439,-0.1279,-0.07,0.0132,0.0,-0.1847,-0.8692,-0.8751,0.8647,66
30,9,520.0,Medium*Medium*NoStarvation,10,Low*Medium*NoStarvation,25.57,6.14,7,7,9,0.3462,0.0614,0.35,0.0346,-0.0307,-0.07,0.0104,0.0,-0.0903,-0.8267,-0.8284,0.8647,26
30,10,546.0,Low*Medium*NoStarvation,10,Low*Medium*NoStarvation,6.14,7.57,7,7,9,0.3462,0.0757,0.35,0.0346,-0.0379,-0.07,0.0104,0.0,-0.0975,-0.8368,-0.8382,0.8647,26
30,11,612.0,Low*Medium*NoStarvation,30,Medium*Medium*NoStarvation,7.57,26.71,7,7,31,0.4697,0.2671,0.35,0.047,-0.1336,-0.07,0.0141,0.0,-0.1895,-0.8751,-0.8811,0.8647,66
30,12,708.0,Medium*Medium*NoStarvation,45,Medium*Medium*NoStarvation,26.71,41.43,7,7,43,0.4479,0.4143,0.35,0.0448,-0.2071,-0.07,0.0134,0.0,-0.2637,-0.9308,-0.9386,0.8647,96
30,13,754.0,Medium*Medium*NoStarvation,20,Low*Medium*NoStarvation,41.43,16.0,7,7,19,0.413,0.16,0.35,0.0413,-0.08,-0.07,0.0124,0.0,-0.1376,-0.8535,-0.8573,0.8647,46
30,14,850.0,Low*Medium*NoStarvation,45,Medium*Medium*NoStarvation,16.0,41.43,7,7,41,0.4271,0.4143,0.35,0.0427,-0.2071,-0.07,0.0128,0.0,-0.2643,-0.9079,-0.9181,0.8647,96
30,15,946.0,Medium*Medium*NoStarvation,45,Medium*Medium*NoStarvation,41.43,41.14,7,7,42,0.4375,0.4114,0.35,0.0437,-0.2057,-0.07,0.0131,0.0,-0.2626,-0.9386,-0.9456,0.8647,96
30,16,992.0,Medium*Medium*NoStarvation,20,Low*Medium*NoStarvation,41.14,16.0,7,7,19,0.413,0.16,0.35,0.0413,-0.08,-0.07,0.0124,0.0,-0.1376,-0.8573,-0.8608,0.8647,46
30,17,1088.0,Low*Medium*NoStarvation,45,Medium*Medium*NoStarvation,16.0,41.57,7,7,26,0.2708,0.4157,0.35,0.0271,-0.2079,-0.07,0.0081,0.0,-0.2697,-0.9181,-0.9278,0.8647,96
30,18,1114.0,Medium*Medium*NoStarvation,10,Low*Medium*NoStarvation,41.57,5.86,7,7,5,0.1923,0.0586,0.35,0.0192,-0.0293,-0.07,0.0058,0.0,-0.0935,-0.8284,-0.8303,0.8647,26
30,19,1140.0,Low*Medium*NoStarvation,10,Low*Medium*NoStarvation,5.86,7.29,7,7,4,0.1538,0.0729,0.35,0.0154,-0.0364,-0.07,0.0046,0.0,-0.1018,-0.8382,-0.84,0.8647,26
30,20,1186.0,Low*Medium*NoStarvation,20,Low*Medium*NoStarvation,7.29,17.43,7,7,10,0.2174,0.1743,0.35,0.0217,-0.0871,-0.07,0.0065,0.0,-0.1506,-0.8509,-0.8565,0.8647,46
30,21,1282.0,Low*Medium*NoStarvation,45,Medium*Medium*NoStarvation,17.43,40.71,7,7,23,0.2396,0.4071,0.35,0.024,-0.2036,-0.07,0.0072,0.0,-0.2664,-0.9278,-0.9364,0.8647,96
30,22,1308.0,Medium*Medium*NoStarvation,10,Low*Medium*NoStarvation,40.71,8.14,7,7,4,0.1538,0.0814,0.35,0.0154,-0.0407,-0.07,0.0046,0.0,-0.1061,-0.8303,-0.8335,0.8647,26
30,23,1404.0,Low*Medium*NoStarvation,45,Medium*Medium*NoStarvation,8.14,40.71,7,7,23,0.2396,0.4071,0.35,0.024,-0.2036,-0.07,0.0072,0.0,-0.2664,-0.9364,-0.9444,0.8647,96
30,24,1430.0,Medium*Medium*NoStarvation,10,Low*Medium*NoStarvation,40.71,6.86,7,7,5,0.1923,0.0686,0.35,0.0192,-0.0343,-0.07,0.0058,0.0,-0.0985,-0.8335,-0.8356,0.8647,26
30,25,1456.0,Low*Medium*NoStarvation,10,Low*Medium*NoStarvation,6.86,7.57,7,7,4,0.1538,0.0757,0.35,0.0154,-0.0379,-0.07,0.0046,0.0,-0.1032,-0.84,-0.8419,0.8647,26
30,26,1552.0,Low*Medium*NoStarvation,45,Medium*Medium*NoStarvation,7.57,39.86,7,7,23,0.2396,0.3986,0.35,0.024,-0.1993,-0.07,0.0072,0.0,-0.2621,-0.9444,-0.9514,0.8647,96
30,27,1618.0,Medium*Medium*NoStarvation,30,Medium*Medium*NoStarvation,39.86,25.43,7,7,16,0.2424,0.2543,0.35,0.0242,-0.1271,-0.07,0.0073,0.0,-0.1899,-0.9084,-0.9117,0.8647,66
30,28,1664.0,Medium*Medium*NoStarvation,20,Low*Medium*NoStarvation,25.43,17.0,7,7,10,0.2174,0.17,0.35,0.0217,-0.085,-0.07,0.0065,0.0,-0.1485,-0.8608,-0.8653,0.8647,46
30,29,1760.0,Low*Medium*NoStarvation,45,Medium*Medium*NoStarvation,17.0,39.57,7,7,23,0.2396,0.3957,0.35,0.024,-0.1979,-0.07,0.0072,0.0,-0.2607,-0.9514,-0.9575,0.8647,96
30,30,1826.0,Medium*Medium*NoStarvation,30,Medium*Medium*NoStarvation,39.57,25.71,7,7,15,0.2273,0.2571,0.35,0.0227,-0.1286,-0.07,0.0068,0.0,-0.1918,-0.9117,-0.9149,0.8647,66
30,31,1852.0,Medium*Medium*NoStarvation,10,Low*Medium*NoStarvation,25.71,7.29,7,7,5,0.1923,0.0729,0.35,0.0192,-0.0364,-0.07,0.0058,0.0,-0.1007,-0.8356,-0.8379,0.8647,26
30,32,1948.0,Low*Medium*NoStarvation,45,Medium*Medium*NoStarvation,7.29,40.86,7,7,22,0.2292,0.4086,0.35,0.0229,-0.2043,-0.07,0.0069,0.0,-0.2674,-0.9575,-0.9639,0.8647,96
30,33,1974.0,Medium*Medium*NoStarvation,10,Low*Medium*NoStarvation,40.86,5.71,7,7,5,0.1923,0.0571,0.35,0.0192,-0.0286,-0.07,0.0058,0.0,-0.0928,-0.8379,-0.8391,0.8647,26
30,34,2000.0,Low*Medium*NoStarvation,10,Low*Medium*NoStarvation,5.71,6.43,7,7,5,0.1923,0.0643,0.35,0.0192,-0.0321,-0.07,0.0058,0.0,-0.0964,-0.8419,-0.8431,0.8647,26
30,35,2026.0,Low*Medium*NoStarvation,10,Low*Medium*NoStarvation,6.43,7.86,7,7,4,0.1538,0.0786,0.35,0.0154,-0.0393,-0.07,0.0046,0.0,-0.1047,-0.8431,-0.8452,0.8647,26
30,36,2092.0,Low*Medium*NoStarvation,30,Medium*Medium*NoStarvation,7.86,26.86,7,7,15,0.2273,0.2686,0.35,0.0227,-0.1343,-0.07,0.0068,0.0,-0.1975,-0.8811,-0.8883,0.8647,66
30,37,2118.0,Medium*Medium*NoStarvation,10,Low*Medium*NoStarvation,26.86,6.57,7,7,5,0.1923,0.0657,0.35,0.0192,-0.0329,-0.07,0.0058,0.0,-0.0971,-0.8391,-0.841,0.8647,26
30,38,2184.0,Low*Medium*NoStarvation,30,Medium*Medium*NoStarvation,6.57,26.14,7,7,15,0.2273,0.2614,0.35,0.0227,-0.1307,-0.07,0.0068,0.0,-0.1939,-0.8883,-0.8945,0.8647,66
30,39,2210.0,Medium*Medium*NoStarvation,10,Low*Medium*NoStarvation,26.14,8.0,7,7,4,0.1538,0.08,0.35,0.0154,-0.04,-0.07,0.0046,0.0,-0.1054,-0.841,-0.8435,0.8647,26
30,40,2236.0,Low*Medium*NoStarvation,10,Low*Medium*NoStarvation,8.0,5.29,7,6,5,0.1923,0.0529,0.3,0.0192,-0.0264,-0.06,0.0058,0.0,-0.0807,-0.8452,-0.8448,0.8647,26
30,41,2282.0,Low*Medium*NoStarvation,20,Low*Medium*NoStarvation,5.29,16.71,6,7,10,0.2174,0.1671,0.35,0.0217,-0.0836,-0.07,0.0065,0.0,-0.147,-0.8565,-0.8616,0.8647,46
30,42,2378.0,Low*Medium*NoStarvation,45,Medium*Medium*NoStarvation,16.71,41.43,7,7,23,0.2396,0.4143,0.35,0.024,-0.2071,-0.07,0.0072,0.0,-0.27,-0.9639,-0.9704,0.8647,96
30,43,2404.0,Medium*Medium*NoStarvation,10,Low*Medium*NoStarvation,41.43,6.86,7,7,5,0.1923,0.0686,0.35,0.0192,-0.0343,-0.07,0.0058,0.0,-0.0985,-0.8435,-0.845,0.8647,26
30,44,2430.0,Low*Medium*NoStarvation,10,Low*Medium*NoStarvation,6.86,7.43,7,7,5,0.1923,0.0743,0.35,0.0192,-0.0371,-0.07,0.0058,0.0,-0.1014,-0.8448,-0.8465,0.8647,26
30,45,2526.0,Low*Medium*NoStarvation,45,Medium*Medium*NoStarvation,7.43,40.43,7,7,23,0.2396,0.4043,0.35,0.024,-0.2021,-0.07,0.0072,0.0,-0.265,-0.9704,-0.9759,0.8647,96
30,46,2552.0,Medium*Medium*NoStarvation,10,Low*Medium*NoStarvation,40.43,6.57,7,7,5,0.1923,0.0657,0.35,0.0192,-0.0329,-0.07,0.0058,0.0,-0.0971,-0.845,-0.8464,0.8647,26
30,47,2618.0,Low*Medium*NoStarvation,30,Medium*Medium*NoStarvation,6.57,26.43,7,7,15,0.2273,0.2643,0.35,0.0227,-0.1321,-0.07,0.0068,0.0,-0.1953,-0.8945,-0.9008,0.8647,66
30,48,2664.0,Medium*Medium*NoStarvation,20,Low*Low*NoStarvation,26.43,19.25,7,4,10,0.2174,0.1925,0.2,0.0217,-0.0963,-0.04,0.0065,0.0,-0.1297,-0.8653,-0.8165,0.8647,46
30,49,2679.0,Low*Low*NoStarvation,30,Low*Low*NoStarvation,19.25,0.0,4,0,4,0.0606,0.0,0.0,0.0061,-0.0,-0.0,0.0018,0.0,0.0018,-0.4713,-0.4487,0.8647,66
31,0,96.0,Low*Low*NoStarvation,20,Low*Medium*NoStarvation,0.83,16.14,2,7,21,0.4565,0.1614,0.35,0.0457,-0.0807,-0.07,0.0137,0.0,-0.137,-0.2747,-0.3371,0.8604,46
31,1,162.0,Low*Medium*NoStarvation,30,Medium*Medium*NoStarvation,16.14,26.0,7,7,30,0.4545,0.26,0.35,0.0455,-0.13,-0.07,0.0136,0.0,-0.1864,-0.9008,-0.9028,0.8604,66
31,2,258.0,Medium*Medium*NoStarvation,45,Medium*Medium*NoStarvation,26.0,40.9,7,8,46,0.4792,0.409,0.4,0.0479,-0.2045,-0.08,0.0144,0.0,-0.2701,-0.9456,-0.9515,0.8604,96
31,3,324.0,Medium*Medium*NoStarvation,30,Medium*Medium*NoStarvation,40.9,26.29,8,7,29,0.4394,0.2629,0.35,0.0439,-0.1314,-0.07,0.0132,0.0,-0.1882,-0.9149,-0.9158,0.8604,66
31,4,420.0,Medium*Medium*NoStarvation,45,Medium*Medium*NoStarvation,26.29,39.86,7,7,43,0.4479,0.3986,0.35,0.0448,-0.1993,-0.07,0.0134,0.0,-0.2558,-0.9515,-0.9554,0.8604,96
31,5,486.0,Medium*Medium*NoStarvation,30,Medium*Medium*NoStarvation,39.86,26.71,7,7,28,0.4242,0.2671,0.35,0.0424,-0.1336,-0.07,0.0127,0.0,-0.1908,-0.9158,-0.9167,0.8604,66
31,6,512.0,Medium*Medium*NoStarvation,10,Low*Medium*NoStarvation,26.71,6.71,7,7,10,0.3846,0.0671,0.35,0.0385,-0.0336,-0.07,0.0115,0.0,-0.092,-0.8464,-0.8472,0.8604,26
31,7,538.0,Low*Medium*NoStarvation,10,Low*Medium*NoStarvation,6.71,5.71,7,7,10,0.3846,0.0571,0.35,0.0385,-0.0286,-0.07,0.0115,0.0,-0.087,-0.8465,-0.8467,0.8604,26
31,8,604.0,Low*Medium*NoStarvation,30,Medium*Medium*NoStarvation,5.71,26.71,7,7,29,0.4394,0.2671,0.35,0.0439,-0.1336,-0.07,0.0132,0.0,-0.1904,-0.9028,-0.9051,0.8604,66
31,9,670.0,Medium*Medium*NoStarvation,30,Medium*Medium*NoStarvation,26.71,25.14,7,7,28,0.4242,0.2514,0.35,0.0424,-0.1257,-0.07,0.0127,0.0,-0.183,-0.9167,-0.9169,0.8604,66
31,10,766.0,Medium*Medium*NoStarvation,45,Medium*Medium*NoStarvation,25.14,39.57,7,7,42,0.4375,0.3957,0.35,0.0437,-0.1979,-0.07,0.0131,0.0,-0.2547,-0.9554,-0.9588,0.8604,96
31,11,862.0,Medium*Medium*NoStarvation,45,Medium*Medium*NoStarvation,39.57,41.43,7,7,41,0.4271,0.4143,0.35,0.0427,-0.2071,-0.07,0.0128,0.0,-0.2643,-0.9588,-0.9629,0.8604,96
31,12,928.0,Medium*Medium*NoStarvation,30,Medium*Medium*NoStarvation,41.43,26.57,7,7,29,0.4394,0.2657,0.35,0.0439,-0.1329,-0.07,0.0132,0.0,-0.1897,-0.9169,-0.9176,0.8604,66
31,13,974.0,Medium*Medium*NoStarvation,20,Low*Medium*NoStarvation,26.57,16.14,7,7,19,0.413,0.1614,0.35,0.0413,-0.0807,-0.07,0.0124,0.0,-0.1383,-0.8165,-0.8249,0.8604,46
31,14,1020.0,Low*Medium*NoStarvation,20,Low*Medium*NoStarvation,16.14,16.71,7,7,16,0.3478,0.1671,0.35,0.0348,-0.0836,-0.07,0.0104,0.0,-0.1431,-0.8616,-0.8659,0.8604,46
31,15,1066.0,Low*Medium*NoStarvation,20,Low*Medium*NoStarvation,16.71,14.43,7,7,10,0.2174,0.1443,0.35,0.0217,-0.0721,-0.07,0.0065,0.0,-0.1356,-0.8659,-0.8691,0.8604,46
31,16,1162.0,Low*Medium*NoStarvation,45,Medium*Medium*NoStarvation,14.43,41.71,7,7,22,0.2292,0.4171,0.35,0.0229,-0.2086,-0.07,0.0069,0.0,-0.2717,-0.9759,-0.9798,0.8604,96
31,17,1208.0,Medium*Medium*NoStarvation,20,Low*Medium*NoStarvation,41.71,14.86,7,7,10,0.2174,0.1486,0.35,0.0217,-0.0743,-0.07,0.0065,0.0,-0.1378,-0.8249,-0.8324,0.8604,46
31,18,1234.0,Low*Medium*NoStarvation,10,Low*Medium*NoStarvation,14.86,9.0,7,7,4,0.1538,0.09,0.35,0.0154,-0.045,-0.07,0.0046,0.0,-0.1104,-0.8467,-0.8493,0.8604,26
31,19,1280.0,Low*Medium*NoStarvation,20,Low*Medium*NoStarvation,9.0,15.14,7,7,10,0.2174,0.1514,0.35,0.0217,-0.0757,-0.07,0.0065,0.0,-0.1392,-0.8691,-0.8726,0.8604,46
31,20,1376.0,Low*Medium*NoStarvation,45,Medium*Medium*NoStarvation,15.14,40.0,7,7,23,0.2396,0.4,0.35,0.024,-0.2,-0.07,0.0072,0.0,-0.2628,-0.9798,-0.983,0.8604,96
31,21,1442.0,Medium*Medium*NoStarvation,30,Medium*Medium*NoStarvation,40.0,25.57,7,7,15,0.2273,0.2557,0.35,0.0227,-0.1279,-0.07,0.0068,0.0,-0.191,-0.9176,-0.9199,0.8604,66
31,22,1488.0,Medium*Medium*NoStarvation,20,Low*Medium*NoStarvation,25.57,16.57,7,7,10,0.2174,0.1657,0.35,0.0217,-0.0829,-0.07,0.0065,0.0,-0.1463,-0.8324,-0.8402,0.8604,46
31,23,1514.0,Low*Medium*NoStarvation,10,Low*Medium*NoStarvation,16.57,8.86,7,7,4,0.1538,0.0886,0.35,0.0154,-0.0443,-0.07,0.0046,0.0,-0.1097,-0.8493,-0.8517,0.8604,26
31,24,1610.0,Low*Medium*NoStarvation,45,Medium*Medium*NoStarvation,8.86,40.43,7,7,23,0.2396,0.4043,0.35,0.024,-0.2021,-0.07,0.0072,0.0,-0.265,-0.983,-0.9868,0.8604,96
31,25,1706.0,Medium*Medium*NoStarvation,45,Medium*Medium*NoStarvation,40.43,40.57,7,7,22,0.2292,0.4057,0.35,0.0229,-0.2029,-0.07,0.0069,0.0,-0.266,-0.9629,-0.9688,0.8604,96
31,26,1752.0,Medium*Medium*NoStarvation,20,Low*Medium*NoStarvation,40.57,17.0,7,7,10,0.2174,0.17,0.35,0.0217,-0.085,-0.07,0.0065,0.0,-0.1485,-0.8402,-0.8477,0.8604,46
31,27,1778.0,Low*Medium*NoStarvation,10,Low*Medium*NoStarvation,17.0,8.57,7,7,4,0.1538,0.0857,0.35,0.0154,-0.0429,-0.07,0.0046,0.0,-0.1082,-0.8517,-0.8541,0.8604,26
31,28,1824.0,Low*Medium*NoStarvation,20,Low*Medium*NoStarvation,8.57,16.43,7,7,10,0.2174,0.1643,0.35,0.0217,-0.0821,-0.07,0.0065,0.0,-0.1456,-0.8726,-0.8767,0.8604,46
31,29,1850.0,Low*Medium*NoStarvation,10,Low*Medium*NoStarvation,16.43,5.86,7,6,5,0.1923,0.0586,0.3,0.0192,-0.0293,-0.06,0.0058,0.0,-0.0835,-0.8541,-0.8539,0.8604,26
31,30,1946.0,Low*Medium*NoStarvation,45,Medium*Medium*NoStarvation,5.86,40.14,6,7,23,0.2396,0.4014,0.35,0.024,-0.2007,-0.07,0.0072,0.0,-0.2635,-0.9868,-0.9907,0.8604,96
31,31,2042.0,Medium*Medium*NoStarvation,45,Medium*Medium*NoStarvation,40.14,41.43,7,7,23,0.2396,0.4143,0.35,0.024,-0.2071,-0.07,0.0072,0.0,-0.27,-0.9688,-0.9752,0.8604,96
31,32,2088.0,Medium*Medium*NoStarvation,20,Low*Medium*NoStarvation,41.43,15.71,7,7,10,0.2174,0.1571,0.35,0.0217,-0.0786,-0.07,0.0065,0.0,-0.142,-0.8477,-0.854,0.8604,46
31,33,2134.0,Low*Medium*NoStarvation,20,Low*Medium*NoStarvation,15.71,15.0,7,7,11,0.2391,0.15,0.35,0.0239,-0.075,-0.07,0.0072,0.0,-0.1378,-0.8767,-0.8797,0.8604,46
31,34,2180.0,Low*Medium*NoStarvation,20,Low*Medium*NoStarvation,15.0,17.0,7,7,10,0.2174,0.17,0.35,0.0217,-0.085,-0.07,0.0065,0.0,-0.1485,-0.8797,-0.8834,0.8604,46
31,35,2206.0,Low*Medium*NoStarvation,10,Low*Medium*NoStarvation,17.0,7.71,7,7,4,0.1538,0.0771,0.35,0.0154,-0.0386,-0.07,0.0046,0.0,-0.104,-0.8539,-0.8557,0.8604,26
31,36,2272.0,Low*Medium*NoStarvation,30,Medium*Medium*NoStarvation,7.71,26.57,7,7,15,0.2273,0.2657,0.35,0.0227,-0.1329,-0.07,0.0068,0.0,-0.196,-0.9051,-0.9104,0.8604,66
31,37,2298.0,Medium*Medium*NoStarvation,10,Low*Medium*NoStarvation,26.57,5.86,7,7,5,0.1923,0.0586,0.35,0.0192,-0.0293,-0.07,0.0058,0.0,-0.0935,-0.8472,-0.8488,0.8604,26
31,38,2364.0,Low*Medium*NoStarvation,30,Medium*Medium*NoStarvation,5.86,24.86,7,7,15,0.2273,0.2486,0.35,0.0227,-0.1243,-0.07,0.0068,0.0,-0.1875,-0.9104,-0.9145,0.8604,66
31,39,2410.0,Medium*Medium*NoStarvation,20,Low*Medium*NoStarvation,24.86,16.14,7,7,10,0.2174,0.1614,0.35,0.0217,-0.0807,-0.07,0.0065,0.0,-0.1442,-0.854,-0.86,0.8604,46
31,40,2456.0,Low*Medium*NoStarvation,20,Low*Medium*NoStarvation,16.14,17.0,7,7,10,0.2174,0.17,0.35,0.0217,-0.085,-0.07,0.0065,0.0,-0.1485,-0.8834,-0.8869,0.8604,46
31,41,2482.0,Low*Medium*NoStarvation,10,Low*Medium*NoStarvation,17.0,7.71,7,7,5,0.1923,0.0771,0.35,0.0192,-0.0386,-0.07,0.0058,0.0,-0.1028,-0.8557,-0.8574,0.8604,26
31,42,2528.0,Low*Medium*NoStarvation,20,Low*Medium*NoStarvation,7.71,16.71,7,7,10,0.2174,0.1671,0.35,0.0217,-0.0836,-0.07,0.0065,0.0,-0.147,-0.8869,-0.8901,0.8604,46
31,43,2554.0,Low*Medium*NoStarvation,10,Low*Medium*NoStarvation,16.71,5.86,7,7,5,0.1923,0.0586,0.35,0.0192,-0.0293,-0.07,0.0058,0.0,-0.0935,-0.8574,-0.8582,0.8604,26
31,44,2620.0,Low*Medium*NoStarvation,30,Medium*Medium*NoStarvation,5.86,27.43,7,7,15,0.2273,0.2743,0.35,0.0227,-0.1371,-0.07,0.0068,0.0,-0.2003,-0.9145,-0.9195,0.8604,66
31,45,2641.0,Medium*Medium*NoStarvation,30,Low*Low*NoStarvation,27.43,0.0,7,0,7,0.1061,0.0,0.0,0.0106,-0.0,-0.0,0.0032,0.0,0.0032,-0.9199,-0.8561,0.8604,66
32,0,146.0,Low*Low*NoStarvation,45,Medium*Medium*NoStarvation,0.83,40.71,2,7,47,0.4896,0.4071,0.35,0.049,-0.2036,-0.07,0.0147,0.0,-0.2589,-0.3172,-0.3877,0.8561,96
32,1,242.0,Medium*Medium*NoStarvation,45,Medium*Medium*NoStarvation,40.71,40.14,7,7,45,0.4688,0.4014,0.35,0.0469,-0.2007,-0.07,0.0141,0.0,-0.2567,-0.9752,-0.9797,0.8561,96
32,2,338.0,Medium*Medium*NoStarvation,45,Medium*Medium*NoStarvation,40.14,40.29,7,7,44,0.4583,0.4029,0.35,0.0458,-0.2014,-0.07,0.0137,0.0,-0.2577,-0.9797,-0.9839,0.8561,96
32,3,384.0,Medium*Medium*NoStarvation,20,Low*Medium*NoStarvation,40.29,16.86,7,7,19,0.413,0.1686,0.35,0.0413,-0.0843,-0.07,0.0124,0.0,-0.1419,-0.86,-0.8654,0.8561,46
32,4,430.0,Low*Medium*NoStarvation,20,Low*Medium*NoStarvation,16.86,16.43,7,7,19,0.413,0.1643,0.35,0.0413,-0.0821,-0.07,0.0124,0.0,-0.1398,-0.8901,-0.8923,0.8561,46
32,5,526.0,Low*Medium*NoStarvation,45,Medium*Medium*NoStarvation,16.43,40.0,7,7,42,0.4375,0.4,0.35,0.0437,-0.2,-0.07,0.0131,0.0,-0.2569,-0.9907,-0.9937,0.8561,96
32,6,572.0,Medium*Medium*NoStarvation,20,Low*Medium*NoStarvation,40.0,17.29,7,7,19,0.413,0.1729,0.35,0.0413,-0.0864,-0.07,0.0124,0.0,-0.144,-0.8654,-0.8705,0.8561,46
32,7,668.0,Low*Medium*NoStarvation,45,Medium*Medium*NoStarvation,17.29,43.0,7,7,42,0.4375,0.43,0.35,0.0437,-0.215,-0.07,0.0131,0.0,-0.2719,-0.9937,-0.9979,0.8561,96
32,8,694.0,Medium*Medium*NoStarvation,10,Low*Medium*NoStarvation,43.0,8.71,7,7,8,0.3077,0.0871,0.35,0.0308,-0.0436,-0.07,0.0092,0.0,-0.1043,-0.8488,-0.8516,0.8561,26
32,9,740.0,Low*Medium*NoStarvation,20,Low*Medium*NoStarvation,8.71,16.29,7,7,19,0.413,0.1629,0.35,0.0413,-0.0814,-0.07,0.0124,0.0,-0.139,-0.8923,-0.8942,0.8561,46
32,10,836.0,Low*Medium*NoStarvation,45,Medium*Medium*NoStarvation,16.29,40.71,7,7,42,0.4375,0.4071,0.35,0.0437,-0.2036,-0.07,0.0131,0.0,-0.2604,-0.9979,-1.0008,0.8561,96
32,11,932.0,Medium*Medium*NoStarvation,45,Medium*Medium*NoStarvation,40.71,40.57,7,7,42,0.4375,0.4057,0.35,0.0437,-0.2029,-0.07,0.0131,0.0,-0.2597,-0.9839,-0.9881,0.8561,96
32,12,978.0,Medium*Medium*NoStarvation,20,Low*Medium*NoStarvation,40.57,17.29,7,7,20,0.4348,0.1729,0.35,0.0435,-0.0864,-0.07,0.013,0.0,-0.1434,-0.8705,-0.8751,0.8561,46
32,13,1004.0,Low*Medium*NoStarvation,10,Low*Medium*NoStarvation,17.29,6.71,7,7,9,0.3462,0.0671,0.35,0.0346,-0.0336,-0.07,0.0104,0.0,-0.0932,-0.8582,-0.859,0.8561,26
32,14,1070.0,Low*Medium*NoStarvation,30,Medium*Medium*NoStarvation,6.71,24.71,7,7,17,0.2576,0.2471,0.35,0.0258,-0.1236,-0.07,0.0077,0.0,-0.1858,-0.9195,-0.9228,0.8561,66
32,15,1166.0,Medium*Medium*NoStarvation,45,Medium*Medium*NoStarvation,24.71,40.14,7,7,23,0.2396,0.4014,0.35,0.024,-0.2007,-0.07,0.0072,0.0,-0.2635,-0.9881,-0.9923,0.8561,96
32,16,1192.0,Medium*Medium*NoStarvation,10,Low*Medium*NoStarvation,40.14,8.29,7,7,4,0.1538,0.0829,0.35,0.0154,-0.0414,-0.07,0.0046,0.0,-0.1068,-0.8516,-0.8544,0.8561,26
32,17,1218.0,Low*Medium*NoStarvation,10,Low*Medium*NoStarvation,8.29,7.43,7,7,5,0.1923,0.0743,0.35,0.0192,-0.0371,-0.07,0.0058,0.0,-0.1014,-0.859,-0.8605,0.8561,26
32,18,1244.0,Low*Medium*NoStarvation,10,Low*Medium*NoStarvation,7.43,6.29,7,7,5,0.1923,0.0629,0.35,0.0192,-0.0314,-0.07,0.0058,0.0,-0.0957,-0.8605,-0.8615,0.8561,26
32,19,1310.0,Low*Medium*NoStarvation,30,Medium*Medium*NoStarvation,6.29,25.43,7,7,15,0.2273,0.2543,0.35,0.0227,-0.1271,-0.07,0.0068,0.0,-0.1903,-0.9228,-0.9264,0.8561,66
32,20,1336.0,Medium*Medium*NoStarvation,10,Low*Medium*NoStarvation,25.43,7.43,7,7,4,0.1538,0.0743,0.35,0.0154,-0.0371,-0.07,0.0046,0.0,-0.1025,-0.8544,-0.8568,0.8561,26
32,21,1382.0,Low*Medium*NoStarvation,20,Low*Medium*NoStarvation,7.43,16.57,7,7,10,0.2174,0.1657,0.35,0.0217,-0.0829,-0.07,0.0065,0.0,-0.1463,-0.8942,-0.897,0.8561,46
32,22,1428.0,Low*Medium*NoStarvation,20,Low*Medium*NoStarvation,16.57,15.86,7,7,10,0.2174,0.1586,0.35,0.0217,-0.0793,-0.07,0.0065,0.0,-0.1428,-0.897,-0.8991,0.8561,46
32,23,1494.0,Low*Medium*NoStarvation,30,Medium*Medium*NoStarvation,15.86,25.86,7,7,15,0.2273,0.2586,0.35,0.0227,-0.1293,-0.07,0.0068,0.0,-0.1925,-0.9264,-0.9301,0.8561,66
32,24,1540.0,Medium*Medium*NoStarvation,20,Low*Medium*NoStarvation,25.86,16.43,7,7,10,0.2174,0.1643,0.35,0.0217,-0.0821,-0.07,0.0065,0.0,-0.1456,-0.8751,-0.8796,0.8561,46
32,25,1566.0,Low*Medium*NoStarvation,10,Low*Medium*NoStarvation,16.43,6.86,7,7,5,0.1923,0.0686,0.35,0.0192,-0.0343,-0.07,0.0058,0.0,-0.0985,-0.8615,-0.8627,0.8561,26
32,26,1592.0,Low*Medium*NoStarvation,10,Low*Medium*NoStarvation,6.86,6.29,7,7,5,0.1923,0.0629,0.35,0.0192,-0.0314,-0.07,0.0058,0.0,-0.0957,-0.8627,-0.8636,0.8561,26
32,27,1638.0,Low*Medium*NoStarvation,20,Low*Medium*NoStarvation,6.29,17.29,7,7,10,0.2174,0.1729,0.35,0.0217,-0.0864,-0.07,0.0065,0.0,-0.1499,-0.8991,-0.9019,0.8561,46
32,28,1684.0,Low*Medium*NoStarvation,20,Low*Medium*NoStarvation,17.29,16.0,7,7,10,0.2174,0.16,0.35,0.0217,-0.08,-0.07,0.0065,0.0,-0.1435,-0.9019,-0.9038,0.8561,46
32,29,1710.0,Low*Medium*NoStarvation,10,Low*Medium*NoStarvation,16.0,7.14,7,7,5,0.1923,0.0714,0.35,0.0192,-0.0357,-0.07,0.0058,0.0,-0.0999,-0.8636,-0.865,0.8561,26
32,30,1776.0,Low*Medium*NoStarvation,30,Medium*Medium*NoStarvation,7.14,26.43,7,7,15,0.2273,0.2643,0.35,0.0227,-0.1321,-0.07,0.0068,0.0,-0.1953,-0.9301,-0.9336,0.8561,66
32,31,1822.0,Medium*Medium*NoStarvation,20,Low*Medium*NoStarvation,26.43,16.71,7,7,10,0.2174,0.1671,0.35,0.0217,-0.0836,-0.07,0.0065,0.0,-0.147,-0.8796,-0.8842,0.8561,46
32,32,1918.0,Low*Medium*NoStarvation,45,Medium*Medium*NoStarvation,16.71,41.0,7,7,23,0.2396,0.41,0.35,0.024,-0.205,-0.07,0.0072,0.0,-0.2678,-1.0008,-1.0046,0.8561,96
32,33,1944.0,Medium*Medium*NoStarvation,10,Low*Medium*NoStarvation,41.0,7.71,7,7,4,0.1538,0.0771,0.35,0.0154,-0.0386,-0.07,0.0046,0.0,-0.104,-0.8568,-0.8593,0.8561,26
32,34,1990.0,Low*Medium*NoStarvation,20,Low*Medium*NoStarvation,7.71,15.71,7,7,10,0.2174,0.1571,0.35,0.0217,-0.0786,-0.07,0.0065,0.0,-0.142,-0.9038,-0.9055,0.8561,46
32,35,2016.0,Low*Medium*NoStarvation,10,Low*Medium*NoStarvation,15.71,6.14,7,7,5,0.1923,0.0614,0.35,0.0192,-0.0307,-0.07,0.0058,0.0,-0.0949,-0.865,-0.8658,0.8561,26
32,36,2062.0,Low*Medium*NoStarvation,20,Low*Medium*NoStarvation,6.14,16.57,7,7,10,0.2174,0.1657,0.35,0.0217,-0.0829,-0.07,0.0065,0.0,-0.1463,-0.9055,-0.9075,0.8561,46
32,37,2088.0,Low*Medium*NoStarvation,10,Low*Medium*NoStarvation,16.57,6.86,7,7,5,0.1923,0.0686,0.35,0.0192,-0.0343,-0.07,0.0058,0.0,-0.0985,-0.8658,-0.867,0.8561,26
32,38,2114.0,Low*Medium*NoStarvation,10,Low*Medium*NoStarvation,6.86,7.86,7,7,4,0.1538,0.0786,0.35,0.0154,-0.0393,-0.07,0.0046,0.0,-0.1047,-0.867,-0.8688,0.8561,26
32,39,2160.0,Low*Medium*NoStarvation,20,Low*Medium*NoStarvation,7.86,16.57,7,7,10,0.2174,0.1657,0.35,0.0217,-0.0829,-0.07,0.0065,0.0,-0.1463,-0.9075,-0.9096,0.8561,46
32,40,2206.0,Low*Medium*NoStarvation,20,Low*Medium*NoStarvation,16.57,16.57,7,7,10,0.2174,0.1657,0.35,0.0217,-0.0829,-0.07,0.0065,0.0,-0.1463,-0.9096,-0.9114,0.8561,46
32,41,2272.0,Low*Medium*NoStarvation,30,Medium*Medium*NoStarvation,16.57,26.0,7,7,15,0.2273,0.26,0.35,0.0227,-0.13,-0.07,0.0068,0.0,-0.1932,-0.9336,-0.9366,0.8561,66
32,42,2318.0,Medium*Medium*NoStarvation,20,Low*Medium*NoStarvation,26.0,15.86,7,7,10,0.2174,0.1586,0.35,0.0217,-0.0793,-0.07,0.0065,0.0,-0.1428,-0.8842,-0.8883,0.8561,46
32,43,2414.0,Low*Medium*NoStarvation,45,Medium*Medium*NoStarvation,15.86,43.0,7,7,22,0.2292,0.43,0.35,0.0229,-0.215,-0.07,0.0069,0.0,-0.2781,-1.0046,-1.009,0.8561,96
32,44,2480.0,Medium*Medium*NoStarvation,30,Medium*Medium*NoStarvation,43.0,26.14,7,7,15,0.2273,0.2614,0.35,0.0227,-0.1307,-0.07,0.0068,0.0,-0.1939,-0.8561,-0.8669,0.8561,66
32,45,2576.0,Medium*Medium*NoStarvation,45,Medium*Medium*NoStarvation,26.14,42.14,7,7,22,0.2292,0.4214,0.35,0.0229,-0.2107,-0.07,0.0069,0.0,-0.2738,-0.9923,-0.9978,0.8561,96
32,46,2602.0,Medium*Medium*NoStarvation,10,Low*Medium*NoStarvation,42.14,6.43,7,7,5,0.1923,0.0643,0.35,0.0192,-0.0321,-0.07,0.0058,0.0,-0.0964,-0.8593,-0.8612,0.8561,26
32,47,2640.0,Low*Medium*NoStarvation,45,Low*Low*NoStarvation,6.43,0.0,7,0,16,0.1667,0.0,0.0,0.0167,-0.0,-0.0,0.005,0.0,0.005,-1.009,-0.9379,0.8561,96
33,0,146.0,Low*Low*NoStarvation,45,Medium*Medium*NoStarvation,0.83,40.71,2,7,47,0.4896,0.4071,0.35,0.049,-0.2036,-0.07,0.0147,0.0,-0.2589,-0.3877,-0.4524,0.8518,96
33,1,192.0,Medium*Medium*NoStarvation,20,Low*Medium*NoStarvation,40.71,16.29,7,7,20,0.4348,0.1629,0.35,0.0435,-0.0814,-0.07,0.013,0.0,-0.1384,-0.8883,-0.8915,0.8518,46
33,2,218.0,Low*Medium*NoStarvation,10,Low*Medium*NoStarvation,16.29,7.0,7,7,9,0.3462,0.07,0.35,0.0346,-0.035,-0.07,0.0104,0.0,-0.0946,-0.8688,-0.8696,0.8518,26
33,3,314.0,Low*Medium*NoStarvation,45,Medium*Medium*NoStarvation,7.0,43.43,7,7,45,0.4688,0.4343,0.35,0.0469,-0.2171,-0.07,0.0141,0.0,-0.2731,-0.9379,-0.949,0.8518,96
33,4,410.0,Medium*Medium*NoStarvation,45,Medium*Medium*NoStarvation,43.43,41.57,7,7,42,0.4375,0.4157,0.35,0.0437,-0.2079,-0.07,0.0131,0.0,-0.2647,-0.9978,-1.002,0.8518,96
33,5,506.0,Medium*Medium*NoStarvation,45,Medium*Medium*NoStarvation,41.57,39.71,7,7,42,0.4375,0.3971,0.35,0.0437,-0.1986,-0.07,0.0131,0.0,-0.2554,-1.002,-1.0049,0.8518,96
33,6,532.0,Medium*Medium*NoStarvation,10,Low*Medium*NoStarvation,39.71,8.71,7,7,9,0.3462,0.0871,0.35,0.0346,-0.0436,-0.07,0.0104,0.0,-0.1032,-0.8612,-0.8637,0.8518,26
33,7,578.0,Low*Medium*NoStarvation,20,Low*Medium*NoStarvation,8.71,16.57,7,7,20,0.4348,0.1657,0.35,0.0435,-0.0829,-0.07,0.013,0.0,-0.1398,-0.9114,-0.9125,0.8518,46
33,8,644.0,Low*Medium*NoStarvation,30,Medium*Medium*NoStarvation,16.57,25.29,7,7,28,0.4242,0.2529,0.35,0.0424,-0.1264,-0.07,0.0127,0.0,-0.1837,-0.9366,-0.9391,0.8518,66
33,9,690.0,Medium*Medium*NoStarvation,20,Low*Medium*NoStarvation,25.29,17.0,7,7,19,0.413,0.17,0.35,0.0413,-0.085,-0.07,0.0124,0.0,-0.1426,-0.8915,-0.8949,0.8518,46
33,10,736.0,Low*Medium*NoStarvation,20,Low*Medium*NoStarvation,17.0,16.29,7,7,19,0.413,0.1629,0.35,0.0413,-0.0814,-0.07,0.0124,0.0,-0.139,-0.9125,-0.9134,0.8518,46
33,11,802.0,Low*Medium*NoStarvation,30,Medium*Medium*NoStarvation,16.29,27.29,7,7,28,0.4242,0.2729,0.35,0.0424,-0.1364,-0.07,0.0127,0.0,-0.1937,-0.9391,-0.9423,0.8518,66
33,12,828.0,Medium*Medium*NoStarvation,10,Low*Medium*NoStarvation,27.29,8.86,7,7,9,0.3462,0.0886,0.35,0.0346,-0.0443,-0.07,0.0104,0.0,-0.1039,-0.8637,-0.866,0.8518,26
33,13,854.0,Low*Medium*NoStarvation,10,Low*Medium*NoStarvation,8.86,6.43,7,7,10,0.3846,0.0643,0.35,0.0385,-0.0321,-0.07,0.0115,0.0,-0.0906,-0.8696,-0.87,0.8518,26
33,14,900.0,Low*Medium*NoStarvation,20,Low*Medium*NoStarvation,6.43,15.71,7,7,20,0.4348,0.1571,0.35,0.0435,-0.0786,-0.07,0.013,0.0,-0.1355,-0.9134,-0.914,0.8518,46
33,15,926.0,Low*Medium*NoStarvation,10,Low*Medium*NoStarvation,15.71,10.1,7,8,8,0.3077,0.101,0.4,0.0308,-0.0505,-0.08,0.0092,0.0,-0.1212,-0.87,-0.8734,0.8518,26
33,16,952.0,Low*Medium*NoStarvation,10,Low*Medium*NoStarvation,10.1,5.71,8,6,9,0.3462,0.0571,0.3,0.0346,-0.0286,-0.06,0.0104,0.0,-0.0782,-0.8734,-0.8725,0.8518,26
33,17,1048.0,Low*Medium*NoStarvation,45,Medium*Medium*NoStarvation,5.71,40.29,6,7,36,0.375,0.4029,0.35,0.0375,-0.2014,-0.07,0.0112,0.0,-0.2602,-0.949,-0.958,0.8518,96
33,18,1114.0,Medium*Medium*NoStarvation,30,Medium*Medium*NoStarvation,40.29,27.0,7,7,15,0.2273,0.27,0.35,0.0227,-0.135,-0.07,0.0068,0.0,-0.1982,-0.8669,-0.878,0.8518,66
33,19,1210.0,Medium*Medium*NoStarvation,45,Medium*Medium*NoStarvation,27.0,40.14,7,7,23,0.2396,0.4014,0.35,0.024,-0.2007,-0.07,0.0072,0.0,-0.2635,-1.0049,-1.0087,0.8518,96
33,20,1276.0,Medium*Medium*NoStarvation,30,Medium*Medium*NoStarvation,40.14,26.71,7,7,15,0.2273,0.2671,0.35,0.0227,-0.1336,-0.07,0.0068,0.0,-0.1968,-0.878,-0.8878,0.8518,66
33,21,1302.0,Medium*Medium*NoStarvation,10,Low*Medium*NoStarvation,26.71,6.0,7,7,5,0.1923,0.06,0.35,0.0192,-0.03,-0.07,0.0058,0.0,-0.0942,-0.866,-0.8673,0.8518,26
33,22,1398.0,Low*Medium*NoStarvation,45,Medium*Medium*NoStarvation,6.0,40.14,7,7,23,0.2396,0.4014,0.35,0.024,-0.2007,-0.07,0.0072,0.0,-0.2635,-0.958,-0.9666,0.8518,96
33,23,1464.0,Medium*Medium*NoStarvation,30,Medium*Medium*NoStarvation,40.14,26.43,7,7,15,0.2273,0.2643,0.35,0.0227,-0.1321,-0.07,0.0068,0.0,-0.1953,-0.8878,-0.8966,0.8518,66
33,24,1510.0,Medium*Medium*NoStarvation,20,Low*Medium*NoStarvation,26.43,17.86,7,7,9,0.1957,0.1786,0.35,0.0196,-0.0893,-0.07,0.0059,0.0,-0.1534,-0.8949,-0.8992,0.8518,46
33,25,1536.0,Low*Medium*NoStarvation,10,Low*Medium*NoStarvation,17.86,7.14,7,7,5,0.1923,0.0714,0.35,0.0192,-0.0357,-0.07,0.0058,0.0,-0.0999,-0.8725,-0.8738,0.8518,26
33,26,1582.0,Low*Medium*NoStarvation,20,Low*Medium*NoStarvation,7.14,18.29,7,7,10,0.2174,0.1829,0.35,0.0217,-0.0914,-0.07,0.0065,0.0,-0.1549,-0.914,-0.9167,0.8518,46
33,27,1608.0,Low*Medium*NoStarvation,10,Low*Medium*NoStarvation,18.29,5.57,7,7,5,0.1923,0.0557,0.35,0.0192,-0.0279,-0.07,0.0058,0.0,-0.0921,-0.8738,-0.8742,0.8518,26
33,28,1634.0,Low*Medium*NoStarvation,10,Low*Medium*NoStarvation,5.57,6.71,7,7,5,0.1923,0.0671,0.35,0.0192,-0.0336,-0.07,0.0058,0.0,-0.0978,-0.8742,-0.8753,0.8518,26
33,29,1730.0,Low*Medium*NoStarvation,45,Medium*Medium*NoStarvation,6.71,41.0,7,7,22,0.2292,0.41,0.35,0.0229,-0.205,-0.07,0.0069,0.0,-0.2681,-0.9666,-0.9748,0.8518,96
33,30,1756.0,Medium*Medium*NoStarvation,10,Low*Medium*NoStarvation,41.0,8.14,7,7,4,0.1538,0.0814,0.35,0.0154,-0.0407,-0.07,0.0046,0.0,-0.1061,-0.8673,-0.87,0.8518,26
33,31,1782.0,Low*Medium*NoStarvation,10,Low*Medium*NoStarvation,8.14,6.43,7,7,5,0.1923,0.0643,0.35,0.0192,-0.0321,-0.07,0.0058,0.0,-0.0964,-0.8753,-0.8761,0.8518,26
33,32,1878.0,Low*Medium*NoStarvation,45,Medium*Medium*NoStarvation,6.43,41.0,7,7,22,0.2292,0.41,0.35,0.0229,-0.205,-0.07,0.0069,0.0,-0.2681,-0.9748,-0.9825,0.8518,96
33,33,1924.0,Medium*Medium*NoStarvation,20,Low*Medium*NoStarvation,41.0,17.43,7,7,10,0.2174,0.1743,0.35,0.0217,-0.0871,-0.07,0.0065,0.0,-0.1506,-0.8992,-0.9032,0.8518,46
33,34,1950.0,Low*Medium*NoStarvation,10,Low*Medium*NoStarvation,17.43,6.29,7,7,5,0.1923,0.0629,0.35,0.0192,-0.0314,-0.07,0.0058,0.0,-0.0957,-0.8761,-0.8769,0.8518,26
33,35,2016.0,Low*Medium*NoStarvation,30,Medium*Medium*NoStarvation,6.29,26.43,7,7,15,0.2273,0.2643,0.35,0.0227,-0.1321,-0.07,0.0068,0.0,-0.1953,-0.9423,-0.9459,0.8518,66
33,36,2112.0,Medium*Medium*NoStarvation,45,Medium*Medium*NoStarvation,26.43,39.57,7,7,23,0.2396,0.3957,0.35,0.024,-0.1979,-0.07,0.0072,0.0,-0.2607,-1.0087,-1.0122,0.8518,96
33,37,2178.0,Medium*Medium*NoStarvation,30,Medium*Medium*NoStarvation,39.57,26.43,7,7,15,0.2273,0.2643,0.35,0.0227,-0.1321,-0.07,0.0068,0.0,-0.1953,-0.8966,-0.9048,0.8518,66
33,38,2224.0,Medium*Medium*NoStarvation,20,Low*Medium*NoStarvation,26.43,17.0,7,7,10,0.2174,0.17,0.35,0.0217,-0.085,-0.07,0.0065,0.0,-0.1485,-0.9032,-0.9067,0.8518,46
33,39,2290.0,Low*Medium*NoStarvation,30,Medium*Medium*NoStarvation,17.0,25.71,7,7,15,0.2273,0.2571,0.35,0.0227,-0.1286,-0.07,0.0068,0.0,-0.1918,-0.9459,-0.9488,0.8518,66
33,40,2336.0,Medium*Medium*NoStarvation,20,Low*Medium*NoStarvation,25.71,15.43,7,7,10,0.2174,0.1543,0.35,0.0217,-0.0771,-0.07,0.0065,0.0,-0.1406,-0.9067,-0.909,0.8518,46
33,41,2382.0,Low*Medium*NoStarvation,20,Low*Medium*NoStarvation,15.43,16.86,7,7,10,0.2174,0.1686,0.35,0.0217,-0.0843,-0.07,0.0065,0.0,-0.1478,-0.9167,-0.9187,0.8518,46
33,42,2408.0,Low*Medium*NoStarvation,10,Low*Medium*NoStarvation,16.86,7.14,7,7,5,0.1923,0.0714,0.35,0.0192,-0.0357,-0.07,0.0058,0.0,-0.0999,-0.8769,-0.8782,0.8518,26
33,43,2474.0,Low*Medium*NoStarvation,30,Medium*Medium*NoStarvation,7.14,25.57,7,7,15,0.2273,0.2557,0.35,0.0227,-0.1279,-0.07,0.0068,0.0,-0.191,-0.9488,-0.9513,0.8518,66
33,44,2520.0,Medium*Medium*NoStarvation,20,Low*Medium*NoStarvation,25.57,16.43,7,7,10,0.2174,0.1643,0.35,0.0217,-0.0821,-0.07,0.0065,0.0,-0.1456,-0.909,-0.9117,0.8518,46
33,45,2616.0,Low*Medium*NoStarvation,45,Medium*Medium*NoStarvation,16.43,42.29,7,7,22,0.2292,0.4229,0.35,0.0229,-0.2114,-0.07,0.0069,0.0,-0.2746,-0.9825,-0.99,0.8518,96
33,46,2662.0,Medium*Medium*NoStarvation,20,Medium*Low*NoStarvation,42.29,20.0,7,3,10,0.2174,0.2,0.15,0.0217,-0.1,-0.03,0.0065,0.0,-0.1235,-0.9117,-0.8329,0.8518,46
33,47,2675.0,Medium*Low*NoStarvation,20,Low*Low*NoStarvation,20.0,0.0,3,0,3,0.0652,0.0,0.0,0.0065,-0.0,-0.0,0.002,0.0,0.002,-0.0475,-0.0729,0.8518,46
34,0,96.0,Low*Low*NoStarvation,20,Low*Medium*NoStarvation,0.83,16.14,2,7,21,0.4565,0.1614,0.35,0.0457,-0.0807,-0.07,0.0137,0.0,-0.137,-0.3371,-0.3962,0.8475,46
34,1,142.0,Low*Medium*NoStarvation,20,Low*Medium*NoStarvation,16.14,16.14,7,7,20,0.4348,0.1614,0.35,0.0435,-0.0807,-0.07,0.013,0.0,-0.1377,-0.9187,-0.9196,0.8475,46
34,2,208.0,Low*Medium*NoStarvation,30,Medium*Medium*NoStarvation,16.14,26.57,7,7,30,0.4545,0.2657,0.35,0.0455,-0.1329,-0.07,0.0136,0.0,-0.1892,-0.9513,-0.95,0.8475,66
34,3,254.0,Medium*Medium*NoStarvation,20,Low*Medium*NoStarvation,26.57,14.86,7,7,20,0.4348,0.1486,0.35,0.0435,-0.0743,-0.07,0.013,0.0,-0.1312,-0.8329,-0.8417,0.8475,46
34,4,280.0,Low*Medium*NoStarvation,10,Low*Medium*NoStarvation,14.86,6.0,7,7,11,0.4231,0.06,0.35,0.0423,-0.03,-0.07,0.0127,0.0,-0.0873,-0.8782,-0.8781,0.8475,26
34,5,376.0,Low*Medium*NoStarvation,45,Medium*Medium*NoStarvation,6.0,40.14,7,7,45,0.4688,0.4014,0.35,0.0469,-0.2007,-0.07,0.0141,0.0,-0.2567,-0.99,-0.9924,0.8475,96
34,6,442.0,Medium*Medium*NoStarvation,30,Medium*Medium*NoStarvation,40.14,26.29,7,7,28,0.4242,0.2629,0.35,0.0424,-0.1314,-0.07,0.0127,0.0,-0.1887,-0.9048,-0.9089,0.8475,66
34,7,468.0,Medium*Medium*NoStarvation,10,Low*Medium*NoStarvation,26.29,5.57,7,6,10,0.3846,0.0557,0.3,0.0385,-0.0279,-0.06,0.0115,0.0,-0.0763,-0.87,-0.8696,0.8475,26
34,8,564.0,Low*Medium*NoStarvation,45,Medium*Medium*NoStarvation,5.57,40.0,6,7,43,0.4479,0.4,0.35,0.0448,-0.2,-0.07,0.0134,0.0,-0.2566,-0.9924,-0.9946,0.8475,96
34,9,610.0,Medium*Medium*NoStarvation,20,Low*Medium*NoStarvation,40.0,16.43,7,7,19,0.413,0.1643,0.35,0.0413,-0.0821,-0.07,0.0124,0.0,-0.1398,-0.8417,-0.8506,0.8475,46
34,10,636.0,Low*Medium*NoStarvation,10,Low*Medium*NoStarvation,16.43,6.57,7,7,9,0.3462,0.0657,0.35,0.0346,-0.0329,-0.07,0.0104,0.0,-0.0925,-0.8781,-0.8786,0.8475,26
34,11,662.0,Low*Medium*NoStarvation,10,Low*Medium*NoStarvation,6.57,7.62,7,8,8,0.3077,0.0762,0.4,0.0308,-0.0381,-0.08,0.0092,0.0,-0.1089,-0.8786,-0.8807,0.8475,26
34,12,688.0,Low*Medium*NoStarvation,10,Low*Medium*NoStarvation,7.62,7.43,8,7,10,0.3846,0.0743,0.35,0.0385,-0.0371,-0.07,0.0115,0.0,-0.0956,-0.8807,-0.8814,0.8475,26
34,13,734.0,Low*Medium*NoStarvation,20,Low*Medium*NoStarvation,7.43,16.14,7,7,20,0.4348,0.1614,0.35,0.0435,-0.0807,-0.07,0.013,0.0,-0.1377,-0.9196,-0.9208,0.8475,46
34,14,760.0,Low*Medium*NoStarvation,10,Low*Medium*NoStarvation,16.14,8.14,7,7,9,0.3462,0.0814,0.35,0.0346,-0.0407,-0.07,0.0104,0.0,-0.1003,-0.8814,-0.8827,0.8475,26
34,15,786.0,Low*Medium*NoStarvation,10,Low*Medium*NoStarvation,8.14,8.29,7,7,9,0.3462,0.0829,0.35,0.0346,-0.0414,-0.07,0.0104,0.0,-0.101,-0.8827,-0.8839,0.8475,26
34,16,852.0,Low*Medium*NoStarvation,30,Medium*Medium*NoStarvation,8.29,26.86,7,7,29,0.4394,0.2686,0.35,0.0439,-0.1343,-0.07,0.0132,0.0,-0.1911,-0.95,-0.9507,0.8475,66
34,17,898.0,Medium*Medium*NoStarvation,20,Low*Medium*NoStarvation,26.86,16.29,7,7,20,0.4348,0.1629,0.35,0.0435,-0.0814,-0.07,0.013,0.0,-0.1384,-0.8506,-0.8589,0.8475,46
34,18,964.0,Low*Medium*NoStarvation,30,Medium*Medium*NoStarvation,16.29,26.43,7,7,28,0.4242,0.2643,0.35,0.0424,-0.1321,-0.07,0.0127,0.0,-0.1894,-0.9507,-0.9519,0.8475,66
34,19,1010.0,Medium*Medium*NoStarvation,20,Low*Medium*NoStarvation,26.43,17.14,7,7,18,0.3913,0.1714,0.35,0.0391,-0.0857,-0.07,0.0117,0.0,-0.144,-0.8589,-0.867,0.8475,46
34,20,1036.0,Low*Medium*NoStarvation,10,Low*Medium*NoStarvation,17.14,6.29,7,7,5,0.1923,0.0629,0.35,0.0192,-0.0314,-0.07,0.0058,0.0,-0.0957,-0.8839,-0.8847,0.8475,26
34,21,1132.0,Low*Medium*NoStarvation,45,Medium*Medium*NoStarvation,6.29,40.29,7,7,23,0.2396,0.4029,0.35,0.024,-0.2014,-0.07,0.0072,0.0,-0.2642,-0.9946,-0.9996,0.8475,96
34,22,1228.0,Medium*Medium*NoStarvation,45,Medium*Medium*NoStarvation,40.29,40.43,7,7,22,0.2292,0.4043,0.35,0.0229,-0.2021,-0.07,0.0069,0.0,-0.2653,-1.0122,-1.0155,0.8475,96
34,23,1254.0,Medium*Medium*NoStarvation,10,Low*Medium*NoStarvation,40.43,6.29,7,7,5,0.1923,0.0629,0.35,0.0192,-0.0314,-0.07,0.0058,0.0,-0.0957,-0.8696,-0.8719,0.8475,26
34,24,1280.0,Low*Medium*NoStarvation,10,Low*Medium*NoStarvation,6.29,7.29,7,7,4,0.1538,0.0729,0.35,0.0154,-0.0364,-0.07,0.0046,0.0,-0.1018,-0.8847,-0.886,0.8475,26
34,25,1326.0,Low*Medium*NoStarvation,20,Low*Medium*NoStarvation,7.29,15.43,7,7,10,0.2174,0.1543,0.35,0.0217,-0.0771,-0.07,0.0065,0.0,-0.1406,-0.9208,-0.9225,0.8475,46
34,26,1372.0,Low*Medium*NoStarvation,20,Low*Medium*NoStarvation,15.43,17.0,7,7,10,0.2174,0.17,0.35,0.0217,-0.085,-0.07,0.0065,0.0,-0.1485,-0.9225,-0.9248,0.8475,46
34,27,1418.0,Low*Medium*NoStarvation,20,Low*Medium*NoStarvation,17.0,16.29,7,7,10,0.2174,0.1629,0.35,0.0217,-0.0814,-0.07,0.0065,0.0,-0.1449,-0.9248,-0.9266,0.8475,46
34,28,1444.0,Low*Medium*NoStarvation,10,Low*Medium*NoStarvation,16.29,5.57,7,6,5,0.1923,0.0557,0.3,0.0192,-0.0279,-0.06,0.0058,0.0,-0.0821,-0.886,-0.8853,0.8475,26
34,29,1470.0,Low*Medium*NoStarvation,10,Low*Medium*NoStarvation,5.57,6.14,6,7,5,0.1923,0.0614,0.35,0.0192,-0.0307,-0.07,0.0058,0.0,-0.0949,-0.8853,-0.886,0.8475,26
34,30,1536.0,Low*Medium*NoStarvation,30,Medium*Medium*NoStarvation,6.14,26.57,7,7,15,0.2273,0.2657,0.35,0.0227,-0.1329,-0.07,0.0068,0.0,-0.196,-0.9519,-0.9543,0.8475,66
34,31,1632.0,Medium*Medium*NoStarvation,45,Medium*Medium*NoStarvation,26.57,40.0,7,7,23,0.2396,0.4,0.35,0.024,-0.2,-0.07,0.0072,0.0,-0.2628,-1.0155,-1.0183,0.8475,96
34,32,1678.0,Medium*Medium*NoStarvation,20,Low*Medium*NoStarvation,40.0,15.71,7,7,10,0.2174,0.1571,0.35,0.0217,-0.0786,-0.07,0.0065,0.0,-0.142,-0.867,-0.8742,0.8475,46
34,33,1744.0,Low*Medium*NoStarvation,30,Medium*Medium*NoStarvation,15.71,26.43,7,7,15,0.2273,0.2643,0.35,0.0227,-0.1321,-0.07,0.0068,0.0,-0.1953,-0.9543,-0.9569,0.8475,66
34,34,1790.0,Medium*Medium*NoStarvation,20,Low*Medium*NoStarvation,26.43,15.57,7,7,10,0.2174,0.1557,0.35,0.0217,-0.0779,-0.07,0.0065,0.0,-0.1413,-0.8742,-0.8807,0.8475,46
34,35,1836.0,Low*Medium*NoStarvation,20,Low*Medium*NoStarvation,15.57,15.86,7,7,10,0.2174,0.1586,0.35,0.0217,-0.0793,-0.07,0.0065,0.0,-0.1428,-0.9266,-0.9279,0.8475,46
34,36,1862.0,Low*Medium*NoStarvation,10,Low*Medium*NoStarvation,15.86,7.14,7,7,5,0.1923,0.0714,0.35,0.0192,-0.0357,-0.07,0.0058,0.0,-0.0999,-0.886,-0.8871,0.8475,26
34,37,1928.0,Low*Medium*NoStarvation,30,Medium*Medium*NoStarvation,7.14,26.29,7,7,15,0.2273,0.2629,0.35,0.0227,-0.1314,-0.07,0.0068,0.0,-0.1946,-0.9569,-0.9591,0.8475,66
34,38,1974.0,Medium*Medium*NoStarvation,20,Low*Medium*NoStarvation,26.29,16.43,7,7,10,0.2174,0.1643,0.35,0.0217,-0.0821,-0.07,0.0065,0.0,-0.1456,-0.8807,-0.887,0.8475,46
34,39,2070.0,Low*Medium*NoStarvation,45,Medium*Medium*NoStarvation,16.43,40.14,7,7,23,0.2396,0.4014,0.35,0.024,-0.2007,-0.07,0.0072,0.0,-0.2635,-0.9996,-1.0044,0.8475,96
34,40,2136.0,Medium*Medium*NoStarvation,30,Medium*Medium*NoStarvation,40.14,27.29,7,7,15,0.2273,0.2729,0.35,0.0227,-0.1364,-0.07,0.0068,0.0,-0.1996,-0.9089,-0.9165,0.8475,66
34,41,2202.0,Medium*Medium*NoStarvation,30,Medium*Medium*NoStarvation,27.29,26.86,7,7,15,0.2273,0.2686,0.35,0.0227,-0.1343,-0.07,0.0068,0.0,-0.1975,-0.9165,-0.923,0.8475,66
34,42,2298.0,Medium*Medium*NoStarvation,45,Medium*Medium*NoStarvation,26.86,43.14,7,7,22,0.2292,0.4314,0.35,0.0229,-0.2157,-0.07,0.0069,0.0,-0.2788,-1.0183,-1.0228,0.8475,96
34,43,2394.0,Medium*Medium*NoStarvation,45,Medium*Medium*NoStarvation,43.14,39.14,7,7,23,0.2396,0.3914,0.35,0.024,-0.1957,-0.07,0.0072,0.0,-0.2585,-1.0228,-1.0248,0.8475,96
34,44,2420.0,Medium*Medium*NoStarvation,10,Low*Medium*NoStarvation,39.14,8.29,7,7,4,0.1538,0.0829,0.35,0.0154,-0.0414,-0.07,0.0046,0.0,-0.1068,-0.8719,-0.8752,0.8475,26
34,45,2466.0,Low*Medium*NoStarvation,20,Low*Medium*NoStarvation,8.29,15.43,7,7,10,0.2174,0.1543,0.35,0.0217,-0.0771,-0.07,0.0065,0.0,-0.1406,-0.9279,-0.9291,0.8475,46
34,46,2562.0,Low*Medium*NoStarvation,45,Medium*Medium*NoStarvation,15.43,40.86,7,7,23,0.2396,0.4086,0.35,0.024,-0.2043,-0.07,0.0072,0.0,-0.2671,-1.0044,-1.0095,0.8475,96
34,47,2588.0,Medium*Medium*NoStarvation,10,Low*Medium*NoStarvation,40.86,8.43,7,7,4,0.1538,0.0843,0.35,0.0154,-0.0421,-0.07,0.0046,0.0,-0.1075,-0.8752,-0.8783,0.8475,26
34,48,2654.0,Low*Medium*NoStarvation,30,Medium*Medium*NoStarvation,8.43,26.14,7,7,15,0.2273,0.2614,0.35,0.0227,-0.1307,-0.07,0.0068,0.0,-0.1939,-0.9591,-0.9617,0.8475,66
34,49,2676.0,Medium*Medium*NoStarvation,30,Low*Low*NoStarvation,26.14,0.0,7,0,8,0.1212,0.0,0.0,0.0121,-0.0,-0.0,0.0036,0.0,0.0036,-0.923,-0.8628,0.8475,66
35,0,116.0,Low*Low*NoStarvation,30,Medium*Medium*NoStarvation,0.83,26.71,2,7,31,0.4697,0.2671,0.35,0.047,-0.1336,-0.07,0.0141,0.0,-0.1895,-0.4487,-0.5004,0.8433,66
35,1,182.0,Medium*Medium*NoStarvation,30,Medium*Medium*NoStarvation,26.71,26.43,7,7,30,0.4545,0.2643,0.35,0.0455,-0.1321,-0.07,0.0136,0.0,-0.1885,-0.8628,-0.873,0.8433,66
35,2,248.0,Medium*Medium*NoStarvation,30,Medium*Medium*NoStarvation,26.43,25.29,7,7,30,0.4545,0.2529,0.35,0.0455,-0.1264,-0.07,0.0136,0.0,-0.1828,-0.873,-0.8825,0.8433,66
35,3,314.0,Medium*Medium*NoStarvation,30,Medium*Medium*NoStarvation,25.29,25.43,7,7,30,0.4545,0.2543,0.35,0.0455,-0.1271,-0.07,0.0136,0.0,-0.1835,-0.8825,-0.8917,0.8433,66
35,4,340.0,Medium*Medium*NoStarvation,10,Low*Medium*NoStarvation,25.43,6.0,7,7,10,0.3846,0.06,0.35,0.0385,-0.03,-0.07,0.0115,0.0,-0.0885,-0.8783,-0.8791,0.8433,26
35,5,436.0,Low*Medium*NoStarvation,45,Medium*Medium*NoStarvation,6.0,40.0,7,7,43,0.4479,0.4,0.35,0.0448,-0.2,-0.07,0.0134,0.0,-0.2566,-1.0095,-1.0133,0.8433,96
35,6,532.0,Medium*Medium*NoStarvation,45,Medium*Medium*NoStarvation,40.0,42.0,7,7,42,0.4375,0.42,0.35,0.0437,-0.21,-0.07,0.0131,0.0,-0.2669,-1.0248,-1.0282,0.8433,96
35,7,598.0,Medium*Medium*NoStarvation,30,Medium*Medium*NoStarvation,42.0,27.0,7,7,29,0.4394,0.27,0.35,0.0439,-0.135,-0.07,0.0132,0.0,-0.1918,-0.8917,-0.9008,0.8433,66
35,8,644.0,Medium*Medium*NoStarvation,20,Low*Medium*NoStarvation,27.0,16.43,7,7,19,0.413,0.1643,0.35,0.0413,-0.0821,-0.07,0.0124,0.0,-0.1398,-0.887,-0.8921,0.8433,46
35,9,690.0,Low*Medium*NoStarvation,20,Low*Medium*NoStarvation,16.43,16.14,7,7,19,0.413,0.1614,0.35,0.0413,-0.0807,-0.07,0.0124,0.0,-0.1383,-0.9291,-0.9298,0.8433,46
35,10,736.0,Low*Medium*NoStarvation,20,Low*Medium*NoStarvation,16.14,16.0,7,7,19,0.413,0.16,0.35,0.0413,-0.08,-0.07,0.0124,0.0,-0.1376,-0.9298,-0.9304,0.8433,46
35,11,762.0,Low*Medium*NoStarvation,10,Low*Medium*NoStarvation,16.0,8.86,7,7,8,0.3077,0.0886,0.35,0.0308,-0.0443,-0.07,0.0092,0.0,-0.1051,-0.8871,-0.8888,0.8433,26
35,12,858.0,Low*Medium*NoStarvation,45,Medium*Medium*NoStarvation,8.86,43.57,7,7,42,0.4375,0.4357,0.35,0.0437,-0.2179,-0.07,0.0131,0.0,-0.2747,-1.0133,-1.0186,0.8433,96
35,13,884.0,Medium*Medium*NoStarvation,10,Low*Medium*NoStarvation,43.57,6.43,7,7,9,0.3462,0.0643,0.35,0.0346,-0.0321,-0.07,0.0104,0.0,-0.0918,-0.8791,-0.8804,0.8433,26
35,14,910.0,Low*Medium*NoStarvation,10,Low*Medium*NoStarvation,6.43,6.14,7,7,10,0.3846,0.0614,0.35,0.0385,-0.0307,-0.07,0.0115,0.0,-0.0892,-0.8888,-0.8888,0.8433,26
35,15,936.0,Low*Medium*NoStarvation,10,Low*Medium*NoStarvation,6.14,6.71,7,7,10,0.3846,0.0671,0.35,0.0385,-0.0336,-0.07,0.0115,0.0,-0.092,-0.8888,-0.8891,0.8433,26
35,16,962.0,Low*Medium*NoStarvation,10,Low*Medium*NoStarvation,6.71,6.29,7,7,10,0.3846,0.0629,0.35,0.0385,-0.0314,-0.07,0.0115,0.0,-0.0899,-0.8891,-0.8892,0.8433,26
35,17,1058.0,Low*Medium*NoStarvation,45,Medium*Medium*NoStarvation,6.29,42.43,7,7,32,0.3333,0.4243,0.35,0.0333,-0.2121,-0.07,0.01,0.0,-0.2721,-1.0186,-1.0232,0.8433,96
35,18,1084.0,Medium*Medium*NoStarvation,10,Low*Medium*NoStarvation,42.43,6.86,7,7,4,0.1538,0.0686,0.35,0.0154,-0.0343,-0.07,0.0046,0.0,-0.0997,-0.8804,-0.8823,0.8433,26
35,19,1110.0,Low*Medium*NoStarvation,10,Low*Medium*NoStarvation,6.86,6.0,7,7,5,0.1923,0.06,0.35,0.0192,-0.03,-0.07,0.0058,0.0,-0.0942,-0.8892,-0.8897,0.8433,26
35,20,1136.0,Low*Medium*NoStarvation,10,Low*Medium*NoStarvation,6.0,7.29,7,7,4,0.1538,0.0729,0.35,0.0154,-0.0364,-0.07,0.0046,0.0,-0.1018,-0.8897,-0.891,0.8433,26
35,21,1202.0,Low*Medium*NoStarvation,30,Medium*Medium*NoStarvation,7.29,26.71,7,7,14,0.2121,0.2671,0.35,0.0212,-0.1336,-0.07,0.0064,0.0,-0.1972,-0.9617,-0.9646,0.8433,66
35,22,1248.0,Medium*Medium*NoStarvation,20,Low*Medium*NoStarvation,26.71,15.14,7,7,11,0.2391,0.1514,0.35,0.0239,-0.0757,-0.07,0.0072,0.0,-0.1385,-0.8921,-0.897,0.8433,46
35,23,1274.0,Low*Medium*NoStarvation,10,Low*Medium*NoStarvation,15.14,9.0,7,7,4,0.1538,0.09,0.35,0.0154,-0.045,-0.07,0.0046,0.0,-0.1104,-0.891,-0.8931,0.8433,26
35,24,1300.0,Low*Medium*NoStarvation,10,Low*Medium*NoStarvation,9.0,5.43,7,7,5,0.1923,0.0543,0.35,0.0192,-0.0271,-0.07,0.0058,0.0,-0.0914,-0.8931,-0.8934,0.8433,26
35,25,1396.0,Low*Medium*NoStarvation,45,Medium*Medium*NoStarvation,5.43,40.29,7,7,23,0.2396,0.4029,0.35,0.024,-0.2014,-0.07,0.0072,0.0,-0.2642,-1.0232,-1.0267,0.8433,96
35,26,1422.0,Medium*Medium*NoStarvation,10,Low*Medium*NoStarvation,40.29,7.71,7,7,4,0.1538,0.0771,0.35,0.0154,-0.0386,-0.07,0.0046,0.0,-0.104,-0.8823,-0.8849,0.8433,26
35,27,1448.0,Low*Medium*NoStarvation,10,Low*Medium*NoStarvation,7.71,5.71,7,7,5,0.1923,0.0571,0.35,0.0192,-0.0286,-0.07,0.0058,0.0,-0.0928,-0.8934,-0.8937,0.8433,26
35,28,1514.0,Low*Medium*NoStarvation,30,Medium*Medium*NoStarvation,5.71,27.0,7,7,15,0.2273,0.27,0.35,0.0227,-0.135,-0.07,0.0068,0.0,-0.1982,-0.9646,-0.9676,0.8433,66
35,29,1540.0,Medium*Medium*NoStarvation,10,Low*Medium*NoStarvation,27.0,6.43,7,7,5,0.1923,0.0643,0.35,0.0192,-0.0321,-0.07,0.0058,0.0,-0.0964,-0.8849,-0.8865,0.8433,26
35,30,1606.0,Low*Medium*NoStarvation,30,Medium*Medium*NoStarvation,6.43,25.71,7,7,15,0.2273,0.2571,0.35,0.0227,-0.1286,-0.07,0.0068,0.0,-0.1918,-0.9676,-0.9698,0.8433,66
35,31,1702.0,Medium*Medium*NoStarvation,45,Medium*Medium*NoStarvation,25.71,40.71,7,7,23,0.2396,0.4071,0.35,0.024,-0.2036,-0.07,0.0072,0.0,-0.2664,-1.0282,-1.0318,0.8433,96
35,32,1728.0,Medium*Medium*NoStarvation,10,Low*Medium*NoStarvation,40.71,8.29,7,7,4,0.1538,0.0829,0.35,0.0154,-0.0414,-0.07,0.0046,0.0,-0.1068,-0.8865,-0.889,0.8433,26
35,33,1824.0,Low*Medium*NoStarvation,45,Medium*Medium*NoStarvation,8.29,41.86,7,7,23,0.2396,0.4186,0.35,0.024,-0.2093,-0.07,0.0072,0.0,-0.2721,-1.0267,-1.0312,0.8433,96
35,34,1850.0,Medium*Medium*NoStarvation,10,Low*Medium*NoStarvation,41.86,7.71,7,7,4,0.1538,0.0771,0.35,0.0154,-0.0386,-0.07,0.0046,0.0,-0.104,-0.889,-0.8909,0.8433,26
35,35,1916.0,Low*Medium*NoStarvation,30,Medium*Medium*NoStarvation,7.71,25.29,7,7,15,0.2273,0.2529,0.35,0.0227,-0.1264,-0.07,0.0068,0.0,-0.1896,-0.9698,-0.972,0.8433,66
35,36,1982.0,Medium*Medium*NoStarvation,30,Medium*Medium*NoStarvation,25.29,25.29,7,7,15,0.2273,0.2529,0.35,0.0227,-0.1264,-0.07,0.0068,0.0,-0.1896,-0.9008,-0.9099,0.8433,66
35,37,2048.0,Medium*Medium*NoStarvation,30,Medium*Medium*NoStarvation,25.29,26.14,7,7,15,0.2273,0.2614,0.35,0.0227,-0.1307,-0.07,0.0068,0.0,-0.1939,-0.9099,-0.9185,0.8433,66
35,38,2114.0,Medium*Medium*NoStarvation,30,Medium*Medium*NoStarvation,26.14,25.14,7,7,16,0.2424,0.2514,0.35,0.0242,-0.1257,-0.07,0.0073,0.0,-0.1884,-0.9185,-0.9256,0.8433,66
35,39,2160.0,Medium*Medium*NoStarvation,20,Low*Medium*NoStarvation,25.14,15.14,7,7,10,0.2174,0.1514,0.35,0.0217,-0.0757,-0.07,0.0065,0.0,-0.1392,-0.897,-0.9016,0.8433,46
35,40,2186.0,Low*Medium*NoStarvation,10,Low*Medium*NoStarvation,15.14,7.57,7,7,4,0.1538,0.0757,0.35,0.0154,-0.0379,-0.07,0.0046,0.0,-0.1032,-0.8937,-0.8951,0.8433,26
35,41,2212.0,Low*Medium*NoStarvation,10,Low*Medium*NoStarvation,7.57,6.0,7,7,5,0.1923,0.06,0.35,0.0192,-0.03,-0.07,0.0058,0.0,-0.0942,-0.8951,-0.8956,0.8433,26
35,42,2238.0,Low*Medium*NoStarvation,10,Low*Medium*NoStarvation,6.0,6.14,7,7,5,0.1923,0.0614,0.35,0.0192,-0.0307,-0.07,0.0058,0.0,-0.0949,-0.8956,-0.8961,0.8433,26
35,43,2334.0,Low*Medium*NoStarvation,45,Medium*Medium*NoStarvation,6.14,42.29,7,7,22,0.2292,0.4229,0.35,0.0229,-0.2114,-0.07,0.0069,0.0,-0.2746,-1.0312,-1.0357,0.8433,96
35,44,2430.0,Medium*Medium*NoStarvation,45,Medium*Medium*NoStarvation,42.29,42.57,7,7,22,0.2292,0.4257,0.35,0.0229,-0.2129,-0.07,0.0069,0.0,-0.276,-1.0318,-1.0364,0.8433,96
35,45,2476.0,Medium*Medium*NoStarvation,20,Low*Medium*NoStarvation,42.57,17.0,7,7,10,0.2174,0.17,0.35,0.0217,-0.085,-0.07,0.0065,0.0,-0.1485,-0.9016,-0.9069,0.8433,46
35,46,2502.0,Low*Medium*NoStarvation,10,Low*Medium*NoStarvation,17.0,9.0,7,7,4,0.1538,0.09,0.35,0.0154,-0.045,-0.07,0.0046,0.0,-0.1104,-0.8961,-0.8982,0.8433,26
35,47,2528.0,Low*Medium*NoStarvation,10,Low*Medium*NoStarvation,9.0,8.0,7,7,5,0.1923,0.08,0.35,0.0192,-0.04,-0.07,0.0058,0.0,-0.1042,-0.8982,-0.8996,0.8433,26
35,48,2574.0,Low*Medium*NoStarvation,20,Low*Medium*NoStarvation,8.0,17.14,7,7,10,0.2174,0.1714,0.35,0.0217,-0.0857,-0.07,0.0065,0.0,-0.1492,-0.9304,-0.9333,0.8433,46
35,49,2670.0,Low*Medium*NoStarvation,45,Medium*Medium*NoStarvation,17.14,41.86,7,7,22,0.2292,0.4186,0.35,0.0229,-0.2093,-0.07,0.0069,0.0,-0.2724,-1.0357,-1.0396,0.8433,96
35,50,2696.0,Medium*Medium*NoStarvation,30,Low*Low*NoStarvation,41.86,0.0,7,0,10,0.1515,0.0,0.0,0.0152,-0.0,-0.0,0.0045,0.0,0.0045,-0.9256,-0.865,0.8433,66
36,0,76.0,Low*Low*NoStarvation,10,Low*Medium*NoStarvation,0.83,6.71,2,7,11,0.4231,0.0671,0.35,0.0423,-0.0336,-0.07,0.0127,0.0,-0.0909,-0.3598,-0.4139,0.8391,26
36,1,102.0,Low*Medium*NoStarvation,10,Low*Medium*NoStarvation,6.71,8.43,7,7,8,0.3077,0.0843,0.35,0.0308,-0.0421,-0.07,0.0092,0.0,-0.1029,-0.8996,-0.9009,0.8391,26
36,2,198.0,Low*Medium*NoStarvation,45,Medium*Medium*NoStarvation,8.43,43.0,7,7,45,0.4688,0.43,0.35,0.0469,-0.215,-0.07,0.0141,0.0,-0.2709,-1.0396,-1.0406,0.8391,96
36,3,264.0,Medium*Medium*NoStarvation,30,Medium*Medium*NoStarvation,43.0,24.43,7,7,31,0.4697,0.2443,0.35,0.047,-0.1221,-0.07,0.0141,0.0,-0.1781,-0.865,-0.8742,0.8391,66
36,4,360.0,Medium*Medium*NoStarvation,45,Medium*Medium*NoStarvation,24.43,40.71,7,7,46,0.4792,0.4071,0.35,0.0479,-0.2036,-0.07,0.0144,0.0,-0.2592,-1.0364,-1.0373,0.8391,96
36,5,426.0,Medium*Medium*NoStarvation,30,Medium*Medium*NoStarvation,40.71,26.14,7,7,28,0.4242,0.2614,0.35,0.0424,-0.1307,-0.07,0.0127,0.0,-0.188,-0.8742,-0.8842,0.8391,66
36,6,452.0,Medium*Medium*NoStarvation,10,Low*Medium*NoStarvation,26.14,6.0,7,7,10,0.3846,0.06,0.35,0.0385,-0.03,-0.07,0.0115,0.0,-0.0885,-0.8909,-0.8917,0.8391,26
36,7,498.0,Low*Medium*NoStarvation,20,Low*Medium*NoStarvation,6.0,16.14,7,7,20,0.4348,0.1614,0.35,0.0435,-0.0807,-0.07,0.013,0.0,-0.1377,-0.9333,-0.9348,0.8391,46
36,8,564.0,Low*Medium*NoStarvation,30,Medium*Medium*NoStarvation,16.14,25.71,7,7,28,0.4242,0.2571,0.35,0.0424,-0.1286,-0.07,0.0127,0.0,-0.1858,-0.972,-0.9729,0.8391,66
36,9,630.0,Medium*Medium*NoStarvation,30,Medium*Medium*NoStarvation,25.71,26.14,7,7,28,0.4242,0.2614,0.35,0.0424,-0.1307,-0.07,0.0127,0.0,-0.188,-0.8842,-0.8942,0.8391,66
36,10,726.0,Medium*Medium*NoStarvation,45,Medium*Medium*NoStarvation,26.14,42.14,7,7,41,0.4271,0.4214,0.35,0.0427,-0.2107,-0.07,0.0128,0.0,-0.2679,-1.0373,-1.0406,0.8391,96
36,11,792.0,Medium*Medium*NoStarvation,30,Medium*Medium*NoStarvation,42.14,25.57,7,7,28,0.4242,0.2557,0.35,0.0424,-0.1279,-0.07,0.0127,0.0,-0.1851,-0.8942,-0.9035,0.8391,66
36,12,818.0,Medium*Medium*NoStarvation,10,Low*Medium*NoStarvation,25.57,9.29,7,7,8,0.3077,0.0929,0.35,0.0308,-0.0464,-0.07,0.0092,0.0,-0.1072,-0.8917,-0.8944,0.8391,26
36,13,844.0,Low*Medium*NoStarvation,10,Low*Medium*NoStarvation,9.29,9.29,7,7,10,0.3846,0.0929,0.35,0.0385,-0.0464,-0.07,0.0115,0.0,-0.1049,-0.9009,-0.9024,0.8391,26
36,14,910.0,Low*Medium*NoStarvation,30,Medium*Medium*NoStarvation,9.29,27.43,7,7,29,0.4394,0.2743,0.35,0.0439,-0.1371,-0.07,0.0132,0.0,-0.194,-0.9729,-0.9755,0.8391,66
36,15,936.0,Medium*Medium*NoStarvation,10,Low*Medium*NoStarvation,27.43,8.29,7,7,8,0.3077,0.0829,0.35,0.0308,-0.0414,-0.07,0.0092,0.0,-0.1022,-0.8944,-0.8964,0.8391,26
36,16,962.0,Low*Medium*NoStarvation,10,Low*Medium*NoStarvation,8.29,5.86,7,7,10,0.3846,0.0586,0.35,0.0385,-0.0293,-0.07,0.0115,0.0,-0.0877,-0.9024,-0.9021,0.8391,26
36,17,1058.0,Low*Medium*NoStarvation,45,Medium*Medium*NoStarvation,5.86,40.43,7,7,33,0.3438,0.4043,0.35,0.0344,-0.2021,-0.07,0.0103,0.0,-0.2618,-1.0406,-1.0434,0.8391,96
36,18,1154.0,Medium*Medium*NoStarvation,45,Medium*Medium*NoStarvation,40.43,41.29,7,7,22,0.2292,0.4129,0.35,0.0229,-0.2064,-0.07,0.0069,0.0,-0.2696,-1.0406,-1.0442,0.8391,96
36,19,1200.0,Medium*Medium*NoStarvation,20,Low*Medium*NoStarvation,41.29,15.43,7,7,10,0.2174,0.1543,0.35,0.0217,-0.0771,-0.07,0.0065,0.0,-0.1406,-0.9069,-0.9115,0.8391,46
36,20,1226.0,Low*Medium*NoStarvation,10,Low*Medium*NoStarvation,15.43,6.71,7,7,5,0.1923,0.0671,0.35,0.0192,-0.0336,-0.07,0.0058,0.0,-0.0978,-0.9021,-0.9029,0.8391,26
36,21,1292.0,Low*Medium*NoStarvation,30,Medium*Medium*NoStarvation,6.71,26.43,7,7,15,0.2273,0.2643,0.35,0.0227,-0.1321,-0.07,0.0068,0.0,-0.1953,-0.9755,-0.9782,0.8391,66
36,22,1318.0,Medium*Medium*NoStarvation,10,Low*Medium*NoStarvation,26.43,6.71,7,7,5,0.1923,0.0671,0.35,0.0192,-0.0336,-0.07,0.0058,0.0,-0.0978,-0.8964,-0.8978,0.8391,26
36,23,1364.0,Low*Medium*NoStarvation,20,Low*Medium*NoStarvation,6.71,15.29,7,7,10,0.2174,0.1529,0.35,0.0217,-0.0764,-0.07,0.0065,0.0,-0.1399,-0.9348,-0.9366,0.8391,46
36,24,1460.0,Low*Medium*NoStarvation,45,Medium*Medium*NoStarvation,15.29,41.0,7,7,22,0.2292,0.41,0.35,0.0229,-0.205,-0.07,0.0069,0.0,-0.2681,-1.0434,-1.0466,0.8391,96
36,25,1526.0,Medium*Medium*NoStarvation,30,Medium*Medium*NoStarvation,41.0,27.14,7,7,14,0.2121,0.2714,0.35,0.0212,-0.1357,-0.07,0.0064,0.0,-0.1994,-0.9035,-0.9139,0.8391,66
36,26,1552.0,Medium*Medium*NoStarvation,10,Low*Medium*NoStarvation,27.14,6.14,7,7,5,0.1923,0.0614,0.35,0.0192,-0.0307,-0.07,0.0058,0.0,-0.0949,-0.8978,-0.8987,0.8391,26
36,27,1618.0,Low*Medium*NoStarvation,30,Medium*Medium*NoStarvation,6.14,26.29,7,7,15,0.2273,0.2629,0.35,0.0227,-0.1314,-0.07,0.0068,0.0,-0.1946,-0.9782,-0.9807,0.8391,66
36,28,1664.0,Medium*Medium*NoStarvation,20,Low*Medium*NoStarvation,26.29,16.14,7,7,10,0.2174,0.1614,0.35,0.0217,-0.0807,-0.07,0.0065,0.0,-0.1442,-0.9115,-0.916,0.8391,46
36,29,1690.0,Low*Medium*NoStarvation,10,Low*Medium*NoStarvation,16.14,6.71,7,7,5,0.1923,0.0671,0.35,0.0192,-0.0336,-0.07,0.0058,0.0,-0.0978,-0.9029,-0.9037,0.8391,26
36,30,1786.0,Low*Medium*NoStarvation,45,Medium*Medium*NoStarvation,6.71,41.71,7,7,22,0.2292,0.4171,0.35,0.0229,-0.2086,-0.07,0.0069,0.0,-0.2717,-1.0466,-1.05,0.8391,96
36,31,1852.0,Medium*Medium*NoStarvation,30,Medium*Medium*NoStarvation,41.71,27.57,7,7,14,0.2121,0.2757,0.35,0.0212,-0.1379,-0.07,0.0064,0.0,-0.2015,-0.9139,-0.9235,0.8391,66
36,32,1878.0,Medium*Medium*NoStarvation,10,Low*Medium*NoStarvation,27.57,5.86,7,7,5,0.1923,0.0586,0.35,0.0192,-0.0293,-0.07,0.0058,0.0,-0.0935,-0.8987,-0.8995,0.8391,26
36,33,1944.0,Low*Medium*NoStarvation,30,Medium*Medium*NoStarvation,5.86,26.14,7,7,15,0.2273,0.2614,0.35,0.0227,-0.1307,-0.07,0.0068,0.0,-0.1939,-0.9807,-0.983,0.8391,66
36,34,2010.0,Medium*Medium*NoStarvation,30,Medium*Medium*NoStarvation,26.14,26.43,7,7,15,0.2273,0.2643,0.35,0.0227,-0.1321,-0.07,0.0068,0.0,-0.1953,-0.9235,-0.9317,0.8391,66
36,35,2036.0,Medium*Medium*NoStarvation,10,Low*Medium*NoStarvation,26.43,6.86,7,7,4,0.1538,0.0686,0.35,0.0154,-0.0343,-0.07,0.0046,0.0,-0.0997,-0.8995,-0.9009,0.8391,26
36,36,2062.0,Low*Medium*NoStarvation,10,Low*Medium*NoStarvation,6.86,7.29,7,7,5,0.1923,0.0729,0.35,0.0192,-0.0364,-0.07,0.0058,0.0,-0.1007,-0.9037,-0.9047,0.8391,26
36,37,2088.0,Low*Medium*NoStarvation,10,Low*Medium*NoStarvation,7.29,6.14,7,7,5,0.1923,0.0614,0.35,0.0192,-0.0307,-0.07,0.0058,0.0,-0.0949,-0.9047,-0.9051,0.8391,26
36,38,2184.0,Low*Medium*NoStarvation,45,Medium*Medium*NoStarvation,6.14,40.71,7,7,23,0.2396,0.4071,0.35,0.024,-0.2036,-0.07,0.0072,0.0,-0.2664,-1.05,-1.0527,0.8391,96
36,39,2250.0,Medium*Medium*NoStarvation,30,Medium*Medium*NoStarvation,40.71,25.71,7,7,15,0.2273,0.2571,0.35,0.0227,-0.1286,-0.07,0.0068,0.0,-0.1918,-0.9317,-0.9388,0.8391,66
36,40,2276.0,Medium*Medium*NoStarvation,10,Low*Medium*NoStarvation,25.71,7.14,7,7,5,0.1923,0.0714,0.35,0.0192,-0.0357,-0.07,0.0058,0.0,-0.0999,-0.9009,-0.9023,0.8391,26
36,41,2302.0,Low*Medium*NoStarvation,10,Low*Medium*NoStarvation,7.14,6.0,7,7,5,0.1923,0.06,0.35,0.0192,-0.03,-0.07,0.0058,0.0,-0.0942,-0.9051,-0.9055,0.8391,26
36,42,2398.0,Low*Medium*NoStarvation,45,Medium*Medium*NoStarvation,6.0,40.29,7,7,23,0.2396,0.4029,0.35,0.024,-0.2014,-0.07,0.0072,0.0,-0.2642,-1.0527,-1.0551,0.8391,96
36,43,2494.0,Medium*Medium*NoStarvation,45,Medium*Medium*NoStarvation,40.29,39.57,7,7,23,0.2396,0.3957,0.35,0.024,-0.1979,-0.07,0.0072,0.0,-0.2607,-1.0442,-1.047,0.8391,96
36,44,2520.0,Medium*Medium*NoStarvation,10,Low*Medium*NoStarvation,39.57,6.57,7,7,5,0.1923,0.0657,0.35,0.0192,-0.0329,-0.07,0.0058,0.0,-0.0971,-0.9023,-0.9032,0.8391,26
36,45,2546.0,Low*Medium*NoStarvation,10,Low*Medium*NoStarvation,6.57,6.14,7,7,5,0.1923,0.0614,0.35,0.0192,-0.0307,-0.07,0.0058,0.0,-0.0949,-0.9055,-0.9059,0.8391,26
36,46,2612.0,Low*Medium*NoStarvation,30,Medium*Medium*NoStarvation,6.14,26.43,7,7,15,0.2273,0.2643,0.35,0.0227,-0.1321,-0.07,0.0068,0.0,-0.1953,-0.983,-0.9855,0.8391,66
36,47,2638.0,Medium*Medium*NoStarvation,10,Low*Medium*NoStarvation,26.43,8.43,7,7,4,0.1538,0.0843,0.35,0.0154,-0.0421,-0.07,0.0046,0.0,-0.1075,-0.9032,-0.9052,0.8391,26
36,48,2671.0,Low*Medium*NoStarvation,30,Low*Low*NoStarvation,8.43,0.0,7,0,13,0.197,0.0,0.0,0.0197,-0.0,-0.0,0.0059,0.0,0.0059,-0.9855,-0.922,0.8391,66
37,0,96.0,Low*Low*NoStarvation,20,Low*Medium*NoStarvation,0.83,16.14,2,7,21,0.4565,0.1614,0.35,0.0457,-0.0807,-0.07,0.0137,0.0,-0.137,-0.3962,-0.4518,0.8349,46
37,1,122.0,Low*Medium*NoStarvation,10,Low*Medium*NoStarvation,16.14,6.14,7,7,9,0.3462,0.0614,0.35,0.0346,-0.0307,-0.07,0.0104,0.0,-0.0903,-0.9059,-0.9059,0.8349,26
37,2,148.0,Low*Medium*NoStarvation,10,Low*Medium*NoStarvation,6.14,6.86,7,7,10,0.3846,0.0686,0.35,0.0385,-0.0343,-0.07,0.0115,0.0,-0.0927,-0.9059,-0.9061,0.8349,26
37,3,194.0,Low*Medium*NoStarvation,20,Low*Medium*NoStarvation,6.86,15.43,7,7,20,0.4348,0.1543,0.35,0.0435,-0.0771,-0.07,0.013,0.0,-0.1341,-0.9366,-0.9379,0.8349,46
37,4,290.0,Low*Medium*NoStarvation,45,Medium*Medium*NoStarvation,15.43,42.14,7,7,45,0.4688,0.4214,0.35,0.0469,-0.2107,-0.07,0.0141,0.0,-0.2667,-1.0551,-1.0577,0.8349,96
37,5,356.0,Medium*Medium*NoStarvation,30,Medium*Medium*NoStarvation,42.14,26.43,7,7,30,0.4545,0.2643,0.35,0.0455,-0.1321,-0.07,0.0136,0.0,-0.1885,-0.9388,-0.9452,0.8349,66
37,6,452.0,Medium*Medium*NoStarvation,45,Medium*Medium*NoStarvation,26.43,41.14,7,7,43,0.4479,0.4114,0.35,0.0448,-0.2057,-0.07,0.0134,0.0,-0.2623,-1.047,-1.05,0.8349,96
37,7,518.0,Medium*Medium*NoStarvation,30,Medium*Medium*NoStarvation,41.14,24.71,7,7,30,0.4545,0.2471,0.35,0.0455,-0.1236,-0.07,0.0136,0.0,-0.1799,-0.9452,-0.9502,0.8349,66
37,8,614.0,Medium*Medium*NoStarvation,45,Medium*Medium*NoStarvation,24.71,41.86,7,7,41,0.4271,0.4186,0.35,0.0427,-0.2093,-0.07,0.0128,0.0,-0.2665,-1.05,-1.0532,0.8349,96
37,9,680.0,Medium*Medium*NoStarvation,30,Medium*Medium*NoStarvation,41.86,26.0,7,7,28,0.4242,0.26,0.35,0.0424,-0.13,-0.07,0.0127,0.0,-0.1873,-0.9502,-0.9553,0.8349,66
37,10,776.0,Medium*Medium*NoStarvation,45,Medium*Medium*NoStarvation,26.0,40.0,7,7,42,0.4375,0.4,0.35,0.0437,-0.2,-0.07,0.0131,0.0,-0.2569,-1.0532,-1.055,0.8349,96
37,11,872.0,Medium*Medium*NoStarvation,45,Medium*Medium*NoStarvation,40.0,42.29,7,7,41,0.4271,0.4229,0.35,0.0427,-0.2114,-0.07,0.0128,0.0,-0.2686,-1.055,-1.0578,0.8349,96
37,12,938.0,Medium*Medium*NoStarvation,30,Medium*Medium*NoStarvation,42.29,27.14,7,7,29,0.4394,0.2714,0.35,0.0439,-0.1357,-0.07,0.0132,0.0,-0.1925,-0.9553,-0.9605,0.8349,66
37,13,984.0,Medium*Medium*NoStarvation,20,Low*Medium*NoStarvation,27.14,15.71,7,7,19,0.413,0.1571,0.35,0.0413,-0.0786,-0.07,0.0124,0.0,-0.1362,-0.916,-0.9196,0.8349,46
37,14,1050.0,Low*Medium*NoStarvation,30,Medium*Medium*NoStarvation,15.71,26.29,7,7,19,0.2879,0.2629,0.35,0.0288,-0.1314,-0.07,0.0086,0.0,-0.1928,-0.922,-0.9306,0.8349,66
37,15,1146.0,Medium*Medium*NoStarvation,45,Medium*Medium*NoStarvation,26.29,41.86,7,7,22,0.2292,0.4186,0.35,0.0229,-0.2093,-0.07,0.0069,0.0,-0.2724,-1.0578,-1.0607,0.8349,96
37,16,1172.0,Medium*Medium*NoStarvation,10,Low*Medium*NoStarvation,41.86,7.29,7,7,4,0.1538,0.0729,0.35,0.0154,-0.0364,-0.07,0.0046,0.0,-0.1018,-0.9052,-0.9064,0.8349,26
37,17,1218.0,Low*Medium*NoStarvation,20,Low*Medium*NoStarvation,7.29,16.57,7,7,10,0.2174,0.1657,0.35,0.0217,-0.0829,-0.07,0.0065,0.0,-0.1463,-0.9379,-0.9403,0.8349,46
37,18,1244.0,Low*Medium*NoStarvation,10,Low*Medium*NoStarvation,16.57,8.14,7,7,4,0.1538,0.0814,0.35,0.0154,-0.0407,-0.07,0.0046,0.0,-0.1061,-0.9061,-0.9077,0.8349,26
37,19,1310.0,Low*Medium*NoStarvation,30,Medium*Medium*NoStarvation,8.14,25.57,7,7,15,0.2273,0.2557,0.35,0.0227,-0.1279,-0.07,0.0068,0.0,-0.191,-0.9306,-0.9382,0.8349,66
37,20,1406.0,Medium*Medium*NoStarvation,45,Medium*Medium*NoStarvation,25.57,40.43,7,7,22,0.2292,0.4043,0.35,0.0229,-0.2021,-0.07,0.0069,0.0,-0.2653,-1.0607,-1.0628,0.8349,96
37,21,1472.0,Medium*Medium*NoStarvation,30,Medium*Medium*NoStarvation,40.43,26.14,7,7,15,0.2273,0.2614,0.35,0.0227,-0.1307,-0.07,0.0068,0.0,-0.1939,-0.9605,-0.9654,0.8349,66
37,22,1498.0,Medium*Medium*NoStarvation,10,Low*Medium*NoStarvation,26.14,6.0,7,7,5,0.1923,0.06,0.35,0.0192,-0.03,-0.07,0.0058,0.0,-0.0942,-0.9064,-0.9069,0.8349,26
37,23,1524.0,Low*Medium*NoStarvation,10,Low*Medium*NoStarvation,6.0,6.71,7,7,5,0.1923,0.0671,0.35,0.0192,-0.0336,-0.07,0.0058,0.0,-0.0978,-0.9077,-0.9084,0.8349,26
37,24,1550.0,Low*Medium*NoStarvation,10,Low*Medium*NoStarvation,6.71,7.71,7,7,5,0.1923,0.0771,0.35,0.0192,-0.0386,-0.07,0.0058,0.0,-0.1028,-0.9084,-0.9096,0.8349,26
37,25,1596.0,Low*Medium*NoStarvation,20,Low*Medium*NoStarvation,7.71,16.86,7,7,10,0.2174,0.1686,0.35,0.0217,-0.0843,-0.07,0.0065,0.0,-0.1478,-0.9403,-0.9429,0.8349,46
37,26,1662.0,Low*Medium*NoStarvation,30,Medium*Medium*NoStarvation,16.86,25.86,7,7,15,0.2273,0.2586,0.35,0.0227,-0.1293,-0.07,0.0068,0.0,-0.1925,-0.9382,-0.9452,0.8349,66
37,27,1688.0,Medium*Medium*NoStarvation,10,Low*Medium*NoStarvation,25.86,6.0,7,6,5,0.1923,0.06,0.3,0.0192,-0.03,-0.06,0.0058,0.0,-0.0842,-0.9069,-0.9065,0.8349,26
37,28,1734.0,Low*Medium*NoStarvation,20,Low*Medium*NoStarvation,6.0,15.43,6,7,10,0.2174,0.1543,0.35,0.0217,-0.0771,-0.07,0.0065,0.0,-0.1406,-0.9429,-0.9445,0.8349,46
37,29,1830.0,Low*Medium*NoStarvation,45,Medium*Medium*NoStarvation,15.43,42.71,7,7,22,0.2292,0.4271,0.35,0.0229,-0.2136,-0.07,0.0069,0.0,-0.2767,-1.0577,-1.0612,0.8349,96
37,30,1876.0,Medium*Medium*NoStarvation,20,Low*Medium*NoStarvation,42.71,16.0,7,7,10,0.2174,0.16,0.35,0.0217,-0.08,-0.07,0.0065,0.0,-0.1435,-0.9196,-0.9239,0.8349,46
37,31,1922.0,Low*Medium*NoStarvation,20,Low*Medium*NoStarvation,16.0,17.29,7,7,10,0.2174,0.1729,0.35,0.0217,-0.0864,-0.07,0.0065,0.0,-0.1499,-0.9445,-0.9469,0.8349,46
37,32,1948.0,Low*Medium*NoStarvation,10,Low*Medium*NoStarvation,17.29,6.71,7,7,5,0.1923,0.0671,0.35,0.0192,-0.0336,-0.07,0.0058,0.0,-0.0978,-0.9096,-0.9103,0.8349,26
37,33,2044.0,Low*Medium*NoStarvation,45,Medium*Medium*NoStarvation,6.71,40.57,7,7,23,0.2396,0.4057,0.35,0.024,-0.2029,-0.07,0.0072,0.0,-0.2657,-1.0612,-1.0632,0.8349,96
37,34,2110.0,Medium*Medium*NoStarvation,30,Medium*Medium*NoStarvation,40.57,25.86,7,7,15,0.2273,0.2586,0.35,0.0227,-0.1293,-0.07,0.0068,0.0,-0.1925,-0.9654,-0.9697,0.8349,66
37,35,2156.0,Medium*Medium*NoStarvation,20,Low*Medium*NoStarvation,25.86,15.29,7,7,10,0.2174,0.1529,0.35,0.0217,-0.0764,-0.07,0.0065,0.0,-0.1399,-0.9239,-0.9274,0.8349,46
37,36,2252.0,Low*Medium*NoStarvation,45,Medium*Medium*NoStarvation,15.29,41.0,7,7,22,0.2292,0.41,0.35,0.0229,-0.205,-0.07,0.0069,0.0,-0.2681,-1.0632,-1.0653,0.8349,96
37,37,2278.0,Medium*Medium*NoStarvation,10,Low*Medium*NoStarvation,41.0,7.57,7,7,4,0.1538,0.0757,0.35,0.0154,-0.0379,-0.07,0.0046,0.0,-0.1032,-0.9065,-0.9081,0.8349,26
37,38,2324.0,Low*Medium*NoStarvation,20,Low*Medium*NoStarvation,7.57,16.29,7,7,10,0.2174,0.1629,0.35,0.0217,-0.0814,-0.07,0.0065,0.0,-0.1449,-0.9469,-0.9486,0.8349,46
37,39,2350.0,Low*Medium*NoStarvation,10,Low*Medium*NoStarvation,16.29,6.86,7,7,4,0.1538,0.0686,0.35,0.0154,-0.0343,-0.07,0.0046,0.0,-0.0997,-0.9103,-0.9111,0.8349,26
37,40,2446.0,Low*Medium*NoStarvation,45,Medium*Medium*NoStarvation,6.86,39.86,7,7,23,0.2396,0.3986,0.35,0.024,-0.1993,-0.07,0.0072,0.0,-0.2621,-1.0653,-1.0667,0.8349,96
37,41,2492.0,Medium*Medium*NoStarvation,20,Low*Medium*NoStarvation,39.86,16.57,7,7,10,0.2174,0.1657,0.35,0.0217,-0.0829,-0.07,0.0065,0.0,-0.1463,-0.9274,-0.9313,0.8349,46
37,42,2518.0,Low*Medium*NoStarvation,10,Low*Medium*NoStarvation,16.57,7.0,7,7,5,0.1923,0.07,0.35,0.0192,-0.035,-0.07,0.0058,0.0,-0.0992,-0.9111,-0.9119,0.8349,26
37,43,2614.0,Low*Medium*NoStarvation,45,Medium*Medium*NoStarvation,7.0,41.57,7,7,22,0.2292,0.4157,0.35,0.0229,-0.2079,-0.07,0.0069,0.0,-0.271,-1.0667,-1.0689,0.8349,96
37,44,2640.0,Medium*Medium*NoStarvation,10,Low*Medium*NoStarvation,41.57,6.14,7,7,5,0.1923,0.0614,0.35,0.0192,-0.0307,-0.07,0.0058,0.0,-0.0949,-0.9081,-0.9088,0.8349,26
37,45,2666.0,Low*Medium*NoStarvation,10,Low*Low*NoStarvation,6.14,10.5,7,2,5,0.1923,0.105,0.1,0.0192,-0.0525,-0.02,0.0058,0.0,-0.0667,-0.9119,-0.8647,0.8349,26
37,46,2677.0,Low*Low*NoStarvation,10,Low*Low*NoStarvation,10.5,0.0,2,0,2,0.0769,0.0,0.0,0.0077,-0.0,-0.0,0.0023,0.0,0.0023,-0.4139,-0.4095,0.8349,26
38,0,116.0,Low*Low*NoStarvation,30,Medium*Medium*NoStarvation,0.83,26.71,2,7,31,0.4697,0.2671,0.35,0.047,-0.1336,-0.07,0.0141,0.0,-0.1895,-0.5004,-0.5511,0.8307,66
38,1,142.0,Medium*Medium*NoStarvation,10,Low*Medium*NoStarvation,26.71,7.0,7,7,10,0.3846,0.07,0.35,0.0385,-0.035,-0.07,0.0115,0.0,-0.0935,-0.9088,-0.9051,0.8307,26
38,2,238.0,Low*Medium*NoStarvation,45,Medium*Medium*NoStarvation,7.0,39.57,7,7,45,0.4688,0.3957,0.35,0.0469,-0.1979,-0.07,0.0141,0.0,-0.2538,-1.0689,-1.0688,0.8307,96
38,3,264.0,Medium*Medium*NoStarvation,10,Low*Medium*NoStarvation,39.57,6.54,7,8,10,0.3846,0.0654,0.4,0.0385,-0.0327,-0.08,0.0115,0.0,-0.1011,-0.9051,-0.9025,0.8307,26
38,4,360.0,Low*Medium*NoStarvation,45,Medium*Medium*NoStarvation,6.54,40.71,8,7,45,0.4688,0.4071,0.35,0.0469,-0.2036,-0.07,0.0141,0.0,-0.2595,-1.0688,-1.0691,0.8307,96
38,5,386.0,Medium*Medium*NoStarvation,10,Low*Medium*NoStarvation,40.71,6.14,7,7,10,0.3846,0.0614,0.35,0.0385,-0.0307,-0.07,0.0115,0.0,-0.0892,-0.9025,-0.899,0.8307,26
38,6,452.0,Low*Medium*NoStarvation,30,Medium*Medium*NoStarvation,6.14,26.71,7,7,29,0.4394,0.2671,0.35,0.0439,-0.1336,-0.07,0.0132,0.0,-0.1904,-0.9452,-0.9507,0.8307,66
38,7,478.0,Medium*Medium*NoStarvation,10,Low*Medium*NoStarvation,26.71,9.14,7,7,9,0.3462,0.0914,0.35,0.0346,-0.0457,-0.07,0.0104,0.0,-0.1053,-0.899,-0.8975,0.8307,26
38,8,544.0,Low*Medium*NoStarvation,30,Medium*Medium*NoStarvation,9.14,25.71,7,7,29,0.4394,0.2571,0.35,0.0439,-0.1286,-0.07,0.0132,0.0,-0.1854,-0.9507,-0.9549,0.8307,66
38,9,570.0,Medium*Medium*NoStarvation,10,Low*Medium*NoStarvation,25.71,6.71,7,7,9,0.3462,0.0671,0.35,0.0346,-0.0336,-0.07,0.0104,0.0,-0.0932,-0.8975,-0.8949,0.8307,26
38,10,666.0,Low*Medium*NoStarvation,45,Medium*Medium*NoStarvation,6.71,40.43,7,7,43,0.4479,0.4043,0.35,0.0448,-0.2021,-0.07,0.0134,0.0,-0.2587,-1.0691,-1.0686,0.8307,96
38,11,692.0,Medium*Medium*NoStarvation,10,Low*Medium*NoStarvation,40.43,6.86,7,7,10,0.3846,0.0686,0.35,0.0385,-0.0343,-0.07,0.0115,0.0,-0.0927,-0.8949,-0.8925,0.8307,26
38,12,718.0,Low*Medium*NoStarvation,10,Low*Medium*NoStarvation,6.86,7.57,7,7,9,0.3462,0.0757,0.35,0.0346,-0.0379,-0.07,0.0104,0.0,-0.0975,-0.8647,-0.8658,0.8307,26
38,13,814.0,Low*Medium*NoStarvation,45,Medium*Medium*NoStarvation,7.57,43.0,7,7,42,0.4375,0.43,0.35,0.0437,-0.215,-0.07,0.0131,0.0,-0.2719,-1.0686,-1.0693,0.8307,96
38,14,910.0,Medium*Medium*NoStarvation,45,Medium*Medium*NoStarvation,43.0,40.14,7,7,42,0.4375,0.4014,0.35,0.0437,-0.2007,-0.07,0.0131,0.0,-0.2576,-1.0628,-1.0626,0.8307,96
38,15,936.0,Medium*Medium*NoStarvation,10,Low*Medium*NoStarvation,40.14,6.71,7,7,9,0.3462,0.0671,0.35,0.0346,-0.0336,-0.07,0.0104,0.0,-0.0932,-0.8925,-0.8905,0.8307,26
38,16,962.0,Low*Medium*NoStarvation,10,Low*Medium*NoStarvation,6.71,7.14,7,7,10,0.3846,0.0714,0.35,0.0385,-0.0357,-0.07,0.0115,0.0,-0.0942,-0.8658,-0.8665,0.8307,26
38,17,1058.0,Low*Medium*NoStarvation,45,Medium*Medium*NoStarvation,7.14,42.14,7,7,32,0.3333,0.4214,0.35,0.0333,-0.2107,-0.07,0.01,0.0,-0.2707,-1.0693,-1.0696,0.8307,96
38,18,1084.0,Medium*Medium*NoStarvation,10,Low*Medium*NoStarvation,42.14,8.71,7,7,4,0.1538,0.0871,0.35,0.0154,-0.0436,-0.07,0.0046,0.0,-0.109,-0.8905,-0.8903,0.8307,26
38,19,1150.0,Low*Medium*NoStarvation,30,Medium*Medium*NoStarvation,8.71,26.43,7,7,15,0.2273,0.2643,0.35,0.0227,-0.1321,-0.07,0.0068,0.0,-0.1953,-0.9549,-0.9591,0.8307,66
38,20,1176.0,Medium*Medium*NoStarvation,10,Low*Medium*NoStarvation,26.43,8.57,7,7,4,0.1538,0.0857,0.35,0.0154,-0.0429,-0.07,0.0046,0.0,-0.1082,-0.8903,-0.8901,0.8307,26
38,21,1202.0,Low*Medium*NoStarvation,10,Low*Medium*NoStarvation,8.57,6.71,7,7,5,0.1923,0.0671,0.35,0.0192,-0.0336,-0.07,0.0058,0.0,-0.0978,-0.8665,-0.8676,0.8307,26
38,22,1268.0,Low*Medium*NoStarvation,30,Medium*Medium*NoStarvation,6.71,25.57,7,7,15,0.2273,0.2557,0.35,0.0227,-0.1279,-0.07,0.0068,0.0,-0.191,-0.9591,-0.9624,0.8307,66
38,23,1334.0,Medium*Medium*NoStarvation,30,Medium*Medium*NoStarvation,25.57,26.0,7,7,15,0.2273,0.26,0.35,0.0227,-0.13,-0.07,0.0068,0.0,-0.1932,-0.9697,-0.9722,0.8307,66
38,24,1400.0,Medium*Medium*NoStarvation,30,Medium*Medium*NoStarvation,26.0,26.29,7,7,15,0.2273,0.2629,0.35,0.0227,-0.1314,-0.07,0.0068,0.0,-0.1946,-0.9722,-0.9745,0.8307,66
38,25,1496.0,Medium*Medium*NoStarvation,45,Medium*Medium*NoStarvation,26.29,41.43,7,7,22,0.2292,0.4143,0.35,0.0229,-0.2071,-0.07,0.0069,0.0,-0.2703,-1.0626,-1.0635,0.8307,96
38,26,1562.0,Medium*Medium*NoStarvation,30,Medium*Medium*NoStarvation,41.43,26.86,7,7,15,0.2273,0.2686,0.35,0.0227,-0.1343,-0.07,0.0068,0.0,-0.1975,-0.9745,-0.9769,0.8307,66
38,27,1588.0,Medium*Medium*NoStarvation,10,Low*Medium*NoStarvation,26.86,6.0,7,7,5,0.1923,0.06,0.35,0.0192,-0.03,-0.07,0.0058,0.0,-0.0942,-0.8901,-0.8886,0.8307,26
38,28,1614.0,Low*Medium*NoStarvation,10,Low*Medium*NoStarvation,6.0,7.43,7,7,4,0.1538,0.0743,0.35,0.0154,-0.0371,-0.07,0.0046,0.0,-0.1025,-0.8676,-0.8692,0.8307,26
38,29,1640.0,Low*Medium*NoStarvation,10,Low*Medium*NoStarvation,7.43,7.57,7,7,4,0.1538,0.0757,0.35,0.0154,-0.0379,-0.07,0.0046,0.0,-0.1032,-0.8692,-0.8709,0.8307,26
38,30,1736.0,Low*Medium*NoStarvation,45,Medium*Medium*NoStarvation,7.57,41.43,7,7,22,0.2292,0.4143,0.35,0.0229,-0.2071,-0.07,0.0069,0.0,-0.2703,-1.0696,-1.0696,0.8307,96
38,31,1762.0,Medium*Medium*NoStarvation,10,Low*Medium*NoStarvation,41.43,7.0,7,7,5,0.1923,0.07,0.35,0.0192,-0.035,-0.07,0.0058,0.0,-0.0992,-0.8886,-0.888,0.8307,26
38,32,1788.0,Low*Medium*NoStarvation,10,Low*Medium*NoStarvation,7.0,7.0,7,7,5,0.1923,0.07,0.35,0.0192,-0.035,-0.07,0.0058,0.0,-0.0992,-0.8709,-0.8721,0.8307,26
38,33,1834.0,Low*Medium*NoStarvation,20,Low*Medium*NoStarvation,7.0,15.43,7,7,10,0.2174,0.1543,0.35,0.0217,-0.0771,-0.07,0.0065,0.0,-0.1406,-0.9486,-0.9463,0.8307,46
38,34,1880.0,Low*Medium*NoStarvation,20,Low*Medium*NoStarvation,15.43,15.57,7,7,10,0.2174,0.1557,0.35,0.0217,-0.0779,-0.07,0.0065,0.0,-0.1413,-0.9463,-0.9443,0.8307,46
38,35,1906.0,Low*Medium*NoStarvation,10,Low*Medium*NoStarvation,15.57,5.86,7,6,5,0.1923,0.0586,0.3,0.0192,-0.0293,-0.06,0.0058,0.0,-0.0835,-0.8721,-0.8717,0.8307,26
38,36,1972.0,Low*Medium*NoStarvation,30,Medium*Medium*NoStarvation,5.86,27.14,6,7,15,0.2273,0.2714,0.35,0.0227,-0.1357,-0.07,0.0068,0.0,-0.1989,-0.9624,-0.966,0.8307,66
38,37,2068.0,Medium*Medium*NoStarvation,45,Medium*Medium*NoStarvation,27.14,40.57,7,7,23,0.2396,0.4057,0.35,0.024,-0.2029,-0.07,0.0072,0.0,-0.2657,-1.0635,-1.0636,0.8307,96
38,38,2114.0,Medium*Medium*NoStarvation,20,Low*Medium*NoStarvation,40.57,15.71,7,7,10,0.2174,0.1571,0.35,0.0217,-0.0786,-0.07,0.0065,0.0,-0.142,-0.9313,-0.9308,0.8307,46
38,39,2160.0,Low*Medium*NoStarvation,20,Low*Medium*NoStarvation,15.71,16.29,7,7,10,0.2174,0.1629,0.35,0.0217,-0.0814,-0.07,0.0065,0.0,-0.1449,-0.9443,-0.9428,0.8307,46
38,40,2226.0,Low*Medium*NoStarvation,30,Medium*Medium*NoStarvation,16.29,25.57,7,7,15,0.2273,0.2557,0.35,0.0227,-0.1279,-0.07,0.0068,0.0,-0.191,-0.966,-0.9684,0.8307,66
38,41,2322.0,Medium*Medium*NoStarvation,45,Medium*Medium*NoStarvation,25.57,41.29,7,7,23,0.2396,0.4129,0.35,0.024,-0.2064,-0.07,0.0072,0.0,-0.2692,-1.0636,-1.0641,0.8307,96
38,42,2348.0,Medium*Medium*NoStarvation,10,Low*Medium*NoStarvation,41.29,7.71,7,7,4,0.1538,0.0771,0.35,0.0154,-0.0386,-0.07,0.0046,0.0,-0.104,-0.888,-0.8881,0.8307,26
38,43,2374.0,Low*Medium*NoStarvation,10,Low*Medium*NoStarvation,7.71,7.0,7,7,5,0.1923,0.07,0.35,0.0192,-0.035,-0.07,0.0058,0.0,-0.0992,-0.8717,-0.8729,0.8307,26
38,44,2400.0,Low*Medium*NoStarvation,10,Low*Medium*NoStarvation,7.0,8.29,7,7,4,0.1538,0.0829,0.35,0.0154,-0.0414,-0.07,0.0046,0.0,-0.1068,-0.8729,-0.8749,0.8307,26
38,45,2426.0,Low*Medium*NoStarvation,10,Low*Medium*NoStarvation,8.29,6.14,7,7,5,0.1923,0.0614,0.35,0.0192,-0.0307,-0.07,0.0058,0.0,-0.0949,-0.8749,-0.8756,0.8307,26
38,46,2472.0,Low*Medium*NoStarvation,20,Low*Medium*NoStarvation,6.14,16.29,7,7,10,0.2174,0.1629,0.35,0.0217,-0.0814,-0.07,0.0065,0.0,-0.1449,-0.9428,-0.9418,0.8307,46
38,47,2568.0,Low*Medium*NoStarvation,45,Medium*Medium*NoStarvation,16.29,39.43,7,7,23,0.2396,0.3943,0.35,0.024,-0.1971,-0.07,0.0072,0.0,-0.26,-1.0696,-1.0686,0.8307,96
38,48,2594.0,Medium*Medium*NoStarvation,10,Low*Medium*NoStarvation,39.43,5.71,7,7,5,0.1923,0.0571,0.35,0.0192,-0.0286,-0.07,0.0058,0.0,-0.0928,-0.8881,-0.8874,0.8307,26
38,49,2640.0,Low*Medium*NoStarvation,20,Low*Medium*NoStarvation,5.71,15.57,7,7,10,0.2174,0.1557,0.35,0.0217,-0.0779,-0.07,0.0065,0.0,-0.1413,-0.9418,-0.9406,0.8307,46
38,50,2666.0,Low*Medium*NoStarvation,10,Low*Medium*NoStarvation,15.57,6.14,7,7,5,0.1923,0.0614,0.35,0.0192,-0.0307,-0.07,0.0058,0.0,-0.0949,-0.8756,-0.8763,0.8307,26
38,51,2692.0,Low*Medium*NoStarvation,10,Low*Medium*NoStarvation,6.14,9.0,7,5,5,0.1923,0.09,0.25,0.0192,-0.045,-0.05,0.0058,0.0,-0.0892,-0.8763,-0.8765,0.8307,26
38,52,2718.0,Low*Medium*NoStarvation,10,Low*Low*NoStarvation,9.0,15.0,5,1,4,0.1538,0.15,0.05,0.0154,-0.075,-0.01,0.0046,0.0,-0.0804,-0.8765,-0.8337,0.8307,26
38,53,2727.0,Low*Low*NoStarvation,45,Low*Low*NoStarvation,15.0,0.0,1,0,1,0.0104,0.0,0.0,0.001,-0.0,-0.0,0.0003,0.0,0.0003,-0.4524,-0.4439,0.8307,96
39,0,76.0,Low*Low*NoStarvation,10,Low*Medium*NoStarvation,0.83,6.71,2,7,11,0.4231,0.0671,0.35,0.0423,-0.0336,-0.07,0.0127,0.0,-0.0909,-0.4095,-0.4527,0.8266,26
39,1,122.0,Low*Medium*NoStarvation,20,Low*Medium*NoStarvation,6.71,15.86,7,7,20,0.4348,0.1586,0.35,0.0435,-0.0793,-0.07,0.013,0.0,-0.1362,-0.9406,-0.9352,0.8266,46
39,2,168.0,Low*Medium*NoStarvation,20,Low*Medium*NoStarvation,15.86,16.0,7,7,20,0.4348,0.16,0.35,0.0435,-0.08,-0.07,0.013,0.0,-0.137,-0.9352,-0.9304,0.8266,46
39,3,194.0,Low*Medium*NoStarvation,10,Low*Medium*NoStarvation,16.0,7.21,7,8,9,0.3462,0.0721,0.4,0.0346,-0.0361,-0.08,0.0104,0.0,-0.1057,-0.8337,-0.836,0.8266,26
39,4,290.0,Low*Medium*NoStarvation,45,Medium*Medium*NoStarvation,7.21,41.86,8,7,44,0.4583,0.4186,0.35,0.0458,-0.2093,-0.07,0.0137,0.0,-0.2655,-1.0686,-1.0681,0.8266,96
39,5,336.0,Medium*Medium*NoStarvation,20,Low*Medium*NoStarvation,41.86,16.43,7,7,20,0.4348,0.1643,0.35,0.0435,-0.0821,-0.07,0.013,0.0,-0.1391,-0.9308,-0.9269,0.8266,46
39,6,382.0,Low*Medium*NoStarvation,20,Low*Medium*NoStarvation,16.43,15.43,7,7,20,0.4348,0.1543,0.35,0.0435,-0.0771,-0.07,0.013,0.0,-0.1341,-0.9304,-0.926,0.8266,46
39,7,448.0,Low*Medium*NoStarvation,30,Medium*Medium*NoStarvation,15.43,27.0,7,7,30,0.4545,0.27,0.35,0.0455,-0.135,-0.07,0.0136,0.0,-0.1914,-0.9684,-0.9705,0.8266,66
39,8,514.0,Medium*Medium*NoStarvation,30,Medium*Medium*NoStarvation,27.0,26.0,7,7,29,0.4394,0.26,0.35,0.0439,-0.13,-0.07,0.0132,0.0,-0.1868,-0.9769,-0.9778,0.8266,66
39,9,540.0,Medium*Medium*NoStarvation,10,Low*Medium*NoStarvation,26.0,7.0,7,7,9,0.3462,0.07,0.35,0.0346,-0.035,-0.07,0.0104,0.0,-0.0946,-0.8874,-0.8833,0.8266,26
39,10,636.0,Low*Medium*NoStarvation,45,Medium*Medium*NoStarvation,7.0,41.71,7,7,42,0.4375,0.4171,0.35,0.0437,-0.2086,-0.07,0.0131,0.0,-0.2654,-1.0681,-1.0673,0.8266,96
39,11,702.0,Medium*Medium*NoStarvation,30,Medium*Medium*NoStarvation,41.71,27.14,7,7,27,0.4091,0.2714,0.35,0.0409,-0.1357,-0.07,0.0123,0.0,-0.1934,-0.9778,-0.9788,0.8266,66
39,12,748.0,Medium*Medium*NoStarvation,20,Low*Medium*NoStarvation,27.14,16.0,7,7,20,0.4348,0.16,0.35,0.0435,-0.08,-0.07,0.013,0.0,-0.137,-0.9269,-0.9231,0.8266,46
39,13,794.0,Low*Medium*NoStarvation,20,Low*Medium*NoStarvation,16.0,14.86,7,7,19,0.413,0.1486,0.35,0.0413,-0.0743,-0.07,0.0124,0.0,-0.1319,-0.926,-0.9218,0.8266,46
39,14,820.0,Low*Medium*NoStarvation,10,Low*Medium*NoStarvation,14.86,7.57,7,7,7,0.2692,0.0757,0.35,0.0269,-0.0379,-0.07,0.0081,0.0,-0.0998,-0.836,-0.8376,0.8266,26
39,15,916.0,Low*Medium*NoStarvation,45,Medium*Medium*NoStarvation,7.57,42.86,7,7,43,0.4479,0.4286,0.35,0.0448,-0.2143,-0.07,0.0134,0.0,-0.2708,-1.0673,-1.0672,0.8266,96
39,16,942.0,Medium*Medium*NoStarvation,10,Low*Medium*NoStarvation,42.86,7.43,7,7,10,0.3846,0.0743,0.35,0.0385,-0.0371,-0.07,0.0115,0.0,-0.0956,-0.8833,-0.8799,0.8266,26
39,17,968.0,Low*Medium*NoStarvation,10,Low*Medium*NoStarvation,7.43,7.14,7,7,9,0.3462,0.0714,0.35,0.0346,-0.0357,-0.07,0.0104,0.0,-0.0953,-0.8376,-0.8388,0.8266,26
39,18,994.0,Low*Medium*NoStarvation,10,Low*Medium*NoStarvation,7.14,6.43,7,7,10,0.3846,0.0643,0.35,0.0385,-0.0321,-0.07,0.0115,0.0,-0.0906,-0.8388,-0.8394,0.8266,26
39,19,1020.0,Low*Medium*NoStarvation,10,Low*Medium*NoStarvation,6.43,7.71,7,7,7,0.2692,0.0771,0.35,0.0269,-0.0386,-0.07,0.0081,0.0,-0.1005,-0.8394,-0.8411,0.8266,26
39,20,1046.0,Low*Medium*NoStarvation,10,Low*Medium*NoStarvation,7.71,8.86,7,7,4,0.1538,0.0886,0.35,0.0154,-0.0443,-0.07,0.0046,0.0,-0.1097,-0.8411,-0.8436,0.8266,26
39,21,1142.0,Low*Medium*NoStarvation,45,Medium*Medium*NoStarvation,8.86,41.86,7,7,22,0.2292,0.4186,0.35,0.0229,-0.2093,-0.07,0.0069,0.0,-0.2724,-1.0672,-1.0669,0.8266,96
39,22,1168.0,Medium*Medium*NoStarvation,10,Low*Medium*NoStarvation,41.86,8.43,7,7,4,0.1538,0.0843,0.35,0.0154,-0.0421,-0.07,0.0046,0.0,-0.1075,-0.8799,-0.8786,0.8266,26
39,23,1214.0,Low*Medium*NoStarvation,20,Low*Medium*NoStarvation,8.43,16.71,7,7,10,0.2174,0.1671,0.35,0.0217,-0.0836,-0.07,0.0065,0.0,-0.147,-0.9218,-0.9203,0.8266,46
39,24,1260.0,Low*Medium*NoStarvation,20,Low*Medium*NoStarvation,16.71,16.14,7,7,10,0.2174,0.1614,0.35,0.0217,-0.0807,-0.07,0.0065,0.0,-0.1442,-0.9203,-0.9186,0.8266,46
39,25,1356.0,Low*Medium*NoStarvation,45,Medium*Medium*NoStarvation,16.14,41.43,7,7,23,0.2396,0.4143,0.35,0.024,-0.2071,-0.07,0.0072,0.0,-0.27,-1.0669,-1.0663,0.8266,96
39,26,1402.0,Medium*Medium*NoStarvation,20,Low*Medium*NoStarvation,41.43,15.86,7,7,10,0.2174,0.1586,0.35,0.0217,-0.0793,-0.07,0.0065,0.0,-0.1428,-0.9231,-0.921,0.8266,46
39,27,1498.0,Low*Medium*NoStarvation,45,Medium*Medium*NoStarvation,15.86,40.43,7,7,22,0.2292,0.4043,0.35,0.0229,-0.2021,-0.07,0.0069,0.0,-0.2653,-1.0663,-1.0653,0.8266,96
39,28,1594.0,Medium*Medium*NoStarvation,45,Medium*Medium*NoStarvation,40.43,42.86,7,7,22,0.2292,0.4286,0.35,0.0229,-0.2143,-0.07,0.0069,0.0,-0.2774,-1.0641,-1.0645,0.8266,96
39,29,1620.0,Medium*Medium*NoStarvation,10,Low*Medium*NoStarvation,42.86,7.14,7,7,5,0.1923,0.0714,0.35,0.0192,-0.0357,-0.07,0.0058,0.0,-0.0999,-0.8786,-0.8767,0.8266,26
39,30,1666.0,Low*Medium*NoStarvation,20,Low*Medium*NoStarvation,7.14,16.0,7,7,10,0.2174,0.16,0.35,0.0217,-0.08,-0.07,0.0065,0.0,-0.1435,-0.9186,-0.917,0.8266,46
39,31,1692.0,Low*Medium*NoStarvation,10,Low*Medium*NoStarvation,16.0,7.86,7,7,4,0.1538,0.0786,0.35,0.0154,-0.0393,-0.07,0.0046,0.0,-0.1047,-0.8436,-0.8457,0.8266,26
39,32,1718.0,Low*Medium*NoStarvation,10,Low*Medium*NoStarvation,7.86,6.14,7,7,5,0.1923,0.0614,0.35,0.0192,-0.0307,-0.07,0.0058,0.0,-0.0949,-0.8457,-0.8467,0.8266,26
39,33,1814.0,Low*Medium*NoStarvation,45,Medium*Medium*NoStarvation,6.14,40.71,7,7,23,0.2396,0.4071,0.35,0.024,-0.2036,-0.07,0.0072,0.0,-0.2664,-1.0653,-1.0643,0.8266,96
39,34,1910.0,Medium*Medium*NoStarvation,45,Medium*Medium*NoStarvation,40.71,41.14,7,7,23,0.2396,0.4114,0.35,0.024,-0.2057,-0.07,0.0072,0.0,-0.2685,-1.0645,-1.0638,0.8266,96
39,35,1976.0,Medium*Medium*NoStarvation,30,Medium*Medium*NoStarvation,41.14,25.14,7,7,15,0.2273,0.2514,0.35,0.0227,-0.1257,-0.07,0.0068,0.0,-0.1889,-0.9788,-0.9787,0.8266,66
39,36,2022.0,Medium*Medium*NoStarvation,20,Low*Medium*NoStarvation,25.14,15.14,7,7,10,0.2174,0.1514,0.35,0.0217,-0.0757,-0.07,0.0065,0.0,-0.1392,-0.921,-0.919,0.8266,46
39,37,2068.0,Low*Medium*NoStarvation,20,Low*Medium*NoStarvation,15.14,18.0,7,7,9,0.1957,0.18,0.35,0.0196,-0.09,-0.07,0.0059,0.0,-0.1541,-0.917,-0.9169,0.8266,46
39,38,2094.0,Low*Medium*NoStarvation,10,Low*Medium*NoStarvation,18.0,6.71,7,7,5,0.1923,0.0671,0.35,0.0192,-0.0336,-0.07,0.0058,0.0,-0.0978,-0.8467,-0.848,0.8266,26
39,39,2190.0,Low*Medium*NoStarvation,45,Medium*Medium*NoStarvation,6.71,42.29,7,7,22,0.2292,0.4229,0.35,0.0229,-0.2114,-0.07,0.0069,0.0,-0.2746,-1.0643,-1.0642,0.8266,96
39,40,2236.0,Medium*Medium*NoStarvation,20,Low*Medium*NoStarvation,42.29,16.71,7,7,10,0.2174,0.1671,0.35,0.0217,-0.0836,-0.07,0.0065,0.0,-0.147,-0.919,-0.9182,0.8266,46
39,41,2262.0,Low*Medium*NoStarvation,10,Low*Medium*NoStarvation,16.71,9.43,7,7,4,0.1538,0.0943,0.35,0.0154,-0.0471,-0.07,0.0046,0.0,-0.1125,-0.848,-0.8508,0.8266,26
39,42,2328.0,Low*Medium*NoStarvation,30,Medium*Medium*NoStarvation,9.43,25.57,7,7,15,0.2273,0.2557,0.35,0.0227,-0.1279,-0.07,0.0068,0.0,-0.191,-0.9705,-0.9715,0.8266,66
39,43,2424.0,Medium*Medium*NoStarvation,45,Medium*Medium*NoStarvation,25.57,40.71,7,7,23,0.2396,0.4071,0.35,0.024,-0.2036,-0.07,0.0072,0.0,-0.2664,-1.0638,-1.063,0.8266,96
39,44,2520.0,Medium*Medium*NoStarvation,45,Medium*Medium*NoStarvation,40.71,40.43,7,7,23,0.2396,0.4043,0.35,0.024,-0.2021,-0.07,0.0072,0.0,-0.265,-1.063,-1.0621,0.8266,96
39,45,2546.0,Medium*Medium*NoStarvation,10,Low*Medium*NoStarvation,40.43,6.86,7,7,5,0.1923,0.0686,0.35,0.0192,-0.0343,-0.07,0.0058,0.0,-0.0985,-0.8767,-0.8754,0.8266,26
39,46,2592.0,Low*Medium*NoStarvation,20,Low*Medium*NoStarvation,6.86,16.86,7,7,10,0.2174,0.1686,0.35,0.0217,-0.0843,-0.07,0.0065,0.0,-0.1478,-0.9169,-0.9166,0.8266,46
39,47,2618.0,Low*Medium*NoStarvation,10,Low*Medium*NoStarvation,16.86,8.29,7,7,4,0.1538,0.0829,0.35,0.0154,-0.0414,-0.07,0.0046,0.0,-0.1068,-0.8508,-0.853,0.8266,26
39,48,2714.0,Low*Medium*NoStarvation,45,Medium*Low*NoStarvation,8.29,47.0,7,1,22,0.2292,0.47,0.05,0.0229,-0.235,-0.01,0.0069,0.0,-0.2381,-1.0642,-0.9816,0.8266,96
39,49,2723.0,Medium*Low*NoStarvation,45,Low*Low*NoStarvation,47.0,0.0,1,0,1,0.0104,0.0,0.0,0.001,-0.0,-0.0,0.0003,0.0,0.0003,0.0001,-0.0399,0.8266,96
40,0,116.0,Low*Low*NoStarvation,30,Medium*Medium*NoStarvation,0.83,26.71,2,7,31,0.4697,0.2671,0.35,0.047,-0.1336,-0.07,0.0141,0.0,-0.1895,-0.5511,-0.5938,0.8224,66
40,1,162.0,Medium*Medium*NoStarvation,20,Low*Medium*NoStarvation,26.71,16.86,7,7,20,0.4348,0.1686,0.35,0.0435,-0.0843,-0.07,0.013,0.0,-0.1412,-0.9182,-0.9172,0.8224,46
40,2,258.0,Low*Medium*NoStarvation,45,Medium*Medium*NoStarvation,16.86,40.86,7,7,46,0.4792,0.4086,0.35,0.0479,-0.2043,-0.07,0.0144,0.0,-0.2599,-0.9816,-0.9882,0.8224,96
40,3,284.0,Medium*Medium*NoStarvation,10,Low*Medium*NoStarvation,40.86,5.86,7,7,8,0.3077,0.0586,0.35,0.0308,-0.0293,-0.07,0.0092,0.0,-0.0901,-0.8754,-0.8737,0.8224,26
40,4,330.0,Low*Medium*NoStarvation,20,Low*Medium*NoStarvation,5.86,15.57,7,7,20,0.4348,0.1557,0.35,0.0435,-0.0779,-0.07,0.013,0.0,-0.1348,-0.9166,-0.9152,0.8224,46
40,5,396.0,Low*Medium*NoStarvation,30,Medium*Medium*NoStarvation,15.57,27.57,7,7,30,0.4545,0.2757,0.35,0.0455,-0.1379,-0.07,0.0136,0.0,-0.1942,-0.9715,-0.9724,0.8224,66
40,6,422.0,Medium*Medium*NoStarvation,10,Low*Medium*NoStarvation,27.57,9.0,7,7,9,0.3462,0.09,0.35,0.0346,-0.045,-0.07,0.0104,0.0,-0.1046,-0.8737,-0.8735,0.8224,26
40,7,488.0,Low*Medium*NoStarvation,30,Medium*Medium*NoStarvation,9.0,26.71,7,7,29,0.4394,0.2671,0.35,0.0439,-0.1336,-0.07,0.0132,0.0,-0.1904,-0.9724,-0.9728,0.8224,66
40,8,584.0,Medium*Medium*NoStarvation,45,Medium*Medium*NoStarvation,26.71,40.71,7,7,43,0.4479,0.4071,0.35,0.0448,-0.2036,-0.07,0.0134,0.0,-0.2601,-1.0621,-1.0605,0.8224,96
40,9,680.0,Medium*Medium*NoStarvation,45,Medium*Medium*NoStarvation,40.71,41.14,7,7,42,0.4375,0.4114,0.35,0.0437,-0.2057,-0.07,0.0131,0.0,-0.2626,-1.0605,-1.0593,0.8224,96
40,10,706.0,Medium*Medium*NoStarvation,10,Low*Medium*NoStarvation,41.14,6.71,7,7,9,0.3462,0.0671,0.35,0.0346,-0.0336,-0.07,0.0104,0.0,-0.0932,-0.8735,-0.8723,0.8224,26
40,11,752.0,Low*Medium*NoStarvation,20,Low*Medium*NoStarvation,6.71,16.86,7,7,20,0.4348,0.1686,0.35,0.0435,-0.0843,-0.07,0.013,0.0,-0.1412,-0.9152,-0.9146,0.8224,46
40,12,778.0,Low*Medium*NoStarvation,10,Low*Medium*NoStarvation,16.86,8.29,7,7,9,0.3462,0.0829,0.35,0.0346,-0.0414,-0.07,0.0104,0.0,-0.101,-0.853,-0.8545,0.8224,26
40,13,824.0,Low*Medium*NoStarvation,20,Low*Medium*NoStarvation,8.29,15.57,7,7,20,0.4348,0.1557,0.35,0.0435,-0.0779,-0.07,0.013,0.0,-0.1348,-0.9146,-0.9135,0.8224,46
40,14,870.0,Low*Medium*NoStarvation,20,Low*Medium*NoStarvation,15.57,16.14,7,7,19,0.413,0.1614,0.35,0.0413,-0.0807,-0.07,0.0124,0.0,-0.1383,-0.9135,-0.9129,0.8224,46
40,15,936.0,Low*Medium*NoStarvation,30,Medium*Medium*NoStarvation,16.14,25.86,7,7,28,0.4242,0.2586,0.35,0.0424,-0.1293,-0.07,0.0127,0.0,-0.1866,-0.9728,-0.9727,0.8224,66
40,16,962.0,Medium*Medium*NoStarvation,10,Low*Medium*NoStarvation,25.86,6.29,7,7,10,0.3846,0.0629,0.35,0.0385,-0.0314,-0.07,0.0115,0.0,-0.0899,-0.8723,-0.8709,0.8224,26
40,17,1058.0,Low*Medium*NoStarvation,45,Medium*Medium*NoStarvation,6.29,43.14,7,7,31,0.3229,0.4314,0.35,0.0323,-0.2157,-0.07,0.0097,0.0,-0.276,-0.9882,-0.9954,0.8224,96
40,18,1084.0,Medium*Medium*NoStarvation,10,Low*Medium*NoStarvation,43.14,9.0,7,7,4,0.1538,0.09,0.35,0.0154,-0.045,-0.07,0.0046,0.0,-0.1104,-0.8709,-0.8718,0.8224,26
40,19,1180.0,Low*Medium*NoStarvation,45,Medium*Medium*NoStarvation,9.0,43.29,7,7,22,0.2292,0.4329,0.35,0.0229,-0.2164,-0.07,0.0069,0.0,-0.2796,-0.9954,-1.0023,0.8224,96
40,20,1276.0,Medium*Medium*NoStarvation,45,Medium*Medium*NoStarvation,43.29,40.43,7,7,23,0.2396,0.4043,0.35,0.024,-0.2021,-0.07,0.0072,0.0,-0.265,-1.0593,-1.0583,0.8224,96
40,21,1342.0,Medium*Medium*NoStarvation,30,Medium*Medium*NoStarvation,40.43,26.71,7,7,15,0.2273,0.2671,0.35,0.0227,-0.1336,-0.07,0.0068,0.0,-0.1968,-0.9787,-0.979,0.8224,66
40,22,1438.0,Medium*Medium*NoStarvation,45,Medium*Medium*NoStarvation,26.71,41.43,7,7,22,0.2292,0.4143,0.35,0.0229,-0.2071,-0.07,0.0069,0.0,-0.2703,-1.0583,-1.058,0.8224,96
40,23,1504.0,Medium*Medium*NoStarvation,30,Medium*Medium*NoStarvation,41.43,25.29,7,7,15,0.2273,0.2529,0.35,0.0227,-0.1264,-0.07,0.0068,0.0,-0.1896,-0.979,-0.9785,0.8224,66
40,24,1570.0,Medium*Medium*NoStarvation,30,Medium*Medium*NoStarvation,25.29,25.86,7,7,15,0.2273,0.2586,0.35,0.0227,-0.1293,-0.07,0.0068,0.0,-0.1925,-0.9785,-0.9784,0.8224,66
40,25,1616.0,Medium*Medium*NoStarvation,20,Low*Medium*NoStarvation,25.86,14.86,7,7,10,0.2174,0.1486,0.35,0.0217,-0.0743,-0.07,0.0065,0.0,-0.1378,-0.9172,-0.9162,0.8224,46
40,26,1712.0,Low*Medium*NoStarvation,45,Medium*Medium*NoStarvation,14.86,41.71,7,7,22,0.2292,0.4171,0.35,0.0229,-0.2086,-0.07,0.0069,0.0,-0.2717,-1.0023,-1.0077,0.8224,96
40,27,1758.0,Medium*Medium*NoStarvation,20,Low*Medium*NoStarvation,41.71,16.57,7,7,10,0.2174,0.1657,0.35,0.0217,-0.0829,-0.07,0.0065,0.0,-0.1463,-0.9162,-0.9161,0.8224,46
40,28,1784.0,Low*Medium*NoStarvation,10,Low*Medium*NoStarvation,16.57,7.0,7,7,5,0.1923,0.07,0.35,0.0192,-0.035,-0.07,0.0058,0.0,-0.0992,-0.8545,-0.8559,0.8224,26
40,29,1830.0,Low*Medium*NoStarvation,20,Low*Medium*NoStarvation,7.0,16.43,7,7,10,0.2174,0.1643,0.35,0.0217,-0.0821,-0.07,0.0065,0.0,-0.1456,-0.9129,-0.9132,0.8224,46
40,30,1856.0,Low*Medium*NoStarvation,10,Low*Medium*NoStarvation,16.43,5.86,7,7,5,0.1923,0.0586,0.35,0.0192,-0.0293,-0.07,0.0058,0.0,-0.0935,-0.8559,-0.8567,0.8224,26
40,31,1902.0,Low*Medium*NoStarvation,20,Low*Medium*NoStarvation,5.86,17.0,7,7,10,0.2174,0.17,0.35,0.0217,-0.085,-0.07,0.0065,0.0,-0.1485,-0.9132,-0.9138,0.8224,46
40,32,1928.0,Low*Medium*NoStarvation,10,Low*Medium*NoStarvation,17.0,4.43,7,6,5,0.1923,0.0443,0.3,0.0192,-0.0221,-0.06,0.0058,0.0,-0.0764,-0.8567,-0.8558,0.8224,26
40,33,1954.0,Low*Medium*NoStarvation,10,Low*Medium*NoStarvation,4.43,7.0,6,7,5,0.1923,0.07,0.35,0.0192,-0.035,-0.07,0.0058,0.0,-0.0992,-0.8558,-0.8571,0.8224,26
40,34,2000.0,Low*Medium*NoStarvation,20,Low*Medium*NoStarvation,7.0,17.29,7,7,10,0.2174,0.1729,0.35,0.0217,-0.0864,-0.07,0.0065,0.0,-0.1499,-0.9138,-0.9146,0.8224,46
40,35,2096.0,Low*Medium*NoStarvation,45,Medium*Medium*NoStarvation,17.29,40.57,7,7,23,0.2396,0.4057,0.35,0.024,-0.2029,-0.07,0.0072,0.0,-0.2657,-1.0077,-1.0119,0.8224,96
40,36,2142.0,Medium*Medium*NoStarvation,20,Low*Medium*NoStarvation,40.57,17.29,7,7,10,0.2174,0.1729,0.35,0.0217,-0.0864,-0.07,0.0065,0.0,-0.1499,-0.9161,-0.9166,0.8224,46
40,37,2168.0,Low*Medium*NoStarvation,10,Low*Medium*NoStarvation,17.29,6.0,7,7,5,0.1923,0.06,0.35,0.0192,-0.03,-0.07,0.0058,0.0,-0.0942,-0.8571,-0.858,0.8224,26
40,38,2214.0,Low*Medium*NoStarvation,20,Low*Medium*NoStarvation,6.0,15.71,7,7,10,0.2174,0.1571,0.35,0.0217,-0.0786,-0.07,0.0065,0.0,-0.142,-0.9146,-0.9145,0.8224,46
40,39,2240.0,Low*Medium*NoStarvation,10,Low*Medium*NoStarvation,15.71,7.71,7,7,4,0.1538,0.0771,0.35,0.0154,-0.0386,-0.07,0.0046,0.0,-0.104,-0.858,-0.8598,0.8224,26
40,40,2336.0,Low*Medium*NoStarvation,45,Medium*Medium*NoStarvation,7.71,40.0,7,7,23,0.2396,0.4,0.35,0.024,-0.2,-0.07,0.0072,0.0,-0.2628,-1.0119,-1.0155,0.8224,96
40,41,2382.0,Medium*Medium*NoStarvation,20,Low*Medium*NoStarvation,40.0,16.71,7,7,10,0.2174,0.1671,0.35,0.0217,-0.0836,-0.07,0.0065,0.0,-0.147,-0.9166,-0.9171,0.8224,46
40,42,2478.0,Low*Medium*NoStarvation,45,Medium*Medium*NoStarvation,16.71,41.29,7,7,23,0.2396,0.4129,0.35,0.024,-0.2064,-0.07,0.0072,0.0,-0.2692,-1.0155,-1.0193,0.8224,96
40,43,2504.0,Medium*Medium*NoStarvation,10,Low*Medium*NoStarvation,41.29,7.57,7,7,5,0.1923,0.0757,0.35,0.0192,-0.0379,-0.07,0.0058,0.0,-0.1021,-0.8718,-0.8722,0.8224,26
40,44,2570.0,Low*Medium*NoStarvation,30,Medium*Medium*NoStarvation,7.57,26.43,7,7,15,0.2273,0.2643,0.35,0.0227,-0.1321,-0.07,0.0068,0.0,-0.1953,-0.9727,-0.9735,0.8224,66
40,45,2636.0,Medium*Medium*NoStarvation,30,Medium*Medium*NoStarvation,26.43,28.17,7,6,15,0.2273,0.2817,0.3,0.0227,-0.1408,-0.06,0.0068,0.0,-0.194,-0.9784,-0.9784,0.8224,66
40,46,2662.0,Medium*Medium*NoStarvation,10,Low*Low*NoStarvation,28.17,12.0,6,1,5,0.1923,0.12,0.05,0.0192,-0.06,-0.01,0.0058,0.0,-0.0642,-0.8722,-0.8314,0.8224,26
40,47,2671.0,Low*Low*NoStarvation,10,Low*Low*NoStarvation,12.0,0.0,1,0,1,0.0385,0.0,0.0,0.0038,-0.0,-0.0,0.0012,0.0,0.0012,-0.4527,-0.4473,0.8224,26
41,0,146.0,Low*Low*NoStarvation,45,Medium*Medium*NoStarvation,0.83,40.71,2,7,47,0.4896,0.4071,0.35,0.049,-0.2036,-0.07,0.0147,0.0,-0.2589,-0.4439,-0.5003,0.8183,96
41,1,192.0,Medium*Medium*NoStarvation,20,Low*Medium*NoStarvation,40.71,16.29,7,7,20,0.4348,0.1629,0.35,0.0435,-0.0814,-0.07,0.013,0.0,-0.1384,-0.9171,-0.9166,0.8183,46
41,2,238.0,Low*Medium*NoStarvation,20,Low*Medium*NoStarvation,16.29,16.0,7,7,20,0.4348,0.16,0.35,0.0435,-0.08,-0.07,0.013,0.0,-0.137,-0.9145,-0.9142,0.8183,46
41,3,284.0,Low*Medium*NoStarvation,20,Low*Medium*NoStarvation,16.0,17.14,7,7,20,0.4348,0.1714,0.35,0.0435,-0.0857,-0.07,0.013,0.0,-0.1427,-0.9142,-0.9144,0.8183,46
41,4,310.0,Low*Medium*NoStarvation,10,Low*Medium*NoStarvation,17.14,7.05,7,8,9,0.3462,0.0705,0.4,0.0346,-0.0352,-0.08,0.0104,0.0,-0.1049,-0.8598,-0.8617,0.8183,26
41,5,336.0,Low*Medium*NoStarvation,10,Low*Medium*NoStarvation,7.05,7.32,8,9,9,0.3462,0.0732,0.45,0.0346,-0.0366,-0.09,0.0104,0.0,-0.1162,-0.8617,-0.8647,0.8183,26
41,6,402.0,Low*Medium*NoStarvation,30,Medium*Medium*NoStarvation,7.32,26.71,9,7,30,0.4545,0.2671,0.35,0.0455,-0.1336,-0.07,0.0136,0.0,-0.1899,-0.9735,-0.9699,0.8183,66
41,7,468.0,Medium*Medium*NoStarvation,30,Medium*Medium*NoStarvation,26.71,27.14,7,7,30,0.4545,0.2714,0.35,0.0455,-0.1357,-0.07,0.0136,0.0,-0.1921,-0.9784,-0.9746,0.8183,66
41,8,514.0,Medium*Medium*NoStarvation,20,Low*Medium*NoStarvation,27.14,16.71,7,7,20,0.4348,0.1671,0.35,0.0435,-0.0836,-0.07,0.013,0.0,-0.1405,-0.9166,-0.9168,0.8183,46
41,9,610.0,Low*Medium*NoStarvation,45,Medium*Medium*NoStarvation,16.71,40.86,7,7,42,0.4375,0.4086,0.35,0.0437,-0.2043,-0.07,0.0131,0.0,-0.2612,-1.0193,-1.0183,0.8183,96
41,10,636.0,Medium*Medium*NoStarvation,10,Low*Medium*NoStarvation,40.86,6.43,7,7,9,0.3462,0.0643,0.35,0.0346,-0.0321,-0.07,0.0104,0.0,-0.0918,-0.8314,-0.8352,0.8183,26
41,11,682.0,Low*Medium*NoStarvation,20,Low*Medium*NoStarvation,6.43,14.86,7,7,20,0.4348,0.1486,0.35,0.0435,-0.0743,-0.07,0.013,0.0,-0.1312,-0.9144,-0.9139,0.8183,46
41,12,708.0,Low*Medium*NoStarvation,10,Low*Medium*NoStarvation,14.86,7.43,7,7,9,0.3462,0.0743,0.35,0.0346,-0.0371,-0.07,0.0104,0.0,-0.0968,-0.8647,-0.8657,0.8183,26
41,13,734.0,Low*Medium*NoStarvation,10,Low*Medium*NoStarvation,7.43,7.86,7,8,10,0.3846,0.0786,0.4,0.0385,-0.0393,-0.08,0.0115,0.0,-0.1077,-0.8657,-0.8679,0.8183,26
41,14,760.0,Low*Medium*NoStarvation,10,Low*Medium*NoStarvation,7.86,6.29,8,7,9,0.3462,0.0629,0.35,0.0346,-0.0314,-0.07,0.0104,0.0,-0.091,-0.8679,-0.8683,0.8183,26
41,15,856.0,Low*Medium*NoStarvation,45,Medium*Medium*NoStarvation,6.29,42.71,7,7,42,0.4375,0.4271,0.35,0.0437,-0.2136,-0.07,0.0131,0.0,-0.2704,-1.0183,-1.0187,0.8183,96
41,16,952.0,Medium*Medium*NoStarvation,45,Medium*Medium*NoStarvation,42.71,40.0,7,7,42,0.4375,0.4,0.35,0.0437,-0.2,-0.07,0.0131,0.0,-0.2569,-1.058,-1.053,0.8183,96
41,17,998.0,Medium*Medium*NoStarvation,20,Low*Medium*NoStarvation,40.0,16.43,7,7,19,0.413,0.1643,0.35,0.0413,-0.0821,-0.07,0.0124,0.0,-0.1398,-0.9168,-0.9172,0.8183,46
41,18,1024.0,Low*Medium*NoStarvation,10,Low*Medium*NoStarvation,16.43,7.29,7,7,6,0.2308,0.0729,0.35,0.0231,-0.0364,-0.07,0.0069,0.0,-0.0995,-0.8683,-0.8695,0.8183,26
41,19,1120.0,Low*Medium*NoStarvation,45,Medium*Medium*NoStarvation,7.29,40.29,7,7,23,0.2396,0.4029,0.35,0.024,-0.2014,-0.07,0.0072,0.0,-0.2642,-1.0187,-1.0184,0.8183,96
41,20,1166.0,Medium*Medium*NoStarvation,20,Low*Medium*NoStarvation,40.29,16.71,7,7,10,0.2174,0.1671,0.35,0.0217,-0.0836,-0.07,0.0065,0.0,-0.147,-0.9172,-0.9185,0.8183,46
41,21,1192.0,Low*Medium*NoStarvation,10,Low*Medium*NoStarvation,16.71,6.14,7,7,5,0.1923,0.0614,0.35,0.0192,-0.0307,-0.07,0.0058,0.0,-0.0949,-0.8695,-0.8703,0.8183,26
41,22,1258.0,Low*Medium*NoStarvation,30,Medium*Medium*NoStarvation,6.14,27.0,7,7,15,0.2273,0.27,0.35,0.0227,-0.135,-0.07,0.0068,0.0,-0.1982,-0.9699,-0.9679,0.8183,66
41,23,1304.0,Medium*Medium*NoStarvation,20,Low*Medium*NoStarvation,27.0,14.57,7,7,11,0.2391,0.1457,0.35,0.0239,-0.0729,-0.07,0.0072,0.0,-0.1357,-0.9185,-0.9185,0.8183,46
41,24,1400.0,Low*Medium*NoStarvation,45,Medium*Medium*NoStarvation,14.57,40.0,7,7,23,0.2396,0.4,0.35,0.024,-0.2,-0.07,0.0072,0.0,-0.2628,-1.0184,-1.018,0.8183,96
41,25,1466.0,Medium*Medium*NoStarvation,30,Medium*Medium*NoStarvation,40.0,25.86,7,7,15,0.2273,0.2586,0.35,0.0227,-0.1293,-0.07,0.0068,0.0,-0.1925,-0.9746,-0.9716,0.8183,66
41,26,1492.0,Medium*Medium*NoStarvation,10,Low*Medium*NoStarvation,25.86,5.71,7,6,5,0.1923,0.0571,0.3,0.0192,-0.0286,-0.06,0.0058,0.0,-0.0828,-0.8352,-0.8383,0.8183,26
41,27,1588.0,Low*Medium*NoStarvation,45,Medium*Medium*NoStarvation,5.71,40.86,6,7,23,0.2396,0.4086,0.35,0.024,-0.2043,-0.07,0.0072,0.0,-0.2671,-1.018,-1.0184,0.8183,96
41,28,1654.0,Medium*Medium*NoStarvation,30,Medium*Medium*NoStarvation,40.86,26.57,7,7,15,0.2273,0.2657,0.35,0.0227,-0.1329,-0.07,0.0068,0.0,-0.196,-0.9716,-0.9695,0.8183,66
41,29,1700.0,Medium*Medium*NoStarvation,20,Low*Medium*NoStarvation,26.57,18.57,7,7,9,0.1957,0.1857,0.35,0.0196,-0.0929,-0.07,0.0059,0.0,-0.157,-0.9185,-0.9207,0.8183,46
41,30,1796.0,Low*Medium*NoStarvation,45,Medium*Medium*NoStarvation,18.57,40.29,7,7,23,0.2396,0.4029,0.35,0.024,-0.2014,-0.07,0.0072,0.0,-0.2642,-1.0184,-1.0184,0.8183,96
41,31,1822.0,Medium*Medium*NoStarvation,10,Low*Medium*NoStarvation,40.29,5.86,7,6,5,0.1923,0.0586,0.3,0.0192,-0.0293,-0.06,0.0058,0.0,-0.0835,-0.8383,-0.8412,0.8183,26
41,32,1848.0,Low*Medium*NoStarvation,10,Low*Medium*NoStarvation,5.86,6.57,6,7,5,0.1923,0.0657,0.35,0.0192,-0.0329,-0.07,0.0058,0.0,-0.0971,-0.8703,-0.8714,0.8183,26
41,33,1944.0,Low*Medium*NoStarvation,45,Medium*Medium*NoStarvation,6.57,40.86,7,7,22,0.2292,0.4086,0.35,0.0229,-0.2043,-0.07,0.0069,0.0,-0.2674,-1.0184,-1.019,0.8183,96
41,34,2040.0,Medium*Medium*NoStarvation,45,Medium*Medium*NoStarvation,40.86,40.57,7,7,22,0.2292,0.4057,0.35,0.0229,-0.2029,-0.07,0.0069,0.0,-0.266,-1.053,-1.05,0.8183,96
41,35,2136.0,Medium*Medium*NoStarvation,45,Medium*Medium*NoStarvation,40.57,40.43,7,7,23,0.2396,0.4043,0.35,0.024,-0.2021,-0.07,0.0072,0.0,-0.265,-1.05,-1.0472,0.8183,96
41,36,2202.0,Medium*Medium*NoStarvation,30,Medium*Medium*NoStarvation,40.43,26.71,7,7,15,0.2273,0.2671,0.35,0.0227,-0.1336,-0.07,0.0068,0.0,-0.1968,-0.9695,-0.9679,0.8183,66
41,37,2248.0,Medium*Medium*NoStarvation,20,Low*Medium*NoStarvation,26.71,16.0,7,7,10,0.2174,0.16,0.35,0.0217,-0.08,-0.07,0.0065,0.0,-0.1435,-0.9207,-0.9214,0.8183,46
41,38,2294.0,Low*Medium*NoStarvation,20,Low*Medium*NoStarvation,16.0,16.86,7,7,9,0.1957,0.1686,0.35,0.0196,-0.0843,-0.07,0.0059,0.0,-0.1484,-0.9139,-0.9158,0.8183,46
41,39,2320.0,Low*Medium*NoStarvation,10,Low*Medium*NoStarvation,16.86,5.0,7,6,5,0.1923,0.05,0.3,0.0192,-0.025,-0.06,0.0058,0.0,-0.0792,-0.8714,-0.8706,0.8183,26
41,40,2346.0,Low*Medium*NoStarvation,10,Low*Medium*NoStarvation,5.0,5.71,6,6,5,0.1923,0.0571,0.3,0.0192,-0.0286,-0.06,0.0058,0.0,-0.0828,-0.8706,-0.8701,0.8183,26
41,41,2392.0,Low*Medium*NoStarvation,20,Low*Medium*NoStarvation,5.71,15.71,6,7,10,0.2174,0.1571,0.35,0.0217,-0.0786,-0.07,0.0065,0.0,-0.142,-0.9158,-0.9167,0.8183,46
41,42,2418.0,Low*Medium*NoStarvation,10,Low*Medium*NoStarvation,15.71,6.29,7,7,5,0.1923,0.0629,0.35,0.0192,-0.0314,-0.07,0.0058,0.0,-0.0957,-0.8701,-0.871,0.8183,26
41,43,2444.0,Low*Medium*NoStarvation,10,Low*Medium*NoStarvation,6.29,6.57,7,7,5,0.1923,0.0657,0.35,0.0192,-0.0329,-0.07,0.0058,0.0,-0.0971,-0.871,-0.872,0.8183,26
41,44,2540.0,Low*Medium*NoStarvation,45,Medium*Medium*NoStarvation,6.57,41.86,7,7,23,0.2396,0.4186,0.35,0.024,-0.2093,-0.07,0.0072,0.0,-0.2721,-1.019,-1.02,0.8183,96
41,45,2566.0,Medium*Medium*NoStarvation,10,Low*Medium*NoStarvation,41.86,9.43,7,7,4,0.1538,0.0943,0.35,0.0154,-0.0471,-0.07,0.0046,0.0,-0.1125,-0.8412,-0.8468,0.8183,26
41,46,2592.0,Low*Medium*NoStarvation,10,Low*Medium*NoStarvation,9.43,7.71,7,7,4,0.1538,0.0771,0.35,0.0154,-0.0386,-0.07,0.0046,0.0,-0.104,-0.872,-0.8737,0.8183,26
41,47,2636.0,Low*Medium*NoStarvation,45,Low*Low*NoStarvation,7.71,0.0,7,0,19,0.1979,0.0,0.0,0.0198,-0.0,-0.0,0.0059,0.0,0.0059,-1.02,-0.9577,0.8183,96
42,0,96.0,Low*Low*NoStarvation,20,Low*Medium*NoStarvation,0.83,16.14,2,7,21,0.4565,0.1614,0.35,0.0457,-0.0807,-0.07,0.0137,0.0,-0.137,-0.4518,-0.4989,0.8142,46
42,1,142.0,Low*Medium*NoStarvation,20,Low*Medium*NoStarvation,16.14,16.14,7,7,20,0.4348,0.1614,0.35,0.0435,-0.0807,-0.07,0.013,0.0,-0.1377,-0.9167,-0.9174,0.8142,46
42,2,168.0,Low*Medium*NoStarvation,10,Low*Medium*NoStarvation,16.14,6.29,7,6,10,0.3846,0.0629,0.3,0.0385,-0.0314,-0.06,0.0115,0.0,-0.0799,-0.8737,-0.8729,0.8142,26
42,3,194.0,Low*Medium*NoStarvation,10,Low*Medium*NoStarvation,6.29,7.71,6,7,8,0.3077,0.0771,0.35,0.0308,-0.0386,-0.07,0.0092,0.0,-0.0993,-0.8729,-0.8741,0.8142,26
42,4,240.0,Low*Medium*NoStarvation,20,Low*Medium*NoStarvation,7.71,16.0,7,7,20,0.4348,0.16,0.35,0.0435,-0.08,-0.07,0.013,0.0,-0.137,-0.9174,-0.9181,0.8142,46
42,5,266.0,Low*Medium*NoStarvation,10,Low*Medium*NoStarvation,16.0,8.57,7,7,9,0.3462,0.0857,0.35,0.0346,-0.0429,-0.07,0.0104,0.0,-0.1025,-0.8741,-0.8756,0.8142,26
42,6,332.0,Low*Medium*NoStarvation,30,Medium*Medium*NoStarvation,8.57,26.29,7,7,30,0.4545,0.2629,0.35,0.0455,-0.1314,-0.07,0.0136,0.0,-0.1878,-0.9679,-0.9661,0.8142,66
42,7,398.0,Medium*Medium*NoStarvation,30,Medium*Medium*NoStarvation,26.29,26.29,7,7,30,0.4545,0.2629,0.35,0.0455,-0.1314,-0.07,0.0136,0.0,-0.1878,-0.9679,-0.9661,0.8142,66
42,8,424.0,Medium*Medium*NoStarvation,10,Low*Medium*NoStarvation,26.29,6.5,7,8,10,0.3846,0.065,0.4,0.0385,-0.0325,-0.08,0.0115,0.0,-0.101,-0.8468,-0.851,0.8142,26
42,9,450.0,Low*Medium*NoStarvation,10,Low*Medium*NoStarvation,6.5,6.0,8,7,9,0.3462,0.06,0.35,0.0346,-0.03,-0.07,0.0104,0.0,-0.0896,-0.8756,-0.8758,0.8142,26
42,10,496.0,Low*Medium*NoStarvation,20,Low*Medium*NoStarvation,6.0,15.29,7,7,20,0.4348,0.1529,0.35,0.0435,-0.0764,-0.07,0.013,0.0,-0.1334,-0.9181,-0.9184,0.8142,46
42,11,592.0,Low*Medium*NoStarvation,45,Medium*Medium*NoStarvation,15.29,40.86,7,7,46,0.4792,0.4086,0.35,0.0479,-0.2043,-0.07,0.0144,0.0,-0.2599,-0.9577,-0.9645,0.8142,96
42,12,618.0,Medium*Medium*NoStarvation,10,Low*Medium*NoStarvation,40.86,8.86,7,7,9,0.3462,0.0886,0.35,0.0346,-0.0443,-0.07,0.0104,0.0,-0.1039,-0.851,-0.8551,0.8142,26
42,13,684.0,Low*Medium*NoStarvation,30,Medium*Medium*NoStarvation,8.86,27.71,7,7,28,0.4242,0.2771,0.35,0.0424,-0.1386,-0.07,0.0127,0.0,-0.1958,-0.9661,-0.9661,0.8142,66
42,14,780.0,Medium*Medium*NoStarvation,45,Medium*Medium*NoStarvation,27.71,41.14,7,7,41,0.4271,0.4114,0.35,0.0427,-0.2057,-0.07,0.0128,0.0,-0.2629,-1.0472,-1.0458,0.8142,96
42,15,876.0,Medium*Medium*NoStarvation,45,Medium*Medium*NoStarvation,41.14,41.71,7,7,40,0.4167,0.4171,0.35,0.0417,-0.2086,-0.07,0.0125,0.0,-0.2661,-1.0458,-1.0448,0.8142,96
42,16,922.0,Medium*Medium*NoStarvation,20,Low*Medium*NoStarvation,41.71,15.29,7,7,19,0.413,0.1529,0.35,0.0413,-0.0764,-0.07,0.0124,0.0,-0.134,-0.9214,-0.9215,0.8142,46
42,17,968.0,Low*Medium*NoStarvation,20,Low*Medium*NoStarvation,15.29,15.71,7,7,20,0.4348,0.1571,0.35,0.0435,-0.0786,-0.07,0.013,0.0,-0.1355,-0.9184,-0.919,0.8142,46
42,18,1034.0,Low*Medium*NoStarvation,30,Medium*Medium*NoStarvation,15.71,27.14,7,7,22,0.3333,0.2714,0.35,0.0333,-0.1357,-0.07,0.01,0.0,-0.1957,-0.9661,-0.966,0.8142,66
42,19,1060.0,Medium*Medium*NoStarvation,10,Low*Medium*NoStarvation,27.14,6.29,7,7,5,0.1923,0.0629,0.35,0.0192,-0.0314,-0.07,0.0058,0.0,-0.0957,-0.8551,-0.858,0.8142,26
42,20,1156.0,Low*Medium*NoStarvation,45,Medium*Medium*NoStarvation,6.29,40.0,7,7,23,0.2396,0.4,0.35,0.024,-0.2,-0.07,0.0072,0.0,-0.2628,-0.9645,-0.9716,0.8142,96
42,21,1222.0,Medium*Medium*NoStarvation,30,Medium*Medium*NoStarvation,40.0,24.71,7,7,15,0.2273,0.2471,0.35,0.0227,-0.1236,-0.07,0.0068,0.0,-0.1868,-0.9661,-0.9654,0.8142,66
42,22,1288.0,Medium*Medium*NoStarvation,30,Medium*Medium*NoStarvation,24.71,26.43,7,7,15,0.2273,0.2643,0.35,0.0227,-0.1321,-0.07,0.0068,0.0,-0.1953,-0.9654,-0.9656,0.8142,66
42,23,1384.0,Medium*Medium*NoStarvation,45,Medium*Medium*NoStarvation,26.43,41.14,7,7,22,0.2292,0.4114,0.35,0.0229,-0.2057,-0.07,0.0069,0.0,-0.2688,-1.0448,-1.0444,0.8142,96
42,24,1410.0,Medium*Medium*NoStarvation,10,Low*Medium*NoStarvation,41.14,8.14,7,7,4,0.1538,0.0814,0.35,0.0154,-0.0407,-0.07,0.0046,0.0,-0.1061,-0.858,-0.8616,0.8142,26
42,25,1476.0,Low*Medium*NoStarvation,30,Medium*Medium*NoStarvation,8.14,28.0,7,7,14,0.2121,0.28,0.35,0.0212,-0.14,-0.07,0.0064,0.0,-0.2036,-0.966,-0.9673,0.8142,66
42,26,1502.0,Medium*Medium*NoStarvation,10,Low*Medium*NoStarvation,28.0,7.0,7,7,5,0.1923,0.07,0.35,0.0192,-0.035,-0.07,0.0058,0.0,-0.0992,-0.8616,-0.8642,0.8142,26
42,27,1568.0,Low*Medium*NoStarvation,30,Medium*Medium*NoStarvation,7.0,27.14,7,7,15,0.2273,0.2714,0.35,0.0227,-0.1357,-0.07,0.0068,0.0,-0.1989,-0.9673,-0.9682,0.8142,66
42,28,1594.0,Medium*Medium*NoStarvation,10,Low*Medium*NoStarvation,27.14,5.71,7,6,5,0.1923,0.0571,0.3,0.0192,-0.0286,-0.06,0.0058,0.0,-0.0828,-0.8642,-0.8649,0.8142,26
42,29,1640.0,Low*Medium*NoStarvation,20,Low*Medium*NoStarvation,5.71,15.71,6,7,10,0.2174,0.1571,0.35,0.0217,-0.0786,-0.07,0.0065,0.0,-0.142,-0.919,-0.9201,0.8142,46
42,30,1666.0,Low*Medium*NoStarvation,10,Low*Medium*NoStarvation,15.71,5.71,7,6,5,0.1923,0.0571,0.3,0.0192,-0.0286,-0.06,0.0058,0.0,-0.0828,-0.8758,-0.8754,0.8142,26
42,31,1732.0,Low*Medium*NoStarvation,30,Medium*Medium*NoStarvation,5.71,25.71,6,7,15,0.2273,0.2571,0.35,0.0227,-0.1286,-0.07,0.0068,0.0,-0.1918,-0.9682,-0.9684,0.8142,66
42,32,1778.0,Medium*Medium*NoStarvation,20,Low*Medium*NoStarvation,25.71,16.14,7,7,10,0.2174,0.1614,0.35,0.0217,-0.0807,-0.07,0.0065,0.0,-0.1442,-0.9215,-0.9225,0.8142,46
42,33,1844.0,Low*Medium*NoStarvation,30,Medium*Medium*NoStarvation,16.14,26.43,7,7,15,0.2273,0.2643,0.35,0.0227,-0.1321,-0.07,0.0068,0.0,-0.1953,-0.9684,-0.969,0.8142,66
42,34,1870.0,Medium*Medium*NoStarvation,10,Low*Medium*NoStarvation,26.43,7.57,7,7,5,0.1923,0.0757,0.35,0.0192,-0.0379,-0.07,0.0058,0.0,-0.1021,-0.8649,-0.8674,0.8142,26
42,35,1896.0,Low*Medium*NoStarvation,10,Low*Medium*NoStarvation,7.57,6.57,7,7,5,0.1923,0.0657,0.35,0.0192,-0.0329,-0.07,0.0058,0.0,-0.0971,-0.8754,-0.8763,0.8142,26
42,36,1942.0,Low*Medium*NoStarvation,20,Low*Medium*NoStarvation,6.57,16.43,7,7,10,0.2174,0.1643,0.35,0.0217,-0.0821,-0.07,0.0065,0.0,-0.1456,-0.9201,-0.9215,0.8142,46
42,37,1968.0,Low*Medium*NoStarvation,10,Low*Medium*NoStarvation,16.43,6.43,7,7,5,0.1923,0.0643,0.35,0.0192,-0.0321,-0.07,0.0058,0.0,-0.0964,-0.8763,-0.8772,0.8142,26
42,38,2014.0,Low*Medium*NoStarvation,20,Low*Medium*NoStarvation,6.43,16.14,7,7,10,0.2174,0.1614,0.35,0.0217,-0.0807,-0.07,0.0065,0.0,-0.1442,-0.9215,-0.9227,0.8142,46
42,39,2110.0,Low*Medium*NoStarvation,45,Medium*Medium*NoStarvation,16.14,41.0,7,7,22,0.2292,0.41,0.35,0.0229,-0.205,-0.07,0.0069,0.0,-0.2681,-0.9716,-0.9793,0.8142,96
42,40,2176.0,Medium*Medium*NoStarvation,30,Medium*Medium*NoStarvation,41.0,25.86,7,7,15,0.2273,0.2586,0.35,0.0227,-0.1293,-0.07,0.0068,0.0,-0.1925,-0.9656,-0.9664,0.8142,66
42,41,2202.0,Medium*Medium*NoStarvation,10,Low*Medium*NoStarvation,25.86,8.57,7,7,4,0.1538,0.0857,0.35,0.0154,-0.0429,-0.07,0.0046,0.0,-0.1082,-0.8674,-0.8704,0.8142,26
42,42,2228.0,Low*Medium*NoStarvation,10,Low*Medium*NoStarvation,8.57,6.29,7,7,5,0.1923,0.0629,0.35,0.0192,-0.0314,-0.07,0.0058,0.0,-0.0957,-0.8772,-0.878,0.8142,26
42,43,2274.0,Low*Medium*NoStarvation,20,Low*Medium*NoStarvation,6.29,17.0,7,7,10,0.2174,0.17,0.35,0.0217,-0.085,-0.07,0.0065,0.0,-0.1485,-0.9227,-0.9243,0.8142,46
42,44,2300.0,Low*Medium*NoStarvation,10,Low*Medium*NoStarvation,17.0,6.14,7,7,5,0.1923,0.0614,0.35,0.0192,-0.0307,-0.07,0.0058,0.0,-0.0949,-0.878,-0.8787,0.8142,26
42,45,2326.0,Low*Medium*NoStarvation,10,Low*Medium*NoStarvation,6.14,6.29,7,7,5,0.1923,0.0629,0.35,0.0192,-0.0314,-0.07,0.0058,0.0,-0.0957,-0.8787,-0.8795,0.8142,26
42,46,2392.0,Low*Medium*NoStarvation,30,Medium*Medium*NoStarvation,6.29,27.14,7,7,15,0.2273,0.2714,0.35,0.0227,-0.1357,-0.07,0.0068,0.0,-0.1989,-0.969,-0.9703,0.8142,66
42,47,2458.0,Medium*Medium*NoStarvation,30,Medium*Medium*NoStarvation,27.14,27.29,7,7,15,0.2273,0.2729,0.35,0.0227,-0.1364,-0.07,0.0068,0.0,-0.1996,-0.9664,-0.968,0.8142,66
42,48,2554.0,Medium*Medium*NoStarvation,45,Medium*Medium*NoStarvation,27.29,39.71,7,7,23,0.2396,0.3971,0.35,0.024,-0.1986,-0.07,0.0072,0.0,-0.2614,-1.0444,-1.0444,0.8142,96
42,49,2620.0,Medium*Medium*NoStarvation,30,Medium*Medium*NoStarvation,39.71,26.0,7,7,15,0.2273,0.26,0.35,0.0227,-0.13,-0.07,0.0068,0.0,-0.1932,-0.968,-0.9689,0.8142,66
42,50,2666.0,Medium*Medium*NoStarvation,20,Low*Medium*NoStarvation,26.0,14.71,7,7,10,0.2174,0.1471,0.35,0.0217,-0.0736,-0.07,0.0065,0.0,-0.137,-0.9225,-0.9232,0.8142,46
42,51,2712.0,Low*Medium*NoStarvation,20,Medium*Low*NoStarvation,14.71,20.0,7,2,10,0.2174,0.2,0.1,0.0217,-0.1,-0.02,0.0065,0.0,-0.1135,-0.9243,-0.8432,0.8142,46
42,52,2723.0,Medium*Low*NoStarvation,10,Low*Low*NoStarvation,20.0,0.0,2,0,2,0.0769,0.0,0.0,0.0077,-0.0,-0.0,0.0023,0.0,0.0023,0.0,-0.04,0.8142,26
43,0,146.0,Low*Low*NoStarvation,45,Medium*Medium*NoStarvation,0.83,40.71,2,7,47,0.4896,0.4071,0.35,0.049,-0.2036,-0.07,0.0147,0.0,-0.2589,-0.5003,-0.5545,0.8102,96
43,1,212.0,Medium*Medium*NoStarvation,30,Medium*Medium*NoStarvation,40.71,27.29,7,7,30,0.4545,0.2729,0.35,0.0455,-0.1364,-0.07,0.0136,0.0,-0.1928,-0.9689,-0.9696,0.8102,66
43,2,238.0,Medium*Medium*NoStarvation,10,Low*Medium*NoStarvation,27.29,7.29,7,7,9,0.3462,0.0729,0.35,0.0346,-0.0364,-0.07,0.0104,0.0,-0.096,-0.8704,-0.8689,0.8102,26
43,3,284.0,Low*Medium*NoStarvation,20,Low*Medium*NoStarvation,7.29,16.43,7,7,20,0.4348,0.1643,0.35,0.0435,-0.0821,-0.07,0.013,0.0,-0.1391,-0.8432,-0.8487,0.8102,46
43,4,350.0,Low*Medium*NoStarvation,30,Medium*Medium*NoStarvation,16.43,26.43,7,7,30,0.4545,0.2643,0.35,0.0455,-0.1321,-0.07,0.0136,0.0,-0.1885,-0.9703,-0.9703,0.8102,66
43,5,416.0,Medium*Medium*NoStarvation,30,Medium*Medium*NoStarvation,26.43,25.14,7,7,29,0.4394,0.2514,0.35,0.0439,-0.1257,-0.07,0.0132,0.0,-0.1825,-0.9696,-0.9691,0.8102,66
43,6,462.0,Medium*Medium*NoStarvation,20,Low*Medium*NoStarvation,25.14,15.71,7,7,19,0.413,0.1571,0.35,0.0413,-0.0786,-0.07,0.0124,0.0,-0.1362,-0.9232,-0.9208,0.8102,46
43,7,508.0,Low*Medium*NoStarvation,20,Low*Medium*NoStarvation,15.71,16.57,7,7,20,0.4348,0.1657,0.35,0.0435,-0.0829,-0.07,0.013,0.0,-0.1398,-0.8487,-0.8542,0.8102,46
43,8,574.0,Low*Medium*NoStarvation,30,Medium*Medium*NoStarvation,16.57,26.29,7,7,28,0.4242,0.2629,0.35,0.0424,-0.1314,-0.07,0.0127,0.0,-0.1887,-0.9703,-0.9704,0.8102,66
43,9,620.0,Medium*Medium*NoStarvation,20,Low*Medium*NoStarvation,26.29,16.14,7,7,19,0.413,0.1614,0.35,0.0413,-0.0807,-0.07,0.0124,0.0,-0.1383,-0.9208,-0.9195,0.8102,46
43,10,686.0,Low*Medium*NoStarvation,30,Medium*Medium*NoStarvation,16.14,25.86,7,7,28,0.4242,0.2586,0.35,0.0424,-0.1293,-0.07,0.0127,0.0,-0.1866,-0.9704,-0.9702,0.8102,66
43,11,732.0,Medium*Medium*NoStarvation,20,Low*Medium*NoStarvation,25.86,16.14,7,7,19,0.413,0.1614,0.35,0.0413,-0.0807,-0.07,0.0124,0.0,-0.1383,-0.9195,-0.9182,0.8102,46
43,12,778.0,Low*Medium*NoStarvation,20,Low*Medium*NoStarvation,16.14,17.0,7,7,20,0.4348,0.17,0.35,0.0435,-0.085,-0.07,0.013,0.0,-0.142,-0.8542,-0.8599,0.8102,46
43,13,824.0,Low*Medium*NoStarvation,20,Low*Medium*NoStarvation,17.0,16.71,7,7,18,0.3913,0.1671,0.35,0.0391,-0.0836,-0.07,0.0117,0.0,-0.1418,-0.8599,-0.8655,0.8102,46
43,14,850.0,Low*Medium*NoStarvation,10,Low*Medium*NoStarvation,16.71,7.29,7,7,9,0.3462,0.0729,0.35,0.0346,-0.0364,-0.07,0.0104,0.0,-0.096,-0.8795,-0.879,0.8102,26
43,15,946.0,Low*Medium*NoStarvation,45,Medium*Medium*NoStarvation,7.29,42.71,7,7,42,0.4375,0.4271,0.35,0.0437,-0.2136,-0.07,0.0131,0.0,-0.2704,-0.9793,-0.9866,0.8102,96
43,16,972.0,Medium*Medium*NoStarvation,10,Low*Medium*NoStarvation,42.71,5.0,7,6,10,0.3846,0.05,0.3,0.0385,-0.025,-0.06,0.0115,0.0,-0.0735,-0.8689,-0.8672,0.8102,26
43,17,1038.0,Low*Medium*NoStarvation,30,Medium*Medium*NoStarvation,5.0,27.43,6,7,22,0.3333,0.2743,0.35,0.0333,-0.1371,-0.07,0.01,0.0,-0.1971,-0.9702,-0.9709,0.8102,66
43,18,1064.0,Medium*Medium*NoStarvation,10,Low*Medium*NoStarvation,27.43,7.43,7,7,4,0.1538,0.0743,0.35,0.0154,-0.0371,-0.07,0.0046,0.0,-0.1025,-0.8672,-0.8687,0.8102,26
43,19,1090.0,Low*Medium*NoStarvation,10,Low*Medium*NoStarvation,7.43,9.29,7,7,4,0.1538,0.0929,0.35,0.0154,-0.0464,-0.07,0.0046,0.0,-0.1118,-0.879,-0.8802,0.8102,26
43,20,1186.0,Low*Medium*NoStarvation,45,Medium*Medium*NoStarvation,9.29,40.0,7,7,23,0.2396,0.4,0.35,0.024,-0.2,-0.07,0.0072,0.0,-0.2628,-0.9866,-0.9924,0.8102,96
43,21,1282.0,Medium*Medium*NoStarvation,45,Medium*Medium*NoStarvation,40.0,42.0,7,7,23,0.2396,0.42,0.35,0.024,-0.21,-0.07,0.0072,0.0,-0.2728,-1.0444,-1.0454,0.8102,96
43,22,1308.0,Medium*Medium*NoStarvation,10,Low*Medium*NoStarvation,42.0,8.57,7,7,4,0.1538,0.0857,0.35,0.0154,-0.0429,-0.07,0.0046,0.0,-0.1082,-0.8687,-0.8705,0.8102,26
43,23,1354.0,Low*Medium*NoStarvation,20,Low*Medium*NoStarvation,8.57,15.14,7,7,10,0.2174,0.1514,0.35,0.0217,-0.0757,-0.07,0.0065,0.0,-0.1392,-0.8655,-0.8707,0.8102,46
43,24,1400.0,Low*Medium*NoStarvation,20,Low*Medium*NoStarvation,15.14,16.57,7,7,10,0.2174,0.1657,0.35,0.0217,-0.0829,-0.07,0.0065,0.0,-0.1463,-0.8707,-0.8766,0.8102,46
43,25,1446.0,Low*Medium*NoStarvation,20,Low*Medium*NoStarvation,16.57,18.14,7,7,9,0.1957,0.1814,0.35,0.0196,-0.0907,-0.07,0.0059,0.0,-0.1548,-0.8766,-0.8834,0.8102,46
43,26,1492.0,Low*Medium*NoStarvation,20,Low*Medium*NoStarvation,18.14,15.0,7,7,10,0.2174,0.15,0.35,0.0217,-0.075,-0.07,0.0065,0.0,-0.1385,-0.8834,-0.8881,0.8102,46
43,27,1538.0,Low*Medium*NoStarvation,20,Low*Medium*NoStarvation,15.0,17.14,7,7,9,0.1957,0.1714,0.35,0.0196,-0.0857,-0.07,0.0059,0.0,-0.1498,-0.8881,-0.8935,0.8102,46
43,28,1564.0,Low*Medium*NoStarvation,10,Low*Medium*NoStarvation,17.14,7.14,7,7,4,0.1538,0.0714,0.35,0.0154,-0.0357,-0.07,0.0046,0.0,-0.1011,-0.8802,-0.8815,0.8102,26
43,29,1610.0,Low*Medium*NoStarvation,20,Low*Medium*NoStarvation,7.14,17.14,7,7,10,0.2174,0.1714,0.35,0.0217,-0.0857,-0.07,0.0065,0.0,-0.1492,-0.8935,-0.8984,0.8102,46
43,30,1656.0,Low*Medium*NoStarvation,20,Low*Medium*NoStarvation,17.14,16.29,7,7,10,0.2174,0.1629,0.35,0.0217,-0.0814,-0.07,0.0065,0.0,-0.1449,-0.8984,-0.9024,0.8102,46
43,31,1682.0,Low*Medium*NoStarvation,10,Low*Medium*NoStarvation,16.29,8.57,7,7,4,0.1538,0.0857,0.35,0.0154,-0.0429,-0.07,0.0046,0.0,-0.1082,-0.8815,-0.8835,0.8102,26
43,32,1778.0,Low*Medium*NoStarvation,45,Medium*Medium*NoStarvation,8.57,40.43,7,7,23,0.2396,0.4043,0.35,0.024,-0.2021,-0.07,0.0072,0.0,-0.265,-0.9924,-0.998,0.8102,96
43,33,1804.0,Medium*Medium*NoStarvation,10,Low*Medium*NoStarvation,40.43,7.14,7,7,5,0.1923,0.0714,0.35,0.0192,-0.0357,-0.07,0.0058,0.0,-0.0999,-0.8705,-0.873,0.8102,26
43,34,1830.0,Low*Medium*NoStarvation,10,Low*Medium*NoStarvation,7.14,7.86,7,7,4,0.1538,0.0786,0.35,0.0154,-0.0393,-0.07,0.0046,0.0,-0.1047,-0.8835,-0.8851,0.8102,26
43,35,1926.0,Low*Medium*NoStarvation,45,Medium*Medium*NoStarvation,7.86,42.57,7,7,22,0.2292,0.4257,0.35,0.0229,-0.2129,-0.07,0.0069,0.0,-0.276,-0.998,-1.0044,0.8102,96
43,36,1972.0,Medium*Medium*NoStarvation,20,Low*Medium*NoStarvation,42.57,17.57,7,7,10,0.2174,0.1757,0.35,0.0217,-0.0879,-0.07,0.0065,0.0,-0.1513,-0.9182,-0.9212,0.8102,46
43,37,2068.0,Low*Medium*NoStarvation,45,Medium*Medium*NoStarvation,17.57,40.14,7,7,23,0.2396,0.4014,0.35,0.024,-0.2007,-0.07,0.0072,0.0,-0.2635,-1.0044,-1.0088,0.8102,96
43,38,2164.0,Medium*Medium*NoStarvation,45,Medium*Medium*NoStarvation,40.14,40.29,7,7,23,0.2396,0.4029,0.35,0.024,-0.2014,-0.07,0.0072,0.0,-0.2642,-1.0454,-1.0459,0.8102,96
43,39,2260.0,Medium*Medium*NoStarvation,45,Medium*Medium*NoStarvation,40.29,41.86,7,7,22,0.2292,0.4186,0.35,0.0229,-0.2093,-0.07,0.0069,0.0,-0.2724,-1.0459,-1.0471,0.8102,96
43,40,2356.0,Medium*Medium*NoStarvation,45,Medium*Medium*NoStarvation,41.86,39.86,7,7,23,0.2396,0.3986,0.35,0.024,-0.1993,-0.07,0.0072,0.0,-0.2621,-1.0471,-1.0472,0.8102,96
43,41,2382.0,Medium*Medium*NoStarvation,10,Low*Medium*NoStarvation,39.86,6.43,7,7,5,0.1923,0.0643,0.35,0.0192,-0.0321,-0.07,0.0058,0.0,-0.0964,-0.873,-0.875,0.8102,26
43,42,2478.0,Low*Medium*NoStarvation,45,Medium*Medium*NoStarvation,6.43,41.57,7,7,23,0.2396,0.4157,0.35,0.024,-0.2079,-0.07,0.0072,0.0,-0.2707,-1.0088,-1.0138,0.8102,96
43,43,2504.0,Medium*Medium*NoStarvation,10,Low*Medium*NoStarvation,41.57,6.29,7,7,5,0.1923,0.0629,0.35,0.0192,-0.0314,-0.07,0.0058,0.0,-0.0957,-0.875,-0.8767,0.8102,26
43,44,2530.0,Low*Medium*NoStarvation,10,Low*Medium*NoStarvation,6.29,6.71,7,7,5,0.1923,0.0671,0.35,0.0192,-0.0336,-0.07,0.0058,0.0,-0.0978,-0.8851,-0.8861,0.8102,26
43,45,2626.0,Low*Medium*NoStarvation,45,Medium*Medium*NoStarvation,6.71,43.43,7,7,21,0.2188,0.4343,0.35,0.0219,-0.2171,-0.07,0.0066,0.0,-0.2806,-1.0138,-1.0194,0.8102,96
43,46,2652.0,Medium*Medium*NoStarvation,10,Low*Medium*NoStarvation,43.43,5.71,7,7,5,0.1923,0.0571,0.35,0.0192,-0.0286,-0.07,0.0058,0.0,-0.0928,-0.8767,-0.8781,0.8102,26
43,47,2677.0,Low*Medium*NoStarvation,45,Low*Low*NoStarvation,5.71,0.0,7,0,9,0.0938,0.0,0.0,0.0094,-0.0,-0.0,0.0028,0.0,0.0028,-1.0194,-0.9574,0.8102,96
44,0,96.0,Low*Low*NoStarvation,20,Low*Medium*NoStarvation,0.83,16.14,2,7,21,0.4565,0.1614,0.35,0.0457,-0.0807,-0.07,0.0137,0.0,-0.137,-0.4989,-0.5425,0.8061,46
44,1,142.0,Low*Medium*NoStarvation,20,Low*Medium*NoStarvation,16.14,16.14,7,7,20,0.4348,0.1614,0.35,0.0435,-0.0807,-0.07,0.013,0.0,-0.1377,-0.9024,-0.9057,0.8061,46
44,2,188.0,Low*Medium*NoStarvation,20,Low*Medium*NoStarvation,16.14,16.14,7,7,20,0.4348,0.1614,0.35,0.0435,-0.0807,-0.07,0.013,0.0,-0.1377,-0.9057,-0.9086,0.8061,46
44,3,284.0,Low*Medium*NoStarvation,45,Medium*Medium*NoStarvation,16.14,40.29,7,7,45,0.4688,0.4029,0.35,0.0469,-0.2014,-0.07,0.0141,0.0,-0.2574,-0.9574,-0.9664,0.8061,96
44,4,350.0,Medium*Medium*NoStarvation,30,Medium*Medium*NoStarvation,40.29,26.14,7,7,30,0.4545,0.2614,0.35,0.0455,-0.1307,-0.07,0.0136,0.0,-0.1871,-0.9691,-0.9699,0.8061,66
44,5,446.0,Medium*Medium*NoStarvation,45,Medium*Medium*NoStarvation,26.14,42.29,7,7,41,0.4271,0.4229,0.35,0.0427,-0.2114,-0.07,0.0128,0.0,-0.2686,-1.0472,-1.0483,0.8061,96
44,6,542.0,Medium*Medium*NoStarvation,45,Medium*Medium*NoStarvation,42.29,40.0,7,7,42,0.4375,0.4,0.35,0.0437,-0.2,-0.07,0.0131,0.0,-0.2569,-1.0483,-1.0482,0.8061,96
44,7,568.0,Medium*Medium*NoStarvation,10,Low*Medium*NoStarvation,40.0,6.86,7,7,10,0.3846,0.0686,0.35,0.0385,-0.0343,-0.07,0.0115,0.0,-0.0927,-0.8781,-0.8793,0.8061,26
44,8,634.0,Low*Medium*NoStarvation,30,Medium*Medium*NoStarvation,6.86,26.29,7,7,29,0.4394,0.2629,0.35,0.0439,-0.1314,-0.07,0.0132,0.0,-0.1882,-0.9709,-0.9718,0.8061,66
44,9,660.0,Medium*Medium*NoStarvation,10,Low*Medium*NoStarvation,26.29,7.14,7,7,8,0.3077,0.0714,0.35,0.0308,-0.0357,-0.07,0.0092,0.0,-0.0965,-0.8793,-0.8807,0.8061,26
44,10,726.0,Low*Medium*NoStarvation,30,Medium*Medium*NoStarvation,7.14,27.0,7,7,29,0.4394,0.27,0.35,0.0439,-0.135,-0.07,0.0132,0.0,-0.1918,-0.9718,-0.9731,0.8061,66
44,11,752.0,Medium*Medium*NoStarvation,10,Low*Medium*NoStarvation,27.0,6.86,7,7,10,0.3846,0.0686,0.35,0.0385,-0.0343,-0.07,0.0115,0.0,-0.0927,-0.8807,-0.8817,0.8061,26
44,12,818.0,Low*Medium*NoStarvation,30,Medium*Medium*NoStarvation,6.86,23.86,7,7,28,0.4242,0.2386,0.35,0.0424,-0.1193,-0.07,0.0127,0.0,-0.1766,-0.9731,-0.9728,0.8061,66
44,13,914.0,Medium*Medium*NoStarvation,45,Medium*Medium*NoStarvation,23.86,39.86,7,7,43,0.4479,0.3986,0.35,0.0448,-0.1993,-0.07,0.0134,0.0,-0.2558,-1.0482,-1.0483,0.8061,96
44,14,1010.0,Medium*Medium*NoStarvation,45,Medium*Medium*NoStarvation,39.86,40.29,7,7,41,0.4271,0.4029,0.35,0.0427,-0.2014,-0.07,0.0128,0.0,-0.2586,-1.0483,-1.0487,0.8061,96
44,15,1056.0,Medium*Medium*NoStarvation,20,Low*Medium*NoStarvation,40.29,16.43,7,7,10,0.2174,0.1643,0.35,0.0217,-0.0821,-0.07,0.0065,0.0,-0.1456,-0.9212,-0.9234,0.8061,46
44,16,1082.0,Low*Medium*NoStarvation,10,Low*Medium*NoStarvation,16.43,6.71,7,7,5,0.1923,0.0671,0.35,0.0192,-0.0336,-0.07,0.0058,0.0,-0.0978,-0.8861,-0.887,0.8061,26
44,17,1148.0,Low*Medium*NoStarvation,30,Medium*Medium*NoStarvation,6.71,26.0,7,7,15,0.2273,0.26,0.35,0.0227,-0.13,-0.07,0.0068,0.0,-0.1932,-0.9728,-0.9742,0.8061,66
44,18,1244.0,Medium*Medium*NoStarvation,45,Medium*Medium*NoStarvation,26.0,42.57,7,7,22,0.2292,0.4257,0.35,0.0229,-0.2129,-0.07,0.0069,0.0,-0.276,-1.0487,-1.0508,0.8061,96
44,19,1290.0,Medium*Medium*NoStarvation,20,Low*Medium*NoStarvation,42.57,16.43,7,7,10,0.2174,0.1643,0.35,0.0217,-0.0821,-0.07,0.0065,0.0,-0.1456,-0.9234,-0.9254,0.8061,46
44,20,1316.0,Low*Medium*NoStarvation,10,Low*Medium*NoStarvation,16.43,8.71,7,7,4,0.1538,0.0871,0.35,0.0154,-0.0436,-0.07,0.0046,0.0,-0.109,-0.887,-0.889,0.8061,26
44,21,1362.0,Low*Medium*NoStarvation,20,Low*Medium*NoStarvation,8.71,15.43,7,7,10,0.2174,0.1543,0.35,0.0217,-0.0771,-0.07,0.0065,0.0,-0.1406,-0.9086,-0.9118,0.8061,46
44,22,1388.0,Low*Medium*NoStarvation,10,Low*Medium*NoStarvation,15.43,5.71,7,6,5,0.1923,0.0571,0.3,0.0192,-0.0286,-0.06,0.0058,0.0,-0.0828,-0.889,-0.8884,0.8061,26
44,23,1454.0,Low*Medium*NoStarvation,30,Medium*Medium*NoStarvation,5.71,27.71,6,7,14,0.2121,0.2771,0.35,0.0212,-0.1386,-0.07,0.0064,0.0,-0.2022,-0.9742,-0.9763,0.8061,66
44,24,1500.0,Medium*Medium*NoStarvation,20,Low*Medium*NoStarvation,27.71,17.71,7,7,9,0.1957,0.1771,0.35,0.0196,-0.0886,-0.07,0.0059,0.0,-0.1527,-0.9254,-0.9281,0.8061,46
44,25,1526.0,Low*Medium*NoStarvation,10,Low*Medium*NoStarvation,17.71,6.86,7,7,5,0.1923,0.0686,0.35,0.0192,-0.0343,-0.07,0.0058,0.0,-0.0985,-0.8884,-0.8894,0.8061,26
44,26,1592.0,Low*Medium*NoStarvation,30,Medium*Medium*NoStarvation,6.86,25.0,7,7,16,0.2424,0.25,0.35,0.0242,-0.125,-0.07,0.0073,0.0,-0.1877,-0.9763,-0.9768,0.8061,66
44,27,1618.0,Medium*Medium*NoStarvation,10,Low*Medium*NoStarvation,25.0,5.71,7,6,5,0.1923,0.0571,0.3,0.0192,-0.0286,-0.06,0.0058,0.0,-0.0828,-0.8817,-0.8818,0.8061,26
44,28,1644.0,Low*Medium*NoStarvation,10,Low*Medium*NoStarvation,5.71,7.43,6,7,5,0.1923,0.0743,0.35,0.0192,-0.0371,-0.07,0.0058,0.0,-0.1014,-0.8894,-0.8906,0.8061,26
44,29,1740.0,Low*Medium*NoStarvation,45,Medium*Medium*NoStarvation,7.43,40.86,7,7,22,0.2292,0.4086,0.35,0.0229,-0.2043,-0.07,0.0069,0.0,-0.2674,-0.9664,-0.9759,0.8061,96
44,30,1766.0,Medium*Medium*NoStarvation,10,Low*Medium*NoStarvation,40.86,8.86,7,7,4,0.1538,0.0886,0.35,0.0154,-0.0443,-0.07,0.0046,0.0,-0.1097,-0.8818,-0.8848,0.8061,26
44,31,1792.0,Low*Medium*NoStarvation,10,Low*Medium*NoStarvation,8.86,6.86,7,7,5,0.1923,0.0686,0.35,0.0192,-0.0343,-0.07,0.0058,0.0,-0.0985,-0.8906,-0.8916,0.8061,26
44,32,1818.0,Low*Medium*NoStarvation,10,Low*Medium*NoStarvation,6.86,6.57,7,7,5,0.1923,0.0657,0.35,0.0192,-0.0329,-0.07,0.0058,0.0,-0.0971,-0.8916,-0.8924,0.8061,26
44,33,1844.0,Low*Medium*NoStarvation,10,Low*Medium*NoStarvation,6.57,6.57,7,7,5,0.1923,0.0657,0.35,0.0192,-0.0329,-0.07,0.0058,0.0,-0.0971,-0.8924,-0.8931,0.8061,26
44,34,1890.0,Low*Medium*NoStarvation,20,Low*Medium*NoStarvation,6.57,15.29,7,7,10,0.2174,0.1529,0.35,0.0217,-0.0764,-0.07,0.0065,0.0,-0.1399,-0.9118,-0.915,0.8061,46
44,35,1956.0,Low*Medium*NoStarvation,30,Medium*Medium*NoStarvation,15.29,26.14,7,7,15,0.2273,0.2614,0.35,0.0227,-0.1307,-0.07,0.0068,0.0,-0.1939,-0.9768,-0.9781,0.8061,66
44,36,2022.0,Medium*Medium*NoStarvation,30,Medium*Medium*NoStarvation,26.14,27.14,7,7,15,0.2273,0.2714,0.35,0.0227,-0.1357,-0.07,0.0068,0.0,-0.1989,-0.9699,-0.9725,0.8061,66
44,37,2068.0,Medium*Medium*NoStarvation,20,Low*Medium*NoStarvation,27.14,15.14,7,7,10,0.2174,0.1514,0.35,0.0217,-0.0757,-0.07,0.0065,0.0,-0.1392,-0.9281,-0.9296,0.8061,46
44,38,2134.0,Low*Medium*NoStarvation,30,Medium*Medium*NoStarvation,15.14,25.43,7,7,16,0.2424,0.2543,0.35,0.0242,-0.1271,-0.07,0.0073,0.0,-0.1899,-0.9781,-0.9789,0.8061,66
44,39,2160.0,Medium*Medium*NoStarvation,10,Low*Medium*NoStarvation,25.43,5.86,7,6,5,0.1923,0.0586,0.3,0.0192,-0.0293,-0.06,0.0058,0.0,-0.0835,-0.8848,-0.885,0.8061,26
44,40,2256.0,Low*Medium*NoStarvation,45,Medium*Medium*NoStarvation,5.86,41.57,6,7,22,0.2292,0.4157,0.35,0.0229,-0.2079,-0.07,0.0069,0.0,-0.271,-0.9759,-0.985,0.8061,96
44,41,2282.0,Medium*Medium*NoStarvation,10,Low*Medium*NoStarvation,41.57,7.0,7,7,5,0.1923,0.07,0.35,0.0192,-0.035,-0.07,0.0058,0.0,-0.0992,-0.885,-0.8868,0.8061,26
44,42,2308.0,Low*Medium*NoStarvation,10,Low*Medium*NoStarvation,7.0,6.43,7,7,5,0.1923,0.0643,0.35,0.0192,-0.0321,-0.07,0.0058,0.0,-0.0964,-0.8931,-0.8939,0.8061,26
44,43,2354.0,Low*Medium*NoStarvation,20,Low*Medium*NoStarvation,6.43,16.0,7,7,10,0.2174,0.16,0.35,0.0217,-0.08,-0.07,0.0065,0.0,-0.1435,-0.915,-0.9183,0.8061,46
44,44,2400.0,Low*Medium*NoStarvation,20,Low*Medium*NoStarvation,16.0,16.0,7,7,10,0.2174,0.16,0.35,0.0217,-0.08,-0.07,0.0065,0.0,-0.1435,-0.9183,-0.9213,0.8061,46
44,45,2426.0,Low*Medium*NoStarvation,10,Low*Medium*NoStarvation,16.0,6.57,7,7,5,0.1923,0.0657,0.35,0.0192,-0.0329,-0.07,0.0058,0.0,-0.0971,-0.8939,-0.8946,0.8061,26
44,46,2492.0,Low*Medium*NoStarvation,30,Medium*Medium*NoStarvation,6.57,27.29,7,7,15,0.2273,0.2729,0.35,0.0227,-0.1364,-0.07,0.0068,0.0,-0.1996,-0.9789,-0.9808,0.8061,66
44,47,2588.0,Medium*Medium*NoStarvation,45,Medium*Medium*NoStarvation,27.29,43.29,7,7,22,0.2292,0.4329,0.35,0.0229,-0.2164,-0.07,0.0069,0.0,-0.2796,-1.0508,-1.0535,0.8061,96
44,48,2654.0,Medium*Medium*NoStarvation,30,Medium*Medium*NoStarvation,43.29,26.71,7,7,15,0.2273,0.2671,0.35,0.0227,-0.1336,-0.07,0.0068,0.0,-0.1968,-0.9725,-0.9747,0.8061,66
44,49,2676.0,Medium*Medium*NoStarvation,30,Low*Low*NoStarvation,26.71,0.0,7,0,8,0.1212,0.0,0.0,0.0121,-0.0,-0.0,0.0036,0.0,0.0036,-0.9747,-0.9171,0.8061,66
45,0,76.0,Low*Low*NoStarvation,10,Low*Medium*NoStarvation,0.83,6.71,2,7,11,0.4231,0.0671,0.35,0.0423,-0.0336,-0.07,0.0127,0.0,-0.0909,-0.4473,-0.4922,0.8021,26
45,1,122.0,Low*Medium*NoStarvation,20,Low*Medium*NoStarvation,6.71,15.86,7,7,20,0.4348,0.1586,0.35,0.0435,-0.0793,-0.07,0.013,0.0,-0.1362,-0.9213,-0.9233,0.8021,46
45,2,148.0,Low*Medium*NoStarvation,10,Low*Medium*NoStarvation,15.86,7.93,7,8,10,0.3846,0.0793,0.4,0.0385,-0.0396,-0.08,0.0115,0.0,-0.1081,-0.8946,-0.8965,0.8021,26
45,3,174.0,Low*Medium*NoStarvation,10,Low*Medium*NoStarvation,7.93,7.29,8,7,8,0.3077,0.0729,0.35,0.0308,-0.0364,-0.07,0.0092,0.0,-0.0972,-0.8965,-0.8972,0.8021,26
45,4,240.0,Low*Medium*NoStarvation,30,Medium*Medium*NoStarvation,7.29,27.57,7,7,30,0.4545,0.2757,0.35,0.0455,-0.1379,-0.07,0.0136,0.0,-0.1942,-0.9808,-0.982,0.8021,66
45,5,286.0,Medium*Medium*NoStarvation,20,Low*Medium*NoStarvation,27.57,14.57,7,7,20,0.4348,0.1457,0.35,0.0435,-0.0729,-0.07,0.013,0.0,-0.1298,-0.9296,-0.9304,0.8021,46
45,6,312.0,Low*Medium*NoStarvation,10,Low*Medium*NoStarvation,14.57,8.14,7,7,9,0.3462,0.0814,0.35,0.0346,-0.0407,-0.07,0.0104,0.0,-0.1003,-0.8972,-0.8983,0.8021,26
45,7,358.0,Low*Medium*NoStarvation,20,Low*Medium*NoStarvation,8.14,16.29,7,7,20,0.4348,0.1629,0.35,0.0435,-0.0814,-0.07,0.013,0.0,-0.1384,-0.9233,-0.9256,0.8021,46
45,8,384.0,Low*Medium*NoStarvation,10,Low*Medium*NoStarvation,16.29,8.14,7,7,8,0.3077,0.0814,0.35,0.0308,-0.0407,-0.07,0.0092,0.0,-0.1015,-0.8983,-0.8995,0.8021,26
45,9,430.0,Low*Medium*NoStarvation,20,Low*Medium*NoStarvation,8.14,16.11,7,8,21,0.4565,0.1611,0.4,0.0457,-0.0805,-0.08,0.0137,0.0,-0.1468,-0.9256,-0.9287,0.8021,46
45,10,496.0,Low*Medium*NoStarvation,30,Medium*Medium*NoStarvation,16.11,26.57,8,7,30,0.4545,0.2657,0.35,0.0455,-0.1329,-0.07,0.0136,0.0,-0.1892,-0.982,-0.9825,0.8021,66
45,11,542.0,Medium*Medium*NoStarvation,20,Low*Medium*NoStarvation,26.57,17.0,7,7,19,0.413,0.17,0.35,0.0413,-0.085,-0.07,0.0124,0.0,-0.1426,-0.9304,-0.9326,0.8021,46
45,12,568.0,Low*Medium*NoStarvation,10,Low*Medium*NoStarvation,17.0,5.54,7,7,11,0.4231,0.0554,0.35,0.0423,-0.0277,-0.07,0.0127,0.0,-0.085,-0.8995,-0.899,0.8021,26
45,13,594.0,Low*Medium*NoStarvation,10,Low*Medium*NoStarvation,5.54,7.57,7,7,8,0.3077,0.0757,0.35,0.0308,-0.0379,-0.07,0.0092,0.0,-0.0986,-0.899,-0.8998,0.8021,26
45,14,660.0,Low*Medium*NoStarvation,30,Medium*Medium*NoStarvation,7.57,25.14,7,7,30,0.4545,0.2514,0.35,0.0455,-0.1257,-0.07,0.0136,0.0,-0.1821,-0.9825,-0.9823,0.8021,66
45,15,706.0,Medium*Medium*NoStarvation,20,Low*Medium*NoStarvation,25.14,16.0,7,7,20,0.4348,0.16,0.35,0.0435,-0.08,-0.07,0.013,0.0,-0.137,-0.9326,-0.934,0.8021,46
45,16,772.0,Low*Medium*NoStarvation,30,Medium*Medium*NoStarvation,16.0,28.0,7,7,30,0.4545,0.28,0.35,0.0455,-0.14,-0.07,0.0136,0.0,-0.1964,-0.9823,-0.9835,0.8021,66
45,17,818.0,Medium*Medium*NoStarvation,20,Low*Medium*NoStarvation,28.0,14.0,7,7,20,0.4348,0.14,0.35,0.0435,-0.07,-0.07,0.013,0.0,-0.127,-0.934,-0.9343,0.8021,46
45,18,914.0,Low*Medium*NoStarvation,45,Medium*Medium*NoStarvation,14.0,41.71,7,7,42,0.4375,0.4171,0.35,0.0437,-0.2086,-0.07,0.0131,0.0,-0.2654,-0.985,-0.9929,0.8021,96
45,19,940.0,Medium*Medium*NoStarvation,10,Low*Medium*NoStarvation,41.71,8.86,7,7,8,0.3077,0.0886,0.35,0.0308,-0.0443,-0.07,0.0092,0.0,-0.1051,-0.8868,-0.8896,0.8021,26
45,20,1036.0,Low*Medium*NoStarvation,45,Medium*Medium*NoStarvation,8.86,40.29,7,7,37,0.3854,0.4029,0.35,0.0385,-0.2014,-0.07,0.0116,0.0,-0.2599,-0.9929,-0.9997,0.8021,96
45,21,1062.0,Medium*Medium*NoStarvation,10,Low*Medium*NoStarvation,40.29,6.71,7,7,5,0.1923,0.0671,0.35,0.0192,-0.0336,-0.07,0.0058,0.0,-0.0978,-0.8896,-0.8914,0.8021,26
45,22,1108.0,Low*Medium*NoStarvation,20,Low*Medium*NoStarvation,6.71,14.43,7,7,10,0.2174,0.1443,0.35,0.0217,-0.0721,-0.07,0.0065,0.0,-0.1356,-0.9287,-0.9304,0.8021,46
45,23,1174.0,Low*Medium*NoStarvation,30,Medium*Medium*NoStarvation,14.43,26.0,7,7,15,0.2273,0.26,0.35,0.0227,-0.13,-0.07,0.0068,0.0,-0.1932,-0.9835,-0.9847,0.8021,66
45,24,1240.0,Medium*Medium*NoStarvation,30,Medium*Medium*NoStarvation,26.0,27.0,7,7,15,0.2273,0.27,0.35,0.0227,-0.135,-0.07,0.0068,0.0,-0.1982,-0.9171,-0.9255,0.8021,66
45,25,1306.0,Medium*Medium*NoStarvation,30,Medium*Medium*NoStarvation,27.0,28.86,7,7,14,0.2121,0.2886,0.35,0.0212,-0.1443,-0.07,0.0064,0.0,-0.2079,-0.9255,-0.9339,0.8021,66
45,26,1332.0,Medium*Medium*NoStarvation,10,Low*Medium*NoStarvation,28.86,7.86,7,7,4,0.1538,0.0786,0.35,0.0154,-0.0393,-0.07,0.0046,0.0,-0.1047,-0.8914,-0.8938,0.8021,26
45,27,1398.0,Low*Medium*NoStarvation,30,Medium*Medium*NoStarvation,7.86,26.29,7,7,15,0.2273,0.2629,0.35,0.0227,-0.1314,-0.07,0.0068,0.0,-0.1946,-0.9847,-0.9861,0.8021,66
45,28,1464.0,Medium*Medium*NoStarvation,30,Medium*Medium*NoStarvation,26.29,26.57,7,7,15,0.2273,0.2657,0.35,0.0227,-0.1329,-0.07,0.0068,0.0,-0.196,-0.9339,-0.9406,0.8021,66
45,29,1490.0,Medium*Medium*NoStarvation,10,Low*Medium*NoStarvation,26.57,6.14,7,7,5,0.1923,0.0614,0.35,0.0192,-0.0307,-0.07,0.0058,0.0,-0.0949,-0.8938,-0.8949,0.8021,26
45,30,1516.0,Low*Medium*NoStarvation,10,Low*Medium*NoStarvation,6.14,7.0,7,7,5,0.1923,0.07,0.35,0.0192,-0.035,-0.07,0.0058,0.0,-0.0992,-0.8998,-0.9008,0.8021,26
45,31,1582.0,Low*Medium*NoStarvation,30,Medium*Medium*NoStarvation,7.0,27.71,7,7,15,0.2273,0.2771,0.35,0.0227,-0.1386,-0.07,0.0068,0.0,-0.2018,-0.9861,-0.9882,0.8021,66
45,32,1628.0,Medium*Medium*NoStarvation,20,Low*Medium*NoStarvation,27.71,15.86,7,7,10,0.2174,0.1586,0.35,0.0217,-0.0793,-0.07,0.0065,0.0,-0.1428,-0.9343,-0.9362,0.8021,46
45,33,1654.0,Low*Medium*NoStarvation,10,Low*Medium*NoStarvation,15.86,8.0,7,7,4,0.1538,0.08,0.35,0.0154,-0.04,-0.07,0.0046,0.0,-0.1054,-0.9008,-0.9023,0.8021,26
45,34,1700.0,Low*Medium*NoStarvation,20,Low*Medium*NoStarvation,8.0,16.14,7,7,10,0.2174,0.1614,0.35,0.0217,-0.0807,-0.07,0.0065,0.0,-0.1442,-0.9304,-0.933,0.8021,46
45,35,1746.0,Low*Medium*NoStarvation,20,Low*Medium*NoStarvation,16.14,18.14,7,7,9,0.1957,0.1814,0.35,0.0196,-0.0907,-0.07,0.0059,0.0,-0.1548,-0.933,-0.9364,0.8021,46
45,36,1792.0,Low*Medium*NoStarvation,20,Low*Medium*NoStarvation,18.14,16.14,7,7,10,0.2174,0.1614,0.35,0.0217,-0.0807,-0.07,0.0065,0.0,-0.1442,-0.9364,-0.9384,0.8021,46
45,37,1858.0,Low*Medium*NoStarvation,30,Medium*Medium*NoStarvation,16.14,27.43,7,7,15,0.2273,0.2743,0.35,0.0227,-0.1371,-0.07,0.0068,0.0,-0.2003,-0.9882,-0.99,0.8021,66
45,38,1884.0,Medium*Medium*NoStarvation,10,Low*Medium*NoStarvation,27.43,8.43,7,7,4,0.1538,0.0843,0.35,0.0154,-0.0421,-0.07,0.0046,0.0,-0.1075,-0.8949,-0.8973,0.8021,26
45,39,1910.0,Low*Medium*NoStarvation,10,Low*Medium*NoStarvation,8.43,8.71,7,7,4,0.1538,0.0871,0.35,0.0154,-0.0436,-0.07,0.0046,0.0,-0.109,-0.9023,-0.9042,0.8021,26
45,40,1976.0,Low*Medium*NoStarvation,30,Medium*Medium*NoStarvation,8.71,24.86,7,7,15,0.2273,0.2486,0.35,0.0227,-0.1243,-0.07,0.0068,0.0,-0.1875,-0.99,-0.9905,0.8021,66
45,41,2022.0,Medium*Medium*NoStarvation,20,Low*Medium*NoStarvation,24.86,16.86,7,7,10,0.2174,0.1686,0.35,0.0217,-0.0843,-0.07,0.0065,0.0,-0.1478,-0.9362,-0.9387,0.8021,46
45,42,2068.0,Low*Medium*NoStarvation,20,Low*Medium*NoStarvation,16.86,16.71,7,7,10,0.2174,0.1671,0.35,0.0217,-0.0836,-0.07,0.0065,0.0,-0.147,-0.9384,-0.9406,0.8021,46
45,43,2114.0,Low*Medium*NoStarvation,20,Low*Medium*NoStarvation,16.71,16.57,7,7,10,0.2174,0.1657,0.35,0.0217,-0.0829,-0.07,0.0065,0.0,-0.1463,-0.9406,-0.9426,0.8021,46
45,44,2180.0,Low*Medium*NoStarvation,30,Medium*Medium*NoStarvation,16.57,24.71,7,7,15,0.2273,0.2471,0.35,0.0227,-0.1236,-0.07,0.0068,0.0,-0.1868,-0.9905,-0.9909,0.8021,66
45,45,2246.0,Medium*Medium*NoStarvation,30,Medium*Medium*NoStarvation,24.71,27.43,7,7,15,0.2273,0.2743,0.35,0.0227,-0.1371,-0.07,0.0068,0.0,-0.2003,-0.9406,-0.9473,0.8021,66
45,46,2272.0,Medium*Medium*NoStarvation,10,Low*Medium*NoStarvation,27.43,5.29,7,6,5,0.1923,0.0529,0.3,0.0192,-0.0264,-0.06,0.0058,0.0,-0.0807,-0.8973,-0.897,0.8021,26
45,47,2368.0,Low*Medium*NoStarvation,45,Medium*Medium*NoStarvation,5.29,41.57,6,7,22,0.2292,0.4157,0.35,0.0229,-0.2079,-0.07,0.0069,0.0,-0.271,-0.9997,-1.0075,0.8021,96
45,48,2434.0,Medium*Medium*NoStarvation,30,Medium*Medium*NoStarvation,41.57,26.86,7,7,15,0.2273,0.2686,0.35,0.0227,-0.1343,-0.07,0.0068,0.0,-0.1975,-0.9473,-0.9531,0.8021,66
45,49,2530.0,Medium*Medium*NoStarvation,45,Medium*Medium*NoStarvation,26.86,42.86,7,7,22,0.2292,0.4286,0.35,0.0229,-0.2143,-0.07,0.0069,0.0,-0.2774,-1.0535,-1.0566,0.8021,96
45,50,2576.0,Medium*Medium*NoStarvation,20,Low*Medium*NoStarvation,42.86,17.29,7,7,10,0.2174,0.1729,0.35,0.0217,-0.0864,-0.07,0.0065,0.0,-0.1499,-0.9387,-0.9412,0.8021,46
45,51,2642.0,Low*Medium*NoStarvation,30,Medium*Medium*NoStarvation,17.29,26.57,7,7,15,0.2273,0.2657,0.35,0.0227,-0.1329,-0.07,0.0068,0.0,-0.196,-0.9909,-0.9921,0.8021,66
45,52,2668.0,Medium*Medium*NoStarvation,10,Low*Medium*NoStarvation,26.57,6.29,7,7,5,0.1923,0.0629,0.35,0.0192,-0.0314,-0.07,0.0058,0.0,-0.0957,-0.897,-0.8983,0.8021,26
45,53,2706.0,Low*Medium*NoStarvation,45,Low*Low*NoStarvation,6.29,0.0,7,0,16,0.1667,0.0,0.0,0.0167,-0.0,-0.0,0.005,0.0,0.005,-1.0075,-0.9506,0.8021,96
46,0,146.0,Low*Low*NoStarvation,45,Medium*Medium*NoStarvation,0.83,40.71,2,7,47,0.4896,0.4071,0.35,0.049,-0.2036,-0.07,0.0147,0.0,-0.2589,-0.5545,-0.6058,0.7981,96
46,1,172.0,Medium*Medium*NoStarvation,10,Low*Medium*NoStarvation,40.71,8.43,7,7,9,0.3462,0.0843,0.35,0.0346,-0.0421,-0.07,0.0104,0.0,-0.1018,-0.8983,-0.9,0.7981,26
46,2,198.0,Low*Medium*NoStarvation,10,Low*Medium*NoStarvation,8.43,5.71,7,7,9,0.3462,0.0571,0.35,0.0346,-0.0286,-0.07,0.0104,0.0,-0.0882,-0.9042,-0.9039,0.7981,26
46,3,224.0,Low*Medium*NoStarvation,10,Low*Medium*NoStarvation,5.71,7.57,7,7,9,0.3462,0.0757,0.35,0.0346,-0.0379,-0.07,0.0104,0.0,-0.0975,-0.9039,-0.9047,0.7981,26
46,4,250.0,Low*Medium*NoStarvation,10,Low*Medium*NoStarvation,7.57,9.21,7,8,8,0.3077,0.0921,0.4,0.0308,-0.0461,-0.08,0.0092,0.0,-0.1168,-0.9047,-0.9073,0.7981,26
46,5,296.0,Low*Medium*NoStarvation,20,Low*Medium*NoStarvation,9.21,18.0,8,7,18,0.3913,0.18,0.35,0.0391,-0.09,-0.07,0.0117,0.0,-0.1483,-0.9426,-0.9448,0.7981,46
46,6,392.0,Low*Medium*NoStarvation,45,Medium*Medium*NoStarvation,18.0,40.0,7,7,46,0.4792,0.4,0.35,0.0479,-0.2,-0.07,0.0144,0.0,-0.2556,-0.9506,-0.9621,0.7981,96
46,7,438.0,Medium*Medium*NoStarvation,20,Low*Medium*NoStarvation,40.0,16.71,7,7,20,0.4348,0.1671,0.35,0.0435,-0.0836,-0.07,0.013,0.0,-0.1405,-0.9412,-0.9428,0.7981,46
46,8,484.0,Low*Medium*NoStarvation,20,Low*Medium*NoStarvation,16.71,16.0,7,7,20,0.4348,0.16,0.35,0.0435,-0.08,-0.07,0.013,0.0,-0.137,-0.9448,-0.9457,0.7981,46
46,9,530.0,Low*Medium*NoStarvation,20,Low*Medium*NoStarvation,16.0,16.0,7,7,19,0.413,0.16,0.35,0.0413,-0.08,-0.07,0.0124,0.0,-0.1376,-0.9457,-0.9465,0.7981,46
46,10,576.0,Low*Medium*NoStarvation,20,Low*Medium*NoStarvation,16.0,15.71,7,7,21,0.4565,0.1571,0.35,0.0457,-0.0786,-0.07,0.0137,0.0,-0.1349,-0.9465,-0.947,0.7981,46
46,11,602.0,Low*Medium*NoStarvation,10,Low*Medium*NoStarvation,15.71,7.71,7,7,9,0.3462,0.0771,0.35,0.0346,-0.0386,-0.07,0.0104,0.0,-0.0982,-0.9073,-0.908,0.7981,26
46,12,698.0,Low*Medium*NoStarvation,45,Medium*Medium*NoStarvation,7.71,41.0,7,7,41,0.4271,0.41,0.35,0.0427,-0.205,-0.07,0.0128,0.0,-0.2622,-0.9621,-0.9731,0.7981,96
46,13,724.0,Medium*Medium*NoStarvation,10,Low*Medium*NoStarvation,41.0,6.86,7,7,10,0.3846,0.0686,0.35,0.0385,-0.0343,-0.07,0.0115,0.0,-0.0927,-0.9,-0.901,0.7981,26
46,14,820.0,Low*Medium*NoStarvation,45,Medium*Medium*NoStarvation,6.86,40.0,7,7,43,0.4479,0.4,0.35,0.0448,-0.2,-0.07,0.0134,0.0,-0.2566,-0.9731,-0.9825,0.7981,96
46,15,886.0,Medium*Medium*NoStarvation,30,Medium*Medium*NoStarvation,40.0,26.14,7,7,28,0.4242,0.2614,0.35,0.0424,-0.1307,-0.07,0.0127,0.0,-0.188,-0.9531,-0.9576,0.7981,66
46,16,932.0,Medium*Medium*NoStarvation,20,Low*Medium*NoStarvation,26.14,16.29,7,7,19,0.413,0.1629,0.35,0.0413,-0.0814,-0.07,0.0124,0.0,-0.139,-0.9428,-0.9442,0.7981,46
46,17,958.0,Low*Medium*NoStarvation,10,Low*Medium*NoStarvation,16.29,7.43,7,7,9,0.3462,0.0743,0.35,0.0346,-0.0371,-0.07,0.0104,0.0,-0.0968,-0.908,-0.9086,0.7981,26
46,18,984.0,Low*Medium*NoStarvation,10,Low*Medium*NoStarvation,7.43,7.86,7,7,8,0.3077,0.0786,0.35,0.0308,-0.0393,-0.07,0.0092,0.0,-0.1001,-0.9086,-0.9096,0.7981,26
46,19,1010.0,Low*Medium*NoStarvation,10,Low*Medium*NoStarvation,7.86,8.86,7,7,9,0.3462,0.0886,0.35,0.0346,-0.0443,-0.07,0.0104,0.0,-0.1039,-0.9096,-0.9108,0.7981,26
46,20,1036.0,Low*Medium*NoStarvation,10,Low*Medium*NoStarvation,8.86,5.86,7,6,6,0.2308,0.0586,0.3,0.0231,-0.0293,-0.06,0.0069,0.0,-0.0824,-0.9108,-0.91,0.7981,26
46,21,1132.0,Low*Medium*NoStarvation,45,Medium*Medium*NoStarvation,5.86,41.0,6,7,23,0.2396,0.41,0.35,0.024,-0.205,-0.07,0.0072,0.0,-0.2678,-0.9825,-0.9921,0.7981,96
46,22,1158.0,Medium*Medium*NoStarvation,10,Low*Medium*NoStarvation,41.0,6.71,7,7,5,0.1923,0.0671,0.35,0.0192,-0.0336,-0.07,0.0058,0.0,-0.0978,-0.901,-0.9026,0.7981,26
46,23,1184.0,Low*Medium*NoStarvation,10,Low*Medium*NoStarvation,6.71,7.0,7,7,5,0.1923,0.07,0.35,0.0192,-0.035,-0.07,0.0058,0.0,-0.0992,-0.91,-0.9108,0.7981,26
46,24,1280.0,Low*Medium*NoStarvation,45,Medium*Medium*NoStarvation,7.0,42.57,7,7,22,0.2292,0.4257,0.35,0.0229,-0.2129,-0.07,0.0069,0.0,-0.276,-0.9921,-1.0018,0.7981,96
46,25,1346.0,Medium*Medium*NoStarvation,30,Medium*Medium*NoStarvation,42.57,26.0,7,7,15,0.2273,0.26,0.35,0.0227,-0.13,-0.07,0.0068,0.0,-0.1932,-0.9576,-0.9624,0.7981,66
46,26,1442.0,Medium*Medium*NoStarvation,45,Medium*Medium*NoStarvation,26.0,39.86,7,7,23,0.2396,0.3986,0.35,0.024,-0.1993,-0.07,0.0072,0.0,-0.2621,-1.0566,-1.0584,0.7981,96
46,27,1538.0,Medium*Medium*NoStarvation,45,Medium*Medium*NoStarvation,39.86,41.71,7,7,22,0.2292,0.4171,0.35,0.0229,-0.2086,-0.07,0.0069,0.0,-0.2717,-1.0584,-1.061,0.7981,96
46,28,1604.0,Medium*Medium*NoStarvation,30,Medium*Medium*NoStarvation,41.71,26.29,7,7,15,0.2273,0.2629,0.35,0.0227,-0.1314,-0.07,0.0068,0.0,-0.1946,-0.9624,-0.9669,0.7981,66
46,29,1700.0,Medium*Medium*NoStarvation,45,Medium*Medium*NoStarvation,26.29,39.29,7,7,23,0.2396,0.3929,0.35,0.024,-0.1964,-0.07,0.0072,0.0,-0.2592,-1.061,-1.062,0.7981,96
46,30,1766.0,Medium*Medium*NoStarvation,30,Medium*Medium*NoStarvation,39.29,26.29,7,7,15,0.2273,0.2629,0.35,0.0227,-0.1314,-0.07,0.0068,0.0,-0.1946,-0.9669,-0.9709,0.7981,66
46,31,1832.0,Medium*Medium*NoStarvation,30,Medium*Medium*NoStarvation,26.29,26.14,7,7,15,0.2273,0.2614,0.35,0.0227,-0.1307,-0.07,0.0068,0.0,-0.1939,-0.9709,-0.9744,0.7981,66
46,32,1858.0,Medium*Medium*NoStarvation,10,Low*Medium*NoStarvation,26.14,5.57,7,7,5,0.1923,0.0557,0.35,0.0192,-0.0279,-0.07,0.0058,0.0,-0.0921,-0.9026,-0.9035,0.7981,26
46,33,1904.0,Low*Medium*NoStarvation,20,Low*Medium*NoStarvation,5.57,16.43,7,7,10,0.2174,0.1643,0.35,0.0217,-0.0821,-0.07,0.0065,0.0,-0.1456,-0.947,-0.9488,0.7981,46
46,34,1930.0,Low*Medium*NoStarvation,10,Low*Medium*NoStarvation,16.43,5.86,7,7,5,0.1923,0.0586,0.35,0.0192,-0.0293,-0.07,0.0058,0.0,-0.0935,-0.9108,-0.911,0.7981,26
46,35,1956.0,Low*Medium*NoStarvation,10,Low*Medium*NoStarvation,5.86,5.43,7,6,5,0.1923,0.0543,0.3,0.0192,-0.0271,-0.06,0.0058,0.0,-0.0814,-0.911,-0.9101,0.7981,26
46,36,1982.0,Low*Medium*NoStarvation,10,Low*Medium*NoStarvation,5.43,7.57,6,7,5,0.1923,0.0757,0.35,0.0192,-0.0379,-0.07,0.0058,0.0,-0.1021,-0.9101,-0.9112,0.7981,26
46,37,2078.0,Low*Medium*NoStarvation,45,Medium*Medium*NoStarvation,7.57,40.0,7,7,23,0.2396,0.4,0.35,0.024,-0.2,-0.07,0.0072,0.0,-0.2628,-1.0018,-1.0092,0.7981,96
46,38,2144.0,Medium*Medium*NoStarvation,30,Medium*Medium*NoStarvation,40.0,25.43,7,7,15,0.2273,0.2543,0.35,0.0227,-0.1271,-0.07,0.0068,0.0,-0.1903,-0.9744,-0.9773,0.7981,66
46,39,2190.0,Medium*Medium*NoStarvation,20,Low*Medium*NoStarvation,25.43,15.0,7,7,10,0.2174,0.15,0.35,0.0217,-0.075,-0.07,0.0065,0.0,-0.1385,-0.9442,-0.9456,0.7981,46
46,40,2286.0,Low*Medium*NoStarvation,45,Medium*Medium*NoStarvation,15.0,40.71,7,7,23,0.2396,0.4071,0.35,0.024,-0.2036,-0.07,0.0072,0.0,-0.2664,-1.0092,-1.0162,0.7981,96
46,41,2312.0,Medium*Medium*NoStarvation,10,Low*Medium*NoStarvation,40.71,5.86,7,7,5,0.1923,0.0586,0.35,0.0192,-0.0293,-0.07,0.0058,0.0,-0.0935,-0.9035,-0.9045,0.7981,26
46,42,2358.0,Low*Medium*NoStarvation,20,Low*Medium*NoStarvation,5.86,16.29,7,7,10,0.2174,0.1629,0.35,0.0217,-0.0814,-0.07,0.0065,0.0,-0.1449,-0.9488,-0.9504,0.7981,46
46,43,2384.0,Low*Medium*NoStarvation,10,Low*Medium*NoStarvation,16.29,7.0,7,7,5,0.1923,0.07,0.35,0.0192,-0.035,-0.07,0.0058,0.0,-0.0992,-0.9112,-0.912,0.7981,26
46,44,2480.0,Low*Medium*NoStarvation,45,Medium*Medium*NoStarvation,7.0,40.14,7,7,23,0.2396,0.4014,0.35,0.024,-0.2007,-0.07,0.0072,0.0,-0.2635,-1.0162,-1.0224,0.7981,96
46,45,2526.0,Medium*Medium*NoStarvation,20,Low*Medium*NoStarvation,40.14,16.29,7,7,10,0.2174,0.1629,0.35,0.0217,-0.0814,-0.07,0.0065,0.0,-0.1449,-0.9456,-0.9476,0.7981,46
46,46,2552.0,Low*Medium*NoStarvation,10,Low*Medium*NoStarvation,16.29,7.14,7,7,5,0.1923,0.0714,0.35,0.0192,-0.0357,-0.07,0.0058,0.0,-0.0999,-0.912,-0.9129,0.7981,26
46,47,2618.0,Low*Medium*NoStarvation,30,Medium*Medium*NoStarvation,7.14,27.71,7,7,15,0.2273,0.2771,0.35,0.0227,-0.1386,-0.07,0.0068,0.0,-0.2018,-0.9921,-0.9945,0.7981,66
46,48,2655.0,Medium*Medium*NoStarvation,45,Low*Low*NoStarvation,27.71,0.0,7,0,16,0.1667,0.0,0.0,0.0167,-0.0,-0.0,0.005,0.0,0.005,-1.062,-0.9996,0.7981,96
47,0,146.0,Low*Low*NoStarvation,45,Medium*Medium*NoStarvation,0.83,40.71,2,7,47,0.4896,0.4071,0.35,0.049,-0.2036,-0.07,0.0147,0.0,-0.2589,-0.6058,-0.6525,0.7941,96
47,1,212.0,Medium*Medium*NoStarvation,30,Medium*Medium*NoStarvation,40.71,27.29,7,7,30,0.4545,0.2729,0.35,0.0455,-0.1364,-0.07,0.0136,0.0,-0.1928,-0.9773,-0.9803,0.7941,66
47,2,308.0,Medium*Medium*NoStarvation,45,Medium*Medium*NoStarvation,27.29,41.57,7,7,45,0.4688,0.4157,0.35,0.0469,-0.2079,-0.07,0.0141,0.0,-0.2638,-0.9996,-1.0074,0.7941,96
47,3,374.0,Medium*Medium*NoStarvation,30,Medium*Medium*NoStarvation,41.57,26.43,7,7,28,0.4242,0.2643,0.35,0.0424,-0.1321,-0.07,0.0127,0.0,-0.1894,-0.9803,-0.9826,0.7941,66
47,4,400.0,Medium*Medium*NoStarvation,10,Low*Medium*NoStarvation,26.43,6.14,7,7,8,0.3077,0.0614,0.35,0.0308,-0.0307,-0.07,0.0092,0.0,-0.0915,-0.9045,-0.9054,0.7941,26
47,5,496.0,Low*Medium*NoStarvation,45,Medium*Medium*NoStarvation,6.14,39.57,7,7,44,0.4583,0.3957,0.35,0.0458,-0.1979,-0.07,0.0137,0.0,-0.2541,-1.0224,-1.027,0.7941,96
47,6,522.0,Medium*Medium*NoStarvation,10,Low*Medium*NoStarvation,39.57,6.43,7,7,10,0.3846,0.0643,0.35,0.0385,-0.0321,-0.07,0.0115,0.0,-0.0906,-0.9054,-0.906,0.7941,26
47,7,618.0,Low*Medium*NoStarvation,45,Medium*Medium*NoStarvation,6.43,41.86,7,7,42,0.4375,0.4186,0.35,0.0437,-0.2093,-0.07,0.0131,0.0,-0.2662,-1.027,-1.0325,0.7941,96
47,8,644.0,Medium*Medium*NoStarvation,10,Low*Medium*NoStarvation,41.86,6.43,7,7,9,0.3462,0.0643,0.35,0.0346,-0.0321,-0.07,0.0104,0.0,-0.0918,-0.906,-0.9068,0.7941,26
47,9,670.0,Low*Medium*NoStarvation,10,Low*Medium*NoStarvation,6.43,6.71,7,7,9,0.3462,0.0671,0.35,0.0346,-0.0336,-0.07,0.0104,0.0,-0.0932,-0.9129,-0.9131,0.7941,26
47,10,696.0,Low*Medium*NoStarvation,10,Low*Medium*NoStarvation,6.71,7.0,7,7,10,0.3846,0.07,0.35,0.0385,-0.035,-0.07,0.0115,0.0,-0.0935,-0.9131,-0.9133,0.7941,26
47,11,722.0,Low*Medium*NoStarvation,10,Low*Medium*NoStarvation,7.0,7.43,7,7,9,0.3462,0.0743,0.35,0.0346,-0.0371,-0.07,0.0104,0.0,-0.0968,-0.9133,-0.9138,0.7941,26
47,12,788.0,Low*Medium*NoStarvation,30,Medium*Medium*NoStarvation,7.43,25.43,7,7,30,0.4545,0.2543,0.35,0.0455,-0.1271,-0.07,0.0136,0.0,-0.1835,-0.9945,-0.995,0.7941,66
47,13,814.0,Medium*Medium*NoStarvation,10,Low*Medium*NoStarvation,25.43,8.57,7,8,8,0.3077,0.0857,0.4,0.0308,-0.0429,-0.08,0.0092,0.0,-0.1136,-0.9068,-0.9097,0.7941,26
47,14,910.0,Low*Medium*NoStarvation,45,Medium*Medium*NoStarvation,8.57,40.0,8,7,43,0.4479,0.4,0.35,0.0448,-0.2,-0.07,0.0134,0.0,-0.2566,-1.0325,-1.0368,0.7941,96
47,15,976.0,Medium*Medium*NoStarvation,30,Medium*Medium*NoStarvation,40.0,27.0,7,7,28,0.4242,0.27,0.35,0.0424,-0.135,-0.07,0.0127,0.0,-0.1923,-0.9826,-0.9854,0.7941,66
47,16,1072.0,Medium*Medium*NoStarvation,45,Medium*Medium*NoStarvation,27.0,40.86,7,7,29,0.3021,0.4086,0.35,0.0302,-0.2043,-0.07,0.0091,0.0,-0.2652,-1.0074,-1.0151,0.7941,96
47,17,1118.0,Medium*Medium*NoStarvation,20,Low*Medium*NoStarvation,40.86,17.0,7,7,10,0.2174,0.17,0.35,0.0217,-0.085,-0.07,0.0065,0.0,-0.1485,-0.9476,-0.9499,0.7941,46
47,18,1214.0,Low*Medium*NoStarvation,45,Medium*Medium*NoStarvation,17.0,39.57,7,7,23,0.2396,0.3957,0.35,0.024,-0.1979,-0.07,0.0072,0.0,-0.2607,-1.0368,-1.041,0.7941,96
47,19,1260.0,Medium*Medium*NoStarvation,20,Low*Medium*NoStarvation,39.57,17.57,7,7,10,0.2174,0.1757,0.35,0.0217,-0.0879,-0.07,0.0065,0.0,-0.1513,-0.9499,-0.9523,0.7941,46
47,20,1286.0,Low*Medium*NoStarvation,10,Low*Medium*NoStarvation,17.57,8.57,7,7,4,0.1538,0.0857,0.35,0.0154,-0.0429,-0.07,0.0046,0.0,-0.1082,-0.9138,-0.9155,0.7941,26
47,21,1332.0,Low*Medium*NoStarvation,20,Low*Medium*NoStarvation,8.57,15.14,7,7,10,0.2174,0.1514,0.35,0.0217,-0.0757,-0.07,0.0065,0.0,-0.1392,-0.9504,-0.9517,0.7941,46
47,22,1358.0,Low*Medium*NoStarvation,10,Low*Medium*NoStarvation,15.14,6.57,7,7,5,0.1923,0.0657,0.35,0.0192,-0.0329,-0.07,0.0058,0.0,-0.0971,-0.9155,-0.9161,0.7941,26
47,23,1404.0,Low*Medium*NoStarvation,20,Low*Medium*NoStarvation,6.57,16.43,7,7,10,0.2174,0.1643,0.35,0.0217,-0.0821,-0.07,0.0065,0.0,-0.1456,-0.9517,-0.9536,0.7941,46
47,24,1470.0,Low*Medium*NoStarvation,30,Medium*Medium*NoStarvation,16.43,25.0,7,7,15,0.2273,0.25,0.35,0.0227,-0.125,-0.07,0.0068,0.0,-0.1882,-0.995,-0.9962,0.7941,66
47,25,1496.0,Medium*Medium*NoStarvation,10,Low*Medium*NoStarvation,25.0,4.71,7,6,5,0.1923,0.0471,0.3,0.0192,-0.0236,-0.06,0.0058,0.0,-0.0778,-0.9097,-0.909,0.7941,26
47,26,1522.0,Low*Medium*NoStarvation,10,Low*Medium*NoStarvation,4.71,6.57,6,7,5,0.1923,0.0657,0.35,0.0192,-0.0329,-0.07,0.0058,0.0,-0.0971,-0.9161,-0.9166,0.7941,26
47,27,1588.0,Low*Medium*NoStarvation,30,Medium*Medium*NoStarvation,6.57,26.29,7,7,15,0.2273,0.2629,0.35,0.0227,-0.1314,-0.07,0.0068,0.0,-0.1946,-0.9962,-0.9978,0.7941,66
47,28,1614.0,Medium*Medium*NoStarvation,10,Low*Medium*NoStarvation,26.29,6.71,7,7,4,0.1538,0.0671,0.35,0.0154,-0.0336,-0.07,0.0046,0.0,-0.099,-0.909,-0.9105,0.7941,26
47,29,1710.0,Low*Medium*NoStarvation,45,Medium*Medium*NoStarvation,6.71,42.14,7,7,22,0.2292,0.4214,0.35,0.0229,-0.2107,-0.07,0.0069,0.0,-0.2738,-1.041,-1.0462,0.7941,96
47,30,1776.0,Medium*Medium*NoStarvation,30,Medium*Medium*NoStarvation,42.14,24.86,7,7,15,0.2273,0.2486,0.35,0.0227,-0.1243,-0.07,0.0068,0.0,-0.1875,-0.9854,-0.9876,0.7941,66
47,31,1802.0,Medium*Medium*NoStarvation,10,Low*Medium*NoStarvation,24.86,9.14,7,7,4,0.1538,0.0914,0.35,0.0154,-0.0457,-0.07,0.0046,0.0,-0.1111,-0.9105,-0.913,0.7941,26
47,32,1828.0,Low*Medium*NoStarvation,10,Low*Medium*NoStarvation,9.14,5.14,7,7,5,0.1923,0.0514,0.35,0.0192,-0.0257,-0.07,0.0058,0.0,-0.0899,-0.9166,-0.9164,0.7941,26
47,33,1854.0,Low*Medium*NoStarvation,10,Low*Medium*NoStarvation,5.14,6.43,7,7,5,0.1923,0.0643,0.35,0.0192,-0.0321,-0.07,0.0058,0.0,-0.0964,-0.9164,-0.9169,0.7941,26
47,34,1920.0,Low*Medium*NoStarvation,30,Medium*Medium*NoStarvation,6.43,27.29,7,7,15,0.2273,0.2729,0.35,0.0227,-0.1364,-0.07,0.0068,0.0,-0.1996,-0.9978,-1.0002,0.7941,66
47,35,1986.0,Medium*Medium*NoStarvation,30,Medium*Medium*NoStarvation,27.29,25.29,7,7,15,0.2273,0.2529,0.35,0.0227,-0.1264,-0.07,0.0068,0.0,-0.1896,-0.9876,-0.99,0.7941,66
47,36,2012.0,Medium*Medium*NoStarvation,10,Low*Medium*NoStarvation,25.29,6.29,7,7,5,0.1923,0.0629,0.35,0.0192,-0.0314,-0.07,0.0058,0.0,-0.0957,-0.913,-0.9138,0.7941,26
47,37,2058.0,Low*Medium*NoStarvation,20,Low*Medium*NoStarvation,6.29,16.57,7,7,10,0.2174,0.1657,0.35,0.0217,-0.0829,-0.07,0.0065,0.0,-0.1463,-0.9536,-0.9553,0.7941,46
47,38,2084.0,Low*Medium*NoStarvation,10,Low*Medium*NoStarvation,16.57,8.71,7,7,4,0.1538,0.0871,0.35,0.0154,-0.0436,-0.07,0.0046,0.0,-0.109,-0.9169,-0.9186,0.7941,26
47,39,2110.0,Low*Medium*NoStarvation,10,Low*Medium*NoStarvation,8.71,7.57,7,7,4,0.1538,0.0757,0.35,0.0154,-0.0379,-0.07,0.0046,0.0,-0.1032,-0.9186,-0.9198,0.7941,26
47,40,2136.0,Low*Medium*NoStarvation,10,Low*Medium*NoStarvation,7.57,5.29,7,6,5,0.1923,0.0529,0.3,0.0192,-0.0264,-0.06,0.0058,0.0,-0.0807,-0.9198,-0.9186,0.7941,26
47,41,2202.0,Low*Medium*NoStarvation,30,Medium*Medium*NoStarvation,5.29,26.0,6,7,15,0.2273,0.26,0.35,0.0227,-0.13,-0.07,0.0068,0.0,-0.1932,-1.0002,-1.0017,0.7941,66
47,42,2248.0,Medium*Medium*NoStarvation,20,Low*Medium*NoStarvation,26.0,16.71,7,7,10,0.2174,0.1671,0.35,0.0217,-0.0836,-0.07,0.0065,0.0,-0.147,-0.9523,-0.9545,0.7941,46
47,43,2294.0,Low*Medium*NoStarvation,20,Low*Medium*NoStarvation,16.71,16.43,7,7,10,0.2174,0.1643,0.35,0.0217,-0.0821,-0.07,0.0065,0.0,-0.1456,-0.9553,-0.9571,0.7941,46
47,44,2390.0,Low*Medium*NoStarvation,45,Medium*Medium*NoStarvation,16.43,41.0,7,7,22,0.2292,0.41,0.35,0.0229,-0.205,-0.07,0.0069,0.0,-0.2681,-1.0462,-1.0507,0.7941,96
47,45,2436.0,Medium*Medium*NoStarvation,20,Low*Medium*NoStarvation,41.0,18.43,7,7,9,0.1957,0.1843,0.35,0.0196,-0.0921,-0.07,0.0059,0.0,-0.1563,-0.9545,-0.9573,0.7941,46
47,46,2462.0,Low*Medium*NoStarvation,10,Low*Medium*NoStarvation,18.43,6.71,7,7,5,0.1923,0.0671,0.35,0.0192,-0.0336,-0.07,0.0058,0.0,-0.0978,-0.9186,-0.9192,0.7941,26
47,47,2528.0,Low*Medium*NoStarvation,30,Medium*Medium*NoStarvation,6.71,27.0,7,7,15,0.2273,0.27,0.35,0.0227,-0.135,-0.07,0.0068,0.0,-0.1982,-1.0017,-1.0036,0.7941,66
47,48,2594.0,Medium*Medium*NoStarvation,30,Medium*Medium*NoStarvation,27.0,27.29,7,7,15,0.2273,0.2729,0.35,0.0227,-0.1364,-0.07,0.0068,0.0,-0.1996,-0.99,-0.9932,0.7941,66
47,49,2640.0,Medium*Medium*NoStarvation,20,Low*Medium*NoStarvation,27.29,16.57,7,7,10,0.2174,0.1657,0.35,0.0217,-0.0829,-0.07,0.0065,0.0,-0.1463,-0.9573,-0.959,0.7941,46
47,50,2679.0,Low*Medium*NoStarvation,45,Low*Low*NoStarvation,16.57,0.0,7,0,16,0.1667,0.0,0.0,0.0167,-0.0,-0.0,0.005,0.0,0.005,-1.0507,-0.9894,0.7941,96
48,0,146.0,Low*Low*NoStarvation,45,Medium*Medium*NoStarvation,0.83,40.71,2,7,47,0.4896,0.4071,0.35,0.049,-0.2036,-0.07,0.0147,0.0,-0.2589,-0.6525,-0.6954,0.7901,96
48,1,242.0,Medium*Medium*NoStarvation,45,Medium*Medium*NoStarvation,40.71,40.14,7,7,45,0.4688,0.4014,0.35,0.0469,-0.2007,-0.07,0.0141,0.0,-0.2567,-1.0151,-1.0215,0.7901,96
48,2,288.0,Medium*Medium*NoStarvation,20,Low*Medium*NoStarvation,40.14,16.0,7,7,21,0.4565,0.16,0.35,0.0457,-0.08,-0.07,0.0137,0.0,-0.1363,-0.959,-0.9594,0.7901,46
48,3,314.0,Low*Medium*NoStarvation,10,Low*Medium*NoStarvation,16.0,6.43,7,7,8,0.3077,0.0643,0.35,0.0308,-0.0321,-0.07,0.0092,0.0,-0.0929,-0.9192,-0.9193,0.7901,26
48,4,340.0,Low*Medium*NoStarvation,10,Low*Medium*NoStarvation,6.43,6.43,7,7,10,0.3846,0.0643,0.35,0.0385,-0.0321,-0.07,0.0115,0.0,-0.0906,-0.9193,-0.9192,0.7901,26
48,5,386.0,Low*Medium*NoStarvation,20,Low*Medium*NoStarvation,6.43,16.57,7,7,20,0.4348,0.1657,0.35,0.0435,-0.0829,-0.07,0.013,0.0,-0.1398,-0.9571,-0.9581,0.7901,46
48,6,412.0,Low*Medium*NoStarvation,10,Low*Medium*NoStarvation,16.57,6.76,7,8,9,0.3462,0.0676,0.4,0.0346,-0.0338,-0.08,0.0104,0.0,-0.1034,-0.9192,-0.9203,0.7901,26
48,7,508.0,Low*Medium*NoStarvation,45,Medium*Medium*NoStarvation,6.76,40.0,8,7,45,0.4688,0.4,0.35,0.0469,-0.2,-0.07,0.0141,0.0,-0.2559,-0.9894,-0.9983,0.7901,96
48,8,554.0,Medium*Medium*NoStarvation,20,Low*Medium*NoStarvation,40.0,16.43,7,7,19,0.413,0.1643,0.35,0.0413,-0.0821,-0.07,0.0124,0.0,-0.1398,-0.9594,-0.9603,0.7901,46
48,9,650.0,Low*Medium*NoStarvation,45,Medium*Medium*NoStarvation,16.43,40.71,7,7,42,0.4375,0.4071,0.35,0.0437,-0.2036,-0.07,0.0131,0.0,-0.2604,-0.9983,-1.0068,0.7901,96
48,10,676.0,Medium*Medium*NoStarvation,10,Low*Medium*NoStarvation,40.71,7.19,7,8,7,0.2692,0.0719,0.4,0.0269,-0.036,-0.08,0.0081,0.0,-0.1079,-0.9138,-0.916,0.7901,26
48,11,772.0,Low*Medium*NoStarvation,45,Medium*Medium*NoStarvation,7.19,41.43,8,7,44,0.4583,0.4143,0.35,0.0458,-0.2071,-0.07,0.0137,0.0,-0.2634,-1.0068,-1.0149,0.7901,96
48,12,798.0,Medium*Medium*NoStarvation,10,Low*Medium*NoStarvation,41.43,6.71,7,7,10,0.3846,0.0671,0.35,0.0385,-0.0336,-0.07,0.0115,0.0,-0.092,-0.916,-0.9165,0.7901,26
48,13,824.0,Low*Medium*NoStarvation,10,Low*Medium*NoStarvation,6.71,6.43,7,7,10,0.3846,0.0643,0.35,0.0385,-0.0321,-0.07,0.0115,0.0,-0.0906,-0.9203,-0.9202,0.7901,26
48,14,850.0,Low*Medium*NoStarvation,10,Low*Medium*NoStarvation,6.43,7.29,7,7,10,0.3846,0.0729,0.35,0.0385,-0.0364,-0.07,0.0115,0.0,-0.0949,-0.9202,-0.9205,0.7901,26
48,15,876.0,Low*Medium*NoStarvation,10,Low*Medium*NoStarvation,7.29,7.0,7,7,10,0.3846,0.07,0.35,0.0385,-0.035,-0.07,0.0115,0.0,-0.0935,-0.9205,-0.9206,0.7901,26
48,16,922.0,Low*Medium*NoStarvation,20,Low*Medium*NoStarvation,7.0,17.43,7,7,20,0.4348,0.1743,0.35,0.0435,-0.0871,-0.07,0.013,0.0,-0.1441,-0.9581,-0.9595,0.7901,46
48,17,988.0,Low*Medium*NoStarvation,30,Medium*Medium*NoStarvation,17.43,26.43,7,7,28,0.4242,0.2643,0.35,0.0424,-0.1321,-0.07,0.0127,0.0,-0.1894,-1.0036,-1.0047,0.7901,66
48,18,1014.0,Medium*Medium*NoStarvation,10,Low*Medium*NoStarvation,26.43,6.86,7,7,9,0.3462,0.0686,0.35,0.0346,-0.0343,-0.07,0.0104,0.0,-0.0939,-0.9165,-0.9171,0.7901,26
48,19,1040.0,Low*Medium*NoStarvation,10,Low*Medium*NoStarvation,6.86,6.0,7,7,5,0.1923,0.06,0.35,0.0192,-0.03,-0.07,0.0058,0.0,-0.0942,-0.9206,-0.9208,0.7901,26
48,20,1106.0,Low*Medium*NoStarvation,30,Medium*Medium*NoStarvation,6.0,25.29,7,7,16,0.2424,0.2529,0.35,0.0242,-0.1264,-0.07,0.0073,0.0,-0.1892,-1.0047,-1.0057,0.7901,66
48,21,1172.0,Medium*Medium*NoStarvation,30,Medium*Medium*NoStarvation,25.29,27.14,7,7,14,0.2121,0.2714,0.35,0.0212,-0.1357,-0.07,0.0064,0.0,-0.1994,-0.9932,-0.9963,0.7901,66
48,22,1268.0,Medium*Medium*NoStarvation,45,Medium*Medium*NoStarvation,27.14,41.43,7,7,23,0.2396,0.4143,0.35,0.024,-0.2071,-0.07,0.0072,0.0,-0.27,-1.0215,-1.0289,0.7901,96
48,23,1294.0,Medium*Medium*NoStarvation,10,Low*Medium*NoStarvation,41.43,6.71,7,7,5,0.1923,0.0671,0.35,0.0192,-0.0336,-0.07,0.0058,0.0,-0.0978,-0.9171,-0.918,0.7901,26
48,24,1340.0,Low*Medium*NoStarvation,20,Low*Medium*NoStarvation,6.71,16.14,7,7,10,0.2174,0.1614,0.35,0.0217,-0.0807,-0.07,0.0065,0.0,-0.1442,-0.9595,-0.9609,0.7901,46
48,25,1366.0,Low*Medium*NoStarvation,10,Low*Medium*NoStarvation,16.14,9.57,7,7,4,0.1538,0.0957,0.35,0.0154,-0.0479,-0.07,0.0046,0.0,-0.1132,-0.9208,-0.923,0.7901,26
48,26,1462.0,Low*Medium*NoStarvation,45,Medium*Medium*NoStarvation,9.57,41.0,7,7,22,0.2292,0.41,0.35,0.0229,-0.205,-0.07,0.0069,0.0,-0.2681,-1.0149,-1.0228,0.7901,96
48,27,1528.0,Medium*Medium*NoStarvation,30,Medium*Medium*NoStarvation,41.0,26.0,7,7,15,0.2273,0.26,0.35,0.0227,-0.13,-0.07,0.0068,0.0,-0.1932,-0.9963,-0.9986,0.7901,66
48,28,1554.0,Medium*Medium*NoStarvation,10,Low*Medium*NoStarvation,26.0,6.43,7,7,5,0.1923,0.0643,0.35,0.0192,-0.0321,-0.07,0.0058,0.0,-0.0964,-0.918,-0.9189,0.7901,26
48,29,1580.0,Low*Medium*NoStarvation,10,Low*Medium*NoStarvation,6.43,8.86,7,7,4,0.1538,0.0886,0.35,0.0154,-0.0443,-0.07,0.0046,0.0,-0.1097,-0.923,-0.9247,0.7901,26
48,30,1606.0,Low*Medium*NoStarvation,10,Low*Medium*NoStarvation,8.86,8.14,7,7,4,0.1538,0.0814,0.35,0.0154,-0.0407,-0.07,0.0046,0.0,-0.1061,-0.9247,-0.9261,0.7901,26
48,31,1672.0,Low*Medium*NoStarvation,30,Medium*Medium*NoStarvation,8.14,25.0,7,7,15,0.2273,0.25,0.35,0.0227,-0.125,-0.07,0.0068,0.0,-0.1882,-1.0057,-1.0066,0.7901,66
48,32,1698.0,Medium*Medium*NoStarvation,10,Low*Medium*NoStarvation,25.0,7.86,7,7,4,0.1538,0.0786,0.35,0.0154,-0.0393,-0.07,0.0046,0.0,-0.1047,-0.9189,-0.9208,0.7901,26
48,33,1724.0,Low*Medium*NoStarvation,10,Low*Medium*NoStarvation,7.86,7.71,7,7,4,0.1538,0.0771,0.35,0.0154,-0.0386,-0.07,0.0046,0.0,-0.104,-0.9261,-0.9272,0.7901,26
48,34,1770.0,Low*Medium*NoStarvation,20,Low*Medium*NoStarvation,7.71,17.29,7,7,10,0.2174,0.1729,0.35,0.0217,-0.0864,-0.07,0.0065,0.0,-0.1499,-0.9609,-0.9632,0.7901,46
48,35,1796.0,Low*Medium*NoStarvation,10,Low*Medium*NoStarvation,17.29,8.14,7,7,4,0.1538,0.0814,0.35,0.0154,-0.0407,-0.07,0.0046,0.0,-0.1061,-0.9272,-0.9285,0.7901,26
48,36,1822.0,Low*Medium*NoStarvation,10,Low*Medium*NoStarvation,8.14,8.29,7,7,4,0.1538,0.0829,0.35,0.0154,-0.0414,-0.07,0.0046,0.0,-0.1068,-0.9285,-0.9299,0.7901,26
48,37,1848.0,Low*Medium*NoStarvation,10,Low*Medium*NoStarvation,8.29,6.57,7,7,5,0.1923,0.0657,0.35,0.0192,-0.0329,-0.07,0.0058,0.0,-0.0971,-0.9299,-0.9303,0.7901,26
48,38,1874.0,Low*Medium*NoStarvation,10,Low*Medium*NoStarvation,6.57,7.71,7,7,4,0.1538,0.0771,0.35,0.0154,-0.0386,-0.07,0.0046,0.0,-0.104,-0.9303,-0.9314,0.7901,26
48,39,1900.0,Low*Medium*NoStarvation,10,Low*Medium*NoStarvation,7.71,5.14,7,6,5,0.1923,0.0514,0.3,0.0192,-0.0257,-0.06,0.0058,0.0,-0.0799,-0.9314,-0.9301,0.7901,26
48,40,1996.0,Low*Medium*NoStarvation,45,Medium*Medium*NoStarvation,5.14,39.57,6,7,23,0.2396,0.3957,0.35,0.024,-0.1979,-0.07,0.0072,0.0,-0.2607,-1.0228,-1.0295,0.7901,96
48,41,2042.0,Medium*Medium*NoStarvation,20,Low*Medium*NoStarvation,39.57,15.57,7,7,10,0.2174,0.1557,0.35,0.0217,-0.0779,-0.07,0.0065,0.0,-0.1413,-0.9603,-0.9621,0.7901,46
48,42,2108.0,Low*Medium*NoStarvation,30,Medium*Medium*NoStarvation,15.57,24.43,7,7,16,0.2424,0.2443,0.35,0.0242,-0.1221,-0.07,0.0073,0.0,-0.1849,-1.0066,-1.0073,0.7901,66
48,43,2134.0,Medium*Medium*NoStarvation,10,Low*Medium*NoStarvation,24.43,8.57,7,7,4,0.1538,0.0857,0.35,0.0154,-0.0429,-0.07,0.0046,0.0,-0.1082,-0.9208,-0.9233,0.7901,26
48,44,2160.0,Low*Medium*NoStarvation,10,Low*Medium*NoStarvation,8.57,7.57,7,7,4,0.1538,0.0757,0.35,0.0154,-0.0379,-0.07,0.0046,0.0,-0.1032,-0.9301,-0.9311,0.7901,26
48,45,2186.0,Low*Medium*NoStarvation,10,Low*Medium*NoStarvation,7.57,9.0,7,7,4,0.1538,0.09,0.35,0.0154,-0.045,-0.07,0.0046,0.0,-0.1104,-0.9311,-0.9329,0.7901,26
48,46,2212.0,Low*Medium*NoStarvation,10,Low*Medium*NoStarvation,9.0,6.71,7,7,5,0.1923,0.0671,0.35,0.0192,-0.0336,-0.07,0.0058,0.0,-0.0978,-0.9329,-0.9333,0.7901,26
48,47,2258.0,Low*Medium*NoStarvation,20,Low*Medium*NoStarvation,6.71,14.86,7,7,11,0.2391,0.1486,0.35,0.0239,-0.0743,-0.07,0.0072,0.0,-0.1371,-0.9632,-0.9646,0.7901,46
48,48,2324.0,Low*Medium*NoStarvation,30,Medium*Medium*NoStarvation,14.86,26.14,7,7,15,0.2273,0.2614,0.35,0.0227,-0.1307,-0.07,0.0068,0.0,-0.1939,-1.0073,-1.0091,0.7901,66
48,49,2370.0,Medium*Medium*NoStarvation,20,Low*Medium*NoStarvation,26.14,17.71,7,7,9,0.1957,0.1771,0.35,0.0196,-0.0886,-0.07,0.0059,0.0,-0.1527,-0.9621,-0.9652,0.7901,46
48,50,2466.0,Low*Medium*NoStarvation,45,Medium*Medium*NoStarvation,17.71,39.86,7,7,23,0.2396,0.3986,0.35,0.024,-0.1993,-0.07,0.0072,0.0,-0.2621,-1.0295,-1.0358,0.7901,96
48,51,2492.0,Medium*Medium*NoStarvation,10,Low*Medium*NoStarvation,39.86,6.0,7,7,5,0.1923,0.06,0.35,0.0192,-0.03,-0.07,0.0058,0.0,-0.0942,-0.9233,-0.9244,0.7901,26
48,52,2518.0,Low*Medium*NoStarvation,10,Low*Medium*NoStarvation,6.0,6.86,7,7,5,0.1923,0.0686,0.35,0.0192,-0.0343,-0.07,0.0058,0.0,-0.0985,-0.9333,-0.9338,0.7901,26
48,53,2544.0,Low*Medium*NoStarvation,10,Low*Medium*NoStarvation,6.86,6.86,7,7,5,0.1923,0.0686,0.35,0.0192,-0.0343,-0.07,0.0058,0.0,-0.0985,-0.9338,-0.9343,0.7901,26
48,54,2610.0,Low*Medium*NoStarvation,30,Medium*Medium*NoStarvation,6.86,25.43,7,7,16,0.2424,0.2543,0.35,0.0242,-0.1271,-0.07,0.0073,0.0,-0.1899,-1.0091,-1.0103,0.7901,66
48,55,2636.0,Medium*Medium*NoStarvation,10,Low*Medium*NoStarvation,25.43,6.0,7,7,5,0.1923,0.06,0.35,0.0192,-0.03,-0.07,0.0058,0.0,-0.0942,-0.9244,-0.9255,0.7901,26
48,56,2702.0,Low*Medium*NoStarvation,30,Medium*Medium*NoStarvation,6.0,26.14,7,7,15,0.2273,0.2614,0.35,0.0227,-0.1307,-0.07,0.0068,0.0,-0.1939,-1.0103,-1.012,0.7901,66
48,57,2728.0,Medium*Medium*NoStarvation,10,Low*Medium*NoStarvation,26.14,8.0,7,6,4,0.1538,0.08,0.3,0.0154,-0.04,-0.06,0.0046,0.0,-0.0954,-0.9255,-0.9265,0.7901,26
48,58,2746.0,Low*Medium*NoStarvation,45,Low*Low*NoStarvation,8.0,0.0,6,0,6,0.0625,0.0,0.0,0.0063,-0.0,-0.0,0.0019,0.0,0.0019,-1.0358,-0.9764,0.7901,96
49,0,96.0,Low*Low*NoStarvation,20,Low*Medium*NoStarvation,0.83,16.14,2,7,21,0.4565,0.1614,0.35,0.0457,-0.0807,-0.07,0.0137,0.0,-0.137,-0.5425,-0.586,0.7862,46
49,1,122.0,Low*Medium*NoStarvation,10,Low*Medium*NoStarvation,16.14,6.14,7,7,9,0.3462,0.0614,0.35,0.0346,-0.0307,-0.07,0.0104,0.0,-0.0903,-0.9343,-0.934,0.7862,26
49,2,148.0,Low*Medium*NoStarvation,10,Low*Medium*NoStarvation,6.14,6.86,7,7,10,0.3846,0.0686,0.35,0.0385,-0.0343,-0.07,0.0115,0.0,-0.0927,-0.934,-0.934,0.7862,26
49,3,174.0,Low*Medium*NoStarvation,10,Low*Medium*NoStarvation,6.86,7.29,7,7,8,0.3077,0.0729,0.35,0.0308,-0.0364,-0.07,0.0092,0.0,-0.0972,-0.934,-0.9344,0.7862,26
49,4,270.0,Low*Medium*NoStarvation,45,Medium*Medium*NoStarvation,7.29,40.14,7,7,46,0.4792,0.4014,0.35,0.0479,-0.2007,-0.07,0.0144,0.0,-0.2563,-0.9764,-0.9877,0.7862,96
49,5,366.0,Medium*Medium*NoStarvation,45,Medium*Medium*NoStarvation,40.14,40.14,7,7,46,0.4792,0.4014,0.35,0.0479,-0.2007,-0.07,0.0144,0.0,-0.2563,-1.0289,-1.035,0.7862,96
49,6,462.0,Medium*Medium*NoStarvation,45,Medium*Medium*NoStarvation,40.14,41.43,7,7,43,0.4479,0.4143,0.35,0.0448,-0.2071,-0.07,0.0134,0.0,-0.2637,-1.035,-1.0413,0.7862,96
49,7,488.0,Medium*Medium*NoStarvation,10,Low*Medium*NoStarvation,41.43,6.29,7,7,10,0.3846,0.0629,0.35,0.0385,-0.0314,-0.07,0.0115,0.0,-0.0899,-0.9265,-0.927,0.7862,26
49,8,554.0,Low*Medium*NoStarvation,30,Medium*Medium*NoStarvation,6.29,26.29,7,7,29,0.4394,0.2629,0.35,0.0439,-0.1314,-0.07,0.0132,0.0,-0.1882,-1.012,-1.013,0.7862,66
49,9,650.0,Medium*Medium*NoStarvation,45,Medium*Medium*NoStarvation,26.29,42.43,7,7,41,0.4271,0.4243,0.35,0.0427,-0.2121,-0.07,0.0128,0.0,-0.2693,-1.0413,-1.0475,0.7862,96
49,10,696.0,Medium*Medium*NoStarvation,20,Low*Medium*NoStarvation,42.43,16.14,7,7,19,0.413,0.1614,0.35,0.0413,-0.0807,-0.07,0.0124,0.0,-0.1383,-0.9652,-0.9666,0.7862,46
49,11,762.0,Low*Medium*NoStarvation,30,Medium*Medium*NoStarvation,16.14,24.57,7,7,28,0.4242,0.2457,0.35,0.0424,-0.1229,-0.07,0.0127,0.0,-0.1801,-1.013,-1.0132,0.7862,66
49,12,788.0,Medium*Medium*NoStarvation,10,Low*Medium*NoStarvation,24.57,6.14,7,7,10,0.3846,0.0614,0.35,0.0385,-0.0307,-0.07,0.0115,0.0,-0.0892,-0.927,-0.9273,0.7862,26
49,13,834.0,Low*Medium*NoStarvation,20,Low*Medium*NoStarvation,6.14,16.57,7,7,19,0.413,0.1657,0.35,0.0413,-0.0829,-0.07,0.0124,0.0,-0.1405,-0.9646,-0.9663,0.7862,46
49,14,860.0,Low*Medium*NoStarvation,10,Low*Medium*NoStarvation,16.57,6.43,7,7,9,0.3462,0.0643,0.35,0.0346,-0.0321,-0.07,0.0104,0.0,-0.0918,-0.9344,-0.9342,0.7862,26
49,15,926.0,Low*Medium*NoStarvation,30,Medium*Medium*NoStarvation,6.43,27.57,7,7,29,0.4394,0.2757,0.35,0.0439,-0.1379,-0.07,0.0132,0.0,-0.1947,-1.0132,-1.0148,0.7862,66
49,16,972.0,Medium*Medium*NoStarvation,20,Low*Medium*NoStarvation,27.57,17.43,7,7,19,0.413,0.1743,0.35,0.0413,-0.0871,-0.07,0.0124,0.0,-0.1448,-0.9666,-0.9685,0.7862,46
49,17,998.0,Low*Medium*NoStarvation,10,Low*Medium*NoStarvation,17.43,6.57,7,7,9,0.3462,0.0657,0.35,0.0346,-0.0329,-0.07,0.0104,0.0,-0.0925,-0.9342,-0.9341,0.7862,26
49,18,1064.0,Low*Medium*NoStarvation,30,Medium*Medium*NoStarvation,6.57,25.14,7,7,18,0.2727,0.2514,0.35,0.0273,-0.1257,-0.07,0.0082,0.0,-0.1875,-1.0148,-1.0155,0.7862,66
49,19,1130.0,Medium*Medium*NoStarvation,30,Medium*Medium*NoStarvation,25.14,25.86,7,7,15,0.2273,0.2586,0.35,0.0227,-0.1293,-0.07,0.0068,0.0,-0.1925,-0.9986,-1.0015,0.7862,66
49,20,1156.0,Medium*Medium*NoStarvation,10,Low*Medium*NoStarvation,25.86,7.71,7,7,4,0.1538,0.0771,0.35,0.0154,-0.0386,-0.07,0.0046,0.0,-0.104,-0.9273,-0.929,0.7862,26
49,21,1182.0,Low*Medium*NoStarvation,10,Low*Medium*NoStarvation,7.71,7.71,7,7,4,0.1538,0.0771,0.35,0.0154,-0.0386,-0.07,0.0046,0.0,-0.104,-0.9341,-0.9351,0.7862,26
49,22,1208.0,Low*Medium*NoStarvation,10,Low*Medium*NoStarvation,7.71,7.14,7,7,5,0.1923,0.0714,0.35,0.0192,-0.0357,-0.07,0.0058,0.0,-0.0999,-0.9351,-0.9358,0.7862,26
49,23,1254.0,Low*Medium*NoStarvation,20,Low*Medium*NoStarvation,7.14,15.71,7,7,10,0.2174,0.1571,0.35,0.0217,-0.0786,-0.07,0.0065,0.0,-0.142,-0.9663,-0.9681,0.7862,46
49,24,1280.0,Low*Medium*NoStarvation,10,Low*Medium*NoStarvation,15.71,8.43,7,7,4,0.1538,0.0843,0.35,0.0154,-0.0421,-0.07,0.0046,0.0,-0.1075,-0.9358,-0.9372,0.7862,26
49,25,1346.0,Low*Medium*NoStarvation,30,Medium*Medium*NoStarvation,8.43,26.0,7,7,15,0.2273,0.26,0.35,0.0227,-0.13,-0.07,0.0068,0.0,-0.1932,-1.0155,-1.0169,0.7862,66
49,26,1412.0,Medium*Medium*NoStarvation,30,Medium*Medium*NoStarvation,26.0,25.57,7,7,15,0.2273,0.2557,0.35,0.0227,-0.1279,-0.07,0.0068,0.0,-0.191,-1.0015,-1.004,0.7862,66
49,27,1478.0,Medium*Medium*NoStarvation,30,Medium*Medium*NoStarvation,25.57,26.57,7,7,14,0.2121,0.2657,0.35,0.0212,-0.1329,-0.07,0.0064,0.0,-0.1965,-1.004,-1.0069,0.7862,66
49,28,1504.0,Medium*Medium*NoStarvation,10,Low*Medium*NoStarvation,26.57,6.14,7,7,5,0.1923,0.0614,0.35,0.0192,-0.0307,-0.07,0.0058,0.0,-0.0949,-0.929,-0.93,0.7862,26
49,29,1530.0,Low*Medium*NoStarvation,10,Low*Medium*NoStarvation,6.14,7.29,7,7,5,0.1923,0.0729,0.35,0.0192,-0.0364,-0.07,0.0058,0.0,-0.1007,-0.9372,-0.9379,0.7862,26
49,30,1576.0,Low*Medium*NoStarvation,20,Low*Medium*NoStarvation,7.29,18.29,7,7,10,0.2174,0.1829,0.35,0.0217,-0.0914,-0.07,0.0065,0.0,-0.1549,-0.9681,-0.9712,0.7862,46
49,31,1602.0,Low*Medium*NoStarvation,10,Low*Medium*NoStarvation,18.29,7.71,7,7,4,0.1538,0.0771,0.35,0.0154,-0.0386,-0.07,0.0046,0.0,-0.104,-0.9379,-0.9389,0.7862,26
49,32,1628.0,Low*Medium*NoStarvation,10,Low*Medium*NoStarvation,7.71,6.29,7,7,5,0.1923,0.0629,0.35,0.0192,-0.0314,-0.07,0.0058,0.0,-0.0957,-0.9389,-0.9391,0.7862,26
49,33,1674.0,Low*Medium*NoStarvation,20,Low*Medium*NoStarvation,6.29,16.0,7,7,10,0.2174,0.16,0.35,0.0217,-0.08,-0.07,0.0065,0.0,-0.1435,-0.9712,-0.9729,0.7862,46
49,34,1700.0,Low*Medium*NoStarvation,10,Low*Medium*NoStarvation,16.0,5.86,7,7,5,0.1923,0.0586,0.35,0.0192,-0.0293,-0.07,0.0058,0.0,-0.0935,-0.9391,-0.939,0.7862,26
49,35,1726.0,Low*Medium*NoStarvation,10,Low*Medium*NoStarvation,5.86,8.0,7,7,4,0.1538,0.08,0.35,0.0154,-0.04,-0.07,0.0046,0.0,-0.1054,-0.939,-0.9402,0.7862,26
49,36,1752.0,Low*Medium*NoStarvation,10,Low*Medium*NoStarvation,8.0,7.57,7,7,5,0.1923,0.0757,0.35,0.0192,-0.0379,-0.07,0.0058,0.0,-0.1021,-0.9402,-0.941,0.7862,26
49,37,1778.0,Low*Medium*NoStarvation,10,Low*Medium*NoStarvation,7.57,5.57,7,6,5,0.1923,0.0557,0.3,0.0192,-0.0279,-0.06,0.0058,0.0,-0.0821,-0.941,-0.9398,0.7862,26
49,38,1804.0,Low*Medium*NoStarvation,10,Low*Medium*NoStarvation,5.57,6.0,6,7,5,0.1923,0.06,0.35,0.0192,-0.03,-0.07,0.0058,0.0,-0.0942,-0.9398,-0.9398,0.7862,26
49,39,1830.0,Low*Medium*NoStarvation,10,Low*Medium*NoStarvation,6.0,8.86,7,7,4,0.1538,0.0886,0.35,0.0154,-0.0443,-0.07,0.0046,0.0,-0.1097,-0.9398,-0.9414,0.7862,26
49,40,1856.0,Low*Medium*NoStarvation,10,Low*Medium*NoStarvation,8.86,6.57,7,7,5,0.1923,0.0657,0.35,0.0192,-0.0329,-0.07,0.0058,0.0,-0.0971,-0.9414,-0.9417,0.7862,26
49,41,1882.0,Low*Medium*NoStarvation,10,Low*Medium*NoStarvation,6.57,6.86,7,7,5,0.1923,0.0686,0.35,0.0192,-0.0343,-0.07,0.0058,0.0,-0.0985,-0.9417,-0.9421,0.7862,26
49,42,1978.0,Low*Medium*NoStarvation,45,Medium*Medium*NoStarvation,6.86,40.71,7,7,22,0.2292,0.4071,0.35,0.0229,-0.2036,-0.07,0.0069,0.0,-0.2667,-0.9877,-0.9993,0.7862,96
49,43,2004.0,Medium*Medium*NoStarvation,10,Low*Medium*NoStarvation,40.71,5.86,7,7,5,0.1923,0.0586,0.35,0.0192,-0.0293,-0.07,0.0058,0.0,-0.0935,-0.93,-0.9311,0.7862,26
49,44,2070.0,Low*Medium*NoStarvation,30,Medium*Medium*NoStarvation,5.86,26.43,7,7,15,0.2273,0.2643,0.35,0.0227,-0.1321,-0.07,0.0068,0.0,-0.1953,-1.0169,-1.0185,0.7862,66
49,45,2096.0,Medium*Medium*NoStarvation,10,Low*Medium*NoStarvation,26.43,5.14,7,6,5,0.1923,0.0514,0.3,0.0192,-0.0257,-0.06,0.0058,0.0,-0.0799,-0.9311,-0.9308,0.7862,26
49,46,2192.0,Low*Medium*NoStarvation,45,Medium*Medium*NoStarvation,5.14,40.0,6,7,23,0.2396,0.4,0.35,0.024,-0.2,-0.07,0.0072,0.0,-0.2628,-0.9993,-1.0094,0.7862,96
49,47,2238.0,Medium*Medium*NoStarvation,20,Low*Medium*NoStarvation,40.0,17.29,7,7,10,0.2174,0.1729,0.35,0.0217,-0.0864,-0.07,0.0065,0.0,-0.1499,-0.9685,-0.9714,0.7862,46
49,48,2304.0,Low*Medium*NoStarvation,30,Medium*Medium*NoStarvation,17.29,26.43,7,7,15,0.2273,0.2643,0.35,0.0227,-0.1321,-0.07,0.0068,0.0,-0.1953,-1.0185,-1.02,0.7862,66
49,49,2330.0,Medium*Medium*NoStarvation,10,Low*Medium*NoStarvation,26.43,6.29,7,7,5,0.1923,0.0629,0.35,0.0192,-0.0314,-0.07,0.0058,0.0,-0.0957,-0.9308,-0.9321,0.7862,26
49,50,2376.0,Low*Medium*NoStarvation,20,Low*Medium*NoStarvation,6.29,15.57,7,7,10,0.2174,0.1557,0.35,0.0217,-0.0779,-0.07,0.0065,0.0,-0.1413,-0.9729,-0.9745,0.7862,46
49,51,2422.0,Low*Medium*NoStarvation,20,Low*Medium*NoStarvation,15.57,15.86,7,7,10,0.2174,0.1586,0.35,0.0217,-0.0793,-0.07,0.0065,0.0,-0.1428,-0.9745,-0.9762,0.7862,46
49,52,2468.0,Low*Medium*NoStarvation,20,Low*Medium*NoStarvation,15.86,16.0,7,7,10,0.2174,0.16,0.35,0.0217,-0.08,-0.07,0.0065,0.0,-0.1435,-0.9762,-0.9777,0.7862,46
49,53,2514.0,Low*Medium*NoStarvation,20,Low*Medium*NoStarvation,16.0,15.29,7,7,10,0.2174,0.1529,0.35,0.0217,-0.0764,-0.07,0.0065,0.0,-0.1399,-0.9777,-0.9787,0.7862,46
49,54,2610.0,Low*Medium*NoStarvation,45,Medium*Medium*NoStarvation,15.29,41.86,7,7,23,0.2396,0.4186,0.35,0.024,-0.2093,-0.07,0.0072,0.0,-0.2721,-1.0094,-1.0196,0.7862,96
49,55,2706.0,Medium*Medium*NoStarvation,45,Medium*Medium*NoStarvation,41.86,41.29,7,7,22,0.2292,0.4129,0.35,0.0229,-0.2064,-0.07,0.0069,0.0,-0.2696,-1.0475,-1.0536,0.7862,96
49,56,2732.0,Medium*Medium*NoStarvation,10,Low*Medium*NoStarvation,41.29,8.17,7,6,4,0.1538,0.0817,0.3,0.0154,-0.0408,-0.06,0.0046,0.0,-0.0962,-0.9321,-0.9333,0.7862,26
49,57,2758.0,Low*Medium*NoStarvation,10,Low*Low*NoStarvation,8.17,13.0,6,2,4,0.1538,0.13,0.1,0.0154,-0.065,-0.02,0.0046,0.0,-0.0804,-0.9421,-0.9002,0.7862,26
49,58,2769.0,Low*Low*NoStarvation,45,Low*Low*NoStarvation,13.0,0.0,2,0,2,0.0208,0.0,0.0,0.0021,-0.0,-0.0,0.0006,0.0,0.0006,-0.6954,-0.6701,0.7862,96
50,0,76.0,Low*Low*NoStarvation,10,Low*Medium*NoStarvation,0.83,6.71,2,7,11,0.4231,0.0671,0.35,0.0423,-0.0336,-0.07,0.0127,0.0,-0.0909,-0.4922,-0.5331,0.7822,26
50,1,102.0,Low*Medium*NoStarvation,10,Low*Medium*NoStarvation,6.71,8.43,7,7,8,0.3077,0.0843,0.35,0.0308,-0.0421,-0.07,0.0092,0.0,-0.1029,-0.9002,-0.9015,0.7822,26
50,2,128.0,Low*Medium*NoStarvation,10,Low*Medium*NoStarvation,8.43,7.29,7,7,9,0.3462,0.0729,0.35,0.0346,-0.0364,-0.07,0.0104,0.0,-0.096,-0.9015,-0.9021,0.7822,26
50,3,154.0,Low*Medium*NoStarvation,10,Low*Medium*NoStarvation,7.29,8.71,7,7,8,0.3077,0.0871,0.35,0.0308,-0.0436,-0.07,0.0092,0.0,-0.1043,-0.9021,-0.9035,0.7822,26
50,4,180.0,Low*Medium*NoStarvation,10,Low*Medium*NoStarvation,8.71,5.43,7,7,10,0.3846,0.0543,0.35,0.0385,-0.0271,-0.07,0.0115,0.0,-0.0856,-0.9035,-0.903,0.7822,26
50,5,246.0,Low*Medium*NoStarvation,30,Medium*Medium*NoStarvation,5.43,25.29,7,7,31,0.4697,0.2529,0.35,0.047,-0.1264,-0.07,0.0141,0.0,-0.1823,-1.02,-1.0202,0.7822,66
50,6,292.0,Medium*Medium*NoStarvation,20,Low*Medium*NoStarvation,25.29,16.0,7,7,20,0.4348,0.16,0.35,0.0435,-0.08,-0.07,0.013,0.0,-0.137,-0.9714,-0.9692,0.7822,46
50,7,338.0,Low*Medium*NoStarvation,20,Low*Medium*NoStarvation,16.0,16.71,7,7,20,0.4348,0.1671,0.35,0.0435,-0.0836,-0.07,0.013,0.0,-0.1405,-0.9787,-0.9762,0.7822,46
50,8,364.0,Low*Medium*NoStarvation,10,Low*Medium*NoStarvation,16.71,5.93,7,7,10,0.3846,0.0593,0.35,0.0385,-0.0296,-0.07,0.0115,0.0,-0.0881,-0.903,-0.9028,0.7822,26
50,9,390.0,Low*Medium*NoStarvation,10,Low*Medium*NoStarvation,5.93,5.86,7,7,9,0.3462,0.0586,0.35,0.0346,-0.0293,-0.07,0.0104,0.0,-0.0889,-0.9028,-0.9027,0.7822,26
50,10,486.0,Low*Medium*NoStarvation,45,Medium*Medium*NoStarvation,5.86,43.0,7,7,45,0.4688,0.43,0.35,0.0469,-0.215,-0.07,0.0141,0.0,-0.2709,-1.0196,-1.0287,0.7822,96
50,11,512.0,Medium*Medium*NoStarvation,10,Low*Medium*NoStarvation,43.0,7.96,7,8,8,0.3077,0.0796,0.4,0.0308,-0.0398,-0.08,0.0092,0.0,-0.1106,-0.9333,-0.9322,0.7822,26
50,12,538.0,Low*Medium*NoStarvation,10,Low*Medium*NoStarvation,7.96,7.29,8,7,10,0.3846,0.0729,0.35,0.0385,-0.0364,-0.07,0.0115,0.0,-0.0949,-0.9027,-0.9032,0.7822,26
50,13,604.0,Low*Medium*NoStarvation,30,Medium*Medium*NoStarvation,7.29,26.86,7,7,30,0.4545,0.2686,0.35,0.0455,-0.1343,-0.07,0.0136,0.0,-0.1906,-1.0202,-1.0212,0.7822,66
50,14,630.0,Medium*Medium*NoStarvation,10,Low*Medium*NoStarvation,26.86,8.57,7,7,9,0.3462,0.0857,0.35,0.0346,-0.0429,-0.07,0.0104,0.0,-0.1025,-0.9322,-0.9305,0.7822,26
50,15,726.0,Low*Medium*NoStarvation,45,Medium*Medium*NoStarvation,8.57,40.29,7,7,45,0.4688,0.4029,0.35,0.0469,-0.2014,-0.07,0.0141,0.0,-0.2574,-1.0287,-1.0353,0.7822,96
50,16,752.0,Medium*Medium*NoStarvation,10,Low*Medium*NoStarvation,40.29,6.71,7,7,11,0.4231,0.0671,0.35,0.0423,-0.0336,-0.07,0.0127,0.0,-0.0909,-0.9305,-0.9279,0.7822,26
50,17,778.0,Low*Medium*NoStarvation,10,Low*Medium*NoStarvation,6.71,6.57,7,7,10,0.3846,0.0657,0.35,0.0385,-0.0329,-0.07,0.0115,0.0,-0.0913,-0.9032,-0.9033,0.7822,26
50,18,824.0,Low*Medium*NoStarvation,20,Low*Medium*NoStarvation,6.57,16.29,7,7,20,0.4348,0.1629,0.35,0.0435,-0.0814,-0.07,0.013,0.0,-0.1384,-0.9762,-0.9737,0.7822,46
50,19,850.0,Low*Medium*NoStarvation,10,Low*Medium*NoStarvation,16.29,9.14,7,7,8,0.3077,0.0914,0.35,0.0308,-0.0457,-0.07,0.0092,0.0,-0.1065,-0.9033,-0.9049,0.7822,26
50,20,876.0,Low*Medium*NoStarvation,10,Low*Medium*NoStarvation,9.14,7.71,7,7,10,0.3846,0.0771,0.35,0.0385,-0.0386,-0.07,0.0115,0.0,-0.097,-0.9049,-0.9055,0.7822,26
50,21,902.0,Low*Medium*NoStarvation,10,Low*Medium*NoStarvation,7.71,6.79,7,8,10,0.3846,0.0679,0.4,0.0385,-0.0339,-0.08,0.0115,0.0,-0.1024,-0.9055,-0.9067,0.7822,26
50,22,968.0,Low*Medium*NoStarvation,30,Medium*Medium*NoStarvation,6.79,26.0,8,7,30,0.4545,0.26,0.35,0.0455,-0.13,-0.07,0.0136,0.0,-0.1864,-1.0212,-1.0212,0.7822,66
50,23,994.0,Medium*Medium*NoStarvation,10,Low*Medium*NoStarvation,26.0,5.71,7,7,9,0.3462,0.0571,0.35,0.0346,-0.0286,-0.07,0.0104,0.0,-0.0882,-0.9279,-0.9255,0.7822,26
50,24,1060.0,Low*Medium*NoStarvation,30,Medium*Medium*NoStarvation,5.71,26.14,7,7,19,0.2879,0.2614,0.35,0.0288,-0.1307,-0.07,0.0086,0.0,-0.1921,-1.0212,-1.0216,0.7822,66
50,25,1106.0,Medium*Medium*NoStarvation,20,Low*Medium*NoStarvation,26.14,16.14,7,7,10,0.2174,0.1614,0.35,0.0217,-0.0807,-0.07,0.0065,0.0,-0.1442,-0.9692,-0.9683,0.7822,46
50,26,1152.0,Low*Medium*NoStarvation,20,Low*Medium*NoStarvation,16.14,15.57,7,7,10,0.2174,0.1557,0.35,0.0217,-0.0779,-0.07,0.0065,0.0,-0.1413,-0.9737,-0.972,0.7822,46
50,27,1248.0,Low*Medium*NoStarvation,45,Medium*Medium*NoStarvation,15.57,40.14,7,7,23,0.2396,0.4014,0.35,0.024,-0.2007,-0.07,0.0072,0.0,-0.2635,-1.0353,-1.0415,0.7822,96
50,28,1294.0,Medium*Medium*NoStarvation,20,Low*Medium*NoStarvation,40.14,16.29,7,7,10,0.2174,0.1629,0.35,0.0217,-0.0814,-0.07,0.0065,0.0,-0.1449,-0.9683,-0.9676,0.7822,46
50,29,1340.0,Low*Medium*NoStarvation,20,Low*Medium*NoStarvation,16.29,16.86,7,7,10,0.2174,0.1686,0.35,0.0217,-0.0843,-0.07,0.0065,0.0,-0.1478,-0.972,-0.9712,0.7822,46
50,30,1406.0,Low*Medium*NoStarvation,30,Medium*Medium*NoStarvation,16.86,26.29,7,7,15,0.2273,0.2629,0.35,0.0227,-0.1314,-0.07,0.0068,0.0,-0.1946,-1.0216,-1.0222,0.7822,66
50,31,1502.0,Medium*Medium*NoStarvation,45,Medium*Medium*NoStarvation,26.29,40.57,7,7,22,0.2292,0.4057,0.35,0.0229,-0.2029,-0.07,0.0069,0.0,-0.266,-1.0536,-1.0581,0.7822,96
50,32,1548.0,Medium*Medium*NoStarvation,20,Low*Medium*NoStarvation,40.57,16.57,7,7,10,0.2174,0.1657,0.35,0.0217,-0.0829,-0.07,0.0065,0.0,-0.1463,-0.9676,-0.9671,0.7822,46
50,33,1574.0,Low*Medium*NoStarvation,10,Low*Medium*NoStarvation,16.57,6.14,7,7,5,0.1923,0.0614,0.35,0.0192,-0.0307,-0.07,0.0058,0.0,-0.0949,-0.9067,-0.9071,0.7822,26
50,34,1620.0,Low*Medium*NoStarvation,20,Low*Medium*NoStarvation,6.14,16.0,7,7,10,0.2174,0.16,0.35,0.0217,-0.08,-0.07,0.0065,0.0,-0.1435,-0.9712,-0.9701,0.7822,46
50,35,1716.0,Low*Medium*NoStarvation,45,Medium*Medium*NoStarvation,16.0,40.29,7,7,22,0.2292,0.4029,0.35,0.0229,-0.2014,-0.07,0.0069,0.0,-0.2646,-1.0415,-1.0471,0.7822,96
50,36,1742.0,Medium*Medium*NoStarvation,10,Low*Medium*NoStarvation,40.29,6.43,7,7,5,0.1923,0.0643,0.35,0.0192,-0.0321,-0.07,0.0058,0.0,-0.0964,-0.9255,-0.9242,0.7822,26
50,37,1788.0,Low*Medium*NoStarvation,20,Low*Medium*NoStarvation,6.43,16.86,7,7,10,0.2174,0.1686,0.35,0.0217,-0.0843,-0.07,0.0065,0.0,-0.1478,-0.9701,-0.9695,0.7822,46
50,38,1854.0,Low*Medium*NoStarvation,30,Medium*Medium*NoStarvation,16.86,26.86,7,7,15,0.2273,0.2686,0.35,0.0227,-0.1343,-0.07,0.0068,0.0,-0.1975,-1.0222,-1.0229,0.7822,66
50,39,1900.0,Medium*Medium*NoStarvation,20,Low*Medium*NoStarvation,26.86,16.57,7,7,10,0.2174,0.1657,0.35,0.0217,-0.0829,-0.07,0.0065,0.0,-0.1463,-0.9671,-0.9666,0.7822,46
50,40,1926.0,Low*Medium*NoStarvation,10,Low*Medium*NoStarvation,16.57,6.29,7,7,5,0.1923,0.0629,0.35,0.0192,-0.0314,-0.07,0.0058,0.0,-0.0957,-0.9071,-0.9076,0.7822,26
50,41,1972.0,Low*Medium*NoStarvation,20,Low*Medium*NoStarvation,6.29,16.0,7,7,10,0.2174,0.16,0.35,0.0217,-0.08,-0.07,0.0065,0.0,-0.1435,-0.9695,-0.9686,0.7822,46
50,42,2018.0,Low*Medium*NoStarvation,20,Low*Medium*NoStarvation,16.0,15.14,7,7,10,0.2174,0.1514,0.35,0.0217,-0.0757,-0.07,0.0065,0.0,-0.1392,-0.9686,-0.9673,0.7822,46
50,43,2084.0,Low*Medium*NoStarvation,30,Medium*Medium*NoStarvation,15.14,25.86,7,7,15,0.2273,0.2586,0.35,0.0227,-0.1293,-0.07,0.0068,0.0,-0.1925,-1.0229,-1.023,0.7822,66
50,44,2130.0,Medium*Medium*NoStarvation,20,Low*Medium*NoStarvation,25.86,15.86,7,7,10,0.2174,0.1586,0.35,0.0217,-0.0793,-0.07,0.0065,0.0,-0.1428,-0.9666,-0.9659,0.7822,46
50,45,2156.0,Low*Medium*NoStarvation,10,Low*Medium*NoStarvation,15.86,9.29,7,7,4,0.1538,0.0929,0.35,0.0154,-0.0464,-0.07,0.0046,0.0,-0.1118,-0.9076,-0.9097,0.7822,26
50,46,2182.0,Low*Medium*NoStarvation,10,Low*Medium*NoStarvation,9.29,8.57,7,7,4,0.1538,0.0857,0.35,0.0154,-0.0429,-0.07,0.0046,0.0,-0.1082,-0.9097,-0.9115,0.7822,26
50,47,2228.0,Low*Medium*NoStarvation,20,Low*Medium*NoStarvation,8.57,16.71,7,7,10,0.2174,0.1671,0.35,0.0217,-0.0836,-0.07,0.0065,0.0,-0.147,-0.9673,-0.9673,0.7822,46
50,48,2324.0,Low*Medium*NoStarvation,45,Medium*Medium*NoStarvation,16.71,40.14,7,7,23,0.2396,0.4014,0.35,0.024,-0.2007,-0.07,0.0072,0.0,-0.2635,-1.0471,-1.0519,0.7822,96
50,49,2390.0,Medium*Medium*NoStarvation,30,Medium*Medium*NoStarvation,40.14,26.43,7,7,15,0.2273,0.2643,0.35,0.0227,-0.1321,-0.07,0.0068,0.0,-0.1953,-1.0069,-1.0089,0.7822,66
50,50,2456.0,Medium*Medium*NoStarvation,30,Medium*Medium*NoStarvation,26.43,25.86,7,7,15,0.2273,0.2586,0.35,0.0227,-0.1293,-0.07,0.0068,0.0,-0.1925,-1.0089,-1.0105,0.7822,66
50,51,2502.0,Medium*Medium*NoStarvation,20,Low*Medium*NoStarvation,25.86,17.0,7,7,10,0.2174,0.17,0.35,0.0217,-0.085,-0.07,0.0065,0.0,-0.1485,-0.9659,-0.9662,0.7822,46
50,52,2568.0,Low*Medium*NoStarvation,30,Medium*Medium*NoStarvation,17.0,27.43,7,7,15,0.2273,0.2743,0.35,0.0227,-0.1371,-0.07,0.0068,0.0,-0.2003,-1.023,-1.0239,0.7822,66
50,53,2594.0,Medium*Medium*NoStarvation,10,Low*Medium*NoStarvation,27.43,7.57,7,7,4,0.1538,0.0757,0.35,0.0154,-0.0379,-0.07,0.0046,0.0,-0.1032,-0.9242,-0.9242,0.7822,26
50,54,2690.0,Low*Medium*NoStarvation,45,Medium*Medium*NoStarvation,7.57,40.86,7,7,22,0.2292,0.4086,0.35,0.0229,-0.2043,-0.07,0.0069,0.0,-0.2674,-1.0519,-1.0566,0.7822,96
50,55,2716.0,Medium*Medium*NoStarvation,10,Low*Medium*NoStarvation,40.86,7.14,7,7,5,0.1923,0.0714,0.35,0.0192,-0.0357,-0.07,0.0058,0.0,-0.0999,-0.9242,-0.9238,0.7822,26
50,56,2742.0,Low*Medium*NoStarvation,10,Low*Low*NoStarvation,7.14,12.67,7,3,4,0.1538,0.1267,0.15,0.0154,-0.0633,-0.03,0.0046,0.0,-0.0887,-0.9115,-0.8772,0.7822,26
50,57,2755.0,Low*Low*NoStarvation,20,Low*Low*NoStarvation,12.67,0.0,3,0,3,0.0652,0.0,0.0,0.0065,-0.0,-0.0,0.002,0.0,0.002,-0.586,-0.5752,0.7822,46
