episode,decision,simulation_time,state,action,next_state,we_waiting_time,ns_waiting_time,total_waiting_time,we_queue,ns_queue,total_queue,throughput_during_transition,throughput_rate,normalized_wait,normalized_queue,normalized_throughput,wait_contribution,queue_contribution,throughput_contribution,starvation_penalty,reward,q_value_before,q_value_after,epsilon,transition_duration
1,0,116.0,Low*Low*NoStarvation,30,Medium*Medium*NoStarvation,0.83,26.71,2,7,31,0.4697,0.2671,0.35,0.047,-0.1336,-0.07,0.0141,0.0,-0.1895,0.0,-0.0189,1.0,66
1,1,212.0,Medium*Medium*NoStarvation,45,Medium*Medium*NoStarvation,26.71,41.0,7,7,46,0.4792,0.41,0.35,0.0479,-0.205,-0.07,0.0144,0.0,-0.2606,0.0,-0.0261,1.0,96
1,2,238.0,Medium*Medium*NoStarvation,10,Low*Medium*NoStarvation,41.0,7.21,7,8,10,0.3846,0.0721,0.4,0.0385,-0.0361,-0.08,0.0115,0.0,-0.1045,0.0,-0.0105,1.0,26
1,3,264.0,Low*Medium*NoStarvation,10,Low*Medium*NoStarvation,7.21,6.57,8,7,9,0.3462,0.0657,0.35,0.0346,-0.0329,-0.07,0.0104,0.0,-0.0925,0.0,-0.0092,1.0,26
1,4,290.0,Low*Medium*NoStarvation,10,Low*Medium*NoStarvation,6.57,6.0,7,7,10,0.3846,0.06,0.35,0.0385,-0.03,-0.07,0.0115,0.0,-0.0885,-0.0092,-0.0172,1.0,26
1,5,386.0,Low*Medium*NoStarvation,45,Medium*Medium*NoStarvation,6.0,41.86,7,7,46,0.4792,0.4186,0.35,0.0479,-0.2093,-0.07,0.0144,0.0,-0.2649,0.0,-0.0265,1.0,96
1,6,452.0,Medium*Medium*NoStarvation,30,Medium*Medium*NoStarvation,41.86,27.0,7,7,28,0.4242,0.27,0.35,0.0424,-0.135,-0.07,0.0127,0.0,-0.1923,0.0,-0.0192,1.0,66
1,7,478.0,Medium*Medium*NoStarvation,10,Low*Medium*NoStarvation,27.0,7.86,7,7,9,0.3462,0.0786,0.35,0.0346,-0.0393,-0.07,0.0104,0.0,-0.0989,-0.0105,-0.0193,1.0,26
1,8,544.0,Low*Medium*NoStarvation,30,Medium*Medium*NoStarvation,7.86,26.43,7,7,29,0.4394,0.2643,0.35,0.0439,-0.1321,-0.07,0.0132,0.0,-0.189,0.0,-0.0189,1.0,66
1,9,590.0,Medium*Medium*NoStarvation,20,Low*Medium*NoStarvation,26.43,17.71,7,7,19,0.413,0.1771,0.35,0.0413,-0.0886,-0.07,0.0124,0.0,-0.1462,0.0,-0.0146,1.0,46
1,10,616.0,Low*Medium*NoStarvation,10,Low*Medium*NoStarvation,17.71,8.38,7,8,8,0.3077,0.0838,0.4,0.0308,-0.0419,-0.08,0.0092,0.0,-0.1127,-0.0172,-0.0267,1.0,26
1,11,642.0,Low*Medium*NoStarvation,10,Low*Medium*NoStarvation,8.38,7.57,8,7,8,0.3077,0.0757,0.35,0.0308,-0.0379,-0.07,0.0092,0.0,-0.0986,-0.0267,-0.0339,1.0,26
1,12,708.0,Low*Medium*NoStarvation,30,Medium*Medium*NoStarvation,7.57,27.0,7,7,30,0.4545,0.27,0.35,0.0455,-0.135,-0.07,0.0136,0.0,-0.1914,-0.0189,-0.0375,1.0,66
1,13,754.0,Medium*Medium*NoStarvation,20,Low*Medium*NoStarvation,27.0,16.71,7,7,20,0.4348,0.1671,0.35,0.0435,-0.0836,-0.07,0.013,0.0,-0.1405,-0.0146,-0.0272,1.0,46
1,14,850.0,Low*Medium*NoStarvation,45,Medium*Medium*NoStarvation,16.71,41.71,7,7,41,0.4271,0.4171,0.35,0.0427,-0.2086,-0.07,0.0128,0.0,-0.2658,-0.0265,-0.0521,1.0,96
1,15,876.0,Medium*Medium*NoStarvation,10,Low*Medium*NoStarvation,41.71,7.43,7,7,9,0.3462,0.0743,0.35,0.0346,-0.0371,-0.07,0.0104,0.0,-0.0968,-0.0193,-0.027,1.0,26
1,16,972.0,Low*Medium*NoStarvation,45,Medium*Medium*NoStarvation,7.43,40.71,7,7,43,0.4479,0.4071,0.35,0.0448,-0.2036,-0.07,0.0134,0.0,-0.2601,-0.0521,-0.0747,1.0,96
1,17,1038.0,Medium*Medium*NoStarvation,30,Medium*Medium*NoStarvation,40.71,26.71,7,7,22,0.3333,0.2671,0.35,0.0333,-0.1336,-0.07,0.01,0.0,-0.1936,-0.0192,-0.0384,1.0,66
1,18,1104.0,Medium*Medium*NoStarvation,30,Medium*Medium*NoStarvation,26.71,26.14,7,7,15,0.2273,0.2614,0.35,0.0227,-0.1307,-0.07,0.0068,0.0,-0.1939,-0.0384,-0.0563,1.0,66
1,19,1170.0,Medium*Medium*NoStarvation,30,Medium*Medium*NoStarvation,26.14,24.57,7,7,15,0.2273,0.2457,0.35,0.0227,-0.1229,-0.07,0.0068,0.0,-0.186,-0.0563,-0.0716,1.0,66
1,20,1196.0,Medium*Medium*NoStarvation,10,Low*Medium*NoStarvation,24.57,7.14,7,7,5,0.1923,0.0714,0.35,0.0192,-0.0357,-0.07,0.0058,0.0,-0.0999,-0.027,-0.0343,1.0,26
1,21,1222.0,Low*Medium*NoStarvation,10,Low*Medium*NoStarvation,7.14,7.43,7,7,5,0.1923,0.0743,0.35,0.0192,-0.0371,-0.07,0.0058,0.0,-0.1014,-0.0339,-0.0407,1.0,26
1,22,1288.0,Low*Medium*NoStarvation,30,Medium*Medium*NoStarvation,7.43,26.57,7,7,15,0.2273,0.2657,0.35,0.0227,-0.1329,-0.07,0.0068,0.0,-0.196,-0.0375,-0.0557,1.0,66
1,23,1384.0,Medium*Medium*NoStarvation,45,Medium*Medium*NoStarvation,26.57,39.86,7,7,22,0.2292,0.3986,0.35,0.0229,-0.1993,-0.07,0.0069,0.0,-0.2624,-0.0261,-0.052,1.0,96
1,24,1430.0,Medium*Medium*NoStarvation,20,Low*Medium*NoStarvation,39.86,15.43,7,7,10,0.2174,0.1543,0.35,0.0217,-0.0771,-0.07,0.0065,0.0,-0.1406,-0.0272,-0.0386,1.0,46
1,25,1496.0,Low*Medium*NoStarvation,30,Medium*Medium*NoStarvation,15.43,25.0,7,7,15,0.2273,0.25,0.35,0.0227,-0.125,-0.07,0.0068,0.0,-0.1882,-0.0557,-0.072,1.0,66
1,26,1592.0,Medium*Medium*NoStarvation,45,Medium*Medium*NoStarvation,25.0,40.43,7,7,23,0.2396,0.4043,0.35,0.024,-0.2021,-0.07,0.0072,0.0,-0.265,-0.052,-0.0764,1.0,96
1,27,1658.0,Medium*Medium*NoStarvation,30,Medium*Medium*NoStarvation,40.43,25.0,7,7,15,0.2273,0.25,0.35,0.0227,-0.125,-0.07,0.0068,0.0,-0.1882,-0.0716,-0.0864,1.0,66
1,28,1704.0,Medium*Medium*NoStarvation,20,Low*Medium*NoStarvation,25.0,15.29,7,7,10,0.2174,0.1529,0.35,0.0217,-0.0764,-0.07,0.0065,0.0,-0.1399,-0.0386,-0.0487,1.0,46
1,29,1730.0,Low*Medium*NoStarvation,10,Low*Medium*NoStarvation,15.29,8.0,7,7,4,0.1538,0.08,0.35,0.0154,-0.04,-0.07,0.0046,0.0,-0.1054,-0.0407,-0.0471,1.0,26
1,30,1826.0,Low*Medium*NoStarvation,45,Medium*Medium*NoStarvation,8.0,39.0,7,7,23,0.2396,0.39,0.35,0.024,-0.195,-0.07,0.0072,0.0,-0.2578,-0.0747,-0.0961,1.0,96
1,31,1852.0,Medium*Medium*NoStarvation,10,Low*Medium*NoStarvation,39.0,7.29,7,7,5,0.1923,0.0729,0.35,0.0192,-0.0364,-0.07,0.0058,0.0,-0.1007,-0.0343,-0.041,1.0,26
1,32,1898.0,Low*Medium*NoStarvation,20,Low*Medium*NoStarvation,7.29,15.86,7,7,10,0.2174,0.1586,0.35,0.0217,-0.0793,-0.07,0.0065,0.0,-0.1428,0.0,-0.0143,1.0,46
1,33,1924.0,Low*Medium*NoStarvation,10,Low*Medium*NoStarvation,15.86,6.43,7,7,5,0.1923,0.0643,0.35,0.0192,-0.0321,-0.07,0.0058,0.0,-0.0964,-0.0471,-0.0533,1.0,26
1,34,2020.0,Low*Medium*NoStarvation,45,Medium*Medium*NoStarvation,6.43,40.14,7,7,23,0.2396,0.4014,0.35,0.024,-0.2007,-0.07,0.0072,0.0,-0.2635,-0.0961,-0.1165,1.0,96
1,35,2066.0,Medium*Medium*NoStarvation,20,Low*Medium*NoStarvation,40.14,16.43,7,7,10,0.2174,0.1643,0.35,0.0217,-0.0821,-0.07,0.0065,0.0,-0.1456,-0.0487,-0.0597,1.0,46
1,36,2112.0,Low*Medium*NoStarvation,20,Low*Medium*NoStarvation,16.43,15.43,7,7,10,0.2174,0.1543,0.35,0.0217,-0.0771,-0.07,0.0065,0.0,-0.1406,-0.0143,-0.0282,1.0,46
1,37,2178.0,Low*Medium*NoStarvation,30,Medium*Medium*NoStarvation,15.43,26.14,7,7,15,0.2273,0.2614,0.35,0.0227,-0.1307,-0.07,0.0068,0.0,-0.1939,-0.072,-0.0879,1.0,66
1,38,2274.0,Medium*Medium*NoStarvation,45,Medium*Medium*NoStarvation,26.14,42.86,7,7,22,0.2292,0.4286,0.35,0.0229,-0.2143,-0.07,0.0069,0.0,-0.2774,-0.0764,-0.1002,1.0,96
1,39,2340.0,Medium*Medium*NoStarvation,30,Medium*Medium*NoStarvation,42.86,26.86,7,7,15,0.2273,0.2686,0.35,0.0227,-0.1343,-0.07,0.0068,0.0,-0.1975,-0.0864,-0.1012,1.0,66
1,40,2366.0,Medium*Medium*NoStarvation,10,Low*Medium*NoStarvation,26.86,9.0,7,7,4,0.1538,0.09,0.35,0.0154,-0.045,-0.07,0.0046,0.0,-0.1104,-0.041,-0.0504,1.0,26
1,41,2432.0,Low*Medium*NoStarvation,30,Medium*Medium*NoStarvation,9.0,26.14,7,7,15,0.2273,0.2614,0.35,0.0227,-0.1307,-0.07,0.0068,0.0,-0.1939,-0.0879,-0.103,1.0,66
1,42,2528.0,Medium*Medium*NoStarvation,45,Medium*Medium*NoStarvation,26.14,41.43,7,7,23,0.2396,0.4143,0.35,0.024,-0.2071,-0.07,0.0072,0.0,-0.27,-0.1002,-0.1217,1.0,96
1,43,2594.0,Medium*Medium*NoStarvation,30,Medium*Medium*NoStarvation,41.43,26.43,7,7,15,0.2273,0.2643,0.35,0.0227,-0.1321,-0.07,0.0068,0.0,-0.1953,-0.1012,-0.1151,1.0,66
1,44,2627.0,Medium*Medium*NoStarvation,45,Low*Low*NoStarvation,26.43,0.0,7,0,14,0.1458,0.0,0.0,0.0146,-0.0,-0.0,0.0044,0.0,0.0044,-0.1217,-0.1091,1.0,96
2,0,96.0,Low*Low*NoStarvation,20,Low*Medium*NoStarvation,0.83,16.14,2,7,21,0.4565,0.1614,0.35,0.0457,-0.0807,-0.07,0.0137,0.0,-0.137,0.0,-0.0162,0.995,46
2,1,142.0,Low*Medium*NoStarvation,20,Low*Medium*NoStarvation,16.14,16.14,7,7,20,0.4348,0.1614,0.35,0.0435,-0.0807,-0.07,0.013,0.0,-0.1377,-0.0282,-0.0417,0.995,46
2,2,188.0,Low*Medium*NoStarvation,20,Low*Medium*NoStarvation,16.14,16.14,7,7,20,0.4348,0.1614,0.35,0.0435,-0.0807,-0.07,0.013,0.0,-0.1377,-0.0417,-0.055,0.995,46
2,3,284.0,Low*Medium*NoStarvation,45,Medium*Medium*NoStarvation,16.14,40.29,7,7,45,0.4688,0.4029,0.35,0.0469,-0.2014,-0.07,0.0141,0.0,-0.2574,-0.1165,-0.1351,0.995,96
2,4,380.0,Medium*Medium*NoStarvation,45,Medium*Medium*NoStarvation,40.29,40.29,7,7,44,0.4583,0.4029,0.35,0.0458,-0.2014,-0.07,0.0137,0.0,-0.2577,-0.1091,-0.1285,0.995,96
2,5,446.0,Medium*Medium*NoStarvation,30,Medium*Medium*NoStarvation,40.29,26.0,7,7,28,0.4242,0.26,0.35,0.0424,-0.13,-0.07,0.0127,0.0,-0.1873,-0.1151,-0.1269,0.995,66
2,6,512.0,Medium*Medium*NoStarvation,30,Medium*Medium*NoStarvation,26.0,25.57,7,7,29,0.4394,0.2557,0.35,0.0439,-0.1279,-0.07,0.0132,0.0,-0.1847,-0.1269,-0.1372,0.995,66
2,7,608.0,Medium*Medium*NoStarvation,45,Medium*Medium*NoStarvation,25.57,42.43,7,7,42,0.4375,0.4243,0.35,0.0437,-0.2121,-0.07,0.0131,0.0,-0.269,-0.1285,-0.1471,0.995,96
2,8,674.0,Medium*Medium*NoStarvation,30,Medium*Medium*NoStarvation,42.43,26.43,7,7,28,0.4242,0.2643,0.35,0.0424,-0.1321,-0.07,0.0127,0.0,-0.1894,-0.1372,-0.147,0.995,66
2,9,720.0,Medium*Medium*NoStarvation,20,Low*Medium*NoStarvation,26.43,17.14,7,7,19,0.413,0.1714,0.35,0.0413,-0.0857,-0.07,0.0124,0.0,-0.1433,-0.0597,-0.0728,0.995,46
2,10,786.0,Low*Medium*NoStarvation,30,Medium*Medium*NoStarvation,17.14,25.29,7,7,28,0.4242,0.2529,0.35,0.0424,-0.1264,-0.07,0.0127,0.0,-0.1837,-0.103,-0.1156,0.995,66
2,11,852.0,Medium*Medium*NoStarvation,30,Medium*Medium*NoStarvation,25.29,26.57,7,7,28,0.4242,0.2657,0.35,0.0424,-0.1329,-0.07,0.0127,0.0,-0.1901,-0.147,-0.1558,0.995,66
2,12,918.0,Medium*Medium*NoStarvation,30,Medium*Medium*NoStarvation,26.57,26.43,7,7,29,0.4394,0.2643,0.35,0.0439,-0.1321,-0.07,0.0132,0.0,-0.189,-0.1558,-0.1637,0.995,66
2,13,1014.0,Medium*Medium*NoStarvation,45,Medium*Medium*NoStarvation,26.43,41.14,7,7,40,0.4167,0.4114,0.35,0.0417,-0.2057,-0.07,0.0125,0.0,-0.2632,-0.1471,-0.1633,0.995,96
2,14,1110.0,Medium*Medium*NoStarvation,45,Medium*Medium*NoStarvation,41.14,41.14,7,7,22,0.2292,0.4114,0.35,0.0229,-0.2057,-0.07,0.0069,0.0,-0.2688,-0.1633,-0.1784,0.995,96
2,15,1136.0,Medium*Medium*NoStarvation,10,Low*Medium*NoStarvation,41.14,7.43,7,7,4,0.1538,0.0743,0.35,0.0154,-0.0371,-0.07,0.0046,0.0,-0.1025,-0.0504,-0.0605,0.995,26
2,16,1232.0,Low*Medium*NoStarvation,45,Medium*Medium*NoStarvation,7.43,40.14,7,7,23,0.2396,0.4014,0.35,0.024,-0.2007,-0.07,0.0072,0.0,-0.2635,-0.1351,-0.1534,0.995,96
2,17,1298.0,Medium*Medium*NoStarvation,30,Medium*Medium*NoStarvation,40.14,25.0,7,7,16,0.2424,0.25,0.35,0.0242,-0.125,-0.07,0.0073,0.0,-0.1877,-0.1637,-0.1715,0.995,66
2,18,1394.0,Medium*Medium*NoStarvation,45,Medium*Medium*NoStarvation,25.0,41.43,7,7,22,0.2292,0.4143,0.35,0.0229,-0.2071,-0.07,0.0069,0.0,-0.2703,-0.1784,-0.193,0.995,96
2,19,1420.0,Medium*Medium*NoStarvation,10,Low*Medium*NoStarvation,41.43,8.29,7,7,4,0.1538,0.0829,0.35,0.0154,-0.0414,-0.07,0.0046,0.0,-0.1068,-0.0605,-0.0699,0.995,26
2,20,1486.0,Low*Medium*NoStarvation,30,Medium*Medium*NoStarvation,8.29,26.14,7,7,15,0.2273,0.2614,0.35,0.0227,-0.1307,-0.07,0.0068,0.0,-0.1939,-0.1156,-0.1297,0.995,66
2,21,1532.0,Medium*Medium*NoStarvation,20,Low*Medium*NoStarvation,26.14,15.14,7,7,10,0.2174,0.1514,0.35,0.0217,-0.0757,-0.07,0.0065,0.0,-0.1392,-0.0728,-0.0843,0.995,46
2,22,1598.0,Low*Medium*NoStarvation,30,Medium*Medium*NoStarvation,15.14,28.14,7,7,15,0.2273,0.2814,0.35,0.0227,-0.1407,-0.07,0.0068,0.0,-0.2039,-0.1297,-0.1435,0.995,66
2,23,1624.0,Medium*Medium*NoStarvation,10,Low*Medium*NoStarvation,28.14,6.0,7,7,5,0.1923,0.06,0.35,0.0192,-0.03,-0.07,0.0058,0.0,-0.0942,-0.0699,-0.0771,0.995,26
2,24,1720.0,Low*Medium*NoStarvation,45,Medium*Medium*NoStarvation,6.0,41.43,7,7,22,0.2292,0.4143,0.35,0.0229,-0.2071,-0.07,0.0069,0.0,-0.2703,-0.1534,-0.172,0.995,96
2,25,1816.0,Medium*Medium*NoStarvation,45,Medium*Medium*NoStarvation,41.43,40.71,7,7,23,0.2396,0.4071,0.35,0.024,-0.2036,-0.07,0.0072,0.0,-0.2664,-0.193,-0.2073,0.995,96
2,26,1882.0,Medium*Medium*NoStarvation,30,Medium*Medium*NoStarvation,40.71,26.29,7,7,15,0.2273,0.2629,0.35,0.0227,-0.1314,-0.07,0.0068,0.0,-0.1946,-0.1715,-0.1808,0.995,66
2,27,1928.0,Medium*Medium*NoStarvation,20,Low*Medium*NoStarvation,26.29,15.57,7,7,10,0.2174,0.1557,0.35,0.0217,-0.0779,-0.07,0.0065,0.0,-0.1413,-0.0843,-0.0948,0.995,46
2,28,2024.0,Low*Medium*NoStarvation,45,Medium*Medium*NoStarvation,15.57,39.43,7,7,23,0.2396,0.3943,0.35,0.024,-0.1971,-0.07,0.0072,0.0,-0.26,-0.172,-0.1878,0.995,96
2,29,2120.0,Medium*Medium*NoStarvation,45,Medium*Medium*NoStarvation,39.43,39.86,7,7,23,0.2396,0.3986,0.35,0.024,-0.1993,-0.07,0.0072,0.0,-0.2621,-0.2073,-0.2197,0.995,96
2,30,2166.0,Medium*Medium*NoStarvation,20,Low*Medium*NoStarvation,39.86,16.43,7,7,10,0.2174,0.1643,0.35,0.0217,-0.0821,-0.07,0.0065,0.0,-0.1456,-0.0948,-0.1047,0.995,46
2,31,2232.0,Low*Medium*NoStarvation,30,Medium*Medium*NoStarvation,16.43,25.43,7,7,15,0.2273,0.2543,0.35,0.0227,-0.1271,-0.07,0.0068,0.0,-0.1903,-0.1435,-0.1551,0.995,66
2,32,2258.0,Medium*Medium*NoStarvation,10,Low*Medium*NoStarvation,25.43,7.86,7,7,4,0.1538,0.0786,0.35,0.0154,-0.0393,-0.07,0.0046,0.0,-0.1047,-0.0771,-0.0847,0.995,26
2,33,2304.0,Low*Medium*NoStarvation,20,Low*Medium*NoStarvation,7.86,16.43,7,7,10,0.2174,0.1643,0.35,0.0217,-0.0821,-0.07,0.0065,0.0,-0.1456,-0.055,-0.0689,0.995,46
2,34,2400.0,Low*Medium*NoStarvation,45,Medium*Medium*NoStarvation,16.43,40.86,7,7,23,0.2396,0.4086,0.35,0.024,-0.2043,-0.07,0.0072,0.0,-0.2671,-0.1878,-0.2033,0.995,96
2,35,2446.0,Medium*Medium*NoStarvation,20,Low*Medium*NoStarvation,40.86,15.71,7,7,10,0.2174,0.1571,0.35,0.0217,-0.0786,-0.07,0.0065,0.0,-0.142,-0.1047,-0.1132,0.995,46
2,36,2542.0,Low*Medium*NoStarvation,45,Medium*Medium*NoStarvation,15.71,41.14,7,7,22,0.2292,0.4114,0.35,0.0229,-0.2057,-0.07,0.0069,0.0,-0.2688,-0.2033,-0.2175,0.995,96
2,37,2576.0,Medium*Medium*NoStarvation,45,Low*Low*NoStarvation,41.14,0.0,7,0,14,0.1458,0.0,0.0,0.0146,-0.0,-0.0,0.0044,0.0,0.0044,-0.2197,-0.1973,0.995,96
3,0,96.0,Low*Low*NoStarvation,20,Low*Medium*NoStarvation,0.83,16.14,2,7,21,0.4565,0.1614,0.35,0.0457,-0.0807,-0.07,0.0137,0.0,-0.137,-0.0162,-0.0331,0.99,46
3,1,122.0,Low*Medium*NoStarvation,10,Low*Medium*NoStarvation,16.14,6.14,7,7,9,0.3462,0.0614,0.35,0.0346,-0.0307,-0.07,0.0104,0.0,-0.0903,-0.0533,-0.0618,0.99,26
3,2,148.0,Low*Medium*NoStarvation,10,Low*Medium*NoStarvation,6.14,6.86,7,7,10,0.3846,0.0686,0.35,0.0385,-0.0343,-0.07,0.0115,0.0,-0.0927,-0.0618,-0.0705,0.99,26
3,3,194.0,Low*Medium*NoStarvation,20,Low*Medium*NoStarvation,6.86,15.43,7,7,20,0.4348,0.1543,0.35,0.0435,-0.0771,-0.07,0.013,0.0,-0.1341,-0.0689,-0.0816,0.99,46
3,4,220.0,Low*Medium*NoStarvation,10,Low*Medium*NoStarvation,15.43,8.0,7,7,9,0.3462,0.08,0.35,0.0346,-0.04,-0.07,0.0104,0.0,-0.0996,-0.0705,-0.0798,0.99,26
3,5,246.0,Low*Medium*NoStarvation,10,Low*Medium*NoStarvation,8.0,7.0,7,7,10,0.3846,0.07,0.35,0.0385,-0.035,-0.07,0.0115,0.0,-0.0935,-0.0798,-0.0883,0.99,26
3,6,292.0,Low*Medium*NoStarvation,20,Low*Medium*NoStarvation,7.0,16.29,7,7,20,0.4348,0.1629,0.35,0.0435,-0.0814,-0.07,0.013,0.0,-0.1384,-0.0816,-0.0946,0.99,46
3,7,338.0,Low*Medium*NoStarvation,20,Low*Medium*NoStarvation,16.29,16.86,7,7,20,0.4348,0.1686,0.35,0.0435,-0.0843,-0.07,0.013,0.0,-0.1412,-0.0946,-0.1072,0.99,46
3,8,364.0,Low*Medium*NoStarvation,10,Low*Medium*NoStarvation,16.86,5.43,7,6,10,0.3846,0.0543,0.3,0.0385,-0.0271,-0.06,0.0115,0.0,-0.0756,-0.0883,-0.095,0.99,26
3,9,390.0,Low*Medium*NoStarvation,10,Low*Medium*NoStarvation,5.43,6.11,6,8,9,0.3462,0.0611,0.4,0.0346,-0.0305,-0.08,0.0104,0.0,-0.1002,-0.095,-0.104,0.99,26
3,10,456.0,Low*Medium*NoStarvation,30,Medium*Medium*NoStarvation,6.11,26.0,8,7,30,0.4545,0.26,0.35,0.0455,-0.13,-0.07,0.0136,0.0,-0.1864,-0.1551,-0.1658,0.99,66
3,11,502.0,Medium*Medium*NoStarvation,20,Low*Medium*NoStarvation,26.0,17.0,7,7,20,0.4348,0.17,0.35,0.0435,-0.085,-0.07,0.013,0.0,-0.142,-0.1132,-0.1254,0.99,46
3,12,528.0,Low*Medium*NoStarvation,10,Low*Medium*NoStarvation,17.0,5.86,7,7,10,0.3846,0.0586,0.35,0.0385,-0.0293,-0.07,0.0115,0.0,-0.0877,-0.104,-0.1118,0.99,26
3,13,554.0,Low*Medium*NoStarvation,10,Low*Medium*NoStarvation,5.86,6.43,7,7,9,0.3462,0.0643,0.35,0.0346,-0.0321,-0.07,0.0104,0.0,-0.0918,-0.1118,-0.1194,0.99,26
3,14,600.0,Low*Medium*NoStarvation,20,Low*Medium*NoStarvation,6.43,16.57,7,7,21,0.4565,0.1657,0.35,0.0457,-0.0829,-0.07,0.0137,0.0,-0.1392,-0.1072,-0.1201,0.99,46
3,15,666.0,Low*Medium*NoStarvation,30,Medium*Medium*NoStarvation,16.57,25.57,7,7,30,0.4545,0.2557,0.35,0.0455,-0.1279,-0.07,0.0136,0.0,-0.1842,-0.1658,-0.1753,0.99,66
3,16,762.0,Medium*Medium*NoStarvation,45,Medium*Medium*NoStarvation,25.57,41.86,7,7,44,0.4583,0.4186,0.35,0.0458,-0.2093,-0.07,0.0137,0.0,-0.2655,-0.1973,-0.2117,0.99,96
3,17,808.0,Medium*Medium*NoStarvation,20,Low*Medium*NoStarvation,41.86,17.29,7,7,20,0.4348,0.1729,0.35,0.0435,-0.0864,-0.07,0.013,0.0,-0.1434,-0.1254,-0.138,0.99,46
3,18,854.0,Low*Medium*NoStarvation,20,Low*Medium*NoStarvation,17.29,15.43,7,7,19,0.413,0.1543,0.35,0.0413,-0.0771,-0.07,0.0124,0.0,-0.1348,-0.1201,-0.1323,0.99,46
3,19,900.0,Low*Medium*NoStarvation,20,Low*Medium*NoStarvation,15.43,16.57,7,7,18,0.3913,0.1657,0.35,0.0391,-0.0829,-0.07,0.0117,0.0,-0.1411,-0.1323,-0.1439,0.99,46
3,20,966.0,Low*Medium*NoStarvation,30,Medium*Medium*NoStarvation,16.57,26.43,7,7,29,0.4394,0.2643,0.35,0.0439,-0.1321,-0.07,0.0132,0.0,-0.189,-0.1753,-0.1843,0.99,66
3,21,992.0,Medium*Medium*NoStarvation,10,Low*Medium*NoStarvation,26.43,6.57,7,7,9,0.3462,0.0657,0.35,0.0346,-0.0329,-0.07,0.0104,0.0,-0.0925,-0.0847,-0.0962,0.99,26
3,22,1058.0,Low*Medium*NoStarvation,30,Medium*Medium*NoStarvation,6.57,26.43,7,7,19,0.2879,0.2643,0.35,0.0288,-0.1321,-0.07,0.0086,0.0,-0.1935,-0.1843,-0.1939,0.99,66
3,23,1154.0,Medium*Medium*NoStarvation,45,Medium*Medium*NoStarvation,26.43,40.14,7,7,23,0.2396,0.4014,0.35,0.024,-0.2007,-0.07,0.0072,0.0,-0.2635,-0.2117,-0.2256,0.99,96
3,24,1180.0,Medium*Medium*NoStarvation,10,Low*Medium*NoStarvation,40.14,8.14,7,7,4,0.1538,0.0814,0.35,0.0154,-0.0407,-0.07,0.0046,0.0,-0.1061,-0.0962,-0.1079,0.99,26
3,25,1206.0,Low*Medium*NoStarvation,10,Low*Medium*NoStarvation,8.14,6.57,7,7,5,0.1923,0.0657,0.35,0.0192,-0.0329,-0.07,0.0058,0.0,-0.0971,-0.1194,-0.1279,0.99,26
3,26,1252.0,Low*Medium*NoStarvation,20,Low*Medium*NoStarvation,6.57,15.0,7,7,10,0.2174,0.15,0.35,0.0217,-0.075,-0.07,0.0065,0.0,-0.1385,-0.1439,-0.1549,0.99,46
3,27,1348.0,Low*Medium*NoStarvation,45,Medium*Medium*NoStarvation,15.0,39.57,7,7,23,0.2396,0.3957,0.35,0.024,-0.1979,-0.07,0.0072,0.0,-0.2607,-0.2175,-0.2315,0.99,96
3,28,1444.0,Medium*Medium*NoStarvation,45,Medium*Medium*NoStarvation,39.57,39.14,7,7,23,0.2396,0.3914,0.35,0.024,-0.1957,-0.07,0.0072,0.0,-0.2585,-0.2256,-0.2386,0.99,96
3,29,1540.0,Medium*Medium*NoStarvation,45,Medium*Medium*NoStarvation,39.14,43.0,7,7,21,0.2188,0.43,0.35,0.0219,-0.215,-0.07,0.0066,0.0,-0.2784,-0.2386,-0.2523,0.99,96
3,30,1606.0,Medium*Medium*NoStarvation,30,Medium*Medium*NoStarvation,43.0,28.29,7,7,15,0.2273,0.2829,0.35,0.0227,-0.1414,-0.07,0.0068,0.0,-0.2046,-0.1808,-0.1929,0.99,66
3,31,1702.0,Medium*Medium*NoStarvation,45,Medium*Medium*NoStarvation,28.29,41.43,7,7,22,0.2292,0.4143,0.35,0.0229,-0.2071,-0.07,0.0069,0.0,-0.2703,-0.2523,-0.2638,0.99,96
3,32,1748.0,Medium*Medium*NoStarvation,20,Low*Medium*NoStarvation,41.43,16.71,7,7,10,0.2174,0.1671,0.35,0.0217,-0.0836,-0.07,0.0065,0.0,-0.147,-0.138,-0.1504,0.99,46
3,33,1844.0,Low*Medium*NoStarvation,45,Medium*Medium*NoStarvation,16.71,43.43,7,7,22,0.2292,0.4343,0.35,0.0229,-0.2171,-0.07,0.0069,0.0,-0.2803,-0.2315,-0.2461,0.99,96
3,34,1870.0,Medium*Medium*NoStarvation,10,Low*Medium*NoStarvation,43.43,5.14,7,6,5,0.1923,0.0514,0.3,0.0192,-0.0257,-0.06,0.0058,0.0,-0.0799,-0.1079,-0.1167,0.99,26
3,35,1916.0,Low*Medium*NoStarvation,20,Low*Medium*NoStarvation,5.14,17.14,6,7,10,0.2174,0.1714,0.35,0.0217,-0.0857,-0.07,0.0065,0.0,-0.1492,-0.1549,-0.1658,0.99,46
3,36,1962.0,Low*Medium*NoStarvation,20,Low*Medium*NoStarvation,17.14,17.14,7,7,10,0.2174,0.1714,0.35,0.0217,-0.0857,-0.07,0.0065,0.0,-0.1492,-0.1658,-0.1757,0.99,46
3,37,2028.0,Low*Medium*NoStarvation,30,Medium*Medium*NoStarvation,17.14,26.14,7,7,15,0.2273,0.2614,0.35,0.0227,-0.1307,-0.07,0.0068,0.0,-0.1939,-0.1939,-0.2044,0.99,66
3,38,2124.0,Medium*Medium*NoStarvation,45,Medium*Medium*NoStarvation,26.14,41.0,7,7,23,0.2396,0.41,0.35,0.024,-0.205,-0.07,0.0072,0.0,-0.2678,-0.2638,-0.2747,0.99,96
3,39,2150.0,Medium*Medium*NoStarvation,10,Low*Medium*NoStarvation,41.0,6.14,7,6,5,0.1923,0.0614,0.3,0.0192,-0.0307,-0.06,0.0058,0.0,-0.0849,-0.1167,-0.125,0.99,26
3,40,2246.0,Low*Medium*NoStarvation,45,Medium*Medium*NoStarvation,6.14,40.14,6,7,23,0.2396,0.4014,0.35,0.024,-0.2007,-0.07,0.0072,0.0,-0.2635,-0.2461,-0.2591,0.99,96
3,41,2312.0,Medium*Medium*NoStarvation,30,Medium*Medium*NoStarvation,40.14,26.71,7,7,14,0.2121,0.2671,0.35,0.0212,-0.1336,-0.07,0.0064,0.0,-0.1972,-0.1929,-0.2045,0.99,66
3,42,2358.0,Medium*Medium*NoStarvation,20,Low*Medium*NoStarvation,26.71,16.29,7,7,10,0.2174,0.1629,0.35,0.0217,-0.0814,-0.07,0.0065,0.0,-0.1449,-0.1504,-0.1614,0.99,46
3,43,2384.0,Low*Medium*NoStarvation,10,Low*Medium*NoStarvation,16.29,8.29,7,7,4,0.1538,0.0829,0.35,0.0154,-0.0414,-0.07,0.0046,0.0,-0.1068,-0.1279,-0.1373,0.99,26
3,44,2450.0,Low*Medium*NoStarvation,30,Medium*Medium*NoStarvation,8.29,25.57,7,7,15,0.2273,0.2557,0.35,0.0227,-0.1279,-0.07,0.0068,0.0,-0.191,-0.2044,-0.2143,0.99,66
3,45,2546.0,Medium*Medium*NoStarvation,45,Medium*Medium*NoStarvation,25.57,40.57,7,7,23,0.2396,0.4057,0.35,0.024,-0.2029,-0.07,0.0072,0.0,-0.2657,-0.2747,-0.285,0.99,96
3,46,2592.0,Medium*Medium*NoStarvation,20,Low*Medium*NoStarvation,40.57,16.0,7,7,10,0.2174,0.16,0.35,0.0217,-0.08,-0.07,0.0065,0.0,-0.1435,-0.1614,-0.1719,0.99,46
3,47,2618.0,Low*Medium*NoStarvation,10,Low*Medium*NoStarvation,16.0,6.29,7,7,5,0.1923,0.0629,0.35,0.0192,-0.0314,-0.07,0.0058,0.0,-0.0957,-0.1373,-0.1455,0.99,26
3,48,2653.0,Low*Medium*NoStarvation,30,Low*Low*NoStarvation,6.29,0.0,7,0,15,0.2273,0.0,0.0,0.0227,-0.0,-0.0,0.0068,0.0,0.0068,-0.2143,-0.1922,0.99,66
4,0,76.0,Low*Low*NoStarvation,10,Low*Medium*NoStarvation,0.83,6.71,2,7,11,0.4231,0.0671,0.35,0.0423,-0.0336,-0.07,0.0127,0.0,-0.0909,0.0,-0.0222,0.9851,26
4,1,172.0,Low*Medium*NoStarvation,45,Medium*Medium*NoStarvation,6.71,40.57,7,7,46,0.4792,0.4057,0.35,0.0479,-0.2029,-0.07,0.0144,0.0,-0.2585,-0.2591,-0.2703,0.9851,96
4,2,238.0,Medium*Medium*NoStarvation,30,Medium*Medium*NoStarvation,40.57,26.71,7,7,30,0.4545,0.2671,0.35,0.0455,-0.1336,-0.07,0.0136,0.0,-0.1899,-0.2045,-0.2143,0.9851,66
4,3,304.0,Medium*Medium*NoStarvation,30,Medium*Medium*NoStarvation,26.71,26.0,7,7,30,0.4545,0.26,0.35,0.0455,-0.13,-0.07,0.0136,0.0,-0.1864,-0.2143,-0.2228,0.9851,66
4,4,370.0,Medium*Medium*NoStarvation,30,Medium*Medium*NoStarvation,26.0,26.71,7,7,29,0.4394,0.2671,0.35,0.0439,-0.1336,-0.07,0.0132,0.0,-0.1904,-0.2228,-0.2308,0.9851,66
4,5,466.0,Medium*Medium*NoStarvation,45,Medium*Medium*NoStarvation,26.71,40.0,7,7,42,0.4375,0.4,0.35,0.0437,-0.2,-0.07,0.0131,0.0,-0.2569,-0.285,-0.2935,0.9851,96
4,6,562.0,Medium*Medium*NoStarvation,45,Medium*Medium*NoStarvation,40.0,39.86,7,7,42,0.4375,0.3986,0.35,0.0437,-0.1993,-0.07,0.0131,0.0,-0.2562,-0.2935,-0.301,0.9851,96
4,7,628.0,Medium*Medium*NoStarvation,30,Medium*Medium*NoStarvation,39.86,26.71,7,7,29,0.4394,0.2671,0.35,0.0439,-0.1336,-0.07,0.0132,0.0,-0.1904,-0.2308,-0.238,0.9851,66
4,8,654.0,Medium*Medium*NoStarvation,10,Low*Medium*NoStarvation,26.71,8.29,7,7,8,0.3077,0.0829,0.35,0.0308,-0.0414,-0.07,0.0092,0.0,-0.1022,-0.125,-0.1358,0.9851,26
4,9,750.0,Low*Medium*NoStarvation,45,Medium*Medium*NoStarvation,8.29,41.86,7,7,42,0.4375,0.4186,0.35,0.0437,-0.2093,-0.07,0.0131,0.0,-0.2662,-0.2703,-0.2821,0.9851,96
4,10,816.0,Medium*Medium*NoStarvation,30,Medium*Medium*NoStarvation,41.86,26.57,7,7,27,0.4091,0.2657,0.35,0.0409,-0.1329,-0.07,0.0123,0.0,-0.1906,-0.238,-0.2455,0.9851,66
4,11,862.0,Medium*Medium*NoStarvation,20,Low*Medium*NoStarvation,26.57,15.57,7,7,19,0.413,0.1557,0.35,0.0413,-0.0779,-0.07,0.0124,0.0,-0.1355,-0.1719,-0.1814,0.9851,46
4,12,888.0,Low*Medium*NoStarvation,10,Low*Medium*NoStarvation,15.57,6.57,7,7,10,0.3846,0.0657,0.35,0.0385,-0.0329,-0.07,0.0115,0.0,-0.0913,-0.1455,-0.1532,0.9851,26
4,13,954.0,Low*Medium*NoStarvation,30,Medium*Medium*NoStarvation,6.57,26.43,7,7,29,0.4394,0.2643,0.35,0.0439,-0.1321,-0.07,0.0132,0.0,-0.189,-0.1922,-0.2041,0.9851,66
4,14,980.0,Medium*Medium*NoStarvation,10,Low*Medium*NoStarvation,26.43,7.57,7,8,9,0.3462,0.0757,0.4,0.0346,-0.0379,-0.08,0.0104,0.0,-0.1075,-0.1358,-0.1468,0.9851,26
4,15,1076.0,Low*Medium*NoStarvation,45,Medium*Medium*NoStarvation,7.57,40.57,8,7,29,0.3021,0.4057,0.35,0.0302,-0.2029,-0.07,0.0091,0.0,-0.2638,-0.2821,-0.2935,0.9851,96
4,16,1172.0,Medium*Medium*NoStarvation,45,Medium*Medium*NoStarvation,40.57,40.14,7,7,23,0.2396,0.4014,0.35,0.024,-0.2007,-0.07,0.0072,0.0,-0.2635,-0.301,-0.3105,0.9851,96
4,17,1198.0,Medium*Medium*NoStarvation,10,Low*Medium*NoStarvation,40.14,8.86,7,7,4,0.1538,0.0886,0.35,0.0154,-0.0443,-0.07,0.0046,0.0,-0.1097,-0.1468,-0.1569,0.9851,26
4,18,1244.0,Low*Medium*NoStarvation,20,Low*Medium*NoStarvation,8.86,16.43,7,7,10,0.2174,0.1643,0.35,0.0217,-0.0821,-0.07,0.0065,0.0,-0.1456,-0.1757,-0.1865,0.9851,46
4,19,1310.0,Low*Medium*NoStarvation,30,Medium*Medium*NoStarvation,16.43,25.57,7,7,15,0.2273,0.2557,0.35,0.0227,-0.1279,-0.07,0.0068,0.0,-0.191,-0.2041,-0.2169,0.9851,66
4,20,1376.0,Medium*Medium*NoStarvation,30,Medium*Medium*NoStarvation,25.57,25.29,7,7,15,0.2273,0.2529,0.35,0.0227,-0.1264,-0.07,0.0068,0.0,-0.1896,-0.2455,-0.254,0.9851,66
4,21,1442.0,Medium*Medium*NoStarvation,30,Medium*Medium*NoStarvation,25.29,26.71,7,7,15,0.2273,0.2671,0.35,0.0227,-0.1336,-0.07,0.0068,0.0,-0.1968,-0.254,-0.2624,0.9851,66
4,22,1468.0,Medium*Medium*NoStarvation,10,Low*Medium*NoStarvation,26.71,7.29,7,7,4,0.1538,0.0729,0.35,0.0154,-0.0364,-0.07,0.0046,0.0,-0.1018,-0.1569,-0.1651,0.9851,26
4,23,1564.0,Low*Medium*NoStarvation,45,Medium*Medium*NoStarvation,7.29,41.43,7,7,22,0.2292,0.4143,0.35,0.0229,-0.2071,-0.07,0.0069,0.0,-0.2703,-0.2935,-0.306,0.9851,96
4,24,1590.0,Medium*Medium*NoStarvation,10,Low*Medium*NoStarvation,41.43,6.71,7,7,5,0.1923,0.0671,0.35,0.0192,-0.0336,-0.07,0.0058,0.0,-0.0978,-0.1651,-0.1722,0.9851,26
4,25,1616.0,Low*Medium*NoStarvation,10,Low*Medium*NoStarvation,6.71,5.86,7,6,5,0.1923,0.0586,0.3,0.0192,-0.0293,-0.06,0.0058,0.0,-0.0835,-0.1532,-0.16,0.9851,26
4,26,1642.0,Low*Medium*NoStarvation,10,Low*Medium*NoStarvation,5.86,5.71,6,7,5,0.1923,0.0571,0.35,0.0192,-0.0286,-0.07,0.0058,0.0,-0.0928,-0.16,-0.1677,0.9851,26
4,27,1688.0,Low*Medium*NoStarvation,20,Low*Medium*NoStarvation,5.71,17.57,7,7,9,0.1957,0.1757,0.35,0.0196,-0.0879,-0.07,0.0059,0.0,-0.152,-0.1865,-0.1981,0.9851,46
4,28,1754.0,Low*Medium*NoStarvation,30,Medium*Medium*NoStarvation,17.57,25.14,7,7,16,0.2424,0.2514,0.35,0.0242,-0.1257,-0.07,0.0073,0.0,-0.1884,-0.2169,-0.2295,0.9851,66
4,29,1820.0,Medium*Medium*NoStarvation,30,Medium*Medium*NoStarvation,25.14,25.86,7,7,15,0.2273,0.2586,0.35,0.0227,-0.1293,-0.07,0.0068,0.0,-0.1925,-0.2624,-0.2709,0.9851,66
4,30,1916.0,Medium*Medium*NoStarvation,45,Medium*Medium*NoStarvation,25.86,42.14,7,7,22,0.2292,0.4214,0.35,0.0229,-0.2107,-0.07,0.0069,0.0,-0.2738,-0.3105,-0.3223,0.9851,96
4,31,1962.0,Medium*Medium*NoStarvation,20,Low*Medium*NoStarvation,42.14,15.43,7,7,10,0.2174,0.1543,0.35,0.0217,-0.0771,-0.07,0.0065,0.0,-0.1406,-0.1814,-0.1924,0.9851,46
4,32,1988.0,Low*Medium*NoStarvation,10,Low*Medium*NoStarvation,15.43,6.43,7,7,5,0.1923,0.0643,0.35,0.0192,-0.0321,-0.07,0.0058,0.0,-0.0964,-0.1677,-0.1757,0.9851,26
4,33,2084.0,Low*Medium*NoStarvation,45,Medium*Medium*NoStarvation,6.43,40.0,7,7,23,0.2396,0.4,0.35,0.024,-0.2,-0.07,0.0072,0.0,-0.2628,-0.306,-0.3172,0.9851,96
4,34,2110.0,Medium*Medium*NoStarvation,10,Low*Medium*NoStarvation,40.0,5.71,7,6,5,0.1923,0.0571,0.3,0.0192,-0.0286,-0.06,0.0058,0.0,-0.0828,-0.1722,-0.1791,0.9851,26
4,35,2156.0,Low*Medium*NoStarvation,20,Low*Medium*NoStarvation,5.71,17.14,6,7,10,0.2174,0.1714,0.35,0.0217,-0.0857,-0.07,0.0065,0.0,-0.1492,-0.1981,-0.209,0.9851,46
4,36,2182.0,Low*Medium*NoStarvation,10,Low*Medium*NoStarvation,17.14,7.86,7,7,4,0.1538,0.0786,0.35,0.0154,-0.0393,-0.07,0.0046,0.0,-0.1047,-0.1757,-0.1844,0.9851,26
4,37,2208.0,Low*Medium*NoStarvation,10,Low*Medium*NoStarvation,7.86,6.14,7,7,5,0.1923,0.0614,0.35,0.0192,-0.0307,-0.07,0.0058,0.0,-0.0949,-0.1844,-0.192,0.9851,26
4,38,2304.0,Low*Medium*NoStarvation,45,Medium*Medium*NoStarvation,6.14,41.86,7,7,22,0.2292,0.4186,0.35,0.0229,-0.2093,-0.07,0.0069,0.0,-0.2724,-0.3172,-0.3288,0.9851,96
4,39,2400.0,Medium*Medium*NoStarvation,45,Medium*Medium*NoStarvation,41.86,40.71,7,7,22,0.2292,0.4071,0.35,0.0229,-0.2036,-0.07,0.0069,0.0,-0.2667,-0.3223,-0.3329,0.9851,96
4,40,2446.0,Medium*Medium*NoStarvation,20,Low*Medium*NoStarvation,40.71,16.29,7,7,10,0.2174,0.1629,0.35,0.0217,-0.0814,-0.07,0.0065,0.0,-0.1449,-0.1924,-0.2049,0.9851,46
4,41,2542.0,Low*Medium*NoStarvation,45,Medium*Medium*NoStarvation,16.29,41.43,7,7,23,0.2396,0.4143,0.35,0.024,-0.2071,-0.07,0.0072,0.0,-0.27,-0.3288,-0.3391,0.9851,96
4,42,2638.0,Medium*Medium*NoStarvation,45,Medium*Low*NoStarvation,41.43,46.0,7,2,23,0.2396,0.46,0.1,0.024,-0.23,-0.02,0.0072,0.0,-0.2428,-0.3329,-0.3238,0.9851,96
4,43,2648.0,Medium*Low*NoStarvation,20,Low*Low*NoStarvation,46.0,0.0,2,0,2,0.0435,0.0,0.0,0.0043,-0.0,-0.0,0.0013,0.0,0.0013,0.0,0.0001,0.9851,46
5,0,116.0,Low*Low*NoStarvation,30,Medium*Medium*NoStarvation,0.83,26.71,2,7,31,0.4697,0.2671,0.35,0.047,-0.1336,-0.07,0.0141,0.0,-0.1895,-0.0189,-0.0521,0.9801,66
5,1,182.0,Medium*Medium*NoStarvation,30,Medium*Medium*NoStarvation,26.71,26.43,7,7,30,0.4545,0.2643,0.35,0.0455,-0.1321,-0.07,0.0136,0.0,-0.1885,-0.2709,-0.2788,0.9801,66
5,2,248.0,Medium*Medium*NoStarvation,30,Medium*Medium*NoStarvation,26.43,25.29,7,7,30,0.4545,0.2529,0.35,0.0455,-0.1264,-0.07,0.0136,0.0,-0.1828,-0.2788,-0.2853,0.9801,66
5,3,274.0,Medium*Medium*NoStarvation,10,Low*Medium*NoStarvation,25.29,9.14,7,7,8,0.3077,0.0914,0.35,0.0308,-0.0457,-0.07,0.0092,0.0,-0.1065,-0.1791,-0.1891,0.9801,26
5,4,340.0,Low*Medium*NoStarvation,30,Medium*Medium*NoStarvation,9.14,26.71,7,7,30,0.4545,0.2671,0.35,0.0455,-0.1336,-0.07,0.0136,0.0,-0.1899,-0.2295,-0.2426,0.9801,66
5,5,406.0,Medium*Medium*NoStarvation,30,Medium*Medium*NoStarvation,26.71,27.0,7,7,30,0.4545,0.27,0.35,0.0455,-0.135,-0.07,0.0136,0.0,-0.1914,-0.2853,-0.2929,0.9801,66
5,6,452.0,Medium*Medium*NoStarvation,20,Low*Medium*NoStarvation,27.0,16.57,7,7,19,0.413,0.1657,0.35,0.0413,-0.0829,-0.07,0.0124,0.0,-0.1405,-0.2049,-0.2158,0.9801,46
5,7,548.0,Low*Medium*NoStarvation,45,Medium*Medium*NoStarvation,16.57,40.14,7,7,43,0.4479,0.4014,0.35,0.0448,-0.2007,-0.07,0.0134,0.0,-0.2573,-0.3391,-0.3479,0.9801,96
5,8,594.0,Medium*Medium*NoStarvation,20,Low*Medium*NoStarvation,40.14,16.14,7,7,19,0.413,0.1614,0.35,0.0413,-0.0807,-0.07,0.0124,0.0,-0.1383,-0.2158,-0.2253,0.9801,46
5,9,620.0,Low*Medium*NoStarvation,10,Low*Medium*NoStarvation,16.14,6.86,7,7,9,0.3462,0.0686,0.35,0.0346,-0.0343,-0.07,0.0104,0.0,-0.0939,-0.192,-0.1995,0.9801,26
5,10,646.0,Low*Medium*NoStarvation,10,Low*Medium*NoStarvation,6.86,7.29,7,7,10,0.3846,0.0729,0.35,0.0385,-0.0364,-0.07,0.0115,0.0,-0.0949,-0.1995,-0.207,0.9801,26
5,11,672.0,Low*Medium*NoStarvation,10,Low*Medium*NoStarvation,7.29,7.71,7,7,9,0.3462,0.0771,0.35,0.0346,-0.0386,-0.07,0.0104,0.0,-0.0982,-0.207,-0.2147,0.9801,26
5,12,738.0,Low*Medium*NoStarvation,30,Medium*Medium*NoStarvation,7.71,28.0,7,7,29,0.4394,0.28,0.35,0.0439,-0.14,-0.07,0.0132,0.0,-0.1968,-0.2426,-0.255,0.9801,66
5,13,784.0,Medium*Medium*NoStarvation,20,Low*Medium*NoStarvation,28.0,15.86,7,7,19,0.413,0.1586,0.35,0.0413,-0.0793,-0.07,0.0124,0.0,-0.1369,-0.2253,-0.2353,0.9801,46
5,14,850.0,Low*Medium*NoStarvation,30,Medium*Medium*NoStarvation,15.86,27.14,7,7,27,0.4091,0.2714,0.35,0.0409,-0.1357,-0.07,0.0123,0.0,-0.1934,-0.255,-0.2659,0.9801,66
5,15,946.0,Medium*Medium*NoStarvation,45,Medium*Medium*NoStarvation,27.14,42.71,7,7,41,0.4271,0.4271,0.35,0.0427,-0.2136,-0.07,0.0128,0.0,-0.2708,-0.3238,-0.3356,0.9801,96
5,16,1042.0,Medium*Medium*NoStarvation,45,Medium*Medium*NoStarvation,42.71,40.71,7,7,35,0.3646,0.4071,0.35,0.0365,-0.2036,-0.07,0.0109,0.0,-0.2626,-0.3356,-0.3453,0.9801,96
5,17,1108.0,Medium*Medium*NoStarvation,30,Medium*Medium*NoStarvation,40.71,26.43,7,7,15,0.2273,0.2643,0.35,0.0227,-0.1321,-0.07,0.0068,0.0,-0.1953,-0.2929,-0.3002,0.9801,66
5,18,1154.0,Medium*Medium*NoStarvation,20,Low*Medium*NoStarvation,26.43,16.14,7,7,10,0.2174,0.1614,0.35,0.0217,-0.0807,-0.07,0.0065,0.0,-0.1442,-0.2353,-0.245,0.9801,46
5,19,1180.0,Low*Medium*NoStarvation,10,Low*Medium*NoStarvation,16.14,6.43,7,7,5,0.1923,0.0643,0.35,0.0192,-0.0321,-0.07,0.0058,0.0,-0.0964,-0.2147,-0.2217,0.9801,26
5,20,1226.0,Low*Medium*NoStarvation,20,Low*Medium*NoStarvation,6.43,16.86,7,7,10,0.2174,0.1686,0.35,0.0217,-0.0843,-0.07,0.0065,0.0,-0.1478,-0.209,-0.2217,0.9801,46
5,21,1322.0,Low*Medium*NoStarvation,45,Medium*Medium*NoStarvation,16.86,40.43,7,7,23,0.2396,0.4043,0.35,0.024,-0.2021,-0.07,0.0072,0.0,-0.265,-0.3479,-0.3566,0.9801,96
5,22,1418.0,Medium*Medium*NoStarvation,45,Medium*Medium*NoStarvation,40.43,40.0,7,7,22,0.2292,0.4,0.35,0.0229,-0.2,-0.07,0.0069,0.0,-0.2631,-0.3453,-0.3541,0.9801,96
5,23,1464.0,Medium*Medium*NoStarvation,20,Low*Medium*NoStarvation,40.0,16.0,7,7,10,0.2174,0.16,0.35,0.0217,-0.08,-0.07,0.0065,0.0,-0.1435,-0.245,-0.2548,0.9801,46
5,24,1560.0,Low*Medium*NoStarvation,45,Medium*Medium*NoStarvation,16.0,41.71,7,7,22,0.2292,0.4171,0.35,0.0229,-0.2086,-0.07,0.0069,0.0,-0.2717,-0.3566,-0.3652,0.9801,96
5,25,1586.0,Medium*Medium*NoStarvation,10,Low*Medium*NoStarvation,41.71,7.14,7,7,5,0.1923,0.0714,0.35,0.0192,-0.0357,-0.07,0.0058,0.0,-0.0999,-0.1891,-0.2001,0.9801,26
5,26,1682.0,Low*Medium*NoStarvation,45,Medium*Medium*NoStarvation,7.14,41.86,7,7,22,0.2292,0.4186,0.35,0.0229,-0.2093,-0.07,0.0069,0.0,-0.2724,-0.3652,-0.3739,0.9801,96
5,27,1708.0,Medium*Medium*NoStarvation,10,Low*Medium*NoStarvation,41.86,6.57,7,7,5,0.1923,0.0657,0.35,0.0192,-0.0329,-0.07,0.0058,0.0,-0.0971,-0.2001,-0.2098,0.9801,26
5,28,1804.0,Low*Medium*NoStarvation,45,Medium*Medium*NoStarvation,6.57,40.0,7,7,23,0.2396,0.4,0.35,0.024,-0.2,-0.07,0.0072,0.0,-0.2628,-0.3739,-0.3817,0.9801,96
5,29,1900.0,Medium*Medium*NoStarvation,45,Medium*Medium*NoStarvation,40.0,40.71,7,7,23,0.2396,0.4071,0.35,0.024,-0.2036,-0.07,0.0072,0.0,-0.2664,-0.3541,-0.3642,0.9801,96
5,30,1946.0,Medium*Medium*NoStarvation,20,Low*Medium*NoStarvation,40.71,16.29,7,7,10,0.2174,0.1629,0.35,0.0217,-0.0814,-0.07,0.0065,0.0,-0.1449,-0.2548,-0.2638,0.9801,46
5,31,1992.0,Low*Medium*NoStarvation,20,Low*Medium*NoStarvation,16.29,16.57,7,7,10,0.2174,0.1657,0.35,0.0217,-0.0829,-0.07,0.0065,0.0,-0.1463,-0.2217,-0.2341,0.9801,46
5,32,2018.0,Low*Medium*NoStarvation,10,Low*Medium*NoStarvation,16.57,7.0,7,7,5,0.1923,0.07,0.35,0.0192,-0.035,-0.07,0.0058,0.0,-0.0992,-0.2217,-0.2294,0.9801,26
5,33,2084.0,Low*Medium*NoStarvation,30,Medium*Medium*NoStarvation,7.0,27.71,7,7,14,0.2121,0.2771,0.35,0.0212,-0.1386,-0.07,0.0064,0.0,-0.2022,-0.2659,-0.2784,0.9801,66
5,34,2110.0,Medium*Medium*NoStarvation,10,Low*Medium*NoStarvation,27.71,5.14,7,7,5,0.1923,0.0514,0.35,0.0192,-0.0257,-0.07,0.0058,0.0,-0.0899,-0.2098,-0.2184,0.9801,26
5,35,2206.0,Low*Medium*NoStarvation,45,Medium*Medium*NoStarvation,5.14,40.14,7,7,23,0.2396,0.4014,0.35,0.024,-0.2007,-0.07,0.0072,0.0,-0.2635,-0.3817,-0.3895,0.9801,96
5,36,2252.0,Medium*Medium*NoStarvation,20,Low*Medium*NoStarvation,40.14,15.29,7,7,10,0.2174,0.1529,0.35,0.0217,-0.0764,-0.07,0.0065,0.0,-0.1399,-0.2638,-0.272,0.9801,46
5,37,2348.0,Low*Medium*NoStarvation,45,Medium*Medium*NoStarvation,15.29,41.29,7,7,23,0.2396,0.4129,0.35,0.024,-0.2064,-0.07,0.0072,0.0,-0.2692,-0.3895,-0.3971,0.9801,96
5,38,2414.0,Medium*Medium*NoStarvation,30,Medium*Medium*NoStarvation,41.29,26.29,7,7,15,0.2273,0.2629,0.35,0.0227,-0.1314,-0.07,0.0068,0.0,-0.1946,-0.3002,-0.3093,0.9801,66
5,39,2480.0,Medium*Medium*NoStarvation,30,Medium*Medium*NoStarvation,26.29,26.14,7,7,15,0.2273,0.2614,0.35,0.0227,-0.1307,-0.07,0.0068,0.0,-0.1939,-0.3093,-0.3174,0.9801,66
5,40,2546.0,Medium*Medium*NoStarvation,30,Medium*Medium*NoStarvation,26.14,24.71,7,7,15,0.2273,0.2471,0.35,0.0227,-0.1236,-0.07,0.0068,0.0,-0.1868,-0.3174,-0.324,0.9801,66
5,41,2572.0,Medium*Medium*NoStarvation,10,Low*Medium*NoStarvation,24.71,9.29,7,7,4,0.1538,0.0929,0.35,0.0154,-0.0464,-0.07,0.0046,0.0,-0.1118,-0.2184,-0.2284,0.9801,26
5,42,2598.0,Low*Medium*NoStarvation,10,Low*Medium*NoStarvation,9.29,6.0,7,7,5,0.1923,0.06,0.35,0.0192,-0.03,-0.07,0.0058,0.0,-0.0942,-0.2294,-0.2366,0.9801,26
5,43,2630.0,Low*Medium*NoStarvation,30,Low*Low*NoStarvation,6.0,0.0,7,0,13,0.197,0.0,0.0,0.0197,-0.0,-0.0,0.0059,0.0,0.0059,-0.2784,-0.25,0.9801,66
6,0,146.0,Low*Low*NoStarvation,45,Medium*Medium*NoStarvation,0.83,40.71,2,7,47,0.4896,0.4071,0.35,0.049,-0.2036,-0.07,0.0147,0.0,-0.2589,0.0,-0.0464,0.9752,96
6,1,212.0,Medium*Medium*NoStarvation,30,Medium*Medium*NoStarvation,40.71,27.29,7,7,30,0.4545,0.2729,0.35,0.0455,-0.1364,-0.07,0.0136,0.0,-0.1928,-0.324,-0.3314,0.9752,66
6,2,308.0,Medium*Medium*NoStarvation,45,Medium*Medium*NoStarvation,27.29,41.57,7,7,45,0.4688,0.4157,0.35,0.0469,-0.2079,-0.07,0.0141,0.0,-0.2638,-0.3642,-0.3747,0.9752,96
6,3,374.0,Medium*Medium*NoStarvation,30,Medium*Medium*NoStarvation,41.57,26.43,7,7,28,0.4242,0.2643,0.35,0.0424,-0.1321,-0.07,0.0127,0.0,-0.1894,-0.3314,-0.3378,0.9752,66
6,4,420.0,Medium*Medium*NoStarvation,20,Low*Medium*NoStarvation,26.43,15.29,7,7,18,0.3913,0.1529,0.35,0.0391,-0.0764,-0.07,0.0117,0.0,-0.1347,-0.272,-0.2794,0.9752,46
6,5,486.0,Low*Medium*NoStarvation,30,Medium*Medium*NoStarvation,15.29,26.43,7,7,29,0.4394,0.2643,0.35,0.0439,-0.1321,-0.07,0.0132,0.0,-0.189,-0.25,-0.2644,0.9752,66
6,6,552.0,Medium*Medium*NoStarvation,30,Medium*Medium*NoStarvation,26.43,25.0,7,7,28,0.4242,0.25,0.35,0.0424,-0.125,-0.07,0.0127,0.0,-0.1823,-0.3378,-0.3428,0.9752,66
6,7,578.0,Medium*Medium*NoStarvation,10,Low*Medium*NoStarvation,25.0,6.29,7,7,9,0.3462,0.0629,0.35,0.0346,-0.0314,-0.07,0.0104,0.0,-0.091,-0.2284,-0.2358,0.9752,26
6,8,674.0,Low*Medium*NoStarvation,45,Medium*Medium*NoStarvation,6.29,41.71,7,7,43,0.4479,0.4171,0.35,0.0448,-0.2086,-0.07,0.0134,0.0,-0.2651,-0.3971,-0.4052,0.9752,96
6,9,720.0,Medium*Medium*NoStarvation,20,Low*Medium*NoStarvation,41.71,17.14,7,7,19,0.413,0.1714,0.35,0.0413,-0.0857,-0.07,0.0124,0.0,-0.1433,-0.2794,-0.2868,0.9752,46
6,10,816.0,Low*Medium*NoStarvation,45,Medium*Medium*NoStarvation,17.14,42.0,7,7,41,0.4271,0.42,0.35,0.0427,-0.21,-0.07,0.0128,0.0,-0.2672,-0.4052,-0.4126,0.9752,96
6,11,912.0,Medium*Medium*NoStarvation,45,Medium*Medium*NoStarvation,42.0,41.86,7,7,41,0.4271,0.4186,0.35,0.0427,-0.2093,-0.07,0.0128,0.0,-0.2665,-0.3747,-0.3851,0.9752,96
6,12,978.0,Medium*Medium*NoStarvation,30,Medium*Medium*NoStarvation,41.86,25.86,7,7,29,0.4394,0.2586,0.35,0.0439,-0.1293,-0.07,0.0132,0.0,-0.1861,-0.3428,-0.3484,0.9752,66
6,13,1044.0,Medium*Medium*NoStarvation,30,Medium*Medium*NoStarvation,25.86,26.29,7,7,21,0.3182,0.2629,0.35,0.0318,-0.1314,-0.07,0.0095,0.0,-0.1919,-0.3484,-0.3539,0.9752,66
6,14,1090.0,Medium*Medium*NoStarvation,20,Low*Medium*NoStarvation,26.29,16.86,7,7,10,0.2174,0.1686,0.35,0.0217,-0.0843,-0.07,0.0065,0.0,-0.1478,-0.2868,-0.294,0.9752,46
6,15,1156.0,Low*Medium*NoStarvation,30,Medium*Medium*NoStarvation,16.86,26.86,7,7,15,0.2273,0.2686,0.35,0.0227,-0.1343,-0.07,0.0068,0.0,-0.1975,-0.2644,-0.279,0.9752,66
6,16,1222.0,Medium*Medium*NoStarvation,30,Medium*Medium*NoStarvation,26.86,26.29,7,7,15,0.2273,0.2629,0.35,0.0227,-0.1314,-0.07,0.0068,0.0,-0.1946,-0.3539,-0.3592,0.9752,66
6,17,1268.0,Medium*Medium*NoStarvation,20,Low*Medium*NoStarvation,26.29,17.0,7,7,10,0.2174,0.17,0.35,0.0217,-0.085,-0.07,0.0065,0.0,-0.1485,-0.294,-0.3005,0.9752,46
6,18,1364.0,Low*Medium*NoStarvation,45,Medium*Medium*NoStarvation,17.0,40.86,7,7,23,0.2396,0.4086,0.35,0.024,-0.2043,-0.07,0.0072,0.0,-0.2671,-0.4126,-0.4193,0.9752,96
6,19,1460.0,Medium*Medium*NoStarvation,45,Medium*Medium*NoStarvation,40.86,40.29,7,7,23,0.2396,0.4029,0.35,0.024,-0.2014,-0.07,0.0072,0.0,-0.2642,-0.3851,-0.3942,0.9752,96
6,20,1526.0,Medium*Medium*NoStarvation,30,Medium*Medium*NoStarvation,40.29,26.14,7,7,15,0.2273,0.2614,0.35,0.0227,-0.1307,-0.07,0.0068,0.0,-0.1939,-0.3592,-0.3639,0.9752,66
6,21,1572.0,Medium*Medium*NoStarvation,20,Low*Medium*NoStarvation,26.14,15.71,7,7,11,0.2391,0.1571,0.35,0.0239,-0.0786,-0.07,0.0072,0.0,-0.1414,-0.3005,-0.3057,0.9752,46
6,22,1638.0,Low*Medium*NoStarvation,30,Medium*Medium*NoStarvation,15.71,25.86,7,7,15,0.2273,0.2586,0.35,0.0227,-0.1293,-0.07,0.0068,0.0,-0.1925,-0.279,-0.2915,0.9752,66
6,23,1704.0,Medium*Medium*NoStarvation,30,Medium*Medium*NoStarvation,25.86,25.43,7,7,16,0.2424,0.2543,0.35,0.0242,-0.1271,-0.07,0.0073,0.0,-0.1899,-0.3639,-0.3677,0.9752,66
6,24,1800.0,Medium*Medium*NoStarvation,45,Medium*Medium*NoStarvation,25.43,40.86,7,7,23,0.2396,0.4086,0.35,0.024,-0.2043,-0.07,0.0072,0.0,-0.2671,-0.3942,-0.4027,0.9752,96
6,25,1896.0,Medium*Medium*NoStarvation,45,Medium*Medium*NoStarvation,40.86,40.86,7,7,23,0.2396,0.4086,0.35,0.024,-0.2043,-0.07,0.0072,0.0,-0.2671,-0.4027,-0.4104,0.9752,96
6,26,1962.0,Medium*Medium*NoStarvation,30,Medium*Medium*NoStarvation,40.86,26.57,7,7,15,0.2273,0.2657,0.35,0.0227,-0.1329,-0.07,0.0068,0.0,-0.196,-0.3677,-0.3718,0.9752,66
6,27,2008.0,Medium*Medium*NoStarvation,20,Low*Medium*NoStarvation,26.57,15.29,7,7,10,0.2174,0.1529,0.35,0.0217,-0.0764,-0.07,0.0065,0.0,-0.1399,-0.3057,-0.3102,0.9752,46
6,28,2054.0,Low*Medium*NoStarvation,20,Low*Medium*NoStarvation,15.29,15.71,7,7,11,0.2391,0.1571,0.35,0.0239,-0.0786,-0.07,0.0072,0.0,-0.1414,-0.2341,-0.2459,0.9752,46
6,29,2120.0,Low*Medium*NoStarvation,30,Medium*Medium*NoStarvation,15.71,26.86,7,7,15,0.2273,0.2686,0.35,0.0227,-0.1343,-0.07,0.0068,0.0,-0.1975,-0.2915,-0.3033,0.9752,66
6,30,2166.0,Medium*Medium*NoStarvation,20,Low*Medium*NoStarvation,26.86,15.57,7,7,10,0.2174,0.1557,0.35,0.0217,-0.0779,-0.07,0.0065,0.0,-0.1413,-0.3102,-0.3146,0.9752,46
6,31,2262.0,Low*Medium*NoStarvation,45,Medium*Medium*NoStarvation,15.57,40.71,7,7,23,0.2396,0.4071,0.35,0.024,-0.2036,-0.07,0.0072,0.0,-0.2664,-0.4193,-0.4252,0.9752,96
6,32,2308.0,Medium*Medium*NoStarvation,20,Low*Medium*NoStarvation,40.71,18.0,7,7,10,0.2174,0.18,0.35,0.0217,-0.09,-0.07,0.0065,0.0,-0.1535,-0.3146,-0.3198,0.9752,46
6,33,2374.0,Low*Medium*NoStarvation,30,Medium*Medium*NoStarvation,18.0,25.57,7,7,15,0.2273,0.2557,0.35,0.0227,-0.1279,-0.07,0.0068,0.0,-0.191,-0.3033,-0.3133,0.9752,66
6,34,2400.0,Medium*Medium*NoStarvation,10,Low*Medium*NoStarvation,25.57,6.71,7,7,5,0.1923,0.0671,0.35,0.0192,-0.0336,-0.07,0.0058,0.0,-0.0978,-0.2358,-0.2433,0.9752,26
6,35,2466.0,Low*Medium*NoStarvation,30,Medium*Medium*NoStarvation,6.71,25.86,7,7,15,0.2273,0.2586,0.35,0.0227,-0.1293,-0.07,0.0068,0.0,-0.1925,-0.3133,-0.3231,0.9752,66
6,36,2512.0,Medium*Medium*NoStarvation,20,Low*Medium*NoStarvation,25.86,15.14,7,7,10,0.2174,0.1514,0.35,0.0217,-0.0757,-0.07,0.0065,0.0,-0.1392,-0.3198,-0.323,0.9752,46
6,37,2538.0,Low*Medium*NoStarvation,10,Low*Medium*NoStarvation,15.14,7.14,7,7,4,0.1538,0.0714,0.35,0.0154,-0.0357,-0.07,0.0046,0.0,-0.1011,-0.2366,-0.2443,0.9752,26
6,38,2584.0,Low*Medium*NoStarvation,20,Medium*Low*NoStarvation,7.14,22.0,7,1,10,0.2174,0.22,0.05,0.0217,-0.11,-0.01,0.0065,0.0,-0.1135,-0.2459,-0.2327,0.9752,46
6,39,2593.0,Medium*Low*NoStarvation,45,Low*Low*NoStarvation,22.0,0.0,1,0,1,0.0104,0.0,0.0,0.001,-0.0,-0.0,0.0003,0.0,0.0003,0.0,-0.002,0.9752,96
7,0,96.0,Low*Low*NoStarvation,20,Low*Medium*NoStarvation,0.83,16.14,2,7,21,0.4565,0.1614,0.35,0.0457,-0.0807,-0.07,0.0137,0.0,-0.137,-0.0331,-0.0644,0.9704,46
7,1,122.0,Low*Medium*NoStarvation,10,Low*Medium*NoStarvation,16.14,6.14,7,7,9,0.3462,0.0614,0.35,0.0346,-0.0307,-0.07,0.0104,0.0,-0.0903,-0.2443,-0.2498,0.9704,26
7,2,168.0,Low*Medium*NoStarvation,20,Low*Medium*NoStarvation,6.14,17.0,7,7,20,0.4348,0.17,0.35,0.0435,-0.085,-0.07,0.013,0.0,-0.142,-0.2327,-0.2445,0.9704,46
7,3,264.0,Low*Medium*NoStarvation,45,Medium*Medium*NoStarvation,17.0,41.43,7,7,45,0.4688,0.4143,0.35,0.0469,-0.2071,-0.07,0.0141,0.0,-0.2631,-0.4252,-0.4309,0.9704,96
7,4,310.0,Medium*Medium*NoStarvation,20,Low*Medium*NoStarvation,41.43,16.71,7,7,20,0.4348,0.1671,0.35,0.0435,-0.0836,-0.07,0.013,0.0,-0.1405,-0.323,-0.3268,0.9704,46
7,5,336.0,Low*Medium*NoStarvation,10,Low*Medium*NoStarvation,16.71,6.14,7,7,9,0.3462,0.0614,0.35,0.0346,-0.0307,-0.07,0.0104,0.0,-0.0903,-0.2498,-0.2559,0.9704,26
7,6,382.0,Low*Medium*NoStarvation,20,Low*Medium*NoStarvation,6.14,14.57,7,7,21,0.4565,0.1457,0.35,0.0457,-0.0729,-0.07,0.0137,0.0,-0.1292,-0.2445,-0.255,0.9704,46
7,7,478.0,Low*Medium*NoStarvation,45,Medium*Medium*NoStarvation,14.57,40.71,7,7,46,0.4792,0.4071,0.35,0.0479,-0.2036,-0.07,0.0144,0.0,-0.2592,-0.4309,-0.4356,0.9704,96
7,8,524.0,Medium*Medium*NoStarvation,20,Low*Medium*NoStarvation,40.71,16.71,7,7,18,0.3913,0.1671,0.35,0.0391,-0.0836,-0.07,0.0117,0.0,-0.1418,-0.3268,-0.3312,0.9704,46
7,9,620.0,Low*Medium*NoStarvation,45,Medium*Medium*NoStarvation,16.71,42.86,7,7,42,0.4375,0.4286,0.35,0.0437,-0.2143,-0.07,0.0131,0.0,-0.2712,-0.4356,-0.441,0.9704,96
7,10,716.0,Medium*Medium*NoStarvation,45,Medium*Medium*NoStarvation,42.86,42.71,7,7,41,0.4271,0.4271,0.35,0.0427,-0.2136,-0.07,0.0128,0.0,-0.2708,-0.4104,-0.4183,0.9704,96
7,11,742.0,Medium*Medium*NoStarvation,10,Low*Medium*NoStarvation,42.71,6.43,7,7,10,0.3846,0.0643,0.35,0.0385,-0.0321,-0.07,0.0115,0.0,-0.0906,-0.2433,-0.2509,0.9704,26
7,12,808.0,Low*Medium*NoStarvation,30,Medium*Medium*NoStarvation,6.43,26.14,7,7,29,0.4394,0.2614,0.35,0.0439,-0.1307,-0.07,0.0132,0.0,-0.1875,-0.3231,-0.3322,0.9704,66
7,13,834.0,Medium*Medium*NoStarvation,10,Low*Medium*NoStarvation,26.14,7.86,7,7,8,0.3077,0.0786,0.35,0.0308,-0.0393,-0.07,0.0092,0.0,-0.1001,-0.2509,-0.2588,0.9704,26
7,14,930.0,Low*Medium*NoStarvation,45,Medium*Medium*NoStarvation,7.86,42.43,7,7,42,0.4375,0.4243,0.35,0.0437,-0.2121,-0.07,0.0131,0.0,-0.269,-0.441,-0.4471,0.9704,96
7,15,1026.0,Medium*Medium*NoStarvation,45,Medium*Medium*NoStarvation,42.43,39.57,7,7,38,0.3958,0.3957,0.35,0.0396,-0.1979,-0.07,0.0119,0.0,-0.256,-0.4183,-0.4254,0.9704,96
7,16,1122.0,Medium*Medium*NoStarvation,45,Medium*Medium*NoStarvation,39.57,42.57,7,7,22,0.2292,0.4257,0.35,0.0229,-0.2129,-0.07,0.0069,0.0,-0.276,-0.4254,-0.4337,0.9704,96
7,17,1188.0,Medium*Medium*NoStarvation,30,Medium*Medium*NoStarvation,42.57,26.29,7,7,15,0.2273,0.2629,0.35,0.0227,-0.1314,-0.07,0.0068,0.0,-0.1946,-0.3718,-0.3773,0.9704,66
7,18,1214.0,Medium*Medium*NoStarvation,10,Low*Medium*NoStarvation,26.29,7.0,7,7,5,0.1923,0.07,0.35,0.0192,-0.035,-0.07,0.0058,0.0,-0.0992,-0.2588,-0.2658,0.9704,26
7,19,1310.0,Low*Medium*NoStarvation,45,Medium*Medium*NoStarvation,7.0,39.57,7,7,23,0.2396,0.3957,0.35,0.024,-0.1979,-0.07,0.0072,0.0,-0.2607,-0.4471,-0.4524,0.9704,96
7,20,1336.0,Medium*Medium*NoStarvation,10,Low*Medium*NoStarvation,39.57,6.86,7,7,4,0.1538,0.0686,0.35,0.0154,-0.0343,-0.07,0.0046,0.0,-0.0997,-0.2658,-0.2721,0.9704,26
7,21,1382.0,Low*Medium*NoStarvation,20,Low*Medium*NoStarvation,6.86,16.57,7,7,10,0.2174,0.1657,0.35,0.0217,-0.0829,-0.07,0.0065,0.0,-0.1463,-0.255,-0.2671,0.9704,46
7,22,1408.0,Low*Medium*NoStarvation,10,Low*Medium*NoStarvation,16.57,7.29,7,7,4,0.1538,0.0729,0.35,0.0154,-0.0364,-0.07,0.0046,0.0,-0.1018,-0.2559,-0.2635,0.9704,26
7,23,1454.0,Low*Medium*NoStarvation,20,Low*Medium*NoStarvation,7.29,16.57,7,7,10,0.2174,0.1657,0.35,0.0217,-0.0829,-0.07,0.0065,0.0,-0.1463,-0.2671,-0.2787,0.9704,46
7,24,1550.0,Low*Medium*NoStarvation,45,Medium*Medium*NoStarvation,16.57,42.0,7,7,22,0.2292,0.42,0.35,0.0229,-0.21,-0.07,0.0069,0.0,-0.2731,-0.4524,-0.459,0.9704,96
7,25,1596.0,Medium*Medium*NoStarvation,20,Low*Medium*NoStarvation,42.0,16.86,7,7,10,0.2174,0.1686,0.35,0.0217,-0.0843,-0.07,0.0065,0.0,-0.1478,-0.3312,-0.3366,0.9704,46
7,26,1622.0,Low*Medium*NoStarvation,10,Low*Medium*NoStarvation,16.86,7.43,7,7,4,0.1538,0.0743,0.35,0.0154,-0.0371,-0.07,0.0046,0.0,-0.1025,-0.2635,-0.2711,0.9704,26
7,27,1718.0,Low*Medium*NoStarvation,45,Medium*Medium*NoStarvation,7.43,42.0,7,7,22,0.2292,0.42,0.35,0.0229,-0.21,-0.07,0.0069,0.0,-0.2731,-0.459,-0.4649,0.9704,96
7,28,1764.0,Medium*Medium*NoStarvation,20,Low*Medium*NoStarvation,42.0,15.14,7,7,10,0.2174,0.1514,0.35,0.0217,-0.0757,-0.07,0.0065,0.0,-0.1392,-0.3366,-0.3413,0.9704,46
7,29,1790.0,Low*Medium*NoStarvation,10,Low*Medium*NoStarvation,15.14,9.57,7,7,4,0.1538,0.0957,0.35,0.0154,-0.0479,-0.07,0.0046,0.0,-0.1132,-0.2711,-0.2798,0.9704,26
7,30,1856.0,Low*Medium*NoStarvation,30,Medium*Medium*NoStarvation,9.57,25.57,7,7,15,0.2273,0.2557,0.35,0.0227,-0.1279,-0.07,0.0068,0.0,-0.191,-0.3322,-0.3425,0.9704,66
7,31,1882.0,Medium*Medium*NoStarvation,10,Low*Medium*NoStarvation,25.57,7.0,7,7,4,0.1538,0.07,0.35,0.0154,-0.035,-0.07,0.0046,0.0,-0.1004,-0.2721,-0.2801,0.9704,26
7,32,1928.0,Low*Medium*NoStarvation,20,Low*Medium*NoStarvation,7.0,16.71,7,7,10,0.2174,0.1671,0.35,0.0217,-0.0836,-0.07,0.0065,0.0,-0.147,-0.2787,-0.2907,0.9704,46
7,33,1954.0,Low*Medium*NoStarvation,10,Low*Medium*NoStarvation,16.71,5.57,7,7,5,0.1923,0.0557,0.35,0.0192,-0.0279,-0.07,0.0058,0.0,-0.0921,-0.2798,-0.2862,0.9704,26
7,34,1980.0,Low*Medium*NoStarvation,10,Low*Medium*NoStarvation,5.57,6.29,7,7,5,0.1923,0.0629,0.35,0.0192,-0.0314,-0.07,0.0058,0.0,-0.0957,-0.2862,-0.2929,0.9704,26
7,35,2076.0,Low*Medium*NoStarvation,45,Medium*Medium*NoStarvation,6.29,41.0,7,7,23,0.2396,0.41,0.35,0.024,-0.205,-0.07,0.0072,0.0,-0.2678,-0.4649,-0.4704,0.9704,96
7,36,2102.0,Medium*Medium*NoStarvation,10,Low*Medium*NoStarvation,41.0,6.29,7,7,5,0.1923,0.0629,0.35,0.0192,-0.0314,-0.07,0.0058,0.0,-0.0957,-0.2801,-0.2878,0.9704,26
7,37,2168.0,Low*Medium*NoStarvation,30,Medium*Medium*NoStarvation,6.29,26.86,7,7,15,0.2273,0.2686,0.35,0.0227,-0.1343,-0.07,0.0068,0.0,-0.1975,-0.3425,-0.3539,0.9704,66
7,38,2214.0,Medium*Medium*NoStarvation,20,Low*Medium*NoStarvation,26.86,15.71,7,7,10,0.2174,0.1571,0.35,0.0217,-0.0786,-0.07,0.0065,0.0,-0.142,-0.3413,-0.3475,0.9704,46
7,39,2280.0,Low*Medium*NoStarvation,30,Medium*Medium*NoStarvation,15.71,27.0,7,7,15,0.2273,0.27,0.35,0.0227,-0.135,-0.07,0.0068,0.0,-0.1982,-0.3539,-0.3643,0.9704,66
7,40,2346.0,Medium*Medium*NoStarvation,30,Medium*Medium*NoStarvation,27.0,23.71,7,7,15,0.2273,0.2371,0.35,0.0227,-0.1186,-0.07,0.0068,0.0,-0.1818,-0.3773,-0.3837,0.9704,66
7,41,2442.0,Medium*Medium*NoStarvation,45,Medium*Medium*NoStarvation,23.71,42.29,7,7,22,0.2292,0.4229,0.35,0.0229,-0.2114,-0.07,0.0069,0.0,-0.2746,-0.4337,-0.4437,0.9704,96
7,42,2468.0,Medium*Medium*NoStarvation,10,Low*Medium*NoStarvation,42.29,7.29,7,7,5,0.1923,0.0729,0.35,0.0192,-0.0364,-0.07,0.0058,0.0,-0.1007,-0.2878,-0.2952,0.9704,26
7,43,2514.0,Low*Medium*NoStarvation,20,Low*Medium*NoStarvation,7.29,15.57,7,7,10,0.2174,0.1557,0.35,0.0217,-0.0779,-0.07,0.0065,0.0,-0.1413,-0.2907,-0.3019,0.9704,46
7,44,2580.0,Low*Medium*NoStarvation,30,Medium*Medium*NoStarvation,15.57,25.86,7,7,15,0.2273,0.2586,0.35,0.0227,-0.1293,-0.07,0.0068,0.0,-0.1925,-0.3643,-0.3736,0.9704,66
7,45,2606.0,Medium*Medium*NoStarvation,10,Low*Medium*NoStarvation,25.86,6.0,7,6,5,0.1923,0.06,0.3,0.0192,-0.03,-0.06,0.0058,0.0,-0.0842,-0.2952,-0.3005,0.9704,26
7,46,2632.0,Low*Medium*NoStarvation,10,Low*Medium*NoStarvation,6.0,6.14,6,7,5,0.1923,0.0614,0.35,0.0192,-0.0307,-0.07,0.0058,0.0,-0.0949,-0.2929,-0.2994,0.9704,26
7,47,2658.0,Low*Medium*NoStarvation,10,Low*Medium*NoStarvation,6.14,5.29,7,6,5,0.1923,0.0529,0.3,0.0192,-0.0264,-0.06,0.0058,0.0,-0.0807,-0.2994,-0.3045,0.9704,26
7,48,2684.0,Low*Medium*NoStarvation,10,Low*Low*NoStarvation,5.29,9.67,6,3,5,0.1923,0.0967,0.15,0.0192,-0.0483,-0.03,0.0058,0.0,-0.0726,-0.3045,-0.2833,0.9704,26
7,49,2697.0,Low*Low*NoStarvation,10,Low*Low*NoStarvation,9.67,0.0,3,0,3,0.1154,0.0,0.0,0.0115,-0.0,-0.0,0.0035,0.0,0.0035,-0.0222,-0.0216,0.9704,26
8,0,96.0,Low*Low*NoStarvation,20,Low*Medium*NoStarvation,0.83,16.14,2,7,21,0.4565,0.1614,0.35,0.0457,-0.0807,-0.07,0.0137,0.0,-0.137,-0.0644,-0.0972,0.9655,46
8,1,162.0,Low*Medium*NoStarvation,30,Medium*Medium*NoStarvation,16.14,26.0,7,7,30,0.4545,0.26,0.35,0.0455,-0.13,-0.07,0.0136,0.0,-0.1864,-0.3736,-0.382,0.9655,66
8,2,208.0,Medium*Medium*NoStarvation,20,Low*Medium*NoStarvation,26.0,16.43,7,7,20,0.4348,0.1643,0.35,0.0435,-0.0821,-0.07,0.013,0.0,-0.1391,-0.3475,-0.3521,0.9655,46
8,3,234.0,Low*Medium*NoStarvation,10,Low*Medium*NoStarvation,16.43,6.14,7,7,10,0.3846,0.0614,0.35,0.0385,-0.0307,-0.07,0.0115,0.0,-0.0892,-0.2833,-0.2894,0.9655,26
8,4,280.0,Low*Medium*NoStarvation,20,Low*Medium*NoStarvation,6.14,15.71,7,7,20,0.4348,0.1571,0.35,0.0435,-0.0786,-0.07,0.013,0.0,-0.1355,-0.3019,-0.3113,0.9655,46
8,5,306.0,Low*Medium*NoStarvation,10,Low*Medium*NoStarvation,15.71,5.96,7,7,10,0.3846,0.0596,0.35,0.0385,-0.0298,-0.07,0.0115,0.0,-0.0883,-0.2894,-0.2953,0.9655,26
8,6,352.0,Low*Medium*NoStarvation,20,Low*Medium*NoStarvation,5.96,16.71,7,7,19,0.413,0.1671,0.35,0.0413,-0.0836,-0.07,0.0124,0.0,-0.1412,-0.3113,-0.3209,0.9655,46
8,7,378.0,Low*Medium*NoStarvation,10,Low*Medium*NoStarvation,16.71,6.71,7,7,9,0.3462,0.0671,0.35,0.0346,-0.0336,-0.07,0.0104,0.0,-0.0932,-0.2953,-0.3017,0.9655,26
8,8,404.0,Low*Medium*NoStarvation,10,Low*Medium*NoStarvation,6.71,7.43,7,7,8,0.3077,0.0743,0.35,0.0308,-0.0371,-0.07,0.0092,0.0,-0.0979,-0.3017,-0.3085,0.9655,26
8,9,450.0,Low*Medium*NoStarvation,20,Low*Medium*NoStarvation,7.43,16.71,7,7,20,0.4348,0.1671,0.35,0.0435,-0.0836,-0.07,0.013,0.0,-0.1405,-0.3209,-0.3306,0.9655,46
8,10,516.0,Low*Medium*NoStarvation,30,Medium*Medium*NoStarvation,16.71,25.71,7,7,30,0.4545,0.2571,0.35,0.0455,-0.1286,-0.07,0.0136,0.0,-0.1849,-0.382,-0.3893,0.9655,66
8,11,542.0,Medium*Medium*NoStarvation,10,Low*Medium*NoStarvation,25.71,6.79,7,8,9,0.3462,0.0679,0.4,0.0346,-0.0339,-0.08,0.0104,0.0,-0.1035,-0.3005,-0.3085,0.9655,26
8,12,608.0,Low*Medium*NoStarvation,30,Medium*Medium*NoStarvation,6.79,26.14,8,7,30,0.4545,0.2614,0.35,0.0455,-0.1307,-0.07,0.0136,0.0,-0.1871,-0.3893,-0.3969,0.9655,66
8,13,674.0,Medium*Medium*NoStarvation,30,Medium*Medium*NoStarvation,26.14,27.0,7,7,29,0.4394,0.27,0.35,0.0439,-0.135,-0.07,0.0132,0.0,-0.1918,-0.3837,-0.3923,0.9655,66
8,14,740.0,Medium*Medium*NoStarvation,30,Medium*Medium*NoStarvation,27.0,26.14,7,7,29,0.4394,0.2614,0.35,0.0439,-0.1307,-0.07,0.0132,0.0,-0.1875,-0.3923,-0.3996,0.9655,66
8,15,836.0,Medium*Medium*NoStarvation,45,Medium*Medium*NoStarvation,26.14,42.86,7,7,41,0.4271,0.4286,0.35,0.0427,-0.2143,-0.07,0.0128,0.0,-0.2715,-0.4437,-0.4543,0.9655,96
8,16,882.0,Medium*Medium*NoStarvation,20,Low*Medium*NoStarvation,42.86,18.29,7,7,18,0.3913,0.1829,0.35,0.0391,-0.0914,-0.07,0.0117,0.0,-0.1497,-0.3521,-0.3597,0.9655,46
8,17,978.0,Low*Medium*NoStarvation,45,Medium*Medium*NoStarvation,18.29,40.57,7,7,43,0.4479,0.4057,0.35,0.0448,-0.2029,-0.07,0.0134,0.0,-0.2594,-0.4704,-0.4771,0.9655,96
8,18,1024.0,Medium*Medium*NoStarvation,20,Low*Medium*NoStarvation,40.57,16.14,7,7,15,0.3261,0.1614,0.35,0.0326,-0.0807,-0.07,0.0098,0.0,-0.1409,-0.3597,-0.3656,0.9655,46
8,19,1120.0,Low*Medium*NoStarvation,45,Medium*Medium*NoStarvation,16.14,40.29,7,7,23,0.2396,0.4029,0.35,0.024,-0.2014,-0.07,0.0072,0.0,-0.2642,-0.4771,-0.4835,0.9655,96
8,20,1216.0,Medium*Medium*NoStarvation,45,Medium*Medium*NoStarvation,40.29,40.29,7,7,23,0.2396,0.4029,0.35,0.024,-0.2014,-0.07,0.0072,0.0,-0.2642,-0.4543,-0.463,0.9655,96
8,21,1262.0,Medium*Medium*NoStarvation,20,Low*Medium*NoStarvation,40.29,16.43,7,7,10,0.2174,0.1643,0.35,0.0217,-0.0821,-0.07,0.0065,0.0,-0.1456,-0.3656,-0.3713,0.9655,46
8,22,1358.0,Low*Medium*NoStarvation,45,Medium*Medium*NoStarvation,16.43,39.57,7,7,23,0.2396,0.3957,0.35,0.024,-0.1979,-0.07,0.0072,0.0,-0.2607,-0.4835,-0.489,0.9655,96
8,23,1384.0,Medium*Medium*NoStarvation,10,Low*Medium*NoStarvation,39.57,5.29,7,6,5,0.1923,0.0529,0.3,0.0192,-0.0264,-0.06,0.0058,0.0,-0.0807,-0.3085,-0.3135,0.9655,26
8,24,1430.0,Low*Medium*NoStarvation,20,Low*Medium*NoStarvation,5.29,16.0,6,7,10,0.2174,0.16,0.35,0.0217,-0.08,-0.07,0.0065,0.0,-0.1435,-0.3306,-0.3396,0.9655,46
8,25,1476.0,Low*Medium*NoStarvation,20,Low*Medium*NoStarvation,16.0,15.86,7,7,10,0.2174,0.1586,0.35,0.0217,-0.0793,-0.07,0.0065,0.0,-0.1428,-0.3396,-0.3477,0.9655,46
8,26,1572.0,Low*Medium*NoStarvation,45,Medium*Medium*NoStarvation,15.86,41.43,7,7,23,0.2396,0.4143,0.35,0.024,-0.2071,-0.07,0.0072,0.0,-0.27,-0.489,-0.4953,0.9655,96
8,27,1598.0,Medium*Medium*NoStarvation,10,Low*Medium*NoStarvation,41.43,6.0,7,7,5,0.1923,0.06,0.35,0.0192,-0.03,-0.07,0.0058,0.0,-0.0942,-0.3135,-0.3194,0.9655,26
8,28,1664.0,Low*Medium*NoStarvation,30,Medium*Medium*NoStarvation,6.0,27.29,7,7,15,0.2273,0.2729,0.35,0.0227,-0.1364,-0.07,0.0068,0.0,-0.1996,-0.3969,-0.4059,0.9655,66
8,29,1690.0,Medium*Medium*NoStarvation,10,Low*Medium*NoStarvation,27.29,7.71,7,7,4,0.1538,0.0771,0.35,0.0154,-0.0386,-0.07,0.0046,0.0,-0.104,-0.3194,-0.3256,0.9655,26
8,30,1736.0,Low*Medium*NoStarvation,20,Low*Medium*NoStarvation,7.71,16.43,7,7,10,0.2174,0.1643,0.35,0.0217,-0.0821,-0.07,0.0065,0.0,-0.1456,-0.3477,-0.3553,0.9655,46
8,31,1762.0,Low*Medium*NoStarvation,10,Low*Medium*NoStarvation,16.43,5.86,7,7,5,0.1923,0.0586,0.35,0.0192,-0.0293,-0.07,0.0058,0.0,-0.0935,-0.3085,-0.3147,0.9655,26
8,32,1808.0,Low*Medium*NoStarvation,20,Low*Medium*NoStarvation,5.86,16.29,7,7,10,0.2174,0.1629,0.35,0.0217,-0.0814,-0.07,0.0065,0.0,-0.1449,-0.3553,-0.3626,0.9655,46
8,33,1834.0,Low*Medium*NoStarvation,10,Low*Medium*NoStarvation,16.29,6.29,7,6,5,0.1923,0.0629,0.3,0.0192,-0.0314,-0.06,0.0058,0.0,-0.0857,-0.3147,-0.3202,0.9655,26
8,34,1880.0,Low*Medium*NoStarvation,20,Low*Medium*NoStarvation,6.29,15.14,6,7,10,0.2174,0.1514,0.35,0.0217,-0.0757,-0.07,0.0065,0.0,-0.1392,-0.3626,-0.369,0.9655,46
8,35,1906.0,Low*Medium*NoStarvation,10,Low*Medium*NoStarvation,15.14,8.57,7,7,4,0.1538,0.0857,0.35,0.0154,-0.0429,-0.07,0.0046,0.0,-0.1082,-0.3202,-0.3278,0.9655,26
8,36,1972.0,Low*Medium*NoStarvation,30,Medium*Medium*NoStarvation,8.57,27.0,7,7,15,0.2273,0.27,0.35,0.0227,-0.135,-0.07,0.0068,0.0,-0.1982,-0.4059,-0.4144,0.9655,66
8,37,2038.0,Medium*Medium*NoStarvation,30,Medium*Medium*NoStarvation,27.0,26.0,7,7,15,0.2273,0.26,0.35,0.0227,-0.13,-0.07,0.0068,0.0,-0.1932,-0.3996,-0.4082,0.9655,66
8,38,2064.0,Medium*Medium*NoStarvation,10,Low*Medium*NoStarvation,26.0,6.71,7,7,5,0.1923,0.0671,0.35,0.0192,-0.0336,-0.07,0.0058,0.0,-0.0978,-0.3256,-0.3323,0.9655,26
8,39,2090.0,Low*Medium*NoStarvation,10,Low*Medium*NoStarvation,6.71,6.29,7,7,5,0.1923,0.0629,0.35,0.0192,-0.0314,-0.07,0.0058,0.0,-0.0957,-0.3278,-0.3341,0.9655,26
8,40,2116.0,Low*Medium*NoStarvation,10,Low*Medium*NoStarvation,6.29,7.43,7,7,4,0.1538,0.0743,0.35,0.0154,-0.0371,-0.07,0.0046,0.0,-0.1025,-0.3341,-0.341,0.9655,26
8,41,2212.0,Low*Medium*NoStarvation,45,Medium*Medium*NoStarvation,7.43,40.29,7,7,23,0.2396,0.4029,0.35,0.024,-0.2014,-0.07,0.0072,0.0,-0.2642,-0.4953,-0.5021,0.9655,96
8,42,2278.0,Medium*Medium*NoStarvation,30,Medium*Medium*NoStarvation,40.29,27.57,7,7,15,0.2273,0.2757,0.35,0.0227,-0.1379,-0.07,0.0068,0.0,-0.201,-0.4082,-0.4174,0.9655,66
8,43,2344.0,Medium*Medium*NoStarvation,30,Medium*Medium*NoStarvation,27.57,25.71,7,7,15,0.2273,0.2571,0.35,0.0227,-0.1286,-0.07,0.0068,0.0,-0.1918,-0.4174,-0.4248,0.9655,66
8,44,2440.0,Medium*Medium*NoStarvation,45,Medium*Medium*NoStarvation,25.71,41.57,7,7,22,0.2292,0.4157,0.35,0.0229,-0.2079,-0.07,0.0069,0.0,-0.271,-0.463,-0.4737,0.9655,96
8,45,2506.0,Medium*Medium*NoStarvation,30,Medium*Medium*NoStarvation,41.57,24.57,7,7,16,0.2424,0.2457,0.35,0.0242,-0.1229,-0.07,0.0073,0.0,-0.1856,-0.4248,-0.4307,0.9655,66
8,46,2552.0,Medium*Medium*NoStarvation,20,Low*Medium*NoStarvation,24.57,16.29,7,7,10,0.2174,0.1629,0.35,0.0217,-0.0814,-0.07,0.0065,0.0,-0.1449,-0.3713,-0.3794,0.9655,46
8,47,2578.0,Low*Medium*NoStarvation,10,Low*Medium*NoStarvation,16.29,5.57,7,7,5,0.1923,0.0557,0.35,0.0192,-0.0279,-0.07,0.0058,0.0,-0.0921,-0.341,-0.3468,0.9655,26
8,48,2604.0,Low*Medium*NoStarvation,10,Low*Medium*NoStarvation,5.57,6.57,7,7,5,0.1923,0.0657,0.35,0.0192,-0.0329,-0.07,0.0058,0.0,-0.0971,-0.3468,-0.353,0.9655,26
8,49,2650.0,Low*Medium*NoStarvation,20,Low*Medium*NoStarvation,6.57,16.71,7,7,10,0.2174,0.1671,0.35,0.0217,-0.0836,-0.07,0.0065,0.0,-0.147,-0.369,-0.3786,0.9655,46
8,50,2676.0,Low*Medium*NoStarvation,20,Low*Low*NoStarvation,16.71,0.0,7,0,10,0.2174,0.0,0.0,0.0217,-0.0,-0.0,0.0065,0.0,0.0065,-0.3786,-0.342,0.9655,46
9,0,116.0,Low*Low*NoStarvation,30,Medium*Medium*NoStarvation,0.83,26.71,2,7,31,0.4697,0.2671,0.35,0.047,-0.1336,-0.07,0.0141,0.0,-0.1895,-0.0521,-0.0958,0.9607,66
9,1,142.0,Medium*Medium*NoStarvation,10,Low*Medium*NoStarvation,26.71,7.0,7,7,10,0.3846,0.07,0.35,0.0385,-0.035,-0.07,0.0115,0.0,-0.0935,-0.3323,-0.3392,0.9607,26
9,2,238.0,Low*Medium*NoStarvation,45,Medium*Medium*NoStarvation,7.0,39.57,7,7,45,0.4688,0.3957,0.35,0.0469,-0.1979,-0.07,0.0141,0.0,-0.2538,-0.5021,-0.5078,0.9607,96
9,3,334.0,Medium*Medium*NoStarvation,45,Medium*Medium*NoStarvation,39.57,41.43,7,7,46,0.4792,0.4143,0.35,0.0479,-0.2071,-0.07,0.0144,0.0,-0.2628,-0.4737,-0.4832,0.9607,96
9,4,380.0,Medium*Medium*NoStarvation,20,Low*Medium*NoStarvation,41.43,16.71,7,7,19,0.413,0.1671,0.35,0.0413,-0.0836,-0.07,0.0124,0.0,-0.1412,-0.3794,-0.3863,0.9607,46
9,5,476.0,Low*Medium*NoStarvation,45,Medium*Medium*NoStarvation,16.71,41.29,7,7,41,0.4271,0.4129,0.35,0.0427,-0.2064,-0.07,0.0128,0.0,-0.2636,-0.5078,-0.5139,0.9607,96
9,6,522.0,Medium*Medium*NoStarvation,20,Low*Medium*NoStarvation,41.29,15.14,7,7,19,0.413,0.1514,0.35,0.0413,-0.0757,-0.07,0.0124,0.0,-0.1333,-0.3863,-0.3918,0.9607,46
9,7,588.0,Low*Medium*NoStarvation,30,Medium*Medium*NoStarvation,15.14,27.29,7,7,29,0.4394,0.2729,0.35,0.0439,-0.1364,-0.07,0.0132,0.0,-0.1932,-0.4144,-0.4228,0.9607,66
9,8,684.0,Medium*Medium*NoStarvation,45,Medium*Medium*NoStarvation,27.29,40.0,7,7,42,0.4375,0.4,0.35,0.0437,-0.2,-0.07,0.0131,0.0,-0.2569,-0.4832,-0.4911,0.9607,96
9,9,780.0,Medium*Medium*NoStarvation,45,Medium*Medium*NoStarvation,40.0,40.29,7,7,42,0.4375,0.4029,0.35,0.0437,-0.2014,-0.07,0.0131,0.0,-0.2583,-0.4911,-0.4983,0.9607,96
9,10,846.0,Medium*Medium*NoStarvation,30,Medium*Medium*NoStarvation,40.29,26.71,7,7,28,0.4242,0.2671,0.35,0.0424,-0.1336,-0.07,0.0127,0.0,-0.1908,-0.4307,-0.4373,0.9607,66
9,11,912.0,Medium*Medium*NoStarvation,30,Medium*Medium*NoStarvation,26.71,25.86,7,7,28,0.4242,0.2586,0.35,0.0424,-0.1293,-0.07,0.0127,0.0,-0.1866,-0.4373,-0.4427,0.9607,66
9,12,1008.0,Medium*Medium*NoStarvation,45,Medium*Medium*NoStarvation,25.86,40.29,7,7,42,0.4375,0.4029,0.35,0.0437,-0.2014,-0.07,0.0131,0.0,-0.2583,-0.4983,-0.5048,0.9607,96
9,13,1104.0,Medium*Medium*NoStarvation,45,Medium*Medium*NoStarvation,40.29,41.29,7,7,22,0.2292,0.4129,0.35,0.0229,-0.2064,-0.07,0.0069,0.0,-0.2696,-0.5048,-0.5118,0.9607,96
9,14,1200.0,Medium*Medium*NoStarvation,45,Medium*Medium*NoStarvation,41.29,41.0,7,7,23,0.2396,0.41,0.35,0.024,-0.205,-0.07,0.0072,0.0,-0.2678,-0.5118,-0.518,0.9607,96
9,15,1226.0,Medium*Medium*NoStarvation,10,Low*Medium*NoStarvation,41.0,6.14,7,7,5,0.1923,0.0614,0.35,0.0192,-0.0307,-0.07,0.0058,0.0,-0.0949,-0.3392,-0.3456,0.9607,26
9,16,1252.0,Low*Medium*NoStarvation,10,Low*Medium*NoStarvation,6.14,6.57,7,7,5,0.1923,0.0657,0.35,0.0192,-0.0329,-0.07,0.0058,0.0,-0.0971,-0.353,-0.3582,0.9607,26
9,17,1348.0,Low*Medium*NoStarvation,45,Medium*Medium*NoStarvation,6.57,39.86,7,7,23,0.2396,0.3986,0.35,0.024,-0.1993,-0.07,0.0072,0.0,-0.2621,-0.5139,-0.5198,0.9607,96
9,18,1414.0,Medium*Medium*NoStarvation,30,Medium*Medium*NoStarvation,39.86,26.43,7,7,15,0.2273,0.2643,0.35,0.0227,-0.1321,-0.07,0.0068,0.0,-0.1953,-0.4427,-0.4491,0.9607,66
9,19,1480.0,Medium*Medium*NoStarvation,30,Medium*Medium*NoStarvation,26.43,27.0,7,7,14,0.2121,0.27,0.35,0.0212,-0.135,-0.07,0.0064,0.0,-0.1986,-0.4491,-0.4552,0.9607,66
9,20,1546.0,Medium*Medium*NoStarvation,30,Medium*Medium*NoStarvation,27.0,26.14,7,7,15,0.2273,0.2614,0.35,0.0227,-0.1307,-0.07,0.0068,0.0,-0.1939,-0.4552,-0.4601,0.9607,66
9,21,1642.0,Medium*Medium*NoStarvation,45,Medium*Medium*NoStarvation,26.14,42.29,7,7,22,0.2292,0.4229,0.35,0.0229,-0.2114,-0.07,0.0069,0.0,-0.2746,-0.518,-0.5247,0.9607,96
9,22,1738.0,Medium*Medium*NoStarvation,45,Medium*Medium*NoStarvation,42.29,41.0,7,7,23,0.2396,0.41,0.35,0.024,-0.205,-0.07,0.0072,0.0,-0.2678,-0.5247,-0.5301,0.9607,96
9,23,1764.0,Medium*Medium*NoStarvation,10,Low*Medium*NoStarvation,41.0,8.71,7,7,4,0.1538,0.0871,0.35,0.0154,-0.0436,-0.07,0.0046,0.0,-0.109,-0.3456,-0.3527,0.9607,26
9,24,1830.0,Low*Medium*NoStarvation,30,Medium*Medium*NoStarvation,8.71,27.71,7,7,14,0.2121,0.2771,0.35,0.0212,-0.1386,-0.07,0.0064,0.0,-0.2022,-0.4228,-0.4325,0.9607,66
9,25,1896.0,Medium*Medium*NoStarvation,30,Medium*Medium*NoStarvation,27.71,27.14,7,7,15,0.2273,0.2714,0.35,0.0227,-0.1357,-0.07,0.0068,0.0,-0.1989,-0.4601,-0.4657,0.9607,66
9,26,1922.0,Medium*Medium*NoStarvation,10,Low*Medium*NoStarvation,27.14,5.86,7,7,5,0.1923,0.0586,0.35,0.0192,-0.0293,-0.07,0.0058,0.0,-0.0935,-0.3527,-0.3575,0.9607,26
9,27,1948.0,Low*Medium*NoStarvation,10,Low*Medium*NoStarvation,5.86,7.57,7,7,5,0.1923,0.0757,0.35,0.0192,-0.0379,-0.07,0.0058,0.0,-0.1021,-0.3582,-0.3634,0.9607,26
9,28,1994.0,Low*Medium*NoStarvation,20,Low*Medium*NoStarvation,7.57,16.86,7,7,10,0.2174,0.1686,0.35,0.0217,-0.0843,-0.07,0.0065,0.0,-0.1478,-0.342,-0.3534,0.9607,46
9,29,2020.0,Low*Medium*NoStarvation,10,Low*Medium*NoStarvation,16.86,7.0,7,7,5,0.1923,0.07,0.35,0.0192,-0.035,-0.07,0.0058,0.0,-0.0992,-0.3634,-0.3688,0.9607,26
9,30,2066.0,Low*Medium*NoStarvation,20,Low*Medium*NoStarvation,7.0,16.14,7,7,10,0.2174,0.1614,0.35,0.0217,-0.0807,-0.07,0.0065,0.0,-0.1442,-0.3534,-0.3643,0.9607,46
9,31,2162.0,Low*Medium*NoStarvation,45,Medium*Medium*NoStarvation,16.14,41.0,7,7,23,0.2396,0.41,0.35,0.024,-0.205,-0.07,0.0072,0.0,-0.2678,-0.5198,-0.5268,0.9607,96
9,32,2228.0,Medium*Medium*NoStarvation,30,Medium*Medium*NoStarvation,41.0,26.29,7,7,15,0.2273,0.2629,0.35,0.0227,-0.1314,-0.07,0.0068,0.0,-0.1946,-0.4657,-0.4708,0.9607,66
9,33,2294.0,Medium*Medium*NoStarvation,30,Medium*Medium*NoStarvation,26.29,27.14,7,7,15,0.2273,0.2714,0.35,0.0227,-0.1357,-0.07,0.0068,0.0,-0.1989,-0.4708,-0.4758,0.9607,66
9,34,2340.0,Medium*Medium*NoStarvation,20,Low*Medium*NoStarvation,27.14,16.43,7,7,10,0.2174,0.1643,0.35,0.0217,-0.0821,-0.07,0.0065,0.0,-0.1456,-0.3918,-0.4,0.9607,46
9,35,2406.0,Low*Medium*NoStarvation,30,Medium*Medium*NoStarvation,16.43,26.14,7,7,15,0.2273,0.2614,0.35,0.0227,-0.1307,-0.07,0.0068,0.0,-0.1939,-0.4325,-0.4408,0.9607,66
9,36,2502.0,Medium*Medium*NoStarvation,45,Medium*Medium*NoStarvation,26.14,41.29,7,7,22,0.2292,0.4129,0.35,0.0229,-0.2064,-0.07,0.0069,0.0,-0.2696,-0.5301,-0.5363,0.9607,96
9,37,2528.0,Medium*Medium*NoStarvation,10,Low*Medium*NoStarvation,41.29,7.86,7,7,4,0.1538,0.0786,0.35,0.0154,-0.0393,-0.07,0.0046,0.0,-0.1047,-0.3575,-0.365,0.9607,26
9,38,2574.0,Low*Medium*NoStarvation,20,Low*Medium*NoStarvation,7.86,16.57,7,7,10,0.2174,0.1657,0.35,0.0217,-0.0829,-0.07,0.0065,0.0,-0.1463,-0.3643,-0.3753,0.9607,46
9,39,2600.0,Low*Medium*NoStarvation,20,Low*Low*NoStarvation,16.57,0.0,7,0,10,0.2174,0.0,0.0,0.0217,-0.0,-0.0,0.0065,0.0,0.0065,-0.3753,-0.339,0.9607,46
10,0,146.0,Low*Low*NoStarvation,45,Medium*Medium*NoStarvation,0.83,40.71,2,7,47,0.4896,0.4071,0.35,0.049,-0.2036,-0.07,0.0147,0.0,-0.2589,-0.0464,-0.1005,0.9559,96
10,1,172.0,Medium*Medium*NoStarvation,10,Low*Medium*NoStarvation,40.71,8.43,7,7,9,0.3462,0.0843,0.35,0.0346,-0.0421,-0.07,0.0104,0.0,-0.1018,-0.365,-0.3692,0.9559,26
10,2,238.0,Low*Medium*NoStarvation,30,Medium*Medium*NoStarvation,8.43,26.57,7,7,30,0.4545,0.2657,0.35,0.0455,-0.1329,-0.07,0.0136,0.0,-0.1892,-0.4408,-0.4489,0.9559,66
10,3,304.0,Medium*Medium*NoStarvation,30,Medium*Medium*NoStarvation,26.57,25.43,7,7,31,0.4697,0.2543,0.35,0.047,-0.1271,-0.07,0.0141,0.0,-0.1831,-0.4758,-0.4798,0.9559,66
10,4,330.0,Medium*Medium*NoStarvation,10,Low*Medium*NoStarvation,25.43,8.43,7,7,9,0.3462,0.0843,0.35,0.0346,-0.0421,-0.07,0.0104,0.0,-0.1018,-0.3692,-0.373,0.9559,26
10,5,396.0,Low*Medium*NoStarvation,30,Medium*Medium*NoStarvation,8.43,26.86,7,7,29,0.4394,0.2686,0.35,0.0439,-0.1343,-0.07,0.0132,0.0,-0.1911,-0.4489,-0.4567,0.9559,66
10,6,462.0,Medium*Medium*NoStarvation,30,Medium*Medium*NoStarvation,26.86,26.86,7,7,28,0.4242,0.2686,0.35,0.0424,-0.1343,-0.07,0.0127,0.0,-0.1916,-0.4798,-0.4845,0.9559,66
10,7,558.0,Medium*Medium*NoStarvation,45,Medium*Medium*NoStarvation,26.86,41.71,7,7,42,0.4375,0.4171,0.35,0.0437,-0.2086,-0.07,0.0131,0.0,-0.2654,-0.5363,-0.5427,0.9559,96
10,8,624.0,Medium*Medium*NoStarvation,30,Medium*Medium*NoStarvation,41.71,26.57,7,7,28,0.4242,0.2657,0.35,0.0424,-0.1329,-0.07,0.0127,0.0,-0.1901,-0.4845,-0.4886,0.9559,66
10,9,650.0,Medium*Medium*NoStarvation,10,Low*Medium*NoStarvation,26.57,6.14,7,7,9,0.3462,0.0614,0.35,0.0346,-0.0307,-0.07,0.0104,0.0,-0.0903,-0.373,-0.3752,0.9559,26
10,10,676.0,Low*Medium*NoStarvation,10,Low*Medium*NoStarvation,6.14,6.57,7,7,10,0.3846,0.0657,0.35,0.0385,-0.0329,-0.07,0.0115,0.0,-0.0913,-0.3688,-0.3715,0.9559,26
10,11,772.0,Low*Medium*NoStarvation,45,Medium*Medium*NoStarvation,6.57,40.57,7,7,43,0.4479,0.4057,0.35,0.0448,-0.2029,-0.07,0.0134,0.0,-0.2594,-0.5268,-0.5339,0.9559,96
10,12,838.0,Medium*Medium*NoStarvation,30,Medium*Medium*NoStarvation,40.57,26.0,7,7,28,0.4242,0.26,0.35,0.0424,-0.13,-0.07,0.0127,0.0,-0.1873,-0.4886,-0.4923,0.9559,66
10,13,864.0,Medium*Medium*NoStarvation,10,Low*Medium*NoStarvation,26.0,7.29,7,8,9,0.3462,0.0729,0.4,0.0346,-0.0364,-0.08,0.0104,0.0,-0.106,-0.3752,-0.3788,0.9559,26
10,14,910.0,Low*Medium*NoStarvation,20,Low*Medium*NoStarvation,7.29,15.57,8,7,19,0.413,0.1557,0.35,0.0413,-0.0779,-0.07,0.0124,0.0,-0.1355,-0.339,-0.3492,0.9559,46
10,15,956.0,Low*Medium*NoStarvation,20,Low*Medium*NoStarvation,15.57,16.29,7,7,20,0.4348,0.1629,0.35,0.0435,-0.0814,-0.07,0.013,0.0,-0.1384,-0.3492,-0.3595,0.9559,46
10,16,1002.0,Low*Medium*NoStarvation,20,Low*Medium*NoStarvation,16.29,16.14,7,7,19,0.413,0.1614,0.35,0.0413,-0.0807,-0.07,0.0124,0.0,-0.1383,-0.3595,-0.3698,0.9559,46
10,17,1068.0,Low*Medium*NoStarvation,30,Medium*Medium*NoStarvation,16.14,25.86,7,7,16,0.2424,0.2586,0.35,0.0242,-0.1293,-0.07,0.0073,0.0,-0.192,-0.4567,-0.4643,0.9559,66
10,18,1164.0,Medium*Medium*NoStarvation,45,Medium*Medium*NoStarvation,25.86,43.0,7,7,22,0.2292,0.43,0.35,0.0229,-0.215,-0.07,0.0069,0.0,-0.2781,-0.5427,-0.5504,0.9559,96
10,19,1190.0,Medium*Medium*NoStarvation,10,Low*Medium*NoStarvation,43.0,5.29,7,6,5,0.1923,0.0529,0.3,0.0192,-0.0264,-0.06,0.0058,0.0,-0.0807,-0.3788,-0.3823,0.9559,26
10,20,1236.0,Low*Medium*NoStarvation,20,Low*Medium*NoStarvation,5.29,16.86,6,7,10,0.2174,0.1686,0.35,0.0217,-0.0843,-0.07,0.0065,0.0,-0.1478,-0.3698,-0.3809,0.9559,46
10,21,1302.0,Low*Medium*NoStarvation,30,Medium*Medium*NoStarvation,16.86,24.86,7,7,15,0.2273,0.2486,0.35,0.0227,-0.1243,-0.07,0.0068,0.0,-0.1875,-0.4643,-0.471,0.9559,66
10,22,1348.0,Medium*Medium*NoStarvation,20,Low*Medium*NoStarvation,24.86,15.86,7,7,10,0.2174,0.1586,0.35,0.0217,-0.0793,-0.07,0.0065,0.0,-0.1428,-0.4,-0.4077,0.9559,46
10,23,1374.0,Low*Medium*NoStarvation,10,Low*Medium*NoStarvation,15.86,6.29,7,7,5,0.1923,0.0629,0.35,0.0192,-0.0314,-0.07,0.0058,0.0,-0.0957,-0.3715,-0.3774,0.9559,26
10,24,1440.0,Low*Medium*NoStarvation,30,Medium*Medium*NoStarvation,6.29,26.14,7,7,14,0.2121,0.2614,0.35,0.0212,-0.1307,-0.07,0.0064,0.0,-0.1944,-0.471,-0.4778,0.9559,66
10,25,1466.0,Medium*Medium*NoStarvation,10,Low*Medium*NoStarvation,26.14,5.86,7,6,5,0.1923,0.0586,0.3,0.0192,-0.0293,-0.06,0.0058,0.0,-0.0835,-0.3823,-0.3864,0.9559,26
10,26,1512.0,Low*Medium*NoStarvation,20,Low*Medium*NoStarvation,5.86,15.29,6,7,10,0.2174,0.1529,0.35,0.0217,-0.0764,-0.07,0.0065,0.0,-0.1399,-0.3809,-0.3907,0.9559,46
10,27,1538.0,Low*Medium*NoStarvation,10,Low*Medium*NoStarvation,15.29,6.57,7,7,5,0.1923,0.0657,0.35,0.0192,-0.0329,-0.07,0.0058,0.0,-0.0971,-0.3774,-0.3833,0.9559,26
10,28,1564.0,Low*Medium*NoStarvation,10,Low*Medium*NoStarvation,6.57,9.14,7,7,4,0.1538,0.0914,0.35,0.0154,-0.0457,-0.07,0.0046,0.0,-0.1111,-0.3833,-0.3906,0.9559,26
10,29,1630.0,Low*Medium*NoStarvation,30,Medium*Medium*NoStarvation,9.14,25.71,7,7,15,0.2273,0.2571,0.35,0.0227,-0.1286,-0.07,0.0068,0.0,-0.1918,-0.4778,-0.4839,0.9559,66
10,30,1726.0,Medium*Medium*NoStarvation,45,Medium*Medium*NoStarvation,25.71,41.71,7,7,22,0.2292,0.4171,0.35,0.0229,-0.2086,-0.07,0.0069,0.0,-0.2717,-0.5504,-0.5573,0.9559,96
10,31,1752.0,Medium*Medium*NoStarvation,10,Low*Medium*NoStarvation,41.71,6.14,7,7,5,0.1923,0.0614,0.35,0.0192,-0.0307,-0.07,0.0058,0.0,-0.0949,-0.3864,-0.3924,0.9559,26
10,32,1798.0,Low*Medium*NoStarvation,20,Low*Medium*NoStarvation,6.14,16.0,7,7,10,0.2174,0.16,0.35,0.0217,-0.08,-0.07,0.0065,0.0,-0.1435,-0.3907,-0.4012,0.9559,46
10,33,1894.0,Low*Medium*NoStarvation,45,Medium*Medium*NoStarvation,16.0,42.86,7,7,22,0.2292,0.4286,0.35,0.0229,-0.2143,-0.07,0.0069,0.0,-0.2774,-0.5339,-0.5435,0.9559,96
10,34,1940.0,Medium*Medium*NoStarvation,20,Low*Medium*NoStarvation,42.86,16.14,7,7,10,0.2174,0.1614,0.35,0.0217,-0.0807,-0.07,0.0065,0.0,-0.1442,-0.4077,-0.4165,0.9559,46
10,35,1986.0,Low*Medium*NoStarvation,20,Low*Medium*NoStarvation,16.14,14.29,7,7,10,0.2174,0.1429,0.35,0.0217,-0.0714,-0.07,0.0065,0.0,-0.1349,-0.4012,-0.4097,0.9559,46
10,36,2052.0,Low*Medium*NoStarvation,30,Medium*Medium*NoStarvation,14.29,24.86,7,7,16,0.2424,0.2486,0.35,0.0242,-0.1243,-0.07,0.0073,0.0,-0.187,-0.4839,-0.4896,0.9559,66
10,37,2098.0,Medium*Medium*NoStarvation,20,Low*Medium*NoStarvation,24.86,17.0,7,7,10,0.2174,0.17,0.35,0.0217,-0.085,-0.07,0.0065,0.0,-0.1485,-0.4165,-0.4249,0.9559,46
10,38,2144.0,Low*Medium*NoStarvation,20,Low*Medium*NoStarvation,17.0,17.14,7,7,10,0.2174,0.1714,0.35,0.0217,-0.0857,-0.07,0.0065,0.0,-0.1492,-0.4097,-0.4188,0.9559,46
10,39,2190.0,Low*Medium*NoStarvation,20,Low*Medium*NoStarvation,17.14,14.86,7,7,10,0.2174,0.1486,0.35,0.0217,-0.0743,-0.07,0.0065,0.0,-0.1378,-0.4188,-0.4258,0.9559,46
10,40,2216.0,Low*Medium*NoStarvation,10,Low*Medium*NoStarvation,14.86,6.14,7,7,5,0.1923,0.0614,0.35,0.0192,-0.0307,-0.07,0.0058,0.0,-0.0949,-0.3906,-0.3962,0.9559,26
10,41,2242.0,Low*Medium*NoStarvation,10,Low*Medium*NoStarvation,6.14,9.14,7,7,4,0.1538,0.0914,0.35,0.0154,-0.0457,-0.07,0.0046,0.0,-0.1111,-0.3962,-0.4033,0.9559,26
10,42,2338.0,Low*Medium*NoStarvation,45,Medium*Medium*NoStarvation,9.14,43.29,7,7,22,0.2292,0.4329,0.35,0.0229,-0.2164,-0.07,0.0069,0.0,-0.2796,-0.5435,-0.5524,0.9559,96
10,43,2384.0,Medium*Medium*NoStarvation,20,Low*Medium*NoStarvation,43.29,15.86,7,7,10,0.2174,0.1586,0.35,0.0217,-0.0793,-0.07,0.0065,0.0,-0.1428,-0.4249,-0.4329,0.9559,46
10,44,2480.0,Low*Medium*NoStarvation,45,Medium*Medium*NoStarvation,15.86,40.86,7,7,23,0.2396,0.4086,0.35,0.024,-0.2043,-0.07,0.0072,0.0,-0.2671,-0.5524,-0.5592,0.9559,96
10,45,2506.0,Medium*Medium*NoStarvation,10,Low*Medium*NoStarvation,40.86,8.29,7,7,4,0.1538,0.0829,0.35,0.0154,-0.0414,-0.07,0.0046,0.0,-0.1068,-0.3924,-0.4001,0.9559,26
10,46,2532.0,Low*Medium*NoStarvation,10,Low*Medium*NoStarvation,8.29,7.43,7,7,4,0.1538,0.0743,0.35,0.0154,-0.0371,-0.07,0.0046,0.0,-0.1025,-0.4033,-0.4096,0.9559,26
10,47,2598.0,Low*Medium*NoStarvation,30,Medium*Medium*NoStarvation,7.43,25.86,7,7,15,0.2273,0.2586,0.35,0.0227,-0.1293,-0.07,0.0068,0.0,-0.1925,-0.4896,-0.4959,0.9559,66
10,48,2644.0,Medium*Medium*NoStarvation,20,Low*Medium*NoStarvation,25.86,15.71,7,7,10,0.2174,0.1571,0.35,0.0217,-0.0786,-0.07,0.0065,0.0,-0.142,-0.4329,-0.4407,0.9559,46
10,49,2670.0,Low*Medium*NoStarvation,10,Low*Medium*NoStarvation,15.71,7.71,7,7,4,0.1538,0.0771,0.35,0.0154,-0.0386,-0.07,0.0046,0.0,-0.104,-0.4096,-0.4159,0.9559,26
10,50,2696.0,Low*Medium*NoStarvation,10,Low*Medium*NoStarvation,7.71,10.2,7,5,4,0.1538,0.102,0.25,0.0154,-0.051,-0.05,0.0046,0.0,-0.0964,-0.4159,-0.4213,0.9559,26
10,51,2713.0,Low*Medium*NoStarvation,45,Low*Low*NoStarvation,10.2,0.0,5,0,5,0.0521,0.0,0.0,0.0052,-0.0,-0.0,0.0016,0.0,0.0016,-0.5592,-0.5051,0.9559,96
11,0,146.0,Low*Low*NoStarvation,45,Medium*Medium*NoStarvation,0.83,40.71,2,7,47,0.4896,0.4071,0.35,0.049,-0.2036,-0.07,0.0147,0.0,-0.2589,-0.1005,-0.1524,0.9511,96
11,1,212.0,Medium*Medium*NoStarvation,30,Medium*Medium*NoStarvation,40.71,27.29,7,7,30,0.4545,0.2729,0.35,0.0455,-0.1364,-0.07,0.0136,0.0,-0.1928,-0.4923,-0.4983,0.9511,66
11,2,238.0,Medium*Medium*NoStarvation,10,Low*Medium*NoStarvation,27.29,7.29,7,7,9,0.3462,0.0729,0.35,0.0346,-0.0364,-0.07,0.0104,0.0,-0.096,-0.4001,-0.4077,0.9511,26
11,3,264.0,Low*Medium*NoStarvation,10,Low*Medium*NoStarvation,7.29,6.0,7,7,10,0.3846,0.06,0.35,0.0385,-0.03,-0.07,0.0115,0.0,-0.0885,-0.4213,-0.426,0.9511,26
11,4,360.0,Low*Medium*NoStarvation,45,Medium*Medium*NoStarvation,6.0,39.86,7,7,46,0.4792,0.3986,0.35,0.0479,-0.1993,-0.07,0.0144,0.0,-0.2549,-0.5051,-0.5168,0.9511,96
11,5,386.0,Medium*Medium*NoStarvation,10,Low*Medium*NoStarvation,39.86,8.0,7,7,7,0.2692,0.08,0.35,0.0269,-0.04,-0.07,0.0081,0.0,-0.1019,-0.4077,-0.4154,0.9511,26
11,6,452.0,Low*Medium*NoStarvation,30,Medium*Medium*NoStarvation,8.0,26.0,7,7,30,0.4545,0.26,0.35,0.0455,-0.13,-0.07,0.0136,0.0,-0.1864,-0.4959,-0.5023,0.9511,66
11,7,478.0,Medium*Medium*NoStarvation,10,Low*Medium*NoStarvation,26.0,8.86,7,7,8,0.3077,0.0886,0.35,0.0308,-0.0443,-0.07,0.0092,0.0,-0.1051,-0.4154,-0.4227,0.9511,26
11,8,524.0,Low*Medium*NoStarvation,20,Low*Medium*NoStarvation,8.86,15.71,7,7,20,0.4348,0.1571,0.35,0.0435,-0.0786,-0.07,0.013,0.0,-0.1355,-0.4258,-0.4351,0.9511,46
11,9,550.0,Low*Medium*NoStarvation,10,Low*Medium*NoStarvation,15.71,6.29,7,7,10,0.3846,0.0629,0.35,0.0385,-0.0314,-0.07,0.0115,0.0,-0.0899,-0.426,-0.4307,0.9511,26
11,10,576.0,Low*Medium*NoStarvation,10,Low*Medium*NoStarvation,6.29,5.29,7,6,10,0.3846,0.0529,0.3,0.0385,-0.0264,-0.06,0.0115,0.0,-0.0749,-0.4307,-0.4339,0.9511,26
11,11,642.0,Low*Medium*NoStarvation,30,Medium*Medium*NoStarvation,5.29,27.43,6,7,29,0.4394,0.2743,0.35,0.0439,-0.1371,-0.07,0.0132,0.0,-0.194,-0.5023,-0.5095,0.9511,66
11,12,688.0,Medium*Medium*NoStarvation,20,Low*Medium*NoStarvation,27.43,16.86,7,7,20,0.4348,0.1686,0.35,0.0435,-0.0843,-0.07,0.013,0.0,-0.1412,-0.4407,-0.4498,0.9511,46
11,13,714.0,Low*Medium*NoStarvation,10,Low*Medium*NoStarvation,16.86,8.86,7,7,8,0.3077,0.0886,0.35,0.0308,-0.0443,-0.07,0.0092,0.0,-0.1051,-0.4339,-0.44,0.9511,26
11,14,760.0,Low*Medium*NoStarvation,20,Low*Medium*NoStarvation,8.86,16.86,7,7,20,0.4348,0.1686,0.35,0.0435,-0.0843,-0.07,0.013,0.0,-0.1412,-0.4351,-0.4449,0.9511,46
11,15,806.0,Low*Medium*NoStarvation,20,Low*Medium*NoStarvation,16.86,15.71,7,7,19,0.413,0.1571,0.35,0.0413,-0.0786,-0.07,0.0124,0.0,-0.1362,-0.4449,-0.4536,0.9511,46
11,16,832.0,Low*Medium*NoStarvation,10,Low*Medium*NoStarvation,15.71,6.57,7,7,10,0.3846,0.0657,0.35,0.0385,-0.0329,-0.07,0.0115,0.0,-0.0913,-0.44,-0.4448,0.9511,26
11,17,858.0,Low*Medium*NoStarvation,10,Low*Medium*NoStarvation,6.57,6.71,7,7,10,0.3846,0.0671,0.35,0.0385,-0.0336,-0.07,0.0115,0.0,-0.092,-0.4448,-0.4495,0.9511,26
11,18,884.0,Low*Medium*NoStarvation,10,Low*Medium*NoStarvation,6.71,8.0,7,7,10,0.3846,0.08,0.35,0.0385,-0.04,-0.07,0.0115,0.0,-0.0985,-0.4495,-0.4549,0.9511,26
11,19,980.0,Low*Medium*NoStarvation,45,Medium*Medium*NoStarvation,8.0,42.29,7,7,42,0.4375,0.4229,0.35,0.0437,-0.2114,-0.07,0.0131,0.0,-0.2683,-0.5168,-0.53,0.9511,96
11,20,1046.0,Medium*Medium*NoStarvation,30,Medium*Medium*NoStarvation,42.29,25.86,7,7,20,0.303,0.2586,0.35,0.0303,-0.1293,-0.07,0.0091,0.0,-0.1902,-0.4983,-0.5056,0.9511,66
11,21,1142.0,Medium*Medium*NoStarvation,45,Medium*Medium*NoStarvation,25.86,40.14,7,7,23,0.2396,0.4014,0.35,0.024,-0.2007,-0.07,0.0072,0.0,-0.2635,-0.5573,-0.566,0.9511,96
11,22,1238.0,Medium*Medium*NoStarvation,45,Medium*Medium*NoStarvation,40.14,42.71,7,7,22,0.2292,0.4271,0.35,0.0229,-0.2136,-0.07,0.0069,0.0,-0.2767,-0.566,-0.5751,0.9511,96
11,23,1284.0,Medium*Medium*NoStarvation,20,Low*Medium*NoStarvation,42.71,15.14,7,7,10,0.2174,0.1514,0.35,0.0217,-0.0757,-0.07,0.0065,0.0,-0.1392,-0.4498,-0.4596,0.9511,46
11,24,1350.0,Low*Medium*NoStarvation,30,Medium*Medium*NoStarvation,15.14,25.29,7,7,15,0.2273,0.2529,0.35,0.0227,-0.1264,-0.07,0.0068,0.0,-0.1896,-0.5095,-0.5156,0.9511,66
11,25,1446.0,Medium*Medium*NoStarvation,45,Medium*Medium*NoStarvation,25.29,40.43,7,7,22,0.2292,0.4043,0.35,0.0229,-0.2021,-0.07,0.0069,0.0,-0.2653,-0.5751,-0.5821,0.9511,96
11,26,1512.0,Medium*Medium*NoStarvation,30,Medium*Medium*NoStarvation,40.43,26.29,7,7,15,0.2273,0.2629,0.35,0.0227,-0.1314,-0.07,0.0068,0.0,-0.1946,-0.5056,-0.5125,0.9511,66
11,27,1578.0,Medium*Medium*NoStarvation,30,Medium*Medium*NoStarvation,26.29,25.86,7,7,15,0.2273,0.2586,0.35,0.0227,-0.1293,-0.07,0.0068,0.0,-0.1925,-0.5125,-0.5186,0.9511,66
11,28,1624.0,Medium*Medium*NoStarvation,20,Low*Medium*NoStarvation,25.86,15.71,7,7,10,0.2174,0.1571,0.35,0.0217,-0.0786,-0.07,0.0065,0.0,-0.142,-0.4596,-0.4687,0.9511,46
11,29,1650.0,Low*Medium*NoStarvation,10,Low*Medium*NoStarvation,15.71,6.14,7,7,5,0.1923,0.0614,0.35,0.0192,-0.0307,-0.07,0.0058,0.0,-0.0949,-0.4549,-0.4597,0.9511,26
11,30,1696.0,Low*Medium*NoStarvation,20,Low*Medium*NoStarvation,6.14,16.86,7,7,9,0.1957,0.1686,0.35,0.0196,-0.0843,-0.07,0.0059,0.0,-0.1484,-0.4536,-0.4639,0.9511,46
11,31,1762.0,Low*Medium*NoStarvation,30,Medium*Medium*NoStarvation,16.86,26.29,7,7,15,0.2273,0.2629,0.35,0.0227,-0.1314,-0.07,0.0068,0.0,-0.1946,-0.5156,-0.5215,0.9511,66
11,32,1808.0,Medium*Medium*NoStarvation,20,Low*Medium*NoStarvation,26.29,15.86,7,7,10,0.2174,0.1586,0.35,0.0217,-0.0793,-0.07,0.0065,0.0,-0.1428,-0.4687,-0.4774,0.9511,46
11,33,1834.0,Low*Medium*NoStarvation,10,Low*Medium*NoStarvation,15.86,7.71,7,7,4,0.1538,0.0771,0.35,0.0154,-0.0386,-0.07,0.0046,0.0,-0.104,-0.4597,-0.4655,0.9511,26
11,34,1860.0,Low*Medium*NoStarvation,10,Low*Medium*NoStarvation,7.71,8.71,7,7,4,0.1538,0.0871,0.35,0.0154,-0.0436,-0.07,0.0046,0.0,-0.109,-0.4655,-0.4716,0.9511,26
11,35,1956.0,Low*Medium*NoStarvation,45,Medium*Medium*NoStarvation,8.71,40.71,7,7,23,0.2396,0.4071,0.35,0.024,-0.2036,-0.07,0.0072,0.0,-0.2664,-0.53,-0.5416,0.9511,96
11,36,2052.0,Medium*Medium*NoStarvation,45,Medium*Medium*NoStarvation,40.71,41.14,7,7,23,0.2396,0.4114,0.35,0.024,-0.2057,-0.07,0.0072,0.0,-0.2685,-0.5821,-0.5888,0.9511,96
11,37,2118.0,Medium*Medium*NoStarvation,30,Medium*Medium*NoStarvation,41.14,26.57,7,7,15,0.2273,0.2657,0.35,0.0227,-0.1329,-0.07,0.0068,0.0,-0.196,-0.5186,-0.5243,0.9511,66
11,38,2184.0,Medium*Medium*NoStarvation,30,Medium*Medium*NoStarvation,26.57,25.86,7,7,15,0.2273,0.2586,0.35,0.0227,-0.1293,-0.07,0.0068,0.0,-0.1925,-0.5243,-0.5292,0.9511,66
11,39,2210.0,Medium*Medium*NoStarvation,10,Low*Medium*NoStarvation,25.86,7.86,7,7,5,0.1923,0.0786,0.35,0.0192,-0.0393,-0.07,0.0058,0.0,-0.1035,-0.4227,-0.4325,0.9511,26
11,40,2306.0,Low*Medium*NoStarvation,45,Medium*Medium*NoStarvation,7.86,42.43,7,7,22,0.2292,0.4243,0.35,0.0229,-0.2121,-0.07,0.0069,0.0,-0.2753,-0.5416,-0.5539,0.9511,96
11,41,2402.0,Medium*Medium*NoStarvation,45,Medium*Medium*NoStarvation,42.43,40.86,7,7,23,0.2396,0.4086,0.35,0.024,-0.2043,-0.07,0.0072,0.0,-0.2671,-0.5888,-0.5956,0.9511,96
11,42,2428.0,Medium*Medium*NoStarvation,10,Low*Medium*NoStarvation,40.86,8.14,7,7,4,0.1538,0.0814,0.35,0.0154,-0.0407,-0.07,0.0046,0.0,-0.1061,-0.4325,-0.4416,0.9511,26
11,43,2494.0,Low*Medium*NoStarvation,30,Medium*Medium*NoStarvation,8.14,27.14,7,7,15,0.2273,0.2714,0.35,0.0227,-0.1357,-0.07,0.0068,0.0,-0.1989,-0.5215,-0.529,0.9511,66
11,44,2560.0,Medium*Medium*NoStarvation,30,Medium*Medium*NoStarvation,27.14,26.0,7,7,15,0.2273,0.26,0.35,0.0227,-0.13,-0.07,0.0068,0.0,-0.1932,-0.5292,-0.5353,0.9511,66
11,45,2586.0,Medium*Medium*NoStarvation,10,Low*Medium*NoStarvation,26.0,7.57,7,7,5,0.1923,0.0757,0.35,0.0192,-0.0379,-0.07,0.0058,0.0,-0.1021,-0.4416,-0.4494,0.9511,26
11,46,2636.0,Low*Medium*NoStarvation,45,Low*Low*NoStarvation,7.57,0.0,7,0,22,0.2292,0.0,0.0,0.0229,-0.0,-0.0,0.0069,0.0,0.0069,-0.5539,-0.4998,0.9511,96
12,0,146.0,Low*Low*NoStarvation,45,Medium*Medium*NoStarvation,0.83,40.71,2,7,47,0.4896,0.4071,0.35,0.049,-0.2036,-0.07,0.0147,0.0,-0.2589,-0.1524,-0.2035,0.9464,96
12,1,192.0,Medium*Medium*NoStarvation,20,Low*Medium*NoStarvation,40.71,16.29,7,7,20,0.4348,0.1629,0.35,0.0435,-0.0814,-0.07,0.013,0.0,-0.1384,-0.4774,-0.4853,0.9464,46
12,2,218.0,Low*Medium*NoStarvation,10,Low*Medium*NoStarvation,16.29,7.0,7,7,9,0.3462,0.07,0.35,0.0346,-0.035,-0.07,0.0104,0.0,-0.0946,-0.4716,-0.4757,0.9464,26
12,3,264.0,Low*Medium*NoStarvation,20,Low*Medium*NoStarvation,7.0,17.29,7,7,20,0.4348,0.1729,0.35,0.0435,-0.0864,-0.07,0.013,0.0,-0.1434,-0.4639,-0.4736,0.9464,46
12,4,290.0,Low*Medium*NoStarvation,10,Low*Medium*NoStarvation,17.29,9.29,7,7,9,0.3462,0.0929,0.35,0.0346,-0.0464,-0.07,0.0104,0.0,-0.106,-0.4757,-0.4813,0.9464,26
12,5,386.0,Low*Medium*NoStarvation,45,Medium*Medium*NoStarvation,9.29,40.57,7,7,45,0.4688,0.4057,0.35,0.0469,-0.2029,-0.07,0.0141,0.0,-0.2588,-0.4998,-0.5161,0.9464,96
12,6,412.0,Medium*Medium*NoStarvation,10,Low*Medium*NoStarvation,40.57,7.14,7,7,9,0.3462,0.0714,0.35,0.0346,-0.0357,-0.07,0.0104,0.0,-0.0953,-0.4494,-0.4567,0.9464,26
12,7,458.0,Low*Medium*NoStarvation,20,Low*Medium*NoStarvation,7.14,15.71,7,7,20,0.4348,0.1571,0.35,0.0435,-0.0786,-0.07,0.013,0.0,-0.1355,-0.4736,-0.4825,0.9464,46
12,8,524.0,Low*Medium*NoStarvation,30,Medium*Medium*NoStarvation,15.71,25.57,7,7,28,0.4242,0.2557,0.35,0.0424,-0.1279,-0.07,0.0127,0.0,-0.1851,-0.529,-0.5357,0.9464,66
12,9,620.0,Medium*Medium*NoStarvation,45,Medium*Medium*NoStarvation,25.57,40.14,7,7,43,0.4479,0.4014,0.35,0.0448,-0.2007,-0.07,0.0134,0.0,-0.2573,-0.5956,-0.6028,0.9464,96
12,10,646.0,Medium*Medium*NoStarvation,10,Low*Medium*NoStarvation,40.14,6.0,7,7,9,0.3462,0.06,0.35,0.0346,-0.03,-0.07,0.0104,0.0,-0.0896,-0.4567,-0.4633,0.9464,26
12,11,712.0,Low*Medium*NoStarvation,30,Medium*Medium*NoStarvation,6.0,26.29,7,7,29,0.4394,0.2629,0.35,0.0439,-0.1314,-0.07,0.0132,0.0,-0.1882,-0.5357,-0.5427,0.9464,66
12,12,738.0,Medium*Medium*NoStarvation,10,Low*Medium*NoStarvation,26.29,8.29,7,7,9,0.3462,0.0829,0.35,0.0346,-0.0414,-0.07,0.0104,0.0,-0.101,-0.4633,-0.4704,0.9464,26
12,13,764.0,Low*Medium*NoStarvation,10,Low*Medium*NoStarvation,8.29,9.07,7,8,8,0.3077,0.0907,0.4,0.0308,-0.0454,-0.08,0.0092,0.0,-0.1161,-0.4813,-0.4881,0.9464,26
12,14,860.0,Low*Medium*NoStarvation,45,Medium*Medium*NoStarvation,9.07,42.86,8,7,42,0.4375,0.4286,0.35,0.0437,-0.2143,-0.07,0.0131,0.0,-0.2712,-0.5161,-0.534,0.9464,96
12,15,956.0,Medium*Medium*NoStarvation,45,Medium*Medium*NoStarvation,42.86,40.86,7,7,41,0.4271,0.4086,0.35,0.0427,-0.2043,-0.07,0.0128,0.0,-0.2615,-0.6028,-0.611,0.9464,96
12,16,1022.0,Medium*Medium*NoStarvation,30,Medium*Medium*NoStarvation,40.86,26.86,7,7,25,0.3788,0.2686,0.35,0.0379,-0.1343,-0.07,0.0114,0.0,-0.1929,-0.5353,-0.5434,0.9464,66
12,17,1118.0,Medium*Medium*NoStarvation,45,Medium*Medium*NoStarvation,26.86,40.86,7,7,23,0.2396,0.4086,0.35,0.024,-0.2043,-0.07,0.0072,0.0,-0.2671,-0.611,-0.619,0.9464,96
12,18,1144.0,Medium*Medium*NoStarvation,10,Low*Medium*NoStarvation,40.86,5.43,7,6,5,0.1923,0.0543,0.3,0.0192,-0.0271,-0.06,0.0058,0.0,-0.0814,-0.4704,-0.4749,0.9464,26
12,19,1170.0,Low*Medium*NoStarvation,10,Low*Medium*NoStarvation,5.43,6.57,6,7,5,0.1923,0.0657,0.35,0.0192,-0.0329,-0.07,0.0058,0.0,-0.0971,-0.4881,-0.4925,0.9464,26
12,20,1216.0,Low*Medium*NoStarvation,20,Low*Medium*NoStarvation,6.57,16.71,7,7,10,0.2174,0.1671,0.35,0.0217,-0.0836,-0.07,0.0065,0.0,-0.147,-0.4825,-0.4923,0.9464,46
12,21,1242.0,Low*Medium*NoStarvation,10,Low*Medium*NoStarvation,16.71,6.43,7,7,5,0.1923,0.0643,0.35,0.0192,-0.0321,-0.07,0.0058,0.0,-0.0964,-0.4925,-0.4972,0.9464,26
12,22,1338.0,Low*Medium*NoStarvation,45,Medium*Medium*NoStarvation,6.43,41.0,7,7,23,0.2396,0.41,0.35,0.024,-0.205,-0.07,0.0072,0.0,-0.2678,-0.534,-0.5501,0.9464,96
12,23,1404.0,Medium*Medium*NoStarvation,30,Medium*Medium*NoStarvation,41.0,26.0,7,7,16,0.2424,0.26,0.35,0.0242,-0.13,-0.07,0.0073,0.0,-0.1927,-0.5434,-0.5511,0.9464,66
12,24,1470.0,Medium*Medium*NoStarvation,30,Medium*Medium*NoStarvation,26.0,26.71,7,7,15,0.2273,0.2671,0.35,0.0227,-0.1336,-0.07,0.0068,0.0,-0.1968,-0.5511,-0.5584,0.9464,66
12,25,1496.0,Medium*Medium*NoStarvation,10,Low*Medium*NoStarvation,26.71,5.29,7,7,5,0.1923,0.0529,0.35,0.0192,-0.0264,-0.07,0.0058,0.0,-0.0907,-0.4749,-0.4808,0.9464,26
12,26,1542.0,Low*Medium*NoStarvation,20,Low*Medium*NoStarvation,5.29,16.71,7,7,10,0.2174,0.1671,0.35,0.0217,-0.0836,-0.07,0.0065,0.0,-0.147,-0.4923,-0.5021,0.9464,46
12,27,1638.0,Low*Medium*NoStarvation,45,Medium*Medium*NoStarvation,16.71,42.0,7,7,22,0.2292,0.42,0.35,0.0229,-0.21,-0.07,0.0069,0.0,-0.2731,-0.5501,-0.5657,0.9464,96
12,28,1684.0,Medium*Medium*NoStarvation,20,Low*Medium*NoStarvation,42.0,16.29,7,7,9,0.1957,0.1629,0.35,0.0196,-0.0814,-0.07,0.0059,0.0,-0.1456,-0.4853,-0.4961,0.9464,46
12,29,1750.0,Low*Medium*NoStarvation,30,Medium*Medium*NoStarvation,16.29,24.86,7,7,16,0.2424,0.2486,0.35,0.0242,-0.1243,-0.07,0.0073,0.0,-0.187,-0.5427,-0.5504,0.9464,66
12,30,1776.0,Medium*Medium*NoStarvation,10,Low*Medium*NoStarvation,24.86,5.86,7,7,5,0.1923,0.0586,0.35,0.0192,-0.0293,-0.07,0.0058,0.0,-0.0935,-0.4808,-0.4868,0.9464,26
12,31,1802.0,Low*Medium*NoStarvation,10,Low*Medium*NoStarvation,5.86,6.71,7,7,5,0.1923,0.0671,0.35,0.0192,-0.0336,-0.07,0.0058,0.0,-0.0978,-0.4972,-0.502,0.9464,26
12,32,1868.0,Low*Medium*NoStarvation,30,Medium*Medium*NoStarvation,6.71,27.0,7,7,15,0.2273,0.27,0.35,0.0227,-0.135,-0.07,0.0068,0.0,-0.1982,-0.5504,-0.559,0.9464,66
12,33,1934.0,Medium*Medium*NoStarvation,30,Medium*Medium*NoStarvation,27.0,26.43,7,7,15,0.2273,0.2643,0.35,0.0227,-0.1321,-0.07,0.0068,0.0,-0.1953,-0.5584,-0.5659,0.9464,66
12,34,2030.0,Medium*Medium*NoStarvation,45,Medium*Medium*NoStarvation,26.43,42.43,7,7,23,0.2396,0.4243,0.35,0.024,-0.2121,-0.07,0.0072,0.0,-0.275,-0.619,-0.6284,0.9464,96
12,35,2126.0,Medium*Medium*NoStarvation,45,Medium*Medium*NoStarvation,42.43,40.14,7,7,23,0.2396,0.4014,0.35,0.024,-0.2007,-0.07,0.0072,0.0,-0.2635,-0.6284,-0.6357,0.9464,96
12,36,2172.0,Medium*Medium*NoStarvation,20,Low*Medium*NoStarvation,40.14,15.29,7,7,11,0.2391,0.1529,0.35,0.0239,-0.0764,-0.07,0.0072,0.0,-0.1393,-0.4961,-0.5056,0.9464,46
12,37,2218.0,Low*Medium*NoStarvation,20,Low*Medium*NoStarvation,15.29,17.0,7,7,10,0.2174,0.17,0.35,0.0217,-0.085,-0.07,0.0065,0.0,-0.1485,-0.5021,-0.5119,0.9464,46
12,38,2244.0,Low*Medium*NoStarvation,10,Low*Medium*NoStarvation,17.0,6.14,7,7,5,0.1923,0.0614,0.35,0.0192,-0.0307,-0.07,0.0058,0.0,-0.0949,-0.502,-0.5064,0.9464,26
12,39,2290.0,Low*Medium*NoStarvation,20,Low*Medium*NoStarvation,6.14,17.14,7,7,9,0.1957,0.1714,0.35,0.0196,-0.0857,-0.07,0.0059,0.0,-0.1498,-0.5119,-0.5213,0.9464,46
12,40,2316.0,Low*Medium*NoStarvation,10,Low*Medium*NoStarvation,17.14,5.29,7,6,5,0.1923,0.0529,0.3,0.0192,-0.0264,-0.06,0.0058,0.0,-0.0807,-0.5064,-0.5094,0.9464,26
12,41,2412.0,Low*Medium*NoStarvation,45,Medium*Medium*NoStarvation,5.29,40.0,6,7,23,0.2396,0.4,0.35,0.024,-0.2,-0.07,0.0072,0.0,-0.2628,-0.5657,-0.5792,0.9464,96
12,42,2478.0,Medium*Medium*NoStarvation,30,Medium*Medium*NoStarvation,40.0,26.57,7,7,15,0.2273,0.2657,0.35,0.0227,-0.1329,-0.07,0.0068,0.0,-0.196,-0.5659,-0.5727,0.9464,66
12,43,2524.0,Medium*Medium*NoStarvation,20,Low*Medium*NoStarvation,26.57,16.0,7,7,10,0.2174,0.16,0.35,0.0217,-0.08,-0.07,0.0065,0.0,-0.1435,-0.5056,-0.5152,0.9464,46
12,44,2550.0,Low*Medium*NoStarvation,10,Low*Medium*NoStarvation,16.0,9.0,7,7,4,0.1538,0.09,0.35,0.0154,-0.045,-0.07,0.0046,0.0,-0.1104,-0.5094,-0.5154,0.9464,26
12,45,2616.0,Low*Medium*NoStarvation,30,Medium*Medium*NoStarvation,9.0,27.43,7,7,15,0.2273,0.2743,0.35,0.0227,-0.1371,-0.07,0.0068,0.0,-0.2003,-0.559,-0.5669,0.9464,66
12,46,2644.0,Medium*Medium*NoStarvation,30,Low*Low*NoStarvation,27.43,0.0,7,0,11,0.1667,0.0,0.0,0.0167,-0.0,-0.0,0.005,0.0,0.005,-0.5727,-0.5169,0.9464,66
13,0,116.0,Low*Low*NoStarvation,30,Medium*Medium*NoStarvation,0.83,26.71,2,7,31,0.4697,0.2671,0.35,0.047,-0.1336,-0.07,0.0141,0.0,-0.1895,-0.0958,-0.1489,0.9416,66
13,1,212.0,Medium*Medium*NoStarvation,45,Medium*Medium*NoStarvation,26.71,41.0,7,7,46,0.4792,0.41,0.35,0.0479,-0.205,-0.07,0.0144,0.0,-0.2606,-0.6357,-0.642,0.9416,96
13,2,308.0,Medium*Medium*NoStarvation,45,Medium*Medium*NoStarvation,41.0,41.43,7,7,45,0.4688,0.4143,0.35,0.0469,-0.2071,-0.07,0.0141,0.0,-0.2631,-0.642,-0.6479,0.9416,96
13,3,354.0,Medium*Medium*NoStarvation,20,Low*Medium*NoStarvation,41.43,17.14,7,7,19,0.413,0.1714,0.35,0.0413,-0.0857,-0.07,0.0124,0.0,-0.1433,-0.5152,-0.5244,0.9416,46
13,4,420.0,Low*Medium*NoStarvation,30,Medium*Medium*NoStarvation,17.14,26.0,7,7,28,0.4242,0.26,0.35,0.0424,-0.13,-0.07,0.0127,0.0,-0.1873,-0.5669,-0.5728,0.9416,66
13,5,446.0,Medium*Medium*NoStarvation,10,Low*Medium*NoStarvation,26.0,9.62,7,8,7,0.2692,0.0962,0.4,0.0269,-0.0481,-0.08,0.0081,0.0,-0.12,-0.4868,-0.4965,0.9416,26
13,6,512.0,Low*Medium*NoStarvation,30,Medium*Medium*NoStarvation,9.62,26.43,8,7,30,0.4545,0.2643,0.35,0.0455,-0.1321,-0.07,0.0136,0.0,-0.1885,-0.5728,-0.579,0.9416,66
13,7,608.0,Medium*Medium*NoStarvation,45,Medium*Medium*NoStarvation,26.43,42.86,7,7,42,0.4375,0.4286,0.35,0.0437,-0.2143,-0.07,0.0131,0.0,-0.2712,-0.6479,-0.6549,0.9416,96
13,8,674.0,Medium*Medium*NoStarvation,30,Medium*Medium*NoStarvation,42.86,27.0,7,7,27,0.4091,0.27,0.35,0.0409,-0.135,-0.07,0.0123,0.0,-0.1927,-0.5169,-0.5292,0.9416,66
13,9,740.0,Medium*Medium*NoStarvation,30,Medium*Medium*NoStarvation,27.0,26.0,7,7,28,0.4242,0.26,0.35,0.0424,-0.13,-0.07,0.0127,0.0,-0.1873,-0.5292,-0.5397,0.9416,66
13,10,786.0,Medium*Medium*NoStarvation,20,Low*Medium*NoStarvation,26.0,16.43,7,7,19,0.413,0.1643,0.35,0.0413,-0.0821,-0.07,0.0124,0.0,-0.1398,-0.5244,-0.5323,0.9416,46
13,11,882.0,Low*Medium*NoStarvation,45,Medium*Medium*NoStarvation,16.43,41.71,7,7,41,0.4271,0.4171,0.35,0.0427,-0.2086,-0.07,0.0128,0.0,-0.2658,-0.5792,-0.5925,0.9416,96
13,12,948.0,Medium*Medium*NoStarvation,30,Medium*Medium*NoStarvation,41.71,25.86,7,7,29,0.4394,0.2586,0.35,0.0439,-0.1293,-0.07,0.0132,0.0,-0.1861,-0.5397,-0.549,0.9416,66
13,13,1044.0,Medium*Medium*NoStarvation,45,Medium*Medium*NoStarvation,25.86,42.29,7,7,33,0.3438,0.4229,0.35,0.0344,-0.2114,-0.07,0.0103,0.0,-0.2711,-0.6549,-0.6612,0.9416,96
13,14,1110.0,Medium*Medium*NoStarvation,30,Medium*Medium*NoStarvation,42.29,26.29,7,7,15,0.2273,0.2629,0.35,0.0227,-0.1314,-0.07,0.0068,0.0,-0.1946,-0.549,-0.5582,0.9416,66
13,15,1156.0,Medium*Medium*NoStarvation,20,Low*Medium*NoStarvation,26.29,15.86,7,7,10,0.2174,0.1586,0.35,0.0217,-0.0793,-0.07,0.0065,0.0,-0.1428,-0.5323,-0.5397,0.9416,46
13,16,1252.0,Low*Medium*NoStarvation,45,Medium*Medium*NoStarvation,15.86,41.14,7,7,23,0.2396,0.4114,0.35,0.024,-0.2057,-0.07,0.0072,0.0,-0.2685,-0.5925,-0.6048,0.9416,96
13,17,1318.0,Medium*Medium*NoStarvation,30,Medium*Medium*NoStarvation,41.14,25.57,7,7,15,0.2273,0.2557,0.35,0.0227,-0.1279,-0.07,0.0068,0.0,-0.191,-0.5582,-0.5662,0.9416,66
13,18,1414.0,Medium*Medium*NoStarvation,45,Medium*Medium*NoStarvation,25.57,40.0,7,7,22,0.2292,0.4,0.35,0.0229,-0.2,-0.07,0.0069,0.0,-0.2631,-0.6612,-0.6661,0.9416,96
13,19,1480.0,Medium*Medium*NoStarvation,30,Medium*Medium*NoStarvation,40.0,25.71,7,7,15,0.2273,0.2571,0.35,0.0227,-0.1286,-0.07,0.0068,0.0,-0.1918,-0.5662,-0.5735,0.9416,66
13,20,1526.0,Medium*Medium*NoStarvation,20,Low*Medium*NoStarvation,25.71,16.43,7,7,10,0.2174,0.1643,0.35,0.0217,-0.0821,-0.07,0.0065,0.0,-0.1456,-0.5397,-0.5467,0.9416,46
13,21,1622.0,Low*Medium*NoStarvation,45,Medium*Medium*NoStarvation,16.43,41.57,7,7,23,0.2396,0.4157,0.35,0.024,-0.2079,-0.07,0.0072,0.0,-0.2707,-0.6048,-0.6161,0.9416,96
13,22,1648.0,Medium*Medium*NoStarvation,10,Low*Medium*NoStarvation,41.57,8.43,7,7,4,0.1538,0.0843,0.35,0.0154,-0.0421,-0.07,0.0046,0.0,-0.1075,-0.4965,-0.504,0.9416,26
13,23,1674.0,Low*Medium*NoStarvation,10,Low*Medium*NoStarvation,8.43,7.86,7,7,4,0.1538,0.0786,0.35,0.0154,-0.0393,-0.07,0.0046,0.0,-0.1047,-0.5154,-0.5207,0.9416,26
13,24,1720.0,Low*Medium*NoStarvation,20,Low*Medium*NoStarvation,7.86,16.0,7,7,10,0.2174,0.16,0.35,0.0217,-0.08,-0.07,0.0065,0.0,-0.1435,-0.5213,-0.5304,0.9416,46
13,25,1816.0,Low*Medium*NoStarvation,45,Medium*Medium*NoStarvation,16.0,40.0,7,7,23,0.2396,0.4,0.35,0.024,-0.2,-0.07,0.0072,0.0,-0.2628,-0.6161,-0.6261,0.9416,96
13,26,1912.0,Medium*Medium*NoStarvation,45,Medium*Medium*NoStarvation,40.0,41.57,7,7,23,0.2396,0.4157,0.35,0.024,-0.2079,-0.07,0.0072,0.0,-0.2707,-0.6661,-0.6719,0.9416,96
13,27,1938.0,Medium*Medium*NoStarvation,10,Low*Medium*NoStarvation,41.57,6.43,7,7,5,0.1923,0.0643,0.35,0.0192,-0.0321,-0.07,0.0058,0.0,-0.0964,-0.504,-0.5101,0.9416,26
13,28,2034.0,Low*Medium*NoStarvation,45,Medium*Medium*NoStarvation,6.43,39.29,7,7,23,0.2396,0.3929,0.35,0.024,-0.1964,-0.07,0.0072,0.0,-0.2592,-0.6261,-0.6353,0.9416,96
13,29,2100.0,Medium*Medium*NoStarvation,30,Medium*Medium*NoStarvation,39.29,25.86,7,7,15,0.2273,0.2586,0.35,0.0227,-0.1293,-0.07,0.0068,0.0,-0.1925,-0.5735,-0.5813,0.9416,66
13,30,2166.0,Medium*Medium*NoStarvation,30,Medium*Medium*NoStarvation,25.86,26.86,7,7,15,0.2273,0.2686,0.35,0.0227,-0.1343,-0.07,0.0068,0.0,-0.1975,-0.5813,-0.5888,0.9416,66
13,31,2212.0,Medium*Medium*NoStarvation,20,Low*Medium*NoStarvation,26.86,15.29,7,7,10,0.2174,0.1529,0.35,0.0217,-0.0764,-0.07,0.0065,0.0,-0.1399,-0.5467,-0.5529,0.9416,46
13,32,2238.0,Low*Medium*NoStarvation,10,Low*Medium*NoStarvation,15.29,8.57,7,7,4,0.1538,0.0857,0.35,0.0154,-0.0429,-0.07,0.0046,0.0,-0.1082,-0.5207,-0.5263,0.9416,26
13,33,2264.0,Low*Medium*NoStarvation,10,Low*Medium*NoStarvation,8.57,5.86,7,6,5,0.1923,0.0586,0.3,0.0192,-0.0293,-0.06,0.0058,0.0,-0.0835,-0.5263,-0.5294,0.9416,26
13,34,2290.0,Low*Medium*NoStarvation,10,Low*Medium*NoStarvation,5.86,8.14,6,7,5,0.1923,0.0814,0.35,0.0192,-0.0407,-0.07,0.0058,0.0,-0.1049,-0.5294,-0.5346,0.9416,26
13,35,2386.0,Low*Medium*NoStarvation,45,Medium*Medium*NoStarvation,8.14,41.43,7,7,22,0.2292,0.4143,0.35,0.0229,-0.2071,-0.07,0.0069,0.0,-0.2703,-0.6353,-0.6447,0.9416,96
13,36,2482.0,Medium*Medium*NoStarvation,45,Medium*Medium*NoStarvation,41.43,40.29,7,7,23,0.2396,0.4029,0.35,0.024,-0.2014,-0.07,0.0072,0.0,-0.2642,-0.6719,-0.6771,0.9416,96
13,37,2508.0,Medium*Medium*NoStarvation,10,Low*Medium*NoStarvation,40.29,6.71,7,7,5,0.1923,0.0671,0.35,0.0192,-0.0336,-0.07,0.0058,0.0,-0.0978,-0.5101,-0.5166,0.9416,26
13,38,2554.0,Low*Medium*NoStarvation,20,Low*Medium*NoStarvation,6.71,16.43,7,7,10,0.2174,0.1643,0.35,0.0217,-0.0821,-0.07,0.0065,0.0,-0.1456,-0.5304,-0.5396,0.9416,46
13,39,2600.0,Low*Medium*NoStarvation,20,Low*Medium*NoStarvation,16.43,16.0,7,7,10,0.2174,0.16,0.35,0.0217,-0.08,-0.07,0.0065,0.0,-0.1435,-0.5396,-0.5481,0.9416,46
13,40,2621.0,Low*Medium*NoStarvation,30,Low*Low*NoStarvation,16.0,0.0,7,0,7,0.1061,0.0,0.0,0.0106,-0.0,-0.0,0.0032,0.0,0.0032,-0.579,-0.5227,0.9416,66
14,0,116.0,Low*Low*NoStarvation,30,Medium*Medium*NoStarvation,0.83,26.71,2,7,31,0.4697,0.2671,0.35,0.047,-0.1336,-0.07,0.0141,0.0,-0.1895,-0.1489,-0.1995,0.9369,66
14,1,142.0,Medium*Medium*NoStarvation,10,Low*Medium*NoStarvation,26.71,7.0,7,7,10,0.3846,0.07,0.35,0.0385,-0.035,-0.07,0.0115,0.0,-0.0935,-0.5166,-0.5213,0.9369,26
14,2,238.0,Low*Medium*NoStarvation,45,Medium*Medium*NoStarvation,7.0,39.57,7,7,45,0.4688,0.3957,0.35,0.0469,-0.1979,-0.07,0.0141,0.0,-0.2538,-0.6447,-0.6526,0.9369,96
14,3,334.0,Medium*Medium*NoStarvation,45,Medium*Medium*NoStarvation,39.57,41.43,7,7,46,0.4792,0.4143,0.35,0.0479,-0.2071,-0.07,0.0144,0.0,-0.2628,-0.6771,-0.6826,0.9369,96
14,4,360.0,Medium*Medium*NoStarvation,10,Low*Medium*NoStarvation,41.43,6.14,7,7,9,0.3462,0.0614,0.35,0.0346,-0.0307,-0.07,0.0104,0.0,-0.0903,-0.5213,-0.5253,0.9369,26
14,5,456.0,Low*Medium*NoStarvation,45,Medium*Medium*NoStarvation,6.14,42.0,7,7,42,0.4375,0.42,0.35,0.0437,-0.21,-0.07,0.0131,0.0,-0.2669,-0.6526,-0.6613,0.9369,96
14,6,552.0,Medium*Medium*NoStarvation,45,Medium*Medium*NoStarvation,42.0,40.57,7,7,41,0.4271,0.4057,0.35,0.0427,-0.2029,-0.07,0.0128,0.0,-0.26,-0.6826,-0.6876,0.9369,96
14,7,618.0,Medium*Medium*NoStarvation,30,Medium*Medium*NoStarvation,40.57,26.14,7,7,29,0.4394,0.2614,0.35,0.0439,-0.1307,-0.07,0.0132,0.0,-0.1875,-0.5888,-0.5959,0.9369,66
14,8,714.0,Medium*Medium*NoStarvation,45,Medium*Medium*NoStarvation,26.14,42.14,7,7,42,0.4375,0.4214,0.35,0.0437,-0.2107,-0.07,0.0131,0.0,-0.2676,-0.6876,-0.6929,0.9369,96
14,9,810.0,Medium*Medium*NoStarvation,45,Medium*Medium*NoStarvation,42.14,41.71,7,7,41,0.4271,0.4171,0.35,0.0427,-0.2086,-0.07,0.0128,0.0,-0.2658,-0.6929,-0.6974,0.9369,96
14,10,856.0,Medium*Medium*NoStarvation,20,Low*Medium*NoStarvation,41.71,15.57,7,7,19,0.413,0.1557,0.35,0.0413,-0.0779,-0.07,0.0124,0.0,-0.1355,-0.5529,-0.5582,0.9369,46
14,11,952.0,Low*Medium*NoStarvation,45,Medium*Medium*NoStarvation,15.57,41.71,7,7,41,0.4271,0.4171,0.35,0.0427,-0.2086,-0.07,0.0128,0.0,-0.2658,-0.6613,-0.669,0.9369,96
14,12,978.0,Medium*Medium*NoStarvation,10,Low*Medium*NoStarvation,41.71,6.71,7,7,10,0.3846,0.0671,0.35,0.0385,-0.0336,-0.07,0.0115,0.0,-0.092,-0.5253,-0.529,0.9369,26
14,13,1004.0,Low*Medium*NoStarvation,10,Low*Medium*NoStarvation,6.71,6.14,7,7,9,0.3462,0.0614,0.35,0.0346,-0.0307,-0.07,0.0104,0.0,-0.0903,-0.5346,-0.5372,0.9369,26
14,14,1050.0,Low*Medium*NoStarvation,20,Low*Medium*NoStarvation,6.14,15.86,7,7,12,0.2609,0.1586,0.35,0.0261,-0.0793,-0.07,0.0078,0.0,-0.1415,-0.5481,-0.5545,0.9369,46
14,15,1146.0,Low*Medium*NoStarvation,45,Medium*Medium*NoStarvation,15.86,42.43,7,7,22,0.2292,0.4243,0.35,0.0229,-0.2121,-0.07,0.0069,0.0,-0.2753,-0.669,-0.6772,0.9369,96
14,16,1242.0,Medium*Medium*NoStarvation,45,Medium*Medium*NoStarvation,42.43,43.29,7,7,22,0.2292,0.4329,0.35,0.0229,-0.2164,-0.07,0.0069,0.0,-0.2796,-0.6974,-0.7032,0.9369,96
14,17,1268.0,Medium*Medium*NoStarvation,10,Low*Medium*NoStarvation,43.29,6.71,7,7,5,0.1923,0.0671,0.35,0.0192,-0.0336,-0.07,0.0058,0.0,-0.0978,-0.529,-0.5329,0.9369,26
14,18,1334.0,Low*Medium*NoStarvation,30,Medium*Medium*NoStarvation,6.71,25.71,7,7,15,0.2273,0.2571,0.35,0.0227,-0.1286,-0.07,0.0068,0.0,-0.1918,-0.5227,-0.5376,0.9369,66
14,19,1360.0,Medium*Medium*NoStarvation,10,Low*Medium*NoStarvation,25.71,7.0,7,7,4,0.1538,0.07,0.35,0.0154,-0.035,-0.07,0.0046,0.0,-0.1004,-0.5329,-0.538,0.9369,26
14,20,1456.0,Low*Medium*NoStarvation,45,Medium*Medium*NoStarvation,7.0,41.57,7,7,22,0.2292,0.4157,0.35,0.0229,-0.2079,-0.07,0.0069,0.0,-0.271,-0.6772,-0.685,0.9369,96
14,21,1502.0,Medium*Medium*NoStarvation,20,Low*Medium*NoStarvation,41.57,16.0,7,7,10,0.2174,0.16,0.35,0.0217,-0.08,-0.07,0.0065,0.0,-0.1435,-0.5582,-0.5651,0.9369,46
14,22,1548.0,Low*Medium*NoStarvation,20,Low*Medium*NoStarvation,16.0,16.86,7,7,10,0.2174,0.1686,0.35,0.0217,-0.0843,-0.07,0.0065,0.0,-0.1478,-0.5545,-0.5622,0.9369,46
14,23,1594.0,Low*Medium*NoStarvation,20,Low*Medium*NoStarvation,16.86,16.71,7,7,10,0.2174,0.1671,0.35,0.0217,-0.0836,-0.07,0.0065,0.0,-0.147,-0.5622,-0.569,0.9369,46
14,24,1660.0,Low*Medium*NoStarvation,30,Medium*Medium*NoStarvation,16.71,25.86,7,7,15,0.2273,0.2586,0.35,0.0227,-0.1293,-0.07,0.0068,0.0,-0.1925,-0.5376,-0.5515,0.9369,66
14,25,1706.0,Medium*Medium*NoStarvation,20,Low*Medium*NoStarvation,25.86,15.71,7,7,10,0.2174,0.1571,0.35,0.0217,-0.0786,-0.07,0.0065,0.0,-0.142,-0.5651,-0.5711,0.9369,46
14,26,1772.0,Low*Medium*NoStarvation,30,Medium*Medium*NoStarvation,15.71,25.71,7,7,15,0.2273,0.2571,0.35,0.0227,-0.1286,-0.07,0.0068,0.0,-0.1918,-0.5515,-0.564,0.9369,66
14,27,1818.0,Medium*Medium*NoStarvation,20,Low*Medium*NoStarvation,25.71,16.29,7,7,10,0.2174,0.1629,0.35,0.0217,-0.0814,-0.07,0.0065,0.0,-0.1449,-0.5711,-0.5769,0.9369,46
14,28,1844.0,Low*Medium*NoStarvation,10,Low*Medium*NoStarvation,16.29,7.14,7,7,5,0.1923,0.0714,0.35,0.0192,-0.0357,-0.07,0.0058,0.0,-0.0999,-0.5372,-0.5418,0.9369,26
14,29,1940.0,Low*Medium*NoStarvation,45,Medium*Medium*NoStarvation,7.14,41.14,7,7,22,0.2292,0.4114,0.35,0.0229,-0.2057,-0.07,0.0069,0.0,-0.2688,-0.685,-0.6918,0.9369,96
14,30,2036.0,Medium*Medium*NoStarvation,45,Medium*Medium*NoStarvation,41.14,38.71,7,7,23,0.2396,0.3871,0.35,0.024,-0.1936,-0.07,0.0072,0.0,-0.2564,-0.7032,-0.707,0.9369,96
14,31,2062.0,Medium*Medium*NoStarvation,10,Low*Medium*NoStarvation,38.71,6.14,7,7,5,0.1923,0.0614,0.35,0.0192,-0.0307,-0.07,0.0058,0.0,-0.0949,-0.538,-0.5425,0.9369,26
14,32,2108.0,Low*Medium*NoStarvation,20,Low*Medium*NoStarvation,6.14,16.14,7,7,10,0.2174,0.1614,0.35,0.0217,-0.0807,-0.07,0.0065,0.0,-0.1442,-0.569,-0.5753,0.9369,46
14,33,2134.0,Low*Medium*NoStarvation,10,Low*Medium*NoStarvation,16.14,7.71,7,7,4,0.1538,0.0771,0.35,0.0154,-0.0386,-0.07,0.0046,0.0,-0.104,-0.5418,-0.5468,0.9369,26
14,34,2200.0,Low*Medium*NoStarvation,30,Medium*Medium*NoStarvation,7.71,26.86,7,7,15,0.2273,0.2686,0.35,0.0227,-0.1343,-0.07,0.0068,0.0,-0.1975,-0.564,-0.5761,0.9369,66
14,35,2296.0,Medium*Medium*NoStarvation,45,Medium*Medium*NoStarvation,26.86,41.71,7,7,22,0.2292,0.4171,0.35,0.0229,-0.2086,-0.07,0.0069,0.0,-0.2717,-0.707,-0.7123,0.9369,96
14,36,2322.0,Medium*Medium*NoStarvation,10,Low*Medium*NoStarvation,41.71,5.71,7,6,5,0.1923,0.0571,0.3,0.0192,-0.0286,-0.06,0.0058,0.0,-0.0828,-0.5425,-0.5457,0.9369,26
14,37,2348.0,Low*Medium*NoStarvation,10,Low*Medium*NoStarvation,5.71,5.71,6,6,5,0.1923,0.0571,0.3,0.0192,-0.0286,-0.06,0.0058,0.0,-0.0828,-0.5468,-0.5496,0.9369,26
14,38,2444.0,Low*Medium*NoStarvation,45,Medium*Medium*NoStarvation,5.71,41.71,6,7,22,0.2292,0.4171,0.35,0.0229,-0.2086,-0.07,0.0069,0.0,-0.2717,-0.6918,-0.6989,0.9369,96
14,39,2540.0,Medium*Medium*NoStarvation,45,Medium*Medium*NoStarvation,41.71,41.0,7,7,23,0.2396,0.41,0.35,0.024,-0.205,-0.07,0.0072,0.0,-0.2678,-0.7123,-0.7169,0.9369,96
14,40,2606.0,Medium*Medium*NoStarvation,30,Medium*Medium*NoStarvation,41.0,26.71,7,7,15,0.2273,0.2671,0.35,0.0227,-0.1336,-0.07,0.0068,0.0,-0.1968,-0.5959,-0.6051,0.9369,66
14,41,2628.0,Medium*Medium*NoStarvation,30,Low*Low*NoStarvation,26.71,0.0,7,0,8,0.1212,0.0,0.0,0.0121,-0.0,-0.0,0.0036,0.0,0.0036,-0.6051,-0.5462,0.9369,66
15,0,116.0,Low*Low*NoStarvation,30,Medium*Medium*NoStarvation,0.83,26.71,2,7,31,0.4697,0.2671,0.35,0.047,-0.1336,-0.07,0.0141,0.0,-0.1895,-0.1995,-0.2476,0.9322,66
15,1,212.0,Medium*Medium*NoStarvation,45,Medium*Medium*NoStarvation,26.71,41.0,7,7,46,0.4792,0.41,0.35,0.0479,-0.205,-0.07,0.0144,0.0,-0.2606,-0.7169,-0.7204,0.9322,96
15,2,258.0,Medium*Medium*NoStarvation,20,Low*Medium*NoStarvation,41.0,14.43,7,7,21,0.4565,0.1443,0.35,0.0457,-0.0721,-0.07,0.0137,0.0,-0.1284,-0.5769,-0.5815,0.9322,46
15,3,284.0,Low*Medium*NoStarvation,10,Low*Medium*NoStarvation,14.43,5.71,7,6,9,0.3462,0.0571,0.3,0.0346,-0.0286,-0.06,0.0104,0.0,-0.0782,-0.5496,-0.552,0.9322,26
15,4,330.0,Low*Medium*NoStarvation,20,Low*Medium*NoStarvation,5.71,15.57,6,7,20,0.4348,0.1557,0.35,0.0435,-0.0779,-0.07,0.013,0.0,-0.1348,-0.5753,-0.5809,0.9322,46
15,5,396.0,Low*Medium*NoStarvation,30,Medium*Medium*NoStarvation,15.57,26.71,7,7,30,0.4545,0.2671,0.35,0.0455,-0.1336,-0.07,0.0136,0.0,-0.1899,-0.5761,-0.5866,0.9322,66
15,6,462.0,Medium*Medium*NoStarvation,30,Medium*Medium*NoStarvation,26.71,26.43,7,7,28,0.4242,0.2643,0.35,0.0424,-0.1321,-0.07,0.0127,0.0,-0.1894,-0.5462,-0.5596,0.9322,66
15,7,488.0,Medium*Medium*NoStarvation,10,Low*Medium*NoStarvation,26.43,5.57,7,7,10,0.3846,0.0557,0.35,0.0385,-0.0279,-0.07,0.0115,0.0,-0.0863,-0.5457,-0.5495,0.9322,26
15,8,584.0,Low*Medium*NoStarvation,45,Medium*Medium*NoStarvation,5.57,41.57,7,7,42,0.4375,0.4157,0.35,0.0437,-0.2079,-0.07,0.0131,0.0,-0.2647,-0.6989,-0.705,0.9322,96
15,9,650.0,Medium*Medium*NoStarvation,30,Medium*Medium*NoStarvation,41.57,26.0,7,7,28,0.4242,0.26,0.35,0.0424,-0.13,-0.07,0.0127,0.0,-0.1873,-0.5596,-0.5719,0.9322,66
15,10,716.0,Medium*Medium*NoStarvation,30,Medium*Medium*NoStarvation,26.0,27.93,7,9,27,0.4091,0.2793,0.45,0.0409,-0.1396,-0.09,0.0123,0.0,-0.2174,-0.5719,-0.5859,0.9322,66
15,11,812.0,Medium*Medium*NoStarvation,45,Medium*Medium*NoStarvation,27.93,43.0,9,7,41,0.4271,0.43,0.35,0.0427,-0.215,-0.07,0.0128,0.0,-0.2722,-0.7204,-0.7251,0.9322,96
15,12,838.0,Medium*Medium*NoStarvation,10,Low*Medium*NoStarvation,43.0,6.0,7,6,10,0.3846,0.06,0.3,0.0385,-0.03,-0.06,0.0115,0.0,-0.0785,-0.5495,-0.552,0.9322,26
15,13,864.0,Low*Medium*NoStarvation,10,Low*Medium*NoStarvation,6.0,5.43,6,6,10,0.3846,0.0543,0.3,0.0385,-0.0271,-0.06,0.0115,0.0,-0.0756,-0.552,-0.554,0.9322,26
15,14,890.0,Low*Medium*NoStarvation,10,Low*Medium*NoStarvation,5.43,6.86,6,7,10,0.3846,0.0686,0.35,0.0385,-0.0343,-0.07,0.0115,0.0,-0.0927,-0.554,-0.5577,0.9322,26
15,15,936.0,Low*Medium*NoStarvation,20,Low*Medium*NoStarvation,6.86,17.0,7,7,20,0.4348,0.17,0.35,0.0435,-0.085,-0.07,0.013,0.0,-0.142,-0.5809,-0.5872,0.9322,46
15,16,982.0,Low*Medium*NoStarvation,20,Low*Medium*NoStarvation,17.0,14.86,7,7,19,0.413,0.1486,0.35,0.0413,-0.0743,-0.07,0.0124,0.0,-0.1319,-0.5872,-0.5919,0.9322,46
15,17,1008.0,Low*Medium*NoStarvation,10,Low*Medium*NoStarvation,14.86,8.71,7,7,9,0.3462,0.0871,0.35,0.0346,-0.0436,-0.07,0.0104,0.0,-0.1032,-0.5577,-0.5625,0.9322,26
15,18,1054.0,Low*Medium*NoStarvation,20,Low*Medium*NoStarvation,8.71,15.29,7,7,10,0.2174,0.1529,0.35,0.0217,-0.0764,-0.07,0.0065,0.0,-0.1399,-0.5919,-0.5973,0.9322,46
15,19,1120.0,Low*Medium*NoStarvation,30,Medium*Medium*NoStarvation,15.29,27.0,7,7,15,0.2273,0.27,0.35,0.0227,-0.135,-0.07,0.0068,0.0,-0.1982,-0.5866,-0.5975,0.9322,66
15,20,1216.0,Medium*Medium*NoStarvation,45,Medium*Medium*NoStarvation,27.0,39.29,7,7,23,0.2396,0.3929,0.35,0.024,-0.1964,-0.07,0.0072,0.0,-0.2592,-0.7251,-0.7282,0.9322,96
15,21,1312.0,Medium*Medium*NoStarvation,45,Medium*Medium*NoStarvation,39.29,40.14,7,7,23,0.2396,0.4014,0.35,0.024,-0.2007,-0.07,0.0072,0.0,-0.2635,-0.7282,-0.7314,0.9322,96
15,22,1338.0,Medium*Medium*NoStarvation,10,Low*Medium*NoStarvation,40.14,7.0,7,7,4,0.1538,0.07,0.35,0.0154,-0.035,-0.07,0.0046,0.0,-0.1004,-0.552,-0.5575,0.9322,26
15,23,1404.0,Low*Medium*NoStarvation,30,Medium*Medium*NoStarvation,7.0,25.86,7,7,15,0.2273,0.2586,0.35,0.0227,-0.1293,-0.07,0.0068,0.0,-0.1925,-0.5975,-0.6071,0.9322,66
15,24,1430.0,Medium*Medium*NoStarvation,10,Low*Medium*NoStarvation,25.86,6.0,7,6,5,0.1923,0.06,0.3,0.0192,-0.03,-0.06,0.0058,0.0,-0.0842,-0.5575,-0.5608,0.9322,26
15,25,1526.0,Low*Medium*NoStarvation,45,Medium*Medium*NoStarvation,6.0,40.86,6,7,22,0.2292,0.4086,0.35,0.0229,-0.2043,-0.07,0.0069,0.0,-0.2674,-0.705,-0.7117,0.9322,96
15,26,1622.0,Medium*Medium*NoStarvation,45,Medium*Medium*NoStarvation,40.86,41.14,7,7,23,0.2396,0.4114,0.35,0.024,-0.2057,-0.07,0.0072,0.0,-0.2685,-0.7314,-0.7356,0.9322,96
15,27,1648.0,Medium*Medium*NoStarvation,10,Low*Medium*NoStarvation,41.14,7.57,7,7,5,0.1923,0.0757,0.35,0.0192,-0.0379,-0.07,0.0058,0.0,-0.1021,-0.5608,-0.5655,0.9322,26
15,28,1694.0,Low*Medium*NoStarvation,20,Low*Medium*NoStarvation,7.57,16.86,7,7,9,0.1957,0.1686,0.35,0.0196,-0.0843,-0.07,0.0059,0.0,-0.1484,-0.5973,-0.6031,0.9322,46
15,29,1720.0,Low*Medium*NoStarvation,10,Low*Medium*NoStarvation,16.86,7.14,7,7,5,0.1923,0.0714,0.35,0.0192,-0.0357,-0.07,0.0058,0.0,-0.0999,-0.5625,-0.5668,0.9322,26
15,30,1746.0,Low*Medium*NoStarvation,10,Low*Medium*NoStarvation,7.14,8.14,7,7,4,0.1538,0.0814,0.35,0.0154,-0.0407,-0.07,0.0046,0.0,-0.1061,-0.5668,-0.5718,0.9322,26
15,31,1812.0,Low*Medium*NoStarvation,30,Medium*Medium*NoStarvation,8.14,27.0,7,7,15,0.2273,0.27,0.35,0.0227,-0.135,-0.07,0.0068,0.0,-0.1982,-0.6071,-0.6171,0.9322,66
15,32,1858.0,Medium*Medium*NoStarvation,20,Low*Medium*NoStarvation,27.0,17.0,7,7,10,0.2174,0.17,0.35,0.0217,-0.085,-0.07,0.0065,0.0,-0.1485,-0.5815,-0.5896,0.9322,46
15,33,1924.0,Low*Medium*NoStarvation,30,Medium*Medium*NoStarvation,17.0,26.57,7,7,15,0.2273,0.2657,0.35,0.0227,-0.1329,-0.07,0.0068,0.0,-0.196,-0.6171,-0.6259,0.9322,66
15,34,1970.0,Medium*Medium*NoStarvation,20,Low*Medium*NoStarvation,26.57,16.43,7,7,10,0.2174,0.1643,0.35,0.0217,-0.0821,-0.07,0.0065,0.0,-0.1456,-0.5896,-0.5967,0.9322,46
15,35,2016.0,Low*Medium*NoStarvation,20,Low*Medium*NoStarvation,16.43,15.86,7,7,10,0.2174,0.1586,0.35,0.0217,-0.0793,-0.07,0.0065,0.0,-0.1428,-0.6031,-0.6085,0.9322,46
15,36,2042.0,Low*Medium*NoStarvation,10,Low*Medium*NoStarvation,15.86,8.43,7,7,4,0.1538,0.0843,0.35,0.0154,-0.0421,-0.07,0.0046,0.0,-0.1075,-0.5718,-0.5768,0.9322,26
15,37,2088.0,Low*Medium*NoStarvation,20,Low*Medium*NoStarvation,8.43,16.71,7,7,10,0.2174,0.1671,0.35,0.0217,-0.0836,-0.07,0.0065,0.0,-0.147,-0.6085,-0.6143,0.9322,46
15,38,2184.0,Low*Medium*NoStarvation,45,Medium*Medium*NoStarvation,16.71,40.29,7,7,23,0.2396,0.4029,0.35,0.024,-0.2014,-0.07,0.0072,0.0,-0.2642,-0.7117,-0.7178,0.9322,96
15,39,2250.0,Medium*Medium*NoStarvation,30,Medium*Medium*NoStarvation,40.29,26.29,7,7,15,0.2273,0.2629,0.35,0.0227,-0.1314,-0.07,0.0068,0.0,-0.1946,-0.5859,-0.5976,0.9322,66
15,40,2346.0,Medium*Medium*NoStarvation,45,Medium*Medium*NoStarvation,26.29,40.29,7,7,23,0.2396,0.4029,0.35,0.024,-0.2014,-0.07,0.0072,0.0,-0.2642,-0.7356,-0.7393,0.9322,96
15,41,2442.0,Medium*Medium*NoStarvation,45,Medium*Medium*NoStarvation,40.29,41.57,7,7,23,0.2396,0.4157,0.35,0.024,-0.2079,-0.07,0.0072,0.0,-0.2707,-0.7393,-0.7434,0.9322,96
15,42,2508.0,Medium*Medium*NoStarvation,30,Medium*Medium*NoStarvation,41.57,26.57,7,7,15,0.2273,0.2657,0.35,0.0227,-0.1329,-0.07,0.0068,0.0,-0.196,-0.5976,-0.6084,0.9322,66
15,43,2604.0,Medium*Medium*NoStarvation,45,Medium*Medium*NoStarvation,26.57,43.57,7,7,22,0.2292,0.4357,0.35,0.0229,-0.2179,-0.07,0.0069,0.0,-0.281,-0.7434,-0.748,0.9322,96
15,44,2634.0,Medium*Medium*NoStarvation,45,Low*Low*NoStarvation,43.57,0.0,7,0,12,0.125,0.0,0.0,0.0125,-0.0,-0.0,0.0037,0.0,0.0037,-0.748,-0.6748,0.9322,96
16,0,76.0,Low*Low*NoStarvation,10,Low*Medium*NoStarvation,0.83,6.71,2,7,11,0.4231,0.0671,0.35,0.0423,-0.0336,-0.07,0.0127,0.0,-0.0909,-0.0216,-0.0805,0.9276,26
16,1,102.0,Low*Medium*NoStarvation,10,Low*Medium*NoStarvation,6.71,8.43,7,7,8,0.3077,0.0843,0.35,0.0308,-0.0421,-0.07,0.0092,0.0,-0.1029,-0.5768,-0.5813,0.9276,26
16,2,128.0,Low*Medium*NoStarvation,10,Low*Medium*NoStarvation,8.43,7.29,7,7,9,0.3462,0.0729,0.35,0.0346,-0.0364,-0.07,0.0104,0.0,-0.096,-0.5813,-0.5851,0.9276,26
16,3,154.0,Low*Medium*NoStarvation,10,Low*Medium*NoStarvation,7.29,8.71,7,7,8,0.3077,0.0871,0.35,0.0308,-0.0436,-0.07,0.0092,0.0,-0.1043,-0.5851,-0.5897,0.9276,26
16,4,200.0,Low*Medium*NoStarvation,20,Low*Medium*NoStarvation,8.71,16.86,7,7,20,0.4348,0.1686,0.35,0.0435,-0.0843,-0.07,0.013,0.0,-0.1412,-0.6143,-0.62,0.9276,46
16,5,266.0,Low*Medium*NoStarvation,30,Medium*Medium*NoStarvation,16.86,25.29,7,7,32,0.4848,0.2529,0.35,0.0485,-0.1264,-0.07,0.0145,0.0,-0.1819,-0.6259,-0.6324,0.9276,66
16,6,312.0,Medium*Medium*NoStarvation,20,Low*Medium*NoStarvation,25.29,16.0,7,7,20,0.4348,0.16,0.35,0.0435,-0.08,-0.07,0.013,0.0,-0.137,-0.5967,-0.6038,0.9276,46
16,7,408.0,Low*Medium*NoStarvation,45,Medium*Medium*NoStarvation,16.0,42.14,7,7,45,0.4688,0.4214,0.35,0.0469,-0.2107,-0.07,0.0141,0.0,-0.2667,-0.7178,-0.7236,0.9276,96
16,8,474.0,Medium*Medium*NoStarvation,30,Medium*Medium*NoStarvation,42.14,25.43,7,7,30,0.4545,0.2543,0.35,0.0455,-0.1271,-0.07,0.0136,0.0,-0.1835,-0.6084,-0.6168,0.9276,66
16,9,520.0,Medium*Medium*NoStarvation,20,Low*Medium*NoStarvation,25.43,17.71,7,7,20,0.4348,0.1771,0.35,0.0435,-0.0886,-0.07,0.013,0.0,-0.1455,-0.6038,-0.611,0.9276,46
16,10,566.0,Low*Medium*NoStarvation,20,Low*Medium*NoStarvation,17.71,17.0,7,7,20,0.4348,0.17,0.35,0.0435,-0.085,-0.07,0.013,0.0,-0.142,-0.62,-0.6253,0.9276,46
16,11,592.0,Low*Medium*NoStarvation,10,Low*Medium*NoStarvation,17.0,6.29,7,7,10,0.3846,0.0629,0.35,0.0385,-0.0314,-0.07,0.0115,0.0,-0.0899,-0.5897,-0.5928,0.9276,26
16,12,688.0,Low*Medium*NoStarvation,45,Medium*Medium*NoStarvation,6.29,41.14,7,7,43,0.4479,0.4114,0.35,0.0448,-0.2057,-0.07,0.0134,0.0,-0.2623,-0.7236,-0.7284,0.9276,96
16,13,734.0,Medium*Medium*NoStarvation,20,Low*Medium*NoStarvation,41.14,16.0,7,7,19,0.413,0.16,0.35,0.0413,-0.08,-0.07,0.0124,0.0,-0.1376,-0.611,-0.6171,0.9276,46
16,14,760.0,Low*Medium*NoStarvation,10,Low*Medium*NoStarvation,16.0,6.0,7,7,9,0.3462,0.06,0.35,0.0346,-0.03,-0.07,0.0104,0.0,-0.0896,-0.5928,-0.5958,0.9276,26
16,15,856.0,Low*Medium*NoStarvation,45,Medium*Medium*NoStarvation,6.0,41.43,7,7,42,0.4375,0.4143,0.35,0.0437,-0.2071,-0.07,0.0131,0.0,-0.264,-0.7284,-0.7328,0.9276,96
16,16,922.0,Medium*Medium*NoStarvation,30,Medium*Medium*NoStarvation,41.43,26.29,7,7,28,0.4242,0.2629,0.35,0.0424,-0.1314,-0.07,0.0127,0.0,-0.1887,-0.6168,-0.6249,0.9276,66
16,17,1018.0,Medium*Medium*NoStarvation,45,Medium*Medium*NoStarvation,26.29,42.14,7,7,39,0.4062,0.4214,0.35,0.0406,-0.2107,-0.07,0.0122,0.0,-0.2685,-0.6748,-0.6851,0.9276,96
16,18,1114.0,Medium*Medium*NoStarvation,45,Medium*Medium*NoStarvation,42.14,40.29,7,7,23,0.2396,0.4029,0.35,0.024,-0.2014,-0.07,0.0072,0.0,-0.2642,-0.6851,-0.6939,0.9276,96
16,19,1160.0,Medium*Medium*NoStarvation,20,Low*Medium*NoStarvation,40.29,15.14,7,7,10,0.2174,0.1514,0.35,0.0217,-0.0757,-0.07,0.0065,0.0,-0.1392,-0.6171,-0.6229,0.9276,46
16,20,1226.0,Low*Medium*NoStarvation,30,Medium*Medium*NoStarvation,15.14,25.57,7,7,15,0.2273,0.2557,0.35,0.0227,-0.1279,-0.07,0.0068,0.0,-0.191,-0.6324,-0.6392,0.9276,66
16,21,1292.0,Medium*Medium*NoStarvation,30,Medium*Medium*NoStarvation,25.57,25.86,7,7,15,0.2273,0.2586,0.35,0.0227,-0.1293,-0.07,0.0068,0.0,-0.1925,-0.6249,-0.6325,0.9276,66
16,22,1318.0,Medium*Medium*NoStarvation,10,Low*Medium*NoStarvation,25.86,6.43,7,7,5,0.1923,0.0643,0.35,0.0192,-0.0321,-0.07,0.0058,0.0,-0.0964,-0.5655,-0.5723,0.9276,26
16,23,1384.0,Low*Medium*NoStarvation,30,Medium*Medium*NoStarvation,6.43,25.86,7,7,15,0.2273,0.2586,0.35,0.0227,-0.1293,-0.07,0.0068,0.0,-0.1925,-0.6392,-0.646,0.9276,66
16,24,1430.0,Medium*Medium*NoStarvation,20,Low*Medium*NoStarvation,25.86,14.86,7,7,10,0.2174,0.1486,0.35,0.0217,-0.0743,-0.07,0.0065,0.0,-0.1378,-0.6229,-0.628,0.9276,46
16,25,1456.0,Low*Medium*NoStarvation,10,Low*Medium*NoStarvation,14.86,5.86,7,7,5,0.1923,0.0586,0.35,0.0192,-0.0293,-0.07,0.0058,0.0,-0.0935,-0.5958,-0.5992,0.9276,26
16,26,1552.0,Low*Medium*NoStarvation,45,Medium*Medium*NoStarvation,5.86,42.29,7,7,22,0.2292,0.4229,0.35,0.0229,-0.2114,-0.07,0.0069,0.0,-0.2746,-0.7328,-0.7385,0.9276,96
16,27,1648.0,Medium*Medium*NoStarvation,45,Medium*Medium*NoStarvation,42.29,40.71,7,7,23,0.2396,0.4071,0.35,0.024,-0.2036,-0.07,0.0072,0.0,-0.2664,-0.6939,-0.7026,0.9276,96
16,28,1714.0,Medium*Medium*NoStarvation,30,Medium*Medium*NoStarvation,40.71,25.43,7,7,15,0.2273,0.2543,0.35,0.0227,-0.1271,-0.07,0.0068,0.0,-0.1903,-0.6325,-0.6398,0.9276,66
16,29,1740.0,Medium*Medium*NoStarvation,10,Low*Medium*NoStarvation,25.43,5.57,7,6,5,0.1923,0.0557,0.3,0.0192,-0.0279,-0.06,0.0058,0.0,-0.0821,-0.5723,-0.5772,0.9276,26
16,30,1836.0,Low*Medium*NoStarvation,45,Medium*Medium*NoStarvation,5.57,41.0,6,7,23,0.2396,0.41,0.35,0.024,-0.205,-0.07,0.0072,0.0,-0.2678,-0.7385,-0.7434,0.9276,96
16,31,1862.0,Medium*Medium*NoStarvation,10,Low*Medium*NoStarvation,41.0,6.29,7,7,4,0.1538,0.0629,0.35,0.0154,-0.0314,-0.07,0.0046,0.0,-0.0968,-0.5772,-0.5831,0.9276,26
16,32,1928.0,Low*Medium*NoStarvation,30,Medium*Medium*NoStarvation,6.29,27.86,7,7,14,0.2121,0.2786,0.35,0.0212,-0.1393,-0.07,0.0064,0.0,-0.2029,-0.646,-0.6542,0.9276,66
16,33,1974.0,Medium*Medium*NoStarvation,20,Low*Medium*NoStarvation,27.86,17.0,7,7,10,0.2174,0.17,0.35,0.0217,-0.085,-0.07,0.0065,0.0,-0.1485,-0.628,-0.634,0.9276,46
16,34,2020.0,Low*Medium*NoStarvation,20,Low*Medium*NoStarvation,17.0,16.43,7,7,10,0.2174,0.1643,0.35,0.0217,-0.0821,-0.07,0.0065,0.0,-0.1456,-0.6253,-0.6313,0.9276,46
16,35,2046.0,Low*Medium*NoStarvation,10,Low*Medium*NoStarvation,16.43,7.86,7,7,4,0.1538,0.0786,0.35,0.0154,-0.0393,-0.07,0.0046,0.0,-0.1047,-0.5992,-0.6037,0.9276,26
16,36,2072.0,Low*Medium*NoStarvation,10,Low*Medium*NoStarvation,7.86,7.0,7,7,5,0.1923,0.07,0.35,0.0192,-0.035,-0.07,0.0058,0.0,-0.0992,-0.6037,-0.6076,0.9276,26
16,37,2098.0,Low*Medium*NoStarvation,10,Low*Medium*NoStarvation,7.0,6.86,7,7,5,0.1923,0.0686,0.35,0.0192,-0.0343,-0.07,0.0058,0.0,-0.0985,-0.6076,-0.6114,0.9276,26
16,38,2144.0,Low*Medium*NoStarvation,20,Low*Medium*NoStarvation,6.86,16.14,7,7,10,0.2174,0.1614,0.35,0.0217,-0.0807,-0.07,0.0065,0.0,-0.1442,-0.6313,-0.6376,0.9276,46
16,39,2210.0,Low*Medium*NoStarvation,30,Medium*Medium*NoStarvation,16.14,26.71,7,7,14,0.2121,0.2671,0.35,0.0212,-0.1336,-0.07,0.0064,0.0,-0.1972,-0.6542,-0.661,0.9276,66
16,40,2276.0,Medium*Medium*NoStarvation,30,Medium*Medium*NoStarvation,26.71,26.71,7,7,15,0.2273,0.2671,0.35,0.0227,-0.1336,-0.07,0.0068,0.0,-0.1968,-0.6398,-0.648,0.9276,66
16,41,2302.0,Medium*Medium*NoStarvation,10,Low*Medium*NoStarvation,26.71,8.0,7,7,4,0.1538,0.08,0.35,0.0154,-0.04,-0.07,0.0046,0.0,-0.1054,-0.5831,-0.5903,0.9276,26
16,42,2348.0,Low*Medium*NoStarvation,20,Low*Medium*NoStarvation,8.0,15.57,7,7,10,0.2174,0.1557,0.35,0.0217,-0.0779,-0.07,0.0065,0.0,-0.1413,-0.6376,-0.643,0.9276,46
16,43,2394.0,Low*Medium*NoStarvation,20,Low*Medium*NoStarvation,15.57,15.29,7,7,10,0.2174,0.1529,0.35,0.0217,-0.0764,-0.07,0.0065,0.0,-0.1399,-0.643,-0.6477,0.9276,46
16,44,2460.0,Low*Medium*NoStarvation,30,Medium*Medium*NoStarvation,15.29,27.29,7,7,15,0.2273,0.2729,0.35,0.0227,-0.1364,-0.07,0.0068,0.0,-0.1996,-0.661,-0.668,0.9276,66
16,45,2486.0,Medium*Medium*NoStarvation,10,Low*Medium*NoStarvation,27.29,5.86,7,7,5,0.1923,0.0586,0.35,0.0192,-0.0293,-0.07,0.0058,0.0,-0.0935,-0.5903,-0.5957,0.9276,26
16,46,2532.0,Low*Medium*NoStarvation,20,Low*Medium*NoStarvation,5.86,16.0,7,7,10,0.2174,0.16,0.35,0.0217,-0.08,-0.07,0.0065,0.0,-0.1435,-0.6477,-0.6523,0.9276,46
16,47,2598.0,Low*Medium*NoStarvation,30,Medium*Medium*NoStarvation,16.0,26.57,7,7,15,0.2273,0.2657,0.35,0.0227,-0.1329,-0.07,0.0068,0.0,-0.196,-0.668,-0.6744,0.9276,66
16,48,2664.0,Medium*Medium*NoStarvation,30,Medium*Medium*NoStarvation,26.57,26.0,7,7,15,0.2273,0.26,0.35,0.0227,-0.13,-0.07,0.0068,0.0,-0.1932,-0.648,-0.6561,0.9276,66
16,49,2684.0,Medium*Medium*NoStarvation,20,Low*Low*NoStarvation,26.0,0.0,7,0,7,0.1522,0.0,0.0,0.0152,-0.0,-0.0,0.0046,0.0,0.0046,-0.634,-0.5774,0.9276,46
17,0,116.0,Low*Low*NoStarvation,30,Medium*Medium*NoStarvation,0.83,26.71,2,7,31,0.4697,0.2671,0.35,0.047,-0.1336,-0.07,0.0141,0.0,-0.1895,-0.2476,-0.2938,0.9229,66
17,1,182.0,Medium*Medium*NoStarvation,30,Medium*Medium*NoStarvation,26.71,26.43,7,7,30,0.4545,0.2643,0.35,0.0455,-0.1321,-0.07,0.0136,0.0,-0.1885,-0.6561,-0.6613,0.9229,66
17,2,278.0,Medium*Medium*NoStarvation,45,Medium*Medium*NoStarvation,26.43,42.57,7,7,45,0.4688,0.4257,0.35,0.0469,-0.2129,-0.07,0.0141,0.0,-0.2688,-0.7026,-0.7112,0.9229,96
17,3,344.0,Medium*Medium*NoStarvation,30,Medium*Medium*NoStarvation,42.57,25.86,7,7,29,0.4394,0.2586,0.35,0.0439,-0.1293,-0.07,0.0132,0.0,-0.1861,-0.6613,-0.6658,0.9229,66
17,4,370.0,Medium*Medium*NoStarvation,10,Low*Medium*NoStarvation,25.86,5.57,7,7,9,0.3462,0.0557,0.35,0.0346,-0.0279,-0.07,0.0104,0.0,-0.0875,-0.5957,-0.5999,0.9229,26
17,5,396.0,Low*Medium*NoStarvation,10,Low*Medium*NoStarvation,5.57,9.1,7,8,8,0.3077,0.091,0.4,0.0308,-0.0455,-0.08,0.0092,0.0,-0.1162,-0.6114,-0.6169,0.9229,26
17,6,462.0,Low*Medium*NoStarvation,30,Medium*Medium*NoStarvation,9.1,26.57,8,7,30,0.4545,0.2657,0.35,0.0455,-0.1329,-0.07,0.0136,0.0,-0.1892,-0.6744,-0.6778,0.9229,66
17,7,528.0,Medium*Medium*NoStarvation,30,Medium*Medium*NoStarvation,26.57,27.0,7,7,29,0.4394,0.27,0.35,0.0439,-0.135,-0.07,0.0132,0.0,-0.1918,-0.6658,-0.6703,0.9229,66
17,8,574.0,Medium*Medium*NoStarvation,20,Low*Medium*NoStarvation,27.0,16.29,7,7,19,0.413,0.1629,0.35,0.0413,-0.0814,-0.07,0.0124,0.0,-0.139,-0.5774,-0.5891,0.9229,46
17,9,600.0,Low*Medium*NoStarvation,10,Low*Medium*NoStarvation,16.29,7.71,7,7,8,0.3077,0.0771,0.35,0.0308,-0.0386,-0.07,0.0092,0.0,-0.0993,-0.6169,-0.6206,0.9229,26
17,10,666.0,Low*Medium*NoStarvation,30,Medium*Medium*NoStarvation,7.71,25.29,7,7,29,0.4394,0.2529,0.35,0.0439,-0.1264,-0.07,0.0132,0.0,-0.1832,-0.6778,-0.6814,0.9229,66
17,11,692.0,Medium*Medium*NoStarvation,10,Low*Medium*NoStarvation,25.29,6.43,7,7,10,0.3846,0.0643,0.35,0.0385,-0.0321,-0.07,0.0115,0.0,-0.0906,-0.5999,-0.6048,0.9229,26
17,12,738.0,Low*Medium*NoStarvation,20,Low*Medium*NoStarvation,6.43,16.57,7,7,20,0.4348,0.1657,0.35,0.0435,-0.0829,-0.07,0.013,0.0,-0.1398,-0.6523,-0.6569,0.9229,46
17,13,804.0,Low*Medium*NoStarvation,30,Medium*Medium*NoStarvation,16.57,26.29,7,7,28,0.4242,0.2629,0.35,0.0424,-0.1314,-0.07,0.0127,0.0,-0.1887,-0.6814,-0.6851,0.9229,66
17,14,900.0,Medium*Medium*NoStarvation,45,Medium*Medium*NoStarvation,26.29,42.43,7,7,40,0.4167,0.4243,0.35,0.0417,-0.2121,-0.07,0.0125,0.0,-0.2696,-0.7112,-0.7201,0.9229,96
17,15,946.0,Medium*Medium*NoStarvation,20,Low*Medium*NoStarvation,42.43,16.14,7,7,19,0.413,0.1614,0.35,0.0413,-0.0807,-0.07,0.0124,0.0,-0.1383,-0.5891,-0.5998,0.9229,46
17,16,992.0,Low*Medium*NoStarvation,20,Low*Medium*NoStarvation,16.14,16.0,7,7,19,0.413,0.16,0.35,0.0413,-0.08,-0.07,0.0124,0.0,-0.1376,-0.6569,-0.6608,0.9229,46
17,17,1058.0,Low*Medium*NoStarvation,30,Medium*Medium*NoStarvation,16.0,26.29,7,7,18,0.2727,0.2629,0.35,0.0273,-0.1314,-0.07,0.0082,0.0,-0.1932,-0.6851,-0.6899,0.9229,66
17,18,1124.0,Medium*Medium*NoStarvation,30,Medium*Medium*NoStarvation,26.29,26.57,7,7,15,0.2273,0.2657,0.35,0.0227,-0.1329,-0.07,0.0068,0.0,-0.196,-0.6703,-0.6769,0.9229,66
17,19,1170.0,Medium*Medium*NoStarvation,20,Low*Medium*NoStarvation,26.57,16.29,7,7,10,0.2174,0.1629,0.35,0.0217,-0.0814,-0.07,0.0065,0.0,-0.1449,-0.5998,-0.6102,0.9229,46
17,20,1236.0,Low*Medium*NoStarvation,30,Medium*Medium*NoStarvation,16.29,25.57,7,7,15,0.2273,0.2557,0.35,0.0227,-0.1279,-0.07,0.0068,0.0,-0.191,-0.6899,-0.6945,0.9229,66
17,21,1282.0,Medium*Medium*NoStarvation,20,Low*Medium*NoStarvation,25.57,14.43,7,7,10,0.2174,0.1443,0.35,0.0217,-0.0721,-0.07,0.0065,0.0,-0.1356,-0.6102,-0.6186,0.9229,46
17,22,1378.0,Low*Medium*NoStarvation,45,Medium*Medium*NoStarvation,14.43,40.14,7,7,23,0.2396,0.4014,0.35,0.024,-0.2007,-0.07,0.0072,0.0,-0.2635,-0.7434,-0.7498,0.9229,96
17,23,1404.0,Medium*Medium*NoStarvation,10,Low*Medium*NoStarvation,40.14,7.43,7,7,4,0.1538,0.0743,0.35,0.0154,-0.0371,-0.07,0.0046,0.0,-0.1025,-0.6048,-0.6104,0.9229,26
17,24,1500.0,Low*Medium*NoStarvation,45,Medium*Medium*NoStarvation,7.43,39.71,7,7,23,0.2396,0.3971,0.35,0.024,-0.1986,-0.07,0.0072,0.0,-0.2614,-0.7498,-0.7559,0.9229,96
17,25,1566.0,Medium*Medium*NoStarvation,30,Medium*Medium*NoStarvation,39.71,26.86,7,7,15,0.2273,0.2686,0.35,0.0227,-0.1343,-0.07,0.0068,0.0,-0.1975,-0.6769,-0.6839,0.9229,66
17,26,1662.0,Medium*Medium*NoStarvation,45,Medium*Medium*NoStarvation,26.86,40.57,7,7,23,0.2396,0.4057,0.35,0.024,-0.2029,-0.07,0.0072,0.0,-0.2657,-0.7201,-0.7296,0.9229,96
17,27,1708.0,Medium*Medium*NoStarvation,20,Low*Medium*NoStarvation,40.57,18.14,7,7,9,0.1957,0.1814,0.35,0.0196,-0.0907,-0.07,0.0059,0.0,-0.1548,-0.6186,-0.6281,0.9229,46
17,28,1774.0,Low*Medium*NoStarvation,30,Medium*Medium*NoStarvation,18.14,26.14,7,7,15,0.2273,0.2614,0.35,0.0227,-0.1307,-0.07,0.0068,0.0,-0.1939,-0.6945,-0.6994,0.9229,66
17,29,1800.0,Medium*Medium*NoStarvation,10,Low*Medium*NoStarvation,26.14,6.43,7,7,5,0.1923,0.0643,0.35,0.0192,-0.0321,-0.07,0.0058,0.0,-0.0964,-0.6104,-0.6149,0.9229,26
17,30,1846.0,Low*Medium*NoStarvation,20,Low*Medium*NoStarvation,6.43,15.86,7,7,10,0.2174,0.1586,0.35,0.0217,-0.0793,-0.07,0.0065,0.0,-0.1428,-0.6608,-0.6649,0.9229,46
17,31,1912.0,Low*Medium*NoStarvation,30,Medium*Medium*NoStarvation,15.86,26.57,7,7,15,0.2273,0.2657,0.35,0.0227,-0.1329,-0.07,0.0068,0.0,-0.196,-0.6994,-0.7044,0.9229,66
17,32,1938.0,Medium*Medium*NoStarvation,10,Low*Medium*NoStarvation,26.57,7.0,7,7,5,0.1923,0.07,0.35,0.0192,-0.035,-0.07,0.0058,0.0,-0.0992,-0.6149,-0.6192,0.9229,26
17,33,1964.0,Low*Medium*NoStarvation,10,Low*Medium*NoStarvation,7.0,6.86,7,7,5,0.1923,0.0686,0.35,0.0192,-0.0343,-0.07,0.0058,0.0,-0.0985,-0.6206,-0.6243,0.9229,26
17,34,2030.0,Low*Medium*NoStarvation,30,Medium*Medium*NoStarvation,6.86,26.57,7,7,15,0.2273,0.2657,0.35,0.0227,-0.1329,-0.07,0.0068,0.0,-0.196,-0.7044,-0.7093,0.9229,66
17,35,2056.0,Medium*Medium*NoStarvation,10,Low*Medium*NoStarvation,26.57,8.29,7,7,4,0.1538,0.0829,0.35,0.0154,-0.0414,-0.07,0.0046,0.0,-0.1068,-0.6192,-0.6241,0.9229,26
17,36,2082.0,Low*Medium*NoStarvation,10,Low*Medium*NoStarvation,8.29,5.86,7,7,5,0.1923,0.0586,0.35,0.0192,-0.0293,-0.07,0.0058,0.0,-0.0935,-0.6243,-0.6274,0.9229,26
17,37,2148.0,Low*Medium*NoStarvation,30,Medium*Medium*NoStarvation,5.86,26.14,7,7,15,0.2273,0.2614,0.35,0.0227,-0.1307,-0.07,0.0068,0.0,-0.1939,-0.7093,-0.7139,0.9229,66
17,38,2174.0,Medium*Medium*NoStarvation,10,Low*Medium*NoStarvation,26.14,7.71,7,7,4,0.1538,0.0771,0.35,0.0154,-0.0386,-0.07,0.0046,0.0,-0.104,-0.6241,-0.6286,0.9229,26
17,39,2200.0,Low*Medium*NoStarvation,10,Low*Medium*NoStarvation,7.71,5.57,7,7,5,0.1923,0.0557,0.35,0.0192,-0.0279,-0.07,0.0058,0.0,-0.0921,-0.6274,-0.6303,0.9229,26
17,40,2226.0,Low*Medium*NoStarvation,10,Low*Medium*NoStarvation,5.57,6.0,7,7,5,0.1923,0.06,0.35,0.0192,-0.03,-0.07,0.0058,0.0,-0.0942,-0.6303,-0.6335,0.9229,26
17,41,2272.0,Low*Medium*NoStarvation,20,Low*Medium*NoStarvation,6.0,14.71,7,7,10,0.2174,0.1471,0.35,0.0217,-0.0736,-0.07,0.0065,0.0,-0.137,-0.6649,-0.6691,0.9229,46
17,42,2318.0,Low*Medium*NoStarvation,20,Low*Medium*NoStarvation,14.71,15.29,7,7,10,0.2174,0.1529,0.35,0.0217,-0.0764,-0.07,0.0065,0.0,-0.1399,-0.6691,-0.6732,0.9229,46
17,43,2344.0,Low*Medium*NoStarvation,10,Low*Medium*NoStarvation,15.29,8.0,7,7,4,0.1538,0.08,0.35,0.0154,-0.04,-0.07,0.0046,0.0,-0.1054,-0.6335,-0.6377,0.9229,26
17,44,2370.0,Low*Medium*NoStarvation,10,Low*Medium*NoStarvation,8.0,7.86,7,7,4,0.1538,0.0786,0.35,0.0154,-0.0393,-0.07,0.0046,0.0,-0.1047,-0.6377,-0.6418,0.9229,26
17,45,2416.0,Low*Medium*NoStarvation,20,Low*Medium*NoStarvation,7.86,16.71,7,7,10,0.2174,0.1671,0.35,0.0217,-0.0836,-0.07,0.0065,0.0,-0.147,-0.6732,-0.6783,0.9229,46
17,46,2462.0,Low*Medium*NoStarvation,20,Low*Medium*NoStarvation,16.71,17.14,7,7,9,0.1957,0.1714,0.35,0.0196,-0.0857,-0.07,0.0059,0.0,-0.1498,-0.6783,-0.6833,0.9229,46
17,47,2508.0,Low*Medium*NoStarvation,20,Low*Medium*NoStarvation,17.14,17.57,7,7,10,0.2174,0.1757,0.35,0.0217,-0.0879,-0.07,0.0065,0.0,-0.1513,-0.6833,-0.6878,0.9229,46
17,48,2534.0,Low*Medium*NoStarvation,10,Low*Medium*NoStarvation,17.57,7.43,7,7,4,0.1538,0.0743,0.35,0.0154,-0.0371,-0.07,0.0046,0.0,-0.1025,-0.6418,-0.6456,0.9229,26
17,49,2630.0,Low*Medium*NoStarvation,45,Medium*Medium*NoStarvation,7.43,42.57,7,7,23,0.2396,0.4257,0.35,0.024,-0.2129,-0.07,0.0072,0.0,-0.2757,-0.7559,-0.7644,0.9229,96
17,50,2676.0,Medium*Medium*NoStarvation,20,Low*Medium*NoStarvation,42.57,14.71,7,7,10,0.2174,0.1471,0.35,0.0217,-0.0736,-0.07,0.0065,0.0,-0.137,-0.6281,-0.6371,0.9229,46
17,51,2704.0,Low*Medium*NoStarvation,30,Low*Low*NoStarvation,14.71,0.0,7,0,11,0.1667,0.0,0.0,0.0167,-0.0,-0.0,0.005,0.0,0.005,-0.7139,-0.6492,0.9229,66
18,0,146.0,Low*Low*NoStarvation,45,Medium*Medium*NoStarvation,0.83,40.71,2,7,47,0.4896,0.4071,0.35,0.049,-0.2036,-0.07,0.0147,0.0,-0.2589,-0.2035,-0.2656,0.9183,96
18,1,172.0,Medium*Medium*NoStarvation,10,Low*Medium*NoStarvation,40.71,8.43,7,7,9,0.3462,0.0843,0.35,0.0346,-0.0421,-0.07,0.0104,0.0,-0.1018,-0.6286,-0.634,0.9183,26
18,2,198.0,Low*Medium*NoStarvation,10,Low*Medium*NoStarvation,8.43,5.71,7,7,9,0.3462,0.0571,0.35,0.0346,-0.0286,-0.07,0.0104,0.0,-0.0882,-0.6456,-0.6479,0.9183,26
18,3,264.0,Low*Medium*NoStarvation,30,Medium*Medium*NoStarvation,5.71,26.0,7,7,30,0.4545,0.26,0.35,0.0455,-0.13,-0.07,0.0136,0.0,-0.1864,-0.6492,-0.66,0.9183,66
18,4,290.0,Medium*Medium*NoStarvation,10,Low*Medium*NoStarvation,26.0,9.14,7,7,9,0.3462,0.0914,0.35,0.0346,-0.0457,-0.07,0.0104,0.0,-0.1053,-0.634,-0.6394,0.9183,26
18,5,336.0,Low*Medium*NoStarvation,20,Low*Medium*NoStarvation,9.14,15.86,7,7,20,0.4348,0.1586,0.35,0.0435,-0.0793,-0.07,0.013,0.0,-0.1362,-0.6878,-0.691,0.9183,46
18,6,362.0,Low*Medium*NoStarvation,10,Low*Medium*NoStarvation,15.86,6.14,7,7,10,0.3846,0.0614,0.35,0.0385,-0.0307,-0.07,0.0115,0.0,-0.0892,-0.6479,-0.6504,0.9183,26
18,7,388.0,Low*Medium*NoStarvation,10,Low*Medium*NoStarvation,6.14,8.86,7,7,8,0.3077,0.0886,0.35,0.0308,-0.0443,-0.07,0.0092,0.0,-0.1051,-0.6504,-0.6544,0.9183,26
18,8,484.0,Low*Medium*NoStarvation,45,Medium*Medium*NoStarvation,8.86,41.57,7,7,44,0.4583,0.4157,0.35,0.0458,-0.2079,-0.07,0.0137,0.0,-0.2641,-0.7644,-0.7717,0.9183,96
18,9,530.0,Medium*Medium*NoStarvation,20,Low*Medium*NoStarvation,41.57,15.29,7,7,19,0.413,0.1529,0.35,0.0413,-0.0764,-0.07,0.0124,0.0,-0.134,-0.6371,-0.6457,0.9183,46
18,10,626.0,Low*Medium*NoStarvation,45,Medium*Medium*NoStarvation,15.29,41.14,7,7,44,0.4583,0.4114,0.35,0.0458,-0.2057,-0.07,0.0137,0.0,-0.262,-0.7717,-0.7783,0.9183,96
18,11,722.0,Medium*Medium*NoStarvation,45,Medium*Medium*NoStarvation,41.14,41.57,7,7,41,0.4271,0.4157,0.35,0.0427,-0.2079,-0.07,0.0128,0.0,-0.265,-0.7296,-0.7407,0.9183,96
18,12,768.0,Medium*Medium*NoStarvation,20,Low*Medium*NoStarvation,41.57,16.57,7,7,20,0.4348,0.1657,0.35,0.0435,-0.0829,-0.07,0.013,0.0,-0.1398,-0.6457,-0.654,0.9183,46
18,13,794.0,Low*Medium*NoStarvation,10,Low*Medium*NoStarvation,16.57,8.43,7,7,8,0.3077,0.0843,0.35,0.0308,-0.0421,-0.07,0.0092,0.0,-0.1029,-0.6544,-0.6581,0.9183,26
18,14,820.0,Low*Medium*NoStarvation,10,Low*Medium*NoStarvation,8.43,8.14,7,7,9,0.3462,0.0814,0.35,0.0346,-0.0407,-0.07,0.0104,0.0,-0.1003,-0.6581,-0.6616,0.9183,26
18,15,916.0,Low*Medium*NoStarvation,45,Medium*Medium*NoStarvation,8.14,42.57,7,7,42,0.4375,0.4257,0.35,0.0437,-0.2129,-0.07,0.0131,0.0,-0.2697,-0.7783,-0.785,0.9183,96
18,16,982.0,Medium*Medium*NoStarvation,30,Medium*Medium*NoStarvation,42.57,26.0,7,7,28,0.4242,0.26,0.35,0.0424,-0.13,-0.07,0.0127,0.0,-0.1873,-0.6839,-0.6918,0.9183,66
18,17,1078.0,Medium*Medium*NoStarvation,45,Medium*Medium*NoStarvation,26.0,42.14,7,7,27,0.2812,0.4214,0.35,0.0281,-0.2107,-0.07,0.0084,0.0,-0.2723,-0.7407,-0.7514,0.9183,96
18,18,1144.0,Medium*Medium*NoStarvation,30,Medium*Medium*NoStarvation,42.14,26.29,7,7,15,0.2273,0.2629,0.35,0.0227,-0.1314,-0.07,0.0068,0.0,-0.1946,-0.6918,-0.6996,0.9183,66
18,19,1190.0,Medium*Medium*NoStarvation,20,Low*Medium*NoStarvation,26.29,15.86,7,7,10,0.2174,0.1586,0.35,0.0217,-0.0793,-0.07,0.0065,0.0,-0.1428,-0.654,-0.6623,0.9183,46
18,20,1256.0,Low*Medium*NoStarvation,30,Medium*Medium*NoStarvation,15.86,27.29,7,7,15,0.2273,0.2729,0.35,0.0227,-0.1364,-0.07,0.0068,0.0,-0.1996,-0.66,-0.6715,0.9183,66
18,21,1302.0,Medium*Medium*NoStarvation,20,Low*Medium*NoStarvation,27.29,16.29,7,7,10,0.2174,0.1629,0.35,0.0217,-0.0814,-0.07,0.0065,0.0,-0.1449,-0.6623,-0.6701,0.9183,46
18,22,1348.0,Low*Medium*NoStarvation,20,Low*Medium*NoStarvation,16.29,16.29,7,7,10,0.2174,0.1629,0.35,0.0217,-0.0814,-0.07,0.0065,0.0,-0.1449,-0.691,-0.6959,0.9183,46
18,23,1444.0,Low*Medium*NoStarvation,45,Medium*Medium*NoStarvation,16.29,41.29,7,7,22,0.2292,0.4129,0.35,0.0229,-0.2064,-0.07,0.0069,0.0,-0.2696,-0.785,-0.791,0.9183,96
18,24,1470.0,Medium*Medium*NoStarvation,10,Low*Medium*NoStarvation,41.29,5.57,7,7,5,0.1923,0.0557,0.35,0.0192,-0.0279,-0.07,0.0058,0.0,-0.0921,-0.6394,-0.6443,0.9183,26
18,25,1496.0,Low*Medium*NoStarvation,10,Low*Medium*NoStarvation,5.57,6.29,7,7,5,0.1923,0.0629,0.35,0.0192,-0.0314,-0.07,0.0058,0.0,-0.0957,-0.6616,-0.6645,0.9183,26
18,26,1542.0,Low*Medium*NoStarvation,20,Low*Medium*NoStarvation,6.29,16.0,7,7,10,0.2174,0.16,0.35,0.0217,-0.08,-0.07,0.0065,0.0,-0.1435,-0.6959,-0.7005,0.9183,46
18,27,1608.0,Low*Medium*NoStarvation,30,Medium*Medium*NoStarvation,16.0,24.43,7,7,16,0.2424,0.2443,0.35,0.0242,-0.1221,-0.07,0.0073,0.0,-0.1849,-0.6715,-0.6808,0.9183,66
18,28,1634.0,Medium*Medium*NoStarvation,10,Low*Medium*NoStarvation,24.43,6.43,7,7,5,0.1923,0.0643,0.35,0.0192,-0.0321,-0.07,0.0058,0.0,-0.0964,-0.6443,-0.6493,0.9183,26
18,29,1660.0,Low*Medium*NoStarvation,10,Low*Medium*NoStarvation,6.43,7.57,7,7,4,0.1538,0.0757,0.35,0.0154,-0.0379,-0.07,0.0046,0.0,-0.1032,-0.6645,-0.6682,0.9183,26
18,30,1706.0,Low*Medium*NoStarvation,20,Low*Medium*NoStarvation,7.57,17.57,7,7,10,0.2174,0.1757,0.35,0.0217,-0.0879,-0.07,0.0065,0.0,-0.1513,-0.7005,-0.7057,0.9183,46
18,31,1732.0,Low*Medium*NoStarvation,10,Low*Medium*NoStarvation,17.57,6.57,7,7,5,0.1923,0.0657,0.35,0.0192,-0.0329,-0.07,0.0058,0.0,-0.0971,-0.6682,-0.6712,0.9183,26
18,32,1758.0,Low*Medium*NoStarvation,10,Low*Medium*NoStarvation,6.57,6.43,7,7,5,0.1923,0.0643,0.35,0.0192,-0.0321,-0.07,0.0058,0.0,-0.0964,-0.6712,-0.6742,0.9183,26
18,33,1804.0,Low*Medium*NoStarvation,20,Low*Medium*NoStarvation,6.43,14.57,7,7,10,0.2174,0.1457,0.35,0.0217,-0.0729,-0.07,0.0065,0.0,-0.1363,-0.7057,-0.7094,0.9183,46
18,34,1850.0,Low*Medium*NoStarvation,20,Low*Medium*NoStarvation,14.57,16.29,7,7,10,0.2174,0.1629,0.35,0.0217,-0.0814,-0.07,0.0065,0.0,-0.1449,-0.7094,-0.7137,0.9183,46
18,35,1946.0,Low*Medium*NoStarvation,45,Medium*Medium*NoStarvation,16.29,40.14,7,7,23,0.2396,0.4014,0.35,0.024,-0.2007,-0.07,0.0072,0.0,-0.2635,-0.791,-0.7967,0.9183,96
18,36,2012.0,Medium*Medium*NoStarvation,30,Medium*Medium*NoStarvation,40.14,26.29,7,7,15,0.2273,0.2629,0.35,0.0227,-0.1314,-0.07,0.0068,0.0,-0.1946,-0.6996,-0.7075,0.9183,66
18,37,2038.0,Medium*Medium*NoStarvation,10,Low*Medium*NoStarvation,26.29,8.43,7,7,4,0.1538,0.0843,0.35,0.0154,-0.0421,-0.07,0.0046,0.0,-0.1075,-0.6493,-0.6558,0.9183,26
18,38,2084.0,Low*Medium*NoStarvation,20,Low*Medium*NoStarvation,8.43,17.0,7,7,10,0.2174,0.17,0.35,0.0217,-0.085,-0.07,0.0065,0.0,-0.1485,-0.7137,-0.7178,0.9183,46
18,39,2180.0,Low*Medium*NoStarvation,45,Medium*Medium*NoStarvation,17.0,41.0,7,7,23,0.2396,0.41,0.35,0.024,-0.205,-0.07,0.0072,0.0,-0.2678,-0.7967,-0.8028,0.9183,96
18,40,2206.0,Medium*Medium*NoStarvation,10,Low*Medium*NoStarvation,41.0,9.71,7,7,4,0.1538,0.0971,0.35,0.0154,-0.0486,-0.07,0.0046,0.0,-0.114,-0.6558,-0.6623,0.9183,26
18,41,2232.0,Low*Medium*NoStarvation,10,Low*Medium*NoStarvation,9.71,5.86,7,7,5,0.1923,0.0586,0.35,0.0192,-0.0293,-0.07,0.0058,0.0,-0.0935,-0.6742,-0.6768,0.9183,26
18,42,2328.0,Low*Medium*NoStarvation,45,Medium*Medium*NoStarvation,5.86,42.29,7,7,22,0.2292,0.4229,0.35,0.0229,-0.2114,-0.07,0.0069,0.0,-0.2746,-0.8028,-0.8096,0.9183,96
18,43,2394.0,Medium*Medium*NoStarvation,30,Medium*Medium*NoStarvation,42.29,26.57,7,7,15,0.2273,0.2657,0.35,0.0227,-0.1329,-0.07,0.0068,0.0,-0.196,-0.7075,-0.716,0.9183,66
18,44,2440.0,Medium*Medium*NoStarvation,20,Low*Medium*NoStarvation,26.57,15.86,7,7,10,0.2174,0.1586,0.35,0.0217,-0.0793,-0.07,0.0065,0.0,-0.1428,-0.6701,-0.6783,0.9183,46
18,45,2536.0,Low*Medium*NoStarvation,45,Medium*Medium*NoStarvation,15.86,40.0,7,7,23,0.2396,0.4,0.35,0.024,-0.2,-0.07,0.0072,0.0,-0.2628,-0.8096,-0.8145,0.9183,96
18,46,2582.0,Medium*Medium*NoStarvation,20,Low*Medium*NoStarvation,40.0,16.57,7,7,10,0.2174,0.1657,0.35,0.0217,-0.0829,-0.07,0.0065,0.0,-0.1463,-0.6783,-0.686,0.9183,46
18,47,2628.0,Low*Medium*NoStarvation,20,Low*Medium*NoStarvation,16.57,17.0,7,7,10,0.2174,0.17,0.35,0.0217,-0.085,-0.07,0.0065,0.0,-0.1485,-0.7178,-0.7218,0.9183,46
18,48,2654.0,Low*Medium*NoStarvation,10,Low*Medium*NoStarvation,17.0,4.86,7,6,5,0.1923,0.0486,0.3,0.0192,-0.0243,-0.06,0.0058,0.0,-0.0785,-0.6768,-0.6779,0.9183,26
18,49,2700.0,Low*Medium*NoStarvation,20,Medium*Low*NoStarvation,4.86,23.0,6,1,10,0.2174,0.23,0.05,0.0217,-0.115,-0.01,0.0065,0.0,-0.1185,-0.7218,-0.6615,0.9183,46
18,50,2709.0,Medium*Low*NoStarvation,10,Low*Low*NoStarvation,23.0,0.0,1,0,1,0.0385,0.0,0.0,0.0038,-0.0,-0.0,0.0012,0.0,0.0012,0.0,-0.0071,0.9183,26
19,0,96.0,Low*Low*NoStarvation,20,Low*Medium*NoStarvation,0.83,16.14,2,7,21,0.4565,0.1614,0.35,0.0457,-0.0807,-0.07,0.0137,0.0,-0.137,-0.0972,-0.1607,0.9137,46
19,1,142.0,Low*Medium*NoStarvation,20,Low*Medium*NoStarvation,16.14,16.14,7,7,20,0.4348,0.1614,0.35,0.0435,-0.0807,-0.07,0.013,0.0,-0.1377,-0.6615,-0.6686,0.9137,46
19,2,208.0,Low*Medium*NoStarvation,30,Medium*Medium*NoStarvation,16.14,26.57,7,7,30,0.4545,0.2657,0.35,0.0455,-0.1329,-0.07,0.0136,0.0,-0.1892,-0.6808,-0.6913,0.9137,66
19,3,274.0,Medium*Medium*NoStarvation,30,Medium*Medium*NoStarvation,26.57,27.29,7,7,29,0.4394,0.2729,0.35,0.0439,-0.1364,-0.07,0.0132,0.0,-0.1932,-0.716,-0.7233,0.9137,66
19,4,320.0,Medium*Medium*NoStarvation,20,Low*Medium*NoStarvation,27.29,17.71,7,7,20,0.4348,0.1771,0.35,0.0435,-0.0886,-0.07,0.013,0.0,-0.1455,-0.686,-0.6921,0.9137,46
19,5,416.0,Low*Medium*NoStarvation,45,Medium*Medium*NoStarvation,17.71,41.14,7,7,44,0.4583,0.4114,0.35,0.0458,-0.2057,-0.07,0.0137,0.0,-0.262,-0.8145,-0.8189,0.9137,96
19,6,462.0,Medium*Medium*NoStarvation,20,Low*Medium*NoStarvation,41.14,16.29,7,7,19,0.413,0.1629,0.35,0.0413,-0.0814,-0.07,0.0124,0.0,-0.139,-0.6921,-0.697,0.9137,46
19,7,558.0,Low*Medium*NoStarvation,45,Medium*Medium*NoStarvation,16.29,41.43,7,7,43,0.4479,0.4143,0.35,0.0448,-0.2071,-0.07,0.0134,0.0,-0.2637,-0.8189,-0.823,0.9137,96
19,8,624.0,Medium*Medium*NoStarvation,30,Medium*Medium*NoStarvation,41.43,26.71,7,7,28,0.4242,0.2671,0.35,0.0424,-0.1336,-0.07,0.0127,0.0,-0.1908,-0.7233,-0.7297,0.9137,66
19,9,720.0,Medium*Medium*NoStarvation,45,Medium*Medium*NoStarvation,26.71,42.71,7,7,41,0.4271,0.4271,0.35,0.0427,-0.2136,-0.07,0.0128,0.0,-0.2708,-0.7514,-0.7629,0.9137,96
19,10,786.0,Medium*Medium*NoStarvation,30,Medium*Medium*NoStarvation,42.71,26.43,7,7,29,0.4394,0.2643,0.35,0.0439,-0.1321,-0.07,0.0132,0.0,-0.189,-0.7297,-0.7352,0.9137,66
19,11,812.0,Medium*Medium*NoStarvation,10,Low*Medium*NoStarvation,26.43,6.43,7,6,10,0.3846,0.0643,0.3,0.0385,-0.0321,-0.06,0.0115,0.0,-0.0806,-0.6623,-0.6643,0.9137,26
19,12,878.0,Low*Medium*NoStarvation,30,Medium*Medium*NoStarvation,6.43,26.71,6,7,29,0.4394,0.2671,0.35,0.0439,-0.1336,-0.07,0.0132,0.0,-0.1904,-0.6913,-0.701,0.9137,66
19,13,944.0,Medium*Medium*NoStarvation,30,Medium*Medium*NoStarvation,26.71,26.29,7,7,28,0.4242,0.2629,0.35,0.0424,-0.1314,-0.07,0.0127,0.0,-0.1887,-0.7352,-0.7403,0.9137,66
19,14,1010.0,Medium*Medium*NoStarvation,30,Medium*Medium*NoStarvation,26.29,25.86,7,7,27,0.4091,0.2586,0.35,0.0409,-0.1293,-0.07,0.0123,0.0,-0.187,-0.7403,-0.7448,0.9137,66
19,15,1076.0,Medium*Medium*NoStarvation,30,Medium*Medium*NoStarvation,25.86,26.0,7,7,15,0.2273,0.26,0.35,0.0227,-0.13,-0.07,0.0068,0.0,-0.1932,-0.7448,-0.7494,0.9137,66
19,16,1142.0,Medium*Medium*NoStarvation,30,Medium*Medium*NoStarvation,26.0,26.29,7,7,15,0.2273,0.2629,0.35,0.0227,-0.1314,-0.07,0.0068,0.0,-0.1946,-0.7494,-0.7537,0.9137,66
19,17,1208.0,Medium*Medium*NoStarvation,30,Medium*Medium*NoStarvation,26.29,25.14,7,7,15,0.2273,0.2514,0.35,0.0227,-0.1257,-0.07,0.0068,0.0,-0.1889,-0.7537,-0.757,0.9137,66
19,18,1304.0,Medium*Medium*NoStarvation,45,Medium*Medium*NoStarvation,25.14,39.57,7,7,23,0.2396,0.3957,0.35,0.024,-0.1979,-0.07,0.0072,0.0,-0.2607,-0.7629,-0.7725,0.9137,96
19,19,1330.0,Medium*Medium*NoStarvation,10,Low*Medium*NoStarvation,39.57,7.29,7,7,4,0.1538,0.0729,0.35,0.0154,-0.0364,-0.07,0.0046,0.0,-0.1018,-0.6643,-0.6682,0.9137,26
19,20,1426.0,Low*Medium*NoStarvation,45,Medium*Medium*NoStarvation,7.29,41.86,7,7,22,0.2292,0.4186,0.35,0.0229,-0.2093,-0.07,0.0069,0.0,-0.2724,-0.823,-0.828,0.9137,96
19,21,1452.0,Medium*Medium*NoStarvation,10,Low*Medium*NoStarvation,41.86,7.14,7,7,4,0.1538,0.0714,0.35,0.0154,-0.0357,-0.07,0.0046,0.0,-0.1011,-0.6682,-0.6717,0.9137,26
19,22,1548.0,Low*Medium*NoStarvation,45,Medium*Medium*NoStarvation,7.14,40.0,7,7,23,0.2396,0.4,0.35,0.024,-0.2,-0.07,0.0072,0.0,-0.2628,-0.828,-0.832,0.9137,96
19,23,1594.0,Medium*Medium*NoStarvation,20,Low*Medium*NoStarvation,40.0,17.0,7,7,10,0.2174,0.17,0.35,0.0217,-0.085,-0.07,0.0065,0.0,-0.1485,-0.697,-0.7023,0.9137,46
19,24,1620.0,Low*Medium*NoStarvation,10,Low*Medium*NoStarvation,17.0,7.57,7,7,4,0.1538,0.0757,0.35,0.0154,-0.0379,-0.07,0.0046,0.0,-0.1032,-0.6779,-0.6806,0.9137,26
19,25,1716.0,Low*Medium*NoStarvation,45,Medium*Medium*NoStarvation,7.57,41.0,7,7,22,0.2292,0.41,0.35,0.0229,-0.205,-0.07,0.0069,0.0,-0.2681,-0.832,-0.836,0.9137,96
19,26,1782.0,Medium*Medium*NoStarvation,30,Medium*Medium*NoStarvation,41.0,27.0,7,7,15,0.2273,0.27,0.35,0.0227,-0.135,-0.07,0.0068,0.0,-0.1982,-0.757,-0.7616,0.9137,66
19,27,1808.0,Medium*Medium*NoStarvation,10,Low*Medium*NoStarvation,27.0,8.71,7,7,4,0.1538,0.0871,0.35,0.0154,-0.0436,-0.07,0.0046,0.0,-0.109,-0.6717,-0.6756,0.9137,26
19,28,1834.0,Low*Medium*NoStarvation,10,Low*Medium*NoStarvation,8.71,6.29,7,7,5,0.1923,0.0629,0.35,0.0192,-0.0314,-0.07,0.0058,0.0,-0.0957,-0.6806,-0.6823,0.9137,26
19,29,1880.0,Low*Medium*NoStarvation,20,Low*Medium*NoStarvation,6.29,16.57,7,7,10,0.2174,0.1657,0.35,0.0217,-0.0829,-0.07,0.0065,0.0,-0.1463,-0.6686,-0.6766,0.9137,46
19,30,1926.0,Low*Medium*NoStarvation,20,Low*Medium*NoStarvation,16.57,16.43,7,7,10,0.2174,0.1643,0.35,0.0217,-0.0821,-0.07,0.0065,0.0,-0.1456,-0.6766,-0.6843,0.9137,46
19,31,1952.0,Low*Medium*NoStarvation,10,Low*Medium*NoStarvation,16.43,6.29,7,7,5,0.1923,0.0629,0.35,0.0192,-0.0314,-0.07,0.0058,0.0,-0.0957,-0.6823,-0.685,0.9137,26
19,32,2018.0,Low*Medium*NoStarvation,30,Medium*Medium*NoStarvation,6.29,27.43,7,7,15,0.2273,0.2743,0.35,0.0227,-0.1371,-0.07,0.0068,0.0,-0.2003,-0.701,-0.7117,0.9137,66
19,33,2044.0,Medium*Medium*NoStarvation,10,Low*Medium*NoStarvation,27.43,9.29,7,7,4,0.1538,0.0929,0.35,0.0154,-0.0464,-0.07,0.0046,0.0,-0.1118,-0.6756,-0.6808,0.9137,26
19,34,2090.0,Low*Medium*NoStarvation,20,Low*Medium*NoStarvation,9.29,16.57,7,7,10,0.2174,0.1657,0.35,0.0217,-0.0829,-0.07,0.0065,0.0,-0.1463,-0.6843,-0.6921,0.9137,46
19,35,2156.0,Low*Medium*NoStarvation,30,Medium*Medium*NoStarvation,16.57,26.57,7,7,15,0.2273,0.2657,0.35,0.0227,-0.1329,-0.07,0.0068,0.0,-0.196,-0.7117,-0.7214,0.9137,66
19,36,2222.0,Medium*Medium*NoStarvation,30,Medium*Medium*NoStarvation,26.57,25.29,7,7,15,0.2273,0.2529,0.35,0.0227,-0.1264,-0.07,0.0068,0.0,-0.1896,-0.7616,-0.7657,0.9137,66
19,37,2268.0,Medium*Medium*NoStarvation,20,Low*Medium*NoStarvation,25.29,16.71,7,7,10,0.2174,0.1671,0.35,0.0217,-0.0836,-0.07,0.0065,0.0,-0.147,-0.7023,-0.7084,0.9137,46
19,38,2364.0,Low*Medium*NoStarvation,45,Medium*Medium*NoStarvation,16.71,39.0,7,7,23,0.2396,0.39,0.35,0.024,-0.195,-0.07,0.0072,0.0,-0.2578,-0.836,-0.8395,0.9137,96
19,39,2390.0,Medium*Medium*NoStarvation,10,Low*Medium*NoStarvation,39.0,9.43,7,7,4,0.1538,0.0943,0.35,0.0154,-0.0471,-0.07,0.0046,0.0,-0.1125,-0.6808,-0.6856,0.9137,26
19,40,2486.0,Low*Medium*NoStarvation,45,Medium*Medium*NoStarvation,9.43,41.29,7,7,23,0.2396,0.4129,0.35,0.024,-0.2064,-0.07,0.0072,0.0,-0.2692,-0.8395,-0.8442,0.9137,96
19,41,2532.0,Medium*Medium*NoStarvation,20,Low*Medium*NoStarvation,41.29,16.57,7,7,10,0.2174,0.1657,0.35,0.0217,-0.0829,-0.07,0.0065,0.0,-0.1463,-0.7084,-0.7139,0.9137,46
19,42,2558.0,Low*Medium*NoStarvation,10,Low*Medium*NoStarvation,16.57,9.29,7,7,4,0.1538,0.0929,0.35,0.0154,-0.0464,-0.07,0.0046,0.0,-0.1118,-0.685,-0.6893,0.9137,26
19,43,2584.0,Low*Medium*NoStarvation,10,Low*Medium*NoStarvation,9.29,9.14,7,7,4,0.1538,0.0914,0.35,0.0154,-0.0457,-0.07,0.0046,0.0,-0.1111,-0.6893,-0.6935,0.9137,26
19,44,2650.0,Low*Medium*NoStarvation,30,Medium*Medium*NoStarvation,9.14,29.2,7,5,15,0.2273,0.292,0.25,0.0227,-0.146,-0.05,0.0068,0.0,-0.1892,-0.7214,-0.7299,0.9137,66
19,45,2667.0,Medium*Medium*NoStarvation,45,Low*Low*NoStarvation,29.2,0.0,5,0,5,0.0521,0.0,0.0,0.0052,-0.0,-0.0,0.0016,0.0,0.0016,-0.7725,-0.7023,0.9137,96
20,0,96.0,Low*Low*NoStarvation,20,Low*Medium*NoStarvation,0.83,16.14,2,7,21,0.4565,0.1614,0.35,0.0457,-0.0807,-0.07,0.0137,0.0,-0.137,-0.1607,-0.2206,0.9092,46
20,1,122.0,Low*Medium*NoStarvation,10,Low*Medium*NoStarvation,16.14,6.14,7,7,9,0.3462,0.0614,0.35,0.0346,-0.0307,-0.07,0.0104,0.0,-0.0903,-0.6935,-0.6955,0.9092,26
20,2,218.0,Low*Medium*NoStarvation,45,Medium*Medium*NoStarvation,6.14,40.57,7,7,45,0.4688,0.4057,0.35,0.0469,-0.2029,-0.07,0.0141,0.0,-0.2588,-0.8442,-0.8473,0.9092,96
20,3,314.0,Medium*Medium*NoStarvation,45,Medium*Medium*NoStarvation,40.57,40.71,7,7,45,0.4688,0.4071,0.35,0.0469,-0.2036,-0.07,0.0141,0.0,-0.2595,-0.7023,-0.7197,0.9092,96
20,4,340.0,Medium*Medium*NoStarvation,10,Low*Medium*NoStarvation,40.71,8.29,7,7,10,0.3846,0.0829,0.35,0.0385,-0.0414,-0.07,0.0115,0.0,-0.0999,-0.6856,-0.6893,0.9092,26
20,5,386.0,Low*Medium*NoStarvation,20,Low*Medium*NoStarvation,8.29,15.43,7,7,20,0.4348,0.1543,0.35,0.0435,-0.0771,-0.07,0.013,0.0,-0.1341,-0.6921,-0.6986,0.9092,46
20,6,452.0,Low*Medium*NoStarvation,30,Medium*Medium*NoStarvation,15.43,27.0,7,7,29,0.4394,0.27,0.35,0.0439,-0.135,-0.07,0.0132,0.0,-0.1918,-0.7299,-0.7381,0.9092,66
20,7,478.0,Medium*Medium*NoStarvation,10,Low*Medium*NoStarvation,27.0,8.14,7,7,8,0.3077,0.0814,0.35,0.0308,-0.0407,-0.07,0.0092,0.0,-0.1015,-0.6893,-0.6931,0.9092,26
20,8,504.0,Low*Medium*NoStarvation,10,Low*Medium*NoStarvation,8.14,6.29,7,7,11,0.4231,0.0629,0.35,0.0423,-0.0314,-0.07,0.0127,0.0,-0.0887,-0.6955,-0.6974,0.9092,26
20,9,570.0,Low*Medium*NoStarvation,30,Medium*Medium*NoStarvation,6.29,26.86,7,7,29,0.4394,0.2686,0.35,0.0439,-0.1343,-0.07,0.0132,0.0,-0.1911,-0.7381,-0.7458,0.9092,66
20,10,596.0,Medium*Medium*NoStarvation,10,Low*Medium*NoStarvation,26.86,6.43,7,7,9,0.3462,0.0643,0.35,0.0346,-0.0321,-0.07,0.0104,0.0,-0.0918,-0.6931,-0.6958,0.9092,26
20,11,692.0,Low*Medium*NoStarvation,45,Medium*Medium*NoStarvation,6.43,42.29,7,7,42,0.4375,0.4229,0.35,0.0437,-0.2114,-0.07,0.0131,0.0,-0.2683,-0.8473,-0.8521,0.9092,96
20,12,788.0,Medium*Medium*NoStarvation,45,Medium*Medium*NoStarvation,42.29,41.0,7,7,43,0.4479,0.41,0.35,0.0448,-0.205,-0.07,0.0134,0.0,-0.2616,-0.7197,-0.7365,0.9092,96
20,13,884.0,Medium*Medium*NoStarvation,45,Medium*Medium*NoStarvation,41.0,40.86,7,7,41,0.4271,0.4086,0.35,0.0427,-0.2043,-0.07,0.0128,0.0,-0.2615,-0.7365,-0.7517,0.9092,96
20,14,950.0,Medium*Medium*NoStarvation,30,Medium*Medium*NoStarvation,40.86,27.43,7,7,28,0.4242,0.2743,0.35,0.0424,-0.1371,-0.07,0.0127,0.0,-0.1944,-0.7657,-0.7712,0.9092,66
20,15,1046.0,Medium*Medium*NoStarvation,45,Medium*Medium*NoStarvation,27.43,41.43,7,7,33,0.3438,0.4143,0.35,0.0344,-0.2071,-0.07,0.0103,0.0,-0.2668,-0.7517,-0.7658,0.9092,96
20,16,1092.0,Medium*Medium*NoStarvation,20,Low*Medium*NoStarvation,41.43,16.57,7,7,10,0.2174,0.1657,0.35,0.0217,-0.0829,-0.07,0.0065,0.0,-0.1463,-0.7139,-0.7199,0.9092,46
20,17,1158.0,Low*Medium*NoStarvation,30,Medium*Medium*NoStarvation,16.57,24.57,7,7,15,0.2273,0.2457,0.35,0.0227,-0.1229,-0.07,0.0068,0.0,-0.186,-0.7458,-0.7525,0.9092,66
20,18,1204.0,Medium*Medium*NoStarvation,20,Low*Medium*NoStarvation,24.57,16.29,7,7,10,0.2174,0.1629,0.35,0.0217,-0.0814,-0.07,0.0065,0.0,-0.1449,-0.7199,-0.7252,0.9092,46
20,19,1230.0,Low*Medium*NoStarvation,10,Low*Medium*NoStarvation,16.29,6.29,7,7,5,0.1923,0.0629,0.35,0.0192,-0.0314,-0.07,0.0058,0.0,-0.0957,-0.6974,-0.7,0.9092,26
20,20,1276.0,Low*Medium*NoStarvation,20,Low*Medium*NoStarvation,6.29,15.86,7,7,10,0.2174,0.1586,0.35,0.0217,-0.0793,-0.07,0.0065,0.0,-0.1428,-0.6986,-0.7059,0.9092,46
20,21,1302.0,Low*Medium*NoStarvation,10,Low*Medium*NoStarvation,15.86,6.14,7,7,5,0.1923,0.0614,0.35,0.0192,-0.0307,-0.07,0.0058,0.0,-0.0949,-0.7,-0.7025,0.9092,26
20,22,1348.0,Low*Medium*NoStarvation,20,Low*Medium*NoStarvation,6.14,15.0,7,7,10,0.2174,0.15,0.35,0.0217,-0.075,-0.07,0.0065,0.0,-0.1385,-0.7059,-0.7124,0.9092,46
20,23,1394.0,Low*Medium*NoStarvation,20,Low*Medium*NoStarvation,15.0,16.57,7,7,10,0.2174,0.1657,0.35,0.0217,-0.0829,-0.07,0.0065,0.0,-0.1463,-0.7124,-0.719,0.9092,46
20,24,1460.0,Low*Medium*NoStarvation,30,Medium*Medium*NoStarvation,16.57,27.14,7,7,15,0.2273,0.2714,0.35,0.0227,-0.1357,-0.07,0.0068,0.0,-0.1989,-0.7525,-0.7597,0.9092,66
20,25,1526.0,Medium*Medium*NoStarvation,30,Medium*Medium*NoStarvation,27.14,25.71,7,7,15,0.2273,0.2571,0.35,0.0227,-0.1286,-0.07,0.0068,0.0,-0.1918,-0.7712,-0.7758,0.9092,66
20,26,1552.0,Medium*Medium*NoStarvation,10,Low*Medium*NoStarvation,25.71,6.14,7,7,5,0.1923,0.0614,0.35,0.0192,-0.0307,-0.07,0.0058,0.0,-0.0949,-0.6958,-0.6989,0.9092,26
20,27,1648.0,Low*Medium*NoStarvation,45,Medium*Medium*NoStarvation,6.14,40.14,7,7,23,0.2396,0.4014,0.35,0.024,-0.2007,-0.07,0.0072,0.0,-0.2635,-0.8521,-0.8561,0.9092,96
20,28,1694.0,Medium*Medium*NoStarvation,20,Low*Medium*NoStarvation,40.14,16.86,7,7,9,0.1957,0.1686,0.35,0.0196,-0.0843,-0.07,0.0059,0.0,-0.1484,-0.7252,-0.7307,0.9092,46
20,29,1760.0,Low*Medium*NoStarvation,30,Medium*Medium*NoStarvation,16.86,26.29,7,7,15,0.2273,0.2629,0.35,0.0227,-0.1314,-0.07,0.0068,0.0,-0.1946,-0.7597,-0.7661,0.9092,66
20,30,1786.0,Medium*Medium*NoStarvation,10,Low*Medium*NoStarvation,26.29,6.29,7,7,5,0.1923,0.0629,0.35,0.0192,-0.0314,-0.07,0.0058,0.0,-0.0957,-0.6989,-0.7018,0.9092,26
20,31,1852.0,Low*Medium*NoStarvation,30,Medium*Medium*NoStarvation,6.29,26.29,7,7,15,0.2273,0.2629,0.35,0.0227,-0.1314,-0.07,0.0068,0.0,-0.1946,-0.7661,-0.7721,0.9092,66
20,32,1948.0,Medium*Medium*NoStarvation,45,Medium*Medium*NoStarvation,26.29,40.0,7,7,23,0.2396,0.4,0.35,0.024,-0.2,-0.07,0.0072,0.0,-0.2628,-0.7658,-0.7787,0.9092,96
20,33,2014.0,Medium*Medium*NoStarvation,30,Medium*Medium*NoStarvation,40.0,27.0,7,7,15,0.2273,0.27,0.35,0.0227,-0.135,-0.07,0.0068,0.0,-0.1982,-0.7758,-0.7812,0.9092,66
20,34,2110.0,Medium*Medium*NoStarvation,45,Medium*Medium*NoStarvation,27.0,40.57,7,7,23,0.2396,0.4057,0.35,0.024,-0.2029,-0.07,0.0072,0.0,-0.2657,-0.7787,-0.7905,0.9092,96
20,35,2136.0,Medium*Medium*NoStarvation,10,Low*Medium*NoStarvation,40.57,6.14,7,7,5,0.1923,0.0614,0.35,0.0192,-0.0307,-0.07,0.0058,0.0,-0.0949,-0.7018,-0.7044,0.9092,26
20,36,2182.0,Low*Medium*NoStarvation,20,Low*Medium*NoStarvation,6.14,15.29,7,7,10,0.2174,0.1529,0.35,0.0217,-0.0764,-0.07,0.0065,0.0,-0.1399,-0.719,-0.7243,0.9092,46
20,37,2278.0,Low*Medium*NoStarvation,45,Medium*Medium*NoStarvation,15.29,41.71,7,7,22,0.2292,0.4171,0.35,0.0229,-0.2086,-0.07,0.0069,0.0,-0.2717,-0.8561,-0.8611,0.9092,96
20,38,2324.0,Medium*Medium*NoStarvation,20,Low*Medium*NoStarvation,41.71,16.57,7,7,10,0.2174,0.1657,0.35,0.0217,-0.0829,-0.07,0.0065,0.0,-0.1463,-0.7307,-0.7355,0.9092,46
20,39,2390.0,Low*Medium*NoStarvation,30,Medium*Medium*NoStarvation,16.57,27.14,7,7,15,0.2273,0.2714,0.35,0.0227,-0.1357,-0.07,0.0068,0.0,-0.1989,-0.7721,-0.7782,0.9092,66
20,40,2486.0,Medium*Medium*NoStarvation,45,Medium*Medium*NoStarvation,27.14,41.29,7,7,22,0.2292,0.4129,0.35,0.0229,-0.2064,-0.07,0.0069,0.0,-0.2696,-0.7905,-0.8018,0.9092,96
20,41,2512.0,Medium*Medium*NoStarvation,10,Low*Medium*NoStarvation,41.29,7.57,7,7,4,0.1538,0.0757,0.35,0.0154,-0.0379,-0.07,0.0046,0.0,-0.1032,-0.7044,-0.7075,0.9092,26
20,42,2538.0,Low*Medium*NoStarvation,10,Low*Medium*NoStarvation,7.57,6.29,7,7,5,0.1923,0.0629,0.35,0.0192,-0.0314,-0.07,0.0058,0.0,-0.0957,-0.7025,-0.7051,0.9092,26
20,43,2634.0,Low*Medium*NoStarvation,45,Medium*Low*NoStarvation,6.29,43.25,7,4,23,0.2396,0.4325,0.2,0.024,-0.2162,-0.04,0.0072,0.0,-0.2491,-0.8611,-0.7998,0.9092,96
20,44,2649.0,Medium*Low*NoStarvation,10,Low*Low*NoStarvation,43.25,0.0,4,0,4,0.1538,0.0,0.0,0.0154,-0.0,-0.0,0.0046,0.0,0.0046,-0.0071,-0.0132,0.9092,26
21,0,116.0,Low*Low*NoStarvation,30,Medium*Medium*NoStarvation,0.83,26.71,2,7,31,0.4697,0.2671,0.35,0.047,-0.1336,-0.07,0.0141,0.0,-0.1895,-0.2938,-0.347,0.9046,66
21,1,162.0,Medium*Medium*NoStarvation,20,Low*Medium*NoStarvation,26.71,16.86,7,7,20,0.4348,0.1686,0.35,0.0435,-0.0843,-0.07,0.013,0.0,-0.1412,-0.7355,-0.7395,0.9046,46
21,2,188.0,Low*Medium*NoStarvation,10,Low*Medium*NoStarvation,16.86,8.43,7,7,8,0.3077,0.0843,0.35,0.0308,-0.0421,-0.07,0.0092,0.0,-0.1029,-0.7051,-0.7083,0.9046,26
21,3,234.0,Low*Medium*NoStarvation,20,Low*Medium*NoStarvation,8.43,15.14,7,7,21,0.4565,0.1514,0.35,0.0457,-0.0757,-0.07,0.0137,0.0,-0.132,-0.7243,-0.7289,0.9046,46
21,4,300.0,Low*Medium*NoStarvation,30,Medium*Medium*NoStarvation,15.14,26.43,7,7,30,0.4545,0.2643,0.35,0.0455,-0.1321,-0.07,0.0136,0.0,-0.1885,-0.7782,-0.7829,0.9046,66
21,5,326.0,Medium*Medium*NoStarvation,10,Low*Medium*NoStarvation,26.43,8.43,7,7,9,0.3462,0.0843,0.35,0.0346,-0.0421,-0.07,0.0104,0.0,-0.1018,-0.7075,-0.7107,0.9046,26
21,6,372.0,Low*Medium*NoStarvation,20,Low*Medium*NoStarvation,8.43,17.14,7,7,20,0.4348,0.1714,0.35,0.0435,-0.0857,-0.07,0.013,0.0,-0.1427,-0.7289,-0.734,0.9046,46
21,7,398.0,Low*Medium*NoStarvation,10,Low*Medium*NoStarvation,17.14,6.57,7,7,10,0.3846,0.0657,0.35,0.0385,-0.0329,-0.07,0.0115,0.0,-0.0913,-0.7083,-0.7104,0.9046,26
21,8,424.0,Low*Medium*NoStarvation,10,Low*Medium*NoStarvation,6.57,7.29,7,7,9,0.3462,0.0729,0.35,0.0346,-0.0364,-0.07,0.0104,0.0,-0.096,-0.7104,-0.7129,0.9046,26
21,9,450.0,Low*Medium*NoStarvation,10,Low*Medium*NoStarvation,7.29,6.57,7,7,10,0.3846,0.0657,0.35,0.0385,-0.0329,-0.07,0.0115,0.0,-0.0913,-0.7129,-0.7149,0.9046,26
21,10,476.0,Low*Medium*NoStarvation,10,Low*Medium*NoStarvation,6.57,6.0,7,7,10,0.3846,0.06,0.35,0.0385,-0.03,-0.07,0.0115,0.0,-0.0885,-0.7149,-0.7166,0.9046,26
21,11,502.0,Low*Medium*NoStarvation,10,Low*Medium*NoStarvation,6.0,7.0,7,7,10,0.3846,0.07,0.35,0.0385,-0.035,-0.07,0.0115,0.0,-0.0935,-0.7166,-0.7187,0.9046,26
21,12,568.0,Low*Medium*NoStarvation,30,Medium*Medium*NoStarvation,7.0,27.29,7,7,30,0.4545,0.2729,0.35,0.0455,-0.1364,-0.07,0.0136,0.0,-0.1928,-0.7829,-0.7878,0.9046,66
21,13,594.0,Medium*Medium*NoStarvation,10,Low*Medium*NoStarvation,27.29,7.57,7,7,9,0.3462,0.0757,0.35,0.0346,-0.0379,-0.07,0.0104,0.0,-0.0975,-0.7107,-0.714,0.9046,26
21,14,660.0,Low*Medium*NoStarvation,30,Medium*Medium*NoStarvation,7.57,26.86,7,7,30,0.4545,0.2686,0.35,0.0455,-0.1343,-0.07,0.0136,0.0,-0.1906,-0.7878,-0.7924,0.9046,66
21,15,726.0,Medium*Medium*NoStarvation,30,Medium*Medium*NoStarvation,26.86,27.0,7,7,30,0.4545,0.27,0.35,0.0455,-0.135,-0.07,0.0136,0.0,-0.1914,-0.7812,-0.7865,0.9046,66
21,16,792.0,Medium*Medium*NoStarvation,30,Medium*Medium*NoStarvation,27.0,25.86,7,7,28,0.4242,0.2586,0.35,0.0424,-0.1293,-0.07,0.0127,0.0,-0.1866,-0.7865,-0.7908,0.9046,66
21,17,818.0,Medium*Medium*NoStarvation,10,Low*Medium*NoStarvation,25.86,5.43,7,7,9,0.3462,0.0543,0.35,0.0346,-0.0271,-0.07,0.0104,0.0,-0.0868,-0.714,-0.716,0.9046,26
21,18,914.0,Low*Medium*NoStarvation,45,Medium*Medium*NoStarvation,5.43,41.43,7,7,43,0.4479,0.4143,0.35,0.0448,-0.2071,-0.07,0.0134,0.0,-0.2637,-0.7998,-0.8107,0.9046,96
21,19,960.0,Medium*Medium*NoStarvation,20,Low*Medium*NoStarvation,41.43,17.86,7,7,18,0.3913,0.1786,0.35,0.0391,-0.0893,-0.07,0.0117,0.0,-0.1475,-0.7395,-0.745,0.9046,46
21,20,1026.0,Low*Medium*NoStarvation,30,Medium*Medium*NoStarvation,17.86,26.14,7,7,24,0.3636,0.2614,0.35,0.0364,-0.1307,-0.07,0.0109,0.0,-0.1898,-0.7924,-0.7966,0.9046,66
21,21,1072.0,Medium*Medium*NoStarvation,20,Low*Medium*NoStarvation,26.14,16.57,7,7,10,0.2174,0.1657,0.35,0.0217,-0.0829,-0.07,0.0065,0.0,-0.1463,-0.745,-0.7498,0.9046,46
21,22,1138.0,Low*Medium*NoStarvation,30,Medium*Medium*NoStarvation,16.57,25.29,7,7,15,0.2273,0.2529,0.35,0.0227,-0.1264,-0.07,0.0068,0.0,-0.1896,-0.7966,-0.8003,0.9046,66
21,23,1164.0,Medium*Medium*NoStarvation,10,Low*Medium*NoStarvation,25.29,7.43,7,7,4,0.1538,0.0743,0.35,0.0154,-0.0371,-0.07,0.0046,0.0,-0.1025,-0.716,-0.7193,0.9046,26
21,24,1190.0,Low*Medium*NoStarvation,10,Low*Medium*NoStarvation,7.43,8.14,7,7,4,0.1538,0.0814,0.35,0.0154,-0.0407,-0.07,0.0046,0.0,-0.1061,-0.7187,-0.7222,0.9046,26
21,25,1286.0,Low*Medium*NoStarvation,45,Medium*Medium*NoStarvation,8.14,42.0,7,7,22,0.2292,0.42,0.35,0.0229,-0.21,-0.07,0.0069,0.0,-0.2731,-0.8107,-0.8217,0.9046,96
21,26,1312.0,Medium*Medium*NoStarvation,10,Low*Medium*NoStarvation,42.0,7.43,7,7,4,0.1538,0.0743,0.35,0.0154,-0.0371,-0.07,0.0046,0.0,-0.1025,-0.7193,-0.7226,0.9046,26
21,27,1358.0,Low*Medium*NoStarvation,20,Low*Medium*NoStarvation,7.43,16.14,7,7,10,0.2174,0.1614,0.35,0.0217,-0.0807,-0.07,0.0065,0.0,-0.1442,-0.734,-0.74,0.9046,46
21,28,1454.0,Low*Medium*NoStarvation,45,Medium*Medium*NoStarvation,16.14,40.14,7,7,23,0.2396,0.4014,0.35,0.024,-0.2007,-0.07,0.0072,0.0,-0.2635,-0.8217,-0.8309,0.9046,96
21,29,1550.0,Medium*Medium*NoStarvation,45,Medium*Medium*NoStarvation,40.14,39.86,7,7,23,0.2396,0.3986,0.35,0.024,-0.1993,-0.07,0.0072,0.0,-0.2621,-0.8018,-0.8129,0.9046,96
21,30,1576.0,Medium*Medium*NoStarvation,10,Low*Medium*NoStarvation,39.86,5.71,7,7,5,0.1923,0.0571,0.35,0.0192,-0.0286,-0.07,0.0058,0.0,-0.0928,-0.7226,-0.7246,0.9046,26
21,31,1602.0,Low*Medium*NoStarvation,10,Low*Medium*NoStarvation,5.71,7.86,7,7,4,0.1538,0.0786,0.35,0.0154,-0.0393,-0.07,0.0046,0.0,-0.1047,-0.7222,-0.7254,0.9046,26
21,32,1648.0,Low*Medium*NoStarvation,20,Low*Medium*NoStarvation,7.86,15.0,7,7,11,0.2391,0.15,0.35,0.0239,-0.075,-0.07,0.0072,0.0,-0.1378,-0.74,-0.7451,0.9046,46
21,33,1674.0,Low*Medium*NoStarvation,10,Low*Medium*NoStarvation,15.0,6.43,7,7,5,0.1923,0.0643,0.35,0.0192,-0.0321,-0.07,0.0058,0.0,-0.0964,-0.7254,-0.7278,0.9046,26
21,34,1740.0,Low*Medium*NoStarvation,30,Medium*Medium*NoStarvation,6.43,27.0,7,7,15,0.2273,0.27,0.35,0.0227,-0.135,-0.07,0.0068,0.0,-0.1982,-0.8003,-0.8053,0.9046,66
21,35,1766.0,Medium*Medium*NoStarvation,10,Low*Medium*NoStarvation,27.0,5.71,7,6,5,0.1923,0.0571,0.3,0.0192,-0.0286,-0.06,0.0058,0.0,-0.0828,-0.7246,-0.726,0.9046,26
21,36,1862.0,Low*Medium*NoStarvation,45,Medium*Medium*NoStarvation,5.71,40.0,6,7,23,0.2396,0.4,0.35,0.024,-0.2,-0.07,0.0072,0.0,-0.2628,-0.8309,-0.8394,0.9046,96
21,37,1908.0,Medium*Medium*NoStarvation,20,Low*Medium*NoStarvation,40.0,15.71,7,7,11,0.2391,0.1571,0.35,0.0239,-0.0786,-0.07,0.0072,0.0,-0.1414,-0.7498,-0.7545,0.9046,46
21,38,1934.0,Low*Medium*NoStarvation,10,Low*Medium*NoStarvation,15.71,8.43,7,7,4,0.1538,0.0843,0.35,0.0154,-0.0421,-0.07,0.0046,0.0,-0.1075,-0.7278,-0.7313,0.9046,26
21,39,1960.0,Low*Medium*NoStarvation,10,Low*Medium*NoStarvation,8.43,5.43,7,7,5,0.1923,0.0543,0.35,0.0192,-0.0271,-0.07,0.0058,0.0,-0.0914,-0.7313,-0.7331,0.9046,26
21,40,1986.0,Low*Medium*NoStarvation,10,Low*Medium*NoStarvation,5.43,8.86,7,7,4,0.1538,0.0886,0.35,0.0154,-0.0443,-0.07,0.0046,0.0,-0.1097,-0.7331,-0.7367,0.9046,26
21,41,2012.0,Low*Medium*NoStarvation,10,Low*Medium*NoStarvation,8.86,4.86,7,6,5,0.1923,0.0486,0.3,0.0192,-0.0243,-0.06,0.0058,0.0,-0.0785,-0.7367,-0.7372,0.9046,26
21,42,2038.0,Low*Medium*NoStarvation,10,Low*Medium*NoStarvation,4.86,8.86,6,7,4,0.1538,0.0886,0.35,0.0154,-0.0443,-0.07,0.0046,0.0,-0.1097,-0.7372,-0.7408,0.9046,26
21,43,2104.0,Low*Medium*NoStarvation,30,Medium*Medium*NoStarvation,8.86,25.43,7,7,16,0.2424,0.2543,0.35,0.0242,-0.1271,-0.07,0.0073,0.0,-0.1899,-0.8053,-0.8091,0.9046,66
21,44,2130.0,Medium*Medium*NoStarvation,10,Low*Medium*NoStarvation,25.43,5.86,7,6,5,0.1923,0.0586,0.3,0.0192,-0.0293,-0.06,0.0058,0.0,-0.0835,-0.726,-0.7284,0.9046,26
21,45,2196.0,Low*Medium*NoStarvation,30,Medium*Medium*NoStarvation,5.86,25.29,6,7,15,0.2273,0.2529,0.35,0.0227,-0.1264,-0.07,0.0068,0.0,-0.1896,-0.8091,-0.8127,0.9046,66
21,46,2222.0,Medium*Medium*NoStarvation,10,Low*Medium*NoStarvation,25.29,8.57,7,7,4,0.1538,0.0857,0.35,0.0154,-0.0429,-0.07,0.0046,0.0,-0.1082,-0.7284,-0.733,0.9046,26
21,47,2318.0,Low*Medium*NoStarvation,45,Medium*Medium*NoStarvation,8.57,42.57,7,7,22,0.2292,0.4257,0.35,0.0229,-0.2129,-0.07,0.0069,0.0,-0.276,-0.8394,-0.849,0.9046,96
21,48,2414.0,Medium*Medium*NoStarvation,45,Medium*Medium*NoStarvation,42.57,40.43,7,7,23,0.2396,0.4043,0.35,0.024,-0.2021,-0.07,0.0072,0.0,-0.265,-0.8129,-0.8241,0.9046,96
21,49,2440.0,Medium*Medium*NoStarvation,10,Low*Medium*NoStarvation,40.43,7.14,7,7,5,0.1923,0.0714,0.35,0.0192,-0.0357,-0.07,0.0058,0.0,-0.0999,-0.733,-0.7364,0.9046,26
21,50,2506.0,Low*Medium*NoStarvation,30,Medium*Medium*NoStarvation,7.14,25.71,7,7,15,0.2273,0.2571,0.35,0.0227,-0.1286,-0.07,0.0068,0.0,-0.1918,-0.8127,-0.8169,0.9046,66
21,51,2532.0,Medium*Medium*NoStarvation,10,Low*Medium*NoStarvation,25.71,6.86,7,7,5,0.1923,0.0686,0.35,0.0192,-0.0343,-0.07,0.0058,0.0,-0.0985,-0.7364,-0.7393,0.9046,26
21,52,2598.0,Low*Medium*NoStarvation,30,Medium*Medium*NoStarvation,6.86,25.86,7,7,15,0.2273,0.2586,0.35,0.0227,-0.1293,-0.07,0.0068,0.0,-0.1925,-0.8169,-0.821,0.9046,66
21,53,2694.0,Medium*Medium*NoStarvation,45,Medium*Medium*NoStarvation,25.86,40.14,7,7,22,0.2292,0.4014,0.35,0.0229,-0.2007,-0.07,0.0069,0.0,-0.2638,-0.8241,-0.8346,0.9046,96
21,54,2720.0,Medium*Medium*NoStarvation,10,Low*Low*NoStarvation,40.14,8.5,7,4,5,0.1923,0.085,0.2,0.0192,-0.0425,-0.04,0.0058,0.0,-0.0767,-0.7393,-0.6803,0.9046,26
21,55,2735.0,Low*Low*NoStarvation,45,Low*Low*NoStarvation,8.5,0.0,4,0,4,0.0417,0.0,0.0,0.0042,-0.0,-0.0,0.0013,0.0,0.0013,-0.2656,-0.2462,0.9046,96
22,0,116.0,Low*Low*NoStarvation,30,Medium*Medium*NoStarvation,0.83,26.71,2,7,31,0.4697,0.2671,0.35,0.047,-0.1336,-0.07,0.0141,0.0,-0.1895,-0.347,-0.3925,0.9001,66
22,1,182.0,Medium*Medium*NoStarvation,30,Medium*Medium*NoStarvation,26.71,26.43,7,7,30,0.4545,0.2643,0.35,0.0455,-0.1321,-0.07,0.0136,0.0,-0.1885,-0.7908,-0.7918,0.9001,66
22,2,228.0,Medium*Medium*NoStarvation,20,Low*Medium*NoStarvation,26.43,16.14,7,7,20,0.4348,0.1614,0.35,0.0435,-0.0807,-0.07,0.013,0.0,-0.1377,-0.7545,-0.7595,0.9001,46
22,3,294.0,Low*Medium*NoStarvation,30,Medium*Medium*NoStarvation,16.14,26.29,7,7,30,0.4545,0.2629,0.35,0.0455,-0.1314,-0.07,0.0136,0.0,-0.1878,-0.821,-0.8189,0.9001,66
22,4,360.0,Medium*Medium*NoStarvation,30,Medium*Medium*NoStarvation,26.29,26.86,7,7,30,0.4545,0.2686,0.35,0.0455,-0.1343,-0.07,0.0136,0.0,-0.1906,-0.7918,-0.7929,0.9001,66
22,5,456.0,Medium*Medium*NoStarvation,45,Medium*Medium*NoStarvation,26.86,41.14,7,7,41,0.4271,0.4114,0.35,0.0427,-0.2057,-0.07,0.0128,0.0,-0.2629,-0.8346,-0.8386,0.9001,96
22,6,552.0,Medium*Medium*NoStarvation,45,Medium*Medium*NoStarvation,41.14,41.0,7,7,42,0.4375,0.41,0.35,0.0437,-0.205,-0.07,0.0131,0.0,-0.2619,-0.8386,-0.8422,0.9001,96
22,7,648.0,Medium*Medium*NoStarvation,45,Medium*Medium*NoStarvation,41.0,40.14,7,7,43,0.4479,0.4014,0.35,0.0448,-0.2007,-0.07,0.0134,0.0,-0.2573,-0.8422,-0.8449,0.9001,96
22,8,674.0,Medium*Medium*NoStarvation,10,Low*Medium*NoStarvation,40.14,6.14,7,7,8,0.3077,0.0614,0.35,0.0308,-0.0307,-0.07,0.0092,0.0,-0.0915,-0.6803,-0.6881,0.9001,26
22,9,720.0,Low*Medium*NoStarvation,20,Low*Medium*NoStarvation,6.14,16.0,7,7,20,0.4348,0.16,0.35,0.0435,-0.08,-0.07,0.013,0.0,-0.137,-0.7451,-0.7509,0.9001,46
22,10,766.0,Low*Medium*NoStarvation,20,Low*Medium*NoStarvation,16.0,16.0,7,7,19,0.413,0.16,0.35,0.0413,-0.08,-0.07,0.0124,0.0,-0.1376,-0.7509,-0.7563,0.9001,46
22,11,812.0,Low*Medium*NoStarvation,20,Low*Medium*NoStarvation,16.0,15.14,7,7,19,0.413,0.1514,0.35,0.0413,-0.0757,-0.07,0.0124,0.0,-0.1333,-0.7563,-0.7606,0.9001,46
22,12,878.0,Low*Medium*NoStarvation,30,Medium*Medium*NoStarvation,15.14,25.57,7,7,29,0.4394,0.2557,0.35,0.0439,-0.1279,-0.07,0.0132,0.0,-0.1847,-0.8189,-0.8174,0.9001,66
22,13,904.0,Medium*Medium*NoStarvation,10,Low*Medium*NoStarvation,25.57,7.0,7,7,8,0.3077,0.07,0.35,0.0308,-0.035,-0.07,0.0092,0.0,-0.0958,-0.6881,-0.6955,0.9001,26
22,14,1000.0,Low*Medium*NoStarvation,45,Medium*Medium*NoStarvation,7.0,39.71,7,7,44,0.4583,0.3971,0.35,0.0458,-0.1986,-0.07,0.0137,0.0,-0.2548,-0.849,-0.8522,0.9001,96
22,15,1046.0,Medium*Medium*NoStarvation,20,Low*Medium*NoStarvation,39.71,16.86,7,7,11,0.2391,0.1686,0.35,0.0239,-0.0843,-0.07,0.0072,0.0,-0.1471,-0.7595,-0.7649,0.9001,46
22,16,1142.0,Low*Medium*NoStarvation,45,Medium*Medium*NoStarvation,16.86,41.29,7,7,22,0.2292,0.4129,0.35,0.0229,-0.2064,-0.07,0.0069,0.0,-0.2696,-0.8522,-0.8565,0.9001,96
22,17,1208.0,Medium*Medium*NoStarvation,30,Medium*Medium*NoStarvation,41.29,25.0,7,7,15,0.2273,0.25,0.35,0.0227,-0.125,-0.07,0.0068,0.0,-0.1882,-0.7929,-0.795,0.9001,66
22,18,1254.0,Medium*Medium*NoStarvation,20,Low*Medium*NoStarvation,25.0,17.43,7,7,10,0.2174,0.1743,0.35,0.0217,-0.0871,-0.07,0.0065,0.0,-0.1506,-0.7649,-0.7702,0.9001,46
22,19,1300.0,Low*Medium*NoStarvation,20,Low*Medium*NoStarvation,17.43,15.29,7,7,10,0.2174,0.1529,0.35,0.0217,-0.0764,-0.07,0.0065,0.0,-0.1399,-0.7606,-0.7652,0.9001,46
22,20,1346.0,Low*Medium*NoStarvation,20,Low*Medium*NoStarvation,15.29,16.86,7,7,10,0.2174,0.1686,0.35,0.0217,-0.0843,-0.07,0.0065,0.0,-0.1478,-0.7652,-0.7702,0.9001,46
22,21,1392.0,Low*Medium*NoStarvation,20,Low*Medium*NoStarvation,16.86,16.14,7,7,10,0.2174,0.1614,0.35,0.0217,-0.0807,-0.07,0.0065,0.0,-0.1442,-0.7702,-0.7742,0.9001,46
22,22,1418.0,Low*Medium*NoStarvation,10,Low*Medium*NoStarvation,16.14,5.86,7,7,5,0.1923,0.0586,0.35,0.0192,-0.0293,-0.07,0.0058,0.0,-0.0935,-0.7408,-0.7427,0.9001,26
22,23,1444.0,Low*Medium*NoStarvation,10,Low*Medium*NoStarvation,5.86,6.29,7,7,5,0.1923,0.0629,0.35,0.0192,-0.0314,-0.07,0.0058,0.0,-0.0957,-0.7427,-0.7449,0.9001,26
22,24,1540.0,Low*Medium*NoStarvation,45,Medium*Medium*NoStarvation,6.29,41.86,7,7,22,0.2292,0.4186,0.35,0.0229,-0.2093,-0.07,0.0069,0.0,-0.2724,-0.8565,-0.8607,0.9001,96
22,25,1586.0,Medium*Medium*NoStarvation,20,Low*Medium*NoStarvation,41.86,16.86,7,7,10,0.2174,0.1686,0.35,0.0217,-0.0843,-0.07,0.0065,0.0,-0.1478,-0.7702,-0.775,0.9001,46
22,26,1682.0,Low*Medium*NoStarvation,45,Medium*Medium*NoStarvation,16.86,42.14,7,7,22,0.2292,0.4214,0.35,0.0229,-0.2107,-0.07,0.0069,0.0,-0.2738,-0.8607,-0.8646,0.9001,96
22,27,1708.0,Medium*Medium*NoStarvation,10,Low*Medium*NoStarvation,42.14,6.14,7,7,5,0.1923,0.0614,0.35,0.0192,-0.0307,-0.07,0.0058,0.0,-0.0949,-0.6955,-0.7025,0.9001,26
22,28,1754.0,Low*Medium*NoStarvation,20,Low*Medium*NoStarvation,6.14,16.14,7,7,10,0.2174,0.1614,0.35,0.0217,-0.0807,-0.07,0.0065,0.0,-0.1442,-0.7742,-0.7783,0.9001,46
22,29,1850.0,Low*Medium*NoStarvation,45,Medium*Medium*NoStarvation,16.14,40.71,7,7,22,0.2292,0.4071,0.35,0.0229,-0.2036,-0.07,0.0069,0.0,-0.2667,-0.8646,-0.8681,0.9001,96
22,30,1896.0,Medium*Medium*NoStarvation,20,Low*Medium*NoStarvation,40.71,16.71,7,7,10,0.2174,0.1671,0.35,0.0217,-0.0836,-0.07,0.0065,0.0,-0.147,-0.775,-0.7792,0.9001,46
22,31,1922.0,Low*Medium*NoStarvation,10,Low*Medium*NoStarvation,16.71,6.86,7,7,5,0.1923,0.0686,0.35,0.0192,-0.0343,-0.07,0.0058,0.0,-0.0985,-0.7449,-0.7473,0.9001,26
22,32,1948.0,Low*Medium*NoStarvation,10,Low*Medium*NoStarvation,6.86,7.57,7,7,4,0.1538,0.0757,0.35,0.0154,-0.0379,-0.07,0.0046,0.0,-0.1032,-0.7473,-0.7501,0.9001,26
22,33,2014.0,Low*Medium*NoStarvation,30,Medium*Medium*NoStarvation,7.57,26.14,7,7,15,0.2273,0.2614,0.35,0.0227,-0.1307,-0.07,0.0068,0.0,-0.1939,-0.8174,-0.8183,0.9001,66
22,34,2060.0,Medium*Medium*NoStarvation,20,Low*Medium*NoStarvation,26.14,15.86,7,7,10,0.2174,0.1586,0.35,0.0217,-0.0793,-0.07,0.0065,0.0,-0.1428,-0.7792,-0.7831,0.9001,46
22,35,2126.0,Low*Medium*NoStarvation,30,Medium*Medium*NoStarvation,15.86,26.71,7,7,15,0.2273,0.2671,0.35,0.0227,-0.1336,-0.07,0.0068,0.0,-0.1968,-0.8183,-0.8193,0.9001,66
22,36,2222.0,Medium*Medium*NoStarvation,45,Medium*Medium*NoStarvation,26.71,39.14,7,7,23,0.2396,0.3914,0.35,0.024,-0.1957,-0.07,0.0072,0.0,-0.2585,-0.8449,-0.8495,0.9001,96
22,37,2288.0,Medium*Medium*NoStarvation,30,Medium*Medium*NoStarvation,39.14,26.43,7,7,15,0.2273,0.2643,0.35,0.0227,-0.1321,-0.07,0.0068,0.0,-0.1953,-0.795,-0.7983,0.9001,66
22,38,2384.0,Medium*Medium*NoStarvation,45,Medium*Medium*NoStarvation,26.43,41.14,7,7,23,0.2396,0.4114,0.35,0.024,-0.2057,-0.07,0.0072,0.0,-0.2685,-0.8495,-0.8546,0.9001,96
22,39,2410.0,Medium*Medium*NoStarvation,10,Low*Medium*NoStarvation,41.14,5.86,7,7,5,0.1923,0.0586,0.35,0.0192,-0.0293,-0.07,0.0058,0.0,-0.0935,-0.7025,-0.7091,0.9001,26
22,40,2506.0,Low*Medium*NoStarvation,45,Medium*Medium*NoStarvation,5.86,40.0,7,7,23,0.2396,0.4,0.35,0.024,-0.2,-0.07,0.0072,0.0,-0.2628,-0.8681,-0.8714,0.9001,96
22,41,2572.0,Medium*Medium*NoStarvation,30,Medium*Medium*NoStarvation,40.0,24.86,7,7,15,0.2273,0.2486,0.35,0.0227,-0.1243,-0.07,0.0068,0.0,-0.1875,-0.7983,-0.801,0.9001,66
22,42,2608.0,Medium*Medium*NoStarvation,30,Low*Low*NoStarvation,24.86,0.0,7,0,15,0.2273,0.0,0.0,0.0227,-0.0,-0.0,0.0068,0.0,0.0068,-0.801,-0.7275,0.9001,66
23,0,76.0,Low*Low*NoStarvation,10,Low*Medium*NoStarvation,0.83,6.71,2,7,11,0.4231,0.0671,0.35,0.0423,-0.0336,-0.07,0.0127,0.0,-0.0909,-0.0805,-0.149,0.8956,26
23,1,102.0,Low*Medium*NoStarvation,10,Low*Medium*NoStarvation,6.71,8.43,7,7,8,0.3077,0.0843,0.35,0.0308,-0.0421,-0.07,0.0092,0.0,-0.1029,-0.7501,-0.7529,0.8956,26
23,2,148.0,Low*Medium*NoStarvation,20,Low*Medium*NoStarvation,8.43,15.71,7,7,20,0.4348,0.1571,0.35,0.0435,-0.0786,-0.07,0.013,0.0,-0.1355,-0.7783,-0.7818,0.8956,46
23,3,194.0,Low*Medium*NoStarvation,20,Low*Medium*NoStarvation,15.71,16.29,7,7,20,0.4348,0.1629,0.35,0.0435,-0.0814,-0.07,0.013,0.0,-0.1384,-0.7818,-0.7852,0.8956,46
23,4,240.0,Low*Medium*NoStarvation,20,Low*Medium*NoStarvation,16.29,16.29,7,7,20,0.4348,0.1629,0.35,0.0435,-0.0814,-0.07,0.013,0.0,-0.1384,-0.7852,-0.7883,0.8956,46
23,5,266.0,Low*Medium*NoStarvation,10,Low*Medium*NoStarvation,16.29,6.57,7,7,10,0.3846,0.0657,0.35,0.0385,-0.0329,-0.07,0.0115,0.0,-0.0913,-0.7529,-0.7545,0.8956,26
23,6,292.0,Low*Medium*NoStarvation,10,Low*Medium*NoStarvation,6.57,6.14,7,7,9,0.3462,0.0614,0.35,0.0346,-0.0307,-0.07,0.0104,0.0,-0.0903,-0.7545,-0.756,0.8956,26
23,7,358.0,Low*Medium*NoStarvation,30,Medium*Medium*NoStarvation,6.14,26.57,7,7,30,0.4545,0.2657,0.35,0.0455,-0.1329,-0.07,0.0136,0.0,-0.1892,-0.8193,-0.8202,0.8956,66
23,8,384.0,Medium*Medium*NoStarvation,10,Low*Medium*NoStarvation,26.57,8.57,7,7,8,0.3077,0.0857,0.35,0.0308,-0.0429,-0.07,0.0092,0.0,-0.1036,-0.7091,-0.7166,0.8956,26
23,9,450.0,Low*Medium*NoStarvation,30,Medium*Medium*NoStarvation,8.57,27.0,7,7,30,0.4545,0.27,0.35,0.0455,-0.135,-0.07,0.0136,0.0,-0.1914,-0.8202,-0.8218,0.8956,66
23,10,546.0,Medium*Medium*NoStarvation,45,Medium*Medium*NoStarvation,27.0,40.0,7,7,46,0.4792,0.4,0.35,0.0479,-0.2,-0.07,0.0144,0.0,-0.2556,-0.8546,-0.8592,0.8956,96
23,11,572.0,Medium*Medium*NoStarvation,10,Low*Medium*NoStarvation,40.0,5.86,7,7,10,0.3846,0.0586,0.35,0.0385,-0.0293,-0.07,0.0115,0.0,-0.0877,-0.7166,-0.7218,0.8956,26
23,12,598.0,Low*Medium*NoStarvation,10,Low*Medium*NoStarvation,5.86,6.14,7,7,9,0.3462,0.0614,0.35,0.0346,-0.0307,-0.07,0.0104,0.0,-0.0903,-0.756,-0.7575,0.8956,26
23,13,624.0,Low*Medium*NoStarvation,10,Low*Medium*NoStarvation,6.14,7.14,7,7,10,0.3846,0.0714,0.35,0.0385,-0.0357,-0.07,0.0115,0.0,-0.0942,-0.7575,-0.7593,0.8956,26
23,14,690.0,Low*Medium*NoStarvation,30,Medium*Medium*NoStarvation,7.14,27.14,7,7,29,0.4394,0.2714,0.35,0.0439,-0.1357,-0.07,0.0132,0.0,-0.1925,-0.8218,-0.8238,0.8956,66
23,15,716.0,Medium*Medium*NoStarvation,10,Low*Medium*NoStarvation,27.14,8.0,7,7,9,0.3462,0.08,0.35,0.0346,-0.04,-0.07,0.0104,0.0,-0.0996,-0.7218,-0.7279,0.8956,26
23,16,782.0,Low*Medium*NoStarvation,30,Medium*Medium*NoStarvation,8.0,26.0,7,7,30,0.4545,0.26,0.35,0.0455,-0.13,-0.07,0.0136,0.0,-0.1864,-0.8238,-0.8255,0.8956,66
23,17,808.0,Medium*Medium*NoStarvation,10,Low*Medium*NoStarvation,26.0,6.29,7,6,10,0.3846,0.0629,0.3,0.0385,-0.0314,-0.06,0.0115,0.0,-0.0799,-0.7279,-0.7314,0.8956,26
23,18,854.0,Low*Medium*NoStarvation,20,Low*Medium*NoStarvation,6.29,14.43,6,7,20,0.4348,0.1443,0.35,0.0435,-0.0721,-0.07,0.013,0.0,-0.1291,-0.7883,-0.7907,0.8956,46
23,19,920.0,Low*Medium*NoStarvation,30,Medium*Medium*NoStarvation,14.43,26.71,7,7,28,0.4242,0.2671,0.35,0.0424,-0.1336,-0.07,0.0127,0.0,-0.1908,-0.8255,-0.8275,0.8956,66
23,20,946.0,Medium*Medium*NoStarvation,10,Low*Medium*NoStarvation,26.71,9.57,7,7,8,0.3077,0.0957,0.35,0.0308,-0.0479,-0.07,0.0092,0.0,-0.1086,-0.7314,-0.7375,0.8956,26
23,21,1012.0,Low*Medium*NoStarvation,30,Medium*Medium*NoStarvation,9.57,26.86,7,7,28,0.4242,0.2686,0.35,0.0424,-0.1343,-0.07,0.0127,0.0,-0.1916,-0.8275,-0.8294,0.8956,66
23,22,1108.0,Medium*Medium*NoStarvation,45,Medium*Medium*NoStarvation,26.86,42.43,7,7,22,0.2292,0.4243,0.35,0.0229,-0.2121,-0.07,0.0069,0.0,-0.2753,-0.8592,-0.8663,0.8956,96
23,23,1154.0,Medium*Medium*NoStarvation,20,Low*Medium*NoStarvation,42.43,16.57,7,7,10,0.2174,0.1657,0.35,0.0217,-0.0829,-0.07,0.0065,0.0,-0.1463,-0.7831,-0.7877,0.8956,46
23,24,1180.0,Low*Medium*NoStarvation,10,Low*Medium*NoStarvation,16.57,8.57,7,7,4,0.1538,0.0857,0.35,0.0154,-0.0429,-0.07,0.0046,0.0,-0.1082,-0.7593,-0.7626,0.8956,26
23,25,1276.0,Low*Medium*NoStarvation,45,Medium*Medium*NoStarvation,8.57,40.43,7,7,23,0.2396,0.4043,0.35,0.024,-0.2021,-0.07,0.0072,0.0,-0.265,-0.8714,-0.8762,0.8956,96
23,26,1322.0,Medium*Medium*NoStarvation,20,Low*Medium*NoStarvation,40.43,16.0,7,7,10,0.2174,0.16,0.35,0.0217,-0.08,-0.07,0.0065,0.0,-0.1435,-0.7877,-0.7919,0.8956,46
23,27,1348.0,Low*Medium*NoStarvation,10,Low*Medium*NoStarvation,16.0,7.29,7,7,4,0.1538,0.0729,0.35,0.0154,-0.0364,-0.07,0.0046,0.0,-0.1018,-0.7626,-0.7651,0.8956,26
23,28,1394.0,Low*Medium*NoStarvation,20,Low*Medium*NoStarvation,7.29,16.0,7,7,10,0.2174,0.16,0.35,0.0217,-0.08,-0.07,0.0065,0.0,-0.1435,-0.7907,-0.7948,0.8956,46
23,29,1420.0,Low*Medium*NoStarvation,10,Low*Medium*NoStarvation,16.0,7.86,7,7,4,0.1538,0.0786,0.35,0.0154,-0.0393,-0.07,0.0046,0.0,-0.1047,-0.7651,-0.7679,0.8956,26
23,30,1486.0,Low*Medium*NoStarvation,30,Medium*Medium*NoStarvation,7.86,25.57,7,7,15,0.2273,0.2557,0.35,0.0227,-0.1279,-0.07,0.0068,0.0,-0.191,-0.8294,-0.831,0.8956,66
23,31,1582.0,Medium*Medium*NoStarvation,45,Medium*Medium*NoStarvation,25.57,40.86,7,7,23,0.2396,0.4086,0.35,0.024,-0.2043,-0.07,0.0072,0.0,-0.2671,-0.8663,-0.8719,0.8956,96
23,32,1628.0,Medium*Medium*NoStarvation,20,Low*Medium*NoStarvation,40.86,15.29,7,7,10,0.2174,0.1529,0.35,0.0217,-0.0764,-0.07,0.0065,0.0,-0.1399,-0.7919,-0.7959,0.8956,46
23,33,1694.0,Low*Medium*NoStarvation,30,Medium*Medium*NoStarvation,15.29,25.86,7,7,15,0.2273,0.2586,0.35,0.0227,-0.1293,-0.07,0.0068,0.0,-0.1925,-0.831,-0.8327,0.8956,66
23,34,1740.0,Medium*Medium*NoStarvation,20,Low*Medium*NoStarvation,25.86,17.71,7,7,9,0.1957,0.1771,0.35,0.0196,-0.0886,-0.07,0.0059,0.0,-0.1527,-0.7959,-0.8007,0.8956,46
23,35,1836.0,Low*Medium*NoStarvation,45,Medium*Medium*NoStarvation,17.71,42.71,7,7,22,0.2292,0.4271,0.35,0.0229,-0.2136,-0.07,0.0069,0.0,-0.2767,-0.8762,-0.8817,0.8956,96
23,36,1882.0,Medium*Medium*NoStarvation,20,Low*Medium*NoStarvation,42.71,16.0,7,7,10,0.2174,0.16,0.35,0.0217,-0.08,-0.07,0.0065,0.0,-0.1435,-0.8007,-0.8041,0.8956,46
23,37,1978.0,Low*Medium*NoStarvation,45,Medium*Medium*NoStarvation,16.0,40.43,7,7,23,0.2396,0.4043,0.35,0.024,-0.2021,-0.07,0.0072,0.0,-0.265,-0.8817,-0.8855,0.8956,96
23,38,2024.0,Medium*Medium*NoStarvation,20,Low*Medium*NoStarvation,40.43,15.71,7,7,10,0.2174,0.1571,0.35,0.0217,-0.0786,-0.07,0.0065,0.0,-0.142,-0.8041,-0.807,0.8956,46
23,39,2120.0,Low*Medium*NoStarvation,45,Medium*Medium*NoStarvation,15.71,41.0,7,7,23,0.2396,0.41,0.35,0.024,-0.205,-0.07,0.0072,0.0,-0.2678,-0.8855,-0.8892,0.8956,96
23,40,2216.0,Medium*Medium*NoStarvation,45,Medium*Medium*NoStarvation,41.0,41.29,7,7,22,0.2292,0.4129,0.35,0.0229,-0.2064,-0.07,0.0069,0.0,-0.2696,-0.8719,-0.8771,0.8956,96
23,41,2242.0,Medium*Medium*NoStarvation,10,Low*Medium*NoStarvation,41.29,5.14,7,6,5,0.1923,0.0514,0.3,0.0192,-0.0257,-0.06,0.0058,0.0,-0.0799,-0.7375,-0.7408,0.8956,26
23,42,2338.0,Low*Medium*NoStarvation,45,Medium*Medium*NoStarvation,5.14,41.86,6,7,22,0.2292,0.4186,0.35,0.0229,-0.2093,-0.07,0.0069,0.0,-0.2724,-0.8892,-0.893,0.8956,96
23,43,2384.0,Medium*Medium*NoStarvation,20,Low*Medium*NoStarvation,41.86,16.86,7,7,10,0.2174,0.1686,0.35,0.0217,-0.0843,-0.07,0.0065,0.0,-0.1478,-0.807,-0.8102,0.8956,46
23,44,2430.0,Low*Medium*NoStarvation,20,Low*Medium*NoStarvation,16.86,16.43,7,7,10,0.2174,0.1643,0.35,0.0217,-0.0821,-0.07,0.0065,0.0,-0.1456,-0.7948,-0.799,0.8956,46
23,45,2526.0,Low*Medium*NoStarvation,45,Medium*Medium*NoStarvation,16.43,40.14,7,7,23,0.2396,0.4014,0.35,0.024,-0.2007,-0.07,0.0072,0.0,-0.2635,-0.893,-0.8955,0.8956,96
23,46,2572.0,Medium*Medium*NoStarvation,20,Low*Medium*NoStarvation,40.14,16.71,7,7,10,0.2174,0.1671,0.35,0.0217,-0.0836,-0.07,0.0065,0.0,-0.147,-0.8102,-0.813,0.8956,46
23,47,2598.0,Low*Medium*NoStarvation,10,Low*Medium*NoStarvation,16.71,6.29,7,7,5,0.1923,0.0629,0.35,0.0192,-0.0314,-0.07,0.0058,0.0,-0.0957,-0.7679,-0.7698,0.8956,26
23,48,2624.0,Low*Medium*NoStarvation,10,Low*Medium*NoStarvation,6.29,6.0,7,7,5,0.1923,0.06,0.35,0.0192,-0.03,-0.07,0.0058,0.0,-0.0942,-0.7698,-0.7715,0.8956,26
23,49,2690.0,Low*Medium*NoStarvation,30,Medium*Low*NoStarvation,6.0,28.75,7,4,15,0.2273,0.2875,0.2,0.0227,-0.1437,-0.04,0.0068,0.0,-0.1769,-0.8327,-0.7671,0.8956,66
23,50,2705.0,Medium*Low*NoStarvation,20,Low*Low*NoStarvation,28.75,0.0,4,0,4,0.087,0.0,0.0,0.0087,-0.0,-0.0,0.0026,0.0,0.0026,0.0001,-0.013,0.8956,46
24,0,146.0,Low*Low*NoStarvation,45,Medium*Medium*NoStarvation,0.83,40.71,2,7,47,0.4896,0.4071,0.35,0.049,-0.2036,-0.07,0.0147,0.0,-0.2589,-0.2462,-0.3129,0.8911,96
24,1,212.0,Medium*Medium*NoStarvation,30,Medium*Medium*NoStarvation,40.71,27.29,7,7,30,0.4545,0.2729,0.35,0.0455,-0.1364,-0.07,0.0136,0.0,-0.1928,-0.7275,-0.7395,0.8911,66
24,2,278.0,Medium*Medium*NoStarvation,30,Medium*Medium*NoStarvation,27.29,27.71,7,7,30,0.4545,0.2771,0.35,0.0455,-0.1386,-0.07,0.0136,0.0,-0.1949,-0.7395,-0.7516,0.8911,66
24,3,344.0,Medium*Medium*NoStarvation,30,Medium*Medium*NoStarvation,27.71,25.86,7,7,30,0.4545,0.2586,0.35,0.0455,-0.1293,-0.07,0.0136,0.0,-0.1856,-0.7516,-0.7617,0.8911,66
24,4,410.0,Medium*Medium*NoStarvation,30,Medium*Medium*NoStarvation,25.86,26.71,7,7,28,0.4242,0.2671,0.35,0.0424,-0.1336,-0.07,0.0127,0.0,-0.1908,-0.7617,-0.7712,0.8911,66
24,5,506.0,Medium*Medium*NoStarvation,45,Medium*Medium*NoStarvation,26.71,41.0,7,7,42,0.4375,0.41,0.35,0.0437,-0.205,-0.07,0.0131,0.0,-0.2619,-0.8771,-0.8822,0.8911,96
24,6,602.0,Medium*Medium*NoStarvation,45,Medium*Medium*NoStarvation,41.0,40.14,7,7,42,0.4375,0.4014,0.35,0.0437,-0.2007,-0.07,0.0131,0.0,-0.2576,-0.8822,-0.8865,0.8911,96
24,7,628.0,Medium*Medium*NoStarvation,10,Low*Medium*NoStarvation,40.14,7.57,7,8,10,0.3846,0.0757,0.4,0.0385,-0.0379,-0.08,0.0115,0.0,-0.1063,-0.7408,-0.7464,0.8911,26
24,8,724.0,Low*Medium*NoStarvation,45,Medium*Medium*NoStarvation,7.57,40.14,8,7,43,0.4479,0.4014,0.35,0.0448,-0.2007,-0.07,0.0134,0.0,-0.2573,-0.8955,-0.8989,0.8911,96
24,9,820.0,Medium*Medium*NoStarvation,45,Medium*Medium*NoStarvation,40.14,40.43,7,7,41,0.4271,0.4043,0.35,0.0427,-0.2021,-0.07,0.0128,0.0,-0.2593,-0.8865,-0.8909,0.8911,96
24,10,916.0,Medium*Medium*NoStarvation,45,Medium*Medium*NoStarvation,40.43,42.43,7,7,41,0.4271,0.4243,0.35,0.0427,-0.2121,-0.07,0.0128,0.0,-0.2693,-0.8909,-0.8959,0.8911,96
24,11,982.0,Medium*Medium*NoStarvation,30,Medium*Medium*NoStarvation,42.43,26.57,7,7,28,0.4242,0.2657,0.35,0.0424,-0.1329,-0.07,0.0127,0.0,-0.1901,-0.7712,-0.7803,0.8911,66
24,12,1008.0,Medium*Medium*NoStarvation,10,Low*Medium*NoStarvation,26.57,7.43,7,7,10,0.3846,0.0743,0.35,0.0385,-0.0371,-0.07,0.0115,0.0,-0.0956,-0.7464,-0.7504,0.8911,26
24,13,1034.0,Low*Medium*NoStarvation,10,Low*Medium*NoStarvation,7.43,7.0,7,7,5,0.1923,0.07,0.35,0.0192,-0.035,-0.07,0.0058,0.0,-0.0992,-0.7715,-0.7734,0.8911,26
24,14,1080.0,Low*Medium*NoStarvation,20,Low*Medium*NoStarvation,7.0,16.71,7,7,10,0.2174,0.1671,0.35,0.0217,-0.0836,-0.07,0.0065,0.0,-0.147,-0.799,-0.8029,0.8911,46
24,15,1126.0,Low*Medium*NoStarvation,20,Low*Medium*NoStarvation,16.71,16.43,7,7,10,0.2174,0.1643,0.35,0.0217,-0.0821,-0.07,0.0065,0.0,-0.1456,-0.8029,-0.8062,0.8911,46
24,16,1222.0,Low*Medium*NoStarvation,45,Medium*Medium*NoStarvation,16.43,40.14,7,7,23,0.2396,0.4014,0.35,0.024,-0.2007,-0.07,0.0072,0.0,-0.2635,-0.8989,-0.9029,0.8911,96
24,17,1268.0,Medium*Medium*NoStarvation,20,Low*Medium*NoStarvation,40.14,15.43,7,7,11,0.2391,0.1543,0.35,0.0239,-0.0771,-0.07,0.0072,0.0,-0.14,-0.813,-0.8147,0.8911,46
24,18,1294.0,Low*Medium*NoStarvation,10,Low*Medium*NoStarvation,15.43,8.29,7,7,4,0.1538,0.0829,0.35,0.0154,-0.0414,-0.07,0.0046,0.0,-0.1068,-0.7734,-0.7757,0.8911,26
24,19,1360.0,Low*Medium*NoStarvation,30,Medium*Medium*NoStarvation,8.29,25.71,7,7,15,0.2273,0.2571,0.35,0.0227,-0.1286,-0.07,0.0068,0.0,-0.1918,-0.7671,-0.7771,0.8911,66
24,20,1456.0,Medium*Medium*NoStarvation,45,Medium*Medium*NoStarvation,25.71,42.71,7,7,22,0.2292,0.4271,0.35,0.0229,-0.2136,-0.07,0.0069,0.0,-0.2767,-0.8959,-0.9016,0.8911,96
24,21,1502.0,Medium*Medium*NoStarvation,20,Low*Medium*NoStarvation,42.71,15.43,7,7,10,0.2174,0.1543,0.35,0.0217,-0.0771,-0.07,0.0065,0.0,-0.1406,-0.8147,-0.8171,0.8911,46
24,22,1548.0,Low*Medium*NoStarvation,20,Low*Medium*NoStarvation,15.43,16.0,7,7,10,0.2174,0.16,0.35,0.0217,-0.08,-0.07,0.0065,0.0,-0.1435,-0.8062,-0.8097,0.8911,46
24,23,1574.0,Low*Medium*NoStarvation,10,Low*Medium*NoStarvation,16.0,6.43,7,7,5,0.1923,0.0643,0.35,0.0192,-0.0321,-0.07,0.0058,0.0,-0.0964,-0.7757,-0.7776,0.8911,26
24,24,1620.0,Low*Medium*NoStarvation,20,Low*Medium*NoStarvation,6.43,16.43,7,7,10,0.2174,0.1643,0.35,0.0217,-0.0821,-0.07,0.0065,0.0,-0.1456,-0.8097,-0.8133,0.8911,46
24,25,1646.0,Low*Medium*NoStarvation,10,Low*Medium*NoStarvation,16.43,6.86,7,7,5,0.1923,0.0686,0.35,0.0192,-0.0343,-0.07,0.0058,0.0,-0.0985,-0.7776,-0.7796,0.8911,26
24,26,1672.0,Low*Medium*NoStarvation,10,Low*Medium*NoStarvation,6.86,7.14,7,7,4,0.1538,0.0714,0.35,0.0154,-0.0357,-0.07,0.0046,0.0,-0.1011,-0.7796,-0.7817,0.8911,26
24,27,1738.0,Low*Medium*NoStarvation,30,Medium*Medium*NoStarvation,7.14,25.43,7,7,15,0.2273,0.2543,0.35,0.0227,-0.1271,-0.07,0.0068,0.0,-0.1903,-0.7771,-0.7859,0.8911,66
24,28,1804.0,Medium*Medium*NoStarvation,30,Medium*Medium*NoStarvation,25.43,26.43,7,7,15,0.2273,0.2643,0.35,0.0227,-0.1321,-0.07,0.0068,0.0,-0.1953,-0.7803,-0.7894,0.8911,66
24,29,1830.0,Medium*Medium*NoStarvation,10,Low*Medium*NoStarvation,26.43,5.14,7,6,5,0.1923,0.0514,0.3,0.0192,-0.0257,-0.06,0.0058,0.0,-0.0799,-0.7504,-0.7537,0.8911,26
24,30,1926.0,Low*Medium*NoStarvation,45,Medium*Medium*NoStarvation,5.14,40.43,6,7,23,0.2396,0.4043,0.35,0.024,-0.2021,-0.07,0.0072,0.0,-0.265,-0.9029,-0.9069,0.8911,96
24,31,1972.0,Medium*Medium*NoStarvation,20,Low*Medium*NoStarvation,40.43,16.57,7,7,10,0.2174,0.1657,0.35,0.0217,-0.0829,-0.07,0.0065,0.0,-0.1463,-0.8171,-0.8204,0.8911,46
24,32,1998.0,Low*Medium*NoStarvation,10,Low*Medium*NoStarvation,16.57,8.57,7,7,4,0.1538,0.0857,0.35,0.0154,-0.0429,-0.07,0.0046,0.0,-0.1082,-0.7817,-0.7847,0.8911,26
24,33,2094.0,Low*Medium*NoStarvation,45,Medium*Medium*NoStarvation,8.57,40.14,7,7,23,0.2396,0.4014,0.35,0.024,-0.2007,-0.07,0.0072,0.0,-0.2635,-0.9069,-0.9104,0.8911,96
24,34,2190.0,Medium*Medium*NoStarvation,45,Medium*Medium*NoStarvation,40.14,39.86,7,7,23,0.2396,0.3986,0.35,0.024,-0.1993,-0.07,0.0072,0.0,-0.2621,-0.9016,-0.9054,0.8911,96
24,35,2236.0,Medium*Medium*NoStarvation,20,Low*Medium*NoStarvation,39.86,16.14,7,7,10,0.2174,0.1614,0.35,0.0217,-0.0807,-0.07,0.0065,0.0,-0.1442,-0.8204,-0.8234,0.8911,46
24,36,2302.0,Low*Medium*NoStarvation,30,Medium*Medium*NoStarvation,16.14,26.86,7,7,15,0.2273,0.2686,0.35,0.0227,-0.1343,-0.07,0.0068,0.0,-0.1975,-0.7859,-0.7949,0.8911,66
24,37,2348.0,Medium*Medium*NoStarvation,20,Low*Medium*NoStarvation,26.86,14.71,7,7,10,0.2174,0.1471,0.35,0.0217,-0.0736,-0.07,0.0065,0.0,-0.137,-0.8234,-0.8254,0.8911,46
24,38,2394.0,Low*Medium*NoStarvation,20,Low*Medium*NoStarvation,14.71,16.0,7,7,10,0.2174,0.16,0.35,0.0217,-0.08,-0.07,0.0065,0.0,-0.1435,-0.8133,-0.8169,0.8911,46
24,39,2440.0,Low*Medium*NoStarvation,20,Low*Medium*NoStarvation,16.0,14.86,7,7,11,0.2391,0.1486,0.35,0.0239,-0.0743,-0.07,0.0072,0.0,-0.1371,-0.8169,-0.8195,0.8911,46
24,40,2506.0,Low*Medium*NoStarvation,30,Medium*Medium*NoStarvation,14.86,25.57,7,7,16,0.2424,0.2557,0.35,0.0242,-0.1279,-0.07,0.0073,0.0,-0.1906,-0.7949,-0.8023,0.8911,66
24,41,2532.0,Medium*Medium*NoStarvation,10,Low*Medium*NoStarvation,25.57,6.43,7,7,5,0.1923,0.0643,0.35,0.0192,-0.0321,-0.07,0.0058,0.0,-0.0964,-0.7537,-0.7586,0.8911,26
24,42,2598.0,Low*Medium*NoStarvation,30,Medium*Medium*NoStarvation,6.43,28.6,7,5,15,0.2273,0.286,0.25,0.0227,-0.143,-0.05,0.0068,0.0,-0.1862,-0.8023,-0.809,0.8911,66
24,43,2614.0,Medium*Medium*NoStarvation,45,Low*Low*NoStarvation,28.6,0.0,5,0,5,0.0521,0.0,0.0,0.0052,-0.0,-0.0,0.0016,0.0,0.0016,-0.9054,-0.8282,0.8911,96
25,0,76.0,Low*Low*NoStarvation,10,Low*Medium*NoStarvation,0.83,6.71,2,7,11,0.4231,0.0671,0.35,0.0423,-0.0336,-0.07,0.0127,0.0,-0.0909,-0.149,-0.2138,0.8867,26
25,1,102.0,Low*Medium*NoStarvation,10,Low*Medium*NoStarvation,6.71,8.43,7,7,8,0.3077,0.0843,0.35,0.0308,-0.0421,-0.07,0.0092,0.0,-0.1029,-0.7847,-0.7872,0.8867,26
25,2,128.0,Low*Medium*NoStarvation,10,Low*Medium*NoStarvation,8.43,7.29,7,7,9,0.3462,0.0729,0.35,0.0346,-0.0364,-0.07,0.0104,0.0,-0.096,-0.7872,-0.7889,0.8867,26
25,3,174.0,Low*Medium*NoStarvation,20,Low*Medium*NoStarvation,7.29,16.86,7,7,19,0.413,0.1686,0.35,0.0413,-0.0843,-0.07,0.0124,0.0,-0.1419,-0.8195,-0.8228,0.8867,46
25,4,240.0,Low*Medium*NoStarvation,30,Medium*Medium*NoStarvation,16.86,26.14,7,7,30,0.4545,0.2614,0.35,0.0455,-0.1307,-0.07,0.0136,0.0,-0.1871,-0.809,-0.8151,0.8867,66
25,5,286.0,Medium*Medium*NoStarvation,20,Low*Medium*NoStarvation,26.14,15.57,7,7,20,0.4348,0.1557,0.35,0.0435,-0.0779,-0.07,0.013,0.0,-0.1348,-0.8254,-0.8273,0.8867,46
25,6,332.0,Low*Medium*NoStarvation,20,Low*Medium*NoStarvation,15.57,16.71,7,7,20,0.4348,0.1671,0.35,0.0435,-0.0836,-0.07,0.013,0.0,-0.1405,-0.8228,-0.8256,0.8867,46
25,7,428.0,Low*Medium*NoStarvation,45,Medium*Medium*NoStarvation,16.71,42.0,7,7,44,0.4583,0.42,0.35,0.0458,-0.21,-0.07,0.0137,0.0,-0.2662,-0.9104,-0.9143,0.8867,96
25,8,474.0,Medium*Medium*NoStarvation,20,Low*Medium*NoStarvation,42.0,16.29,7,7,21,0.4565,0.1629,0.35,0.0457,-0.0814,-0.07,0.0137,0.0,-0.1377,-0.8273,-0.8294,0.8867,46
25,9,500.0,Low*Medium*NoStarvation,10,Low*Medium*NoStarvation,16.29,8.81,7,8,8,0.3077,0.0881,0.4,0.0308,-0.044,-0.08,0.0092,0.0,-0.1148,-0.7889,-0.7925,0.8867,26
25,10,546.0,Low*Medium*NoStarvation,20,Low*Medium*NoStarvation,8.81,15.86,8,7,20,0.4348,0.1586,0.35,0.0435,-0.0793,-0.07,0.013,0.0,-0.1362,-0.8256,-0.828,0.8867,46
25,11,612.0,Low*Medium*NoStarvation,30,Medium*Medium*NoStarvation,15.86,26.0,7,7,30,0.4545,0.26,0.35,0.0455,-0.13,-0.07,0.0136,0.0,-0.1864,-0.8151,-0.8205,0.8867,66
25,12,678.0,Medium*Medium*NoStarvation,30,Medium*Medium*NoStarvation,26.0,25.86,7,7,28,0.4242,0.2586,0.35,0.0424,-0.1293,-0.07,0.0127,0.0,-0.1866,-0.7894,-0.7973,0.8867,66
25,13,704.0,Medium*Medium*NoStarvation,10,Low*Medium*NoStarvation,25.86,7.71,7,7,8,0.3077,0.0771,0.35,0.0308,-0.0386,-0.07,0.0092,0.0,-0.0993,-0.7586,-0.764,0.8867,26
25,14,770.0,Low*Medium*NoStarvation,30,Medium*Medium*NoStarvation,7.71,27.43,7,7,30,0.4545,0.2743,0.35,0.0455,-0.1371,-0.07,0.0136,0.0,-0.1935,-0.8205,-0.8265,0.8867,66
25,15,796.0,Medium*Medium*NoStarvation,10,Low*Medium*NoStarvation,27.43,9.29,7,7,8,0.3077,0.0929,0.35,0.0308,-0.0464,-0.07,0.0092,0.0,-0.1072,-0.764,-0.7696,0.8867,26
25,16,842.0,Low*Medium*NoStarvation,20,Low*Medium*NoStarvation,9.29,17.0,7,7,20,0.4348,0.17,0.35,0.0435,-0.085,-0.07,0.013,0.0,-0.142,-0.828,-0.8307,0.8867,46
25,17,888.0,Low*Medium*NoStarvation,20,Low*Medium*NoStarvation,17.0,16.86,7,7,20,0.4348,0.1686,0.35,0.0435,-0.0843,-0.07,0.013,0.0,-0.1412,-0.8307,-0.8331,0.8867,46
25,18,984.0,Low*Medium*NoStarvation,45,Medium*Medium*NoStarvation,16.86,41.14,7,7,42,0.4375,0.4114,0.35,0.0437,-0.2057,-0.07,0.0131,0.0,-0.2626,-0.9143,-0.9184,0.8867,96
25,19,1010.0,Medium*Medium*NoStarvation,10,Low*Medium*NoStarvation,41.14,6.0,7,7,9,0.3462,0.06,0.35,0.0346,-0.03,-0.07,0.0104,0.0,-0.0896,-0.7696,-0.773,0.8867,26
25,20,1076.0,Low*Medium*NoStarvation,30,Medium*Medium*NoStarvation,6.0,25.71,7,7,16,0.2424,0.2571,0.35,0.0242,-0.1286,-0.07,0.0073,0.0,-0.1913,-0.8265,-0.8326,0.8867,66
25,21,1172.0,Medium*Medium*NoStarvation,45,Medium*Medium*NoStarvation,25.71,42.29,7,7,22,0.2292,0.4229,0.35,0.0229,-0.2114,-0.07,0.0069,0.0,-0.2746,-0.8282,-0.8424,0.8867,96
25,22,1238.0,Medium*Medium*NoStarvation,30,Medium*Medium*NoStarvation,42.29,27.0,7,7,15,0.2273,0.27,0.35,0.0227,-0.135,-0.07,0.0068,0.0,-0.1982,-0.7973,-0.807,0.8867,66
25,23,1284.0,Medium*Medium*NoStarvation,20,Low*Medium*NoStarvation,27.0,16.86,7,7,9,0.1957,0.1686,0.35,0.0196,-0.0843,-0.07,0.0059,0.0,-0.1484,-0.8294,-0.8326,0.8867,46
25,24,1330.0,Low*Medium*NoStarvation,20,Low*Medium*NoStarvation,16.86,15.14,7,7,10,0.2174,0.1514,0.35,0.0217,-0.0757,-0.07,0.0065,0.0,-0.1392,-0.8331,-0.835,0.8867,46
25,25,1376.0,Low*Medium*NoStarvation,20,Low*Medium*NoStarvation,15.14,16.57,7,7,10,0.2174,0.1657,0.35,0.0217,-0.0829,-0.07,0.0065,0.0,-0.1463,-0.835,-0.8375,0.8867,46
25,26,1472.0,Low*Medium*NoStarvation,45,Medium*Medium*NoStarvation,16.57,40.86,7,7,23,0.2396,0.4086,0.35,0.024,-0.2043,-0.07,0.0072,0.0,-0.2671,-0.9184,-0.9228,0.8867,96
25,27,1518.0,Medium*Medium*NoStarvation,20,Low*Medium*NoStarvation,40.86,15.86,7,7,10,0.2174,0.1586,0.35,0.0217,-0.0793,-0.07,0.0065,0.0,-0.1428,-0.8326,-0.8349,0.8867,46
25,28,1564.0,Low*Medium*NoStarvation,20,Low*Medium*NoStarvation,15.86,17.71,7,7,10,0.2174,0.1771,0.35,0.0217,-0.0886,-0.07,0.0065,0.0,-0.152,-0.8375,-0.8402,0.8867,46
25,29,1660.0,Low*Medium*NoStarvation,45,Medium*Medium*NoStarvation,17.71,42.43,7,7,22,0.2292,0.4243,0.35,0.0229,-0.2121,-0.07,0.0069,0.0,-0.2753,-0.9228,-0.9276,0.8867,96
25,30,1726.0,Medium*Medium*NoStarvation,30,Medium*Medium*NoStarvation,42.43,27.29,7,7,14,0.2121,0.2729,0.35,0.0212,-0.1364,-0.07,0.0064,0.0,-0.2001,-0.807,-0.8159,0.8867,66
25,31,1752.0,Medium*Medium*NoStarvation,10,Low*Medium*NoStarvation,27.29,6.14,7,7,5,0.1923,0.0614,0.35,0.0192,-0.0307,-0.07,0.0058,0.0,-0.0949,-0.773,-0.7765,0.8867,26
25,32,1798.0,Low*Medium*NoStarvation,20,Low*Medium*NoStarvation,6.14,15.86,7,7,10,0.2174,0.1586,0.35,0.0217,-0.0793,-0.07,0.0065,0.0,-0.1428,-0.8402,-0.8418,0.8867,46
25,33,1864.0,Low*Medium*NoStarvation,30,Medium*Medium*NoStarvation,15.86,25.86,7,7,15,0.2273,0.2586,0.35,0.0227,-0.1293,-0.07,0.0068,0.0,-0.1925,-0.8326,-0.8384,0.8867,66
25,34,1890.0,Medium*Medium*NoStarvation,10,Low*Medium*NoStarvation,25.86,6.71,7,7,5,0.1923,0.0671,0.35,0.0192,-0.0336,-0.07,0.0058,0.0,-0.0978,-0.7765,-0.7799,0.8867,26
25,35,1956.0,Low*Medium*NoStarvation,30,Medium*Medium*NoStarvation,6.71,24.86,7,7,15,0.2273,0.2486,0.35,0.0227,-0.1243,-0.07,0.0068,0.0,-0.1875,-0.8384,-0.8435,0.8867,66
25,36,2002.0,Medium*Medium*NoStarvation,20,Low*Medium*NoStarvation,24.86,16.57,7,7,10,0.2174,0.1657,0.35,0.0217,-0.0829,-0.07,0.0065,0.0,-0.1463,-0.8349,-0.8374,0.8867,46
25,37,2098.0,Low*Medium*NoStarvation,45,Medium*Medium*NoStarvation,16.57,39.86,7,7,23,0.2396,0.3986,0.35,0.024,-0.1993,-0.07,0.0072,0.0,-0.2621,-0.9276,-0.9313,0.8867,96
25,38,2194.0,Medium*Medium*NoStarvation,45,Medium*Medium*NoStarvation,39.86,40.14,7,7,23,0.2396,0.4014,0.35,0.024,-0.2007,-0.07,0.0072,0.0,-0.2635,-0.8424,-0.8547,0.8867,96
25,39,2220.0,Medium*Medium*NoStarvation,10,Low*Medium*NoStarvation,40.14,7.86,7,7,4,0.1538,0.0786,0.35,0.0154,-0.0393,-0.07,0.0046,0.0,-0.1047,-0.7799,-0.7837,0.8867,26
25,40,2266.0,Low*Medium*NoStarvation,20,Low*Medium*NoStarvation,7.86,16.43,7,7,10,0.2174,0.1643,0.35,0.0217,-0.0821,-0.07,0.0065,0.0,-0.1456,-0.8418,-0.8435,0.8867,46
25,41,2332.0,Low*Medium*NoStarvation,30,Medium*Medium*NoStarvation,16.43,26.14,7,7,15,0.2273,0.2614,0.35,0.0227,-0.1307,-0.07,0.0068,0.0,-0.1939,-0.8435,-0.8491,0.8867,66
25,42,2428.0,Medium*Medium*NoStarvation,45,Medium*Medium*NoStarvation,26.14,40.71,7,7,23,0.2396,0.4071,0.35,0.024,-0.2036,-0.07,0.0072,0.0,-0.2664,-0.8547,-0.8664,0.8867,96
25,43,2454.0,Medium*Medium*NoStarvation,10,Low*Medium*NoStarvation,40.71,8.57,7,7,4,0.1538,0.0857,0.35,0.0154,-0.0429,-0.07,0.0046,0.0,-0.1082,-0.7837,-0.7875,0.8867,26
25,44,2500.0,Low*Medium*NoStarvation,20,Low*Medium*NoStarvation,8.57,15.71,7,7,10,0.2174,0.1571,0.35,0.0217,-0.0786,-0.07,0.0065,0.0,-0.142,-0.8435,-0.8447,0.8867,46
25,45,2526.0,Low*Medium*NoStarvation,10,Low*Medium*NoStarvation,15.71,7.0,7,7,5,0.1923,0.07,0.35,0.0192,-0.035,-0.07,0.0058,0.0,-0.0992,-0.7925,-0.7945,0.8867,26
25,46,2552.0,Low*Medium*NoStarvation,10,Low*Medium*NoStarvation,7.0,6.14,7,7,5,0.1923,0.0614,0.35,0.0192,-0.0307,-0.07,0.0058,0.0,-0.0949,-0.7945,-0.796,0.8867,26
25,47,2578.0,Low*Medium*NoStarvation,10,Low*Medium*NoStarvation,6.14,7.71,7,7,5,0.1923,0.0771,0.35,0.0192,-0.0386,-0.07,0.0058,0.0,-0.1028,-0.796,-0.7984,0.8867,26
25,48,2624.0,Low*Medium*NoStarvation,20,Low*Medium*NoStarvation,7.71,16.14,7,7,10,0.2174,0.1614,0.35,0.0217,-0.0807,-0.07,0.0065,0.0,-0.1442,-0.8447,-0.8465,0.8867,46
25,49,2690.0,Low*Medium*NoStarvation,30,Medium*Low*NoStarvation,16.14,30.33,7,3,15,0.2273,0.3033,0.15,0.0227,-0.1517,-0.03,0.0068,0.0,-0.1748,-0.8491,-0.7817,0.8867,66
25,50,2702.0,Medium*Low*NoStarvation,45,Low*Low*NoStarvation,30.33,0.0,3,0,3,0.0312,0.0,0.0,0.0031,-0.0,-0.0,0.0009,0.0,0.0009,-0.002,-0.0209,0.8867,96
26,0,76.0,Low*Low*NoStarvation,10,Low*Medium*NoStarvation,0.83,6.71,2,7,11,0.4231,0.0671,0.35,0.0423,-0.0336,-0.07,0.0127,0.0,-0.0909,-0.2138,-0.2719,0.8822,26
26,1,142.0,Low*Medium*NoStarvation,30,Medium*Medium*NoStarvation,6.71,26.14,7,7,30,0.4545,0.2614,0.35,0.0455,-0.1307,-0.07,0.0136,0.0,-0.1871,-0.7817,-0.7931,0.8822,66
26,2,238.0,Medium*Medium*NoStarvation,45,Medium*Medium*NoStarvation,26.14,40.43,7,7,46,0.4792,0.4043,0.35,0.0479,-0.2021,-0.07,0.0144,0.0,-0.2578,-0.8664,-0.8764,0.8822,96
26,3,284.0,Medium*Medium*NoStarvation,20,Low*Medium*NoStarvation,40.43,15.71,7,7,20,0.4348,0.1571,0.35,0.0435,-0.0786,-0.07,0.013,0.0,-0.1355,-0.8374,-0.8386,0.8822,46
26,4,330.0,Low*Medium*NoStarvation,20,Low*Medium*NoStarvation,15.71,15.71,7,7,20,0.4348,0.1571,0.35,0.0435,-0.0786,-0.07,0.013,0.0,-0.1355,-0.8465,-0.8468,0.8822,46
26,5,426.0,Low*Medium*NoStarvation,45,Medium*Medium*NoStarvation,15.71,41.14,7,7,43,0.4479,0.4114,0.35,0.0448,-0.2057,-0.07,0.0134,0.0,-0.2623,-0.9313,-0.9352,0.8822,96
26,6,492.0,Medium*Medium*NoStarvation,30,Medium*Medium*NoStarvation,41.14,26.86,7,7,28,0.4242,0.2686,0.35,0.0424,-0.1343,-0.07,0.0127,0.0,-0.1916,-0.8159,-0.8243,0.8822,66
26,7,518.0,Medium*Medium*NoStarvation,10,Low*Medium*NoStarvation,26.86,5.71,7,7,10,0.3846,0.0571,0.35,0.0385,-0.0286,-0.07,0.0115,0.0,-0.087,-0.7875,-0.7888,0.8822,26
26,8,614.0,Low*Medium*NoStarvation,45,Medium*Medium*NoStarvation,5.71,41.86,7,7,42,0.4375,0.4186,0.35,0.0437,-0.2093,-0.07,0.0131,0.0,-0.2662,-0.9352,-0.9393,0.8822,96
26,9,640.0,Medium*Medium*NoStarvation,10,Low*Medium*NoStarvation,41.86,7.29,7,7,9,0.3462,0.0729,0.35,0.0346,-0.0364,-0.07,0.0104,0.0,-0.096,-0.7888,-0.7909,0.8822,26
26,10,736.0,Low*Medium*NoStarvation,45,Medium*Medium*NoStarvation,7.29,42.14,7,7,42,0.4375,0.4214,0.35,0.0437,-0.2107,-0.07,0.0131,0.0,-0.2676,-0.9393,-0.9433,0.8822,96
26,11,782.0,Medium*Medium*NoStarvation,20,Low*Medium*NoStarvation,42.14,17.0,7,7,19,0.413,0.17,0.35,0.0413,-0.085,-0.07,0.0124,0.0,-0.1426,-0.8386,-0.8404,0.8822,46
26,12,808.0,Low*Medium*NoStarvation,10,Low*Medium*NoStarvation,17.0,5.57,7,7,10,0.3846,0.0557,0.35,0.0385,-0.0279,-0.07,0.0115,0.0,-0.0863,-0.7984,-0.7985,0.8822,26
26,13,874.0,Low*Medium*NoStarvation,30,Medium*Medium*NoStarvation,5.57,26.29,7,7,29,0.4394,0.2629,0.35,0.0439,-0.1314,-0.07,0.0132,0.0,-0.1882,-0.7931,-0.8038,0.8822,66
26,14,900.0,Medium*Medium*NoStarvation,10,Low*Medium*NoStarvation,26.29,7.57,7,7,8,0.3077,0.0757,0.35,0.0308,-0.0379,-0.07,0.0092,0.0,-0.0986,-0.7909,-0.7936,0.8822,26
26,15,926.0,Low*Medium*NoStarvation,10,Low*Medium*NoStarvation,7.57,5.0,7,7,10,0.3846,0.05,0.35,0.0385,-0.025,-0.07,0.0115,0.0,-0.0835,-0.7985,-0.7989,0.8822,26
26,16,972.0,Low*Medium*NoStarvation,20,Low*Medium*NoStarvation,5.0,16.57,7,7,20,0.4348,0.1657,0.35,0.0435,-0.0829,-0.07,0.013,0.0,-0.1398,-0.8468,-0.848,0.8822,46
26,17,998.0,Low*Medium*NoStarvation,10,Low*Medium*NoStarvation,16.57,8.0,7,7,9,0.3462,0.08,0.35,0.0346,-0.04,-0.07,0.0104,0.0,-0.0996,-0.7989,-0.8009,0.8822,26
26,18,1024.0,Low*Medium*NoStarvation,10,Low*Medium*NoStarvation,8.0,6.14,7,7,8,0.3077,0.0614,0.35,0.0308,-0.0307,-0.07,0.0092,0.0,-0.0915,-0.8009,-0.802,0.8822,26
26,19,1090.0,Low*Medium*NoStarvation,30,Medium*Medium*NoStarvation,6.14,26.86,7,7,15,0.2273,0.2686,0.35,0.0227,-0.1343,-0.07,0.0068,0.0,-0.1975,-0.8038,-0.8146,0.8822,66
26,20,1136.0,Medium*Medium*NoStarvation,20,Low*Medium*NoStarvation,26.86,16.29,7,7,10,0.2174,0.1629,0.35,0.0217,-0.0814,-0.07,0.0065,0.0,-0.1449,-0.8404,-0.843,0.8822,46
26,21,1202.0,Low*Medium*NoStarvation,30,Medium*Medium*NoStarvation,16.29,27.0,7,7,15,0.2273,0.27,0.35,0.0227,-0.135,-0.07,0.0068,0.0,-0.1982,-0.8146,-0.8244,0.8822,66
26,22,1228.0,Medium*Medium*NoStarvation,10,Low*Medium*NoStarvation,27.0,6.71,7,7,5,0.1923,0.0671,0.35,0.0192,-0.0336,-0.07,0.0058,0.0,-0.0978,-0.7936,-0.7962,0.8822,26
26,23,1294.0,Low*Medium*NoStarvation,30,Medium*Medium*NoStarvation,6.71,25.71,7,7,15,0.2273,0.2571,0.35,0.0227,-0.1286,-0.07,0.0068,0.0,-0.1918,-0.8244,-0.8328,0.8822,66
26,24,1320.0,Medium*Medium*NoStarvation,10,Low*Medium*NoStarvation,25.71,7.86,7,7,4,0.1538,0.0786,0.35,0.0154,-0.0393,-0.07,0.0046,0.0,-0.1047,-0.7962,-0.7992,0.8822,26
26,25,1416.0,Low*Medium*NoStarvation,45,Medium*Medium*NoStarvation,7.86,41.29,7,7,23,0.2396,0.4129,0.35,0.024,-0.2064,-0.07,0.0072,0.0,-0.2692,-0.9433,-0.9479,0.8822,96
26,26,1442.0,Medium*Medium*NoStarvation,10,Low*Medium*NoStarvation,41.29,7.29,7,7,4,0.1538,0.0729,0.35,0.0154,-0.0364,-0.07,0.0046,0.0,-0.1018,-0.7992,-0.8017,0.8822,26
26,27,1508.0,Low*Medium*NoStarvation,30,Medium*Medium*NoStarvation,7.29,26.57,7,7,15,0.2273,0.2657,0.35,0.0227,-0.1329,-0.07,0.0068,0.0,-0.196,-0.8328,-0.8412,0.8822,66
26,28,1604.0,Medium*Medium*NoStarvation,45,Medium*Medium*NoStarvation,26.57,41.43,7,7,23,0.2396,0.4143,0.35,0.024,-0.2071,-0.07,0.0072,0.0,-0.27,-0.8764,-0.8879,0.8822,96
26,29,1630.0,Medium*Medium*NoStarvation,10,Low*Medium*NoStarvation,41.43,6.43,7,7,5,0.1923,0.0643,0.35,0.0192,-0.0321,-0.07,0.0058,0.0,-0.0964,-0.8017,-0.8033,0.8822,26
26,30,1656.0,Low*Medium*NoStarvation,10,Low*Medium*NoStarvation,6.43,7.86,7,7,4,0.1538,0.0786,0.35,0.0154,-0.0393,-0.07,0.0046,0.0,-0.1047,-0.802,-0.8045,0.8822,26
26,31,1682.0,Low*Medium*NoStarvation,10,Low*Medium*NoStarvation,7.86,6.29,7,7,5,0.1923,0.0629,0.35,0.0192,-0.0314,-0.07,0.0058,0.0,-0.0957,-0.8045,-0.806,0.8822,26
26,32,1708.0,Low*Medium*NoStarvation,10,Low*Medium*NoStarvation,6.29,5.86,7,7,5,0.1923,0.0586,0.35,0.0192,-0.0293,-0.07,0.0058,0.0,-0.0935,-0.806,-0.8073,0.8822,26
26,33,1754.0,Low*Medium*NoStarvation,20,Low*Medium*NoStarvation,5.86,15.29,7,7,10,0.2174,0.1529,0.35,0.0217,-0.0764,-0.07,0.0065,0.0,-0.1399,-0.848,-0.8498,0.8822,46
26,34,1850.0,Low*Medium*NoStarvation,45,Medium*Medium*NoStarvation,15.29,41.43,7,7,22,0.2292,0.4143,0.35,0.0229,-0.2071,-0.07,0.0069,0.0,-0.2703,-0.9479,-0.9524,0.8822,96
26,35,1896.0,Medium*Medium*NoStarvation,20,Low*Medium*NoStarvation,41.43,16.29,7,7,10,0.2174,0.1629,0.35,0.0217,-0.0814,-0.07,0.0065,0.0,-0.1449,-0.843,-0.8459,0.8822,46
26,36,1922.0,Low*Medium*NoStarvation,10,Low*Medium*NoStarvation,16.29,7.0,7,7,4,0.1538,0.07,0.35,0.0154,-0.035,-0.07,0.0046,0.0,-0.1004,-0.8073,-0.8092,0.8822,26
26,37,2018.0,Low*Medium*NoStarvation,45,Medium*Medium*NoStarvation,7.0,42.57,7,7,22,0.2292,0.4257,0.35,0.0229,-0.2129,-0.07,0.0069,0.0,-0.276,-0.9524,-0.9571,0.8822,96
26,38,2084.0,Medium*Medium*NoStarvation,30,Medium*Medium*NoStarvation,42.57,25.86,7,7,15,0.2273,0.2586,0.35,0.0227,-0.1293,-0.07,0.0068,0.0,-0.1925,-0.8243,-0.8334,0.8822,66
26,39,2110.0,Medium*Medium*NoStarvation,10,Low*Medium*NoStarvation,25.86,7.29,7,7,5,0.1923,0.0729,0.35,0.0192,-0.0364,-0.07,0.0058,0.0,-0.1007,-0.8033,-0.8059,0.8822,26
26,40,2136.0,Low*Medium*NoStarvation,10,Low*Medium*NoStarvation,7.29,8.29,7,7,4,0.1538,0.0829,0.35,0.0154,-0.0414,-0.07,0.0046,0.0,-0.1068,-0.8092,-0.8118,0.8822,26
26,41,2202.0,Low*Medium*NoStarvation,30,Medium*Medium*NoStarvation,8.29,26.0,7,7,15,0.2273,0.26,0.35,0.0227,-0.13,-0.07,0.0068,0.0,-0.1932,-0.8412,-0.849,0.8822,66
26,42,2248.0,Medium*Medium*NoStarvation,20,Low*Medium*NoStarvation,26.0,16.71,7,7,10,0.2174,0.1671,0.35,0.0217,-0.0836,-0.07,0.0065,0.0,-0.147,-0.8459,-0.849,0.8822,46
26,43,2344.0,Low*Medium*NoStarvation,45,Medium*Medium*NoStarvation,16.71,41.43,7,7,22,0.2292,0.4143,0.35,0.0229,-0.2071,-0.07,0.0069,0.0,-0.2703,-0.9571,-0.9609,0.8822,96
26,44,2410.0,Medium*Medium*NoStarvation,30,Medium*Medium*NoStarvation,41.43,25.71,7,7,15,0.2273,0.2571,0.35,0.0227,-0.1286,-0.07,0.0068,0.0,-0.1918,-0.8334,-0.8418,0.8822,66
26,45,2456.0,Medium*Medium*NoStarvation,20,Low*Medium*NoStarvation,25.71,15.14,7,7,10,0.2174,0.1514,0.35,0.0217,-0.0757,-0.07,0.0065,0.0,-0.1392,-0.849,-0.8511,0.8822,46
26,46,2502.0,Low*Medium*NoStarvation,20,Low*Medium*NoStarvation,15.14,17.0,7,7,9,0.1957,0.17,0.35,0.0196,-0.085,-0.07,0.0059,0.0,-0.1491,-0.8498,-0.8528,0.8822,46
26,47,2548.0,Low*Medium*NoStarvation,20,Low*Medium*NoStarvation,17.0,16.57,7,7,10,0.2174,0.1657,0.35,0.0217,-0.0829,-0.07,0.0065,0.0,-0.1463,-0.8528,-0.8552,0.8822,46
26,48,2644.0,Low*Medium*NoStarvation,45,Medium*Medium*NoStarvation,16.57,42.14,7,7,22,0.2292,0.4214,0.35,0.0229,-0.2107,-0.07,0.0069,0.0,-0.2738,-0.9609,-0.9647,0.8822,96
26,49,2679.0,Medium*Medium*NoStarvation,30,Low*Low*NoStarvation,42.14,0.0,7,0,14,0.2121,0.0,0.0,0.0212,-0.0,-0.0,0.0064,0.0,0.0064,-0.8418,-0.7768,0.8822,66
27,0,116.0,Low*Low*NoStarvation,30,Medium*Medium*NoStarvation,0.83,26.71,2,7,31,0.4697,0.2671,0.35,0.047,-0.1336,-0.07,0.0141,0.0,-0.1895,-0.3925,-0.4421,0.8778,66
27,1,212.0,Medium*Medium*NoStarvation,45,Medium*Medium*NoStarvation,26.71,41.0,7,7,46,0.4792,0.41,0.35,0.0479,-0.205,-0.07,0.0144,0.0,-0.2606,-0.8879,-0.8951,0.8778,96
27,2,308.0,Medium*Medium*NoStarvation,45,Medium*Medium*NoStarvation,41.0,41.43,7,7,45,0.4688,0.4143,0.35,0.0469,-0.2071,-0.07,0.0141,0.0,-0.2631,-0.8951,-0.9018,0.8778,96
27,3,374.0,Medium*Medium*NoStarvation,30,Medium*Medium*NoStarvation,41.43,27.71,7,7,28,0.4242,0.2771,0.35,0.0424,-0.1386,-0.07,0.0127,0.0,-0.1958,-0.7768,-0.7886,0.8778,66
27,4,420.0,Medium*Medium*NoStarvation,20,Low*Medium*NoStarvation,27.71,15.29,7,7,18,0.3913,0.1529,0.35,0.0391,-0.0764,-0.07,0.0117,0.0,-0.1347,-0.8511,-0.8525,0.8778,46
27,5,486.0,Low*Medium*NoStarvation,30,Medium*Medium*NoStarvation,15.29,26.43,7,7,29,0.4394,0.2643,0.35,0.0439,-0.1321,-0.07,0.0132,0.0,-0.189,-0.849,-0.8539,0.8778,66
27,6,532.0,Medium*Medium*NoStarvation,20,Low*Medium*NoStarvation,26.43,16.0,7,7,19,0.413,0.16,0.35,0.0413,-0.08,-0.07,0.0124,0.0,-0.1376,-0.8525,-0.8541,0.8778,46
27,7,558.0,Low*Medium*NoStarvation,10,Low*Medium*NoStarvation,16.0,7.43,7,7,10,0.3846,0.0743,0.35,0.0385,-0.0371,-0.07,0.0115,0.0,-0.0956,-0.8118,-0.8133,0.8778,26
27,8,604.0,Low*Medium*NoStarvation,20,Low*Medium*NoStarvation,7.43,14.86,7,7,20,0.4348,0.1486,0.35,0.0435,-0.0743,-0.07,0.013,0.0,-0.1312,-0.8552,-0.856,0.8778,46
27,9,700.0,Low*Medium*NoStarvation,45,Medium*Medium*NoStarvation,14.86,42.71,7,7,41,0.4271,0.4271,0.35,0.0427,-0.2136,-0.07,0.0128,0.0,-0.2708,-0.9647,-0.9663,0.8778,96
27,10,746.0,Medium*Medium*NoStarvation,20,Low*Medium*NoStarvation,42.71,16.0,7,7,19,0.413,0.16,0.35,0.0413,-0.08,-0.07,0.0124,0.0,-0.1376,-0.8541,-0.8557,0.8778,46
27,11,812.0,Low*Medium*NoStarvation,30,Medium*Medium*NoStarvation,16.0,26.71,7,7,27,0.4091,0.2671,0.35,0.0409,-0.1336,-0.07,0.0123,0.0,-0.1913,-0.8539,-0.8587,0.8778,66
27,12,908.0,Medium*Medium*NoStarvation,45,Medium*Medium*NoStarvation,26.71,40.71,7,7,43,0.4479,0.4071,0.35,0.0448,-0.2036,-0.07,0.0134,0.0,-0.2601,-0.9018,-0.9086,0.8778,96
27,13,934.0,Medium*Medium*NoStarvation,10,Low*Medium*NoStarvation,40.71,6.29,7,7,9,0.3462,0.0629,0.35,0.0346,-0.0314,-0.07,0.0104,0.0,-0.091,-0.8059,-0.8076,0.8778,26
27,14,1000.0,Low*Medium*NoStarvation,30,Medium*Medium*NoStarvation,6.29,25.29,7,7,30,0.4545,0.2529,0.35,0.0455,-0.1264,-0.07,0.0136,0.0,-0.1828,-0.8587,-0.862,0.8778,66
27,15,1026.0,Medium*Medium*NoStarvation,10,Low*Medium*NoStarvation,25.29,6.0,7,7,6,0.2308,0.06,0.35,0.0231,-0.03,-0.07,0.0069,0.0,-0.0931,-0.8076,-0.8093,0.8778,26
27,16,1052.0,Low*Medium*NoStarvation,10,Low*Medium*NoStarvation,6.0,8.29,7,7,4,0.1538,0.0829,0.35,0.0154,-0.0414,-0.07,0.0046,0.0,-0.1068,-0.8133,-0.8158,0.8778,26
27,17,1078.0,Low*Medium*NoStarvation,10,Low*Medium*NoStarvation,8.29,6.57,7,6,5,0.1923,0.0657,0.3,0.0192,-0.0329,-0.06,0.0058,0.0,-0.0871,-0.8158,-0.8164,0.8778,26
27,18,1124.0,Low*Medium*NoStarvation,20,Low*Medium*NoStarvation,6.57,16.43,6,7,10,0.2174,0.1643,0.35,0.0217,-0.0821,-0.07,0.0065,0.0,-0.1456,-0.856,-0.8585,0.8778,46
27,19,1190.0,Low*Medium*NoStarvation,30,Medium*Medium*NoStarvation,16.43,26.43,7,7,15,0.2273,0.2643,0.35,0.0227,-0.1321,-0.07,0.0068,0.0,-0.1953,-0.862,-0.8664,0.8778,66
27,20,1256.0,Medium*Medium*NoStarvation,30,Medium*Medium*NoStarvation,26.43,26.14,7,7,15,0.2273,0.2614,0.35,0.0227,-0.1307,-0.07,0.0068,0.0,-0.1939,-0.7886,-0.8001,0.8778,66
27,21,1322.0,Medium*Medium*NoStarvation,30,Medium*Medium*NoStarvation,26.14,26.29,7,7,15,0.2273,0.2629,0.35,0.0227,-0.1314,-0.07,0.0068,0.0,-0.1946,-0.8001,-0.8116,0.8778,66
27,22,1368.0,Medium*Medium*NoStarvation,20,Low*Medium*NoStarvation,26.29,16.57,7,7,10,0.2174,0.1657,0.35,0.0217,-0.0829,-0.07,0.0065,0.0,-0.1463,-0.8557,-0.8582,0.8778,46
27,23,1414.0,Low*Medium*NoStarvation,20,Low*Medium*NoStarvation,16.57,16.0,7,7,10,0.2174,0.16,0.35,0.0217,-0.08,-0.07,0.0065,0.0,-0.1435,-0.8585,-0.8604,0.8778,46
27,24,1460.0,Low*Medium*NoStarvation,20,Low*Medium*NoStarvation,16.0,14.86,7,7,10,0.2174,0.1486,0.35,0.0217,-0.0743,-0.07,0.0065,0.0,-0.1378,-0.8604,-0.8617,0.8778,46
27,25,1486.0,Low*Medium*NoStarvation,10,Low*Medium*NoStarvation,14.86,6.0,7,7,5,0.1923,0.06,0.35,0.0192,-0.03,-0.07,0.0058,0.0,-0.0942,-0.8164,-0.8176,0.8778,26
27,26,1512.0,Low*Medium*NoStarvation,10,Low*Medium*NoStarvation,6.0,5.86,7,7,5,0.1923,0.0586,0.35,0.0192,-0.0293,-0.07,0.0058,0.0,-0.0935,-0.8176,-0.8188,0.8778,26
27,27,1578.0,Low*Medium*NoStarvation,30,Medium*Medium*NoStarvation,5.86,25.14,7,7,16,0.2424,0.2514,0.35,0.0242,-0.1257,-0.07,0.0073,0.0,-0.1884,-0.8664,-0.8714,0.8778,66
27,28,1644.0,Medium*Medium*NoStarvation,30,Medium*Medium*NoStarvation,25.14,25.86,7,7,15,0.2273,0.2586,0.35,0.0227,-0.1293,-0.07,0.0068,0.0,-0.1925,-0.8116,-0.8225,0.8778,66
27,29,1670.0,Medium*Medium*NoStarvation,10,Low*Medium*NoStarvation,25.86,7.71,7,7,4,0.1538,0.0771,0.35,0.0154,-0.0386,-0.07,0.0046,0.0,-0.104,-0.8093,-0.8125,0.8778,26
27,30,1696.0,Low*Medium*NoStarvation,10,Low*Medium*NoStarvation,7.71,6.0,7,7,5,0.1923,0.06,0.35,0.0192,-0.03,-0.07,0.0058,0.0,-0.0942,-0.8188,-0.82,0.8778,26
27,31,1762.0,Low*Medium*NoStarvation,30,Medium*Medium*NoStarvation,6.0,26.14,7,7,15,0.2273,0.2614,0.35,0.0227,-0.1307,-0.07,0.0068,0.0,-0.1939,-0.8714,-0.8768,0.8778,66
27,32,1788.0,Medium*Medium*NoStarvation,10,Low*Medium*NoStarvation,26.14,7.57,7,7,4,0.1538,0.0757,0.35,0.0154,-0.0379,-0.07,0.0046,0.0,-0.1032,-0.8125,-0.8154,0.8778,26
27,33,1854.0,Low*Medium*NoStarvation,30,Medium*Medium*NoStarvation,7.57,26.29,7,7,15,0.2273,0.2629,0.35,0.0227,-0.1314,-0.07,0.0068,0.0,-0.1946,-0.8768,-0.8819,0.8778,66
27,34,1920.0,Medium*Medium*NoStarvation,30,Medium*Medium*NoStarvation,26.29,26.14,7,7,15,0.2273,0.2614,0.35,0.0227,-0.1307,-0.07,0.0068,0.0,-0.1939,-0.8225,-0.8331,0.8778,66
27,35,1986.0,Medium*Medium*NoStarvation,30,Medium*Medium*NoStarvation,26.14,25.14,7,7,15,0.2273,0.2514,0.35,0.0227,-0.1257,-0.07,0.0068,0.0,-0.1889,-0.8331,-0.842,0.8778,66
27,36,2082.0,Medium*Medium*NoStarvation,45,Medium*Medium*NoStarvation,25.14,42.57,7,7,22,0.2292,0.4257,0.35,0.0229,-0.2129,-0.07,0.0069,0.0,-0.276,-0.9086,-0.9187,0.8778,96
27,37,2178.0,Medium*Medium*NoStarvation,45,Medium*Medium*NoStarvation,42.57,39.86,7,7,23,0.2396,0.3986,0.35,0.024,-0.1993,-0.07,0.0072,0.0,-0.2621,-0.9187,-0.9265,0.8778,96
27,38,2274.0,Medium*Medium*NoStarvation,45,Medium*Medium*NoStarvation,39.86,41.71,7,7,23,0.2396,0.4171,0.35,0.024,-0.2086,-0.07,0.0072,0.0,-0.2714,-0.9265,-0.9343,0.8778,96
27,39,2340.0,Medium*Medium*NoStarvation,30,Medium*Medium*NoStarvation,41.71,26.43,7,7,15,0.2273,0.2643,0.35,0.0227,-0.1321,-0.07,0.0068,0.0,-0.1953,-0.842,-0.8507,0.8778,66
27,40,2406.0,Medium*Medium*NoStarvation,30,Medium*Medium*NoStarvation,26.43,25.14,7,7,15,0.2273,0.2514,0.35,0.0227,-0.1257,-0.07,0.0068,0.0,-0.1889,-0.8507,-0.8579,0.8778,66
27,41,2452.0,Medium*Medium*NoStarvation,20,Low*Medium*NoStarvation,25.14,16.0,7,7,10,0.2174,0.16,0.35,0.0217,-0.08,-0.07,0.0065,0.0,-0.1435,-0.8582,-0.8605,0.8778,46
27,42,2548.0,Low*Medium*NoStarvation,45,Medium*Medium*NoStarvation,16.0,41.57,7,7,23,0.2396,0.4157,0.35,0.024,-0.2079,-0.07,0.0072,0.0,-0.2707,-0.9663,-0.9701,0.8778,96
27,43,2594.0,Medium*Medium*NoStarvation,20,Low*Medium*NoStarvation,41.57,16.71,7,7,10,0.2174,0.1671,0.35,0.0217,-0.0836,-0.07,0.0065,0.0,-0.147,-0.8605,-0.863,0.8778,46
27,44,2620.0,Low*Medium*NoStarvation,10,Low*Medium*NoStarvation,16.71,7.67,7,6,5,0.1923,0.0767,0.3,0.0192,-0.0383,-0.06,0.0058,0.0,-0.0926,-0.82,-0.8211,0.8778,26
27,45,2639.0,Low*Medium*NoStarvation,20,Low*Low*NoStarvation,7.67,0.0,6,0,6,0.1304,0.0,0.0,0.013,-0.0,-0.0,0.0039,0.0,0.0039,-0.8617,-0.795,0.8778,46
28,0,76.0,Low*Low*NoStarvation,10,Low*Medium*NoStarvation,0.83,6.71,2,7,11,0.4231,0.0671,0.35,0.0423,-0.0336,-0.07,0.0127,0.0,-0.0909,-0.2719,-0.3253,0.8734,26
28,1,122.0,Low*Medium*NoStarvation,20,Low*Medium*NoStarvation,6.71,15.86,7,7,20,0.4348,0.1586,0.35,0.0435,-0.0793,-0.07,0.013,0.0,-0.1362,-0.795,-0.8006,0.8734,46
28,2,218.0,Low*Medium*NoStarvation,45,Medium*Medium*NoStarvation,15.86,40.14,7,7,46,0.4792,0.4014,0.35,0.0479,-0.2007,-0.07,0.0144,0.0,-0.2563,-0.9701,-0.9721,0.8734,96
28,3,284.0,Medium*Medium*NoStarvation,30,Medium*Medium*NoStarvation,40.14,26.14,7,7,30,0.4545,0.2614,0.35,0.0455,-0.1307,-0.07,0.0136,0.0,-0.1871,-0.8579,-0.8642,0.8734,66
28,4,310.0,Medium*Medium*NoStarvation,10,Low*Medium*NoStarvation,26.14,6.29,7,7,10,0.3846,0.0629,0.35,0.0385,-0.0314,-0.07,0.0115,0.0,-0.0899,-0.8154,-0.8149,0.8734,26
28,5,356.0,Low*Medium*NoStarvation,20,Low*Medium*NoStarvation,6.29,15.71,7,7,20,0.4348,0.1571,0.35,0.0435,-0.0786,-0.07,0.013,0.0,-0.1355,-0.8006,-0.8062,0.8734,46
28,6,422.0,Low*Medium*NoStarvation,30,Medium*Medium*NoStarvation,15.71,26.29,7,7,29,0.4394,0.2629,0.35,0.0439,-0.1314,-0.07,0.0132,0.0,-0.1882,-0.8819,-0.8859,0.8734,66
28,7,488.0,Medium*Medium*NoStarvation,30,Medium*Medium*NoStarvation,26.29,28.71,7,7,29,0.4394,0.2871,0.35,0.0439,-0.1436,-0.07,0.0132,0.0,-0.2004,-0.8642,-0.8712,0.8734,66
28,8,514.0,Medium*Medium*NoStarvation,10,Low*Medium*NoStarvation,28.71,7.86,7,8,9,0.3462,0.0786,0.4,0.0346,-0.0393,-0.08,0.0104,0.0,-0.1089,-0.8149,-0.8168,0.8734,26
28,9,610.0,Low*Medium*NoStarvation,45,Medium*Medium*NoStarvation,7.86,40.86,8,7,43,0.4479,0.4086,0.35,0.0448,-0.2043,-0.07,0.0134,0.0,-0.2608,-0.9721,-0.9745,0.8734,96
28,10,676.0,Medium*Medium*NoStarvation,30,Medium*Medium*NoStarvation,40.86,27.14,7,7,28,0.4242,0.2714,0.35,0.0424,-0.1357,-0.07,0.0127,0.0,-0.193,-0.8712,-0.8769,0.8734,66
28,11,772.0,Medium*Medium*NoStarvation,45,Medium*Medium*NoStarvation,27.14,40.57,7,7,42,0.4375,0.4057,0.35,0.0437,-0.2029,-0.07,0.0131,0.0,-0.2597,-0.9343,-0.9404,0.8734,96
28,12,838.0,Medium*Medium*NoStarvation,30,Medium*Medium*NoStarvation,40.57,27.14,7,7,28,0.4242,0.2714,0.35,0.0424,-0.1357,-0.07,0.0127,0.0,-0.193,-0.8769,-0.882,0.8734,66
28,13,904.0,Medium*Medium*NoStarvation,30,Medium*Medium*NoStarvation,27.14,26.14,7,7,28,0.4242,0.2614,0.35,0.0424,-0.1307,-0.07,0.0127,0.0,-0.188,-0.882,-0.8861,0.8734,66
28,14,950.0,Medium*Medium*NoStarvation,20,Low*Medium*NoStarvation,26.14,16.29,7,7,19,0.413,0.1629,0.35,0.0413,-0.0814,-0.07,0.0124,0.0,-0.139,-0.863,-0.8631,0.8734,46
28,15,1046.0,Low*Medium*NoStarvation,45,Medium*Medium*NoStarvation,16.29,42.0,7,7,33,0.3438,0.42,0.35,0.0344,-0.21,-0.07,0.0103,0.0,-0.2697,-0.9745,-0.9775,0.8734,96
28,16,1072.0,Medium*Medium*NoStarvation,10,Low*Medium*NoStarvation,42.0,6.86,7,7,5,0.1923,0.0686,0.35,0.0192,-0.0343,-0.07,0.0058,0.0,-0.0985,-0.8168,-0.8176,0.8734,26
28,17,1168.0,Low*Medium*NoStarvation,45,Medium*Medium*NoStarvation,6.86,42.14,7,7,22,0.2292,0.4214,0.35,0.0229,-0.2107,-0.07,0.0069,0.0,-0.2738,-0.9775,-0.9808,0.8734,96
28,18,1194.0,Medium*Medium*NoStarvation,10,Low*Medium*NoStarvation,42.14,5.57,7,7,5,0.1923,0.0557,0.35,0.0192,-0.0279,-0.07,0.0058,0.0,-0.0921,-0.8176,-0.8176,0.8734,26
28,19,1260.0,Low*Medium*NoStarvation,30,Medium*Medium*NoStarvation,5.57,26.14,7,7,15,0.2273,0.2614,0.35,0.0227,-0.1307,-0.07,0.0068,0.0,-0.1939,-0.8859,-0.8903,0.8734,66
28,20,1306.0,Medium*Medium*NoStarvation,20,Low*Medium*NoStarvation,26.14,16.43,7,7,10,0.2174,0.1643,0.35,0.0217,-0.0821,-0.07,0.0065,0.0,-0.1456,-0.8631,-0.8639,0.8734,46
28,21,1352.0,Low*Medium*NoStarvation,20,Low*Medium*NoStarvation,16.43,14.43,7,7,10,0.2174,0.1443,0.35,0.0217,-0.0721,-0.07,0.0065,0.0,-0.1356,-0.8062,-0.8117,0.8734,46
28,22,1418.0,Low*Medium*NoStarvation,30,Medium*Medium*NoStarvation,14.43,28.14,7,7,14,0.2121,0.2814,0.35,0.0212,-0.1407,-0.07,0.0064,0.0,-0.2044,-0.8903,-0.8953,0.8734,66
28,23,1514.0,Medium*Medium*NoStarvation,45,Medium*Medium*NoStarvation,28.14,41.71,7,7,22,0.2292,0.4171,0.35,0.0229,-0.2086,-0.07,0.0069,0.0,-0.2717,-0.9404,-0.9471,0.8734,96
28,24,1540.0,Medium*Medium*NoStarvation,10,Low*Medium*NoStarvation,41.71,7.29,7,7,5,0.1923,0.0729,0.35,0.0192,-0.0364,-0.07,0.0058,0.0,-0.1007,-0.8176,-0.8189,0.8734,26
28,25,1606.0,Low*Medium*NoStarvation,30,Medium*Medium*NoStarvation,7.29,26.14,7,7,15,0.2273,0.2614,0.35,0.0227,-0.1307,-0.07,0.0068,0.0,-0.1939,-0.8953,-0.8988,0.8734,66
28,26,1672.0,Medium*Medium*NoStarvation,30,Medium*Medium*NoStarvation,26.14,26.0,7,7,15,0.2273,0.26,0.35,0.0227,-0.13,-0.07,0.0068,0.0,-0.1932,-0.8861,-0.8905,0.8734,66
28,27,1768.0,Medium*Medium*NoStarvation,45,Medium*Medium*NoStarvation,26.0,40.43,7,7,23,0.2396,0.4043,0.35,0.024,-0.2021,-0.07,0.0072,0.0,-0.265,-0.9471,-0.9526,0.8734,96
28,28,1814.0,Medium*Medium*NoStarvation,20,Low*Medium*NoStarvation,40.43,16.57,7,7,10,0.2174,0.1657,0.35,0.0217,-0.0829,-0.07,0.0065,0.0,-0.1463,-0.8639,-0.8652,0.8734,46
28,29,1880.0,Low*Medium*NoStarvation,30,Medium*Medium*NoStarvation,16.57,26.29,7,7,16,0.2424,0.2629,0.35,0.0242,-0.1314,-0.07,0.0073,0.0,-0.1942,-0.8988,-0.9021,0.8734,66
28,30,1926.0,Medium*Medium*NoStarvation,20,Low*Medium*NoStarvation,26.29,17.29,7,7,10,0.2174,0.1729,0.35,0.0217,-0.0864,-0.07,0.0065,0.0,-0.1499,-0.8652,-0.8668,0.8734,46
28,31,1972.0,Low*Medium*NoStarvation,20,Low*Medium*NoStarvation,17.29,16.0,7,7,10,0.2174,0.16,0.35,0.0217,-0.08,-0.07,0.0065,0.0,-0.1435,-0.8117,-0.8179,0.8734,46
28,32,2038.0,Low*Medium*NoStarvation,30,Medium*Medium*NoStarvation,16.0,26.86,7,7,15,0.2273,0.2686,0.35,0.0227,-0.1343,-0.07,0.0068,0.0,-0.1975,-0.9021,-0.9053,0.8734,66
28,33,2134.0,Medium*Medium*NoStarvation,45,Medium*Medium*NoStarvation,26.86,40.57,7,7,23,0.2396,0.4057,0.35,0.024,-0.2029,-0.07,0.0072,0.0,-0.2657,-0.9526,-0.9576,0.8734,96
28,34,2160.0,Medium*Medium*NoStarvation,10,Low*Medium*NoStarvation,40.57,6.14,7,7,5,0.1923,0.0614,0.35,0.0192,-0.0307,-0.07,0.0058,0.0,-0.0949,-0.8189,-0.8201,0.8734,26
28,35,2186.0,Low*Medium*NoStarvation,10,Low*Medium*NoStarvation,6.14,7.14,7,7,4,0.1538,0.0714,0.35,0.0154,-0.0357,-0.07,0.0046,0.0,-0.1011,-0.8211,-0.8227,0.8734,26
28,36,2232.0,Low*Medium*NoStarvation,20,Low*Medium*NoStarvation,7.14,16.57,7,7,10,0.2174,0.1657,0.35,0.0217,-0.0829,-0.07,0.0065,0.0,-0.1463,-0.8179,-0.8244,0.8734,46
28,37,2328.0,Low*Medium*NoStarvation,45,Medium*Medium*NoStarvation,16.57,40.71,7,7,23,0.2396,0.4071,0.35,0.024,-0.2036,-0.07,0.0072,0.0,-0.2664,-0.9808,-0.9831,0.8734,96
28,38,2354.0,Medium*Medium*NoStarvation,10,Low*Medium*NoStarvation,40.71,7.71,7,7,4,0.1538,0.0771,0.35,0.0154,-0.0386,-0.07,0.0046,0.0,-0.104,-0.8201,-0.8226,0.8734,26
28,39,2380.0,Low*Medium*NoStarvation,10,Low*Medium*NoStarvation,7.71,8.14,7,7,4,0.1538,0.0814,0.35,0.0154,-0.0407,-0.07,0.0046,0.0,-0.1061,-0.8227,-0.8251,0.8734,26
28,40,2426.0,Low*Medium*NoStarvation,20,Low*Medium*NoStarvation,8.14,16.86,7,7,10,0.2174,0.1686,0.35,0.0217,-0.0843,-0.07,0.0065,0.0,-0.1478,-0.8244,-0.8309,0.8734,46
28,41,2492.0,Low*Medium*NoStarvation,30,Medium*Medium*NoStarvation,16.86,25.29,7,7,15,0.2273,0.2529,0.35,0.0227,-0.1264,-0.07,0.0068,0.0,-0.1896,-0.9053,-0.9078,0.8734,66
28,42,2588.0,Medium*Medium*NoStarvation,45,Medium*Medium*NoStarvation,25.29,41.29,7,7,22,0.2292,0.4129,0.35,0.0229,-0.2064,-0.07,0.0069,0.0,-0.2696,-0.9576,-0.9628,0.8734,96
28,43,2621.0,Medium*Medium*NoStarvation,30,Low*Low*NoStarvation,41.29,0.0,7,0,14,0.2121,0.0,0.0,0.0212,-0.0,-0.0,0.0064,0.0,0.0064,-0.8905,-0.8207,0.8734,66
29,0,76.0,Low*Low*NoStarvation,10,Low*Medium*NoStarvation,0.83,6.71,2,7,11,0.4231,0.0671,0.35,0.0423,-0.0336,-0.07,0.0127,0.0,-0.0909,-0.3253,-0.3761,0.8691,26
29,1,122.0,Low*Medium*NoStarvation,20,Low*Medium*NoStarvation,6.71,15.86,7,7,20,0.4348,0.1586,0.35,0.0435,-0.0793,-0.07,0.013,0.0,-0.1362,-0.8309,-0.8357,0.8691,46
29,2,148.0,Low*Medium*NoStarvation,10,Low*Medium*NoStarvation,15.86,7.93,7,8,10,0.3846,0.0793,0.4,0.0385,-0.0396,-0.08,0.0115,0.0,-0.1081,-0.8251,-0.8277,0.8691,26
29,3,174.0,Low*Medium*NoStarvation,10,Low*Medium*NoStarvation,7.93,7.29,8,7,8,0.3077,0.0729,0.35,0.0308,-0.0364,-0.07,0.0092,0.0,-0.0972,-0.8277,-0.8291,0.8691,26
29,4,200.0,Low*Medium*NoStarvation,10,Low*Medium*NoStarvation,7.29,8.39,7,8,9,0.3462,0.0839,0.4,0.0346,-0.042,-0.08,0.0104,0.0,-0.1116,-0.8291,-0.832,0.8691,26
29,5,226.0,Low*Medium*NoStarvation,10,Low*Medium*NoStarvation,8.39,6.79,8,8,9,0.3462,0.0679,0.4,0.0346,-0.0339,-0.08,0.0104,0.0,-0.1035,-0.832,-0.834,0.8691,26
29,6,252.0,Low*Medium*NoStarvation,10,Low*Medium*NoStarvation,6.79,8.11,8,8,7,0.2692,0.0811,0.4,0.0269,-0.0405,-0.08,0.0081,0.0,-0.1125,-0.834,-0.8369,0.8691,26
29,7,278.0,Low*Medium*NoStarvation,10,Low*Medium*NoStarvation,8.11,6.0,8,6,10,0.3846,0.06,0.3,0.0385,-0.03,-0.06,0.0115,0.0,-0.0785,-0.8369,-0.8363,0.8691,26
29,8,324.0,Low*Medium*NoStarvation,20,Low*Medium*NoStarvation,6.0,15.86,6,7,20,0.4348,0.1586,0.35,0.0435,-0.0793,-0.07,0.013,0.0,-0.1362,-0.8357,-0.841,0.8691,46
29,9,350.0,Low*Medium*NoStarvation,10,Low*Medium*NoStarvation,15.86,6.57,7,7,8,0.3077,0.0657,0.35,0.0308,-0.0329,-0.07,0.0092,0.0,-0.0936,-0.8363,-0.8373,0.8691,26
29,10,376.0,Low*Medium*NoStarvation,10,Low*Medium*NoStarvation,6.57,9.0,7,7,9,0.3462,0.09,0.35,0.0346,-0.045,-0.07,0.0104,0.0,-0.1046,-0.8373,-0.8394,0.8691,26
29,11,442.0,Low*Medium*NoStarvation,30,Medium*Medium*NoStarvation,9.0,26.29,7,7,30,0.4545,0.2629,0.35,0.0455,-0.1314,-0.07,0.0136,0.0,-0.1878,-0.9078,-0.9096,0.8691,66
29,12,468.0,Medium*Medium*NoStarvation,10,Low*Medium*NoStarvation,26.29,5.43,7,7,9,0.3462,0.0543,0.35,0.0346,-0.0271,-0.07,0.0104,0.0,-0.0868,-0.8226,-0.8245,0.8691,26
29,13,494.0,Low*Medium*NoStarvation,10,Low*Medium*NoStarvation,5.43,5.71,7,7,10,0.3846,0.0571,0.35,0.0385,-0.0286,-0.07,0.0115,0.0,-0.087,-0.8394,-0.8397,0.8691,26
29,14,540.0,Low*Medium*NoStarvation,20,Low*Medium*NoStarvation,5.71,16.0,7,7,20,0.4348,0.16,0.35,0.0435,-0.08,-0.07,0.013,0.0,-0.137,-0.841,-0.8461,0.8691,46
29,15,566.0,Low*Medium*NoStarvation,10,Low*Medium*NoStarvation,16.0,7.14,7,7,9,0.3462,0.0714,0.35,0.0346,-0.0357,-0.07,0.0104,0.0,-0.0953,-0.8397,-0.8408,0.8691,26
29,16,612.0,Low*Medium*NoStarvation,20,Low*Medium*NoStarvation,7.14,17.86,7,7,20,0.4348,0.1786,0.35,0.0435,-0.0893,-0.07,0.013,0.0,-0.1462,-0.8461,-0.8518,0.8691,46
29,17,638.0,Low*Medium*NoStarvation,10,Low*Medium*NoStarvation,17.86,7.43,7,7,8,0.3077,0.0743,0.35,0.0308,-0.0371,-0.07,0.0092,0.0,-0.0979,-0.8408,-0.8422,0.8691,26
29,18,704.0,Low*Medium*NoStarvation,30,Medium*Medium*NoStarvation,7.43,27.0,7,7,30,0.4545,0.27,0.35,0.0455,-0.135,-0.07,0.0136,0.0,-0.1914,-0.9096,-0.9117,0.8691,66
29,19,800.0,Medium*Medium*NoStarvation,45,Medium*Medium*NoStarvation,27.0,41.71,7,7,44,0.4583,0.4171,0.35,0.0458,-0.2086,-0.07,0.0137,0.0,-0.2648,-0.9628,-0.9669,0.8691,96
29,20,866.0,Medium*Medium*NoStarvation,30,Medium*Medium*NoStarvation,41.71,27.29,7,7,31,0.4697,0.2729,0.35,0.047,-0.1364,-0.07,0.0141,0.0,-0.1923,-0.8207,-0.8317,0.8691,66
29,21,962.0,Medium*Medium*NoStarvation,45,Medium*Medium*NoStarvation,27.29,42.43,7,7,45,0.4688,0.4243,0.35,0.0469,-0.2121,-0.07,0.0141,0.0,-0.2681,-0.9669,-0.9712,0.8691,96
29,22,1058.0,Medium*Medium*NoStarvation,45,Medium*Medium*NoStarvation,42.43,39.43,7,7,33,0.3438,0.3943,0.35,0.0344,-0.1971,-0.07,0.0103,0.0,-0.2568,-0.9712,-0.974,0.8691,96
29,23,1124.0,Medium*Medium*NoStarvation,30,Medium*Medium*NoStarvation,39.43,25.86,7,7,15,0.2273,0.2586,0.35,0.0227,-0.1293,-0.07,0.0068,0.0,-0.1925,-0.8317,-0.842,0.8691,66
29,24,1190.0,Medium*Medium*NoStarvation,30,Medium*Medium*NoStarvation,25.86,26.14,7,7,15,0.2273,0.2614,0.35,0.0227,-0.1307,-0.07,0.0068,0.0,-0.1939,-0.842,-0.8514,0.8691,66
29,25,1286.0,Medium*Medium*NoStarvation,45,Medium*Medium*NoStarvation,26.14,41.71,7,7,22,0.2292,0.4171,0.35,0.0229,-0.2086,-0.07,0.0069,0.0,-0.2717,-0.974,-0.978,0.8691,96
29,26,1352.0,Medium*Medium*NoStarvation,30,Medium*Medium*NoStarvation,41.71,26.29,7,7,15,0.2273,0.2629,0.35,0.0227,-0.1314,-0.07,0.0068,0.0,-0.1946,-0.8514,-0.8599,0.8691,66
29,27,1448.0,Medium*Medium*NoStarvation,45,Medium*Medium*NoStarvation,26.29,40.14,7,7,22,0.2292,0.4014,0.35,0.0229,-0.2007,-0.07,0.0069,0.0,-0.2638,-0.978,-0.9808,0.8691,96
29,28,1544.0,Medium*Medium*NoStarvation,45,Medium*Medium*NoStarvation,40.14,41.71,7,7,22,0.2292,0.4171,0.35,0.0229,-0.2086,-0.07,0.0069,0.0,-0.2717,-0.9808,-0.9841,0.8691,96
29,29,1590.0,Medium*Medium*NoStarvation,20,Low*Medium*NoStarvation,41.71,15.43,7,7,10,0.2174,0.1543,0.35,0.0217,-0.0771,-0.07,0.0065,0.0,-0.1406,-0.8668,-0.8699,0.8691,46
29,30,1686.0,Low*Medium*NoStarvation,45,Medium*Medium*NoStarvation,15.43,42.0,7,7,22,0.2292,0.42,0.35,0.0229,-0.21,-0.07,0.0069,0.0,-0.2731,-0.9831,-0.9863,0.8691,96
29,31,1782.0,Medium*Medium*NoStarvation,45,Medium*Medium*NoStarvation,42.0,41.57,7,7,22,0.2292,0.4157,0.35,0.0229,-0.2079,-0.07,0.0069,0.0,-0.271,-0.9841,-0.987,0.8691,96
29,32,1848.0,Medium*Medium*NoStarvation,30,Medium*Medium*NoStarvation,41.57,26.29,7,7,15,0.2273,0.2629,0.35,0.0227,-0.1314,-0.07,0.0068,0.0,-0.1946,-0.8599,-0.8676,0.8691,66
29,33,1894.0,Medium*Medium*NoStarvation,20,Low*Medium*NoStarvation,26.29,17.86,7,7,10,0.2174,0.1786,0.35,0.0217,-0.0893,-0.07,0.0065,0.0,-0.1528,-0.8699,-0.874,0.8691,46
29,34,1990.0,Low*Medium*NoStarvation,45,Medium*Medium*NoStarvation,17.86,40.29,7,7,23,0.2396,0.4029,0.35,0.024,-0.2014,-0.07,0.0072,0.0,-0.2642,-0.9863,-0.9883,0.8691,96
29,35,2036.0,Medium*Medium*NoStarvation,20,Low*Medium*NoStarvation,40.29,15.86,7,7,10,0.2174,0.1586,0.35,0.0217,-0.0793,-0.07,0.0065,0.0,-0.1428,-0.874,-0.8767,0.8691,46
29,36,2132.0,Low*Medium*NoStarvation,45,Medium*Medium*NoStarvation,15.86,41.43,7,7,23,0.2396,0.4143,0.35,0.024,-0.2071,-0.07,0.0072,0.0,-0.27,-0.9883,-0.9907,0.8691,96
29,37,2228.0,Medium*Medium*NoStarvation,45,Medium*Medium*NoStarvation,41.43,42.86,7,7,22,0.2292,0.4286,0.35,0.0229,-0.2143,-0.07,0.0069,0.0,-0.2774,-0.987,-0.9902,0.8691,96
29,38,2274.0,Medium*Medium*NoStarvation,20,Low*Medium*NoStarvation,42.86,16.57,7,7,10,0.2174,0.1657,0.35,0.0217,-0.0829,-0.07,0.0065,0.0,-0.1463,-0.8767,-0.8795,0.8691,46
29,39,2370.0,Low*Medium*NoStarvation,45,Medium*Medium*NoStarvation,16.57,40.43,7,7,23,0.2396,0.4043,0.35,0.024,-0.2021,-0.07,0.0072,0.0,-0.265,-0.9907,-0.9923,0.8691,96
29,40,2396.0,Medium*Medium*NoStarvation,10,Low*Medium*NoStarvation,40.43,6.29,7,7,5,0.1923,0.0629,0.35,0.0192,-0.0314,-0.07,0.0058,0.0,-0.0957,-0.8245,-0.8274,0.8691,26
29,41,2422.0,Low*Medium*NoStarvation,10,Low*Medium*NoStarvation,6.29,5.86,7,7,5,0.1923,0.0586,0.35,0.0192,-0.0293,-0.07,0.0058,0.0,-0.0935,-0.8422,-0.8431,0.8691,26
29,42,2518.0,Low*Medium*NoStarvation,45,Medium*Medium*NoStarvation,5.86,40.86,7,7,23,0.2396,0.4086,0.35,0.024,-0.2043,-0.07,0.0072,0.0,-0.2671,-0.9923,-0.9943,0.8691,96
29,43,2564.0,Medium*Medium*NoStarvation,20,Low*Medium*NoStarvation,40.86,16.0,7,7,10,0.2174,0.16,0.35,0.0217,-0.08,-0.07,0.0065,0.0,-0.1435,-0.8795,-0.8817,0.8691,46
29,44,2590.0,Low*Medium*NoStarvation,10,Low*Medium*NoStarvation,16.0,8.43,7,7,4,0.1538,0.0843,0.35,0.0154,-0.0421,-0.07,0.0046,0.0,-0.1075,-0.8431,-0.8454,0.8691,26
29,45,2656.0,Low*Medium*NoStarvation,30,Medium*Medium*NoStarvation,8.43,28.71,7,7,14,0.2121,0.2871,0.35,0.0212,-0.1436,-0.07,0.0064,0.0,-0.2072,-0.9117,-0.9157,0.8691,66
29,46,2682.0,Medium*Medium*NoStarvation,10,Low*Low*NoStarvation,28.71,8.25,7,4,5,0.1923,0.0825,0.2,0.0192,-0.0413,-0.04,0.0058,0.0,-0.0755,-0.8274,-0.7721,0.8691,26
29,47,2696.0,Low*Low*NoStarvation,10,Low*Low*NoStarvation,8.25,0.0,4,0,4,0.1538,0.0,0.0,0.0154,-0.0,-0.0,0.0046,0.0,0.0046,-0.3761,-0.3579,0.8691,26
30,0,96.0,Low*Low*NoStarvation,20,Low*Medium*NoStarvation,0.83,16.14,2,7,21,0.4565,0.1614,0.35,0.0457,-0.0807,-0.07,0.0137,0.0,-0.137,-0.2206,-0.2884,0.8647,46
30,1,162.0,Low*Medium*NoStarvation,30,Medium*Medium*NoStarvation,16.14,26.0,7,7,30,0.4545,0.26,0.35,0.0455,-0.13,-0.07,0.0136,0.0,-0.1864,-0.9157,-0.9123,0.8647,66
30,2,228.0,Medium*Medium*NoStarvation,30,Medium*Medium*NoStarvation,26.0,26.29,7,7,30,0.4545,0.2629,0.35,0.0455,-0.1314,-0.07,0.0136,0.0,-0.1878,-0.8676,-0.8691,0.8647,66
30,3,274.0,Medium*Medium*NoStarvation,20,Low*Medium*NoStarvation,26.29,16.0,7,7,20,0.4348,0.16,0.35,0.0435,-0.08,-0.07,0.013,0.0,-0.137,-0.8817,-0.8833,0.8647,46
30,4,300.0,Low*Medium*NoStarvation,10,Low*Medium*NoStarvation,16.0,6.86,7,7,9,0.3462,0.0686,0.35,0.0346,-0.0343,-0.07,0.0104,0.0,-0.0939,-0.8454,-0.8464,0.8647,26
30,5,366.0,Low*Medium*NoStarvation,30,Medium*Medium*NoStarvation,6.86,25.86,7,7,30,0.4545,0.2586,0.35,0.0455,-0.1293,-0.07,0.0136,0.0,-0.1856,-0.9123,-0.9091,0.8647,66
30,6,432.0,Medium*Medium*NoStarvation,30,Medium*Medium*NoStarvation,25.86,25.57,7,7,30,0.4545,0.2557,0.35,0.0455,-0.1279,-0.07,0.0136,0.0,-0.1842,-0.8691,-0.8701,0.8647,66
30,7,498.0,Medium*Medium*NoStarvation,30,Medium*Medium*NoStarvation,25.57,25.0,7,7,30,0.4545,0.25,0.35,0.0455,-0.125,-0.07,0.0136,0.0,-0.1814,-0.8701,-0.8707,0.8647,66
30,8,564.0,Medium*Medium*NoStarvation,30,Medium*Medium*NoStarvation,25.0,26.71,7,7,28,0.4242,0.2671,0.35,0.0424,-0.1336,-0.07,0.0127,0.0,-0.1908,-0.8707,-0.8722,0.8647,66
30,9,610.0,Medium*Medium*NoStarvation,20,Low*Medium*NoStarvation,26.71,16.0,7,7,19,0.413,0.16,0.35,0.0413,-0.08,-0.07,0.0124,0.0,-0.1376,-0.8833,-0.8849,0.8647,46
30,10,706.0,Low*Medium*NoStarvation,45,Medium*Medium*NoStarvation,16.0,42.57,7,7,41,0.4271,0.4257,0.35,0.0427,-0.2129,-0.07,0.0128,0.0,-0.27,-0.9943,-0.9913,0.8647,96
30,11,752.0,Medium*Medium*NoStarvation,20,Low*Medium*NoStarvation,42.57,17.0,7,7,19,0.413,0.17,0.35,0.0413,-0.085,-0.07,0.0124,0.0,-0.1426,-0.8849,-0.8869,0.8647,46
30,12,778.0,Low*Medium*NoStarvation,10,Low*Medium*NoStarvation,17.0,8.57,7,7,8,0.3077,0.0857,0.35,0.0308,-0.0429,-0.07,0.0092,0.0,-0.1036,-0.8464,-0.8483,0.8647,26
30,13,824.0,Low*Medium*NoStarvation,20,Low*Medium*NoStarvation,8.57,15.29,7,7,20,0.4348,0.1529,0.35,0.0435,-0.0764,-0.07,0.013,0.0,-0.1334,-0.8518,-0.8563,0.8647,46
30,14,850.0,Low*Medium*NoStarvation,10,Low*Medium*NoStarvation,15.29,6.29,7,7,10,0.3846,0.0629,0.35,0.0385,-0.0314,-0.07,0.0115,0.0,-0.0899,-0.8483,-0.8488,0.8647,26
30,15,896.0,Low*Medium*NoStarvation,20,Low*Medium*NoStarvation,6.29,16.57,7,7,20,0.4348,0.1657,0.35,0.0435,-0.0829,-0.07,0.013,0.0,-0.1398,-0.8563,-0.8611,0.8647,46
30,16,922.0,Low*Medium*NoStarvation,10,Low*Medium*NoStarvation,16.57,6.29,7,7,10,0.3846,0.0629,0.35,0.0385,-0.0314,-0.07,0.0115,0.0,-0.0899,-0.8488,-0.8493,0.8647,26
30,17,948.0,Low*Medium*NoStarvation,10,Low*Medium*NoStarvation,6.29,6.57,7,7,10,0.3846,0.0657,0.35,0.0385,-0.0329,-0.07,0.0115,0.0,-0.0913,-0.8493,-0.8499,0.8647,26
30,18,994.0,Low*Medium*NoStarvation,20,Low*Medium*NoStarvation,6.57,16.43,7,7,19,0.413,0.1643,0.35,0.0413,-0.0821,-0.07,0.0124,0.0,-0.1398,-0.8611,-0.8654,0.8647,46
30,19,1020.0,Low*Medium*NoStarvation,10,Low*Medium*NoStarvation,16.43,6.14,7,7,8,0.3077,0.0614,0.35,0.0308,-0.0307,-0.07,0.0092,0.0,-0.0915,-0.8499,-0.8506,0.8647,26
30,20,1046.0,Low*Medium*NoStarvation,10,Low*Medium*NoStarvation,6.14,6.29,7,7,5,0.1923,0.0629,0.35,0.0192,-0.0314,-0.07,0.0058,0.0,-0.0957,-0.8506,-0.8516,0.8647,26
30,21,1092.0,Low*Medium*NoStarvation,20,Low*Medium*NoStarvation,6.29,16.71,7,7,10,0.2174,0.1671,0.35,0.0217,-0.0836,-0.07,0.0065,0.0,-0.147,-0.8654,-0.8702,0.8647,46
30,22,1138.0,Low*Medium*NoStarvation,20,Low*Medium*NoStarvation,16.71,17.71,7,7,10,0.2174,0.1771,0.35,0.0217,-0.0886,-0.07,0.0065,0.0,-0.152,-0.8702,-0.8751,0.8647,46
30,23,1184.0,Low*Medium*NoStarvation,20,Low*Medium*NoStarvation,17.71,16.86,7,7,10,0.2174,0.1686,0.35,0.0217,-0.0843,-0.07,0.0065,0.0,-0.1478,-0.8751,-0.879,0.8647,46
30,24,1250.0,Low*Medium*NoStarvation,30,Medium*Medium*NoStarvation,16.86,26.43,7,7,15,0.2273,0.2643,0.35,0.0227,-0.1321,-0.07,0.0068,0.0,-0.1953,-0.9091,-0.9072,0.8647,66
30,25,1346.0,Medium*Medium*NoStarvation,45,Medium*Medium*NoStarvation,26.43,40.71,7,7,22,0.2292,0.4071,0.35,0.0229,-0.2036,-0.07,0.0069,0.0,-0.2667,-0.9902,-0.9873,0.8647,96
30,26,1372.0,Medium*Medium*NoStarvation,10,Low*Medium*NoStarvation,40.71,7.86,7,7,4,0.1538,0.0786,0.35,0.0154,-0.0393,-0.07,0.0046,0.0,-0.1047,-0.7721,-0.782,0.8647,26
30,27,1418.0,Low*Medium*NoStarvation,20,Low*Medium*NoStarvation,7.86,14.71,7,7,10,0.2174,0.1471,0.35,0.0217,-0.0736,-0.07,0.0065,0.0,-0.137,-0.879,-0.8814,0.8647,46
30,28,1444.0,Low*Medium*NoStarvation,10,Low*Medium*NoStarvation,14.71,8.14,7,7,4,0.1538,0.0814,0.35,0.0154,-0.0407,-0.07,0.0046,0.0,-0.1061,-0.8516,-0.8537,0.8647,26
30,29,1490.0,Low*Medium*NoStarvation,20,Low*Medium*NoStarvation,8.14,15.57,7,7,10,0.2174,0.1557,0.35,0.0217,-0.0779,-0.07,0.0065,0.0,-0.1413,-0.8814,-0.8843,0.8647,46
30,30,1536.0,Low*Medium*NoStarvation,20,Low*Medium*NoStarvation,15.57,17.86,7,7,10,0.2174,0.1786,0.35,0.0217,-0.0893,-0.07,0.0065,0.0,-0.1528,-0.8843,-0.8879,0.8647,46
30,31,1602.0,Low*Medium*NoStarvation,30,Medium*Medium*NoStarvation,17.86,26.29,7,7,15,0.2273,0.2629,0.35,0.0227,-0.1314,-0.07,0.0068,0.0,-0.1946,-0.9072,-0.9063,0.8647,66
30,32,1668.0,Medium*Medium*NoStarvation,30,Medium*Medium*NoStarvation,26.29,25.0,7,7,15,0.2273,0.25,0.35,0.0227,-0.125,-0.07,0.0068,0.0,-0.1882,-0.8722,-0.8742,0.8647,66
30,33,1764.0,Medium*Medium*NoStarvation,45,Medium*Medium*NoStarvation,25.0,41.57,7,7,22,0.2292,0.4157,0.35,0.0229,-0.2079,-0.07,0.0069,0.0,-0.271,-0.9873,-0.9861,0.8647,96
30,34,1790.0,Medium*Medium*NoStarvation,10,Low*Medium*NoStarvation,41.57,5.14,7,7,5,0.1923,0.0514,0.35,0.0192,-0.0257,-0.07,0.0058,0.0,-0.0899,-0.782,-0.7896,0.8647,26
30,35,1836.0,Low*Medium*NoStarvation,20,Low*Medium*NoStarvation,5.14,18.43,7,7,9,0.1957,0.1843,0.35,0.0196,-0.0921,-0.07,0.0059,0.0,-0.1563,-0.8879,-0.8916,0.8647,46
30,36,1932.0,Low*Medium*NoStarvation,45,Medium*Medium*NoStarvation,18.43,41.86,7,7,23,0.2396,0.4186,0.35,0.024,-0.2093,-0.07,0.0072,0.0,-0.2721,-0.9913,-0.9905,0.8647,96
30,37,1958.0,Medium*Medium*NoStarvation,10,Low*Medium*NoStarvation,41.86,8.29,7,7,4,0.1538,0.0829,0.35,0.0154,-0.0414,-0.07,0.0046,0.0,-0.1068,-0.7896,-0.7982,0.8647,26
30,38,1984.0,Low*Medium*NoStarvation,10,Low*Medium*NoStarvation,8.29,9.43,7,7,4,0.1538,0.0943,0.35,0.0154,-0.0471,-0.07,0.0046,0.0,-0.1125,-0.8537,-0.8564,0.8647,26
30,39,2030.0,Low*Medium*NoStarvation,20,Low*Medium*NoStarvation,9.43,16.43,7,7,10,0.2174,0.1643,0.35,0.0217,-0.0821,-0.07,0.0065,0.0,-0.1456,-0.8916,-0.8941,0.8647,46
30,40,2056.0,Low*Medium*NoStarvation,10,Low*Medium*NoStarvation,16.43,6.0,7,7,5,0.1923,0.06,0.35,0.0192,-0.03,-0.07,0.0058,0.0,-0.0942,-0.8564,-0.8573,0.8647,26
30,41,2102.0,Low*Medium*NoStarvation,20,Low*Medium*NoStarvation,6.0,16.86,7,7,10,0.2174,0.1686,0.35,0.0217,-0.0843,-0.07,0.0065,0.0,-0.1478,-0.8941,-0.8966,0.8647,46
30,42,2128.0,Low*Medium*NoStarvation,10,Low*Medium*NoStarvation,16.86,5.14,7,6,5,0.1923,0.0514,0.3,0.0192,-0.0257,-0.06,0.0058,0.0,-0.0799,-0.8573,-0.8567,0.8647,26
30,43,2194.0,Low*Medium*NoStarvation,30,Medium*Medium*NoStarvation,5.14,25.86,6,7,15,0.2273,0.2586,0.35,0.0227,-0.1293,-0.07,0.0068,0.0,-0.1925,-0.9063,-0.9068,0.8647,66
30,44,2220.0,Medium*Medium*NoStarvation,10,Low*Medium*NoStarvation,25.86,6.14,7,6,5,0.1923,0.0614,0.3,0.0192,-0.0307,-0.06,0.0058,0.0,-0.0849,-0.7982,-0.804,0.8647,26
30,45,2266.0,Low*Medium*NoStarvation,20,Low*Medium*NoStarvation,6.14,16.57,6,7,10,0.2174,0.1657,0.35,0.0217,-0.0829,-0.07,0.0065,0.0,-0.1463,-0.8966,-0.8987,0.8647,46
30,46,2312.0,Low*Medium*NoStarvation,20,Low*Medium*NoStarvation,16.57,15.71,7,7,10,0.2174,0.1571,0.35,0.0217,-0.0786,-0.07,0.0065,0.0,-0.142,-0.8987,-0.9001,0.8647,46
30,47,2408.0,Low*Medium*NoStarvation,45,Medium*Medium*NoStarvation,15.71,41.86,7,7,22,0.2292,0.4186,0.35,0.0229,-0.2093,-0.07,0.0069,0.0,-0.2724,-0.9905,-0.991,0.8647,96
30,48,2434.0,Medium*Medium*NoStarvation,10,Low*Medium*NoStarvation,41.86,8.86,7,7,4,0.1538,0.0886,0.35,0.0154,-0.0443,-0.07,0.0046,0.0,-0.1097,-0.804,-0.8116,0.8647,26
30,49,2480.0,Low*Medium*NoStarvation,20,Low*Medium*NoStarvation,8.86,17.86,7,7,9,0.1957,0.1786,0.35,0.0196,-0.0893,-0.07,0.0059,0.0,-0.1534,-0.9001,-0.9026,0.8647,46
30,50,2546.0,Low*Medium*NoStarvation,30,Medium*Medium*NoStarvation,17.86,26.57,7,7,15,0.2273,0.2657,0.35,0.0227,-0.1329,-0.07,0.0068,0.0,-0.196,-0.9068,-0.9087,0.8647,66
30,51,2572.0,Medium*Medium*NoStarvation,10,Low*Medium*NoStarvation,26.57,6.86,7,7,5,0.1923,0.0686,0.35,0.0192,-0.0343,-0.07,0.0058,0.0,-0.0985,-0.8116,-0.8174,0.8647,26
30,52,2598.0,Low*Medium*NoStarvation,10,Low*Medium*NoStarvation,6.86,7.0,7,7,5,0.1923,0.07,0.35,0.0192,-0.035,-0.07,0.0058,0.0,-0.0992,-0.8567,-0.8581,0.8647,26
30,53,2664.0,Low*Medium*NoStarvation,30,Medium*Medium*NoStarvation,7.0,26.14,7,7,15,0.2273,0.2614,0.35,0.0227,-0.1307,-0.07,0.0068,0.0,-0.1939,-0.9087,-0.9108,0.8647,66
30,54,2704.0,Medium*Medium*NoStarvation,45,Low*Low*NoStarvation,26.14,0.0,7,0,17,0.1771,0.0,0.0,0.0177,-0.0,-0.0,0.0053,0.0,0.0053,-0.9861,-0.9129,0.8647,96
31,0,76.0,Low*Low*NoStarvation,10,Low*Medium*NoStarvation,0.83,6.71,2,7,11,0.4231,0.0671,0.35,0.0423,-0.0336,-0.07,0.0127,0.0,-0.0909,-0.3579,-0.4084,0.8604,26
31,1,102.0,Low*Medium*NoStarvation,10,Low*Medium*NoStarvation,6.71,8.43,7,7,8,0.3077,0.0843,0.35,0.0308,-0.0421,-0.07,0.0092,0.0,-0.1029,-0.8581,-0.8598,0.8604,26
31,2,148.0,Low*Medium*NoStarvation,20,Low*Medium*NoStarvation,8.43,15.71,7,7,20,0.4348,0.1571,0.35,0.0435,-0.0786,-0.07,0.013,0.0,-0.1355,-0.9026,-0.9032,0.8604,46
31,3,174.0,Low*Medium*NoStarvation,10,Low*Medium*NoStarvation,15.71,6.0,7,7,10,0.3846,0.06,0.35,0.0385,-0.03,-0.07,0.0115,0.0,-0.0885,-0.8598,-0.86,0.8604,26
31,4,240.0,Low*Medium*NoStarvation,30,Medium*Medium*NoStarvation,6.0,25.71,7,7,30,0.4545,0.2571,0.35,0.0455,-0.1286,-0.07,0.0136,0.0,-0.1849,-0.9108,-0.9118,0.8604,66
31,5,266.0,Medium*Medium*NoStarvation,10,Low*Medium*NoStarvation,25.71,5.86,7,6,10,0.3846,0.0586,0.3,0.0385,-0.0293,-0.06,0.0115,0.0,-0.0777,-0.8174,-0.8209,0.8604,26
31,6,292.0,Low*Medium*NoStarvation,10,Low*Medium*NoStarvation,5.86,9.21,6,8,8,0.3077,0.0921,0.4,0.0308,-0.0461,-0.08,0.0092,0.0,-0.1168,-0.86,-0.8631,0.8604,26
31,7,388.0,Low*Medium*NoStarvation,45,Medium*Medium*NoStarvation,9.21,40.43,8,7,46,0.4792,0.4043,0.35,0.0479,-0.2021,-0.07,0.0144,0.0,-0.2578,-0.991,-0.9916,0.8604,96
31,8,454.0,Medium*Medium*NoStarvation,30,Medium*Medium*NoStarvation,40.43,25.0,7,7,31,0.4697,0.25,0.35,0.047,-0.125,-0.07,0.0141,0.0,-0.1809,-0.8742,-0.8788,0.8604,66
31,9,520.0,Medium*Medium*NoStarvation,30,Medium*Medium*NoStarvation,25.0,25.43,7,7,30,0.4545,0.2543,0.35,0.0455,-0.1271,-0.07,0.0136,0.0,-0.1835,-0.8788,-0.8831,0.8604,66
31,10,566.0,Medium*Medium*NoStarvation,20,Low*Medium*NoStarvation,25.43,17.57,7,7,20,0.4348,0.1757,0.35,0.0435,-0.0879,-0.07,0.013,0.0,-0.1448,-0.8869,-0.8904,0.8604,46
31,11,592.0,Low*Medium*NoStarvation,10,Low*Medium*NoStarvation,17.57,6.57,7,7,10,0.3846,0.0657,0.35,0.0385,-0.0329,-0.07,0.0115,0.0,-0.0913,-0.8631,-0.8636,0.8604,26
31,12,658.0,Low*Medium*NoStarvation,30,Medium*Medium*NoStarvation,6.57,26.43,7,7,29,0.4394,0.2643,0.35,0.0439,-0.1321,-0.07,0.0132,0.0,-0.189,-0.9118,-0.9134,0.8604,66
31,13,754.0,Medium*Medium*NoStarvation,45,Medium*Medium*NoStarvation,26.43,40.14,7,7,42,0.4375,0.4014,0.35,0.0437,-0.2007,-0.07,0.0131,0.0,-0.2576,-0.9129,-0.9212,0.8604,96
31,14,800.0,Medium*Medium*NoStarvation,20,Low*Medium*NoStarvation,40.14,16.43,7,7,19,0.413,0.1643,0.35,0.0413,-0.0821,-0.07,0.0124,0.0,-0.1398,-0.8904,-0.893,0.8604,46
31,15,896.0,Low*Medium*NoStarvation,45,Medium*Medium*NoStarvation,16.43,42.86,7,7,41,0.4271,0.4286,0.35,0.0427,-0.2143,-0.07,0.0128,0.0,-0.2715,-0.9916,-0.9935,0.8604,96
31,16,962.0,Medium*Medium*NoStarvation,30,Medium*Medium*NoStarvation,42.86,26.0,7,7,28,0.4242,0.26,0.35,0.0424,-0.13,-0.07,0.0127,0.0,-0.1873,-0.8831,-0.8874,0.8604,66
31,17,1008.0,Medium*Medium*NoStarvation,20,Low*Medium*NoStarvation,26.0,16.43,7,7,19,0.413,0.1643,0.35,0.0413,-0.0821,-0.07,0.0124,0.0,-0.1398,-0.893,-0.8954,0.8604,46
31,18,1104.0,Low*Medium*NoStarvation,45,Medium*Medium*NoStarvation,16.43,41.29,7,7,22,0.2292,0.4129,0.35,0.0229,-0.2064,-0.07,0.0069,0.0,-0.2696,-0.9935,-0.9949,0.8604,96
31,19,1170.0,Medium*Medium*NoStarvation,30,Medium*Medium*NoStarvation,41.29,25.57,7,7,15,0.2273,0.2557,0.35,0.0227,-0.1279,-0.07,0.0068,0.0,-0.191,-0.8874,-0.8916,0.8604,66
31,20,1266.0,Medium*Medium*NoStarvation,45,Medium*Medium*NoStarvation,25.57,43.29,7,7,22,0.2292,0.4329,0.35,0.0229,-0.2164,-0.07,0.0069,0.0,-0.2796,-0.9212,-0.931,0.8604,96
31,21,1332.0,Medium*Medium*NoStarvation,30,Medium*Medium*NoStarvation,43.29,26.43,7,7,15,0.2273,0.2643,0.35,0.0227,-0.1321,-0.07,0.0068,0.0,-0.1953,-0.8916,-0.8959,0.8604,66
31,22,1428.0,Medium*Medium*NoStarvation,45,Medium*Medium*NoStarvation,26.43,41.57,7,7,22,0.2292,0.4157,0.35,0.0229,-0.2079,-0.07,0.0069,0.0,-0.271,-0.931,-0.9388,0.8604,96
31,23,1524.0,Medium*Medium*NoStarvation,45,Medium*Medium*NoStarvation,41.57,42.71,7,7,22,0.2292,0.4271,0.35,0.0229,-0.2136,-0.07,0.0069,0.0,-0.2767,-0.9388,-0.9465,0.8604,96
31,24,1620.0,Medium*Medium*NoStarvation,45,Medium*Medium*NoStarvation,42.71,42.29,7,7,22,0.2292,0.4229,0.35,0.0229,-0.2114,-0.07,0.0069,0.0,-0.2746,-0.9465,-0.9532,0.8604,96
31,25,1646.0,Medium*Medium*NoStarvation,10,Low*Medium*NoStarvation,42.29,5.86,7,7,5,0.1923,0.0586,0.35,0.0192,-0.0293,-0.07,0.0058,0.0,-0.0935,-0.8209,-0.8259,0.8604,26
31,26,1742.0,Low*Medium*NoStarvation,45,Medium*Medium*NoStarvation,5.86,39.86,7,7,23,0.2396,0.3986,0.35,0.024,-0.1993,-0.07,0.0072,0.0,-0.2621,-0.9949,-0.996,0.8604,96
31,27,1768.0,Medium*Medium*NoStarvation,10,Low*Medium*NoStarvation,39.86,8.43,7,7,4,0.1538,0.0843,0.35,0.0154,-0.0421,-0.07,0.0046,0.0,-0.1075,-0.8259,-0.8318,0.8604,26
31,28,1814.0,Low*Medium*NoStarvation,20,Low*Medium*NoStarvation,8.43,16.14,7,7,10,0.2174,0.1614,0.35,0.0217,-0.0807,-0.07,0.0065,0.0,-0.1442,-0.9032,-0.9051,0.8604,46
31,29,1860.0,Low*Medium*NoStarvation,20,Low*Medium*NoStarvation,16.14,16.14,7,7,10,0.2174,0.1614,0.35,0.0217,-0.0807,-0.07,0.0065,0.0,-0.1442,-0.9051,-0.9067,0.8604,46
31,30,1926.0,Low*Medium*NoStarvation,30,Medium*Medium*NoStarvation,16.14,25.14,7,7,16,0.2424,0.2514,0.35,0.0242,-0.1257,-0.07,0.0073,0.0,-0.1884,-0.9134,-0.9158,0.8604,66
31,31,1972.0,Medium*Medium*NoStarvation,20,Low*Medium*NoStarvation,25.14,16.43,7,7,10,0.2174,0.1643,0.35,0.0217,-0.0821,-0.07,0.0065,0.0,-0.1456,-0.8954,-0.8982,0.8604,46
31,32,1998.0,Low*Medium*NoStarvation,10,Low*Medium*NoStarvation,16.43,7.14,7,7,4,0.1538,0.0714,0.35,0.0154,-0.0357,-0.07,0.0046,0.0,-0.1011,-0.8636,-0.8651,0.8604,26
31,33,2024.0,Low*Medium*NoStarvation,10,Low*Medium*NoStarvation,7.14,6.14,7,7,5,0.1923,0.0614,0.35,0.0192,-0.0307,-0.07,0.0058,0.0,-0.0949,-0.8651,-0.8659,0.8604,26
31,34,2050.0,Low*Medium*NoStarvation,10,Low*Medium*NoStarvation,6.14,9.14,7,7,4,0.1538,0.0914,0.35,0.0154,-0.0457,-0.07,0.0046,0.0,-0.1111,-0.8659,-0.8684,0.8604,26
31,35,2116.0,Low*Medium*NoStarvation,30,Medium*Medium*NoStarvation,9.14,26.29,7,7,15,0.2273,0.2629,0.35,0.0227,-0.1314,-0.07,0.0068,0.0,-0.1946,-0.9158,-0.9185,0.8604,66
31,36,2162.0,Medium*Medium*NoStarvation,20,Low*Medium*NoStarvation,26.29,15.57,7,7,10,0.2174,0.1557,0.35,0.0217,-0.0779,-0.07,0.0065,0.0,-0.1413,-0.8982,-0.9006,0.8604,46
31,37,2228.0,Low*Medium*NoStarvation,30,Medium*Medium*NoStarvation,15.57,25.43,7,7,15,0.2273,0.2543,0.35,0.0227,-0.1271,-0.07,0.0068,0.0,-0.1903,-0.9185,-0.9205,0.8604,66
31,38,2324.0,Medium*Medium*NoStarvation,45,Medium*Medium*NoStarvation,25.43,40.43,7,7,23,0.2396,0.4043,0.35,0.024,-0.2021,-0.07,0.0072,0.0,-0.265,-0.9532,-0.9592,0.8604,96
31,39,2370.0,Medium*Medium*NoStarvation,20,Low*Medium*NoStarvation,40.43,15.57,7,7,10,0.2174,0.1557,0.35,0.0217,-0.0779,-0.07,0.0065,0.0,-0.1413,-0.9006,-0.9029,0.8604,46
31,40,2396.0,Low*Medium*NoStarvation,10,Low*Medium*NoStarvation,15.57,7.0,7,7,4,0.1538,0.07,0.35,0.0154,-0.035,-0.07,0.0046,0.0,-0.1004,-0.8684,-0.8697,0.8604,26
31,41,2442.0,Low*Medium*NoStarvation,20,Low*Medium*NoStarvation,7.0,16.57,7,7,10,0.2174,0.1657,0.35,0.0217,-0.0829,-0.07,0.0065,0.0,-0.1463,-0.9067,-0.9089,0.8604,46
31,42,2508.0,Low*Medium*NoStarvation,30,Medium*Medium*NoStarvation,16.57,27.86,7,7,15,0.2273,0.2786,0.35,0.0227,-0.1393,-0.07,0.0068,0.0,-0.2025,-0.9205,-0.9236,0.8604,66
31,43,2534.0,Medium*Medium*NoStarvation,10,Low*Medium*NoStarvation,27.86,8.86,7,7,4,0.1538,0.0886,0.35,0.0154,-0.0443,-0.07,0.0046,0.0,-0.1097,-0.8318,-0.8378,0.8604,26
31,44,2630.0,Low*Medium*NoStarvation,45,Medium*Medium*NoStarvation,8.86,41.57,7,7,23,0.2396,0.4157,0.35,0.024,-0.2079,-0.07,0.0072,0.0,-0.2707,-0.996,-0.9989,0.8604,96
31,45,2654.0,Medium*Medium*NoStarvation,45,Low*Low*NoStarvation,41.57,0.0,7,0,9,0.0938,0.0,0.0,0.0094,-0.0,-0.0,0.0028,0.0,0.0028,-0.9592,-0.889,0.8604,96
32,0,96.0,Low*Low*NoStarvation,20,Low*Medium*NoStarvation,0.83,16.14,2,7,21,0.4565,0.1614,0.35,0.0457,-0.0807,-0.07,0.0137,0.0,-0.137,-0.2884,-0.3515,0.8561,46
32,1,192.0,Low*Medium*NoStarvation,45,Medium*Medium*NoStarvation,16.14,39.71,7,7,46,0.4792,0.3971,0.35,0.0479,-0.1986,-0.07,0.0144,0.0,-0.2542,-0.9989,-0.9998,0.8561,96
32,2,218.0,Medium*Medium*NoStarvation,10,Low*Medium*NoStarvation,39.71,8.71,7,7,9,0.3462,0.0871,0.35,0.0346,-0.0436,-0.07,0.0104,0.0,-0.1032,-0.8378,-0.8426,0.8561,26
32,3,264.0,Low*Medium*NoStarvation,20,Low*Medium*NoStarvation,8.71,15.86,7,7,20,0.4348,0.1586,0.35,0.0435,-0.0793,-0.07,0.013,0.0,-0.1362,-0.9089,-0.9099,0.8561,46
32,4,360.0,Low*Medium*NoStarvation,45,Medium*Medium*NoStarvation,15.86,40.14,7,7,45,0.4688,0.4014,0.35,0.0469,-0.2007,-0.07,0.0141,0.0,-0.2567,-0.9998,-1.0013,0.8561,96
32,5,386.0,Medium*Medium*NoStarvation,10,Low*Medium*NoStarvation,40.14,6.14,7,7,7,0.2692,0.0614,0.35,0.0269,-0.0307,-0.07,0.0081,0.0,-0.0926,-0.8426,-0.8459,0.8561,26
32,6,412.0,Low*Medium*NoStarvation,10,Low*Medium*NoStarvation,6.14,7.68,7,8,8,0.3077,0.0768,0.4,0.0308,-0.0384,-0.08,0.0092,0.0,-0.1092,-0.8697,-0.872,0.8561,26
32,7,458.0,Low*Medium*NoStarvation,20,Low*Medium*NoStarvation,7.68,16.86,8,7,20,0.4348,0.1686,0.35,0.0435,-0.0843,-0.07,0.013,0.0,-0.1412,-0.9099,-0.9116,0.8561,46
32,8,484.0,Low*Medium*NoStarvation,10,Low*Medium*NoStarvation,16.86,5.96,7,7,10,0.3846,0.0596,0.35,0.0385,-0.0298,-0.07,0.0115,0.0,-0.0883,-0.872,-0.8721,0.8561,26
32,9,510.0,Low*Medium*NoStarvation,10,Low*Medium*NoStarvation,5.96,6.0,7,6,9,0.3462,0.06,0.3,0.0346,-0.03,-0.06,0.0104,0.0,-0.0796,-0.8721,-0.8713,0.8561,26
32,10,576.0,Low*Medium*NoStarvation,30,Medium*Medium*NoStarvation,6.0,27.0,6,7,29,0.4394,0.27,0.35,0.0439,-0.135,-0.07,0.0132,0.0,-0.1918,-0.9236,-0.9265,0.8561,66
32,11,672.0,Medium*Medium*NoStarvation,45,Medium*Medium*NoStarvation,27.0,41.0,7,7,44,0.4583,0.41,0.35,0.0458,-0.205,-0.07,0.0137,0.0,-0.2612,-0.889,-0.9023,0.8561,96
32,12,738.0,Medium*Medium*NoStarvation,30,Medium*Medium*NoStarvation,41.0,25.86,7,7,29,0.4394,0.2586,0.35,0.0439,-0.1293,-0.07,0.0132,0.0,-0.1861,-0.8959,-0.901,0.8561,66
32,13,784.0,Medium*Medium*NoStarvation,20,Low*Medium*NoStarvation,25.86,15.57,7,7,19,0.413,0.1557,0.35,0.0413,-0.0779,-0.07,0.0124,0.0,-0.1355,-0.9029,-0.9045,0.8561,46
32,14,810.0,Low*Medium*NoStarvation,10,Low*Medium*NoStarvation,15.57,9.43,7,8,8,0.3077,0.0943,0.4,0.0308,-0.0471,-0.08,0.0092,0.0,-0.1179,-0.8713,-0.8744,0.8561,26
32,15,876.0,Low*Medium*NoStarvation,30,Medium*Medium*NoStarvation,9.43,26.71,8,7,28,0.4242,0.2671,0.35,0.0424,-0.1336,-0.07,0.0127,0.0,-0.1908,-0.9265,-0.9291,0.8561,66
32,16,942.0,Medium*Medium*NoStarvation,30,Medium*Medium*NoStarvation,26.71,26.86,7,7,28,0.4242,0.2686,0.35,0.0424,-0.1343,-0.07,0.0127,0.0,-0.1916,-0.901,-0.9062,0.8561,66
32,17,988.0,Medium*Medium*NoStarvation,20,Low*Medium*NoStarvation,26.86,16.86,7,7,19,0.413,0.1686,0.35,0.0413,-0.0843,-0.07,0.0124,0.0,-0.1419,-0.9045,-0.907,0.8561,46
32,18,1084.0,Low*Medium*NoStarvation,45,Medium*Medium*NoStarvation,16.86,42.43,7,7,26,0.2708,0.4243,0.35,0.0271,-0.2121,-0.07,0.0081,0.0,-0.274,-1.0013,-1.0047,0.8561,96
32,19,1110.0,Medium*Medium*NoStarvation,10,Low*Medium*NoStarvation,42.43,6.57,7,7,5,0.1923,0.0657,0.35,0.0192,-0.0329,-0.07,0.0058,0.0,-0.0971,-0.8459,-0.8497,0.8561,26
32,20,1136.0,Low*Medium*NoStarvation,10,Low*Medium*NoStarvation,6.57,5.43,7,7,5,0.1923,0.0543,0.35,0.0192,-0.0271,-0.07,0.0058,0.0,-0.0914,-0.8744,-0.8748,0.8561,26
32,21,1162.0,Low*Medium*NoStarvation,10,Low*Medium*NoStarvation,5.43,8.29,7,7,4,0.1538,0.0829,0.35,0.0154,-0.0414,-0.07,0.0046,0.0,-0.1068,-0.8748,-0.8767,0.8561,26
32,22,1188.0,Low*Medium*NoStarvation,10,Low*Medium*NoStarvation,8.29,7.0,7,7,4,0.1538,0.07,0.35,0.0154,-0.035,-0.07,0.0046,0.0,-0.1004,-0.8767,-0.878,0.8561,26
32,23,1284.0,Low*Medium*NoStarvation,45,Medium*Medium*NoStarvation,7.0,41.86,7,7,22,0.2292,0.4186,0.35,0.0229,-0.2093,-0.07,0.0069,0.0,-0.2724,-1.0047,-1.008,0.8561,96
32,24,1310.0,Medium*Medium*NoStarvation,10,Low*Medium*NoStarvation,41.86,5.86,7,7,5,0.1923,0.0586,0.35,0.0192,-0.0293,-0.07,0.0058,0.0,-0.0935,-0.8497,-0.8531,0.8561,26
32,25,1336.0,Low*Medium*NoStarvation,10,Low*Medium*NoStarvation,5.86,9.14,7,7,4,0.1538,0.0914,0.35,0.0154,-0.0457,-0.07,0.0046,0.0,-0.1111,-0.878,-0.8803,0.8561,26
32,26,1362.0,Low*Medium*NoStarvation,10,Low*Medium*NoStarvation,9.14,8.57,7,7,4,0.1538,0.0857,0.35,0.0154,-0.0429,-0.07,0.0046,0.0,-0.1082,-0.8803,-0.8823,0.8561,26
32,27,1388.0,Low*Medium*NoStarvation,10,Low*Medium*NoStarvation,8.57,7.57,7,7,4,0.1538,0.0757,0.35,0.0154,-0.0379,-0.07,0.0046,0.0,-0.1032,-0.8823,-0.8838,0.8561,26
32,28,1414.0,Low*Medium*NoStarvation,10,Low*Medium*NoStarvation,7.57,7.43,7,7,4,0.1538,0.0743,0.35,0.0154,-0.0371,-0.07,0.0046,0.0,-0.1025,-0.8838,-0.8853,0.8561,26
32,29,1510.0,Low*Medium*NoStarvation,45,Medium*Medium*NoStarvation,7.43,41.29,7,7,22,0.2292,0.4129,0.35,0.0229,-0.2064,-0.07,0.0069,0.0,-0.2696,-1.008,-1.0109,0.8561,96
32,30,1556.0,Medium*Medium*NoStarvation,20,Low*Medium*NoStarvation,41.29,16.0,7,7,10,0.2174,0.16,0.35,0.0217,-0.08,-0.07,0.0065,0.0,-0.1435,-0.907,-0.9103,0.8561,46
32,31,1602.0,Low*Medium*NoStarvation,20,Low*Medium*NoStarvation,16.0,16.14,7,7,10,0.2174,0.1614,0.35,0.0217,-0.0807,-0.07,0.0065,0.0,-0.1442,-0.9116,-0.9145,0.8561,46
32,32,1648.0,Low*Medium*NoStarvation,20,Low*Medium*NoStarvation,16.14,16.0,7,7,10,0.2174,0.16,0.35,0.0217,-0.08,-0.07,0.0065,0.0,-0.1435,-0.9145,-0.9171,0.8561,46
32,33,1674.0,Low*Medium*NoStarvation,10,Low*Medium*NoStarvation,16.0,8.86,7,7,4,0.1538,0.0886,0.35,0.0154,-0.0443,-0.07,0.0046,0.0,-0.1097,-0.8853,-0.8874,0.8561,26
32,34,1770.0,Low*Medium*NoStarvation,45,Medium*Medium*NoStarvation,8.86,41.86,7,7,22,0.2292,0.4186,0.35,0.0229,-0.2093,-0.07,0.0069,0.0,-0.2724,-1.0109,-1.0138,0.8561,96
32,35,1866.0,Medium*Medium*NoStarvation,45,Medium*Medium*NoStarvation,41.86,39.86,7,7,23,0.2396,0.3986,0.35,0.024,-0.1993,-0.07,0.0072,0.0,-0.2621,-0.9023,-0.9151,0.8561,96
32,36,1892.0,Medium*Medium*NoStarvation,10,Low*Medium*NoStarvation,39.86,6.14,7,7,5,0.1923,0.0614,0.35,0.0192,-0.0307,-0.07,0.0058,0.0,-0.0949,-0.8531,-0.8572,0.8561,26
32,37,1958.0,Low*Medium*NoStarvation,30,Medium*Medium*NoStarvation,6.14,25.29,7,7,15,0.2273,0.2529,0.35,0.0227,-0.1264,-0.07,0.0068,0.0,-0.1896,-0.9291,-0.9323,0.8561,66
32,38,1984.0,Medium*Medium*NoStarvation,10,Low*Medium*NoStarvation,25.29,7.86,7,7,4,0.1538,0.0786,0.35,0.0154,-0.0393,-0.07,0.0046,0.0,-0.1047,-0.8572,-0.8618,0.8561,26
32,39,2050.0,Low*Medium*NoStarvation,30,Medium*Medium*NoStarvation,7.86,26.57,7,7,15,0.2273,0.2657,0.35,0.0227,-0.1329,-0.07,0.0068,0.0,-0.196,-0.9323,-0.9362,0.8561,66
32,40,2076.0,Medium*Medium*NoStarvation,10,Low*Medium*NoStarvation,26.57,6.14,7,7,5,0.1923,0.0614,0.35,0.0192,-0.0307,-0.07,0.0058,0.0,-0.0949,-0.8618,-0.865,0.8561,26
32,41,2172.0,Low*Medium*NoStarvation,45,Medium*Medium*NoStarvation,6.14,40.71,7,7,23,0.2396,0.4071,0.35,0.024,-0.2036,-0.07,0.0072,0.0,-0.2664,-1.0138,-1.0169,0.8561,96
32,42,2238.0,Medium*Medium*NoStarvation,30,Medium*Medium*NoStarvation,40.71,26.57,7,7,15,0.2273,0.2657,0.35,0.0227,-0.1329,-0.07,0.0068,0.0,-0.196,-0.9062,-0.9131,0.8561,66
32,43,2264.0,Medium*Medium*NoStarvation,10,Low*Medium*NoStarvation,26.57,6.14,7,7,5,0.1923,0.0614,0.35,0.0192,-0.0307,-0.07,0.0058,0.0,-0.0949,-0.865,-0.8678,0.8561,26
32,44,2310.0,Low*Medium*NoStarvation,20,Low*Medium*NoStarvation,6.14,15.86,7,7,10,0.2174,0.1586,0.35,0.0217,-0.0793,-0.07,0.0065,0.0,-0.1428,-0.9171,-0.9195,0.8561,46
32,45,2336.0,Low*Medium*NoStarvation,10,Low*Medium*NoStarvation,15.86,7.43,7,7,4,0.1538,0.0743,0.35,0.0154,-0.0371,-0.07,0.0046,0.0,-0.1025,-0.8874,-0.8887,0.8561,26
32,46,2432.0,Low*Medium*NoStarvation,45,Medium*Medium*NoStarvation,7.43,40.71,7,7,23,0.2396,0.4071,0.35,0.024,-0.2036,-0.07,0.0072,0.0,-0.2664,-1.0169,-1.02,0.8561,96
32,47,2528.0,Medium*Medium*NoStarvation,45,Medium*Medium*NoStarvation,40.71,40.14,7,7,23,0.2396,0.4014,0.35,0.024,-0.2007,-0.07,0.0072,0.0,-0.2635,-0.9151,-0.928,0.8561,96
32,48,2554.0,Medium*Medium*NoStarvation,10,Low*Medium*NoStarvation,40.14,7.0,7,7,5,0.1923,0.07,0.35,0.0192,-0.035,-0.07,0.0058,0.0,-0.0992,-0.8678,-0.8709,0.8561,26
32,49,2650.0,Low*Medium*NoStarvation,45,Medium*Medium*NoStarvation,7.0,41.57,7,7,22,0.2292,0.4157,0.35,0.0229,-0.2079,-0.07,0.0069,0.0,-0.271,-1.02,-1.0235,0.8561,96
32,50,2676.0,Medium*Medium*NoStarvation,10,Low*Medium*NoStarvation,41.57,6.57,7,7,5,0.1923,0.0657,0.35,0.0192,-0.0329,-0.07,0.0058,0.0,-0.0971,-0.8709,-0.8735,0.8561,26
32,51,2712.0,Low*Medium*NoStarvation,30,Low*Low*NoStarvation,6.57,0.0,7,0,15,0.2273,0.0,0.0,0.0227,-0.0,-0.0,0.0068,0.0,0.0068,-0.9362,-0.8701,0.8561,66
33,0,96.0,Low*Low*NoStarvation,20,Low*Medium*NoStarvation,0.83,16.14,2,7,21,0.4565,0.1614,0.35,0.0457,-0.0807,-0.07,0.0137,0.0,-0.137,-0.3515,-0.4084,0.8518,46
33,1,192.0,Low*Medium*NoStarvation,45,Medium*Medium*NoStarvation,16.14,39.71,7,7,46,0.4792,0.3971,0.35,0.0479,-0.1986,-0.07,0.0144,0.0,-0.2542,-1.0235,-1.0252,0.8518,96
33,2,288.0,Medium*Medium*NoStarvation,45,Medium*Medium*NoStarvation,39.71,39.29,7,7,46,0.4792,0.3929,0.35,0.0479,-0.1964,-0.07,0.0144,0.0,-0.2521,-0.928,-0.9391,0.8518,96
33,3,314.0,Medium*Medium*NoStarvation,10,Low*Medium*NoStarvation,39.29,6.43,7,7,9,0.3462,0.0643,0.35,0.0346,-0.0321,-0.07,0.0104,0.0,-0.0918,-0.8735,-0.8737,0.8518,26
33,4,410.0,Low*Medium*NoStarvation,45,Medium*Medium*NoStarvation,6.43,41.14,7,7,43,0.4479,0.4114,0.35,0.0448,-0.2057,-0.07,0.0134,0.0,-0.2623,-1.0252,-1.0275,0.8518,96
33,5,436.0,Medium*Medium*NoStarvation,10,Low*Medium*NoStarvation,41.14,6.62,7,8,8,0.3077,0.0662,0.4,0.0308,-0.0331,-0.08,0.0092,0.0,-0.1039,-0.8737,-0.875,0.8518,26
33,6,502.0,Low*Medium*NoStarvation,30,Medium*Medium*NoStarvation,6.62,26.43,8,7,30,0.4545,0.2643,0.35,0.0455,-0.1321,-0.07,0.0136,0.0,-0.1885,-0.8701,-0.8807,0.8518,66
33,7,528.0,Medium*Medium*NoStarvation,10,Low*Medium*NoStarvation,26.43,7.86,7,7,9,0.3462,0.0786,0.35,0.0346,-0.0393,-0.07,0.0104,0.0,-0.0989,-0.875,-0.8767,0.8518,26
33,8,554.0,Low*Medium*NoStarvation,10,Low*Medium*NoStarvation,7.86,6.71,7,7,10,0.3846,0.0671,0.35,0.0385,-0.0336,-0.07,0.0115,0.0,-0.092,-0.8887,-0.8883,0.8518,26
33,9,650.0,Low*Medium*NoStarvation,45,Medium*Medium*NoStarvation,6.71,40.71,7,7,43,0.4479,0.4071,0.35,0.0448,-0.2036,-0.07,0.0134,0.0,-0.2601,-1.0275,-1.0297,0.8518,96
33,10,746.0,Medium*Medium*NoStarvation,45,Medium*Medium*NoStarvation,40.71,42.14,7,7,41,0.4271,0.4214,0.35,0.0427,-0.2107,-0.07,0.0128,0.0,-0.2679,-0.9391,-0.9508,0.8518,96
33,11,792.0,Medium*Medium*NoStarvation,20,Low*Medium*NoStarvation,42.14,15.0,7,7,19,0.413,0.15,0.35,0.0413,-0.075,-0.07,0.0124,0.0,-0.1326,-0.9103,-0.9118,0.8518,46
33,12,858.0,Low*Medium*NoStarvation,30,Medium*Medium*NoStarvation,15.0,26.14,7,7,29,0.4394,0.2614,0.35,0.0439,-0.1307,-0.07,0.0132,0.0,-0.1875,-0.8807,-0.8903,0.8518,66
33,13,904.0,Medium*Medium*NoStarvation,20,Low*Medium*NoStarvation,26.14,18.14,7,7,19,0.413,0.1814,0.35,0.0413,-0.0907,-0.07,0.0124,0.0,-0.1483,-0.9118,-0.9154,0.8518,46
33,14,1000.0,Low*Medium*NoStarvation,45,Medium*Medium*NoStarvation,18.14,40.71,7,7,41,0.4271,0.4071,0.35,0.0427,-0.2036,-0.07,0.0128,0.0,-0.2608,-1.0297,-1.0317,0.8518,96
33,15,1026.0,Medium*Medium*NoStarvation,10,Low*Medium*NoStarvation,40.71,7.14,7,7,6,0.2308,0.0714,0.35,0.0231,-0.0357,-0.07,0.0069,0.0,-0.0988,-0.8767,-0.8788,0.8518,26
33,16,1122.0,Low*Medium*NoStarvation,45,Medium*Medium*NoStarvation,7.14,41.14,7,7,23,0.2396,0.4114,0.35,0.024,-0.2057,-0.07,0.0072,0.0,-0.2685,-1.0317,-1.0345,0.8518,96
33,17,1188.0,Medium*Medium*NoStarvation,30,Medium*Medium*NoStarvation,41.14,25.57,7,7,15,0.2273,0.2557,0.35,0.0227,-0.1279,-0.07,0.0068,0.0,-0.191,-0.9131,-0.9199,0.8518,66
33,18,1234.0,Medium*Medium*NoStarvation,20,Low*Medium*NoStarvation,25.57,17.57,7,7,10,0.2174,0.1757,0.35,0.0217,-0.0879,-0.07,0.0065,0.0,-0.1513,-0.9154,-0.9189,0.8518,46
33,19,1300.0,Low*Medium*NoStarvation,30,Medium*Medium*NoStarvation,17.57,25.86,7,7,15,0.2273,0.2586,0.35,0.0227,-0.1293,-0.07,0.0068,0.0,-0.1925,-0.8903,-0.8996,0.8518,66
33,20,1366.0,Medium*Medium*NoStarvation,30,Medium*Medium*NoStarvation,25.86,26.57,7,7,15,0.2273,0.2657,0.35,0.0227,-0.1329,-0.07,0.0068,0.0,-0.196,-0.9199,-0.9266,0.8518,66
33,21,1392.0,Medium*Medium*NoStarvation,10,Low*Medium*NoStarvation,26.57,7.29,7,7,5,0.1923,0.0729,0.35,0.0192,-0.0364,-0.07,0.0058,0.0,-0.1007,-0.8788,-0.881,0.8518,26
33,22,1418.0,Low*Medium*NoStarvation,10,Low*Medium*NoStarvation,7.29,5.86,7,7,5,0.1923,0.0586,0.35,0.0192,-0.0293,-0.07,0.0058,0.0,-0.0935,-0.8883,-0.8888,0.8518,26
33,23,1484.0,Low*Medium*NoStarvation,30,Medium*Medium*NoStarvation,5.86,24.86,7,7,15,0.2273,0.2486,0.35,0.0227,-0.1243,-0.07,0.0068,0.0,-0.1875,-0.8996,-0.9077,0.8518,66
33,24,1530.0,Medium*Medium*NoStarvation,20,Low*Medium*NoStarvation,24.86,16.71,7,7,10,0.2174,0.1671,0.35,0.0217,-0.0836,-0.07,0.0065,0.0,-0.147,-0.9189,-0.9217,0.8518,46
33,25,1576.0,Low*Medium*NoStarvation,20,Low*Medium*NoStarvation,16.71,16.29,7,7,10,0.2174,0.1629,0.35,0.0217,-0.0814,-0.07,0.0065,0.0,-0.1449,-0.9195,-0.922,0.8518,46
33,26,1602.0,Low*Medium*NoStarvation,10,Low*Medium*NoStarvation,16.29,6.29,7,7,5,0.1923,0.0629,0.35,0.0192,-0.0314,-0.07,0.0058,0.0,-0.0957,-0.8888,-0.8895,0.8518,26
33,27,1668.0,Low*Medium*NoStarvation,30,Medium*Medium*NoStarvation,6.29,27.86,7,7,14,0.2121,0.2786,0.35,0.0212,-0.1393,-0.07,0.0064,0.0,-0.2029,-0.9077,-0.9165,0.8518,66
33,28,1714.0,Medium*Medium*NoStarvation,20,Low*Medium*NoStarvation,27.86,16.57,7,7,10,0.2174,0.1657,0.35,0.0217,-0.0829,-0.07,0.0065,0.0,-0.1463,-0.9217,-0.9243,0.8518,46
33,29,1810.0,Low*Medium*NoStarvation,45,Medium*Medium*NoStarvation,16.57,42.57,7,7,22,0.2292,0.4257,0.35,0.0229,-0.2129,-0.07,0.0069,0.0,-0.276,-1.0345,-1.0379,0.8518,96
33,30,1836.0,Medium*Medium*NoStarvation,10,Low*Medium*NoStarvation,42.57,8.57,7,7,4,0.1538,0.0857,0.35,0.0154,-0.0429,-0.07,0.0046,0.0,-0.1082,-0.881,-0.8837,0.8518,26
33,31,1862.0,Low*Medium*NoStarvation,10,Low*Medium*NoStarvation,8.57,6.43,7,7,5,0.1923,0.0643,0.35,0.0192,-0.0321,-0.07,0.0058,0.0,-0.0964,-0.8895,-0.8902,0.8518,26
33,32,1908.0,Low*Medium*NoStarvation,20,Low*Medium*NoStarvation,6.43,15.14,7,7,10,0.2174,0.1514,0.35,0.0217,-0.0757,-0.07,0.0065,0.0,-0.1392,-0.922,-0.9239,0.8518,46
33,33,1934.0,Low*Medium*NoStarvation,10,Low*Medium*NoStarvation,15.14,8.29,7,7,4,0.1538,0.0829,0.35,0.0154,-0.0414,-0.07,0.0046,0.0,-0.1068,-0.8902,-0.892,0.8518,26
33,34,1980.0,Low*Medium*NoStarvation,20,Low*Medium*NoStarvation,8.29,16.14,7,7,10,0.2174,0.1614,0.35,0.0217,-0.0807,-0.07,0.0065,0.0,-0.1442,-0.9239,-0.9262,0.8518,46
33,35,2006.0,Low*Medium*NoStarvation,10,Low*Medium*NoStarvation,16.14,7.86,7,7,4,0.1538,0.0786,0.35,0.0154,-0.0393,-0.07,0.0046,0.0,-0.1047,-0.892,-0.8936,0.8518,26
33,36,2072.0,Low*Medium*NoStarvation,30,Medium*Medium*NoStarvation,7.86,25.71,7,7,15,0.2273,0.2571,0.35,0.0227,-0.1286,-0.07,0.0068,0.0,-0.1918,-0.9165,-0.9235,0.8518,66
33,37,2138.0,Medium*Medium*NoStarvation,30,Medium*Medium*NoStarvation,25.71,26.43,7,7,15,0.2273,0.2643,0.35,0.0227,-0.1321,-0.07,0.0068,0.0,-0.1953,-0.9266,-0.9331,0.8518,66
33,38,2164.0,Medium*Medium*NoStarvation,10,Low*Medium*NoStarvation,26.43,6.71,7,7,4,0.1538,0.0671,0.35,0.0154,-0.0336,-0.07,0.0046,0.0,-0.099,-0.8837,-0.8857,0.8518,26
33,39,2230.0,Low*Medium*NoStarvation,30,Medium*Medium*NoStarvation,6.71,25.29,7,7,15,0.2273,0.2529,0.35,0.0227,-0.1264,-0.07,0.0068,0.0,-0.1896,-0.9235,-0.9299,0.8518,66
33,40,2276.0,Medium*Medium*NoStarvation,20,Low*Medium*NoStarvation,25.29,16.43,7,7,10,0.2174,0.1643,0.35,0.0217,-0.0821,-0.07,0.0065,0.0,-0.1456,-0.9243,-0.9268,0.8518,46
33,41,2302.0,Low*Medium*NoStarvation,10,Low*Medium*NoStarvation,16.43,5.71,7,6,5,0.1923,0.0571,0.3,0.0192,-0.0286,-0.06,0.0058,0.0,-0.0828,-0.8936,-0.8929,0.8518,26
33,42,2368.0,Low*Medium*NoStarvation,30,Medium*Medium*NoStarvation,5.71,25.29,6,7,15,0.2273,0.2529,0.35,0.0227,-0.1264,-0.07,0.0068,0.0,-0.1896,-0.9299,-0.9355,0.8518,66
33,43,2394.0,Medium*Medium*NoStarvation,10,Low*Medium*NoStarvation,25.29,6.14,7,7,5,0.1923,0.0614,0.35,0.0192,-0.0307,-0.07,0.0058,0.0,-0.0949,-0.8857,-0.887,0.8518,26
33,44,2460.0,Low*Medium*NoStarvation,30,Medium*Medium*NoStarvation,6.14,25.86,7,7,15,0.2273,0.2586,0.35,0.0227,-0.1293,-0.07,0.0068,0.0,-0.1925,-0.9355,-0.9411,0.8518,66
33,45,2556.0,Medium*Medium*NoStarvation,45,Medium*Medium*NoStarvation,25.86,40.71,7,7,23,0.2396,0.4071,0.35,0.024,-0.2036,-0.07,0.0072,0.0,-0.2664,-0.9508,-0.9622,0.8518,96
33,46,2602.0,Medium*Medium*NoStarvation,20,Low*Medium*NoStarvation,40.71,17.57,7,7,10,0.2174,0.1757,0.35,0.0217,-0.0879,-0.07,0.0065,0.0,-0.1513,-0.9268,-0.9296,0.8518,46
33,47,2645.0,Low*Medium*NoStarvation,45,Low*Low*NoStarvation,17.57,0.0,7,0,18,0.1875,0.0,0.0,0.0187,-0.0,-0.0,0.0056,0.0,0.0056,-1.0379,-0.9617,0.8518,96
34,0,146.0,Low*Low*NoStarvation,45,Medium*Medium*NoStarvation,0.83,40.71,2,7,47,0.4896,0.4071,0.35,0.049,-0.2036,-0.07,0.0147,0.0,-0.2589,-0.3129,-0.3873,0.8475,96
34,1,242.0,Medium*Medium*NoStarvation,45,Medium*Medium*NoStarvation,40.71,40.14,7,7,45,0.4688,0.4014,0.35,0.0469,-0.2007,-0.07,0.0141,0.0,-0.2567,-0.9622,-0.9715,0.8475,96
34,2,288.0,Medium*Medium*NoStarvation,20,Low*Medium*NoStarvation,40.14,16.0,7,7,21,0.4565,0.16,0.35,0.0457,-0.08,-0.07,0.0137,0.0,-0.1363,-0.9296,-0.9307,0.8475,46
34,3,314.0,Low*Medium*NoStarvation,10,Low*Medium*NoStarvation,16.0,6.43,7,7,8,0.3077,0.0643,0.35,0.0308,-0.0321,-0.07,0.0092,0.0,-0.0929,-0.8929,-0.8933,0.8475,26
34,4,340.0,Low*Medium*NoStarvation,10,Low*Medium*NoStarvation,6.43,6.43,7,7,10,0.3846,0.0643,0.35,0.0385,-0.0321,-0.07,0.0115,0.0,-0.0906,-0.8933,-0.8934,0.8475,26
34,5,366.0,Low*Medium*NoStarvation,10,Low*Medium*NoStarvation,6.43,7.0,7,7,9,0.3462,0.07,0.35,0.0346,-0.035,-0.07,0.0104,0.0,-0.0946,-0.8934,-0.8939,0.8475,26
34,6,412.0,Low*Medium*NoStarvation,20,Low*Medium*NoStarvation,7.0,15.71,7,7,20,0.4348,0.1571,0.35,0.0435,-0.0786,-0.07,0.013,0.0,-0.1355,-0.9262,-0.9276,0.8475,46
34,7,438.0,Low*Medium*NoStarvation,10,Low*Medium*NoStarvation,15.71,6.39,7,8,9,0.3462,0.0639,0.4,0.0346,-0.032,-0.08,0.0104,0.0,-0.1016,-0.8939,-0.8951,0.8475,26
34,8,504.0,Low*Medium*NoStarvation,30,Medium*Medium*NoStarvation,6.39,25.0,8,7,31,0.4697,0.25,0.35,0.047,-0.125,-0.07,0.0141,0.0,-0.1809,-0.9411,-0.9449,0.8475,66
34,9,530.0,Medium*Medium*NoStarvation,10,Low*Medium*NoStarvation,25.0,9.0,7,8,8,0.3077,0.09,0.4,0.0308,-0.045,-0.08,0.0092,0.0,-0.1158,-0.887,-0.8904,0.8475,26
34,10,596.0,Low*Medium*NoStarvation,30,Medium*Medium*NoStarvation,9.0,26.43,8,7,30,0.4545,0.2643,0.35,0.0455,-0.1321,-0.07,0.0136,0.0,-0.1885,-0.9449,-0.9494,0.8475,66
34,11,622.0,Medium*Medium*NoStarvation,10,Low*Medium*NoStarvation,26.43,6.71,7,7,10,0.3846,0.0671,0.35,0.0385,-0.0336,-0.07,0.0115,0.0,-0.092,-0.8904,-0.8911,0.8475,26
34,12,648.0,Low*Medium*NoStarvation,10,Low*Medium*NoStarvation,6.71,5.0,7,6,10,0.3846,0.05,0.3,0.0385,-0.025,-0.06,0.0115,0.0,-0.0735,-0.8951,-0.8935,0.8475,26
34,13,744.0,Low*Medium*NoStarvation,45,Medium*Medium*NoStarvation,5.0,40.43,6,7,43,0.4479,0.4043,0.35,0.0448,-0.2021,-0.07,0.0134,0.0,-0.2587,-0.9617,-0.9716,0.8475,96
34,14,770.0,Medium*Medium*NoStarvation,10,Low*Medium*NoStarvation,40.43,6.43,7,7,9,0.3462,0.0643,0.35,0.0346,-0.0321,-0.07,0.0104,0.0,-0.0918,-0.8911,-0.8916,0.8475,26
34,15,816.0,Low*Medium*NoStarvation,20,Low*Medium*NoStarvation,6.43,16.57,7,7,20,0.4348,0.1657,0.35,0.0435,-0.0829,-0.07,0.013,0.0,-0.1398,-0.9276,-0.9292,0.8475,46
34,16,842.0,Low*Medium*NoStarvation,10,Low*Medium*NoStarvation,16.57,5.76,7,7,9,0.3462,0.0576,0.35,0.0346,-0.0288,-0.07,0.0104,0.0,-0.0884,-0.8935,-0.8934,0.8475,26
34,17,868.0,Low*Medium*NoStarvation,10,Low*Medium*NoStarvation,5.76,6.29,7,7,9,0.3462,0.0629,0.35,0.0346,-0.0314,-0.07,0.0104,0.0,-0.091,-0.8934,-0.8936,0.8475,26
34,18,964.0,Low*Medium*NoStarvation,45,Medium*Medium*NoStarvation,6.29,40.57,7,7,45,0.4688,0.4057,0.35,0.0469,-0.2029,-0.07,0.0141,0.0,-0.2588,-0.9716,-0.9806,0.8475,96
34,19,990.0,Medium*Medium*NoStarvation,10,Low*Medium*NoStarvation,40.57,7.0,7,7,9,0.3462,0.07,0.35,0.0346,-0.035,-0.07,0.0104,0.0,-0.0946,-0.8916,-0.8923,0.8475,26
34,20,1056.0,Low*Medium*NoStarvation,30,Medium*Medium*NoStarvation,7.0,27.0,7,7,19,0.2879,0.27,0.35,0.0288,-0.135,-0.07,0.0086,0.0,-0.1964,-0.9494,-0.9544,0.8475,66
34,21,1082.0,Medium*Medium*NoStarvation,10,Low*Medium*NoStarvation,27.0,8.14,7,7,4,0.1538,0.0814,0.35,0.0154,-0.0407,-0.07,0.0046,0.0,-0.1061,-0.8923,-0.8941,0.8475,26
34,22,1148.0,Low*Medium*NoStarvation,30,Medium*Medium*NoStarvation,8.14,24.43,7,7,16,0.2424,0.2443,0.35,0.0242,-0.1221,-0.07,0.0073,0.0,-0.1849,-0.9544,-0.9579,0.8475,66
34,23,1214.0,Medium*Medium*NoStarvation,30,Medium*Medium*NoStarvation,24.43,26.0,7,7,15,0.2273,0.26,0.35,0.0227,-0.13,-0.07,0.0068,0.0,-0.1932,-0.9331,-0.9395,0.8475,66
34,24,1280.0,Medium*Medium*NoStarvation,30,Medium*Medium*NoStarvation,26.0,26.29,7,7,15,0.2273,0.2629,0.35,0.0227,-0.1314,-0.07,0.0068,0.0,-0.1946,-0.9395,-0.9455,0.8475,66
34,25,1326.0,Medium*Medium*NoStarvation,20,Low*Medium*NoStarvation,26.29,15.57,7,7,10,0.2174,0.1557,0.35,0.0217,-0.0779,-0.07,0.0065,0.0,-0.1413,-0.9307,-0.9321,0.8475,46
34,26,1392.0,Low*Medium*NoStarvation,30,Medium*Medium*NoStarvation,15.57,26.71,7,7,15,0.2273,0.2671,0.35,0.0227,-0.1336,-0.07,0.0068,0.0,-0.1968,-0.9579,-0.9623,0.8475,66
34,27,1458.0,Medium*Medium*NoStarvation,30,Medium*Medium*NoStarvation,26.71,25.57,7,7,15,0.2273,0.2557,0.35,0.0227,-0.1279,-0.07,0.0068,0.0,-0.191,-0.9455,-0.9505,0.8475,66
34,28,1554.0,Medium*Medium*NoStarvation,45,Medium*Medium*NoStarvation,25.57,42.29,7,7,22,0.2292,0.4229,0.35,0.0229,-0.2114,-0.07,0.0069,0.0,-0.2746,-0.9715,-0.9823,0.8475,96
34,29,1650.0,Medium*Medium*NoStarvation,45,Medium*Medium*NoStarvation,42.29,41.29,7,7,23,0.2396,0.4129,0.35,0.024,-0.2064,-0.07,0.0072,0.0,-0.2692,-0.9823,-0.9914,0.8475,96
34,30,1676.0,Medium*Medium*NoStarvation,10,Low*Medium*NoStarvation,41.29,9.0,7,7,4,0.1538,0.09,0.35,0.0154,-0.045,-0.07,0.0046,0.0,-0.1104,-0.8941,-0.8962,0.8475,26
34,31,1702.0,Low*Medium*NoStarvation,10,Low*Medium*NoStarvation,9.0,8.71,7,7,4,0.1538,0.0871,0.35,0.0154,-0.0436,-0.07,0.0046,0.0,-0.109,-0.8936,-0.8956,0.8475,26
34,32,1768.0,Low*Medium*NoStarvation,30,Medium*Medium*NoStarvation,8.71,26.29,7,7,15,0.2273,0.2629,0.35,0.0227,-0.1314,-0.07,0.0068,0.0,-0.1946,-0.9623,-0.9662,0.8475,66
34,33,1834.0,Medium*Medium*NoStarvation,30,Medium*Medium*NoStarvation,26.29,27.0,7,7,15,0.2273,0.27,0.35,0.0227,-0.135,-0.07,0.0068,0.0,-0.1982,-0.9505,-0.956,0.8475,66
34,34,1930.0,Medium*Medium*NoStarvation,45,Medium*Medium*NoStarvation,27.0,41.14,7,7,23,0.2396,0.4114,0.35,0.024,-0.2057,-0.07,0.0072,0.0,-0.2685,-0.9914,-0.9998,0.8475,96
34,35,1996.0,Medium*Medium*NoStarvation,30,Medium*Medium*NoStarvation,41.14,26.0,7,7,15,0.2273,0.26,0.35,0.0227,-0.13,-0.07,0.0068,0.0,-0.1932,-0.956,-0.9603,0.8475,66
34,36,2092.0,Medium*Medium*NoStarvation,45,Medium*Medium*NoStarvation,26.0,39.86,7,7,23,0.2396,0.3986,0.35,0.024,-0.1993,-0.07,0.0072,0.0,-0.2621,-0.9998,-1.0067,0.8475,96
34,37,2158.0,Medium*Medium*NoStarvation,30,Medium*Medium*NoStarvation,39.86,26.29,7,7,15,0.2273,0.2629,0.35,0.0227,-0.1314,-0.07,0.0068,0.0,-0.1946,-0.9603,-0.9644,0.8475,66
34,38,2224.0,Medium*Medium*NoStarvation,30,Medium*Medium*NoStarvation,26.29,25.71,7,7,15,0.2273,0.2571,0.35,0.0227,-0.1286,-0.07,0.0068,0.0,-0.1918,-0.9644,-0.9678,0.8475,66
34,39,2250.0,Medium*Medium*NoStarvation,10,Low*Medium*NoStarvation,25.71,9.29,7,7,4,0.1538,0.0929,0.35,0.0154,-0.0464,-0.07,0.0046,0.0,-0.1118,-0.8962,-0.8983,0.8475,26
34,40,2316.0,Low*Medium*NoStarvation,30,Medium*Medium*NoStarvation,9.29,27.29,7,7,15,0.2273,0.2729,0.35,0.0227,-0.1364,-0.07,0.0068,0.0,-0.1996,-0.9662,-0.9703,0.8475,66
34,41,2412.0,Medium*Medium*NoStarvation,45,Medium*Medium*NoStarvation,27.29,42.0,7,7,22,0.2292,0.42,0.35,0.0229,-0.21,-0.07,0.0069,0.0,-0.2731,-1.0067,-1.0142,0.8475,96
34,42,2438.0,Medium*Medium*NoStarvation,10,Low*Medium*NoStarvation,42.0,8.14,7,7,4,0.1538,0.0814,0.35,0.0154,-0.0407,-0.07,0.0046,0.0,-0.1061,-0.8983,-0.8997,0.8475,26
34,43,2484.0,Low*Medium*NoStarvation,20,Low*Medium*NoStarvation,8.14,17.29,7,7,10,0.2174,0.1729,0.35,0.0217,-0.0864,-0.07,0.0065,0.0,-0.1499,-0.9292,-0.9319,0.8475,46
34,44,2510.0,Low*Medium*NoStarvation,10,Low*Medium*NoStarvation,17.29,6.43,7,7,5,0.1923,0.0643,0.35,0.0192,-0.0321,-0.07,0.0058,0.0,-0.0964,-0.8956,-0.8962,0.8475,26
34,45,2536.0,Low*Medium*NoStarvation,10,Low*Medium*NoStarvation,6.43,6.29,7,7,5,0.1923,0.0629,0.35,0.0192,-0.0314,-0.07,0.0058,0.0,-0.0957,-0.8962,-0.8968,0.8475,26
34,46,2562.0,Low*Medium*NoStarvation,10,Low*Medium*NoStarvation,6.29,9.29,7,7,4,0.1538,0.0929,0.35,0.0154,-0.0464,-0.07,0.0046,0.0,-0.1118,-0.8968,-0.8991,0.8475,26
34,47,2608.0,Low*Medium*NoStarvation,20,Low*Medium*NoStarvation,9.29,17.14,7,7,10,0.2174,0.1714,0.35,0.0217,-0.0857,-0.07,0.0065,0.0,-0.1492,-0.9319,-0.9345,0.8475,46
34,48,2654.0,Low*Medium*NoStarvation,20,Low*Medium*NoStarvation,17.14,16.14,7,7,10,0.2174,0.1614,0.35,0.0217,-0.0807,-0.07,0.0065,0.0,-0.1442,-0.9345,-0.9364,0.8475,46
34,49,2680.0,Low*Medium*NoStarvation,10,Low*Low*NoStarvation,16.14,10.33,7,3,4,0.1538,0.1033,0.15,0.0154,-0.0517,-0.03,0.0046,0.0,-0.0771,-0.8991,-0.8517,0.8475,26
34,50,2693.0,Low*Low*NoStarvation,45,Low*Low*NoStarvation,10.33,0.0,3,0,3,0.0312,0.0,0.0,0.0031,-0.0,-0.0,0.0009,0.0,0.0009,-0.3873,-0.3834,0.8475,96
35,0,96.0,Low*Low*NoStarvation,20,Low*Medium*NoStarvation,0.83,16.14,2,7,21,0.4565,0.1614,0.35,0.0457,-0.0807,-0.07,0.0137,0.0,-0.137,-0.4084,-0.4579,0.8433,46
35,1,162.0,Low*Medium*NoStarvation,30,Medium*Medium*NoStarvation,16.14,26.0,7,7,30,0.4545,0.26,0.35,0.0455,-0.13,-0.07,0.0136,0.0,-0.1864,-0.9703,-0.9729,0.8433,66
35,2,188.0,Medium*Medium*NoStarvation,10,Low*Medium*NoStarvation,26.0,9.0,7,7,9,0.3462,0.09,0.35,0.0346,-0.045,-0.07,0.0104,0.0,-0.1046,-0.8997,-0.8969,0.8433,26
35,3,234.0,Low*Medium*NoStarvation,20,Low*Medium*NoStarvation,9.0,16.14,7,7,20,0.4348,0.1614,0.35,0.0435,-0.0807,-0.07,0.013,0.0,-0.1377,-0.9364,-0.9332,0.8433,46
35,4,260.0,Low*Medium*NoStarvation,10,Low*Medium*NoStarvation,16.14,7.57,7,7,10,0.3846,0.0757,0.35,0.0385,-0.0379,-0.07,0.0115,0.0,-0.0963,-0.8517,-0.8528,0.8433,26
35,5,286.0,Low*Medium*NoStarvation,10,Low*Medium*NoStarvation,7.57,8.29,7,7,8,0.3077,0.0829,0.35,0.0308,-0.0414,-0.07,0.0092,0.0,-0.1022,-0.8528,-0.8545,0.8433,26
35,6,332.0,Low*Medium*NoStarvation,20,Low*Medium*NoStarvation,8.29,16.71,7,7,21,0.4565,0.1671,0.35,0.0457,-0.0836,-0.07,0.0137,0.0,-0.1399,-0.9332,-0.9308,0.8433,46
35,7,358.0,Low*Medium*NoStarvation,10,Low*Medium*NoStarvation,16.71,6.29,7,6,10,0.3846,0.0629,0.3,0.0385,-0.0314,-0.06,0.0115,0.0,-0.0799,-0.8545,-0.854,0.8433,26
35,8,404.0,Low*Medium*NoStarvation,20,Low*Medium*NoStarvation,6.29,15.43,6,7,20,0.4348,0.1543,0.35,0.0435,-0.0771,-0.07,0.013,0.0,-0.1341,-0.9308,-0.928,0.8433,46
35,9,470.0,Low*Medium*NoStarvation,30,Medium*Medium*NoStarvation,15.43,26.86,7,7,30,0.4545,0.2686,0.35,0.0455,-0.1343,-0.07,0.0136,0.0,-0.1906,-0.9729,-0.9754,0.8433,66
35,10,516.0,Medium*Medium*NoStarvation,20,Low*Medium*NoStarvation,26.86,17.0,7,7,20,0.4348,0.17,0.35,0.0435,-0.085,-0.07,0.013,0.0,-0.142,-0.9321,-0.93,0.8433,46
35,11,582.0,Low*Medium*NoStarvation,30,Medium*Medium*NoStarvation,17.0,26.86,7,7,29,0.4394,0.2686,0.35,0.0439,-0.1343,-0.07,0.0132,0.0,-0.1911,-0.9754,-0.9777,0.8433,66
35,12,678.0,Medium*Medium*NoStarvation,45,Medium*Medium*NoStarvation,26.86,39.71,7,7,42,0.4375,0.3971,0.35,0.0437,-0.1986,-0.07,0.0131,0.0,-0.2554,-1.0142,-1.019,0.8433,96
35,13,744.0,Medium*Medium*NoStarvation,30,Medium*Medium*NoStarvation,39.71,27.0,7,7,29,0.4394,0.27,0.35,0.0439,-0.135,-0.07,0.0132,0.0,-0.1918,-0.9678,-0.9709,0.8433,66
35,14,840.0,Medium*Medium*NoStarvation,45,Medium*Medium*NoStarvation,27.0,40.86,7,7,41,0.4271,0.4086,0.35,0.0427,-0.2043,-0.07,0.0128,0.0,-0.2615,-1.019,-1.024,0.8433,96
35,15,866.0,Medium*Medium*NoStarvation,10,Low*Medium*NoStarvation,40.86,7.0,7,7,9,0.3462,0.07,0.35,0.0346,-0.035,-0.07,0.0104,0.0,-0.0946,-0.8969,-0.8935,0.8433,26
35,16,962.0,Low*Medium*NoStarvation,45,Medium*Medium*NoStarvation,7.0,41.29,7,7,42,0.4375,0.4129,0.35,0.0437,-0.2064,-0.07,0.0131,0.0,-0.2633,-0.9806,-0.9893,0.8433,96
35,17,988.0,Medium*Medium*NoStarvation,10,Low*Medium*NoStarvation,41.29,8.43,7,7,9,0.3462,0.0843,0.35,0.0346,-0.0421,-0.07,0.0104,0.0,-0.1018,-0.8935,-0.8912,0.8433,26
35,18,1084.0,Low*Medium*NoStarvation,45,Medium*Medium*NoStarvation,8.43,41.57,7,7,26,0.2708,0.4157,0.35,0.0271,-0.2079,-0.07,0.0081,0.0,-0.2697,-0.9893,-0.9975,0.8433,96
35,19,1110.0,Medium*Medium*NoStarvation,10,Low*Medium*NoStarvation,41.57,6.71,7,7,5,0.1923,0.0671,0.35,0.0192,-0.0336,-0.07,0.0058,0.0,-0.0978,-0.8912,-0.8887,0.8433,26
35,20,1206.0,Low*Medium*NoStarvation,45,Medium*Medium*NoStarvation,6.71,42.14,7,7,22,0.2292,0.4214,0.35,0.0229,-0.2107,-0.07,0.0069,0.0,-0.2738,-0.9975,-1.0051,0.8433,96
35,21,1232.0,Medium*Medium*NoStarvation,10,Low*Medium*NoStarvation,42.14,6.86,7,7,5,0.1923,0.0686,0.35,0.0192,-0.0343,-0.07,0.0058,0.0,-0.0985,-0.8887,-0.8865,0.8433,26
35,22,1328.0,Low*Medium*NoStarvation,45,Medium*Medium*NoStarvation,6.86,41.14,7,7,22,0.2292,0.4114,0.35,0.0229,-0.2057,-0.07,0.0069,0.0,-0.2688,-1.0051,-1.0113,0.8433,96
35,23,1354.0,Medium*Medium*NoStarvation,10,Low*Medium*NoStarvation,41.14,6.57,7,7,5,0.1923,0.0657,0.35,0.0192,-0.0329,-0.07,0.0058,0.0,-0.0971,-0.8865,-0.8845,0.8433,26
35,24,1380.0,Low*Medium*NoStarvation,10,Low*Medium*NoStarvation,6.57,6.71,7,7,5,0.1923,0.0671,0.35,0.0192,-0.0336,-0.07,0.0058,0.0,-0.0978,-0.854,-0.8552,0.8433,26
35,25,1406.0,Low*Medium*NoStarvation,10,Low*Medium*NoStarvation,6.71,7.14,7,7,4,0.1538,0.0714,0.35,0.0154,-0.0357,-0.07,0.0046,0.0,-0.1011,-0.8552,-0.8568,0.8433,26
35,26,1472.0,Low*Medium*NoStarvation,30,Medium*Medium*NoStarvation,7.14,25.86,7,7,15,0.2273,0.2586,0.35,0.0227,-0.1293,-0.07,0.0068,0.0,-0.1925,-0.9777,-0.9788,0.8433,66
35,27,1498.0,Medium*Medium*NoStarvation,10,Low*Medium*NoStarvation,25.86,7.86,7,7,4,0.1538,0.0786,0.35,0.0154,-0.0393,-0.07,0.0046,0.0,-0.1047,-0.8845,-0.8836,0.8433,26
35,28,1524.0,Low*Medium*NoStarvation,10,Low*Medium*NoStarvation,7.86,7.43,7,7,5,0.1923,0.0743,0.35,0.0192,-0.0371,-0.07,0.0058,0.0,-0.1014,-0.8568,-0.8583,0.8433,26
35,29,1620.0,Low*Medium*NoStarvation,45,Medium*Medium*NoStarvation,7.43,40.71,7,7,23,0.2396,0.4071,0.35,0.024,-0.2036,-0.07,0.0072,0.0,-0.2664,-1.0113,-1.0163,0.8433,96
35,30,1646.0,Medium*Medium*NoStarvation,10,Low*Medium*NoStarvation,40.71,6.0,7,7,5,0.1923,0.06,0.35,0.0192,-0.03,-0.07,0.0058,0.0,-0.0942,-0.8836,-0.8819,0.8433,26
35,31,1672.0,Low*Medium*NoStarvation,10,Low*Medium*NoStarvation,6.0,8.14,7,7,4,0.1538,0.0814,0.35,0.0154,-0.0407,-0.07,0.0046,0.0,-0.1061,-0.8583,-0.8604,0.8433,26
35,32,1718.0,Low*Medium*NoStarvation,20,Low*Medium*NoStarvation,8.14,15.57,7,7,10,0.2174,0.1557,0.35,0.0217,-0.0779,-0.07,0.0065,0.0,-0.1413,-0.928,-0.9267,0.8433,46
35,33,1744.0,Low*Medium*NoStarvation,10,Low*Medium*NoStarvation,15.57,6.0,7,6,5,0.1923,0.06,0.3,0.0192,-0.03,-0.06,0.0058,0.0,-0.0842,-0.8604,-0.8602,0.8433,26
35,34,1790.0,Low*Medium*NoStarvation,20,Low*Medium*NoStarvation,6.0,16.0,6,7,10,0.2174,0.16,0.35,0.0217,-0.08,-0.07,0.0065,0.0,-0.1435,-0.9267,-0.9258,0.8433,46
35,35,1816.0,Low*Medium*NoStarvation,10,Low*Medium*NoStarvation,16.0,5.29,7,6,5,0.1923,0.0529,0.3,0.0192,-0.0264,-0.06,0.0058,0.0,-0.0807,-0.8602,-0.8596,0.8433,26
35,36,1842.0,Low*Medium*NoStarvation,10,Low*Medium*NoStarvation,5.29,6.29,6,7,5,0.1923,0.0629,0.35,0.0192,-0.0314,-0.07,0.0058,0.0,-0.0957,-0.8596,-0.8606,0.8433,26
35,37,1868.0,Low*Medium*NoStarvation,10,Low*Medium*NoStarvation,6.29,5.14,7,6,5,0.1923,0.0514,0.3,0.0192,-0.0257,-0.06,0.0058,0.0,-0.0799,-0.8606,-0.86,0.8433,26
35,38,1914.0,Low*Medium*NoStarvation,20,Low*Medium*NoStarvation,5.14,16.57,6,7,10,0.2174,0.1657,0.35,0.0217,-0.0829,-0.07,0.0065,0.0,-0.1463,-0.9258,-0.9253,0.8433,46
35,39,1940.0,Low*Medium*NoStarvation,10,Low*Medium*NoStarvation,16.57,6.29,7,7,5,0.1923,0.0629,0.35,0.0192,-0.0314,-0.07,0.0058,0.0,-0.0957,-0.86,-0.861,0.8433,26
35,40,1986.0,Low*Medium*NoStarvation,20,Low*Medium*NoStarvation,6.29,16.71,7,7,10,0.2174,0.1671,0.35,0.0217,-0.0836,-0.07,0.0065,0.0,-0.147,-0.9253,-0.9249,0.8433,46
35,41,2012.0,Low*Medium*NoStarvation,10,Low*Medium*NoStarvation,16.71,7.57,7,7,4,0.1538,0.0757,0.35,0.0154,-0.0379,-0.07,0.0046,0.0,-0.1032,-0.861,-0.8627,0.8433,26
35,42,2078.0,Low*Medium*NoStarvation,30,Medium*Medium*NoStarvation,7.57,26.43,7,7,15,0.2273,0.2643,0.35,0.0227,-0.1321,-0.07,0.0068,0.0,-0.1953,-0.9788,-0.9798,0.8433,66
35,43,2174.0,Medium*Medium*NoStarvation,45,Medium*Medium*NoStarvation,26.43,41.57,7,7,23,0.2396,0.4157,0.35,0.024,-0.2079,-0.07,0.0072,0.0,-0.2707,-1.024,-1.028,0.8433,96
35,44,2200.0,Medium*Medium*NoStarvation,10,Low*Medium*NoStarvation,41.57,7.0,7,7,5,0.1923,0.07,0.35,0.0192,-0.035,-0.07,0.0058,0.0,-0.0992,-0.8819,-0.8813,0.8433,26
35,45,2296.0,Low*Medium*NoStarvation,45,Medium*Medium*NoStarvation,7.0,40.0,7,7,23,0.2396,0.4,0.35,0.024,-0.2,-0.07,0.0072,0.0,-0.2628,-1.0163,-1.0203,0.8433,96
35,46,2322.0,Medium*Medium*NoStarvation,10,Low*Medium*NoStarvation,40.0,6.0,7,7,5,0.1923,0.06,0.35,0.0192,-0.03,-0.07,0.0058,0.0,-0.0942,-0.8813,-0.8802,0.8433,26
35,47,2418.0,Low*Medium*NoStarvation,45,Medium*Medium*NoStarvation,6.0,41.57,7,7,23,0.2396,0.4157,0.35,0.024,-0.2079,-0.07,0.0072,0.0,-0.2707,-1.0203,-1.0245,0.8433,96
35,48,2514.0,Medium*Medium*NoStarvation,45,Medium*Medium*NoStarvation,41.57,41.71,7,7,23,0.2396,0.4171,0.35,0.024,-0.2086,-0.07,0.0072,0.0,-0.2714,-1.028,-1.0316,0.8433,96
35,49,2580.0,Medium*Medium*NoStarvation,30,Medium*Medium*NoStarvation,41.71,26.86,7,7,15,0.2273,0.2686,0.35,0.0227,-0.1343,-0.07,0.0068,0.0,-0.1975,-0.9709,-0.9728,0.8433,66
35,50,2606.0,Medium*Medium*NoStarvation,10,Low*Medium*NoStarvation,26.86,6.14,7,7,5,0.1923,0.0614,0.35,0.0192,-0.0307,-0.07,0.0058,0.0,-0.0949,-0.8802,-0.8793,0.8433,26
35,51,2652.0,Low*Medium*NoStarvation,20,Low*Medium*NoStarvation,6.14,16.14,7,7,10,0.2174,0.1614,0.35,0.0217,-0.0807,-0.07,0.0065,0.0,-0.1442,-0.9249,-0.9245,0.8433,46
35,52,2688.0,Low*Medium*NoStarvation,30,Low*Low*NoStarvation,16.14,0.0,7,0,15,0.2273,0.0,0.0,0.0227,-0.0,-0.0,0.0068,0.0,0.0068,-0.9798,-0.9156,0.8433,66
36,0,116.0,Low*Low*NoStarvation,30,Medium*Medium*NoStarvation,0.83,26.71,2,7,31,0.4697,0.2671,0.35,0.047,-0.1336,-0.07,0.0141,0.0,-0.1895,-0.4421,-0.496,0.8391,66
36,1,142.0,Medium*Medium*NoStarvation,10,Low*Medium*NoStarvation,26.71,7.0,7,7,10,0.3846,0.07,0.35,0.0385,-0.035,-0.07,0.0115,0.0,-0.0935,-0.8793,-0.8784,0.8391,26
36,2,168.0,Low*Medium*NoStarvation,10,Low*Medium*NoStarvation,7.0,7.57,7,7,8,0.3077,0.0757,0.35,0.0308,-0.0379,-0.07,0.0092,0.0,-0.0986,-0.8627,-0.8639,0.8391,26
36,3,194.0,Low*Medium*NoStarvation,10,Low*Medium*NoStarvation,7.57,9.36,7,8,9,0.3462,0.0936,0.4,0.0346,-0.0468,-0.08,0.0104,0.0,-0.1164,-0.8639,-0.8669,0.8391,26
36,4,240.0,Low*Medium*NoStarvation,20,Low*Medium*NoStarvation,9.36,16.43,8,7,19,0.413,0.1643,0.35,0.0413,-0.0821,-0.07,0.0124,0.0,-0.1398,-0.9245,-0.9241,0.8391,46
36,5,266.0,Low*Medium*NoStarvation,10,Low*Medium*NoStarvation,16.43,7.57,7,7,10,0.3846,0.0757,0.35,0.0385,-0.0379,-0.07,0.0115,0.0,-0.0963,-0.8669,-0.8679,0.8391,26
36,6,362.0,Low*Medium*NoStarvation,45,Medium*Medium*NoStarvation,7.57,42.43,7,7,45,0.4688,0.4243,0.35,0.0469,-0.2121,-0.07,0.0141,0.0,-0.2681,-1.0245,-1.0279,0.8391,96
36,7,428.0,Medium*Medium*NoStarvation,30,Medium*Medium*NoStarvation,42.43,26.57,7,7,29,0.4394,0.2657,0.35,0.0439,-0.1329,-0.07,0.0132,0.0,-0.1897,-0.9728,-0.9735,0.8391,66
36,8,474.0,Medium*Medium*NoStarvation,20,Low*Medium*NoStarvation,26.57,16.86,7,7,20,0.4348,0.1686,0.35,0.0435,-0.0843,-0.07,0.013,0.0,-0.1412,-0.93,-0.9292,0.8391,46
36,9,540.0,Low*Medium*NoStarvation,30,Medium*Medium*NoStarvation,16.86,26.86,7,7,29,0.4394,0.2686,0.35,0.0439,-0.1343,-0.07,0.0132,0.0,-0.1911,-0.9156,-0.9222,0.8391,66
36,10,566.0,Medium*Medium*NoStarvation,10,Low*Medium*NoStarvation,26.86,6.0,7,7,8,0.3077,0.06,0.35,0.0308,-0.03,-0.07,0.0092,0.0,-0.0908,-0.8784,-0.8777,0.8391,26
36,11,662.0,Low*Medium*NoStarvation,45,Medium*Medium*NoStarvation,6.0,42.43,7,7,43,0.4479,0.4243,0.35,0.0448,-0.2121,-0.07,0.0134,0.0,-0.2687,-1.0279,-1.031,0.8391,96
36,12,688.0,Medium*Medium*NoStarvation,10,Low*Medium*NoStarvation,42.43,7.57,7,7,10,0.3846,0.0757,0.35,0.0385,-0.0379,-0.07,0.0115,0.0,-0.0963,-0.8777,-0.8777,0.8391,26
36,13,714.0,Low*Medium*NoStarvation,10,Low*Medium*NoStarvation,7.57,6.64,7,8,10,0.3846,0.0664,0.4,0.0385,-0.0332,-0.08,0.0115,0.0,-0.1017,-0.8679,-0.8694,0.8391,26
36,14,760.0,Low*Medium*NoStarvation,20,Low*Medium*NoStarvation,6.64,16.86,8,7,19,0.413,0.1686,0.35,0.0413,-0.0843,-0.07,0.0124,0.0,-0.1419,-0.9241,-0.9241,0.8391,46
36,15,786.0,Low*Medium*NoStarvation,10,Low*Medium*NoStarvation,16.86,7.71,7,7,9,0.3462,0.0771,0.35,0.0346,-0.0386,-0.07,0.0104,0.0,-0.0982,-0.8694,-0.8705,0.8391,26
36,16,832.0,Low*Medium*NoStarvation,20,Low*Medium*NoStarvation,7.71,15.71,7,7,20,0.4348,0.1571,0.35,0.0435,-0.0786,-0.07,0.013,0.0,-0.1355,-0.9241,-0.9236,0.8391,46
36,17,898.0,Low*Medium*NoStarvation,30,Medium*Medium*NoStarvation,15.71,26.43,7,7,29,0.4394,0.2643,0.35,0.0439,-0.1321,-0.07,0.0132,0.0,-0.189,-0.9222,-0.9279,0.8391,66
36,18,964.0,Medium*Medium*NoStarvation,30,Medium*Medium*NoStarvation,26.43,27.14,7,7,28,0.4242,0.2714,0.35,0.0424,-0.1357,-0.07,0.0127,0.0,-0.193,-0.9735,-0.9745,0.8391,66
36,19,990.0,Medium*Medium*NoStarvation,10,Low*Medium*NoStarvation,27.14,7.0,7,7,9,0.3462,0.07,0.35,0.0346,-0.035,-0.07,0.0104,0.0,-0.0946,-0.8777,-0.8777,0.8391,26
36,20,1036.0,Low*Medium*NoStarvation,20,Low*Medium*NoStarvation,7.0,15.71,7,7,14,0.3043,0.1571,0.35,0.0304,-0.0786,-0.07,0.0091,0.0,-0.1394,-0.9236,-0.9235,0.8391,46
36,21,1102.0,Low*Medium*NoStarvation,30,Medium*Medium*NoStarvation,15.71,27.0,7,7,15,0.2273,0.27,0.35,0.0227,-0.135,-0.07,0.0068,0.0,-0.1982,-0.9279,-0.9339,0.8391,66
36,22,1198.0,Medium*Medium*NoStarvation,45,Medium*Medium*NoStarvation,27.0,40.71,7,7,22,0.2292,0.4071,0.35,0.0229,-0.2036,-0.07,0.0069,0.0,-0.2667,-1.0316,-1.0341,0.8391,96
36,23,1264.0,Medium*Medium*NoStarvation,30,Medium*Medium*NoStarvation,40.71,24.43,7,7,15,0.2273,0.2443,0.35,0.0227,-0.1221,-0.07,0.0068,0.0,-0.1853,-0.9745,-0.9746,0.8391,66
36,24,1310.0,Medium*Medium*NoStarvation,20,Low*Medium*NoStarvation,24.43,16.14,7,7,10,0.2174,0.1614,0.35,0.0217,-0.0807,-0.07,0.0065,0.0,-0.1442,-0.9292,-0.9291,0.8391,46
36,25,1406.0,Low*Medium*NoStarvation,45,Medium*Medium*NoStarvation,16.14,40.57,7,7,23,0.2396,0.4057,0.35,0.024,-0.2029,-0.07,0.0072,0.0,-0.2657,-1.031,-1.0335,0.8391,96
36,26,1432.0,Medium*Medium*NoStarvation,10,Low*Medium*NoStarvation,40.57,8.0,7,7,4,0.1538,0.08,0.35,0.0154,-0.04,-0.07,0.0046,0.0,-0.1054,-0.8777,-0.8788,0.8391,26
36,27,1458.0,Low*Medium*NoStarvation,10,Low*Medium*NoStarvation,8.0,7.0,7,7,4,0.1538,0.07,0.35,0.0154,-0.035,-0.07,0.0046,0.0,-0.1004,-0.8705,-0.8718,0.8391,26
36,28,1484.0,Low*Medium*NoStarvation,10,Low*Medium*NoStarvation,7.0,6.14,7,7,5,0.1923,0.0614,0.35,0.0192,-0.0307,-0.07,0.0058,0.0,-0.0949,-0.8718,-0.8726,0.8391,26
36,29,1510.0,Low*Medium*NoStarvation,10,Low*Medium*NoStarvation,6.14,6.71,7,7,5,0.1923,0.0671,0.35,0.0192,-0.0336,-0.07,0.0058,0.0,-0.0978,-0.8726,-0.8737,0.8391,26
36,30,1556.0,Low*Medium*NoStarvation,20,Low*Medium*NoStarvation,6.71,16.29,7,7,10,0.2174,0.1629,0.35,0.0217,-0.0814,-0.07,0.0065,0.0,-0.1449,-0.9235,-0.9243,0.8391,46
36,31,1652.0,Low*Medium*NoStarvation,45,Medium*Medium*NoStarvation,16.29,39.71,7,7,23,0.2396,0.3971,0.35,0.024,-0.1986,-0.07,0.0072,0.0,-0.2614,-1.0335,-1.0354,0.8391,96
36,32,1748.0,Medium*Medium*NoStarvation,45,Medium*Medium*NoStarvation,39.71,42.0,7,7,22,0.2292,0.42,0.35,0.0229,-0.21,-0.07,0.0069,0.0,-0.2731,-1.0341,-1.0371,0.8391,96
36,33,1774.0,Medium*Medium*NoStarvation,10,Low*Medium*NoStarvation,42.0,7.57,7,7,5,0.1923,0.0757,0.35,0.0192,-0.0379,-0.07,0.0058,0.0,-0.1021,-0.8788,-0.8798,0.8391,26
36,34,1820.0,Low*Medium*NoStarvation,20,Low*Medium*NoStarvation,7.57,16.71,7,7,10,0.2174,0.1671,0.35,0.0217,-0.0836,-0.07,0.0065,0.0,-0.147,-0.9243,-0.9252,0.8391,46
36,35,1846.0,Low*Medium*NoStarvation,10,Low*Medium*NoStarvation,16.71,7.86,7,7,4,0.1538,0.0786,0.35,0.0154,-0.0393,-0.07,0.0046,0.0,-0.1047,-0.8737,-0.8754,0.8391,26
36,36,1912.0,Low*Medium*NoStarvation,30,Medium*Medium*NoStarvation,7.86,26.43,7,7,15,0.2273,0.2643,0.35,0.0227,-0.1321,-0.07,0.0068,0.0,-0.1953,-0.9339,-0.9393,0.8391,66
36,37,1938.0,Medium*Medium*NoStarvation,10,Low*Medium*NoStarvation,26.43,5.71,7,7,5,0.1923,0.0571,0.35,0.0192,-0.0286,-0.07,0.0058,0.0,-0.0928,-0.8798,-0.8799,0.8391,26
36,38,1964.0,Low*Medium*NoStarvation,10,Low*Medium*NoStarvation,5.71,6.57,7,7,5,0.1923,0.0657,0.35,0.0192,-0.0329,-0.07,0.0058,0.0,-0.0971,-0.8754,-0.8763,0.8391,26
36,39,1990.0,Low*Medium*NoStarvation,10,Low*Medium*NoStarvation,6.57,5.71,7,7,5,0.1923,0.0571,0.35,0.0192,-0.0286,-0.07,0.0058,0.0,-0.0928,-0.8763,-0.8769,0.8391,26
36,40,2016.0,Low*Medium*NoStarvation,10,Low*Medium*NoStarvation,5.71,5.14,7,6,5,0.1923,0.0514,0.3,0.0192,-0.0257,-0.06,0.0058,0.0,-0.0799,-0.8769,-0.8761,0.8391,26
36,41,2062.0,Low*Medium*NoStarvation,20,Low*Medium*NoStarvation,5.14,16.43,6,7,10,0.2174,0.1643,0.35,0.0217,-0.0821,-0.07,0.0065,0.0,-0.1456,-0.9252,-0.9261,0.8391,46
36,42,2108.0,Low*Medium*NoStarvation,20,Low*Medium*NoStarvation,16.43,16.29,7,7,10,0.2174,0.1629,0.35,0.0217,-0.0814,-0.07,0.0065,0.0,-0.1449,-0.9261,-0.9268,0.8391,46
36,43,2134.0,Low*Medium*NoStarvation,10,Low*Medium*NoStarvation,16.29,8.57,7,7,4,0.1538,0.0857,0.35,0.0154,-0.0429,-0.07,0.0046,0.0,-0.1082,-0.8761,-0.8782,0.8391,26
36,44,2160.0,Low*Medium*NoStarvation,10,Low*Medium*NoStarvation,8.57,7.57,7,7,4,0.1538,0.0757,0.35,0.0154,-0.0379,-0.07,0.0046,0.0,-0.1032,-0.8782,-0.8797,0.8391,26
36,45,2256.0,Low*Medium*NoStarvation,45,Medium*Medium*NoStarvation,7.57,40.14,7,7,23,0.2396,0.4014,0.35,0.024,-0.2007,-0.07,0.0072,0.0,-0.2635,-1.0354,-1.0374,0.8391,96
36,46,2282.0,Medium*Medium*NoStarvation,10,Low*Medium*NoStarvation,40.14,5.0,7,6,5,0.1923,0.05,0.3,0.0192,-0.025,-0.06,0.0058,0.0,-0.0792,-0.8799,-0.879,0.8391,26
36,47,2308.0,Low*Medium*NoStarvation,10,Low*Medium*NoStarvation,5.0,6.0,6,7,5,0.1923,0.06,0.35,0.0192,-0.03,-0.07,0.0058,0.0,-0.0942,-0.8797,-0.8803,0.8391,26
36,48,2404.0,Low*Medium*NoStarvation,45,Medium*Medium*NoStarvation,6.0,40.71,7,7,23,0.2396,0.4071,0.35,0.024,-0.2036,-0.07,0.0072,0.0,-0.2664,-1.0374,-1.0394,0.8391,96
36,49,2430.0,Medium*Medium*NoStarvation,10,Low*Medium*NoStarvation,40.71,6.57,7,7,5,0.1923,0.0657,0.35,0.0192,-0.0329,-0.07,0.0058,0.0,-0.0971,-0.879,-0.88,0.8391,26
36,50,2476.0,Low*Medium*NoStarvation,20,Low*Medium*NoStarvation,6.57,18.29,7,7,10,0.2174,0.1829,0.35,0.0217,-0.0914,-0.07,0.0065,0.0,-0.1549,-0.9268,-0.9288,0.8391,46
36,51,2522.0,Low*Medium*NoStarvation,20,Low*Medium*NoStarvation,18.29,16.29,7,7,10,0.2174,0.1629,0.35,0.0217,-0.0814,-0.07,0.0065,0.0,-0.1449,-0.9288,-0.9297,0.8391,46
36,52,2618.0,Low*Medium*NoStarvation,45,Medium*Medium*NoStarvation,16.29,41.0,7,7,23,0.2396,0.41,0.35,0.024,-0.205,-0.07,0.0072,0.0,-0.2678,-1.0394,-1.0414,0.8391,96
36,53,2664.0,Medium*Medium*NoStarvation,20,Low*Medium*NoStarvation,41.0,17.57,7,7,9,0.1957,0.1757,0.35,0.0196,-0.0879,-0.07,0.0059,0.0,-0.152,-0.9291,-0.9306,0.8391,46
36,54,2708.0,Low*Medium*NoStarvation,45,Low*Low*NoStarvation,17.57,0.0,7,0,19,0.1979,0.0,0.0,0.0198,-0.0,-0.0,0.0059,0.0,0.0059,-1.0414,-0.9712,0.8391,96
37,0,96.0,Low*Low*NoStarvation,20,Low*Medium*NoStarvation,0.83,16.14,2,7,21,0.4565,0.1614,0.35,0.0457,-0.0807,-0.07,0.0137,0.0,-0.137,-0.4579,-0.505,0.8349,46
37,1,162.0,Low*Medium*NoStarvation,30,Medium*Medium*NoStarvation,16.14,26.0,7,7,30,0.4545,0.26,0.35,0.0455,-0.13,-0.07,0.0136,0.0,-0.1864,-0.9393,-0.9432,0.8349,66
37,2,228.0,Medium*Medium*NoStarvation,30,Medium*Medium*NoStarvation,26.0,26.29,7,7,30,0.4545,0.2629,0.35,0.0455,-0.1314,-0.07,0.0136,0.0,-0.1878,-0.9746,-0.9751,0.8349,66
37,3,294.0,Medium*Medium*NoStarvation,30,Medium*Medium*NoStarvation,26.29,26.57,7,7,30,0.4545,0.2657,0.35,0.0455,-0.1329,-0.07,0.0136,0.0,-0.1892,-0.9751,-0.9757,0.8349,66
37,4,340.0,Medium*Medium*NoStarvation,20,Low*Medium*NoStarvation,26.57,16.71,7,7,20,0.4348,0.1671,0.35,0.0435,-0.0836,-0.07,0.013,0.0,-0.1405,-0.9306,-0.9308,0.8349,46
37,5,366.0,Low*Medium*NoStarvation,10,Low*Medium*NoStarvation,16.71,6.14,7,6,10,0.3846,0.0614,0.3,0.0385,-0.0307,-0.06,0.0115,0.0,-0.0792,-0.8803,-0.8794,0.8349,26
37,6,432.0,Low*Medium*NoStarvation,30,Medium*Medium*NoStarvation,6.14,25.71,6,7,29,0.4394,0.2571,0.35,0.0439,-0.1286,-0.07,0.0132,0.0,-0.1854,-0.9432,-0.9466,0.8349,66
37,7,478.0,Medium*Medium*NoStarvation,20,Low*Medium*NoStarvation,25.71,15.57,7,7,20,0.4348,0.1557,0.35,0.0435,-0.0779,-0.07,0.013,0.0,-0.1348,-0.9308,-0.9304,0.8349,46
37,8,504.0,Low*Medium*NoStarvation,10,Low*Medium*NoStarvation,15.57,8.0,7,7,8,0.3077,0.08,0.35,0.0308,-0.04,-0.07,0.0092,0.0,-0.1008,-0.8794,-0.8807,0.8349,26
37,9,600.0,Low*Medium*NoStarvation,45,Medium*Medium*NoStarvation,8.0,40.71,7,7,42,0.4375,0.4071,0.35,0.0437,-0.2036,-0.07,0.0131,0.0,-0.2604,-0.9712,-0.9793,0.8349,96
37,10,646.0,Medium*Medium*NoStarvation,20,Low*Medium*NoStarvation,40.71,16.57,7,7,19,0.413,0.1657,0.35,0.0413,-0.0829,-0.07,0.0124,0.0,-0.1405,-0.9304,-0.9306,0.8349,46
37,11,692.0,Low*Medium*NoStarvation,20,Low*Medium*NoStarvation,16.57,17.0,7,7,19,0.413,0.17,0.35,0.0413,-0.085,-0.07,0.0124,0.0,-0.1426,-0.9297,-0.9302,0.8349,46
37,12,738.0,Low*Medium*NoStarvation,20,Low*Medium*NoStarvation,17.0,16.14,7,7,20,0.4348,0.1614,0.35,0.0435,-0.0807,-0.07,0.013,0.0,-0.1377,-0.9302,-0.9302,0.8349,46
37,13,804.0,Low*Medium*NoStarvation,30,Medium*Medium*NoStarvation,16.14,25.86,7,7,28,0.4242,0.2586,0.35,0.0424,-0.1293,-0.07,0.0127,0.0,-0.1866,-0.9466,-0.9498,0.8349,66
37,14,870.0,Medium*Medium*NoStarvation,30,Medium*Medium*NoStarvation,25.86,28.29,7,7,27,0.4091,0.2829,0.35,0.0409,-0.1414,-0.07,0.0123,0.0,-0.1992,-0.9757,-0.9773,0.8349,66
37,15,896.0,Medium*Medium*NoStarvation,10,Low*Medium*NoStarvation,28.29,5.86,7,6,9,0.3462,0.0586,0.3,0.0346,-0.0293,-0.06,0.0104,0.0,-0.0789,-0.88,-0.8792,0.8349,26
37,16,922.0,Low*Medium*NoStarvation,10,Low*Medium*NoStarvation,5.86,6.81,6,8,9,0.3462,0.0681,0.4,0.0346,-0.034,-0.08,0.0104,0.0,-0.1037,-0.8807,-0.8823,0.8349,26
37,17,968.0,Low*Medium*NoStarvation,20,Low*Medium*NoStarvation,6.81,16.14,8,7,20,0.4348,0.1614,0.35,0.0435,-0.0807,-0.07,0.013,0.0,-0.1377,-0.9302,-0.9304,0.8349,46
37,18,1034.0,Low*Medium*NoStarvation,30,Medium*Medium*NoStarvation,16.14,25.43,7,7,25,0.3788,0.2543,0.35,0.0379,-0.1271,-0.07,0.0114,0.0,-0.1858,-0.9498,-0.9525,0.8349,66
37,19,1060.0,Medium*Medium*NoStarvation,10,Low*Medium*NoStarvation,25.43,6.29,7,7,5,0.1923,0.0629,0.35,0.0192,-0.0314,-0.07,0.0058,0.0,-0.0957,-0.8792,-0.8802,0.8349,26
37,20,1086.0,Low*Medium*NoStarvation,10,Low*Medium*NoStarvation,6.29,6.29,7,7,5,0.1923,0.0629,0.35,0.0192,-0.0314,-0.07,0.0058,0.0,-0.0957,-0.8823,-0.883,0.8349,26
37,21,1182.0,Low*Medium*NoStarvation,45,Medium*Medium*NoStarvation,6.29,40.29,7,7,23,0.2396,0.4029,0.35,0.024,-0.2014,-0.07,0.0072,0.0,-0.2642,-0.9793,-0.987,0.8349,96
37,22,1248.0,Medium*Medium*NoStarvation,30,Medium*Medium*NoStarvation,40.29,27.14,7,7,15,0.2273,0.2714,0.35,0.0227,-0.1357,-0.07,0.0068,0.0,-0.1989,-0.9773,-0.9786,0.8349,66
37,23,1344.0,Medium*Medium*NoStarvation,45,Medium*Medium*NoStarvation,27.14,41.86,7,7,22,0.2292,0.4186,0.35,0.0229,-0.2093,-0.07,0.0069,0.0,-0.2724,-1.0371,-1.0398,0.8349,96
37,24,1410.0,Medium*Medium*NoStarvation,30,Medium*Medium*NoStarvation,41.86,26.29,7,7,15,0.2273,0.2629,0.35,0.0227,-0.1314,-0.07,0.0068,0.0,-0.1946,-0.9786,-0.9795,0.8349,66
37,25,1456.0,Medium*Medium*NoStarvation,20,Low*Medium*NoStarvation,26.29,15.86,7,7,10,0.2174,0.1586,0.35,0.0217,-0.0793,-0.07,0.0065,0.0,-0.1428,-0.9306,-0.9313,0.8349,46
37,26,1482.0,Low*Medium*NoStarvation,10,Low*Medium*NoStarvation,15.86,6.14,7,7,5,0.1923,0.0614,0.35,0.0192,-0.0307,-0.07,0.0058,0.0,-0.0949,-0.883,-0.8837,0.8349,26
37,27,1528.0,Low*Medium*NoStarvation,20,Low*Medium*NoStarvation,6.14,17.86,7,7,9,0.1957,0.1786,0.35,0.0196,-0.0893,-0.07,0.0059,0.0,-0.1534,-0.9304,-0.9322,0.8349,46
37,28,1574.0,Low*Medium*NoStarvation,20,Low*Medium*NoStarvation,17.86,16.86,7,7,10,0.2174,0.1686,0.35,0.0217,-0.0843,-0.07,0.0065,0.0,-0.1478,-0.9322,-0.9333,0.8349,46
37,29,1670.0,Low*Medium*NoStarvation,45,Medium*Medium*NoStarvation,16.86,41.43,7,7,23,0.2396,0.4143,0.35,0.024,-0.2071,-0.07,0.0072,0.0,-0.27,-0.987,-0.9945,0.8349,96
37,30,1736.0,Medium*Medium*NoStarvation,30,Medium*Medium*NoStarvation,41.43,25.86,7,7,15,0.2273,0.2586,0.35,0.0227,-0.1293,-0.07,0.0068,0.0,-0.1925,-0.9795,-0.98,0.8349,66
37,31,1762.0,Medium*Medium*NoStarvation,10,Low*Medium*NoStarvation,25.86,6.86,7,7,5,0.1923,0.0686,0.35,0.0192,-0.0343,-0.07,0.0058,0.0,-0.0985,-0.8802,-0.8816,0.8349,26
37,32,1828.0,Low*Medium*NoStarvation,30,Medium*Medium*NoStarvation,6.86,25.86,7,7,15,0.2273,0.2586,0.35,0.0227,-0.1293,-0.07,0.0068,0.0,-0.1925,-0.9525,-0.9559,0.8349,66
37,33,1894.0,Medium*Medium*NoStarvation,30,Medium*Medium*NoStarvation,25.86,26.14,7,7,15,0.2273,0.2614,0.35,0.0227,-0.1307,-0.07,0.0068,0.0,-0.1939,-0.98,-0.9807,0.8349,66
37,34,1990.0,Medium*Medium*NoStarvation,45,Medium*Medium*NoStarvation,26.14,41.57,7,7,22,0.2292,0.4157,0.35,0.0229,-0.2079,-0.07,0.0069,0.0,-0.271,-1.0398,-1.0423,0.8349,96
37,35,2016.0,Medium*Medium*NoStarvation,10,Low*Medium*NoStarvation,41.57,6.43,7,7,5,0.1923,0.0643,0.35,0.0192,-0.0321,-0.07,0.0058,0.0,-0.0964,-0.8816,-0.8826,0.8349,26
37,36,2042.0,Low*Medium*NoStarvation,10,Low*Medium*NoStarvation,6.43,8.57,7,7,4,0.1538,0.0857,0.35,0.0154,-0.0429,-0.07,0.0046,0.0,-0.1082,-0.8837,-0.8857,0.8349,26
37,37,2138.0,Low*Medium*NoStarvation,45,Medium*Medium*NoStarvation,8.57,41.0,7,7,23,0.2396,0.41,0.35,0.024,-0.205,-0.07,0.0072,0.0,-0.2678,-0.9945,-1.0013,0.8349,96
37,38,2204.0,Medium*Medium*NoStarvation,30,Medium*Medium*NoStarvation,41.0,25.57,7,7,15,0.2273,0.2557,0.35,0.0227,-0.1279,-0.07,0.0068,0.0,-0.191,-0.9807,-0.9812,0.8349,66
37,39,2230.0,Medium*Medium*NoStarvation,10,Low*Medium*NoStarvation,25.57,7.71,7,7,4,0.1538,0.0771,0.35,0.0154,-0.0386,-0.07,0.0046,0.0,-0.104,-0.8826,-0.8845,0.8349,26
37,40,2296.0,Low*Medium*NoStarvation,30,Medium*Medium*NoStarvation,7.71,26.0,7,7,15,0.2273,0.26,0.35,0.0227,-0.13,-0.07,0.0068,0.0,-0.1932,-0.9559,-0.9592,0.8349,66
37,41,2322.0,Medium*Medium*NoStarvation,10,Low*Medium*NoStarvation,26.0,7.86,7,7,4,0.1538,0.0786,0.35,0.0154,-0.0393,-0.07,0.0046,0.0,-0.1047,-0.8845,-0.8862,0.8349,26
37,42,2348.0,Low*Medium*NoStarvation,10,Low*Medium*NoStarvation,7.86,7.43,7,7,4,0.1538,0.0743,0.35,0.0154,-0.0371,-0.07,0.0046,0.0,-0.1025,-0.8857,-0.8871,0.8349,26
37,43,2374.0,Low*Medium*NoStarvation,10,Low*Medium*NoStarvation,7.43,8.43,7,7,4,0.1538,0.0843,0.35,0.0154,-0.0421,-0.07,0.0046,0.0,-0.1075,-0.8871,-0.889,0.8349,26
37,44,2440.0,Low*Medium*NoStarvation,30,Medium*Medium*NoStarvation,8.43,26.29,7,7,15,0.2273,0.2629,0.35,0.0227,-0.1314,-0.07,0.0068,0.0,-0.1946,-0.9592,-0.9625,0.8349,66
37,45,2466.0,Medium*Medium*NoStarvation,10,Low*Medium*NoStarvation,26.29,8.57,7,7,4,0.1538,0.0857,0.35,0.0154,-0.0429,-0.07,0.0046,0.0,-0.1082,-0.8862,-0.8884,0.8349,26
37,46,2492.0,Low*Medium*NoStarvation,10,Low*Medium*NoStarvation,8.57,6.71,7,7,5,0.1923,0.0671,0.35,0.0192,-0.0336,-0.07,0.0058,0.0,-0.0978,-0.889,-0.8898,0.8349,26
37,47,2518.0,Low*Medium*NoStarvation,10,Low*Medium*NoStarvation,6.71,7.43,7,7,4,0.1538,0.0743,0.35,0.0154,-0.0371,-0.07,0.0046,0.0,-0.1025,-0.8898,-0.8912,0.8349,26
37,48,2614.0,Low*Medium*NoStarvation,45,Medium*Medium*NoStarvation,7.43,40.43,7,7,23,0.2396,0.4043,0.35,0.024,-0.2021,-0.07,0.0072,0.0,-0.265,-1.0013,-1.0076,0.8349,96
37,49,2640.0,Medium*Medium*NoStarvation,10,Low*Medium*NoStarvation,40.43,8.57,7,7,4,0.1538,0.0857,0.35,0.0154,-0.0429,-0.07,0.0046,0.0,-0.1082,-0.8884,-0.8906,0.8349,26
37,50,2682.0,Low*Medium*NoStarvation,45,Low*Low*NoStarvation,8.57,0.0,7,0,18,0.1875,0.0,0.0,0.0187,-0.0,-0.0,0.0056,0.0,0.0056,-1.0076,-0.9408,0.8349,96
38,0,76.0,Low*Low*NoStarvation,10,Low*Medium*NoStarvation,0.83,6.71,2,7,11,0.4231,0.0671,0.35,0.0423,-0.0336,-0.07,0.0127,0.0,-0.0909,-0.4084,-0.4569,0.8307,26
38,1,172.0,Low*Medium*NoStarvation,45,Medium*Medium*NoStarvation,6.71,40.57,7,7,46,0.4792,0.4057,0.35,0.0479,-0.2029,-0.07,0.0144,0.0,-0.2585,-0.9408,-0.9527,0.8307,96
38,2,218.0,Medium*Medium*NoStarvation,20,Low*Medium*NoStarvation,40.57,17.14,7,7,20,0.4348,0.1714,0.35,0.0435,-0.0857,-0.07,0.013,0.0,-0.1427,-0.9313,-0.9327,0.8307,46
38,3,284.0,Low*Medium*NoStarvation,30,Medium*Medium*NoStarvation,17.14,26.14,7,7,30,0.4545,0.2614,0.35,0.0455,-0.1307,-0.07,0.0136,0.0,-0.1871,-0.9625,-0.9651,0.8307,66
38,4,310.0,Medium*Medium*NoStarvation,10,Low*Medium*NoStarvation,26.14,6.14,7,7,9,0.3462,0.0614,0.35,0.0346,-0.0307,-0.07,0.0104,0.0,-0.0903,-0.8906,-0.8908,0.8307,26
38,5,376.0,Low*Medium*NoStarvation,30,Medium*Medium*NoStarvation,6.14,26.14,7,7,30,0.4545,0.2614,0.35,0.0455,-0.1307,-0.07,0.0136,0.0,-0.1871,-0.9651,-0.9675,0.8307,66
38,6,422.0,Medium*Medium*NoStarvation,20,Low*Medium*NoStarvation,26.14,16.43,7,7,20,0.4348,0.1643,0.35,0.0435,-0.0821,-0.07,0.013,0.0,-0.1391,-0.9327,-0.9335,0.8307,46
38,7,488.0,Low*Medium*NoStarvation,30,Medium*Medium*NoStarvation,16.43,26.0,7,7,29,0.4394,0.26,0.35,0.0439,-0.13,-0.07,0.0132,0.0,-0.1868,-0.9675,-0.9696,0.8307,66
38,8,534.0,Medium*Medium*NoStarvation,20,Low*Medium*NoStarvation,26.0,15.57,7,7,19,0.413,0.1557,0.35,0.0413,-0.0779,-0.07,0.0124,0.0,-0.1355,-0.9335,-0.9339,0.8307,46
38,9,600.0,Low*Medium*NoStarvation,30,Medium*Medium*NoStarvation,15.57,26.29,7,7,28,0.4242,0.2629,0.35,0.0424,-0.1314,-0.07,0.0127,0.0,-0.1887,-0.9696,-0.9717,0.8307,66
38,10,696.0,Medium*Medium*NoStarvation,45,Medium*Medium*NoStarvation,26.29,43.29,7,7,41,0.4271,0.4329,0.35,0.0427,-0.2164,-0.07,0.0128,0.0,-0.2736,-1.0423,-1.0456,0.8307,96
38,11,722.0,Medium*Medium*NoStarvation,10,Low*Medium*NoStarvation,43.29,7.71,7,7,8,0.3077,0.0771,0.35,0.0308,-0.0386,-0.07,0.0092,0.0,-0.0993,-0.8908,-0.8918,0.8307,26
38,12,748.0,Low*Medium*NoStarvation,10,Low*Medium*NoStarvation,7.71,6.86,7,7,10,0.3846,0.0686,0.35,0.0385,-0.0343,-0.07,0.0115,0.0,-0.0927,-0.8912,-0.8916,0.8307,26
38,13,794.0,Low*Medium*NoStarvation,20,Low*Medium*NoStarvation,6.86,15.57,7,7,20,0.4348,0.1557,0.35,0.0435,-0.0779,-0.07,0.013,0.0,-0.1348,-0.9333,-0.9337,0.8307,46
38,14,890.0,Low*Medium*NoStarvation,45,Medium*Medium*NoStarvation,15.57,41.29,7,7,42,0.4375,0.4129,0.35,0.0437,-0.2064,-0.07,0.0131,0.0,-0.2633,-0.9527,-0.964,0.8307,96
38,15,936.0,Medium*Medium*NoStarvation,20,Low*Medium*NoStarvation,41.29,17.57,7,7,18,0.3913,0.1757,0.35,0.0391,-0.0879,-0.07,0.0117,0.0,-0.1461,-0.9339,-0.9354,0.8307,46
38,16,962.0,Low*Medium*NoStarvation,10,Low*Medium*NoStarvation,17.57,5.71,7,6,10,0.3846,0.0571,0.3,0.0385,-0.0286,-0.06,0.0115,0.0,-0.077,-0.8916,-0.8903,0.8307,26
38,17,1028.0,Low*Medium*NoStarvation,30,Medium*Medium*NoStarvation,5.71,25.57,6,7,25,0.3788,0.2557,0.35,0.0379,-0.1279,-0.07,0.0114,0.0,-0.1865,-0.9717,-0.9734,0.8307,66
38,18,1054.0,Medium*Medium*NoStarvation,10,Low*Medium*NoStarvation,25.57,6.86,7,7,5,0.1923,0.0686,0.35,0.0192,-0.0343,-0.07,0.0058,0.0,-0.0985,-0.8918,-0.8926,0.8307,26
38,19,1100.0,Low*Medium*NoStarvation,20,Low*Medium*NoStarvation,6.86,16.14,7,7,10,0.2174,0.1614,0.35,0.0217,-0.0807,-0.07,0.0065,0.0,-0.1442,-0.9337,-0.9349,0.8307,46
38,20,1166.0,Low*Medium*NoStarvation,30,Medium*Medium*NoStarvation,16.14,26.14,7,7,15,0.2273,0.2614,0.35,0.0227,-0.1307,-0.07,0.0068,0.0,-0.1939,-0.9734,-0.9758,0.8307,66
38,21,1262.0,Medium*Medium*NoStarvation,45,Medium*Medium*NoStarvation,26.14,43.0,7,7,22,0.2292,0.43,0.35,0.0229,-0.215,-0.07,0.0069,0.0,-0.2781,-1.0456,-1.0492,0.8307,96
38,22,1288.0,Medium*Medium*NoStarvation,10,Low*Medium*NoStarvation,43.0,6.14,7,7,5,0.1923,0.0614,0.35,0.0192,-0.0307,-0.07,0.0058,0.0,-0.0949,-0.8926,-0.893,0.8307,26
38,23,1354.0,Low*Medium*NoStarvation,30,Medium*Medium*NoStarvation,6.14,27.0,7,7,14,0.2121,0.27,0.35,0.0212,-0.135,-0.07,0.0064,0.0,-0.1986,-0.9758,-0.9784,0.8307,66
38,24,1420.0,Medium*Medium*NoStarvation,30,Medium*Medium*NoStarvation,27.0,25.57,7,7,15,0.2273,0.2557,0.35,0.0227,-0.1279,-0.07,0.0068,0.0,-0.191,-0.9812,-0.9825,0.8307,66
38,25,1486.0,Medium*Medium*NoStarvation,30,Medium*Medium*NoStarvation,25.57,24.43,7,7,15,0.2273,0.2443,0.35,0.0227,-0.1221,-0.07,0.0068,0.0,-0.1853,-0.9825,-0.9832,0.8307,66
38,26,1512.0,Medium*Medium*NoStarvation,10,Low*Medium*NoStarvation,24.43,8.43,7,7,4,0.1538,0.0843,0.35,0.0154,-0.0421,-0.07,0.0046,0.0,-0.1075,-0.893,-0.8946,0.8307,26
38,27,1538.0,Low*Medium*NoStarvation,10,Low*Medium*NoStarvation,8.43,6.71,7,7,5,0.1923,0.0671,0.35,0.0192,-0.0336,-0.07,0.0058,0.0,-0.0978,-0.8903,-0.8912,0.8307,26
38,28,1634.0,Low*Medium*NoStarvation,45,Medium*Medium*NoStarvation,6.71,40.71,7,7,23,0.2396,0.4071,0.35,0.024,-0.2036,-0.07,0.0072,0.0,-0.2664,-0.964,-0.9748,0.8307,96
38,29,1680.0,Medium*Medium*NoStarvation,20,Low*Medium*NoStarvation,40.71,15.57,7,7,10,0.2174,0.1557,0.35,0.0217,-0.0779,-0.07,0.0065,0.0,-0.1413,-0.9354,-0.9362,0.8307,46
38,30,1726.0,Low*Medium*NoStarvation,20,Low*Medium*NoStarvation,15.57,16.14,7,7,10,0.2174,0.1614,0.35,0.0217,-0.0807,-0.07,0.0065,0.0,-0.1442,-0.9349,-0.936,0.8307,46
38,31,1752.0,Low*Medium*NoStarvation,10,Low*Medium*NoStarvation,16.14,6.43,7,7,5,0.1923,0.0643,0.35,0.0192,-0.0321,-0.07,0.0058,0.0,-0.0964,-0.8912,-0.8919,0.8307,26
38,32,1818.0,Low*Medium*NoStarvation,30,Medium*Medium*NoStarvation,6.43,26.29,7,7,15,0.2273,0.2629,0.35,0.0227,-0.1314,-0.07,0.0068,0.0,-0.1946,-0.9784,-0.9806,0.8307,66
38,33,1844.0,Medium*Medium*NoStarvation,10,Low*Medium*NoStarvation,26.29,6.14,7,7,5,0.1923,0.0614,0.35,0.0192,-0.0307,-0.07,0.0058,0.0,-0.0949,-0.8946,-0.8949,0.8307,26
38,34,1870.0,Low*Medium*NoStarvation,10,Low*Medium*NoStarvation,6.14,8.0,7,7,4,0.1538,0.08,0.35,0.0154,-0.04,-0.07,0.0046,0.0,-0.1054,-0.8919,-0.8936,0.8307,26
38,35,1936.0,Low*Medium*NoStarvation,30,Medium*Medium*NoStarvation,8.0,26.29,7,7,15,0.2273,0.2629,0.35,0.0227,-0.1314,-0.07,0.0068,0.0,-0.1946,-0.9806,-0.9825,0.8307,66
38,36,1962.0,Medium*Medium*NoStarvation,10,Low*Medium*NoStarvation,26.29,6.14,7,7,5,0.1923,0.0614,0.35,0.0192,-0.0307,-0.07,0.0058,0.0,-0.0949,-0.8949,-0.8953,0.8307,26
38,37,2008.0,Low*Medium*NoStarvation,20,Low*Medium*NoStarvation,6.14,16.14,7,7,10,0.2174,0.1614,0.35,0.0217,-0.0807,-0.07,0.0065,0.0,-0.1442,-0.936,-0.9373,0.8307,46
38,38,2034.0,Low*Medium*NoStarvation,10,Low*Medium*NoStarvation,16.14,6.0,7,7,5,0.1923,0.06,0.35,0.0192,-0.03,-0.07,0.0058,0.0,-0.0942,-0.8936,-0.8941,0.8307,26
38,39,2060.0,Low*Medium*NoStarvation,10,Low*Medium*NoStarvation,6.0,7.0,7,7,5,0.1923,0.07,0.35,0.0192,-0.035,-0.07,0.0058,0.0,-0.0992,-0.8941,-0.895,0.8307,26
38,40,2106.0,Low*Medium*NoStarvation,20,Low*Medium*NoStarvation,7.0,15.86,7,7,10,0.2174,0.1586,0.35,0.0217,-0.0793,-0.07,0.0065,0.0,-0.1428,-0.9373,-0.9384,0.8307,46
38,41,2172.0,Low*Medium*NoStarvation,30,Medium*Medium*NoStarvation,15.86,26.43,7,7,15,0.2273,0.2643,0.35,0.0227,-0.1321,-0.07,0.0068,0.0,-0.1953,-0.9825,-0.9844,0.8307,66
38,42,2218.0,Medium*Medium*NoStarvation,20,Low*Medium*NoStarvation,26.43,16.0,7,7,10,0.2174,0.16,0.35,0.0217,-0.08,-0.07,0.0065,0.0,-0.1435,-0.9362,-0.9375,0.8307,46
38,43,2284.0,Low*Medium*NoStarvation,30,Medium*Medium*NoStarvation,16.0,26.14,7,7,15,0.2273,0.2614,0.35,0.0227,-0.1307,-0.07,0.0068,0.0,-0.1939,-0.9844,-0.9859,0.8307,66
38,44,2310.0,Medium*Medium*NoStarvation,10,Low*Medium*NoStarvation,26.14,6.29,7,7,5,0.1923,0.0629,0.35,0.0192,-0.0314,-0.07,0.0058,0.0,-0.0957,-0.8953,-0.8959,0.8307,26
38,45,2356.0,Low*Medium*NoStarvation,20,Low*Medium*NoStarvation,6.29,15.29,7,7,10,0.2174,0.1529,0.35,0.0217,-0.0764,-0.07,0.0065,0.0,-0.1399,-0.9384,-0.9391,0.8307,46
38,46,2382.0,Low*Medium*NoStarvation,10,Low*Medium*NoStarvation,15.29,8.71,7,7,4,0.1538,0.0871,0.35,0.0154,-0.0436,-0.07,0.0046,0.0,-0.109,-0.895,-0.897,0.8307,26
38,47,2428.0,Low*Medium*NoStarvation,20,Low*Medium*NoStarvation,8.71,16.43,7,7,10,0.2174,0.1643,0.35,0.0217,-0.0821,-0.07,0.0065,0.0,-0.1456,-0.9391,-0.9405,0.8307,46
38,48,2474.0,Low*Medium*NoStarvation,20,Low*Medium*NoStarvation,16.43,15.57,7,7,10,0.2174,0.1557,0.35,0.0217,-0.0779,-0.07,0.0065,0.0,-0.1413,-0.9405,-0.9413,0.8307,46
38,49,2570.0,Low*Medium*NoStarvation,45,Medium*Medium*NoStarvation,15.57,40.29,7,7,23,0.2396,0.4029,0.35,0.024,-0.2014,-0.07,0.0072,0.0,-0.2642,-0.9748,-0.9844,0.8307,96
38,50,2596.0,Medium*Medium*NoStarvation,10,Low*Medium*NoStarvation,40.29,7.71,7,7,4,0.1538,0.0771,0.35,0.0154,-0.0386,-0.07,0.0046,0.0,-0.104,-0.8959,-0.8974,0.8307,26
38,51,2692.0,Low*Medium*NoStarvation,45,Medium*Low*NoStarvation,7.71,43.25,7,4,23,0.2396,0.4325,0.2,0.024,-0.2162,-0.04,0.0072,0.0,-0.2491,-0.9844,-0.9108,0.8307,96
38,52,2707.0,Medium*Low*NoStarvation,30,Low*Low*NoStarvation,43.25,0.0,4,0,4,0.0606,0.0,0.0,0.0061,-0.0,-0.0,0.0018,0.0,0.0018,0.0,-0.0343,0.8307,66
39,0,146.0,Low*Low*NoStarvation,45,Medium*Medium*NoStarvation,0.83,40.71,2,7,47,0.4896,0.4071,0.35,0.049,-0.2036,-0.07,0.0147,0.0,-0.2589,-0.3834,-0.4517,0.8266,96
39,1,242.0,Medium*Medium*NoStarvation,45,Medium*Medium*NoStarvation,40.71,40.14,7,7,45,0.4688,0.4014,0.35,0.0469,-0.2007,-0.07,0.0141,0.0,-0.2567,-1.0492,-1.0507,0.8266,96
39,2,268.0,Medium*Medium*NoStarvation,10,Low*Medium*NoStarvation,40.14,8.71,7,7,10,0.3846,0.0871,0.35,0.0385,-0.0436,-0.07,0.0115,0.0,-0.102,-0.8974,-0.8986,0.8266,26
39,3,334.0,Low*Medium*NoStarvation,30,Medium*Medium*NoStarvation,8.71,26.57,7,7,29,0.4394,0.2657,0.35,0.0439,-0.1329,-0.07,0.0132,0.0,-0.1897,-0.9859,-0.9872,0.8266,66
39,4,380.0,Medium*Medium*NoStarvation,20,Low*Medium*NoStarvation,26.57,16.43,7,7,19,0.413,0.1643,0.35,0.0413,-0.0821,-0.07,0.0124,0.0,-0.1398,-0.9375,-0.9384,0.8266,46
39,5,426.0,Low*Medium*NoStarvation,20,Low*Medium*NoStarvation,16.43,16.0,7,7,19,0.413,0.16,0.35,0.0413,-0.08,-0.07,0.0124,0.0,-0.1376,-0.9413,-0.9416,0.8266,46
39,6,452.0,Low*Medium*NoStarvation,10,Low*Medium*NoStarvation,16.0,6.71,7,7,10,0.3846,0.0671,0.35,0.0385,-0.0336,-0.07,0.0115,0.0,-0.092,-0.897,-0.8972,0.8266,26
39,7,518.0,Low*Medium*NoStarvation,30,Medium*Medium*NoStarvation,6.71,26.29,7,7,29,0.4394,0.2629,0.35,0.0439,-0.1314,-0.07,0.0132,0.0,-0.1882,-0.9872,-0.9881,0.8266,66
39,8,584.0,Medium*Medium*NoStarvation,30,Medium*Medium*NoStarvation,26.29,25.86,7,7,28,0.4242,0.2586,0.35,0.0424,-0.1293,-0.07,0.0127,0.0,-0.1866,-0.9832,-0.9844,0.8266,66
39,9,610.0,Medium*Medium*NoStarvation,10,Low*Medium*NoStarvation,25.86,6.14,7,7,9,0.3462,0.0614,0.35,0.0346,-0.0307,-0.07,0.0104,0.0,-0.0903,-0.8986,-0.8985,0.8266,26
39,10,676.0,Low*Medium*NoStarvation,30,Medium*Medium*NoStarvation,6.14,26.29,7,7,29,0.4394,0.2629,0.35,0.0439,-0.1314,-0.07,0.0132,0.0,-0.1882,-0.9881,-0.989,0.8266,66
39,11,702.0,Medium*Medium*NoStarvation,10,Low*Medium*NoStarvation,26.29,8.0,7,7,9,0.3462,0.08,0.35,0.0346,-0.04,-0.07,0.0104,0.0,-0.0996,-0.8985,-0.8994,0.8266,26
39,12,748.0,Low*Medium*NoStarvation,20,Low*Medium*NoStarvation,8.0,16.86,7,7,20,0.4348,0.1686,0.35,0.0435,-0.0843,-0.07,0.013,0.0,-0.1412,-0.9416,-0.9423,0.8266,46
39,13,844.0,Low*Medium*NoStarvation,45,Medium*Medium*NoStarvation,16.86,42.29,7,7,41,0.4271,0.4229,0.35,0.0427,-0.2114,-0.07,0.0128,0.0,-0.2686,-0.9108,-0.9276,0.8266,96
39,14,910.0,Medium*Medium*NoStarvation,30,Medium*Medium*NoStarvation,42.29,28.43,7,7,27,0.4091,0.2843,0.35,0.0409,-0.1421,-0.07,0.0123,0.0,-0.1999,-0.9844,-0.9869,0.8266,66
39,15,956.0,Medium*Medium*NoStarvation,20,Low*Medium*NoStarvation,28.43,15.71,7,7,19,0.413,0.1571,0.35,0.0413,-0.0786,-0.07,0.0124,0.0,-0.1362,-0.9384,-0.9389,0.8266,46
39,16,1052.0,Low*Medium*NoStarvation,45,Medium*Medium*NoStarvation,15.71,41.86,7,7,32,0.3333,0.4186,0.35,0.0333,-0.2093,-0.07,0.01,0.0,-0.2693,-0.9276,-0.9427,0.8266,96
39,17,1148.0,Medium*Medium*NoStarvation,45,Medium*Medium*NoStarvation,41.86,41.43,7,7,22,0.2292,0.4143,0.35,0.0229,-0.2071,-0.07,0.0069,0.0,-0.2703,-1.0507,-1.0536,0.8266,96
39,18,1244.0,Medium*Medium*NoStarvation,45,Medium*Medium*NoStarvation,41.43,41.86,7,7,22,0.2292,0.4186,0.35,0.0229,-0.2093,-0.07,0.0069,0.0,-0.2724,-1.0536,-1.0564,0.8266,96
39,19,1270.0,Medium*Medium*NoStarvation,10,Low*Medium*NoStarvation,41.86,6.0,7,7,5,0.1923,0.06,0.35,0.0192,-0.03,-0.07,0.0058,0.0,-0.0942,-0.8994,-0.8996,0.8266,26
39,20,1296.0,Low*Medium*NoStarvation,10,Low*Medium*NoStarvation,6.0,6.0,7,7,5,0.1923,0.06,0.35,0.0192,-0.03,-0.07,0.0058,0.0,-0.0942,-0.8972,-0.8977,0.8266,26
39,21,1322.0,Low*Medium*NoStarvation,10,Low*Medium*NoStarvation,6.0,5.43,7,7,5,0.1923,0.0543,0.35,0.0192,-0.0271,-0.07,0.0058,0.0,-0.0914,-0.8977,-0.8978,0.8266,26
39,22,1368.0,Low*Medium*NoStarvation,20,Low*Medium*NoStarvation,5.43,16.29,7,7,10,0.2174,0.1629,0.35,0.0217,-0.0814,-0.07,0.0065,0.0,-0.1449,-0.9423,-0.9434,0.8266,46
39,23,1394.0,Low*Medium*NoStarvation,10,Low*Medium*NoStarvation,16.29,8.29,7,7,4,0.1538,0.0829,0.35,0.0154,-0.0414,-0.07,0.0046,0.0,-0.1068,-0.8978,-0.8995,0.8266,26
39,24,1420.0,Low*Medium*NoStarvation,10,Low*Medium*NoStarvation,8.29,8.43,7,7,4,0.1538,0.0843,0.35,0.0154,-0.0421,-0.07,0.0046,0.0,-0.1075,-0.8995,-0.9013,0.8266,26
39,25,1486.0,Low*Medium*NoStarvation,30,Medium*Medium*NoStarvation,8.43,25.71,7,7,15,0.2273,0.2571,0.35,0.0227,-0.1286,-0.07,0.0068,0.0,-0.1918,-0.989,-0.9903,0.8266,66
39,26,1582.0,Medium*Medium*NoStarvation,45,Medium*Medium*NoStarvation,25.71,40.29,7,7,23,0.2396,0.4029,0.35,0.024,-0.2014,-0.07,0.0072,0.0,-0.2642,-1.0564,-1.0582,0.8266,96
39,27,1648.0,Medium*Medium*NoStarvation,30,Medium*Medium*NoStarvation,40.29,25.0,7,7,15,0.2273,0.25,0.35,0.0227,-0.125,-0.07,0.0068,0.0,-0.1882,-0.9869,-0.988,0.8266,66
39,28,1694.0,Medium*Medium*NoStarvation,20,Low*Medium*NoStarvation,25.0,16.14,7,7,9,0.1957,0.1614,0.35,0.0196,-0.0807,-0.07,0.0059,0.0,-0.1448,-0.9389,-0.9407,0.8266,46
39,29,1720.0,Low*Medium*NoStarvation,10,Low*Medium*NoStarvation,16.14,5.57,7,6,5,0.1923,0.0557,0.3,0.0192,-0.0279,-0.06,0.0058,0.0,-0.0821,-0.9013,-0.9005,0.8266,26
39,30,1746.0,Low*Medium*NoStarvation,10,Low*Medium*NoStarvation,5.57,8.57,6,7,4,0.1538,0.0857,0.35,0.0154,-0.0429,-0.07,0.0046,0.0,-0.1082,-0.9005,-0.9023,0.8266,26
39,31,1792.0,Low*Medium*NoStarvation,20,Low*Medium*NoStarvation,8.57,16.0,7,7,10,0.2174,0.16,0.35,0.0217,-0.08,-0.07,0.0065,0.0,-0.1435,-0.9434,-0.9446,0.8266,46
39,32,1818.0,Low*Medium*NoStarvation,10,Low*Medium*NoStarvation,16.0,7.71,7,7,4,0.1538,0.0771,0.35,0.0154,-0.0386,-0.07,0.0046,0.0,-0.104,-0.9023,-0.9037,0.8266,26
39,33,1844.0,Low*Medium*NoStarvation,10,Low*Medium*NoStarvation,7.71,6.43,7,7,5,0.1923,0.0643,0.35,0.0192,-0.0321,-0.07,0.0058,0.0,-0.0964,-0.9037,-0.9043,0.8266,26
39,34,1890.0,Low*Medium*NoStarvation,20,Low*Medium*NoStarvation,6.43,15.57,7,7,10,0.2174,0.1557,0.35,0.0217,-0.0779,-0.07,0.0065,0.0,-0.1413,-0.9446,-0.9457,0.8266,46
39,35,1936.0,Low*Medium*NoStarvation,20,Low*Medium*NoStarvation,15.57,15.43,7,7,10,0.2174,0.1543,0.35,0.0217,-0.0771,-0.07,0.0065,0.0,-0.1406,-0.9457,-0.9466,0.8266,46
39,36,2032.0,Low*Medium*NoStarvation,45,Medium*Medium*NoStarvation,15.43,41.43,7,7,22,0.2292,0.4143,0.35,0.0229,-0.2071,-0.07,0.0069,0.0,-0.2703,-0.9427,-0.9564,0.8266,96
39,37,2128.0,Medium*Medium*NoStarvation,45,Medium*Medium*NoStarvation,41.43,40.43,7,7,23,0.2396,0.4043,0.35,0.024,-0.2021,-0.07,0.0072,0.0,-0.265,-1.0582,-1.0598,0.8266,96
39,38,2224.0,Medium*Medium*NoStarvation,45,Medium*Medium*NoStarvation,40.43,42.0,7,7,22,0.2292,0.42,0.35,0.0229,-0.21,-0.07,0.0069,0.0,-0.2731,-1.0598,-1.0621,0.8266,96
39,39,2250.0,Medium*Medium*NoStarvation,10,Low*Medium*NoStarvation,42.0,6.71,7,7,5,0.1923,0.0671,0.35,0.0192,-0.0336,-0.07,0.0058,0.0,-0.0978,-0.8996,-0.9008,0.8266,26
39,40,2296.0,Low*Medium*NoStarvation,20,Low*Medium*NoStarvation,6.71,16.0,7,7,10,0.2174,0.16,0.35,0.0217,-0.08,-0.07,0.0065,0.0,-0.1435,-0.9466,-0.9476,0.8266,46
39,41,2322.0,Low*Medium*NoStarvation,10,Low*Medium*NoStarvation,16.0,7.57,7,7,4,0.1538,0.0757,0.35,0.0154,-0.0379,-0.07,0.0046,0.0,-0.1032,-0.9043,-0.9056,0.8266,26
39,42,2348.0,Low*Medium*NoStarvation,10,Low*Medium*NoStarvation,7.57,8.43,7,7,4,0.1538,0.0843,0.35,0.0154,-0.0421,-0.07,0.0046,0.0,-0.1075,-0.9056,-0.9073,0.8266,26
39,43,2374.0,Low*Medium*NoStarvation,10,Low*Medium*NoStarvation,8.43,8.71,7,7,4,0.1538,0.0871,0.35,0.0154,-0.0436,-0.07,0.0046,0.0,-0.109,-0.9073,-0.9091,0.8266,26
39,44,2470.0,Low*Medium*NoStarvation,45,Medium*Medium*NoStarvation,8.71,39.71,7,7,23,0.2396,0.3971,0.35,0.024,-0.1986,-0.07,0.0072,0.0,-0.2614,-0.9564,-0.968,0.8266,96
39,45,2496.0,Medium*Medium*NoStarvation,10,Low*Medium*NoStarvation,39.71,7.57,7,7,4,0.1538,0.0757,0.35,0.0154,-0.0379,-0.07,0.0046,0.0,-0.1032,-0.9008,-0.9029,0.8266,26
39,46,2562.0,Low*Medium*NoStarvation,30,Medium*Medium*NoStarvation,7.57,27.43,7,7,15,0.2273,0.2743,0.35,0.0227,-0.1371,-0.07,0.0068,0.0,-0.2003,-0.9903,-0.9925,0.8266,66
39,47,2588.0,Medium*Medium*NoStarvation,10,Low*Medium*NoStarvation,27.43,6.29,7,7,5,0.1923,0.0629,0.35,0.0192,-0.0314,-0.07,0.0058,0.0,-0.0957,-0.9029,-0.904,0.8266,26
39,48,2634.0,Low*Medium*NoStarvation,20,Low*Medium*NoStarvation,6.29,16.86,7,7,10,0.2174,0.1686,0.35,0.0217,-0.0843,-0.07,0.0065,0.0,-0.1478,-0.9476,-0.9495,0.8266,46
39,49,2700.0,Low*Medium*NoStarvation,30,Medium*Medium*NoStarvation,16.86,27.33,7,6,15,0.2273,0.2733,0.3,0.0227,-0.1367,-0.06,0.0068,0.0,-0.1898,-0.9925,-0.9936,0.8266,66
39,50,2719.0,Medium*Medium*NoStarvation,45,Low*Low*NoStarvation,27.33,0.0,6,0,6,0.0625,0.0,0.0,0.0063,-0.0,-0.0,0.0019,0.0,0.0019,-1.0621,-0.9964,0.8266,96
40,0,76.0,Low*Low*NoStarvation,10,Low*Medium*NoStarvation,0.83,6.71,2,7,11,0.4231,0.0671,0.35,0.0423,-0.0336,-0.07,0.0127,0.0,-0.0909,-0.4569,-0.5021,0.8224,26
40,1,102.0,Low*Medium*NoStarvation,10,Low*Medium*NoStarvation,6.71,8.43,7,7,8,0.3077,0.0843,0.35,0.0308,-0.0421,-0.07,0.0092,0.0,-0.1029,-0.9091,-0.9103,0.8224,26
40,2,198.0,Low*Medium*NoStarvation,45,Medium*Medium*NoStarvation,8.43,43.0,7,7,45,0.4688,0.43,0.35,0.0469,-0.215,-0.07,0.0141,0.0,-0.2709,-0.968,-0.9796,0.8224,96
40,3,264.0,Medium*Medium*NoStarvation,30,Medium*Medium*NoStarvation,43.0,24.43,7,7,31,0.4697,0.2443,0.35,0.047,-0.1221,-0.07,0.0141,0.0,-0.1781,-0.988,-0.9884,0.8224,66
40,4,360.0,Medium*Medium*NoStarvation,45,Medium*Medium*NoStarvation,24.43,40.71,7,7,46,0.4792,0.4071,0.35,0.0479,-0.2036,-0.07,0.0144,0.0,-0.2592,-0.9964,-1.004,0.8224,96
40,5,426.0,Medium*Medium*NoStarvation,30,Medium*Medium*NoStarvation,40.71,26.14,7,7,28,0.4242,0.2614,0.35,0.0424,-0.1307,-0.07,0.0127,0.0,-0.188,-0.9884,-0.9897,0.8224,66
40,6,522.0,Medium*Medium*NoStarvation,45,Medium*Medium*NoStarvation,26.14,39.71,7,7,42,0.4375,0.3971,0.35,0.0437,-0.1986,-0.07,0.0131,0.0,-0.2554,-1.004,-1.0105,0.8224,96
40,7,568.0,Medium*Medium*NoStarvation,20,Low*Medium*NoStarvation,39.71,16.86,7,7,20,0.4348,0.1686,0.35,0.0435,-0.0843,-0.07,0.013,0.0,-0.1412,-0.9407,-0.9426,0.8224,46
40,8,614.0,Low*Medium*NoStarvation,20,Low*Medium*NoStarvation,16.86,16.0,7,7,19,0.413,0.16,0.35,0.0413,-0.08,-0.07,0.0124,0.0,-0.1376,-0.9495,-0.9502,0.8224,46
40,9,710.0,Low*Medium*NoStarvation,45,Medium*Medium*NoStarvation,16.0,42.86,7,7,41,0.4271,0.4286,0.35,0.0427,-0.2143,-0.07,0.0128,0.0,-0.2715,-0.9796,-0.9902,0.8224,96
40,10,736.0,Medium*Medium*NoStarvation,10,Low*Medium*NoStarvation,42.86,6.29,7,7,9,0.3462,0.0629,0.35,0.0346,-0.0314,-0.07,0.0104,0.0,-0.091,-0.904,-0.9046,0.8224,26
40,11,802.0,Low*Medium*NoStarvation,30,Medium*Medium*NoStarvation,6.29,25.29,7,7,29,0.4394,0.2529,0.35,0.0439,-0.1264,-0.07,0.0132,0.0,-0.1832,-0.9936,-0.994,0.8224,66
40,12,848.0,Medium*Medium*NoStarvation,20,Low*Medium*NoStarvation,25.29,16.29,7,7,19,0.413,0.1629,0.35,0.0413,-0.0814,-0.07,0.0124,0.0,-0.139,-0.9426,-0.9442,0.8224,46
40,13,874.0,Low*Medium*NoStarvation,10,Low*Medium*NoStarvation,16.29,8.86,7,7,8,0.3077,0.0886,0.35,0.0308,-0.0443,-0.07,0.0092,0.0,-0.1051,-0.9103,-0.9117,0.8224,26
40,14,970.0,Low*Medium*NoStarvation,45,Medium*Medium*NoStarvation,8.86,40.57,7,7,43,0.4479,0.4057,0.35,0.0448,-0.2029,-0.07,0.0134,0.0,-0.2594,-0.9902,-0.9985,0.8224,96
40,15,1036.0,Medium*Medium*NoStarvation,30,Medium*Medium*NoStarvation,40.57,27.0,7,7,22,0.3333,0.27,0.35,0.0333,-0.135,-0.07,0.01,0.0,-0.195,-0.9897,-0.9916,0.8224,66
40,16,1062.0,Medium*Medium*NoStarvation,10,Low*Medium*NoStarvation,27.0,6.57,7,7,5,0.1923,0.0657,0.35,0.0192,-0.0329,-0.07,0.0058,0.0,-0.0971,-0.9046,-0.9059,0.8224,26
40,17,1158.0,Low*Medium*NoStarvation,45,Medium*Medium*NoStarvation,6.57,42.29,7,7,22,0.2292,0.4229,0.35,0.0229,-0.2114,-0.07,0.0069,0.0,-0.2746,-0.9985,-1.0077,0.8224,96
40,18,1254.0,Medium*Medium*NoStarvation,45,Medium*Medium*NoStarvation,42.29,40.43,7,7,23,0.2396,0.4043,0.35,0.024,-0.2021,-0.07,0.0072,0.0,-0.265,-1.0105,-1.0175,0.8224,96
40,19,1300.0,Medium*Medium*NoStarvation,20,Low*Medium*NoStarvation,40.43,14.57,7,7,10,0.2174,0.1457,0.35,0.0217,-0.0729,-0.07,0.0065,0.0,-0.1363,-0.9442,-0.9455,0.8224,46
40,20,1326.0,Low*Medium*NoStarvation,10,Low*Medium*NoStarvation,14.57,7.57,7,7,4,0.1538,0.0757,0.35,0.0154,-0.0379,-0.07,0.0046,0.0,-0.1032,-0.9117,-0.9129,0.8224,26
40,21,1352.0,Low*Medium*NoStarvation,10,Low*Medium*NoStarvation,7.57,5.86,7,7,5,0.1923,0.0586,0.35,0.0192,-0.0293,-0.07,0.0058,0.0,-0.0935,-0.9129,-0.9131,0.8224,26
40,22,1418.0,Low*Medium*NoStarvation,30,Medium*Medium*NoStarvation,5.86,25.86,7,7,15,0.2273,0.2586,0.35,0.0227,-0.1293,-0.07,0.0068,0.0,-0.1925,-0.994,-0.9954,0.8224,66
40,23,1444.0,Medium*Medium*NoStarvation,10,Low*Medium*NoStarvation,25.86,4.86,7,5,5,0.1923,0.0486,0.25,0.0192,-0.0243,-0.05,0.0058,0.0,-0.0685,-0.9059,-0.9044,0.8224,26
40,24,1470.0,Low*Medium*NoStarvation,10,Low*Medium*NoStarvation,4.86,6.43,5,6,5,0.1923,0.0643,0.3,0.0192,-0.0321,-0.06,0.0058,0.0,-0.0864,-0.9131,-0.9126,0.8224,26
40,25,1536.0,Low*Medium*NoStarvation,30,Medium*Medium*NoStarvation,6.43,26.29,6,7,15,0.2273,0.2629,0.35,0.0227,-0.1314,-0.07,0.0068,0.0,-0.1946,-0.9954,-0.9967,0.8224,66
40,26,1582.0,Medium*Medium*NoStarvation,20,Low*Medium*NoStarvation,26.29,16.86,7,7,10,0.2174,0.1686,0.35,0.0217,-0.0843,-0.07,0.0065,0.0,-0.1478,-0.9455,-0.9478,0.8224,46
40,27,1648.0,Low*Medium*NoStarvation,30,Medium*Medium*NoStarvation,16.86,26.14,7,7,15,0.2273,0.2614,0.35,0.0227,-0.1307,-0.07,0.0068,0.0,-0.1939,-0.9967,-0.9978,0.8224,66
40,28,1714.0,Medium*Medium*NoStarvation,30,Medium*Medium*NoStarvation,26.14,25.71,7,7,15,0.2273,0.2571,0.35,0.0227,-0.1286,-0.07,0.0068,0.0,-0.1918,-0.9916,-0.993,0.8224,66
40,29,1780.0,Medium*Medium*NoStarvation,30,Medium*Medium*NoStarvation,25.71,28.43,7,7,14,0.2121,0.2843,0.35,0.0212,-0.1421,-0.07,0.0064,0.0,-0.2058,-0.993,-0.9957,0.8224,66
40,30,1806.0,Medium*Medium*NoStarvation,10,Low*Medium*NoStarvation,28.43,8.14,7,7,4,0.1538,0.0814,0.35,0.0154,-0.0407,-0.07,0.0046,0.0,-0.1061,-0.9044,-0.9067,0.8224,26
40,31,1902.0,Low*Medium*NoStarvation,45,Medium*Medium*NoStarvation,8.14,40.57,7,7,23,0.2396,0.4057,0.35,0.024,-0.2029,-0.07,0.0072,0.0,-0.2657,-1.0077,-1.0151,0.8224,96
40,32,1948.0,Medium*Medium*NoStarvation,20,Low*Medium*NoStarvation,40.57,15.86,7,7,10,0.2174,0.1586,0.35,0.0217,-0.0793,-0.07,0.0065,0.0,-0.1428,-0.9478,-0.9495,0.8224,46
40,33,1974.0,Low*Medium*NoStarvation,10,Low*Medium*NoStarvation,15.86,9.0,7,7,4,0.1538,0.09,0.35,0.0154,-0.045,-0.07,0.0046,0.0,-0.1104,-0.9126,-0.9145,0.8224,26
40,34,2000.0,Low*Medium*NoStarvation,10,Low*Medium*NoStarvation,9.0,9.0,7,7,4,0.1538,0.09,0.35,0.0154,-0.045,-0.07,0.0046,0.0,-0.1104,-0.9145,-0.9164,0.8224,26
40,35,2066.0,Low*Medium*NoStarvation,30,Medium*Medium*NoStarvation,9.0,25.86,7,7,15,0.2273,0.2586,0.35,0.0227,-0.1293,-0.07,0.0068,0.0,-0.1925,-0.9978,-0.9989,0.8224,66
40,36,2112.0,Medium*Medium*NoStarvation,20,Low*Medium*NoStarvation,25.86,17.14,7,7,10,0.2174,0.1714,0.35,0.0217,-0.0857,-0.07,0.0065,0.0,-0.1492,-0.9495,-0.9519,0.8224,46
40,37,2208.0,Low*Medium*NoStarvation,45,Medium*Medium*NoStarvation,17.14,41.14,7,7,22,0.2292,0.4114,0.35,0.0229,-0.2057,-0.07,0.0069,0.0,-0.2688,-1.0151,-1.022,0.8224,96
40,38,2304.0,Medium*Medium*NoStarvation,45,Medium*Medium*NoStarvation,41.14,41.71,7,7,22,0.2292,0.4171,0.35,0.0229,-0.2086,-0.07,0.0069,0.0,-0.2717,-1.0175,-1.0245,0.8224,96
40,39,2370.0,Medium*Medium*NoStarvation,30,Medium*Medium*NoStarvation,41.71,25.71,7,7,15,0.2273,0.2571,0.35,0.0227,-0.1286,-0.07,0.0068,0.0,-0.1918,-0.9957,-0.9969,0.8224,66
40,40,2466.0,Medium*Medium*NoStarvation,45,Medium*Medium*NoStarvation,25.71,43.29,7,7,22,0.2292,0.4329,0.35,0.0229,-0.2164,-0.07,0.0069,0.0,-0.2796,-1.0245,-1.0316,0.8224,96
40,41,2492.0,Medium*Medium*NoStarvation,10,Low*Medium*NoStarvation,43.29,7.0,7,7,4,0.1538,0.07,0.35,0.0154,-0.035,-0.07,0.0046,0.0,-0.1004,-0.9067,-0.9085,0.8224,26
40,42,2588.0,Low*Medium*NoStarvation,45,Medium*Medium*NoStarvation,7.0,42.0,7,7,22,0.2292,0.42,0.35,0.0229,-0.21,-0.07,0.0069,0.0,-0.2731,-1.022,-1.0289,0.8224,96
40,43,2633.0,Medium*Medium*NoStarvation,45,Low*Low*NoStarvation,42.0,0.0,7,0,20,0.2083,0.0,0.0,0.0208,-0.0,-0.0,0.0063,0.0,0.0063,-1.0316,-0.9685,0.8224,96
41,0,76.0,Low*Low*NoStarvation,10,Low*Medium*NoStarvation,0.83,6.71,2,7,11,0.4231,0.0671,0.35,0.0423,-0.0336,-0.07,0.0127,0.0,-0.0909,-0.5021,-0.5435,0.8183,26
41,1,102.0,Low*Medium*NoStarvation,10,Low*Medium*NoStarvation,6.71,8.43,7,7,8,0.3077,0.0843,0.35,0.0308,-0.0421,-0.07,0.0092,0.0,-0.1029,-0.9164,-0.9176,0.8183,26
41,2,168.0,Low*Medium*NoStarvation,30,Medium*Medium*NoStarvation,8.43,25.86,7,7,30,0.4545,0.2586,0.35,0.0455,-0.1293,-0.07,0.0136,0.0,-0.1856,-0.9989,-0.9993,0.8183,66
41,3,264.0,Medium*Medium*NoStarvation,45,Medium*Medium*NoStarvation,25.86,42.14,7,7,45,0.4688,0.4214,0.35,0.0469,-0.2107,-0.07,0.0141,0.0,-0.2667,-0.9685,-0.9801,0.8183,96
41,4,310.0,Medium*Medium*NoStarvation,20,Low*Medium*NoStarvation,42.14,16.71,7,7,20,0.4348,0.1671,0.35,0.0435,-0.0836,-0.07,0.013,0.0,-0.1405,-0.9519,-0.9534,0.8183,46
41,5,376.0,Low*Medium*NoStarvation,30,Medium*Medium*NoStarvation,16.71,25.86,7,7,30,0.4545,0.2586,0.35,0.0455,-0.1293,-0.07,0.0136,0.0,-0.1856,-0.9993,-0.9997,0.8183,66
41,6,402.0,Medium*Medium*NoStarvation,10,Low*Medium*NoStarvation,25.86,7.33,7,8,9,0.3462,0.0733,0.4,0.0346,-0.0367,-0.08,0.0104,0.0,-0.1063,-0.9085,-0.9109,0.8183,26
41,7,428.0,Low*Medium*NoStarvation,10,Low*Medium*NoStarvation,7.33,7.86,8,7,8,0.3077,0.0786,0.35,0.0308,-0.0393,-0.07,0.0092,0.0,-0.1001,-0.9176,-0.9184,0.8183,26
41,8,454.0,Low*Medium*NoStarvation,10,Low*Medium*NoStarvation,7.86,7.29,7,7,11,0.4231,0.0729,0.35,0.0423,-0.0364,-0.07,0.0127,0.0,-0.0937,-0.9184,-0.9186,0.8183,26
41,9,520.0,Low*Medium*NoStarvation,30,Medium*Medium*NoStarvation,7.29,25.0,7,7,30,0.4545,0.25,0.35,0.0455,-0.125,-0.07,0.0136,0.0,-0.1814,-0.9997,-0.9999,0.8183,66
41,10,616.0,Medium*Medium*NoStarvation,45,Medium*Medium*NoStarvation,25.0,40.14,7,7,43,0.4479,0.4014,0.35,0.0448,-0.2007,-0.07,0.0134,0.0,-0.2573,-0.9801,-0.9898,0.8183,96
41,11,682.0,Medium*Medium*NoStarvation,30,Medium*Medium*NoStarvation,40.14,26.14,7,7,28,0.4242,0.2614,0.35,0.0424,-0.1307,-0.07,0.0127,0.0,-0.188,-0.9969,-0.998,0.8183,66
41,12,778.0,Medium*Medium*NoStarvation,45,Medium*Medium*NoStarvation,26.14,40.57,7,7,43,0.4479,0.4057,0.35,0.0448,-0.2029,-0.07,0.0134,0.0,-0.2594,-0.9898,-0.9987,0.8183,96
41,13,804.0,Medium*Medium*NoStarvation,10,Low*Medium*NoStarvation,40.57,7.29,7,7,9,0.3462,0.0729,0.35,0.0346,-0.0364,-0.07,0.0104,0.0,-0.096,-0.9109,-0.9121,0.8183,26
41,14,850.0,Low*Medium*NoStarvation,20,Low*Medium*NoStarvation,7.29,15.71,7,7,20,0.4348,0.1571,0.35,0.0435,-0.0786,-0.07,0.013,0.0,-0.1355,-0.9502,-0.9514,0.8183,46
41,15,916.0,Low*Medium*NoStarvation,30,Medium*Medium*NoStarvation,15.71,26.57,7,7,28,0.4242,0.2657,0.35,0.0424,-0.1329,-0.07,0.0127,0.0,-0.1901,-0.9999,-1.001,0.8183,66
41,16,982.0,Medium*Medium*NoStarvation,30,Medium*Medium*NoStarvation,26.57,26.0,7,7,28,0.4242,0.26,0.35,0.0424,-0.13,-0.07,0.0127,0.0,-0.1873,-0.998,-0.999,0.8183,66
41,17,1048.0,Medium*Medium*NoStarvation,30,Medium*Medium*NoStarvation,26.0,25.29,7,7,20,0.303,0.2529,0.35,0.0303,-0.1264,-0.07,0.0091,0.0,-0.1873,-0.999,-0.9999,0.8183,66
41,18,1074.0,Medium*Medium*NoStarvation,10,Low*Medium*NoStarvation,25.29,7.71,7,7,4,0.1538,0.0771,0.35,0.0154,-0.0386,-0.07,0.0046,0.0,-0.104,-0.9121,-0.9139,0.8183,26
41,19,1170.0,Low*Medium*NoStarvation,45,Medium*Medium*NoStarvation,7.71,41.29,7,7,22,0.2292,0.4129,0.35,0.0229,-0.2064,-0.07,0.0069,0.0,-0.2696,-1.0289,-1.0352,0.8183,96
41,20,1216.0,Medium*Medium*NoStarvation,20,Low*Medium*NoStarvation,41.29,17.57,7,7,10,0.2174,0.1757,0.35,0.0217,-0.0879,-0.07,0.0065,0.0,-0.1513,-0.9534,-0.9558,0.8183,46
41,21,1312.0,Low*Medium*NoStarvation,45,Medium*Medium*NoStarvation,17.57,40.0,7,7,23,0.2396,0.4,0.35,0.024,-0.2,-0.07,0.0072,0.0,-0.2628,-1.0352,-1.0402,0.8183,96
41,22,1338.0,Medium*Medium*NoStarvation,10,Low*Medium*NoStarvation,40.0,7.43,7,7,4,0.1538,0.0743,0.35,0.0154,-0.0371,-0.07,0.0046,0.0,-0.1025,-0.9139,-0.9155,0.8183,26
41,23,1384.0,Low*Medium*NoStarvation,20,Low*Medium*NoStarvation,7.43,16.14,7,7,10,0.2174,0.1614,0.35,0.0217,-0.0807,-0.07,0.0065,0.0,-0.1442,-0.9514,-0.9534,0.8183,46
41,24,1450.0,Low*Medium*NoStarvation,30,Medium*Medium*NoStarvation,16.14,25.71,7,7,15,0.2273,0.2571,0.35,0.0227,-0.1286,-0.07,0.0068,0.0,-0.1918,-1.001,-1.0024,0.8183,66
41,25,1476.0,Medium*Medium*NoStarvation,10,Low*Medium*NoStarvation,25.71,7.71,7,7,4,0.1538,0.0771,0.35,0.0154,-0.0386,-0.07,0.0046,0.0,-0.104,-0.9155,-0.917,0.8183,26
41,26,1572.0,Low*Medium*NoStarvation,45,Medium*Medium*NoStarvation,7.71,41.0,7,7,23,0.2396,0.41,0.35,0.024,-0.205,-0.07,0.0072,0.0,-0.2678,-1.0402,-1.0455,0.8183,96
41,27,1638.0,Medium*Medium*NoStarvation,30,Medium*Medium*NoStarvation,41.0,25.0,7,7,15,0.2273,0.25,0.35,0.0227,-0.125,-0.07,0.0068,0.0,-0.1882,-0.9999,-1.0013,0.8183,66
41,28,1734.0,Medium*Medium*NoStarvation,45,Medium*Medium*NoStarvation,25.0,41.14,7,7,22,0.2292,0.4114,0.35,0.0229,-0.2057,-0.07,0.0069,0.0,-0.2688,-0.9987,-1.0083,0.8183,96
41,29,1760.0,Medium*Medium*NoStarvation,10,Low*Medium*NoStarvation,41.14,7.86,7,7,4,0.1538,0.0786,0.35,0.0154,-0.0393,-0.07,0.0046,0.0,-0.1047,-0.917,-0.9184,0.8183,26
41,30,1786.0,Low*Medium*NoStarvation,10,Low*Medium*NoStarvation,7.86,6.29,7,7,5,0.1923,0.0629,0.35,0.0192,-0.0314,-0.07,0.0058,0.0,-0.0957,-0.9186,-0.919,0.8183,26
41,31,1812.0,Low*Medium*NoStarvation,10,Low*Medium*NoStarvation,6.29,8.0,7,7,4,0.1538,0.08,0.35,0.0154,-0.04,-0.07,0.0046,0.0,-0.1054,-0.919,-0.9203,0.8183,26
41,32,1838.0,Low*Medium*NoStarvation,10,Low*Medium*NoStarvation,8.0,6.43,7,7,5,0.1923,0.0643,0.35,0.0192,-0.0321,-0.07,0.0058,0.0,-0.0964,-0.9203,-0.9207,0.8183,26
41,33,1934.0,Low*Medium*NoStarvation,45,Medium*Medium*NoStarvation,6.43,38.57,7,7,23,0.2396,0.3857,0.35,0.024,-0.1929,-0.07,0.0072,0.0,-0.2557,-1.0455,-1.0492,0.8183,96
41,34,1960.0,Medium*Medium*NoStarvation,10,Low*Medium*NoStarvation,38.57,5.14,7,6,5,0.1923,0.0514,0.3,0.0192,-0.0257,-0.06,0.0058,0.0,-0.0799,-0.9184,-0.9174,0.8183,26
41,35,1986.0,Low*Medium*NoStarvation,10,Low*Medium*NoStarvation,5.14,6.14,6,7,5,0.1923,0.0614,0.35,0.0192,-0.0307,-0.07,0.0058,0.0,-0.0949,-0.9207,-0.921,0.8183,26
41,36,2012.0,Low*Medium*NoStarvation,10,Low*Medium*NoStarvation,6.14,6.57,7,7,5,0.1923,0.0657,0.35,0.0192,-0.0329,-0.07,0.0058,0.0,-0.0971,-0.921,-0.9215,0.8183,26
41,37,2078.0,Low*Medium*NoStarvation,30,Medium*Medium*NoStarvation,6.57,25.86,7,7,15,0.2273,0.2586,0.35,0.0227,-0.1293,-0.07,0.0068,0.0,-0.1925,-1.0024,-1.004,0.8183,66
41,38,2124.0,Medium*Medium*NoStarvation,20,Low*Medium*NoStarvation,25.86,15.29,7,7,10,0.2174,0.1529,0.35,0.0217,-0.0764,-0.07,0.0065,0.0,-0.1399,-0.9558,-0.9572,0.8183,46
41,39,2170.0,Low*Medium*NoStarvation,20,Low*Medium*NoStarvation,15.29,14.57,7,7,10,0.2174,0.1457,0.35,0.0217,-0.0729,-0.07,0.0065,0.0,-0.1363,-0.9534,-0.9546,0.8183,46
41,40,2216.0,Low*Medium*NoStarvation,20,Low*Medium*NoStarvation,14.57,15.71,7,7,10,0.2174,0.1571,0.35,0.0217,-0.0786,-0.07,0.0065,0.0,-0.142,-0.9546,-0.9563,0.8183,46
41,41,2242.0,Low*Medium*NoStarvation,10,Low*Medium*NoStarvation,15.71,7.29,7,7,5,0.1923,0.0729,0.35,0.0192,-0.0364,-0.07,0.0058,0.0,-0.1007,-0.9215,-0.9224,0.8183,26
41,42,2268.0,Low*Medium*NoStarvation,10,Low*Medium*NoStarvation,7.29,8.57,7,7,4,0.1538,0.0857,0.35,0.0154,-0.0429,-0.07,0.0046,0.0,-0.1082,-0.9224,-0.924,0.8183,26
41,43,2294.0,Low*Medium*NoStarvation,10,Low*Medium*NoStarvation,8.57,6.43,7,7,5,0.1923,0.0643,0.35,0.0192,-0.0321,-0.07,0.0058,0.0,-0.0964,-0.924,-0.9244,0.8183,26
41,44,2320.0,Low*Medium*NoStarvation,10,Low*Medium*NoStarvation,6.43,8.14,7,7,4,0.1538,0.0814,0.35,0.0154,-0.0407,-0.07,0.0046,0.0,-0.1061,-0.9244,-0.9257,0.8183,26
41,45,2366.0,Low*Medium*NoStarvation,20,Low*Medium*NoStarvation,8.14,16.43,7,7,10,0.2174,0.1643,0.35,0.0217,-0.0821,-0.07,0.0065,0.0,-0.1456,-0.9563,-0.9585,0.8183,46
41,46,2392.0,Low*Medium*NoStarvation,10,Low*Medium*NoStarvation,16.43,6.57,7,7,5,0.1923,0.0657,0.35,0.0192,-0.0329,-0.07,0.0058,0.0,-0.0971,-0.9257,-0.9262,0.8183,26
41,47,2488.0,Low*Medium*NoStarvation,45,Medium*Medium*NoStarvation,6.57,41.43,7,7,23,0.2396,0.4143,0.35,0.024,-0.2071,-0.07,0.0072,0.0,-0.27,-1.0492,-1.0538,0.8183,96
41,48,2514.0,Medium*Medium*NoStarvation,10,Low*Medium*NoStarvation,41.43,5.86,7,7,5,0.1923,0.0586,0.35,0.0192,-0.0293,-0.07,0.0058,0.0,-0.0935,-0.9174,-0.9184,0.8183,26
41,49,2560.0,Low*Medium*NoStarvation,20,Low*Medium*NoStarvation,5.86,16.57,7,7,10,0.2174,0.1657,0.35,0.0217,-0.0829,-0.07,0.0065,0.0,-0.1463,-0.9585,-0.9607,0.8183,46
41,50,2586.0,Low*Medium*NoStarvation,10,Low*Medium*NoStarvation,16.57,7.0,7,7,5,0.1923,0.07,0.35,0.0192,-0.035,-0.07,0.0058,0.0,-0.0992,-0.9262,-0.9268,0.8183,26
41,51,2632.0,Low*Medium*NoStarvation,20,Low*Medium*NoStarvation,7.0,15.71,7,7,10,0.2174,0.1571,0.35,0.0217,-0.0786,-0.07,0.0065,0.0,-0.142,-0.9607,-0.9622,0.8183,46
41,52,2658.0,Low*Medium*NoStarvation,10,Low*Medium*NoStarvation,15.71,8.14,7,7,4,0.1538,0.0814,0.35,0.0154,-0.0407,-0.07,0.0046,0.0,-0.1061,-0.9268,-0.9282,0.8183,26
41,53,2684.0,Low*Medium*NoStarvation,10,Low*Medium*NoStarvation,8.14,6.43,7,7,5,0.1923,0.0643,0.35,0.0192,-0.0321,-0.07,0.0058,0.0,-0.0964,-0.9282,-0.9285,0.8183,26
41,54,2710.0,Low*Medium*NoStarvation,10,Low*Medium*NoStarvation,6.43,5.0,7,6,5,0.1923,0.05,0.3,0.0192,-0.025,-0.06,0.0058,0.0,-0.0792,-0.9285,-0.9272,0.8183,26
41,55,2736.0,Low*Medium*NoStarvation,10,Low*Low*NoStarvation,5.0,11.0,6,3,4,0.1538,0.11,0.15,0.0154,-0.055,-0.03,0.0046,0.0,-0.0804,-0.9272,-0.8832,0.8183,26
41,56,2749.0,Low*Low*NoStarvation,30,Low*Low*NoStarvation,11.0,0.0,3,0,3,0.0455,0.0,0.0,0.0045,-0.0,-0.0,0.0014,0.0,0.0014,-0.496,-0.4869,0.8183,66
42,0,146.0,Low*Low*NoStarvation,45,Medium*Medium*NoStarvation,0.83,40.71,2,7,47,0.4896,0.4071,0.35,0.049,-0.2036,-0.07,0.0147,0.0,-0.2589,-0.4517,-0.5151,0.8142,96
42,1,172.0,Medium*Medium*NoStarvation,10,Low*Medium*NoStarvation,40.71,8.43,7,7,9,0.3462,0.0843,0.35,0.0346,-0.0421,-0.07,0.0104,0.0,-0.1018,-0.9184,-0.9162,0.8142,26
42,2,218.0,Low*Medium*NoStarvation,20,Low*Medium*NoStarvation,8.43,16.71,7,7,20,0.4348,0.1671,0.35,0.0435,-0.0836,-0.07,0.013,0.0,-0.1405,-0.9622,-0.9595,0.8142,46
42,3,264.0,Low*Medium*NoStarvation,20,Low*Medium*NoStarvation,16.71,16.82,7,8,20,0.4348,0.1682,0.4,0.0435,-0.0841,-0.08,0.013,0.0,-0.1511,-0.9595,-0.9582,0.8142,46
42,4,330.0,Low*Medium*NoStarvation,30,Medium*Medium*NoStarvation,16.82,26.29,8,7,29,0.4394,0.2629,0.35,0.0439,-0.1314,-0.07,0.0132,0.0,-0.1882,-1.004,-1.0049,0.8142,66
42,5,356.0,Medium*Medium*NoStarvation,10,Low*Medium*NoStarvation,26.29,8.39,7,8,9,0.3462,0.0839,0.4,0.0346,-0.042,-0.08,0.0104,0.0,-0.1116,-0.9162,-0.9152,0.8142,26
42,6,382.0,Low*Medium*NoStarvation,10,Low*Medium*NoStarvation,8.39,7.14,8,7,7,0.2692,0.0714,0.35,0.0269,-0.0357,-0.07,0.0081,0.0,-0.0976,-0.8832,-0.8841,0.8142,26
42,7,428.0,Low*Medium*NoStarvation,20,Low*Medium*NoStarvation,7.14,16.71,7,7,20,0.4348,0.1671,0.35,0.0435,-0.0836,-0.07,0.013,0.0,-0.1405,-0.9582,-0.956,0.8142,46
42,8,494.0,Low*Medium*NoStarvation,30,Medium*Medium*NoStarvation,16.71,26.86,7,7,30,0.4545,0.2686,0.35,0.0455,-0.1343,-0.07,0.0136,0.0,-0.1906,-1.0049,-1.0058,0.8142,66
42,9,540.0,Medium*Medium*NoStarvation,20,Low*Medium*NoStarvation,26.86,17.29,7,7,20,0.4348,0.1729,0.35,0.0435,-0.0864,-0.07,0.013,0.0,-0.1434,-0.9572,-0.9554,0.8142,46
42,10,586.0,Low*Medium*NoStarvation,20,Low*Medium*NoStarvation,17.29,16.14,7,7,20,0.4348,0.1614,0.35,0.0435,-0.0807,-0.07,0.013,0.0,-0.1377,-0.956,-0.9537,0.8142,46
42,11,632.0,Low*Medium*NoStarvation,20,Low*Medium*NoStarvation,16.14,15.0,7,7,19,0.413,0.15,0.35,0.0413,-0.075,-0.07,0.0124,0.0,-0.1326,-0.9537,-0.9512,0.8142,46
42,12,678.0,Low*Medium*NoStarvation,20,Low*Medium*NoStarvation,15.0,15.71,7,7,19,0.413,0.1571,0.35,0.0413,-0.0786,-0.07,0.0124,0.0,-0.1362,-0.9512,-0.9492,0.8142,46
42,13,774.0,Low*Medium*NoStarvation,45,Medium*Medium*NoStarvation,15.71,40.86,7,7,43,0.4479,0.4086,0.35,0.0448,-0.2043,-0.07,0.0134,0.0,-0.2608,-1.0538,-1.0569,0.8142,96
42,14,840.0,Medium*Medium*NoStarvation,30,Medium*Medium*NoStarvation,40.86,27.71,7,7,27,0.4091,0.2771,0.35,0.0409,-0.1386,-0.07,0.0123,0.0,-0.1963,-1.0013,-1.0031,0.8142,66
42,15,906.0,Medium*Medium*NoStarvation,30,Medium*Medium*NoStarvation,27.71,27.0,7,7,28,0.4242,0.27,0.35,0.0424,-0.135,-0.07,0.0127,0.0,-0.1923,-1.0031,-1.0044,0.8142,66
42,16,1002.0,Medium*Medium*NoStarvation,45,Medium*Medium*NoStarvation,27.0,39.86,7,7,42,0.4375,0.3986,0.35,0.0437,-0.1993,-0.07,0.0131,0.0,-0.2562,-1.0083,-1.0154,0.8142,96
42,17,1028.0,Medium*Medium*NoStarvation,10,Low*Medium*NoStarvation,39.86,8.57,7,7,5,0.1923,0.0857,0.35,0.0192,-0.0429,-0.07,0.0058,0.0,-0.1071,-0.9152,-0.914,0.8142,26
42,18,1074.0,Low*Medium*NoStarvation,20,Low*Medium*NoStarvation,8.57,17.0,7,7,10,0.2174,0.17,0.35,0.0217,-0.085,-0.07,0.0065,0.0,-0.1485,-0.9492,-0.9487,0.8142,46
42,19,1120.0,Low*Medium*NoStarvation,20,Low*Medium*NoStarvation,17.0,15.86,7,7,10,0.2174,0.1586,0.35,0.0217,-0.0793,-0.07,0.0065,0.0,-0.1428,-0.9487,-0.9477,0.8142,46
42,20,1186.0,Low*Medium*NoStarvation,30,Medium*Medium*NoStarvation,15.86,26.43,7,7,15,0.2273,0.2643,0.35,0.0227,-0.1321,-0.07,0.0068,0.0,-0.1953,-1.0058,-1.0071,0.8142,66
42,21,1232.0,Medium*Medium*NoStarvation,20,Low*Medium*NoStarvation,26.43,18.57,7,7,10,0.2174,0.1857,0.35,0.0217,-0.0929,-0.07,0.0065,0.0,-0.1563,-0.9554,-0.955,0.8142,46
42,22,1328.0,Low*Medium*NoStarvation,45,Medium*Medium*NoStarvation,18.57,40.57,7,7,23,0.2396,0.4057,0.35,0.024,-0.2029,-0.07,0.0072,0.0,-0.2657,-1.0569,-1.06,0.8142,96
42,23,1394.0,Medium*Medium*NoStarvation,30,Medium*Medium*NoStarvation,40.57,27.29,7,7,15,0.2273,0.2729,0.35,0.0227,-0.1364,-0.07,0.0068,0.0,-0.1996,-1.0044,-1.0062,0.8142,66
42,24,1420.0,Medium*Medium*NoStarvation,10,Low*Medium*NoStarvation,27.29,5.86,7,7,5,0.1923,0.0586,0.35,0.0192,-0.0293,-0.07,0.0058,0.0,-0.0935,-0.914,-0.9115,0.8142,26
42,25,1486.0,Low*Medium*NoStarvation,30,Medium*Medium*NoStarvation,5.86,26.86,7,7,15,0.2273,0.2686,0.35,0.0227,-0.1343,-0.07,0.0068,0.0,-0.1975,-1.0071,-1.0081,0.8142,66
42,26,1582.0,Medium*Medium*NoStarvation,45,Medium*Medium*NoStarvation,26.86,42.71,7,7,22,0.2292,0.4271,0.35,0.0229,-0.2136,-0.07,0.0069,0.0,-0.2767,-1.0154,-1.0236,0.8142,96
42,27,1678.0,Medium*Medium*NoStarvation,45,Medium*Medium*NoStarvation,42.71,43.0,7,7,22,0.2292,0.43,0.35,0.0229,-0.215,-0.07,0.0069,0.0,-0.2781,-1.0236,-1.0311,0.8142,96
42,28,1744.0,Medium*Medium*NoStarvation,30,Medium*Medium*NoStarvation,43.0,26.0,7,7,15,0.2273,0.26,0.35,0.0227,-0.13,-0.07,0.0068,0.0,-0.1932,-1.0062,-1.0069,0.8142,66
42,29,1810.0,Medium*Medium*NoStarvation,30,Medium*Medium*NoStarvation,26.0,25.14,7,7,16,0.2424,0.2514,0.35,0.0242,-0.1257,-0.07,0.0073,0.0,-0.1884,-1.0069,-1.0071,0.8142,66
42,30,1876.0,Medium*Medium*NoStarvation,30,Medium*Medium*NoStarvation,25.14,27.29,7,7,15,0.2273,0.2729,0.35,0.0227,-0.1364,-0.07,0.0068,0.0,-0.1996,-1.0071,-1.0084,0.8142,66
42,31,1942.0,Medium*Medium*NoStarvation,30,Medium*Medium*NoStarvation,27.29,26.43,7,7,15,0.2273,0.2643,0.35,0.0227,-0.1321,-0.07,0.0068,0.0,-0.1953,-1.0084,-1.0091,0.8142,66
42,32,2038.0,Medium*Medium*NoStarvation,45,Medium*Medium*NoStarvation,26.43,40.29,7,7,23,0.2396,0.4029,0.35,0.024,-0.2014,-0.07,0.0072,0.0,-0.2642,-1.0311,-1.0364,0.8142,96
42,33,2134.0,Medium*Medium*NoStarvation,45,Medium*Medium*NoStarvation,40.29,40.14,7,7,23,0.2396,0.4014,0.35,0.024,-0.2007,-0.07,0.0072,0.0,-0.2635,-1.0364,-1.0412,0.8142,96
42,34,2160.0,Medium*Medium*NoStarvation,10,Low*Medium*NoStarvation,40.14,6.14,7,7,5,0.1923,0.0614,0.35,0.0192,-0.0307,-0.07,0.0058,0.0,-0.0949,-0.9115,-0.9094,0.8142,26
42,35,2186.0,Low*Medium*NoStarvation,10,Low*Medium*NoStarvation,6.14,6.29,7,6,5,0.1923,0.0629,0.3,0.0192,-0.0314,-0.06,0.0058,0.0,-0.0857,-0.8841,-0.8838,0.8142,26
42,36,2252.0,Low*Medium*NoStarvation,30,Medium*Medium*NoStarvation,6.29,27.43,6,7,15,0.2273,0.2743,0.35,0.0227,-0.1371,-0.07,0.0068,0.0,-0.2003,-1.0081,-1.0092,0.8142,66
42,37,2318.0,Medium*Medium*NoStarvation,30,Medium*Medium*NoStarvation,27.43,25.86,7,7,15,0.2273,0.2586,0.35,0.0227,-0.1293,-0.07,0.0068,0.0,-0.1925,-1.0091,-1.0093,0.8142,66
42,38,2414.0,Medium*Medium*NoStarvation,45,Medium*Medium*NoStarvation,25.86,43.0,7,7,22,0.2292,0.43,0.35,0.0229,-0.215,-0.07,0.0069,0.0,-0.2781,-1.0412,-1.0467,0.8142,96
42,39,2440.0,Medium*Medium*NoStarvation,10,Low*Medium*NoStarvation,43.0,8.14,7,7,4,0.1538,0.0814,0.35,0.0154,-0.0407,-0.07,0.0046,0.0,-0.1061,-0.9094,-0.9086,0.8142,26
42,40,2466.0,Low*Medium*NoStarvation,10,Low*Medium*NoStarvation,8.14,7.57,7,7,4,0.1538,0.0757,0.35,0.0154,-0.0379,-0.07,0.0046,0.0,-0.1032,-0.8838,-0.8853,0.8142,26
42,41,2492.0,Low*Medium*NoStarvation,10,Low*Medium*NoStarvation,7.57,5.71,7,6,5,0.1923,0.0571,0.3,0.0192,-0.0286,-0.06,0.0058,0.0,-0.0828,-0.8853,-0.8847,0.8142,26
42,42,2518.0,Low*Medium*NoStarvation,10,Low*Medium*NoStarvation,5.71,8.43,6,7,4,0.1538,0.0843,0.35,0.0154,-0.0421,-0.07,0.0046,0.0,-0.1075,-0.8847,-0.8866,0.8142,26
42,43,2584.0,Low*Medium*NoStarvation,30,Medium*Medium*NoStarvation,8.43,26.14,7,7,15,0.2273,0.2614,0.35,0.0227,-0.1307,-0.07,0.0068,0.0,-0.1939,-1.0092,-1.0094,0.8142,66
42,44,2650.0,Medium*Medium*NoStarvation,30,Medium*Low*NoStarvation,26.14,28.0,7,4,15,0.2273,0.28,0.2,0.0227,-0.14,-0.04,0.0068,0.0,-0.1732,-1.0093,-0.9269,0.8142,66
42,45,2665.0,Medium*Low*NoStarvation,10,Low*Low*NoStarvation,28.0,0.0,4,0,4,0.1538,0.0,0.0,0.0154,-0.0,-0.0,0.0046,0.0,0.0046,-0.0132,-0.0552,0.8142,26
43,0,76.0,Low*Low*NoStarvation,10,Low*Medium*NoStarvation,0.83,6.71,2,7,11,0.4231,0.0671,0.35,0.0423,-0.0336,-0.07,0.0127,0.0,-0.0909,-0.5435,-0.578,0.8102,26
43,1,102.0,Low*Medium*NoStarvation,10,Low*Medium*NoStarvation,6.71,8.43,7,7,8,0.3077,0.0843,0.35,0.0308,-0.0421,-0.07,0.0092,0.0,-0.1029,-0.8866,-0.8881,0.8102,26
43,2,168.0,Low*Medium*NoStarvation,30,Medium*Medium*NoStarvation,8.43,25.86,7,7,30,0.4545,0.2586,0.35,0.0455,-0.1293,-0.07,0.0136,0.0,-0.1856,-1.0094,-1.0088,0.8102,66
43,3,214.0,Medium*Medium*NoStarvation,20,Low*Medium*NoStarvation,25.86,15.0,7,7,20,0.4348,0.15,0.35,0.0435,-0.075,-0.07,0.013,0.0,-0.132,-0.955,-0.9526,0.8102,46
43,4,240.0,Low*Medium*NoStarvation,10,Low*Medium*NoStarvation,15.0,7.82,7,8,9,0.3462,0.0782,0.4,0.0346,-0.0391,-0.08,0.0104,0.0,-0.1087,-0.8881,-0.89,0.8102,26
43,5,266.0,Low*Medium*NoStarvation,10,Low*Medium*NoStarvation,7.82,7.57,8,7,9,0.3462,0.0757,0.35,0.0346,-0.0379,-0.07,0.0104,0.0,-0.0975,-0.89,-0.8909,0.8102,26
43,6,292.0,Low*Medium*NoStarvation,10,Low*Medium*NoStarvation,7.57,6.39,7,8,9,0.3462,0.0639,0.4,0.0346,-0.032,-0.08,0.0104,0.0,-0.1016,-0.8909,-0.8921,0.8102,26
43,7,318.0,Low*Medium*NoStarvation,10,Low*Medium*NoStarvation,6.39,7.29,8,7,10,0.3846,0.0729,0.35,0.0385,-0.0364,-0.07,0.0115,0.0,-0.0949,-0.8921,-0.8927,0.8102,26
43,8,414.0,Low*Medium*NoStarvation,45,Medium*Medium*NoStarvation,7.29,40.71,7,7,46,0.4792,0.4071,0.35,0.0479,-0.2036,-0.07,0.0144,0.0,-0.2592,-1.06,-1.0617,0.8102,96
43,9,510.0,Medium*Medium*NoStarvation,45,Medium*Medium*NoStarvation,40.71,40.71,7,7,46,0.4792,0.4071,0.35,0.0479,-0.2036,-0.07,0.0144,0.0,-0.2592,-1.0467,-1.0497,0.8102,96
43,10,536.0,Medium*Medium*NoStarvation,10,Low*Medium*NoStarvation,40.71,6.86,7,7,10,0.3846,0.0686,0.35,0.0385,-0.0343,-0.07,0.0115,0.0,-0.0927,-0.9086,-0.9074,0.8102,26
43,11,582.0,Low*Medium*NoStarvation,20,Low*Medium*NoStarvation,6.86,14.29,7,7,21,0.4565,0.1429,0.35,0.0457,-0.0714,-0.07,0.0137,0.0,-0.1277,-0.9477,-0.946,0.8102,46
43,12,608.0,Low*Medium*NoStarvation,10,Low*Medium*NoStarvation,14.29,7.71,7,7,9,0.3462,0.0771,0.35,0.0346,-0.0386,-0.07,0.0104,0.0,-0.0982,-0.8927,-0.8936,0.8102,26
43,13,704.0,Low*Medium*NoStarvation,45,Medium*Medium*NoStarvation,7.71,41.14,7,7,43,0.4479,0.4114,0.35,0.0448,-0.2057,-0.07,0.0134,0.0,-0.2623,-1.0617,-1.0635,0.8102,96
43,14,770.0,Medium*Medium*NoStarvation,30,Medium*Medium*NoStarvation,41.14,28.43,7,7,28,0.4242,0.2843,0.35,0.0424,-0.1421,-0.07,0.0127,0.0,-0.1994,-0.9269,-0.9358,0.8102,66
43,15,796.0,Medium*Medium*NoStarvation,10,Low*Medium*NoStarvation,28.43,6.95,7,8,9,0.3462,0.0695,0.4,0.0346,-0.0348,-0.08,0.0104,0.0,-0.1044,-0.9074,-0.9075,0.8102,26
43,16,842.0,Low*Medium*NoStarvation,20,Low*Medium*NoStarvation,6.95,15.0,8,7,19,0.413,0.15,0.35,0.0413,-0.075,-0.07,0.0124,0.0,-0.1326,-0.946,-0.9451,0.8102,46
43,17,908.0,Low*Medium*NoStarvation,30,Medium*Medium*NoStarvation,15.0,25.57,7,7,30,0.4545,0.2557,0.35,0.0455,-0.1279,-0.07,0.0136,0.0,-0.1842,-1.0088,-1.0081,0.8102,66
43,18,954.0,Medium*Medium*NoStarvation,20,Low*Medium*NoStarvation,25.57,18.29,7,7,18,0.3913,0.1829,0.35,0.0391,-0.0914,-0.07,0.0117,0.0,-0.1497,-0.9526,-0.9528,0.8102,46
43,19,980.0,Low*Medium*NoStarvation,10,Low*Medium*NoStarvation,18.29,9.57,7,7,7,0.2692,0.0957,0.35,0.0269,-0.0479,-0.07,0.0081,0.0,-0.1098,-0.8936,-0.8956,0.8102,26
43,20,1076.0,Low*Medium*NoStarvation,45,Medium*Medium*NoStarvation,9.57,38.86,7,7,30,0.3125,0.3886,0.35,0.0312,-0.1943,-0.07,0.0094,0.0,-0.2549,-1.0635,-1.0643,0.8102,96
43,21,1142.0,Medium*Medium*NoStarvation,30,Medium*Medium*NoStarvation,38.86,25.29,7,7,15,0.2273,0.2529,0.35,0.0227,-0.1264,-0.07,0.0068,0.0,-0.1896,-0.9358,-0.9429,0.8102,66
43,22,1238.0,Medium*Medium*NoStarvation,45,Medium*Medium*NoStarvation,25.29,40.86,7,7,23,0.2396,0.4086,0.35,0.024,-0.2043,-0.07,0.0072,0.0,-0.2671,-1.0497,-1.0531,0.8102,96
43,23,1304.0,Medium*Medium*NoStarvation,30,Medium*Medium*NoStarvation,40.86,26.29,7,7,15,0.2273,0.2629,0.35,0.0227,-0.1314,-0.07,0.0068,0.0,-0.1946,-0.9429,-0.9497,0.8102,66
43,24,1330.0,Medium*Medium*NoStarvation,10,Low*Medium*NoStarvation,26.29,6.57,7,7,5,0.1923,0.0657,0.35,0.0192,-0.0329,-0.07,0.0058,0.0,-0.0971,-0.9075,-0.9071,0.8102,26
43,25,1396.0,Low*Medium*NoStarvation,30,Medium*Medium*NoStarvation,6.57,26.0,7,7,15,0.2273,0.26,0.35,0.0227,-0.13,-0.07,0.0068,0.0,-0.1932,-1.0081,-1.0082,0.8102,66
43,26,1442.0,Medium*Medium*NoStarvation,20,Low*Medium*NoStarvation,26.0,15.57,7,7,10,0.2174,0.1557,0.35,0.0217,-0.0779,-0.07,0.0065,0.0,-0.1413,-0.9528,-0.9522,0.8102,46
43,27,1468.0,Low*Medium*NoStarvation,10,Low*Medium*NoStarvation,15.57,7.29,7,7,4,0.1538,0.0729,0.35,0.0154,-0.0364,-0.07,0.0046,0.0,-0.1018,-0.8956,-0.8969,0.8102,26
43,28,1494.0,Low*Medium*NoStarvation,10,Low*Medium*NoStarvation,7.29,9.0,7,7,4,0.1538,0.09,0.35,0.0154,-0.045,-0.07,0.0046,0.0,-0.1104,-0.8969,-0.8989,0.8102,26
43,29,1590.0,Low*Medium*NoStarvation,45,Medium*Medium*NoStarvation,9.0,41.29,7,7,23,0.2396,0.4129,0.35,0.024,-0.2064,-0.07,0.0072,0.0,-0.2692,-1.0643,-1.0664,0.8102,96
43,30,1656.0,Medium*Medium*NoStarvation,30,Medium*Medium*NoStarvation,41.29,27.29,7,7,15,0.2273,0.2729,0.35,0.0227,-0.1364,-0.07,0.0068,0.0,-0.1996,-0.9497,-0.9563,0.8102,66
43,31,1702.0,Medium*Medium*NoStarvation,20,Low*Medium*NoStarvation,27.29,15.29,7,7,10,0.2174,0.1529,0.35,0.0217,-0.0764,-0.07,0.0065,0.0,-0.1399,-0.9522,-0.9519,0.8102,46
43,32,1748.0,Low*Medium*NoStarvation,20,Low*Medium*NoStarvation,15.29,15.86,7,7,10,0.2174,0.1586,0.35,0.0217,-0.0793,-0.07,0.0065,0.0,-0.1428,-0.9451,-0.9458,0.8102,46
43,33,1774.0,Low*Medium*NoStarvation,10,Low*Medium*NoStarvation,15.86,6.29,7,7,5,0.1923,0.0629,0.35,0.0192,-0.0314,-0.07,0.0058,0.0,-0.0957,-0.8989,-0.8995,0.8102,26
43,34,1870.0,Low*Medium*NoStarvation,45,Medium*Medium*NoStarvation,6.29,40.57,7,7,23,0.2396,0.4057,0.35,0.024,-0.2029,-0.07,0.0072,0.0,-0.2657,-1.0664,-1.068,0.8102,96
43,35,1966.0,Medium*Medium*NoStarvation,45,Medium*Medium*NoStarvation,40.57,40.14,7,7,23,0.2396,0.4014,0.35,0.024,-0.2007,-0.07,0.0072,0.0,-0.2635,-1.0531,-1.0558,0.8102,96
43,36,2062.0,Medium*Medium*NoStarvation,45,Medium*Medium*NoStarvation,40.14,41.14,7,7,23,0.2396,0.4114,0.35,0.024,-0.2057,-0.07,0.0072,0.0,-0.2685,-1.0558,-1.0587,0.8102,96
43,37,2128.0,Medium*Medium*NoStarvation,30,Medium*Medium*NoStarvation,41.14,25.57,7,7,15,0.2273,0.2557,0.35,0.0227,-0.1279,-0.07,0.0068,0.0,-0.191,-0.9563,-0.9614,0.8102,66
43,38,2154.0,Medium*Medium*NoStarvation,10,Low*Medium*NoStarvation,25.57,6.29,7,7,5,0.1923,0.0629,0.35,0.0192,-0.0314,-0.07,0.0058,0.0,-0.0957,-0.9071,-0.9069,0.8102,26
43,39,2180.0,Low*Medium*NoStarvation,10,Low*Medium*NoStarvation,6.29,8.43,7,7,4,0.1538,0.0843,0.35,0.0154,-0.0421,-0.07,0.0046,0.0,-0.1075,-0.8995,-0.9013,0.8102,26
43,40,2206.0,Low*Medium*NoStarvation,10,Low*Medium*NoStarvation,8.43,7.43,7,7,4,0.1538,0.0743,0.35,0.0154,-0.0371,-0.07,0.0046,0.0,-0.1025,-0.9013,-0.9025,0.8102,26
43,41,2232.0,Low*Medium*NoStarvation,10,Low*Medium*NoStarvation,7.43,6.86,7,7,5,0.1923,0.0686,0.35,0.0192,-0.0343,-0.07,0.0058,0.0,-0.0985,-0.9025,-0.9033,0.8102,26
43,42,2258.0,Low*Medium*NoStarvation,10,Low*Medium*NoStarvation,6.86,6.43,7,7,5,0.1923,0.0643,0.35,0.0192,-0.0321,-0.07,0.0058,0.0,-0.0964,-0.9033,-0.9039,0.8102,26
43,43,2284.0,Low*Medium*NoStarvation,10,Low*Medium*NoStarvation,6.43,6.14,7,7,5,0.1923,0.0614,0.35,0.0192,-0.0307,-0.07,0.0058,0.0,-0.0949,-0.9039,-0.9044,0.8102,26
43,44,2310.0,Low*Medium*NoStarvation,10,Low*Medium*NoStarvation,6.14,5.43,7,7,5,0.1923,0.0543,0.35,0.0192,-0.0271,-0.07,0.0058,0.0,-0.0914,-0.9044,-0.9045,0.8102,26
43,45,2376.0,Low*Medium*NoStarvation,30,Medium*Medium*NoStarvation,5.43,25.71,7,7,15,0.2273,0.2571,0.35,0.0227,-0.1286,-0.07,0.0068,0.0,-0.1918,-1.0082,-1.0082,0.8102,66
43,46,2402.0,Medium*Medium*NoStarvation,10,Low*Medium*NoStarvation,25.71,6.0,7,7,5,0.1923,0.06,0.35,0.0192,-0.03,-0.07,0.0058,0.0,-0.0942,-0.9069,-0.907,0.8102,26
43,47,2498.0,Low*Medium*NoStarvation,45,Medium*Medium*NoStarvation,6.0,42.14,7,7,22,0.2292,0.4214,0.35,0.0229,-0.2107,-0.07,0.0069,0.0,-0.2738,-1.068,-1.0702,0.8102,96
43,48,2594.0,Medium*Medium*NoStarvation,45,Medium*Medium*NoStarvation,42.14,41.29,7,7,23,0.2396,0.4129,0.35,0.024,-0.2064,-0.07,0.0072,0.0,-0.2692,-1.0587,-1.0614,0.8102,96
43,49,2690.0,Medium*Medium*NoStarvation,45,Medium*Low*NoStarvation,41.29,49.0,7,1,22,0.2292,0.49,0.05,0.0229,-0.245,-0.01,0.0069,0.0,-0.2481,-1.0614,-0.9813,0.8102,96
43,50,2699.0,Medium*Low*NoStarvation,20,Low*Low*NoStarvation,49.0,0.0,1,0,1,0.0217,0.0,0.0,0.0022,-0.0,-0.0,0.0007,0.0,0.0007,-0.013,-0.0555,0.8102,46
44,0,116.0,Low*Low*NoStarvation,30,Medium*Medium*NoStarvation,0.83,26.71,2,7,31,0.4697,0.2671,0.35,0.047,-0.1336,-0.07,0.0141,0.0,-0.1895,-0.4869,-0.5388,0.8061,66
44,1,162.0,Medium*Medium*NoStarvation,20,Low*Medium*NoStarvation,26.71,16.86,7,7,20,0.4348,0.1686,0.35,0.0435,-0.0843,-0.07,0.013,0.0,-0.1412,-0.9519,-0.9522,0.8061,46
44,2,258.0,Low*Medium*NoStarvation,45,Medium*Medium*NoStarvation,16.86,40.86,7,7,46,0.4792,0.4086,0.35,0.0479,-0.2043,-0.07,0.0144,0.0,-0.2599,-1.0702,-1.0708,0.8061,96
44,3,354.0,Medium*Medium*NoStarvation,45,Medium*Medium*NoStarvation,40.86,41.29,7,7,44,0.4583,0.4129,0.35,0.0458,-0.2064,-0.07,0.0137,0.0,-0.2627,-0.9813,-0.991,0.8061,96
44,4,420.0,Medium*Medium*NoStarvation,30,Medium*Medium*NoStarvation,41.29,24.43,7,7,29,0.4394,0.2443,0.35,0.0439,-0.1221,-0.07,0.0132,0.0,-0.179,-0.9614,-0.9648,0.8061,66
44,5,466.0,Medium*Medium*NoStarvation,20,Low*Medium*NoStarvation,24.43,16.43,7,7,19,0.413,0.1643,0.35,0.0413,-0.0821,-0.07,0.0124,0.0,-0.1398,-0.9522,-0.9524,0.8061,46
44,6,492.0,Low*Medium*NoStarvation,10,Low*Medium*NoStarvation,16.43,5.71,7,6,10,0.3846,0.0571,0.3,0.0385,-0.0286,-0.06,0.0115,0.0,-0.077,-0.9045,-0.9031,0.8061,26
44,7,588.0,Low*Medium*NoStarvation,45,Medium*Medium*NoStarvation,5.71,40.0,6,7,43,0.4479,0.4,0.35,0.0448,-0.2,-0.07,0.0134,0.0,-0.2566,-1.0708,-1.071,0.8061,96
44,8,684.0,Medium*Medium*NoStarvation,45,Medium*Medium*NoStarvation,40.0,41.14,7,7,41,0.4271,0.4114,0.35,0.0427,-0.2057,-0.07,0.0128,0.0,-0.2629,-0.991,-0.9999,0.8061,96
44,9,750.0,Medium*Medium*NoStarvation,30,Medium*Medium*NoStarvation,41.14,26.14,7,7,28,0.4242,0.2614,0.35,0.0424,-0.1307,-0.07,0.0127,0.0,-0.188,-0.9648,-0.9688,0.8061,66
44,10,776.0,Medium*Medium*NoStarvation,10,Low*Medium*NoStarvation,26.14,7.0,7,7,8,0.3077,0.07,0.35,0.0308,-0.035,-0.07,0.0092,0.0,-0.0958,-0.907,-0.9072,0.8061,26
44,11,802.0,Low*Medium*NoStarvation,10,Low*Medium*NoStarvation,7.0,8.29,7,7,9,0.3462,0.0829,0.35,0.0346,-0.0414,-0.07,0.0104,0.0,-0.101,-0.9031,-0.9042,0.8061,26
44,12,868.0,Low*Medium*NoStarvation,30,Medium*Medium*NoStarvation,8.29,26.0,7,7,31,0.4697,0.26,0.35,0.047,-0.13,-0.07,0.0141,0.0,-0.1859,-1.0082,-1.0076,0.8061,66
44,13,894.0,Medium*Medium*NoStarvation,10,Low*Medium*NoStarvation,26.0,9.43,7,7,8,0.3077,0.0943,0.35,0.0308,-0.0471,-0.07,0.0092,0.0,-0.1079,-0.9072,-0.9086,0.8061,26
44,14,940.0,Low*Medium*NoStarvation,20,Low*Medium*NoStarvation,9.43,17.0,7,7,20,0.4348,0.17,0.35,0.0435,-0.085,-0.07,0.013,0.0,-0.142,-0.9458,-0.9468,0.8061,46
44,15,986.0,Low*Medium*NoStarvation,20,Low*Medium*NoStarvation,17.0,16.43,7,7,19,0.413,0.1643,0.35,0.0413,-0.0821,-0.07,0.0124,0.0,-0.1398,-0.9468,-0.9475,0.8061,46
44,16,1082.0,Low*Medium*NoStarvation,45,Medium*Medium*NoStarvation,16.43,42.43,7,7,26,0.2708,0.4243,0.35,0.0271,-0.2121,-0.07,0.0081,0.0,-0.274,-1.071,-1.0731,0.8061,96
44,17,1178.0,Medium*Medium*NoStarvation,45,Medium*Medium*NoStarvation,42.43,39.29,7,7,23,0.2396,0.3929,0.35,0.024,-0.1964,-0.07,0.0072,0.0,-0.2592,-0.9999,-1.0076,0.8061,96
44,18,1244.0,Medium*Medium*NoStarvation,30,Medium*Medium*NoStarvation,39.29,26.14,7,7,15,0.2273,0.2614,0.35,0.0227,-0.1307,-0.07,0.0068,0.0,-0.1939,-0.9688,-0.9731,0.8061,66
44,19,1290.0,Medium*Medium*NoStarvation,20,Low*Medium*NoStarvation,26.14,16.43,7,7,10,0.2174,0.1643,0.35,0.0217,-0.0821,-0.07,0.0065,0.0,-0.1456,-0.9524,-0.9531,0.8061,46
44,20,1336.0,Low*Medium*NoStarvation,20,Low*Medium*NoStarvation,16.43,15.71,7,7,10,0.2174,0.1571,0.35,0.0217,-0.0786,-0.07,0.0065,0.0,-0.142,-0.9475,-0.9483,0.8061,46
44,21,1432.0,Low*Medium*NoStarvation,45,Medium*Medium*NoStarvation,15.71,42.14,7,7,22,0.2292,0.4214,0.35,0.0229,-0.2107,-0.07,0.0069,0.0,-0.2738,-1.0731,-1.0749,0.8061,96
44,22,1458.0,Medium*Medium*NoStarvation,10,Low*Medium*NoStarvation,42.14,6.0,7,6,5,0.1923,0.06,0.3,0.0192,-0.03,-0.06,0.0058,0.0,-0.0842,-0.9086,-0.9076,0.8061,26
44,23,1484.0,Low*Medium*NoStarvation,10,Low*Medium*NoStarvation,6.0,7.0,6,7,4,0.1538,0.07,0.35,0.0154,-0.035,-0.07,0.0046,0.0,-0.1004,-0.9042,-0.9052,0.8061,26
44,24,1510.0,Low*Medium*NoStarvation,10,Low*Medium*NoStarvation,7.0,7.86,7,7,4,0.1538,0.0786,0.35,0.0154,-0.0393,-0.07,0.0046,0.0,-0.1047,-0.9052,-0.9066,0.8061,26
44,25,1556.0,Low*Medium*NoStarvation,20,Low*Medium*NoStarvation,7.86,15.86,7,7,10,0.2174,0.1586,0.35,0.0217,-0.0793,-0.07,0.0065,0.0,-0.1428,-0.9483,-0.9493,0.8061,46
44,26,1652.0,Low*Medium*NoStarvation,45,Medium*Medium*NoStarvation,15.86,40.14,7,7,23,0.2396,0.4014,0.35,0.024,-0.2007,-0.07,0.0072,0.0,-0.2635,-1.0749,-1.0755,0.8061,96
44,27,1748.0,Medium*Medium*NoStarvation,45,Medium*Medium*NoStarvation,40.14,39.14,7,7,23,0.2396,0.3914,0.35,0.024,-0.1957,-0.07,0.0072,0.0,-0.2585,-1.0076,-1.0143,0.8061,96
44,28,1814.0,Medium*Medium*NoStarvation,30,Medium*Medium*NoStarvation,39.14,26.71,7,7,15,0.2273,0.2671,0.35,0.0227,-0.1336,-0.07,0.0068,0.0,-0.1968,-0.9731,-0.9771,0.8061,66
44,29,1860.0,Medium*Medium*NoStarvation,20,Low*Medium*NoStarvation,26.71,16.14,7,7,10,0.2174,0.1614,0.35,0.0217,-0.0807,-0.07,0.0065,0.0,-0.1442,-0.9531,-0.9538,0.8061,46
44,30,1956.0,Low*Medium*NoStarvation,45,Medium*Medium*NoStarvation,16.14,39.43,7,7,23,0.2396,0.3943,0.35,0.024,-0.1971,-0.07,0.0072,0.0,-0.26,-1.0755,-1.0756,0.8061,96
44,31,2022.0,Medium*Medium*NoStarvation,30,Medium*Medium*NoStarvation,39.43,25.29,7,7,15,0.2273,0.2529,0.35,0.0227,-0.1264,-0.07,0.0068,0.0,-0.1896,-0.9771,-0.98,0.8061,66
44,32,2048.0,Medium*Medium*NoStarvation,10,Low*Medium*NoStarvation,25.29,7.43,7,7,4,0.1538,0.0743,0.35,0.0154,-0.0371,-0.07,0.0046,0.0,-0.1025,-0.9076,-0.9087,0.8061,26
44,33,2094.0,Low*Medium*NoStarvation,20,Low*Medium*NoStarvation,7.43,15.86,7,7,10,0.2174,0.1586,0.35,0.0217,-0.0793,-0.07,0.0065,0.0,-0.1428,-0.9493,-0.9503,0.8061,46
44,34,2120.0,Low*Medium*NoStarvation,10,Low*Medium*NoStarvation,15.86,6.0,7,7,5,0.1923,0.06,0.35,0.0192,-0.03,-0.07,0.0058,0.0,-0.0942,-0.9066,-0.907,0.8061,26
44,35,2186.0,Low*Medium*NoStarvation,30,Medium*Medium*NoStarvation,6.0,25.71,7,7,15,0.2273,0.2571,0.35,0.0227,-0.1286,-0.07,0.0068,0.0,-0.1918,-1.0076,-1.0078,0.8061,66
44,36,2212.0,Medium*Medium*NoStarvation,10,Low*Medium*NoStarvation,25.71,7.0,7,7,5,0.1923,0.07,0.35,0.0192,-0.035,-0.07,0.0058,0.0,-0.0992,-0.9087,-0.9094,0.8061,26
44,37,2308.0,Low*Medium*NoStarvation,45,Medium*Medium*NoStarvation,7.0,39.86,7,7,23,0.2396,0.3986,0.35,0.024,-0.1993,-0.07,0.0072,0.0,-0.2621,-1.0756,-1.0761,0.8061,96
44,38,2334.0,Medium*Medium*NoStarvation,10,Low*Medium*NoStarvation,39.86,5.0,7,6,5,0.1923,0.05,0.3,0.0192,-0.025,-0.06,0.0058,0.0,-0.0792,-0.9094,-0.908,0.8061,26
44,39,2430.0,Low*Medium*NoStarvation,45,Medium*Medium*NoStarvation,5.0,40.86,6,7,23,0.2396,0.4086,0.35,0.024,-0.2043,-0.07,0.0072,0.0,-0.2671,-1.0761,-1.0769,0.8061,96
44,40,2456.0,Medium*Medium*NoStarvation,10,Low*Medium*NoStarvation,40.86,6.14,7,7,5,0.1923,0.0614,0.35,0.0192,-0.0307,-0.07,0.0058,0.0,-0.0949,-0.908,-0.9083,0.8061,26
44,41,2482.0,Low*Medium*NoStarvation,10,Low*Medium*NoStarvation,6.14,6.0,7,7,5,0.1923,0.06,0.35,0.0192,-0.03,-0.07,0.0058,0.0,-0.0942,-0.907,-0.9073,0.8061,26
44,42,2508.0,Low*Medium*NoStarvation,10,Low*Medium*NoStarvation,6.0,5.71,7,6,5,0.1923,0.0571,0.3,0.0192,-0.0286,-0.06,0.0058,0.0,-0.0828,-0.9073,-0.9066,0.8061,26
44,43,2554.0,Low*Medium*NoStarvation,20,Low*Medium*NoStarvation,5.71,15.86,6,7,10,0.2174,0.1586,0.35,0.0217,-0.0793,-0.07,0.0065,0.0,-0.1428,-0.9503,-0.9511,0.8061,46
44,44,2580.0,Low*Medium*NoStarvation,10,Low*Medium*NoStarvation,15.86,8.0,7,7,4,0.1538,0.08,0.35,0.0154,-0.04,-0.07,0.0046,0.0,-0.1054,-0.9066,-0.908,0.8061,26
44,45,2626.0,Low*Medium*NoStarvation,20,Low*Medium*NoStarvation,8.0,16.86,7,7,10,0.2174,0.1686,0.35,0.0217,-0.0843,-0.07,0.0065,0.0,-0.1478,-0.9511,-0.9525,0.8061,46
44,46,2648.0,Low*Medium*NoStarvation,45,Low*Low*NoStarvation,16.86,0.0,7,0,8,0.0833,0.0,0.0,0.0083,-0.0,-0.0,0.0025,0.0,0.0025,-1.0769,-1.0144,0.8061,96
45,0,96.0,Low*Low*NoStarvation,20,Low*Medium*NoStarvation,0.83,16.14,2,7,21,0.4565,0.1614,0.35,0.0457,-0.0807,-0.07,0.0137,0.0,-0.137,-0.505,-0.55,0.8021,46
45,1,192.0,Low*Medium*NoStarvation,45,Medium*Medium*NoStarvation,16.14,39.71,7,7,46,0.4792,0.3971,0.35,0.0479,-0.1986,-0.07,0.0144,0.0,-0.2542,-1.0144,-1.0202,0.8021,96
45,2,238.0,Medium*Medium*NoStarvation,20,Low*Medium*NoStarvation,39.71,16.14,7,7,20,0.4348,0.1614,0.35,0.0435,-0.0807,-0.07,0.013,0.0,-0.1377,-0.9538,-0.9539,0.8021,46
45,3,284.0,Low*Medium*NoStarvation,20,Low*Medium*NoStarvation,16.14,18.0,7,7,20,0.4348,0.18,0.35,0.0435,-0.09,-0.07,0.013,0.0,-0.147,-0.9525,-0.9537,0.8021,46
45,4,380.0,Low*Medium*NoStarvation,45,Medium*Medium*NoStarvation,18.0,40.14,7,7,44,0.4583,0.4014,0.35,0.0458,-0.2007,-0.07,0.0137,0.0,-0.257,-1.0202,-1.0256,0.8021,96
45,5,406.0,Medium*Medium*NoStarvation,10,Low*Medium*NoStarvation,40.14,7.29,7,7,7,0.2692,0.0729,0.35,0.0269,-0.0364,-0.07,0.0081,0.0,-0.0984,-0.9083,-0.909,0.8021,26
45,6,452.0,Low*Medium*NoStarvation,20,Low*Medium*NoStarvation,7.29,15.57,7,7,20,0.4348,0.1557,0.35,0.0435,-0.0779,-0.07,0.013,0.0,-0.1348,-0.9537,-0.9535,0.8021,46
45,7,498.0,Low*Medium*NoStarvation,20,Low*Medium*NoStarvation,15.57,16.71,7,7,20,0.4348,0.1671,0.35,0.0435,-0.0836,-0.07,0.013,0.0,-0.1405,-0.9535,-0.9539,0.8021,46
45,8,524.0,Low*Medium*NoStarvation,10,Low*Medium*NoStarvation,16.71,7.36,7,8,9,0.3462,0.0736,0.4,0.0346,-0.0368,-0.08,0.0104,0.0,-0.1064,-0.908,-0.9096,0.8021,26
45,9,620.0,Low*Medium*NoStarvation,45,Medium*Medium*NoStarvation,7.36,42.29,8,7,43,0.4479,0.4229,0.35,0.0448,-0.2114,-0.07,0.0134,0.0,-0.268,-1.0256,-1.0316,0.8021,96
45,10,716.0,Medium*Medium*NoStarvation,45,Medium*Medium*NoStarvation,42.29,40.86,7,7,41,0.4271,0.4086,0.35,0.0427,-0.2043,-0.07,0.0128,0.0,-0.2615,-1.0143,-1.0209,0.8021,96
45,11,782.0,Medium*Medium*NoStarvation,30,Medium*Medium*NoStarvation,40.86,25.86,7,7,29,0.4394,0.2586,0.35,0.0439,-0.1293,-0.07,0.0132,0.0,-0.1861,-0.98,-0.9825,0.8021,66
45,12,878.0,Medium*Medium*NoStarvation,45,Medium*Medium*NoStarvation,25.86,41.0,7,7,42,0.4375,0.41,0.35,0.0437,-0.205,-0.07,0.0131,0.0,-0.2619,-1.0209,-1.0268,0.8021,96
45,13,904.0,Medium*Medium*NoStarvation,10,Low*Medium*NoStarvation,41.0,6.57,7,7,8,0.3077,0.0657,0.35,0.0308,-0.0329,-0.07,0.0092,0.0,-0.0936,-0.909,-0.9093,0.8021,26
45,14,930.0,Low*Medium*NoStarvation,10,Low*Medium*NoStarvation,6.57,9.0,7,7,10,0.3846,0.09,0.35,0.0385,-0.045,-0.07,0.0115,0.0,-0.1035,-0.9096,-0.9108,0.8021,26
45,15,976.0,Low*Medium*NoStarvation,20,Low*Medium*NoStarvation,9.0,16.0,7,7,20,0.4348,0.16,0.35,0.0435,-0.08,-0.07,0.013,0.0,-0.137,-0.9539,-0.9542,0.8021,46
45,16,1072.0,Low*Medium*NoStarvation,45,Medium*Medium*NoStarvation,16.0,40.57,7,7,29,0.3021,0.4057,0.35,0.0302,-0.2029,-0.07,0.0091,0.0,-0.2638,-1.0316,-1.0367,0.8021,96
45,17,1098.0,Medium*Medium*NoStarvation,10,Low*Medium*NoStarvation,40.57,6.29,7,7,5,0.1923,0.0629,0.35,0.0192,-0.0314,-0.07,0.0058,0.0,-0.0957,-0.9093,-0.91,0.8021,26
45,18,1144.0,Low*Medium*NoStarvation,20,Low*Medium*NoStarvation,6.29,15.57,7,7,10,0.2174,0.1557,0.35,0.0217,-0.0779,-0.07,0.0065,0.0,-0.1413,-0.9542,-0.9549,0.8021,46
45,19,1240.0,Low*Medium*NoStarvation,45,Medium*Medium*NoStarvation,15.57,42.0,7,7,22,0.2292,0.42,0.35,0.0229,-0.21,-0.07,0.0069,0.0,-0.2731,-1.0367,-1.0422,0.8021,96
45,20,1336.0,Medium*Medium*NoStarvation,45,Medium*Medium*NoStarvation,42.0,41.71,7,7,22,0.2292,0.4171,0.35,0.0229,-0.2086,-0.07,0.0069,0.0,-0.2717,-1.0268,-1.0332,0.8021,96
45,21,1362.0,Medium*Medium*NoStarvation,10,Low*Medium*NoStarvation,41.71,6.43,7,7,5,0.1923,0.0643,0.35,0.0192,-0.0321,-0.07,0.0058,0.0,-0.0964,-0.91,-0.9106,0.8021,26
45,22,1458.0,Low*Medium*NoStarvation,45,Medium*Medium*NoStarvation,6.43,39.71,7,7,22,0.2292,0.3971,0.35,0.0229,-0.1986,-0.07,0.0069,0.0,-0.2617,-1.0422,-1.0461,0.8021,96
45,23,1484.0,Medium*Medium*NoStarvation,10,Low*Medium*NoStarvation,39.71,6.0,7,7,5,0.1923,0.06,0.35,0.0192,-0.03,-0.07,0.0058,0.0,-0.0942,-0.9106,-0.9109,0.8021,26
45,24,1530.0,Low*Medium*NoStarvation,20,Low*Medium*NoStarvation,6.0,16.43,7,7,10,0.2174,0.1643,0.35,0.0217,-0.0821,-0.07,0.0065,0.0,-0.1456,-0.9549,-0.9559,0.8021,46
45,25,1556.0,Low*Medium*NoStarvation,10,Low*Medium*NoStarvation,16.43,9.14,7,7,4,0.1538,0.0914,0.35,0.0154,-0.0457,-0.07,0.0046,0.0,-0.1111,-0.9108,-0.9128,0.8021,26
45,26,1582.0,Low*Medium*NoStarvation,10,Low*Medium*NoStarvation,9.14,6.71,7,7,5,0.1923,0.0671,0.35,0.0192,-0.0336,-0.07,0.0058,0.0,-0.0978,-0.9128,-0.9135,0.8021,26
45,27,1678.0,Low*Medium*NoStarvation,45,Medium*Medium*NoStarvation,6.71,42.14,7,7,22,0.2292,0.4214,0.35,0.0229,-0.2107,-0.07,0.0069,0.0,-0.2738,-1.0461,-1.0509,0.8021,96
45,28,1704.0,Medium*Medium*NoStarvation,10,Low*Medium*NoStarvation,42.14,8.57,7,7,4,0.1538,0.0857,0.35,0.0154,-0.0429,-0.07,0.0046,0.0,-0.1082,-0.9109,-0.9129,0.8021,26
45,29,1800.0,Low*Medium*NoStarvation,45,Medium*Medium*NoStarvation,8.57,41.57,7,7,22,0.2292,0.4157,0.35,0.0229,-0.2079,-0.07,0.0069,0.0,-0.271,-1.0509,-1.055,0.8021,96
45,30,1826.0,Medium*Medium*NoStarvation,10,Low*Medium*NoStarvation,41.57,6.0,7,6,5,0.1923,0.06,0.3,0.0192,-0.03,-0.06,0.0058,0.0,-0.0842,-0.9129,-0.9122,0.8021,26
45,31,1872.0,Low*Medium*NoStarvation,20,Low*Medium*NoStarvation,6.0,16.71,6,7,10,0.2174,0.1671,0.35,0.0217,-0.0836,-0.07,0.0065,0.0,-0.147,-0.9559,-0.9573,0.8021,46
45,32,1898.0,Low*Medium*NoStarvation,10,Low*Medium*NoStarvation,16.71,8.29,7,7,4,0.1538,0.0829,0.35,0.0154,-0.0414,-0.07,0.0046,0.0,-0.1068,-0.9135,-0.915,0.8021,26
45,33,1924.0,Low*Medium*NoStarvation,10,Low*Medium*NoStarvation,8.29,5.57,7,7,5,0.1923,0.0557,0.35,0.0192,-0.0279,-0.07,0.0058,0.0,-0.0921,-0.915,-0.9151,0.8021,26
45,34,1950.0,Low*Medium*NoStarvation,10,Low*Medium*NoStarvation,5.57,5.43,7,6,5,0.1923,0.0543,0.3,0.0192,-0.0271,-0.06,0.0058,0.0,-0.0814,-0.9151,-0.9141,0.8021,26
45,35,1976.0,Low*Medium*NoStarvation,10,Low*Medium*NoStarvation,5.43,9.0,6,7,4,0.1538,0.09,0.35,0.0154,-0.045,-0.07,0.0046,0.0,-0.1104,-0.9141,-0.916,0.8021,26
45,36,2072.0,Low*Medium*NoStarvation,45,Medium*Medium*NoStarvation,9.0,40.29,7,7,23,0.2396,0.4029,0.35,0.024,-0.2014,-0.07,0.0072,0.0,-0.2642,-1.055,-1.0581,0.8021,96
45,37,2118.0,Medium*Medium*NoStarvation,20,Low*Medium*NoStarvation,40.29,15.57,7,7,10,0.2174,0.1557,0.35,0.0217,-0.0779,-0.07,0.0065,0.0,-0.1413,-0.9539,-0.9551,0.8021,46
45,38,2164.0,Low*Medium*NoStarvation,20,Low*Medium*NoStarvation,15.57,15.57,7,7,10,0.2174,0.1557,0.35,0.0217,-0.0779,-0.07,0.0065,0.0,-0.1413,-0.9573,-0.9581,0.8021,46
45,39,2190.0,Low*Medium*NoStarvation,10,Low*Medium*NoStarvation,15.57,6.14,7,7,5,0.1923,0.0614,0.35,0.0192,-0.0307,-0.07,0.0058,0.0,-0.0949,-0.916,-0.9163,0.8021,26
45,40,2286.0,Low*Medium*NoStarvation,45,Medium*Medium*NoStarvation,6.14,41.71,7,7,23,0.2396,0.4171,0.35,0.024,-0.2086,-0.07,0.0072,0.0,-0.2714,-1.0581,-1.0615,0.8021,96
45,41,2312.0,Medium*Medium*NoStarvation,10,Low*Medium*NoStarvation,41.71,6.43,7,7,4,0.1538,0.0643,0.35,0.0154,-0.0321,-0.07,0.0046,0.0,-0.0975,-0.9122,-0.9132,0.8021,26
45,42,2338.0,Low*Medium*NoStarvation,10,Low*Medium*NoStarvation,6.43,7.86,7,7,4,0.1538,0.0786,0.35,0.0154,-0.0393,-0.07,0.0046,0.0,-0.1047,-0.9163,-0.9176,0.8021,26
45,43,2364.0,Low*Medium*NoStarvation,10,Low*Medium*NoStarvation,7.86,8.29,7,7,4,0.1538,0.0829,0.35,0.0154,-0.0414,-0.07,0.0046,0.0,-0.1068,-0.9176,-0.9191,0.8021,26
45,44,2390.0,Low*Medium*NoStarvation,10,Low*Medium*NoStarvation,8.29,6.14,7,6,5,0.1923,0.0614,0.3,0.0192,-0.0307,-0.06,0.0058,0.0,-0.0849,-0.9191,-0.9184,0.8021,26
45,45,2486.0,Low*Medium*NoStarvation,45,Medium*Medium*NoStarvation,6.14,42.71,6,7,22,0.2292,0.4271,0.35,0.0229,-0.2136,-0.07,0.0069,0.0,-0.2767,-1.0615,-1.0652,0.8021,96
45,46,2552.0,Medium*Medium*NoStarvation,30,Medium*Medium*NoStarvation,42.71,26.57,7,7,15,0.2273,0.2657,0.35,0.0227,-0.1329,-0.07,0.0068,0.0,-0.196,-0.9825,-0.986,0.8021,66
45,47,2578.0,Medium*Medium*NoStarvation,10,Low*Medium*NoStarvation,26.57,8.0,7,7,5,0.1923,0.08,0.35,0.0192,-0.04,-0.07,0.0058,0.0,-0.1042,-0.9132,-0.915,0.8021,26
45,48,2674.0,Low*Medium*NoStarvation,45,Medium*Medium*NoStarvation,8.0,40.43,7,7,23,0.2396,0.4043,0.35,0.024,-0.2021,-0.07,0.0072,0.0,-0.265,-1.0652,-1.0675,0.8021,96
45,49,2700.0,Medium*Medium*NoStarvation,10,Low*Low*NoStarvation,40.43,9.33,7,3,5,0.1923,0.0933,0.15,0.0192,-0.0467,-0.03,0.0058,0.0,-0.0709,-0.915,-0.8769,0.8021,26
45,50,2713.0,Low*Low*NoStarvation,10,Low*Low*NoStarvation,9.33,0.0,3,0,3,0.1154,0.0,0.0,0.0115,-0.0,-0.0,0.0035,0.0,0.0035,-0.578,-0.5662,0.8021,26
46,0,116.0,Low*Low*NoStarvation,30,Medium*Medium*NoStarvation,0.83,26.71,2,7,31,0.4697,0.2671,0.35,0.047,-0.1336,-0.07,0.0141,0.0,-0.1895,-0.5388,-0.5828,0.7981,66
46,1,142.0,Medium*Medium*NoStarvation,10,Low*Medium*NoStarvation,26.71,7.0,7,7,10,0.3846,0.07,0.35,0.0385,-0.035,-0.07,0.0115,0.0,-0.0935,-0.8769,-0.8812,0.7981,26
46,2,238.0,Low*Medium*NoStarvation,45,Medium*Medium*NoStarvation,7.0,39.57,7,7,45,0.4688,0.3957,0.35,0.0469,-0.1979,-0.07,0.0141,0.0,-0.2538,-1.0675,-1.0655,0.7981,96
46,3,304.0,Medium*Medium*NoStarvation,30,Medium*Medium*NoStarvation,39.57,25.57,7,7,31,0.4697,0.2557,0.35,0.047,-0.1279,-0.07,0.0141,0.0,-0.1838,-0.986,-0.9851,0.7981,66
46,4,350.0,Medium*Medium*NoStarvation,20,Low*Medium*NoStarvation,25.57,18.0,7,7,20,0.4348,0.18,0.35,0.0435,-0.09,-0.07,0.013,0.0,-0.147,-0.9551,-0.9569,0.7981,46
46,5,446.0,Low*Medium*NoStarvation,45,Medium*Medium*NoStarvation,18.0,41.14,7,7,42,0.4375,0.4114,0.35,0.0437,-0.2057,-0.07,0.0131,0.0,-0.2626,-1.0655,-1.0645,0.7981,96
46,6,512.0,Medium*Medium*NoStarvation,30,Medium*Medium*NoStarvation,41.14,26.14,7,7,28,0.4242,0.2614,0.35,0.0424,-0.1307,-0.07,0.0127,0.0,-0.188,-0.9851,-0.9847,0.7981,66
46,7,608.0,Medium*Medium*NoStarvation,45,Medium*Medium*NoStarvation,26.14,41.57,7,7,42,0.4375,0.4157,0.35,0.0437,-0.2079,-0.07,0.0131,0.0,-0.2647,-1.0332,-1.0356,0.7981,96
46,8,634.0,Medium*Medium*NoStarvation,10,Low*Medium*NoStarvation,41.57,8.14,7,8,7,0.2692,0.0814,0.4,0.0269,-0.0407,-0.08,0.0081,0.0,-0.1126,-0.8812,-0.887,0.7981,26
46,9,660.0,Low*Medium*NoStarvation,10,Low*Medium*NoStarvation,8.14,5.62,8,7,10,0.3846,0.0562,0.35,0.0385,-0.0281,-0.07,0.0115,0.0,-0.0866,-0.9184,-0.9179,0.7981,26
46,10,756.0,Low*Medium*NoStarvation,45,Medium*Medium*NoStarvation,5.62,40.29,7,7,44,0.4583,0.4029,0.35,0.0458,-0.2014,-0.07,0.0137,0.0,-0.2577,-1.0645,-1.0636,0.7981,96
46,11,782.0,Medium*Medium*NoStarvation,10,Low*Medium*NoStarvation,40.29,5.86,7,7,9,0.3462,0.0586,0.35,0.0346,-0.0293,-0.07,0.0104,0.0,-0.0889,-0.887,-0.8898,0.7981,26
46,12,878.0,Low*Medium*NoStarvation,45,Medium*Medium*NoStarvation,5.86,40.71,7,7,43,0.4479,0.4071,0.35,0.0448,-0.2036,-0.07,0.0134,0.0,-0.2601,-1.0636,-1.0634,0.7981,96
46,13,974.0,Medium*Medium*NoStarvation,45,Medium*Medium*NoStarvation,40.71,41.57,7,7,41,0.4271,0.4157,0.35,0.0427,-0.2079,-0.07,0.0128,0.0,-0.265,-1.0356,-1.0387,0.7981,96
46,14,1000.0,Medium*Medium*NoStarvation,10,Low*Medium*NoStarvation,41.57,7.57,7,7,7,0.2692,0.0757,0.35,0.0269,-0.0379,-0.07,0.0081,0.0,-0.0998,-0.8898,-0.8934,0.7981,26
46,15,1066.0,Low*Medium*NoStarvation,30,Medium*Medium*NoStarvation,7.57,26.29,7,7,18,0.2727,0.2629,0.35,0.0273,-0.1314,-0.07,0.0082,0.0,-0.1932,-1.0078,-1.0067,0.7981,66
46,16,1162.0,Medium*Medium*NoStarvation,45,Medium*Medium*NoStarvation,26.29,42.86,7,7,22,0.2292,0.4286,0.35,0.0229,-0.2143,-0.07,0.0069,0.0,-0.2774,-1.0387,-1.0429,0.7981,96
46,17,1258.0,Medium*Medium*NoStarvation,45,Medium*Medium*NoStarvation,42.86,39.71,7,7,23,0.2396,0.3971,0.35,0.024,-0.1986,-0.07,0.0072,0.0,-0.2614,-1.0429,-1.0452,0.7981,96
46,18,1324.0,Medium*Medium*NoStarvation,30,Medium*Medium*NoStarvation,39.71,26.14,7,7,15,0.2273,0.2614,0.35,0.0227,-0.1307,-0.07,0.0068,0.0,-0.1939,-0.9847,-0.986,0.7981,66
46,19,1420.0,Medium*Medium*NoStarvation,45,Medium*Medium*NoStarvation,26.14,41.57,7,7,22,0.2292,0.4157,0.35,0.0229,-0.2079,-0.07,0.0069,0.0,-0.271,-1.0452,-1.0482,0.7981,96
46,20,1446.0,Medium*Medium*NoStarvation,10,Low*Medium*NoStarvation,41.57,5.71,7,7,5,0.1923,0.0571,0.35,0.0192,-0.0286,-0.07,0.0058,0.0,-0.0928,-0.8934,-0.896,0.7981,26
46,21,1472.0,Low*Medium*NoStarvation,10,Low*Medium*NoStarvation,5.71,8.0,7,7,4,0.1538,0.08,0.35,0.0154,-0.04,-0.07,0.0046,0.0,-0.1054,-0.9179,-0.9193,0.7981,26
46,22,1538.0,Low*Medium*NoStarvation,30,Medium*Medium*NoStarvation,8.0,26.86,7,7,15,0.2273,0.2686,0.35,0.0227,-0.1343,-0.07,0.0068,0.0,-0.1975,-1.0067,-1.0065,0.7981,66
46,23,1564.0,Medium*Medium*NoStarvation,10,Low*Medium*NoStarvation,26.86,6.43,7,7,5,0.1923,0.0643,0.35,0.0192,-0.0321,-0.07,0.0058,0.0,-0.0964,-0.896,-0.8988,0.7981,26
46,24,1590.0,Low*Medium*NoStarvation,10,Low*Medium*NoStarvation,6.43,7.86,7,7,5,0.1923,0.0786,0.35,0.0192,-0.0393,-0.07,0.0058,0.0,-0.1035,-0.9193,-0.9204,0.7981,26
46,25,1656.0,Low*Medium*NoStarvation,30,Medium*Medium*NoStarvation,7.86,26.86,7,7,15,0.2273,0.2686,0.35,0.0227,-0.1343,-0.07,0.0068,0.0,-0.1975,-1.0065,-1.0064,0.7981,66
46,26,1722.0,Medium*Medium*NoStarvation,30,Medium*Medium*NoStarvation,26.86,26.0,7,7,15,0.2273,0.26,0.35,0.0227,-0.13,-0.07,0.0068,0.0,-0.1932,-0.986,-0.9876,0.7981,66
46,27,1768.0,Medium*Medium*NoStarvation,20,Low*Medium*NoStarvation,26.0,16.0,7,7,10,0.2174,0.16,0.35,0.0217,-0.08,-0.07,0.0065,0.0,-0.1435,-0.9569,-0.9584,0.7981,46
46,28,1794.0,Low*Medium*NoStarvation,10,Low*Medium*NoStarvation,16.0,6.0,7,7,5,0.1923,0.06,0.35,0.0192,-0.03,-0.07,0.0058,0.0,-0.0942,-0.9204,-0.9206,0.7981,26
46,29,1820.0,Low*Medium*NoStarvation,10,Low*Medium*NoStarvation,6.0,6.0,7,7,5,0.1923,0.06,0.35,0.0192,-0.03,-0.07,0.0058,0.0,-0.0942,-0.9206,-0.9208,0.7981,26
46,30,1886.0,Low*Medium*NoStarvation,30,Medium*Medium*NoStarvation,6.0,25.43,7,7,15,0.2273,0.2543,0.35,0.0227,-0.1271,-0.07,0.0068,0.0,-0.1903,-1.0064,-1.0057,0.7981,66
46,31,1932.0,Medium*Medium*NoStarvation,20,Low*Medium*NoStarvation,25.43,15.57,7,7,11,0.2391,0.1557,0.35,0.0239,-0.0779,-0.07,0.0072,0.0,-0.1407,-0.9584,-0.9595,0.7981,46
46,32,1958.0,Low*Medium*NoStarvation,10,Low*Medium*NoStarvation,15.57,8.43,7,7,4,0.1538,0.0843,0.35,0.0154,-0.0421,-0.07,0.0046,0.0,-0.1075,-0.9208,-0.9224,0.7981,26
46,33,2004.0,Low*Medium*NoStarvation,20,Low*Medium*NoStarvation,8.43,16.43,7,7,10,0.2174,0.1643,0.35,0.0217,-0.0821,-0.07,0.0065,0.0,-0.1456,-0.9581,-0.9599,0.7981,46
46,34,2070.0,Low*Medium*NoStarvation,30,Medium*Medium*NoStarvation,16.43,25.86,7,7,15,0.2273,0.2586,0.35,0.0227,-0.1293,-0.07,0.0068,0.0,-0.1925,-1.0057,-1.0053,0.7981,66
46,35,2166.0,Medium*Medium*NoStarvation,45,Medium*Medium*NoStarvation,25.86,40.86,7,7,23,0.2396,0.4086,0.35,0.024,-0.2043,-0.07,0.0072,0.0,-0.2671,-1.0482,-1.051,0.7981,96
46,36,2192.0,Medium*Medium*NoStarvation,10,Low*Medium*NoStarvation,40.86,5.86,7,7,5,0.1923,0.0586,0.35,0.0192,-0.0293,-0.07,0.0058,0.0,-0.0935,-0.8988,-0.9012,0.7981,26
46,37,2238.0,Low*Medium*NoStarvation,20,Low*Medium*NoStarvation,5.86,16.29,7,7,10,0.2174,0.1629,0.35,0.0217,-0.0814,-0.07,0.0065,0.0,-0.1449,-0.9599,-0.9614,0.7981,46
46,38,2264.0,Low*Medium*NoStarvation,10,Low*Medium*NoStarvation,16.29,6.71,7,7,5,0.1923,0.0671,0.35,0.0192,-0.0336,-0.07,0.0058,0.0,-0.0978,-0.9224,-0.9229,0.7981,26
46,39,2360.0,Low*Medium*NoStarvation,45,Medium*Medium*NoStarvation,6.71,40.14,7,7,23,0.2396,0.4014,0.35,0.024,-0.2007,-0.07,0.0072,0.0,-0.2635,-1.0634,-1.0645,0.7981,96
46,40,2456.0,Medium*Medium*NoStarvation,45,Medium*Medium*NoStarvation,40.14,40.57,7,7,23,0.2396,0.4057,0.35,0.024,-0.2029,-0.07,0.0072,0.0,-0.2657,-1.051,-1.0535,0.7981,96
46,41,2482.0,Medium*Medium*NoStarvation,10,Low*Medium*NoStarvation,40.57,6.57,7,7,5,0.1923,0.0657,0.35,0.0192,-0.0329,-0.07,0.0058,0.0,-0.0971,-0.9012,-0.9039,0.7981,26
46,42,2548.0,Low*Medium*NoStarvation,30,Medium*Medium*NoStarvation,6.57,26.29,7,7,15,0.2273,0.2629,0.35,0.0227,-0.1314,-0.07,0.0068,0.0,-0.1946,-1.0053,-1.0056,0.7981,66
46,43,2614.0,Medium*Medium*NoStarvation,30,Medium*Medium*NoStarvation,26.29,25.43,7,7,15,0.2273,0.2543,0.35,0.0227,-0.1271,-0.07,0.0068,0.0,-0.1903,-0.9876,-0.9892,0.7981,66
46,44,2640.0,Medium*Medium*NoStarvation,10,Low*Low*NoStarvation,25.43,9.33,7,3,5,0.1923,0.0933,0.15,0.0192,-0.0467,-0.03,0.0058,0.0,-0.0709,-0.9039,-0.8669,0.7981,26
46,45,2653.0,Low*Low*NoStarvation,45,Low*Low*NoStarvation,9.33,0.0,3,0,3,0.0312,0.0,0.0,0.0031,-0.0,-0.0,0.0009,0.0,0.0009,-0.5151,-0.5098,0.7981,96
47,0,146.0,Low*Low*NoStarvation,45,Medium*Medium*NoStarvation,0.83,40.71,2,7,47,0.4896,0.4071,0.35,0.049,-0.2036,-0.07,0.0147,0.0,-0.2589,-0.5098,-0.5627,0.7941,96
47,1,172.0,Medium*Medium*NoStarvation,10,Low*Medium*NoStarvation,40.71,8.43,7,7,9,0.3462,0.0843,0.35,0.0346,-0.0421,-0.07,0.0104,0.0,-0.1018,-0.8669,-0.8735,0.7941,26
47,2,268.0,Low*Medium*NoStarvation,45,Medium*Medium*NoStarvation,8.43,42.14,7,7,45,0.4688,0.4214,0.35,0.0469,-0.2107,-0.07,0.0141,0.0,-0.2667,-1.0645,-1.0633,0.7941,96
47,3,294.0,Medium*Medium*NoStarvation,10,Low*Medium*NoStarvation,42.14,9.0,7,7,8,0.3077,0.09,0.35,0.0308,-0.045,-0.07,0.0092,0.0,-0.1058,-0.8735,-0.8798,0.7941,26
47,4,320.0,Low*Medium*NoStarvation,10,Low*Medium*NoStarvation,9.0,7.29,7,7,10,0.3846,0.0729,0.35,0.0385,-0.0364,-0.07,0.0115,0.0,-0.0949,-0.9229,-0.9232,0.7941,26
47,5,416.0,Low*Medium*NoStarvation,45,Medium*Medium*NoStarvation,7.29,41.07,7,9,44,0.4583,0.4107,0.45,0.0458,-0.2054,-0.09,0.0137,0.0,-0.2816,-1.0633,-1.0643,0.7941,96
47,6,512.0,Medium*Medium*NoStarvation,45,Medium*Medium*NoStarvation,41.07,40.29,9,7,42,0.4375,0.4029,0.35,0.0437,-0.2014,-0.07,0.0131,0.0,-0.2583,-1.0535,-1.0532,0.7941,96
47,7,538.0,Medium*Medium*NoStarvation,10,Low*Medium*NoStarvation,40.29,6.14,7,7,10,0.3846,0.0614,0.35,0.0385,-0.0307,-0.07,0.0115,0.0,-0.0892,-0.8798,-0.8838,0.7941,26
47,8,564.0,Low*Medium*NoStarvation,10,Low*Medium*NoStarvation,6.14,7.29,7,7,10,0.3846,0.0729,0.35,0.0385,-0.0364,-0.07,0.0115,0.0,-0.0949,-0.9232,-0.9235,0.7941,26
47,9,590.0,Low*Medium*NoStarvation,10,Low*Medium*NoStarvation,7.29,6.57,7,7,9,0.3462,0.0657,0.35,0.0346,-0.0329,-0.07,0.0104,0.0,-0.0925,-0.9235,-0.9235,0.7941,26
47,10,656.0,Low*Medium*NoStarvation,30,Medium*Medium*NoStarvation,6.57,25.43,7,7,30,0.4545,0.2543,0.35,0.0455,-0.1271,-0.07,0.0136,0.0,-0.1835,-1.0056,-1.0029,0.7941,66
47,11,682.0,Medium*Medium*NoStarvation,10,Low*Medium*NoStarvation,25.43,7.57,7,7,10,0.3846,0.0757,0.35,0.0385,-0.0379,-0.07,0.0115,0.0,-0.0963,-0.8838,-0.8882,0.7941,26
47,12,728.0,Low*Medium*NoStarvation,20,Low*Medium*NoStarvation,7.57,16.14,7,7,20,0.4348,0.1614,0.35,0.0435,-0.0807,-0.07,0.013,0.0,-0.1377,-0.9614,-0.9621,0.7941,46
47,13,754.0,Low*Medium*NoStarvation,10,Low*Medium*NoStarvation,16.14,6.57,7,7,9,0.3462,0.0657,0.35,0.0346,-0.0329,-0.07,0.0104,0.0,-0.0925,-0.9235,-0.9235,0.7941,26
47,14,820.0,Low*Medium*NoStarvation,30,Medium*Medium*NoStarvation,6.57,26.57,7,7,29,0.4394,0.2657,0.35,0.0439,-0.1329,-0.07,0.0132,0.0,-0.1897,-1.0029,-1.0015,0.7941,66
47,15,916.0,Medium*Medium*NoStarvation,45,Medium*Medium*NoStarvation,26.57,41.86,7,7,41,0.4271,0.4186,0.35,0.0427,-0.2093,-0.07,0.0128,0.0,-0.2665,-1.0532,-1.0545,0.7941,96
47,16,942.0,Medium*Medium*NoStarvation,10,Low*Medium*NoStarvation,41.86,6.57,7,7,10,0.3846,0.0657,0.35,0.0385,-0.0329,-0.07,0.0115,0.0,-0.0913,-0.8882,-0.8916,0.7941,26
47,17,968.0,Low*Medium*NoStarvation,10,Low*Medium*NoStarvation,6.57,7.29,7,8,10,0.3846,0.0729,0.4,0.0385,-0.0364,-0.08,0.0115,0.0,-0.1049,-0.9235,-0.9247,0.7941,26
47,18,1064.0,Low*Medium*NoStarvation,45,Medium*Medium*NoStarvation,7.29,42.86,8,7,30,0.3125,0.4286,0.35,0.0312,-0.2143,-0.07,0.0094,0.0,-0.2749,-1.0643,-1.0656,0.7941,96
47,19,1090.0,Medium*Medium*NoStarvation,10,Low*Medium*NoStarvation,42.86,5.86,7,7,5,0.1923,0.0586,0.35,0.0192,-0.0293,-0.07,0.0058,0.0,-0.0935,-0.8916,-0.895,0.7941,26
47,20,1136.0,Low*Medium*NoStarvation,20,Low*Medium*NoStarvation,5.86,17.0,7,7,10,0.2174,0.17,0.35,0.0217,-0.085,-0.07,0.0065,0.0,-0.1485,-0.9621,-0.964,0.7941,46
47,21,1202.0,Low*Medium*NoStarvation,30,Medium*Medium*NoStarvation,17.0,25.43,7,7,15,0.2273,0.2543,0.35,0.0227,-0.1271,-0.07,0.0068,0.0,-0.1903,-1.0015,-1.001,0.7941,66
47,22,1268.0,Medium*Medium*NoStarvation,30,Medium*Medium*NoStarvation,25.43,26.29,7,7,15,0.2273,0.2629,0.35,0.0227,-0.1314,-0.07,0.0068,0.0,-0.1946,-0.9892,-0.9903,0.7941,66
47,23,1294.0,Medium*Medium*NoStarvation,10,Low*Medium*NoStarvation,26.29,5.57,7,6,5,0.1923,0.0557,0.3,0.0192,-0.0279,-0.06,0.0058,0.0,-0.0821,-0.895,-0.897,0.7941,26
47,24,1390.0,Low*Medium*NoStarvation,45,Medium*Medium*NoStarvation,5.57,40.29,6,7,23,0.2396,0.4029,0.35,0.024,-0.2014,-0.07,0.0072,0.0,-0.2642,-1.0656,-1.0662,0.7941,96
47,25,1456.0,Medium*Medium*NoStarvation,30,Medium*Medium*NoStarvation,40.29,25.43,7,7,15,0.2273,0.2543,0.35,0.0227,-0.1271,-0.07,0.0068,0.0,-0.1903,-0.9903,-0.9911,0.7941,66
47,26,1502.0,Medium*Medium*NoStarvation,20,Low*Medium*NoStarvation,25.43,17.0,7,7,10,0.2174,0.17,0.35,0.0217,-0.085,-0.07,0.0065,0.0,-0.1485,-0.9595,-0.9617,0.7941,46
47,27,1528.0,Low*Medium*NoStarvation,10,Low*Medium*NoStarvation,17.0,7.57,7,7,5,0.1923,0.0757,0.35,0.0192,-0.0379,-0.07,0.0058,0.0,-0.1021,-0.9247,-0.9257,0.7941,26
47,28,1594.0,Low*Medium*NoStarvation,30,Medium*Medium*NoStarvation,7.57,27.0,7,7,15,0.2273,0.27,0.35,0.0227,-0.135,-0.07,0.0068,0.0,-0.1982,-1.001,-1.0014,0.7941,66
47,29,1620.0,Medium*Medium*NoStarvation,10,Low*Medium*NoStarvation,27.0,7.71,7,7,4,0.1538,0.0771,0.35,0.0154,-0.0386,-0.07,0.0046,0.0,-0.104,-0.897,-0.901,0.7941,26
47,30,1666.0,Low*Medium*NoStarvation,20,Low*Medium*NoStarvation,7.71,15.43,7,7,10,0.2174,0.1543,0.35,0.0217,-0.0771,-0.07,0.0065,0.0,-0.1406,-0.964,-0.965,0.7941,46
47,31,1692.0,Low*Medium*NoStarvation,10,Low*Medium*NoStarvation,15.43,6.71,7,7,5,0.1923,0.0671,0.35,0.0192,-0.0336,-0.07,0.0058,0.0,-0.0978,-0.9257,-0.9262,0.7941,26
47,32,1718.0,Low*Medium*NoStarvation,10,Low*Medium*NoStarvation,6.71,6.86,7,7,5,0.1923,0.0686,0.35,0.0192,-0.0343,-0.07,0.0058,0.0,-0.0985,-0.9262,-0.9268,0.7941,26
47,33,1814.0,Low*Medium*NoStarvation,45,Medium*Medium*NoStarvation,6.86,40.43,7,7,23,0.2396,0.4043,0.35,0.024,-0.2021,-0.07,0.0072,0.0,-0.265,-1.0662,-1.0672,0.7941,96
47,34,1910.0,Medium*Medium*NoStarvation,45,Medium*Medium*NoStarvation,40.43,41.86,7,7,23,0.2396,0.4186,0.35,0.024,-0.2093,-0.07,0.0072,0.0,-0.2721,-1.0545,-1.0573,0.7941,96
47,35,1976.0,Medium*Medium*NoStarvation,30,Medium*Medium*NoStarvation,41.86,26.14,7,7,15,0.2273,0.2614,0.35,0.0227,-0.1307,-0.07,0.0068,0.0,-0.1939,-0.9911,-0.9924,0.7941,66
47,36,2072.0,Medium*Medium*NoStarvation,45,Medium*Medium*NoStarvation,26.14,39.57,7,7,23,0.2396,0.3957,0.35,0.024,-0.1979,-0.07,0.0072,0.0,-0.2607,-1.0573,-1.0587,0.7941,96
47,37,2138.0,Medium*Medium*NoStarvation,30,Medium*Medium*NoStarvation,39.57,25.0,7,7,16,0.2424,0.25,0.35,0.0242,-0.125,-0.07,0.0073,0.0,-0.1877,-0.9924,-0.9931,0.7941,66
47,38,2164.0,Medium*Medium*NoStarvation,10,Low*Medium*NoStarvation,25.0,6.14,7,7,5,0.1923,0.0614,0.35,0.0192,-0.0307,-0.07,0.0058,0.0,-0.0949,-0.901,-0.9038,0.7941,26
47,39,2210.0,Low*Medium*NoStarvation,20,Low*Medium*NoStarvation,6.14,16.57,7,7,10,0.2174,0.1657,0.35,0.0217,-0.0829,-0.07,0.0065,0.0,-0.1463,-0.965,-0.9665,0.7941,46
47,40,2306.0,Low*Medium*NoStarvation,45,Medium*Medium*NoStarvation,16.57,42.71,7,7,22,0.2292,0.4271,0.35,0.0229,-0.2136,-0.07,0.0069,0.0,-0.2767,-1.0672,-1.0695,0.7941,96
47,41,2352.0,Medium*Medium*NoStarvation,20,Low*Medium*NoStarvation,42.71,16.71,7,7,10,0.2174,0.1671,0.35,0.0217,-0.0836,-0.07,0.0065,0.0,-0.147,-0.9617,-0.9636,0.7941,46
47,42,2398.0,Low*Medium*NoStarvation,20,Low*Medium*NoStarvation,16.71,14.43,7,7,10,0.2174,0.1443,0.35,0.0217,-0.0721,-0.07,0.0065,0.0,-0.1356,-0.9665,-0.9668,0.7941,46
47,43,2424.0,Low*Medium*NoStarvation,10,Low*Medium*NoStarvation,14.43,5.86,7,6,5,0.1923,0.0586,0.3,0.0192,-0.0293,-0.06,0.0058,0.0,-0.0835,-0.9268,-0.9259,0.7941,26
47,44,2450.0,Low*Medium*NoStarvation,10,Low*Medium*NoStarvation,5.86,8.0,6,7,4,0.1538,0.08,0.35,0.0154,-0.04,-0.07,0.0046,0.0,-0.1054,-0.9259,-0.9272,0.7941,26
47,45,2516.0,Low*Medium*NoStarvation,30,Medium*Medium*NoStarvation,8.0,26.14,7,7,15,0.2273,0.2614,0.35,0.0227,-0.1307,-0.07,0.0068,0.0,-0.1939,-1.0014,-1.002,0.7941,66
47,46,2612.0,Medium*Medium*NoStarvation,45,Medium*Medium*NoStarvation,26.14,41.71,7,7,22,0.2292,0.4171,0.35,0.0229,-0.2086,-0.07,0.0069,0.0,-0.2717,-1.0587,-1.0614,0.7941,96
47,47,2644.0,Medium*Medium*NoStarvation,30,Low*Low*NoStarvation,41.71,0.0,7,0,13,0.197,0.0,0.0,0.0197,-0.0,-0.0,0.0059,0.0,0.0059,-0.9931,-0.9427,0.7941,66
48,0,116.0,Low*Low*NoStarvation,30,Medium*Medium*NoStarvation,0.83,26.71,2,7,31,0.4697,0.2671,0.35,0.047,-0.1336,-0.07,0.0141,0.0,-0.1895,-0.5828,-0.6248,0.7901,66
48,1,142.0,Medium*Medium*NoStarvation,10,Low*Medium*NoStarvation,26.71,7.0,7,7,10,0.3846,0.07,0.35,0.0385,-0.035,-0.07,0.0115,0.0,-0.0935,-0.9038,-0.9062,0.7901,26
48,2,238.0,Low*Medium*NoStarvation,45,Medium*Medium*NoStarvation,7.0,39.57,7,7,45,0.4688,0.3957,0.35,0.0469,-0.1979,-0.07,0.0141,0.0,-0.2538,-1.0695,-1.0695,0.7901,96
48,3,304.0,Medium*Medium*NoStarvation,30,Medium*Medium*NoStarvation,39.57,25.57,7,7,31,0.4697,0.2557,0.35,0.047,-0.1279,-0.07,0.0141,0.0,-0.1838,-0.9427,-0.9483,0.7901,66
48,4,350.0,Medium*Medium*NoStarvation,20,Low*Medium*NoStarvation,25.57,18.0,7,7,20,0.4348,0.18,0.35,0.0435,-0.09,-0.07,0.013,0.0,-0.147,-0.9636,-0.9654,0.7901,46
48,5,446.0,Low*Medium*NoStarvation,45,Medium*Medium*NoStarvation,18.0,41.14,7,7,42,0.4375,0.4114,0.35,0.0437,-0.2057,-0.07,0.0131,0.0,-0.2626,-1.0695,-1.0703,0.7901,96
48,6,492.0,Medium*Medium*NoStarvation,20,Low*Medium*NoStarvation,41.14,16.57,7,7,19,0.413,0.1657,0.35,0.0413,-0.0829,-0.07,0.0124,0.0,-0.1405,-0.9654,-0.9663,0.7901,46
48,7,538.0,Low*Medium*NoStarvation,20,Low*Medium*NoStarvation,16.57,16.29,7,7,19,0.413,0.1629,0.35,0.0413,-0.0814,-0.07,0.0124,0.0,-0.139,-0.9668,-0.9675,0.7901,46
48,8,584.0,Low*Medium*NoStarvation,20,Low*Medium*NoStarvation,16.29,16.71,7,7,20,0.4348,0.1671,0.35,0.0435,-0.0836,-0.07,0.013,0.0,-0.1405,-0.9675,-0.9683,0.7901,46
48,9,610.0,Low*Medium*NoStarvation,10,Low*Medium*NoStarvation,16.71,8.29,7,7,8,0.3077,0.0829,0.35,0.0308,-0.0414,-0.07,0.0092,0.0,-0.1022,-0.9272,-0.9281,0.7901,26
48,10,676.0,Low*Medium*NoStarvation,30,Medium*Medium*NoStarvation,8.29,25.86,7,7,29,0.4394,0.2586,0.35,0.0439,-0.1293,-0.07,0.0132,0.0,-0.1861,-1.002,-1.002,0.7901,66
48,11,722.0,Medium*Medium*NoStarvation,20,Low*Medium*NoStarvation,25.86,16.71,7,7,18,0.3913,0.1671,0.35,0.0391,-0.0836,-0.07,0.0117,0.0,-0.1418,-0.9663,-0.9674,0.7901,46
48,12,748.0,Low*Medium*NoStarvation,10,Low*Medium*NoStarvation,16.71,7.86,7,8,10,0.3846,0.0786,0.4,0.0385,-0.0393,-0.08,0.0115,0.0,-0.1077,-0.9281,-0.9296,0.7901,26
48,13,774.0,Low*Medium*NoStarvation,10,Low*Medium*NoStarvation,7.86,6.14,8,6,10,0.3846,0.0614,0.3,0.0385,-0.0307,-0.06,0.0115,0.0,-0.0792,-0.9296,-0.9282,0.7901,26
48,14,820.0,Low*Medium*NoStarvation,20,Low*Medium*NoStarvation,6.14,15.71,6,7,20,0.4348,0.1571,0.35,0.0435,-0.0786,-0.07,0.013,0.0,-0.1355,-0.9683,-0.9685,0.7901,46
48,15,866.0,Low*Medium*NoStarvation,20,Low*Medium*NoStarvation,15.71,16.71,7,7,20,0.4348,0.1671,0.35,0.0435,-0.0836,-0.07,0.013,0.0,-0.1405,-0.9685,-0.9693,0.7901,46
48,16,912.0,Low*Medium*NoStarvation,20,Low*Medium*NoStarvation,16.71,16.43,7,7,19,0.413,0.1643,0.35,0.0413,-0.0821,-0.07,0.0124,0.0,-0.1398,-0.9693,-0.9699,0.7901,46
48,17,978.0,Low*Medium*NoStarvation,30,Medium*Medium*NoStarvation,16.43,26.43,7,7,29,0.4394,0.2643,0.35,0.0439,-0.1321,-0.07,0.0132,0.0,-0.189,-1.002,-1.0022,0.7901,66
48,18,1004.0,Medium*Medium*NoStarvation,10,Low*Medium*NoStarvation,26.43,6.43,7,7,8,0.3077,0.0643,0.35,0.0308,-0.0321,-0.07,0.0092,0.0,-0.0929,-0.9062,-0.9084,0.7901,26
48,19,1050.0,Low*Medium*NoStarvation,20,Low*Medium*NoStarvation,6.43,16.0,7,7,12,0.2609,0.16,0.35,0.0261,-0.08,-0.07,0.0078,0.0,-0.1422,-0.9699,-0.9706,0.7901,46
48,20,1116.0,Low*Medium*NoStarvation,30,Medium*Medium*NoStarvation,16.0,26.14,7,7,15,0.2273,0.2614,0.35,0.0227,-0.1307,-0.07,0.0068,0.0,-0.1939,-1.0022,-1.0031,0.7901,66
48,21,1212.0,Medium*Medium*NoStarvation,45,Medium*Medium*NoStarvation,26.14,40.57,7,7,23,0.2396,0.4057,0.35,0.024,-0.2029,-0.07,0.0072,0.0,-0.2657,-1.0614,-1.0636,0.7901,96
48,22,1238.0,Medium*Medium*NoStarvation,10,Low*Medium*NoStarvation,40.57,6.43,7,7,5,0.1923,0.0643,0.35,0.0192,-0.0321,-0.07,0.0058,0.0,-0.0964,-0.9084,-0.9107,0.7901,26
48,23,1264.0,Low*Medium*NoStarvation,10,Low*Medium*NoStarvation,6.43,7.57,7,7,4,0.1538,0.0757,0.35,0.0154,-0.0379,-0.07,0.0046,0.0,-0.1032,-0.9282,-0.9293,0.7901,26
48,24,1330.0,Low*Medium*NoStarvation,30,Medium*Medium*NoStarvation,7.57,24.71,7,7,16,0.2424,0.2471,0.35,0.0242,-0.1236,-0.07,0.0073,0.0,-0.1863,-1.0031,-1.0034,0.7901,66
48,25,1376.0,Medium*Medium*NoStarvation,20,Low*Medium*NoStarvation,24.71,16.57,7,7,10,0.2174,0.1657,0.35,0.0217,-0.0829,-0.07,0.0065,0.0,-0.1463,-0.9674,-0.969,0.7901,46
48,26,1402.0,Low*Medium*NoStarvation,10,Low*Medium*NoStarvation,16.57,8.14,7,7,4,0.1538,0.0814,0.35,0.0154,-0.0407,-0.07,0.0046,0.0,-0.1061,-0.9293,-0.9306,0.7901,26
48,27,1428.0,Low*Medium*NoStarvation,10,Low*Medium*NoStarvation,8.14,6.14,7,7,5,0.1923,0.0614,0.35,0.0192,-0.0307,-0.07,0.0058,0.0,-0.0949,-0.9306,-0.9308,0.7901,26
48,28,1494.0,Low*Medium*NoStarvation,30,Medium*Medium*NoStarvation,6.14,27.43,7,7,15,0.2273,0.2743,0.35,0.0227,-0.1371,-0.07,0.0068,0.0,-0.2003,-1.0034,-1.0051,0.7901,66
48,29,1520.0,Medium*Medium*NoStarvation,10,Low*Medium*NoStarvation,27.43,8.71,7,7,4,0.1538,0.0871,0.35,0.0154,-0.0436,-0.07,0.0046,0.0,-0.109,-0.9107,-0.9143,0.7901,26
48,30,1546.0,Low*Medium*NoStarvation,10,Low*Medium*NoStarvation,8.71,6.71,7,7,5,0.1923,0.0671,0.35,0.0192,-0.0336,-0.07,0.0058,0.0,-0.0978,-0.9308,-0.9313,0.7901,26
48,31,1642.0,Low*Medium*NoStarvation,45,Medium*Medium*NoStarvation,6.71,39.43,7,7,23,0.2396,0.3943,0.35,0.024,-0.1971,-0.07,0.0072,0.0,-0.26,-1.0703,-1.0716,0.7901,96
48,32,1688.0,Medium*Medium*NoStarvation,20,Low*Medium*NoStarvation,39.43,16.43,7,7,10,0.2174,0.1643,0.35,0.0217,-0.0821,-0.07,0.0065,0.0,-0.1456,-0.969,-0.9704,0.7901,46
48,33,1714.0,Low*Medium*NoStarvation,10,Low*Medium*NoStarvation,16.43,5.86,7,7,5,0.1923,0.0586,0.35,0.0192,-0.0293,-0.07,0.0058,0.0,-0.0935,-0.9313,-0.9313,0.7901,26
48,34,1760.0,Low*Medium*NoStarvation,20,Low*Medium*NoStarvation,5.86,17.43,7,7,10,0.2174,0.1743,0.35,0.0217,-0.0871,-0.07,0.0065,0.0,-0.1506,-0.9706,-0.9725,0.7901,46
48,35,1786.0,Low*Medium*NoStarvation,10,Low*Medium*NoStarvation,17.43,5.71,7,6,5,0.1923,0.0571,0.3,0.0192,-0.0286,-0.06,0.0058,0.0,-0.0828,-0.9313,-0.9303,0.7901,26
48,36,1852.0,Low*Medium*NoStarvation,30,Medium*Medium*NoStarvation,5.71,26.43,6,7,15,0.2273,0.2643,0.35,0.0227,-0.1321,-0.07,0.0068,0.0,-0.1953,-1.0051,-1.0064,0.7901,66
48,37,1878.0,Medium*Medium*NoStarvation,10,Low*Medium*NoStarvation,26.43,8.14,7,7,4,0.1538,0.0814,0.35,0.0154,-0.0407,-0.07,0.0046,0.0,-0.1061,-0.9143,-0.9172,0.7901,26
48,38,1944.0,Low*Medium*NoStarvation,30,Medium*Medium*NoStarvation,8.14,26.29,7,7,15,0.2273,0.2629,0.35,0.0227,-0.1314,-0.07,0.0068,0.0,-0.1946,-1.0064,-1.0078,0.7901,66
48,39,2010.0,Medium*Medium*NoStarvation,30,Medium*Medium*NoStarvation,26.29,26.43,7,7,15,0.2273,0.2643,0.35,0.0227,-0.1321,-0.07,0.0068,0.0,-0.1953,-0.9483,-0.9556,0.7901,66
48,40,2036.0,Medium*Medium*NoStarvation,10,Low*Medium*NoStarvation,26.43,7.86,7,7,4,0.1538,0.0786,0.35,0.0154,-0.0393,-0.07,0.0046,0.0,-0.1047,-0.9172,-0.9197,0.7901,26
48,41,2082.0,Low*Medium*NoStarvation,20,Low*Medium*NoStarvation,7.86,16.86,7,7,10,0.2174,0.1686,0.35,0.0217,-0.0843,-0.07,0.0065,0.0,-0.1478,-0.9725,-0.9737,0.7901,46
48,42,2148.0,Low*Medium*NoStarvation,30,Medium*Medium*NoStarvation,16.86,26.86,7,7,15,0.2273,0.2686,0.35,0.0227,-0.1343,-0.07,0.0068,0.0,-0.1975,-1.0078,-1.0095,0.7901,66
48,43,2194.0,Medium*Medium*NoStarvation,20,Low*Medium*NoStarvation,26.86,15.71,7,7,10,0.2174,0.1571,0.35,0.0217,-0.0786,-0.07,0.0065,0.0,-0.142,-0.9704,-0.9713,0.7901,46
48,44,2290.0,Low*Medium*NoStarvation,45,Medium*Medium*NoStarvation,15.71,40.29,7,7,23,0.2396,0.4029,0.35,0.024,-0.2014,-0.07,0.0072,0.0,-0.2642,-1.0716,-1.0736,0.7901,96
48,45,2316.0,Medium*Medium*NoStarvation,10,Low*Medium*NoStarvation,40.29,8.86,7,7,4,0.1538,0.0886,0.35,0.0154,-0.0443,-0.07,0.0046,0.0,-0.1097,-0.9197,-0.9224,0.7901,26
48,46,2342.0,Low*Medium*NoStarvation,10,Low*Medium*NoStarvation,8.86,5.71,7,7,5,0.1923,0.0571,0.35,0.0192,-0.0286,-0.07,0.0058,0.0,-0.0928,-0.9303,-0.9302,0.7901,26
48,47,2438.0,Low*Medium*NoStarvation,45,Medium*Medium*NoStarvation,5.71,39.57,7,7,23,0.2396,0.3957,0.35,0.024,-0.1979,-0.07,0.0072,0.0,-0.2607,-1.0736,-1.0754,0.7901,96
48,48,2464.0,Medium*Medium*NoStarvation,10,Low*Medium*NoStarvation,39.57,6.86,7,7,5,0.1923,0.0686,0.35,0.0192,-0.0343,-0.07,0.0058,0.0,-0.0985,-0.9224,-0.9238,0.7901,26
48,49,2490.0,Low*Medium*NoStarvation,10,Low*Medium*NoStarvation,6.86,6.86,7,7,5,0.1923,0.0686,0.35,0.0192,-0.0343,-0.07,0.0058,0.0,-0.0985,-0.9302,-0.9308,0.7901,26
48,50,2516.0,Low*Medium*NoStarvation,10,Low*Medium*NoStarvation,6.86,6.71,7,7,5,0.1923,0.0671,0.35,0.0192,-0.0336,-0.07,0.0058,0.0,-0.0978,-0.9308,-0.9313,0.7901,26
48,51,2582.0,Low*Medium*NoStarvation,30,Medium*Medium*NoStarvation,6.71,25.71,7,7,16,0.2424,0.2571,0.35,0.0242,-0.1286,-0.07,0.0073,0.0,-0.1913,-1.0095,-1.0108,0.7901,66
48,52,2608.0,Medium*Medium*NoStarvation,10,Low*Medium*NoStarvation,25.71,6.14,7,7,5,0.1923,0.0614,0.35,0.0192,-0.0307,-0.07,0.0058,0.0,-0.0949,-0.9238,-0.9247,0.7901,26
48,53,2634.0,Low*Medium*NoStarvation,10,Low*Medium*NoStarvation,6.14,6.57,7,7,5,0.1923,0.0657,0.35,0.0192,-0.0329,-0.07,0.0058,0.0,-0.0971,-0.9313,-0.9317,0.7901,26
48,54,2700.0,Low*Medium*NoStarvation,30,Medium*Low*NoStarvation,6.57,29.67,7,3,15,0.2273,0.2967,0.15,0.0227,-0.1483,-0.03,0.0068,0.0,-0.1715,-1.0108,-0.9288,0.7901,66
48,55,2713.0,Medium*Low*NoStarvation,20,Low*Low*NoStarvation,29.67,0.0,3,0,3,0.0652,0.0,0.0,0.0065,-0.0,-0.0,0.002,0.0,0.002,-0.0555,-0.0992,0.7901,46
49,0,146.0,Low*Low*NoStarvation,45,Medium*Medium*NoStarvation,0.83,40.71,2,7,47,0.4896,0.4071,0.35,0.049,-0.2036,-0.07,0.0147,0.0,-0.2589,-0.5627,-0.6156,0.7862,96
49,1,172.0,Medium*Medium*NoStarvation,10,Low*Medium*NoStarvation,40.71,8.43,7,7,9,0.3462,0.0843,0.35,0.0346,-0.0421,-0.07,0.0104,0.0,-0.1018,-0.9247,-0.926,0.7862,26
49,2,268.0,Low*Medium*NoStarvation,45,Medium*Medium*NoStarvation,8.43,42.14,7,7,45,0.4688,0.4214,0.35,0.0469,-0.2107,-0.07,0.0141,0.0,-0.2667,-1.0754,-1.0778,0.7862,96
49,3,334.0,Medium*Medium*NoStarvation,30,Medium*Medium*NoStarvation,42.14,26.43,7,7,29,0.4394,0.2643,0.35,0.0439,-0.1321,-0.07,0.0132,0.0,-0.189,-0.9556,-0.9622,0.7862,66
49,4,380.0,Medium*Medium*NoStarvation,20,Low*Medium*NoStarvation,26.43,17.14,7,7,19,0.413,0.1714,0.35,0.0413,-0.0857,-0.07,0.0124,0.0,-0.1433,-0.9713,-0.9721,0.7862,46
49,5,426.0,Low*Medium*NoStarvation,20,Low*Medium*NoStarvation,17.14,16.43,7,7,19,0.413,0.1643,0.35,0.0413,-0.0821,-0.07,0.0124,0.0,-0.1398,-0.9737,-0.9739,0.7862,46
49,6,492.0,Low*Medium*NoStarvation,30,Medium*Medium*NoStarvation,16.43,26.43,7,7,28,0.4242,0.2643,0.35,0.0424,-0.1321,-0.07,0.0127,0.0,-0.1894,-0.9288,-0.9382,0.7862,66
49,7,558.0,Medium*Medium*NoStarvation,30,Medium*Medium*NoStarvation,26.43,25.43,7,7,29,0.4394,0.2543,0.35,0.0439,-0.1271,-0.07,0.0132,0.0,-0.184,-0.9622,-0.9678,0.7862,66
49,8,624.0,Medium*Medium*NoStarvation,30,Medium*Medium*NoStarvation,25.43,24.57,7,7,29,0.4394,0.2457,0.35,0.0439,-0.1229,-0.07,0.0132,0.0,-0.1797,-0.9678,-0.9723,0.7862,66
49,9,650.0,Medium*Medium*NoStarvation,10,Low*Medium*NoStarvation,24.57,8.71,7,7,8,0.3077,0.0871,0.35,0.0308,-0.0436,-0.07,0.0092,0.0,-0.1043,-0.926,-0.9277,0.7862,26
49,10,676.0,Low*Medium*NoStarvation,10,Low*Medium*NoStarvation,8.71,8.0,7,7,9,0.3462,0.08,0.35,0.0346,-0.04,-0.07,0.0104,0.0,-0.0996,-0.9317,-0.9323,0.7862,26
49,11,702.0,Low*Medium*NoStarvation,10,Low*Medium*NoStarvation,8.0,5.71,7,7,10,0.3846,0.0571,0.35,0.0385,-0.0286,-0.07,0.0115,0.0,-0.087,-0.9323,-0.9317,0.7862,26
49,12,748.0,Low*Medium*NoStarvation,20,Low*Medium*NoStarvation,5.71,16.57,7,7,20,0.4348,0.1657,0.35,0.0435,-0.0829,-0.07,0.013,0.0,-0.1398,-0.9739,-0.9743,0.7862,46
49,13,814.0,Low*Medium*NoStarvation,30,Medium*Medium*NoStarvation,16.57,25.43,7,7,29,0.4394,0.2543,0.35,0.0439,-0.1271,-0.07,0.0132,0.0,-0.184,-0.9382,-0.9463,0.7862,66
49,14,860.0,Medium*Medium*NoStarvation,20,Low*Medium*NoStarvation,25.43,17.71,7,7,18,0.3913,0.1771,0.35,0.0391,-0.0886,-0.07,0.0117,0.0,-0.1468,-0.9721,-0.9734,0.7862,46
49,15,926.0,Low*Medium*NoStarvation,30,Medium*Medium*NoStarvation,17.71,26.86,7,7,28,0.4242,0.2686,0.35,0.0424,-0.1343,-0.07,0.0127,0.0,-0.1916,-0.9463,-0.9543,0.7862,66
49,16,952.0,Medium*Medium*NoStarvation,10,Low*Medium*NoStarvation,26.86,6.43,7,7,10,0.3846,0.0643,0.35,0.0385,-0.0321,-0.07,0.0115,0.0,-0.0906,-0.9277,-0.9278,0.7862,26
49,17,998.0,Low*Medium*NoStarvation,20,Low*Medium*NoStarvation,6.43,15.29,7,7,19,0.413,0.1529,0.35,0.0413,-0.0764,-0.07,0.0124,0.0,-0.134,-0.9743,-0.9742,0.7862,46
49,18,1024.0,Low*Medium*NoStarvation,10,Low*Medium*NoStarvation,15.29,5.57,7,6,7,0.2692,0.0557,0.3,0.0269,-0.0279,-0.06,0.0081,0.0,-0.0798,-0.9317,-0.9304,0.7862,26
49,19,1050.0,Low*Medium*NoStarvation,10,Low*Medium*NoStarvation,5.57,6.0,6,7,5,0.1923,0.06,0.35,0.0192,-0.03,-0.07,0.0058,0.0,-0.0942,-0.9304,-0.9305,0.7862,26
49,20,1096.0,Low*Medium*NoStarvation,20,Low*Medium*NoStarvation,6.0,15.71,7,7,10,0.2174,0.1571,0.35,0.0217,-0.0786,-0.07,0.0065,0.0,-0.142,-0.9742,-0.9747,0.7862,46
49,21,1122.0,Low*Medium*NoStarvation,10,Low*Medium*NoStarvation,15.71,8.0,7,7,4,0.1538,0.08,0.35,0.0154,-0.04,-0.07,0.0046,0.0,-0.1054,-0.9305,-0.9317,0.7862,26
49,22,1148.0,Low*Medium*NoStarvation,10,Low*Medium*NoStarvation,8.0,7.57,7,7,4,0.1538,0.0757,0.35,0.0154,-0.0379,-0.07,0.0046,0.0,-0.1032,-0.9317,-0.9327,0.7862,26
49,23,1194.0,Low*Medium*NoStarvation,20,Low*Medium*NoStarvation,7.57,17.29,7,7,10,0.2174,0.1729,0.35,0.0217,-0.0864,-0.07,0.0065,0.0,-0.1499,-0.9747,-0.9762,0.7862,46
49,24,1240.0,Low*Medium*NoStarvation,20,Low*Medium*NoStarvation,17.29,14.86,7,7,11,0.2391,0.1486,0.35,0.0239,-0.0743,-0.07,0.0072,0.0,-0.1371,-0.9762,-0.9762,0.7862,46
49,25,1266.0,Low*Medium*NoStarvation,10,Low*Medium*NoStarvation,14.86,7.29,7,7,4,0.1538,0.0729,0.35,0.0154,-0.0364,-0.07,0.0046,0.0,-0.1018,-0.9327,-0.9336,0.7862,26
49,26,1292.0,Low*Medium*NoStarvation,10,Low*Medium*NoStarvation,7.29,5.29,7,6,5,0.1923,0.0529,0.3,0.0192,-0.0264,-0.06,0.0058,0.0,-0.0807,-0.9336,-0.9323,0.7862,26
49,27,1318.0,Low*Medium*NoStarvation,10,Low*Medium*NoStarvation,5.29,5.57,6,7,5,0.1923,0.0557,0.35,0.0192,-0.0279,-0.07,0.0058,0.0,-0.0921,-0.9323,-0.9322,0.7862,26
49,28,1414.0,Low*Medium*NoStarvation,45,Medium*Medium*NoStarvation,5.57,40.71,7,7,23,0.2396,0.4071,0.35,0.024,-0.2036,-0.07,0.0072,0.0,-0.2664,-1.0778,-1.0802,0.7862,96
49,29,1460.0,Medium*Medium*NoStarvation,20,Low*Medium*NoStarvation,40.71,16.29,7,7,10,0.2174,0.1629,0.35,0.0217,-0.0814,-0.07,0.0065,0.0,-0.1449,-0.9734,-0.9745,0.7862,46
49,30,1526.0,Low*Medium*NoStarvation,30,Medium*Medium*NoStarvation,16.29,26.14,7,7,15,0.2273,0.2614,0.35,0.0227,-0.1307,-0.07,0.0068,0.0,-0.1939,-0.9543,-0.9617,0.7862,66
49,31,1552.0,Medium*Medium*NoStarvation,10,Low*Medium*NoStarvation,26.14,6.43,7,7,5,0.1923,0.0643,0.35,0.0192,-0.0321,-0.07,0.0058,0.0,-0.0964,-0.9278,-0.9286,0.7862,26
49,32,1648.0,Low*Medium*NoStarvation,45,Medium*Medium*NoStarvation,6.43,39.71,7,7,23,0.2396,0.3971,0.35,0.024,-0.1986,-0.07,0.0072,0.0,-0.2614,-1.0802,-1.0819,0.7862,96
49,33,1694.0,Medium*Medium*NoStarvation,20,Low*Medium*NoStarvation,39.71,16.29,7,7,10,0.2174,0.1629,0.35,0.0217,-0.0814,-0.07,0.0065,0.0,-0.1449,-0.9745,-0.9754,0.7862,46
49,34,1720.0,Low*Medium*NoStarvation,10,Low*Medium*NoStarvation,16.29,6.86,7,7,5,0.1923,0.0686,0.35,0.0192,-0.0343,-0.07,0.0058,0.0,-0.0985,-0.9322,-0.9327,0.7862,26
49,35,1766.0,Low*Medium*NoStarvation,20,Low*Medium*NoStarvation,6.86,16.14,7,7,10,0.2174,0.1614,0.35,0.0217,-0.0807,-0.07,0.0065,0.0,-0.1442,-0.9762,-0.9769,0.7862,46
49,36,1862.0,Low*Medium*NoStarvation,45,Medium*Medium*NoStarvation,16.14,41.29,7,7,23,0.2396,0.4129,0.35,0.024,-0.2064,-0.07,0.0072,0.0,-0.2692,-1.0819,-1.0842,0.7862,96
49,37,1928.0,Medium*Medium*NoStarvation,30,Medium*Medium*NoStarvation,41.29,26.29,7,7,15,0.2273,0.2629,0.35,0.0227,-0.1314,-0.07,0.0068,0.0,-0.1946,-0.9723,-0.9781,0.7862,66
49,38,2024.0,Medium*Medium*NoStarvation,45,Medium*Medium*NoStarvation,26.29,42.14,7,7,22,0.2292,0.4214,0.35,0.0229,-0.2107,-0.07,0.0069,0.0,-0.2738,-1.0636,-1.0682,0.7862,96
49,39,2050.0,Medium*Medium*NoStarvation,10,Low*Medium*NoStarvation,42.14,6.43,7,7,5,0.1923,0.0643,0.35,0.0192,-0.0321,-0.07,0.0058,0.0,-0.0964,-0.9286,-0.9293,0.7862,26
49,40,2076.0,Low*Medium*NoStarvation,10,Low*Medium*NoStarvation,6.43,6.86,7,7,5,0.1923,0.0686,0.35,0.0192,-0.0343,-0.07,0.0058,0.0,-0.0985,-0.9327,-0.9332,0.7862,26
49,41,2102.0,Low*Medium*NoStarvation,10,Low*Medium*NoStarvation,6.86,7.29,7,7,5,0.1923,0.0729,0.35,0.0192,-0.0364,-0.07,0.0058,0.0,-0.1007,-0.9332,-0.934,0.7862,26
49,42,2198.0,Low*Medium*NoStarvation,45,Medium*Medium*NoStarvation,7.29,39.29,7,7,23,0.2396,0.3929,0.35,0.024,-0.1964,-0.07,0.0072,0.0,-0.2592,-1.0842,-1.0853,0.7862,96
49,43,2264.0,Medium*Medium*NoStarvation,30,Medium*Medium*NoStarvation,39.29,26.43,7,7,15,0.2273,0.2643,0.35,0.0227,-0.1321,-0.07,0.0068,0.0,-0.1953,-0.9781,-0.9835,0.7862,66
49,44,2290.0,Medium*Medium*NoStarvation,10,Low*Medium*NoStarvation,26.43,5.71,7,6,5,0.1923,0.0571,0.3,0.0192,-0.0286,-0.06,0.0058,0.0,-0.0828,-0.9293,-0.9287,0.7862,26
49,45,2336.0,Low*Medium*NoStarvation,20,Low*Medium*NoStarvation,5.71,17.43,6,7,9,0.1957,0.1743,0.35,0.0196,-0.0871,-0.07,0.0059,0.0,-0.1513,-0.9769,-0.9784,0.7862,46
49,46,2432.0,Low*Medium*NoStarvation,45,Medium*Medium*NoStarvation,17.43,40.71,7,7,22,0.2292,0.4071,0.35,0.0229,-0.2036,-0.07,0.0069,0.0,-0.2667,-1.0853,-1.087,0.7862,96
49,47,2478.0,Medium*Medium*NoStarvation,20,Low*Medium*NoStarvation,40.71,16.43,7,7,11,0.2391,0.1643,0.35,0.0239,-0.0821,-0.07,0.0072,0.0,-0.145,-0.9754,-0.9764,0.7862,46
49,48,2544.0,Low*Medium*NoStarvation,30,Medium*Medium*NoStarvation,16.43,26.29,7,7,15,0.2273,0.2629,0.35,0.0227,-0.1314,-0.07,0.0068,0.0,-0.1946,-0.9617,-0.9686,0.7862,66
49,49,2640.0,Medium*Medium*NoStarvation,45,Medium*Medium*NoStarvation,26.29,41.86,7,7,23,0.2396,0.4186,0.35,0.024,-0.2093,-0.07,0.0072,0.0,-0.2721,-1.0682,-1.0721,0.7862,96
49,50,2671.0,Medium*Medium*NoStarvation,45,Low*Low*NoStarvation,41.86,0.0,7,0,12,0.125,0.0,0.0,0.0125,-0.0,-0.0,0.0037,0.0,0.0037,-1.0721,-1.014,0.7862,96
50,0,146.0,Low*Low*NoStarvation,45,Medium*Medium*NoStarvation,0.83,40.71,2,7,47,0.4896,0.4071,0.35,0.049,-0.2036,-0.07,0.0147,0.0,-0.2589,-0.6156,-0.6635,0.7822,96
50,1,242.0,Medium*Medium*NoStarvation,45,Medium*Medium*NoStarvation,40.71,40.14,7,7,45,0.4688,0.4014,0.35,0.0469,-0.2007,-0.07,0.0141,0.0,-0.2567,-1.014,-1.0219,0.7822,96
50,2,288.0,Medium*Medium*NoStarvation,20,Low*Medium*NoStarvation,40.14,16.0,7,7,21,0.4565,0.16,0.35,0.0457,-0.08,-0.07,0.0137,0.0,-0.1363,-0.9764,-0.9765,0.7822,46
50,3,314.0,Low*Medium*NoStarvation,10,Low*Medium*NoStarvation,16.0,6.43,7,7,8,0.3077,0.0643,0.35,0.0308,-0.0321,-0.07,0.0092,0.0,-0.0929,-0.934,-0.9339,0.7822,26
50,4,340.0,Low*Medium*NoStarvation,10,Low*Medium*NoStarvation,6.43,6.43,7,7,10,0.3846,0.0643,0.35,0.0385,-0.0321,-0.07,0.0115,0.0,-0.0906,-0.9339,-0.9336,0.7822,26
50,5,406.0,Low*Medium*NoStarvation,30,Medium*Medium*NoStarvation,6.43,26.5,7,9,30,0.4545,0.265,0.45,0.0455,-0.1325,-0.09,0.0136,0.0,-0.2089,-0.9686,-0.9762,0.7822,66
50,6,472.0,Medium*Medium*NoStarvation,30,Medium*Medium*NoStarvation,26.5,26.29,9,7,28,0.4242,0.2629,0.35,0.0424,-0.1314,-0.07,0.0127,0.0,-0.1887,-0.9835,-0.9876,0.7822,66
50,7,538.0,Medium*Medium*NoStarvation,30,Medium*Medium*NoStarvation,26.29,26.14,7,7,28,0.4242,0.2614,0.35,0.0424,-0.1307,-0.07,0.0127,0.0,-0.188,-0.9876,-0.9912,0.7822,66
50,8,634.0,Medium*Medium*NoStarvation,45,Medium*Medium*NoStarvation,26.14,39.29,7,7,43,0.4479,0.3929,0.35,0.0448,-0.1964,-0.07,0.0134,0.0,-0.253,-1.0219,-1.0286,0.7822,96
50,9,660.0,Medium*Medium*NoStarvation,10,Low*Medium*NoStarvation,39.29,5.71,7,7,9,0.3462,0.0571,0.35,0.0346,-0.0286,-0.07,0.0104,0.0,-0.0882,-0.9287,-0.9287,0.7822,26
50,10,756.0,Low*Medium*NoStarvation,45,Medium*Medium*NoStarvation,5.71,40.71,7,7,43,0.4479,0.4071,0.35,0.0448,-0.2036,-0.07,0.0134,0.0,-0.2601,-1.087,-1.0879,0.7822,96
50,11,782.0,Medium*Medium*NoStarvation,10,Low*Medium*NoStarvation,40.71,6.14,7,7,10,0.3846,0.0614,0.35,0.0385,-0.0307,-0.07,0.0115,0.0,-0.0892,-0.9287,-0.9288,0.7822,26
50,12,808.0,Low*Medium*NoStarvation,10,Low*Medium*NoStarvation,6.14,7.86,7,7,9,0.3462,0.0786,0.35,0.0346,-0.0393,-0.07,0.0104,0.0,-0.0989,-0.9336,-0.9342,0.7822,26
50,13,834.0,Low*Medium*NoStarvation,10,Low*Medium*NoStarvation,7.86,7.64,7,8,9,0.3462,0.0764,0.4,0.0346,-0.0382,-0.08,0.0104,0.0,-0.1078,-0.9342,-0.9356,0.7822,26
50,14,860.0,Low*Medium*NoStarvation,10,Low*Medium*NoStarvation,7.64,6.29,8,7,9,0.3462,0.0629,0.35,0.0346,-0.0314,-0.07,0.0104,0.0,-0.091,-0.9356,-0.9354,0.7822,26
50,15,906.0,Low*Medium*NoStarvation,20,Low*Medium*NoStarvation,6.29,16.19,7,8,19,0.413,0.1619,0.4,0.0413,-0.081,-0.08,0.0124,0.0,-0.1486,-0.9784,-0.9796,0.7822,46
50,16,932.0,Low*Medium*NoStarvation,10,Low*Medium*NoStarvation,16.19,6.86,8,7,10,0.3846,0.0686,0.35,0.0385,-0.0343,-0.07,0.0115,0.0,-0.0927,-0.9354,-0.9353,0.7822,26
50,17,998.0,Low*Medium*NoStarvation,30,Medium*Medium*NoStarvation,6.86,24.71,7,7,31,0.4697,0.2471,0.35,0.047,-0.1236,-0.07,0.0141,0.0,-0.1795,-0.9762,-0.9801,0.7822,66
50,18,1094.0,Medium*Medium*NoStarvation,45,Medium*Medium*NoStarvation,24.71,42.14,7,7,24,0.25,0.4214,0.35,0.025,-0.2107,-0.07,0.0075,0.0,-0.2732,-1.0286,-1.0366,0.7822,96
50,19,1120.0,Medium*Medium*NoStarvation,10,Low*Medium*NoStarvation,42.14,8.0,7,7,4,0.1538,0.08,0.35,0.0154,-0.04,-0.07,0.0046,0.0,-0.1054,-0.9288,-0.9306,0.7822,26
50,20,1146.0,Low*Medium*NoStarvation,10,Low*Medium*NoStarvation,8.0,7.43,7,7,4,0.1538,0.0743,0.35,0.0154,-0.0371,-0.07,0.0046,0.0,-0.1025,-0.9353,-0.9362,0.7822,26
50,21,1242.0,Low*Medium*NoStarvation,45,Medium*Medium*NoStarvation,7.43,40.71,7,7,22,0.2292,0.4071,0.35,0.0229,-0.2036,-0.07,0.0069,0.0,-0.2667,-1.0879,-1.0896,0.7822,96
50,22,1268.0,Medium*Medium*NoStarvation,10,Low*Medium*NoStarvation,40.71,5.29,7,6,5,0.1923,0.0529,0.3,0.0192,-0.0264,-0.06,0.0058,0.0,-0.0807,-0.9306,-0.9299,0.7822,26
50,23,1314.0,Low*Medium*NoStarvation,20,Low*Medium*NoStarvation,5.29,16.29,6,7,10,0.2174,0.1629,0.35,0.0217,-0.0814,-0.07,0.0065,0.0,-0.1449,-0.9796,-0.9804,0.7822,46
50,24,1380.0,Low*Medium*NoStarvation,30,Medium*Medium*NoStarvation,16.29,26.71,7,7,15,0.2273,0.2671,0.35,0.0227,-0.1336,-0.07,0.0068,0.0,-0.1968,-0.9801,-0.9855,0.7822,66
50,25,1406.0,Medium*Medium*NoStarvation,10,Low*Medium*NoStarvation,26.71,5.86,7,7,5,0.1923,0.0586,0.35,0.0192,-0.0293,-0.07,0.0058,0.0,-0.0935,-0.9299,-0.9305,0.7822,26
50,26,1502.0,Low*Medium*NoStarvation,45,Medium*Medium*NoStarvation,5.86,41.29,7,7,22,0.2292,0.4129,0.35,0.0229,-0.2064,-0.07,0.0069,0.0,-0.2696,-1.0896,-1.0913,0.7822,96
50,27,1548.0,Medium*Medium*NoStarvation,20,Low*Medium*NoStarvation,41.29,16.57,7,7,10,0.2174,0.1657,0.35,0.0217,-0.0829,-0.07,0.0065,0.0,-0.1463,-0.9765,-0.9777,0.7822,46
50,28,1614.0,Low*Medium*NoStarvation,30,Medium*Medium*NoStarvation,16.57,25.71,7,7,15,0.2273,0.2571,0.35,0.0227,-0.1286,-0.07,0.0068,0.0,-0.1918,-0.9855,-0.9899,0.7822,66
50,29,1680.0,Medium*Medium*NoStarvation,30,Medium*Medium*NoStarvation,25.71,26.29,7,7,15,0.2273,0.2629,0.35,0.0227,-0.1314,-0.07,0.0068,0.0,-0.1946,-0.9912,-0.9953,0.7822,66
50,30,1746.0,Medium*Medium*NoStarvation,30,Medium*Medium*NoStarvation,26.29,27.0,7,7,15,0.2273,0.27,0.35,0.0227,-0.135,-0.07,0.0068,0.0,-0.1982,-0.9953,-0.9993,0.7822,66
50,31,1772.0,Medium*Medium*NoStarvation,10,Low*Medium*NoStarvation,27.0,6.43,7,7,5,0.1923,0.0643,0.35,0.0192,-0.0321,-0.07,0.0058,0.0,-0.0964,-0.9305,-0.9313,0.7822,26
50,32,1798.0,Low*Medium*NoStarvation,10,Low*Medium*NoStarvation,6.43,6.71,7,7,5,0.1923,0.0671,0.35,0.0192,-0.0336,-0.07,0.0058,0.0,-0.0978,-0.9362,-0.9366,0.7822,26
50,33,1894.0,Low*Medium*NoStarvation,45,Medium*Medium*NoStarvation,6.71,42.86,7,7,22,0.2292,0.4286,0.35,0.0229,-0.2143,-0.07,0.0069,0.0,-0.2774,-1.0913,-1.0937,0.7822,96
50,34,1960.0,Medium*Medium*NoStarvation,30,Medium*Medium*NoStarvation,42.86,26.43,7,7,15,0.2273,0.2643,0.35,0.0227,-0.1321,-0.07,0.0068,0.0,-0.1953,-0.9993,-1.0027,0.7822,66
50,35,1986.0,Medium*Medium*NoStarvation,10,Low*Medium*NoStarvation,26.43,8.71,7,7,4,0.1538,0.0871,0.35,0.0154,-0.0436,-0.07,0.0046,0.0,-0.109,-0.9313,-0.9334,0.7822,26
50,36,2082.0,Low*Medium*NoStarvation,45,Medium*Medium*NoStarvation,8.71,40.14,7,7,23,0.2396,0.4014,0.35,0.024,-0.2007,-0.07,0.0072,0.0,-0.2635,-1.0937,-1.0947,0.7822,96
50,37,2128.0,Medium*Medium*NoStarvation,20,Low*Medium*NoStarvation,40.14,16.14,7,7,10,0.2174,0.1614,0.35,0.0217,-0.0807,-0.07,0.0065,0.0,-0.1442,-0.9777,-0.9787,0.7822,46
50,38,2154.0,Low*Medium*NoStarvation,10,Low*Medium*NoStarvation,16.14,6.57,7,7,5,0.1923,0.0657,0.35,0.0192,-0.0329,-0.07,0.0058,0.0,-0.0971,-0.9366,-0.937,0.7822,26
50,39,2180.0,Low*Medium*NoStarvation,10,Low*Medium*NoStarvation,6.57,5.71,7,7,5,0.1923,0.0571,0.35,0.0192,-0.0286,-0.07,0.0058,0.0,-0.0928,-0.937,-0.9369,0.7822,26
50,40,2226.0,Low*Medium*NoStarvation,20,Low*Medium*NoStarvation,5.71,16.29,7,7,10,0.2174,0.1629,0.35,0.0217,-0.0814,-0.07,0.0065,0.0,-0.1449,-0.9804,-0.9812,0.7822,46
50,41,2322.0,Low*Medium*NoStarvation,45,Medium*Medium*NoStarvation,16.29,43.0,7,7,22,0.2292,0.43,0.35,0.0229,-0.215,-0.07,0.0069,0.0,-0.2781,-1.0947,-1.0971,0.7822,96
50,42,2418.0,Medium*Medium*NoStarvation,45,Medium*Medium*NoStarvation,43.0,41.0,7,7,22,0.2292,0.41,0.35,0.0229,-0.205,-0.07,0.0069,0.0,-0.2681,-1.0366,-1.0438,0.7822,96
50,43,2484.0,Medium*Medium*NoStarvation,30,Medium*Medium*NoStarvation,41.0,24.86,7,7,15,0.2273,0.2486,0.35,0.0227,-0.1243,-0.07,0.0068,0.0,-0.1875,-1.0027,-1.0052,0.7822,66
50,44,2550.0,Medium*Medium*NoStarvation,30,Medium*Medium*NoStarvation,24.86,26.29,7,7,15,0.2273,0.2629,0.35,0.0227,-0.1314,-0.07,0.0068,0.0,-0.1946,-1.0052,-1.0082,0.7822,66
50,45,2646.0,Medium*Medium*NoStarvation,45,Medium*Medium*NoStarvation,26.29,42.67,7,6,22,0.2292,0.4267,0.3,0.0229,-0.2133,-0.06,0.0069,0.0,-0.2665,-1.0438,-1.0501,0.7822,96
50,46,2672.0,Medium*Medium*NoStarvation,10,Low*Low*NoStarvation,42.67,11.0,6,1,5,0.1923,0.11,0.05,0.0192,-0.055,-0.01,0.0058,0.0,-0.0592,-0.9334,-0.8955,0.7822,26
50,47,2681.0,Low*Low*NoStarvation,20,Low*Low*NoStarvation,11.0,0.0,1,0,1,0.0217,0.0,0.0,0.0022,-0.0,-0.0,0.0007,0.0,0.0007,-0.55,-0.5444,0.7822,46
