episode,decision,simulation_time,state,action,next_state,we_waiting_time,ns_waiting_time,total_waiting_time,we_queue,ns_queue,total_queue,throughput_during_transition,throughput_rate,normalized_wait,normalized_queue,normalized_throughput,wait_contribution,queue_contribution,throughput_contribution,starvation_penalty,reward,q_value_before,q_value_after,epsilon,transition_duration
1,0,76.0,Low*Low*NoStarvation,10,Low*Medium*NoStarvation,0.83,6.71,2,7,11,0.4231,0.0671,0.35,0.0423,-0.0336,-0.07,0.0127,0.0,-0.0909,0.0,-0.0091,1.0,26
1,1,122.0,Low*Medium*NoStarvation,20,Low*Medium*NoStarvation,6.71,15.86,7,7,20,0.4348,0.1586,0.35,0.0435,-0.0793,-0.07,0.013,0.0,-0.1362,0.0,-0.0136,1.0,46
1,2,168.0,Low*Medium*NoStarvation,20,Low*Medium*NoStarvation,15.86,16.0,7,7,19,0.413,0.16,0.35,0.0413,-0.08,-0.07,0.0124,0.0,-0.1376,-0.0136,-0.026,1.0,46
1,3,214.0,Low*Medium*NoStarvation,20,Low*Medium*NoStarvation,16.0,16.14,7,7,20,0.4348,0.1614,0.35,0.0435,-0.0807,-0.07,0.013,0.0,-0.1377,-0.026,-0.0372,1.0,46
1,4,260.0,Low*Medium*NoStarvation,20,Low*Medium*NoStarvation,16.14,16.14,7,7,20,0.4348,0.1614,0.35,0.0435,-0.0807,-0.07,0.013,0.0,-0.1377,-0.0372,-0.0472,1.0,46
1,5,286.0,Low*Medium*NoStarvation,10,Low*Medium*NoStarvation,16.14,6.0,7,6,10,0.3846,0.06,0.3,0.0385,-0.03,-0.06,0.0115,0.0,-0.0785,0.0,-0.0078,1.0,26
1,6,382.0,Low*Medium*NoStarvation,45,Medium*Medium*NoStarvation,6.0,40.29,6,7,46,0.4792,0.4029,0.35,0.0479,-0.2014,-0.07,0.0144,0.0,-0.2571,0.0,-0.0257,1.0,96
1,7,478.0,Medium*Medium*NoStarvation,45,Medium*Medium*NoStarvation,40.29,39.71,7,7,46,0.4792,0.3971,0.35,0.0479,-0.1986,-0.07,0.0144,0.0,-0.2542,0.0,-0.0254,1.0,96
1,8,504.0,Medium*Medium*NoStarvation,10,Low*Medium*NoStarvation,39.71,6.21,7,8,10,0.3846,0.0621,0.4,0.0385,-0.0311,-0.08,0.0115,0.0,-0.0995,0.0,-0.01,1.0,26
1,9,570.0,Low*Medium*NoStarvation,30,Medium*Medium*NoStarvation,6.21,26.29,8,7,29,0.4394,0.2629,0.35,0.0439,-0.1314,-0.07,0.0132,0.0,-0.1882,0.0,-0.0188,1.0,66
1,10,616.0,Medium*Medium*NoStarvation,20,Low*Medium*NoStarvation,26.29,16.14,7,7,20,0.4348,0.1614,0.35,0.0435,-0.0807,-0.07,0.013,0.0,-0.1377,0.0,-0.0145,1.0,46
1,11,642.0,Low*Medium*NoStarvation,10,Low*Medium*NoStarvation,16.14,7.82,7,8,8,0.3077,0.0782,0.4,0.0308,-0.0391,-0.08,0.0092,0.0,-0.1099,-0.0078,-0.0188,1.0,26
1,12,708.0,Low*Medium*NoStarvation,30,Medium*Medium*NoStarvation,7.82,27.57,8,7,30,0.4545,0.2757,0.35,0.0455,-0.1379,-0.07,0.0136,0.0,-0.1942,-0.0188,-0.0364,1.0,66
1,13,774.0,Medium*Medium*NoStarvation,30,Medium*Medium*NoStarvation,27.57,27.14,7,7,30,0.4545,0.2714,0.35,0.0455,-0.1357,-0.07,0.0136,0.0,-0.1921,0.0,-0.0192,1.0,66
1,14,870.0,Medium*Medium*NoStarvation,45,Medium*Medium*NoStarvation,27.14,40.86,7,7,44,0.4583,0.4086,0.35,0.0458,-0.2043,-0.07,0.0137,0.0,-0.2605,-0.0254,-0.0498,1.0,96
1,15,966.0,Medium*Medium*NoStarvation,45,Medium*Medium*NoStarvation,40.86,40.57,7,7,45,0.4688,0.4057,0.35,0.0469,-0.2029,-0.07,0.0141,0.0,-0.2588,-0.0498,-0.0716,1.0,96
1,16,1032.0,Medium*Medium*NoStarvation,30,Medium*Medium*NoStarvation,40.57,26.86,7,7,31,0.4697,0.2686,0.35,0.047,-0.1343,-0.07,0.0141,0.0,-0.1902,-0.0192,-0.0372,1.0,66
1,17,1078.0,Medium*Medium*NoStarvation,20,Low*Medium*NoStarvation,26.86,16.0,7,7,20,0.4348,0.16,0.35,0.0435,-0.08,-0.07,0.013,0.0,-0.137,-0.0145,-0.0284,1.0,46
1,18,1174.0,Low*Medium*NoStarvation,45,Medium*Medium*NoStarvation,16.0,42.71,7,7,45,0.4688,0.4271,0.35,0.0469,-0.2136,-0.07,0.0141,0.0,-0.2695,-0.0257,-0.051,1.0,96
1,19,1240.0,Medium*Medium*NoStarvation,30,Medium*Medium*NoStarvation,42.71,26.57,7,7,30,0.4545,0.2657,0.35,0.0455,-0.1329,-0.07,0.0136,0.0,-0.1892,-0.0372,-0.0533,1.0,66
1,20,1306.0,Medium*Medium*NoStarvation,30,Medium*Medium*NoStarvation,26.57,25.71,7,7,30,0.4545,0.2571,0.35,0.0455,-0.1286,-0.07,0.0136,0.0,-0.1849,-0.0533,-0.0674,1.0,66
1,21,1402.0,Medium*Medium*NoStarvation,45,Medium*Medium*NoStarvation,25.71,41.86,7,7,40,0.4167,0.4186,0.35,0.0417,-0.2093,-0.07,0.0125,0.0,-0.2668,-0.0716,-0.092,1.0,96
1,22,1468.0,Medium*Medium*NoStarvation,30,Medium*Medium*NoStarvation,41.86,26.57,7,7,15,0.2273,0.2657,0.35,0.0227,-0.1329,-0.07,0.0068,0.0,-0.196,-0.0674,-0.0811,1.0,66
1,23,1564.0,Medium*Medium*NoStarvation,45,Medium*Medium*NoStarvation,26.57,41.0,7,7,23,0.2396,0.41,0.35,0.024,-0.205,-0.07,0.0072,0.0,-0.2678,-0.092,-0.1105,1.0,96
1,24,1590.0,Medium*Medium*NoStarvation,10,Low*Medium*NoStarvation,41.0,9.29,7,7,4,0.1538,0.0929,0.35,0.0154,-0.0464,-0.07,0.0046,0.0,-0.1118,-0.01,-0.0218,1.0,26
1,25,1686.0,Low*Medium*NoStarvation,45,Medium*Medium*NoStarvation,9.29,42.14,7,7,22,0.2292,0.4214,0.35,0.0229,-0.2107,-0.07,0.0069,0.0,-0.2738,-0.051,-0.0752,1.0,96
1,26,1732.0,Medium*Medium*NoStarvation,20,Low*Medium*NoStarvation,42.14,17.86,7,7,10,0.2174,0.1786,0.35,0.0217,-0.0893,-0.07,0.0065,0.0,-0.1528,-0.0284,-0.0425,1.0,46
1,27,1778.0,Low*Medium*NoStarvation,20,Low*Medium*NoStarvation,17.86,16.0,7,7,10,0.2174,0.16,0.35,0.0217,-0.08,-0.07,0.0065,0.0,-0.1435,-0.0472,-0.0585,1.0,46
1,28,1874.0,Low*Medium*NoStarvation,45,Medium*Medium*NoStarvation,16.0,39.86,7,7,23,0.2396,0.3986,0.35,0.024,-0.1993,-0.07,0.0072,0.0,-0.2621,-0.0752,-0.0959,1.0,96
1,29,1900.0,Medium*Medium*NoStarvation,10,Low*Medium*NoStarvation,39.86,6.86,7,7,5,0.1923,0.0686,0.35,0.0192,-0.0343,-0.07,0.0058,0.0,-0.0985,-0.0218,-0.0312,1.0,26
1,30,1926.0,Low*Medium*NoStarvation,10,Low*Medium*NoStarvation,6.86,6.57,7,7,5,0.1923,0.0657,0.35,0.0192,-0.0329,-0.07,0.0058,0.0,-0.0971,-0.0188,-0.0283,1.0,26
1,31,2022.0,Low*Medium*NoStarvation,45,Medium*Medium*NoStarvation,6.57,39.57,7,7,23,0.2396,0.3957,0.35,0.024,-0.1979,-0.07,0.0072,0.0,-0.2607,-0.0959,-0.1152,1.0,96
1,32,2068.0,Medium*Medium*NoStarvation,20,Low*Medium*NoStarvation,39.57,16.71,7,7,10,0.2174,0.1671,0.35,0.0217,-0.0836,-0.07,0.0065,0.0,-0.147,-0.0425,-0.0555,1.0,46
1,33,2114.0,Low*Medium*NoStarvation,20,Low*Medium*NoStarvation,16.71,16.14,7,7,10,0.2174,0.1614,0.35,0.0217,-0.0807,-0.07,0.0065,0.0,-0.1442,-0.0585,-0.0697,1.0,46
1,34,2180.0,Low*Medium*NoStarvation,30,Medium*Medium*NoStarvation,16.14,25.86,7,7,15,0.2273,0.2586,0.35,0.0227,-0.1293,-0.07,0.0068,0.0,-0.1925,-0.0364,-0.0548,1.0,66
1,35,2206.0,Medium*Medium*NoStarvation,10,Low*Medium*NoStarvation,25.86,9.0,7,7,4,0.1538,0.09,0.35,0.0154,-0.045,-0.07,0.0046,0.0,-0.1104,-0.0312,-0.0416,1.0,26
1,36,2252.0,Low*Medium*NoStarvation,20,Low*Medium*NoStarvation,9.0,15.71,7,7,10,0.2174,0.1571,0.35,0.0217,-0.0786,-0.07,0.0065,0.0,-0.142,-0.0697,-0.0794,1.0,46
1,37,2348.0,Low*Medium*NoStarvation,45,Medium*Medium*NoStarvation,15.71,39.71,7,7,23,0.2396,0.3971,0.35,0.024,-0.1986,-0.07,0.0072,0.0,-0.2614,-0.1152,-0.1335,1.0,96
1,38,2444.0,Medium*Medium*NoStarvation,45,Medium*Medium*NoStarvation,39.71,40.86,7,7,23,0.2396,0.4086,0.35,0.024,-0.2043,-0.07,0.0072,0.0,-0.2671,-0.1105,-0.1299,1.0,96
1,39,2510.0,Medium*Medium*NoStarvation,30,Medium*Medium*NoStarvation,40.86,27.0,7,7,15,0.2273,0.27,0.35,0.0227,-0.135,-0.07,0.0068,0.0,-0.1982,-0.0811,-0.0966,1.0,66
1,40,2606.0,Medium*Medium*NoStarvation,45,Medium*Medium*NoStarvation,27.0,41.29,7,7,23,0.2396,0.4129,0.35,0.024,-0.2064,-0.07,0.0072,0.0,-0.2692,-0.1299,-0.1476,1.0,96
1,41,2702.0,Medium*Medium*NoStarvation,45,Medium*Medium*NoStarvation,41.29,41.0,7,7,23,0.2396,0.41,0.35,0.024,-0.205,-0.07,0.0072,0.0,-0.2678,-0.1476,-0.1634,1.0,96
1,42,2748.0,Medium*Medium*NoStarvation,20,Low*Medium*NoStarvation,41.0,15.71,7,7,10,0.2174,0.1571,0.35,0.0217,-0.0786,-0.07,0.0065,0.0,-0.142,-0.0555,-0.0667,1.0,46
1,43,2814.0,Low*Medium*NoStarvation,30,Medium*Medium*NoStarvation,15.71,25.57,7,7,15,0.2273,0.2557,0.35,0.0227,-0.1279,-0.07,0.0068,0.0,-0.191,-0.0548,-0.0722,1.0,66
1,44,2840.0,Medium*Medium*NoStarvation,10,Low*Medium*NoStarvation,25.57,9.0,7,7,4,0.1538,0.09,0.35,0.0154,-0.045,-0.07,0.0046,0.0,-0.1104,-0.0416,-0.0511,1.0,26
1,45,2886.0,Low*Medium*NoStarvation,20,Low*Medium*NoStarvation,9.0,16.43,7,7,10,0.2174,0.1643,0.35,0.0217,-0.0821,-0.07,0.0065,0.0,-0.1456,-0.0794,-0.0886,1.0,46
1,46,2912.0,Low*Medium*NoStarvation,10,Low*Medium*NoStarvation,16.43,8.71,7,7,4,0.1538,0.0871,0.35,0.0154,-0.0436,-0.07,0.0046,0.0,-0.109,-0.0283,-0.0389,1.0,26
1,47,2978.0,Low*Medium*NoStarvation,30,Medium*Medium*NoStarvation,8.71,26.0,7,7,15,0.2273,0.26,0.35,0.0227,-0.13,-0.07,0.0068,0.0,-0.1932,-0.0722,-0.0889,1.0,66
1,48,3004.0,Medium*Medium*NoStarvation,10,Low*Medium*NoStarvation,26.0,8.43,7,7,4,0.1538,0.0843,0.35,0.0154,-0.0421,-0.07,0.0046,0.0,-0.1075,-0.0511,-0.0602,1.0,26
1,49,3030.0,Low*Medium*NoStarvation,10,Low*Medium*NoStarvation,8.43,9.14,7,7,4,0.1538,0.0914,0.35,0.0154,-0.0457,-0.07,0.0046,0.0,-0.1111,-0.0389,-0.0496,1.0,26
1,50,3126.0,Low*Medium*NoStarvation,45,Medium*Medium*NoStarvation,9.14,41.29,7,7,23,0.2396,0.4129,0.35,0.024,-0.2064,-0.07,0.0072,0.0,-0.2692,-0.1335,-0.1525,1.0,96
1,51,3222.0,Medium*Medium*NoStarvation,45,Medium*Medium*NoStarvation,41.29,42.43,7,7,22,0.2292,0.4243,0.35,0.0229,-0.2121,-0.07,0.0069,0.0,-0.2753,-0.1634,-0.18,1.0,96
1,52,3268.0,Medium*Medium*NoStarvation,20,Low*Medium*NoStarvation,42.43,16.14,7,7,10,0.2174,0.1614,0.35,0.0217,-0.0807,-0.07,0.0065,0.0,-0.1442,-0.0667,-0.0789,1.0,46
1,53,3364.0,Low*Medium*NoStarvation,45,Medium*Medium*NoStarvation,16.14,41.43,7,7,22,0.2292,0.4143,0.35,0.0229,-0.2071,-0.07,0.0069,0.0,-0.2703,-0.1525,-0.1697,1.0,96
1,54,3430.0,Medium*Medium*NoStarvation,30,Medium*Medium*NoStarvation,41.43,27.14,7,7,14,0.2121,0.2714,0.35,0.0212,-0.1357,-0.07,0.0064,0.0,-0.1994,-0.0966,-0.1123,1.0,66
1,55,3496.0,Medium*Medium*NoStarvation,30,Medium*Medium*NoStarvation,27.14,27.14,7,7,14,0.2121,0.2714,0.35,0.0212,-0.1357,-0.07,0.0064,0.0,-0.1994,-0.1123,-0.1264,1.0,66
1,56,3562.0,Medium*Medium*NoStarvation,30,Medium*Medium*NoStarvation,27.14,25.43,7,7,15,0.2273,0.2543,0.35,0.0227,-0.1271,-0.07,0.0068,0.0,-0.1903,-0.1264,-0.1382,1.0,66
1,57,3628.0,Medium*Medium*NoStarvation,30,Medium*Medium*NoStarvation,25.43,29.0,7,7,14,0.2121,0.29,0.35,0.0212,-0.145,-0.07,0.0064,0.0,-0.2086,-0.1382,-0.1507,1.0,66
2,0,116.0,Low*Low*NoStarvation,30,Medium*Medium*NoStarvation,0.83,26.71,2,7,31,0.4697,0.2671,0.35,0.047,-0.1336,-0.07,0.0141,0.0,-0.1895,0.0,-0.0244,0.995,66
2,1,182.0,Medium*Medium*NoStarvation,30,Medium*Medium*NoStarvation,26.71,26.43,7,7,31,0.4697,0.2643,0.35,0.047,-0.1321,-0.07,0.0141,0.0,-0.1881,-0.1507,-0.1598,0.995,66
2,2,208.0,Medium*Medium*NoStarvation,10,Low*Medium*NoStarvation,26.43,6.0,7,7,10,0.3846,0.06,0.35,0.0385,-0.03,-0.07,0.0115,0.0,-0.0885,-0.0602,-0.0675,0.995,26
2,3,274.0,Low*Medium*NoStarvation,30,Medium*Medium*NoStarvation,6.0,27.29,7,7,29,0.4394,0.2729,0.35,0.0439,-0.1364,-0.07,0.0132,0.0,-0.1932,-0.0889,-0.1054,0.995,66
2,4,340.0,Medium*Medium*NoStarvation,30,Medium*Medium*NoStarvation,27.29,27.71,7,7,30,0.4545,0.2771,0.35,0.0455,-0.1386,-0.07,0.0136,0.0,-0.1949,-0.1598,-0.1694,0.995,66
2,5,436.0,Medium*Medium*NoStarvation,45,Medium*Medium*NoStarvation,27.71,39.86,7,7,46,0.4792,0.3986,0.35,0.0479,-0.1993,-0.07,0.0144,0.0,-0.2549,-0.18,-0.1935,0.995,96
2,6,482.0,Medium*Medium*NoStarvation,20,Low*Medium*NoStarvation,39.86,15.71,7,7,20,0.4348,0.1571,0.35,0.0435,-0.0786,-0.07,0.013,0.0,-0.1355,-0.0789,-0.0891,0.995,46
2,7,528.0,Low*Medium*NoStarvation,20,Low*Medium*NoStarvation,15.71,16.86,7,7,20,0.4348,0.1686,0.35,0.0435,-0.0843,-0.07,0.013,0.0,-0.1412,-0.0886,-0.0983,0.995,46
2,8,594.0,Low*Medium*NoStarvation,30,Medium*Medium*NoStarvation,16.86,26.86,7,7,30,0.4545,0.2686,0.35,0.0455,-0.1343,-0.07,0.0136,0.0,-0.1906,-0.1054,-0.12,0.995,66
2,9,640.0,Medium*Medium*NoStarvation,20,Low*Medium*NoStarvation,26.86,18.14,7,7,18,0.3913,0.1814,0.35,0.0391,-0.0907,-0.07,0.0117,0.0,-0.149,-0.0891,-0.0995,0.995,46
2,10,666.0,Low*Medium*NoStarvation,10,Low*Medium*NoStarvation,18.14,7.0,7,7,10,0.3846,0.07,0.35,0.0385,-0.035,-0.07,0.0115,0.0,-0.0935,-0.0496,-0.0585,0.995,26
2,11,692.0,Low*Medium*NoStarvation,10,Low*Medium*NoStarvation,7.0,7.0,7,7,10,0.3846,0.07,0.35,0.0385,-0.035,-0.07,0.0115,0.0,-0.0935,-0.0585,-0.0672,0.995,26
2,12,718.0,Low*Medium*NoStarvation,10,Low*Medium*NoStarvation,7.0,6.14,7,7,10,0.3846,0.0614,0.35,0.0385,-0.0307,-0.07,0.0115,0.0,-0.0892,-0.0672,-0.0755,0.995,26
2,13,764.0,Low*Medium*NoStarvation,20,Low*Medium*NoStarvation,6.14,17.43,7,7,20,0.4348,0.1743,0.35,0.0435,-0.0871,-0.07,0.013,0.0,-0.1441,-0.0983,-0.1097,0.995,46
2,14,830.0,Low*Medium*NoStarvation,30,Medium*Medium*NoStarvation,17.43,27.14,7,7,29,0.4394,0.2714,0.35,0.0439,-0.1357,-0.07,0.0132,0.0,-0.1925,-0.12,-0.1333,0.995,66
2,15,926.0,Medium*Medium*NoStarvation,45,Medium*Medium*NoStarvation,27.14,41.0,7,7,45,0.4688,0.41,0.35,0.0469,-0.205,-0.07,0.0141,0.0,-0.2609,-0.1935,-0.2064,0.995,96
2,16,992.0,Medium*Medium*NoStarvation,30,Medium*Medium*NoStarvation,41.0,25.57,7,7,31,0.4697,0.2557,0.35,0.047,-0.1279,-0.07,0.0141,0.0,-0.1838,-0.1694,-0.1769,0.995,66
2,17,1018.0,Medium*Medium*NoStarvation,10,Low*Medium*NoStarvation,25.57,6.68,7,8,10,0.3846,0.0668,0.4,0.0385,-0.0334,-0.08,0.0115,0.0,-0.1019,-0.0675,-0.0777,0.995,26
2,18,1064.0,Low*Medium*NoStarvation,20,Low*Medium*NoStarvation,6.68,15.86,8,7,19,0.413,0.1586,0.35,0.0413,-0.0793,-0.07,0.0124,0.0,-0.1369,-0.1097,-0.1192,0.995,46
2,19,1130.0,Low*Medium*NoStarvation,30,Medium*Medium*NoStarvation,15.86,25.29,7,7,32,0.4848,0.2529,0.35,0.0485,-0.1264,-0.07,0.0145,0.0,-0.1819,-0.1333,-0.1452,0.995,66
2,20,1226.0,Medium*Medium*NoStarvation,45,Medium*Medium*NoStarvation,25.29,39.57,7,7,46,0.4792,0.3957,0.35,0.0479,-0.1979,-0.07,0.0144,0.0,-0.2535,-0.2064,-0.2181,0.995,96
2,21,1272.0,Medium*Medium*NoStarvation,20,Low*Medium*NoStarvation,39.57,15.86,7,7,19,0.413,0.1586,0.35,0.0413,-0.0793,-0.07,0.0124,0.0,-0.1369,-0.0995,-0.11,0.995,46
2,22,1298.0,Low*Medium*NoStarvation,10,Low*Medium*NoStarvation,15.86,6.14,7,7,11,0.4231,0.0614,0.35,0.0423,-0.0307,-0.07,0.0127,0.0,-0.088,-0.0755,-0.0835,0.995,26
2,23,1344.0,Low*Medium*NoStarvation,20,Low*Medium*NoStarvation,6.14,15.0,7,7,20,0.4348,0.15,0.35,0.0435,-0.075,-0.07,0.013,0.0,-0.132,-0.1192,-0.128,0.995,46
2,24,1440.0,Low*Medium*NoStarvation,45,Medium*Medium*NoStarvation,15.0,42.29,7,7,31,0.3229,0.4229,0.35,0.0323,-0.2114,-0.07,0.0097,0.0,-0.2717,-0.1697,-0.1869,0.995,96
2,25,1466.0,Medium*Medium*NoStarvation,10,Low*Medium*NoStarvation,42.29,6.86,7,7,5,0.1923,0.0686,0.35,0.0192,-0.0343,-0.07,0.0058,0.0,-0.0985,-0.0777,-0.0873,0.995,26
2,26,1532.0,Low*Medium*NoStarvation,30,Medium*Medium*NoStarvation,6.86,27.0,7,7,14,0.2121,0.27,0.35,0.0212,-0.135,-0.07,0.0064,0.0,-0.1986,-0.1452,-0.1584,0.995,66
2,27,1558.0,Medium*Medium*NoStarvation,10,Low*Medium*NoStarvation,27.0,6.43,7,7,5,0.1923,0.0643,0.35,0.0192,-0.0321,-0.07,0.0058,0.0,-0.0964,-0.0873,-0.0957,0.995,26
2,28,1584.0,Low*Medium*NoStarvation,10,Low*Medium*NoStarvation,6.43,6.57,7,7,5,0.1923,0.0657,0.35,0.0192,-0.0329,-0.07,0.0058,0.0,-0.0971,-0.0835,-0.0924,0.995,26
2,29,1610.0,Low*Medium*NoStarvation,10,Low*Medium*NoStarvation,6.57,7.86,7,7,4,0.1538,0.0786,0.35,0.0154,-0.0393,-0.07,0.0046,0.0,-0.1047,-0.0924,-0.1019,0.995,26
2,30,1656.0,Low*Medium*NoStarvation,20,Low*Medium*NoStarvation,7.86,16.57,7,7,10,0.2174,0.1657,0.35,0.0217,-0.0829,-0.07,0.0065,0.0,-0.1463,-0.128,-0.139,0.995,46
2,31,1682.0,Low*Medium*NoStarvation,10,Low*Medium*NoStarvation,16.57,7.57,7,7,4,0.1538,0.0757,0.35,0.0154,-0.0379,-0.07,0.0046,0.0,-0.1032,-0.1019,-0.1112,0.995,26
2,32,1778.0,Low*Medium*NoStarvation,45,Medium*Medium*NoStarvation,7.57,41.14,7,7,22,0.2292,0.4114,0.35,0.0229,-0.2057,-0.07,0.0069,0.0,-0.2688,-0.1869,-0.2037,0.995,96
2,33,1804.0,Medium*Medium*NoStarvation,10,Low*Medium*NoStarvation,41.14,8.0,7,7,4,0.1538,0.08,0.35,0.0154,-0.04,-0.07,0.0046,0.0,-0.1054,-0.0957,-0.1067,0.995,26
2,34,1870.0,Low*Medium*NoStarvation,30,Medium*Medium*NoStarvation,8.0,25.86,7,7,15,0.2273,0.2586,0.35,0.0227,-0.1293,-0.07,0.0068,0.0,-0.1925,-0.1584,-0.1714,0.995,66
2,35,1966.0,Medium*Medium*NoStarvation,45,Medium*Medium*NoStarvation,25.86,40.43,7,7,23,0.2396,0.4043,0.35,0.024,-0.2021,-0.07,0.0072,0.0,-0.265,-0.2181,-0.2324,0.995,96
2,36,1992.0,Medium*Medium*NoStarvation,10,Low*Medium*NoStarvation,40.43,6.0,7,6,5,0.1923,0.06,0.3,0.0192,-0.03,-0.06,0.0058,0.0,-0.0842,-0.1067,-0.1145,0.995,26
2,37,2058.0,Low*Medium*NoStarvation,30,Medium*Medium*NoStarvation,6.0,25.86,6,7,15,0.2273,0.2586,0.35,0.0227,-0.1293,-0.07,0.0068,0.0,-0.1925,-0.1714,-0.1834,0.995,66
2,38,2124.0,Medium*Medium*NoStarvation,30,Medium*Medium*NoStarvation,25.86,25.0,7,7,16,0.2424,0.25,0.35,0.0242,-0.125,-0.07,0.0073,0.0,-0.1877,-0.1769,-0.1879,0.995,66
2,39,2170.0,Medium*Medium*NoStarvation,20,Low*Medium*NoStarvation,25.0,15.86,7,7,10,0.2174,0.1586,0.35,0.0217,-0.0793,-0.07,0.0065,0.0,-0.1428,-0.11,-0.1233,0.995,46
2,40,2196.0,Low*Medium*NoStarvation,10,Low*Medium*NoStarvation,15.86,6.86,7,7,4,0.1538,0.0686,0.35,0.0154,-0.0343,-0.07,0.0046,0.0,-0.0997,-0.1112,-0.1201,0.995,26
2,41,2292.0,Low*Medium*NoStarvation,45,Medium*Medium*NoStarvation,6.86,40.43,7,7,23,0.2396,0.4043,0.35,0.024,-0.2021,-0.07,0.0072,0.0,-0.265,-0.2037,-0.2202,0.995,96
2,42,2358.0,Medium*Medium*NoStarvation,30,Medium*Medium*NoStarvation,40.43,26.14,7,7,15,0.2273,0.2614,0.35,0.0227,-0.1307,-0.07,0.0068,0.0,-0.1939,-0.1879,-0.1988,0.995,66
2,43,2404.0,Medium*Medium*NoStarvation,20,Low*Medium*NoStarvation,26.14,16.43,7,7,10,0.2174,0.1643,0.35,0.0217,-0.0821,-0.07,0.0065,0.0,-0.1456,-0.1233,-0.1364,0.995,46
2,44,2470.0,Low*Medium*NoStarvation,30,Medium*Medium*NoStarvation,16.43,25.0,7,7,16,0.2424,0.25,0.35,0.0242,-0.125,-0.07,0.0073,0.0,-0.1877,-0.1834,-0.1941,0.995,66
2,45,2496.0,Medium*Medium*NoStarvation,10,Low*Medium*NoStarvation,25.0,6.29,7,7,5,0.1923,0.0629,0.35,0.0192,-0.0314,-0.07,0.0058,0.0,-0.0957,-0.1145,-0.1234,0.995,26
2,46,2522.0,Low*Medium*NoStarvation,10,Low*Medium*NoStarvation,6.29,6.29,7,7,5,0.1923,0.0629,0.35,0.0192,-0.0314,-0.07,0.0058,0.0,-0.0957,-0.1201,-0.1285,0.995,26
2,47,2588.0,Low*Medium*NoStarvation,30,Medium*Medium*NoStarvation,6.29,26.29,7,7,15,0.2273,0.2629,0.35,0.0227,-0.1314,-0.07,0.0068,0.0,-0.1946,-0.1941,-0.2053,0.995,66
2,48,2654.0,Medium*Medium*NoStarvation,30,Medium*Medium*NoStarvation,26.29,26.29,7,7,15,0.2273,0.2629,0.35,0.0227,-0.1314,-0.07,0.0068,0.0,-0.1946,-0.1988,-0.2095,0.995,66
2,49,2680.0,Medium*Medium*NoStarvation,10,Low*Medium*NoStarvation,26.29,6.57,7,7,5,0.1923,0.0657,0.35,0.0192,-0.0329,-0.07,0.0058,0.0,-0.0971,-0.1234,-0.1323,0.995,26
2,50,2726.0,Low*Medium*NoStarvation,20,Low*Medium*NoStarvation,6.57,15.0,7,7,11,0.2391,0.15,0.35,0.0239,-0.075,-0.07,0.0072,0.0,-0.1378,-0.139,-0.1505,0.995,46
2,51,2772.0,Low*Medium*NoStarvation,20,Low*Medium*NoStarvation,15.0,14.86,7,7,10,0.2174,0.1486,0.35,0.0217,-0.0743,-0.07,0.0065,0.0,-0.1378,-0.1505,-0.1607,0.995,46
2,52,2868.0,Low*Medium*NoStarvation,45,Medium*Medium*NoStarvation,14.86,42.86,7,7,22,0.2292,0.4286,0.35,0.0229,-0.2143,-0.07,0.0069,0.0,-0.2774,-0.2202,-0.2378,0.995,96
2,53,2894.0,Medium*Medium*NoStarvation,10,Low*Medium*NoStarvation,42.86,6.86,7,7,4,0.1538,0.0686,0.35,0.0154,-0.0343,-0.07,0.0046,0.0,-0.0997,-0.1323,-0.1406,0.995,26
2,54,2920.0,Low*Medium*NoStarvation,10,Low*Medium*NoStarvation,6.86,6.71,7,7,5,0.1923,0.0671,0.35,0.0192,-0.0336,-0.07,0.0058,0.0,-0.0978,-0.1285,-0.137,0.995,26
2,55,2966.0,Low*Medium*NoStarvation,20,Low*Medium*NoStarvation,6.71,16.86,7,7,10,0.2174,0.1686,0.35,0.0217,-0.0843,-0.07,0.0065,0.0,-0.1478,-0.1607,-0.1718,0.995,46
2,56,3062.0,Low*Medium*NoStarvation,45,Medium*Medium*NoStarvation,16.86,42.14,7,7,22,0.2292,0.4214,0.35,0.0229,-0.2107,-0.07,0.0069,0.0,-0.2738,-0.2378,-0.2537,0.995,96
2,57,3108.0,Medium*Medium*NoStarvation,20,Low*Medium*NoStarvation,42.14,16.14,7,7,10,0.2174,0.1614,0.35,0.0217,-0.0807,-0.07,0.0065,0.0,-0.1442,-0.1364,-0.1495,0.995,46
2,58,3154.0,Low*Medium*NoStarvation,20,Low*Medium*NoStarvation,16.14,15.14,7,7,10,0.2174,0.1514,0.35,0.0217,-0.0757,-0.07,0.0065,0.0,-0.1392,-0.1718,-0.1808,0.995,46
2,59,3200.0,Low*Medium*NoStarvation,20,Low*Medium*NoStarvation,15.14,16.0,7,7,10,0.2174,0.16,0.35,0.0217,-0.08,-0.07,0.0065,0.0,-0.1435,-0.1808,-0.1894,0.995,46
2,60,3296.0,Low*Medium*NoStarvation,45,Medium*Medium*NoStarvation,16.0,43.71,7,7,22,0.2292,0.4371,0.35,0.0229,-0.2186,-0.07,0.0069,0.0,-0.2817,-0.2537,-0.2691,0.995,96
2,61,3362.0,Medium*Medium*NoStarvation,30,Medium*Medium*NoStarvation,43.71,25.14,7,7,15,0.2273,0.2514,0.35,0.0227,-0.1257,-0.07,0.0068,0.0,-0.1889,-0.2095,-0.2201,0.995,66
2,62,3388.0,Medium*Medium*NoStarvation,10,Low*Medium*NoStarvation,25.14,8.43,7,7,4,0.1538,0.0843,0.35,0.0154,-0.0421,-0.07,0.0046,0.0,-0.1075,-0.1406,-0.1496,0.995,26
2,63,3414.0,Low*Medium*NoStarvation,10,Low*Medium*NoStarvation,8.43,6.14,7,6,5,0.1923,0.0614,0.3,0.0192,-0.0307,-0.06,0.0058,0.0,-0.0849,-0.137,-0.1441,0.995,26
2,64,3510.0,Low*Medium*NoStarvation,45,Medium*Medium*NoStarvation,6.14,43.14,6,7,21,0.2188,0.4314,0.35,0.0219,-0.2157,-0.07,0.0066,0.0,-0.2792,-0.2691,-0.2836,0.995,96
2,65,3606.0,Medium*Medium*NoStarvation,45,Medium*Medium*NoStarvation,43.14,38.86,7,7,23,0.2396,0.3886,0.35,0.024,-0.1943,-0.07,0.0072,0.0,-0.2571,-0.2324,-0.2483,0.995,96
3,0,96.0,Low*Low*NoStarvation,20,Low*Medium*NoStarvation,0.83,16.14,2,7,21,0.4565,0.1614,0.35,0.0457,-0.0807,-0.07,0.0137,0.0,-0.137,0.0,-0.0267,0.99,46
3,1,162.0,Low*Medium*NoStarvation,30,Medium*Medium*NoStarvation,16.14,26.0,7,7,30,0.4545,0.26,0.35,0.0455,-0.13,-0.07,0.0136,0.0,-0.1864,-0.2053,-0.2168,0.99,66
3,2,208.0,Medium*Medium*NoStarvation,20,Low*Medium*NoStarvation,26.0,16.43,7,7,20,0.4348,0.1643,0.35,0.0435,-0.0821,-0.07,0.013,0.0,-0.1391,-0.1495,-0.1614,0.99,46
3,3,234.0,Low*Medium*NoStarvation,10,Low*Medium*NoStarvation,16.43,6.14,7,7,10,0.3846,0.0614,0.35,0.0385,-0.0307,-0.07,0.0115,0.0,-0.0892,-0.1441,-0.1516,0.99,26
3,4,280.0,Low*Medium*NoStarvation,20,Low*Medium*NoStarvation,6.14,15.71,7,7,20,0.4348,0.1571,0.35,0.0435,-0.0786,-0.07,0.013,0.0,-0.1355,-0.1894,-0.1977,0.99,46
3,5,326.0,Low*Medium*NoStarvation,20,Low*Medium*NoStarvation,15.71,16.14,7,7,20,0.4348,0.1614,0.35,0.0435,-0.0807,-0.07,0.013,0.0,-0.1377,-0.1977,-0.2053,0.99,46
3,6,392.0,Low*Medium*NoStarvation,30,Medium*Medium*NoStarvation,16.14,26.57,7,7,30,0.4545,0.2657,0.35,0.0455,-0.1329,-0.07,0.0136,0.0,-0.1892,-0.2168,-0.2276,0.99,66
3,7,418.0,Medium*Medium*NoStarvation,10,Low*Medium*NoStarvation,26.57,7.29,7,7,10,0.3846,0.0729,0.35,0.0385,-0.0364,-0.07,0.0115,0.0,-0.0949,-0.1496,-0.1578,0.99,26
3,8,484.0,Low*Medium*NoStarvation,30,Medium*Medium*NoStarvation,7.29,25.71,7,7,30,0.4545,0.2571,0.35,0.0455,-0.1286,-0.07,0.0136,0.0,-0.1849,-0.2276,-0.2375,0.99,66
3,9,580.0,Medium*Medium*NoStarvation,45,Medium*Medium*NoStarvation,25.71,40.71,7,7,46,0.4792,0.4071,0.35,0.0479,-0.2036,-0.07,0.0144,0.0,-0.2592,-0.2483,-0.2636,0.99,96
3,10,676.0,Medium*Medium*NoStarvation,45,Medium*Medium*NoStarvation,40.71,41.29,7,7,46,0.4792,0.4129,0.35,0.0479,-0.2064,-0.07,0.0144,0.0,-0.2621,-0.2636,-0.2776,0.99,96
3,11,702.0,Medium*Medium*NoStarvation,10,Low*Medium*NoStarvation,41.29,6.57,7,7,9,0.3462,0.0657,0.35,0.0346,-0.0329,-0.07,0.0104,0.0,-0.0925,-0.1578,-0.1649,0.99,26
3,12,768.0,Low*Medium*NoStarvation,30,Medium*Medium*NoStarvation,6.57,26.71,7,7,30,0.4545,0.2671,0.35,0.0455,-0.1336,-0.07,0.0136,0.0,-0.1899,-0.2375,-0.2473,0.99,66
3,13,834.0,Medium*Medium*NoStarvation,30,Medium*Medium*NoStarvation,26.71,27.71,7,7,29,0.4394,0.2771,0.35,0.0439,-0.1386,-0.07,0.0132,0.0,-0.1954,-0.2201,-0.2322,0.99,66
3,14,880.0,Medium*Medium*NoStarvation,20,Low*Medium*NoStarvation,27.71,17.86,7,7,19,0.413,0.1786,0.35,0.0413,-0.0893,-0.07,0.0124,0.0,-0.1469,-0.1614,-0.1736,0.99,46
3,15,926.0,Low*Medium*NoStarvation,20,Low*Medium*NoStarvation,17.86,14.71,7,7,20,0.4348,0.1471,0.35,0.0435,-0.0736,-0.07,0.013,0.0,-0.1305,-0.2053,-0.2115,0.99,46
3,16,952.0,Low*Medium*NoStarvation,10,Low*Medium*NoStarvation,14.71,6.43,7,7,10,0.3846,0.0643,0.35,0.0385,-0.0321,-0.07,0.0115,0.0,-0.0906,-0.1516,-0.1591,0.99,26
3,17,1018.0,Low*Medium*NoStarvation,30,Medium*Medium*NoStarvation,6.43,26.71,7,7,30,0.4545,0.2671,0.35,0.0455,-0.1336,-0.07,0.0136,0.0,-0.1899,-0.2473,-0.2564,0.99,66
3,18,1064.0,Medium*Medium*NoStarvation,20,Low*Medium*NoStarvation,26.71,16.43,7,7,20,0.4348,0.1643,0.35,0.0435,-0.0821,-0.07,0.013,0.0,-0.1391,-0.1736,-0.1845,0.99,46
3,19,1160.0,Low*Medium*NoStarvation,45,Medium*Medium*NoStarvation,16.43,41.71,7,7,45,0.4688,0.4171,0.35,0.0469,-0.2086,-0.07,0.0141,0.0,-0.2645,-0.2836,-0.2965,0.99,96
3,20,1256.0,Medium*Medium*NoStarvation,45,Medium*Medium*NoStarvation,41.71,43.29,7,7,46,0.4792,0.4329,0.35,0.0479,-0.2164,-0.07,0.0144,0.0,-0.2721,-0.2776,-0.2919,0.99,96
3,21,1322.0,Medium*Medium*NoStarvation,30,Medium*Medium*NoStarvation,43.29,26.0,7,7,30,0.4545,0.26,0.35,0.0455,-0.13,-0.07,0.0136,0.0,-0.1864,-0.2322,-0.2424,0.99,66
3,22,1368.0,Medium*Medium*NoStarvation,20,Low*Medium*NoStarvation,26.0,17.0,7,7,20,0.4348,0.17,0.35,0.0435,-0.085,-0.07,0.013,0.0,-0.142,-0.1845,-0.1945,0.99,46
3,23,1464.0,Low*Medium*NoStarvation,45,Medium*Medium*NoStarvation,17.0,41.43,7,7,25,0.2604,0.4143,0.35,0.026,-0.2071,-0.07,0.0078,0.0,-0.2693,-0.2965,-0.3086,0.99,96
3,24,1530.0,Medium*Medium*NoStarvation,30,Medium*Medium*NoStarvation,41.43,26.14,7,7,15,0.2273,0.2614,0.35,0.0227,-0.1307,-0.07,0.0068,0.0,-0.1939,-0.2424,-0.2524,0.99,66
3,25,1626.0,Medium*Medium*NoStarvation,45,Medium*Medium*NoStarvation,26.14,41.43,7,7,23,0.2396,0.4143,0.35,0.024,-0.2071,-0.07,0.0072,0.0,-0.27,-0.2919,-0.3046,0.99,96
3,26,1672.0,Medium*Medium*NoStarvation,20,Low*Medium*NoStarvation,41.43,16.14,7,7,10,0.2174,0.1614,0.35,0.0217,-0.0807,-0.07,0.0065,0.0,-0.1442,-0.1945,-0.2038,0.99,46
3,27,1738.0,Low*Medium*NoStarvation,30,Medium*Medium*NoStarvation,16.14,27.14,7,7,15,0.2273,0.2714,0.35,0.0227,-0.1357,-0.07,0.0068,0.0,-0.1989,-0.2564,-0.2655,0.99,66
3,28,1784.0,Medium*Medium*NoStarvation,20,Low*Medium*NoStarvation,27.14,17.86,7,7,9,0.1957,0.1786,0.35,0.0196,-0.0893,-0.07,0.0059,0.0,-0.1534,-0.2038,-0.2131,0.99,46
3,29,1880.0,Low*Medium*NoStarvation,45,Medium*Medium*NoStarvation,17.86,40.43,7,7,23,0.2396,0.4043,0.35,0.024,-0.2021,-0.07,0.0072,0.0,-0.265,-0.3086,-0.3191,0.99,96
3,30,1976.0,Medium*Medium*NoStarvation,45,Medium*Medium*NoStarvation,40.43,40.0,7,7,23,0.2396,0.4,0.35,0.024,-0.2,-0.07,0.0072,0.0,-0.2628,-0.3046,-0.3152,0.99,96
3,31,2022.0,Medium*Medium*NoStarvation,20,Low*Medium*NoStarvation,40.0,16.86,7,7,10,0.2174,0.1686,0.35,0.0217,-0.0843,-0.07,0.0065,0.0,-0.1478,-0.2131,-0.2209,0.99,46
3,32,2048.0,Low*Medium*NoStarvation,10,Low*Medium*NoStarvation,16.86,6.71,7,7,5,0.1923,0.0671,0.35,0.0192,-0.0336,-0.07,0.0058,0.0,-0.0978,-0.1591,-0.1673,0.99,26
3,33,2094.0,Low*Medium*NoStarvation,20,Low*Medium*NoStarvation,6.71,17.43,7,7,10,0.2174,0.1743,0.35,0.0217,-0.0871,-0.07,0.0065,0.0,-0.1506,-0.2115,-0.2204,0.99,46
3,34,2160.0,Low*Medium*NoStarvation,30,Medium*Medium*NoStarvation,17.43,28.0,7,7,15,0.2273,0.28,0.35,0.0227,-0.14,-0.07,0.0068,0.0,-0.2032,-0.2655,-0.2741,0.99,66
3,35,2226.0,Medium*Medium*NoStarvation,30,Medium*Medium*NoStarvation,28.0,25.57,7,7,15,0.2273,0.2557,0.35,0.0227,-0.1279,-0.07,0.0068,0.0,-0.191,-0.2524,-0.2611,0.99,66
3,36,2292.0,Medium*Medium*NoStarvation,30,Medium*Medium*NoStarvation,25.57,27.14,7,7,15,0.2273,0.2714,0.35,0.0227,-0.1357,-0.07,0.0068,0.0,-0.1989,-0.2611,-0.2697,0.99,66
3,37,2318.0,Medium*Medium*NoStarvation,10,Low*Medium*NoStarvation,27.14,5.14,7,6,5,0.1923,0.0514,0.3,0.0192,-0.0257,-0.06,0.0058,0.0,-0.0799,-0.1649,-0.1715,0.99,26
3,38,2384.0,Low*Medium*NoStarvation,30,Medium*Medium*NoStarvation,5.14,25.71,6,7,15,0.2273,0.2571,0.35,0.0227,-0.1286,-0.07,0.0068,0.0,-0.1918,-0.2741,-0.2813,0.99,66
3,39,2450.0,Medium*Medium*NoStarvation,30,Medium*Medium*NoStarvation,25.71,25.71,7,7,15,0.2273,0.2571,0.35,0.0227,-0.1286,-0.07,0.0068,0.0,-0.1918,-0.2697,-0.2774,0.99,66
3,40,2516.0,Medium*Medium*NoStarvation,30,Medium*Medium*NoStarvation,25.71,27.14,7,7,15,0.2273,0.2714,0.35,0.0227,-0.1357,-0.07,0.0068,0.0,-0.1989,-0.2774,-0.285,0.99,66
3,41,2582.0,Medium*Medium*NoStarvation,30,Medium*Medium*NoStarvation,27.14,27.71,7,7,14,0.2121,0.2771,0.35,0.0212,-0.1386,-0.07,0.0064,0.0,-0.2022,-0.285,-0.2921,0.99,66
3,42,2608.0,Medium*Medium*NoStarvation,10,Low*Medium*NoStarvation,27.71,6.86,7,7,5,0.1923,0.0686,0.35,0.0192,-0.0343,-0.07,0.0058,0.0,-0.0985,-0.1715,-0.1792,0.99,26
3,43,2674.0,Low*Medium*NoStarvation,30,Medium*Medium*NoStarvation,6.86,26.86,7,7,15,0.2273,0.2686,0.35,0.0227,-0.1343,-0.07,0.0068,0.0,-0.1975,-0.2813,-0.289,0.99,66
3,44,2720.0,Medium*Medium*NoStarvation,20,Low*Medium*NoStarvation,26.86,16.71,7,7,10,0.2174,0.1671,0.35,0.0217,-0.0836,-0.07,0.0065,0.0,-0.147,-0.2209,-0.2286,0.99,46
3,45,2746.0,Low*Medium*NoStarvation,10,Low*Medium*NoStarvation,16.71,6.29,7,7,5,0.1923,0.0629,0.35,0.0192,-0.0314,-0.07,0.0058,0.0,-0.0957,-0.1673,-0.1752,0.99,26
3,46,2772.0,Low*Medium*NoStarvation,10,Low*Medium*NoStarvation,6.29,6.86,7,7,5,0.1923,0.0686,0.35,0.0192,-0.0343,-0.07,0.0058,0.0,-0.0985,-0.1752,-0.1833,0.99,26
3,47,2798.0,Low*Medium*NoStarvation,10,Low*Medium*NoStarvation,6.86,6.14,7,7,5,0.1923,0.0614,0.35,0.0192,-0.0307,-0.07,0.0058,0.0,-0.0949,-0.1833,-0.1909,0.99,26
3,48,2894.0,Low*Medium*NoStarvation,45,Medium*Medium*NoStarvation,6.14,41.57,7,7,22,0.2292,0.4157,0.35,0.0229,-0.2079,-0.07,0.0069,0.0,-0.271,-0.3191,-0.3304,0.99,96
3,49,2920.0,Medium*Medium*NoStarvation,10,Low*Medium*NoStarvation,41.57,6.71,7,7,5,0.1923,0.0671,0.35,0.0192,-0.0336,-0.07,0.0058,0.0,-0.0978,-0.1792,-0.1883,0.99,26
3,50,2986.0,Low*Medium*NoStarvation,30,Medium*Medium*NoStarvation,6.71,28.43,7,7,14,0.2121,0.2843,0.35,0.0212,-0.1421,-0.07,0.0064,0.0,-0.2058,-0.289,-0.2977,0.99,66
3,51,3012.0,Medium*Medium*NoStarvation,10,Low*Medium*NoStarvation,28.43,6.29,7,7,5,0.1923,0.0629,0.35,0.0192,-0.0314,-0.07,0.0058,0.0,-0.0957,-0.1883,-0.1962,0.99,26
3,52,3038.0,Low*Medium*NoStarvation,10,Low*Medium*NoStarvation,6.29,6.14,7,7,5,0.1923,0.0614,0.35,0.0192,-0.0307,-0.07,0.0058,0.0,-0.0949,-0.1909,-0.1985,0.99,26
3,53,3084.0,Low*Medium*NoStarvation,20,Low*Medium*NoStarvation,6.14,16.29,7,7,10,0.2174,0.1629,0.35,0.0217,-0.0814,-0.07,0.0065,0.0,-0.1449,-0.2204,-0.2308,0.99,46
3,54,3110.0,Low*Medium*NoStarvation,10,Low*Medium*NoStarvation,16.29,7.43,7,7,4,0.1538,0.0743,0.35,0.0154,-0.0371,-0.07,0.0046,0.0,-0.1025,-0.1985,-0.2068,0.99,26
3,55,3206.0,Low*Medium*NoStarvation,45,Medium*Medium*NoStarvation,7.43,41.43,7,7,23,0.2396,0.4143,0.35,0.024,-0.2071,-0.07,0.0072,0.0,-0.27,-0.3304,-0.342,0.99,96
3,56,3302.0,Medium*Medium*NoStarvation,45,Medium*Medium*NoStarvation,41.43,39.71,7,7,23,0.2396,0.3971,0.35,0.024,-0.1986,-0.07,0.0072,0.0,-0.2614,-0.3152,-0.3275,0.99,96
3,57,3368.0,Medium*Medium*NoStarvation,30,Medium*Medium*NoStarvation,39.71,26.29,7,7,15,0.2273,0.2629,0.35,0.0227,-0.1314,-0.07,0.0068,0.0,-0.1946,-0.2921,-0.3,0.99,66
3,58,3464.0,Medium*Medium*NoStarvation,45,Medium*Medium*NoStarvation,26.29,40.29,7,7,23,0.2396,0.4029,0.35,0.024,-0.2014,-0.07,0.0072,0.0,-0.2642,-0.3275,-0.3388,0.99,96
3,59,3510.0,Medium*Medium*NoStarvation,20,Low*Medium*NoStarvation,40.29,17.71,7,7,9,0.1957,0.1771,0.35,0.0196,-0.0886,-0.07,0.0059,0.0,-0.1527,-0.2286,-0.2396,0.99,46
3,60,3536.0,Low*Medium*NoStarvation,10,Low*Medium*NoStarvation,17.71,7.14,7,7,4,0.1538,0.0714,0.35,0.0154,-0.0357,-0.07,0.0046,0.0,-0.1011,-0.2068,-0.2148,0.99,26
3,61,3562.0,Low*Medium*NoStarvation,10,Low*Medium*NoStarvation,7.14,7.29,7,7,4,0.1538,0.0729,0.35,0.0154,-0.0364,-0.07,0.0046,0.0,-0.1018,-0.2148,-0.2229,0.99,26
3,62,3608.0,Low*Medium*NoStarvation,20,Low*Medium*NoStarvation,7.29,15.43,7,7,10,0.2174,0.1543,0.35,0.0217,-0.0771,-0.07,0.0065,0.0,-0.1406,-0.2308,-0.2418,0.99,46
4,0,76.0,Low*Low*NoStarvation,10,Low*Medium*NoStarvation,0.83,6.71,2,7,11,0.4231,0.0671,0.35,0.0423,-0.0336,-0.07,0.0127,0.0,-0.0909,-0.0091,-0.0373,0.9851,26
4,1,102.0,Low*Medium*NoStarvation,10,Low*Medium*NoStarvation,6.71,8.68,7,8,9,0.3462,0.0868,0.4,0.0346,-0.0434,-0.08,0.0104,0.0,-0.113,-0.2229,-0.2319,0.9851,26
4,2,148.0,Low*Medium*NoStarvation,20,Low*Medium*NoStarvation,8.68,15.71,8,7,19,0.413,0.1571,0.35,0.0413,-0.0786,-0.07,0.0124,0.0,-0.1362,-0.2418,-0.2521,0.9851,46
4,3,244.0,Low*Medium*NoStarvation,45,Medium*Medium*NoStarvation,15.71,40.43,7,7,46,0.4792,0.4043,0.35,0.0479,-0.2021,-0.07,0.0144,0.0,-0.2578,-0.342,-0.3513,0.9851,96
4,4,270.0,Medium*Medium*NoStarvation,10,Low*Medium*NoStarvation,40.43,8.57,7,7,9,0.3462,0.0857,0.35,0.0346,-0.0429,-0.07,0.0104,0.0,-0.1025,-0.1962,-0.2077,0.9851,26
4,5,296.0,Low*Medium*NoStarvation,10,Low*Medium*NoStarvation,8.57,5.86,7,6,10,0.3846,0.0586,0.3,0.0385,-0.0293,-0.06,0.0115,0.0,-0.0777,-0.2319,-0.2374,0.9851,26
4,6,362.0,Low*Medium*NoStarvation,30,Medium*Medium*NoStarvation,5.86,26.14,6,7,30,0.4545,0.2614,0.35,0.0455,-0.1307,-0.07,0.0136,0.0,-0.1871,-0.2977,-0.3053,0.9851,66
4,7,428.0,Medium*Medium*NoStarvation,30,Medium*Medium*NoStarvation,26.14,26.0,7,7,30,0.4545,0.26,0.35,0.0455,-0.13,-0.07,0.0136,0.0,-0.1864,-0.3,-0.3073,0.9851,66
4,8,494.0,Medium*Medium*NoStarvation,30,Medium*Medium*NoStarvation,26.0,26.57,7,7,30,0.4545,0.2657,0.35,0.0455,-0.1329,-0.07,0.0136,0.0,-0.1892,-0.3073,-0.3142,0.9851,66
4,9,520.0,Medium*Medium*NoStarvation,10,Low*Medium*NoStarvation,26.57,6.71,7,7,10,0.3846,0.0671,0.35,0.0385,-0.0336,-0.07,0.0115,0.0,-0.092,-0.2077,-0.2175,0.9851,26
4,10,546.0,Low*Medium*NoStarvation,10,Low*Medium*NoStarvation,6.71,6.29,7,7,10,0.3846,0.0629,0.35,0.0385,-0.0314,-0.07,0.0115,0.0,-0.0899,-0.2374,-0.244,0.9851,26
4,11,642.0,Low*Medium*NoStarvation,45,Medium*Medium*NoStarvation,6.29,41.71,7,7,44,0.4583,0.4171,0.35,0.0458,-0.2086,-0.07,0.0137,0.0,-0.2648,-0.3513,-0.3622,0.9851,96
4,12,688.0,Medium*Medium*NoStarvation,20,Low*Medium*NoStarvation,41.71,16.43,7,7,20,0.4348,0.1643,0.35,0.0435,-0.0821,-0.07,0.013,0.0,-0.1391,-0.2396,-0.2515,0.9851,46
4,13,784.0,Low*Medium*NoStarvation,45,Medium*Medium*NoStarvation,16.43,42.0,7,7,44,0.4583,0.42,0.35,0.0458,-0.21,-0.07,0.0137,0.0,-0.2662,-0.3622,-0.3722,0.9851,96
4,14,850.0,Medium*Medium*NoStarvation,30,Medium*Medium*NoStarvation,42.0,24.86,7,7,30,0.4545,0.2486,0.35,0.0455,-0.1243,-0.07,0.0136,0.0,-0.1806,-0.3142,-0.3204,0.9851,66
4,15,896.0,Medium*Medium*NoStarvation,20,Low*Medium*NoStarvation,24.86,17.43,7,7,22,0.4783,0.1743,0.35,0.0478,-0.0871,-0.07,0.0143,0.0,-0.1428,-0.2515,-0.2626,0.9851,46
4,16,942.0,Low*Medium*NoStarvation,20,Low*Medium*NoStarvation,17.43,15.14,7,7,20,0.4348,0.1514,0.35,0.0435,-0.0757,-0.07,0.013,0.0,-0.1327,-0.2521,-0.2621,0.9851,46
4,17,1008.0,Low*Medium*NoStarvation,30,Medium*Medium*NoStarvation,15.14,25.29,7,7,30,0.4545,0.2529,0.35,0.0455,-0.1264,-0.07,0.0136,0.0,-0.1828,-0.3053,-0.3126,0.9851,66
4,18,1104.0,Medium*Medium*NoStarvation,45,Medium*Medium*NoStarvation,25.29,42.86,7,7,45,0.4688,0.4286,0.35,0.0469,-0.2143,-0.07,0.0141,0.0,-0.2702,-0.3388,-0.3515,0.9851,96
4,19,1150.0,Medium*Medium*NoStarvation,20,Low*Medium*NoStarvation,42.86,15.86,7,7,20,0.4348,0.1586,0.35,0.0435,-0.0793,-0.07,0.013,0.0,-0.1362,-0.2626,-0.2719,0.9851,46
4,20,1176.0,Low*Medium*NoStarvation,10,Low*Medium*NoStarvation,15.86,8.64,7,8,9,0.3462,0.0864,0.4,0.0346,-0.0432,-0.08,0.0104,0.0,-0.1128,-0.244,-0.2529,0.9851,26
4,21,1242.0,Low*Medium*NoStarvation,30,Medium*Medium*NoStarvation,8.64,26.43,8,7,29,0.4394,0.2643,0.35,0.0439,-0.1321,-0.07,0.0132,0.0,-0.189,-0.3126,-0.3198,0.9851,66
4,22,1268.0,Medium*Medium*NoStarvation,10,Low*Medium*NoStarvation,26.43,8.14,7,7,9,0.3462,0.0814,0.35,0.0346,-0.0407,-0.07,0.0104,0.0,-0.1003,-0.2175,-0.2285,0.9851,26
4,23,1364.0,Low*Medium*NoStarvation,45,Medium*Medium*NoStarvation,8.14,40.86,7,7,45,0.4688,0.4086,0.35,0.0469,-0.2043,-0.07,0.0141,0.0,-0.2602,-0.3722,-0.3816,0.9851,96
4,24,1430.0,Medium*Medium*NoStarvation,30,Medium*Medium*NoStarvation,40.86,25.43,7,7,22,0.3333,0.2543,0.35,0.0333,-0.1271,-0.07,0.01,0.0,-0.1871,-0.3204,-0.3277,0.9851,66
4,25,1456.0,Medium*Medium*NoStarvation,10,Low*Medium*NoStarvation,25.43,6.86,7,7,5,0.1923,0.0686,0.35,0.0192,-0.0343,-0.07,0.0058,0.0,-0.0985,-0.2285,-0.2383,0.9851,26
4,26,1502.0,Low*Medium*NoStarvation,20,Low*Medium*NoStarvation,6.86,16.0,7,7,10,0.2174,0.16,0.35,0.0217,-0.08,-0.07,0.0065,0.0,-0.1435,-0.2621,-0.273,0.9851,46
4,27,1528.0,Low*Medium*NoStarvation,10,Low*Medium*NoStarvation,16.0,8.29,7,7,4,0.1538,0.0829,0.35,0.0154,-0.0414,-0.07,0.0046,0.0,-0.1068,-0.2529,-0.261,0.9851,26
4,28,1554.0,Low*Medium*NoStarvation,10,Low*Medium*NoStarvation,8.29,5.86,7,7,5,0.1923,0.0586,0.35,0.0192,-0.0293,-0.07,0.0058,0.0,-0.0935,-0.261,-0.2677,0.9851,26
4,29,1600.0,Low*Medium*NoStarvation,20,Low*Medium*NoStarvation,5.86,15.71,7,7,10,0.2174,0.1571,0.35,0.0217,-0.0786,-0.07,0.0065,0.0,-0.142,-0.273,-0.284,0.9851,46
4,30,1666.0,Low*Medium*NoStarvation,30,Medium*Medium*NoStarvation,15.71,25.71,7,7,15,0.2273,0.2571,0.35,0.0227,-0.1286,-0.07,0.0068,0.0,-0.1918,-0.3198,-0.3285,0.9851,66
4,31,1712.0,Medium*Medium*NoStarvation,20,Low*Medium*NoStarvation,25.71,17.57,7,7,9,0.1957,0.1757,0.35,0.0196,-0.0879,-0.07,0.0059,0.0,-0.152,-0.2719,-0.284,0.9851,46
4,32,1808.0,Low*Medium*NoStarvation,45,Medium*Medium*NoStarvation,17.57,43.43,7,7,22,0.2292,0.4343,0.35,0.0229,-0.2171,-0.07,0.0069,0.0,-0.2803,-0.3816,-0.3929,0.9851,96
4,33,1874.0,Medium*Medium*NoStarvation,30,Medium*Medium*NoStarvation,43.43,26.29,7,7,15,0.2273,0.2629,0.35,0.0227,-0.1314,-0.07,0.0068,0.0,-0.1946,-0.3277,-0.3358,0.9851,66
4,34,1970.0,Medium*Medium*NoStarvation,45,Medium*Medium*NoStarvation,26.29,41.29,7,7,23,0.2396,0.4129,0.35,0.024,-0.2064,-0.07,0.0072,0.0,-0.2692,-0.3515,-0.3648,0.9851,96
4,35,2016.0,Medium*Medium*NoStarvation,20,Low*Medium*NoStarvation,41.29,17.43,7,7,10,0.2174,0.1743,0.35,0.0217,-0.0871,-0.07,0.0065,0.0,-0.1506,-0.284,-0.2948,0.9851,46
4,36,2042.0,Low*Medium*NoStarvation,10,Low*Medium*NoStarvation,17.43,8.14,7,7,4,0.1538,0.0814,0.35,0.0154,-0.0407,-0.07,0.0046,0.0,-0.1061,-0.2677,-0.2757,0.9851,26
4,37,2068.0,Low*Medium*NoStarvation,10,Low*Medium*NoStarvation,8.14,6.71,7,7,5,0.1923,0.0671,0.35,0.0192,-0.0336,-0.07,0.0058,0.0,-0.0978,-0.2757,-0.2827,0.9851,26
4,38,2114.0,Low*Medium*NoStarvation,20,Low*Medium*NoStarvation,6.71,14.57,7,7,11,0.2391,0.1457,0.35,0.0239,-0.0729,-0.07,0.0072,0.0,-0.1357,-0.284,-0.2946,0.9851,46
4,39,2210.0,Low*Medium*NoStarvation,45,Medium*Medium*NoStarvation,14.57,40.14,7,7,23,0.2396,0.4014,0.35,0.024,-0.2007,-0.07,0.0072,0.0,-0.2635,-0.3929,-0.4014,0.9851,96
4,40,2256.0,Medium*Medium*NoStarvation,20,Low*Medium*NoStarvation,40.14,16.57,7,7,10,0.2174,0.1657,0.35,0.0217,-0.0829,-0.07,0.0065,0.0,-0.1463,-0.2948,-0.3054,0.9851,46
4,41,2302.0,Low*Medium*NoStarvation,20,Low*Medium*NoStarvation,16.57,16.0,7,7,10,0.2174,0.16,0.35,0.0217,-0.08,-0.07,0.0065,0.0,-0.1435,-0.2946,-0.305,0.9851,46
4,42,2348.0,Low*Medium*NoStarvation,20,Low*Medium*NoStarvation,16.0,16.0,7,7,10,0.2174,0.16,0.35,0.0217,-0.08,-0.07,0.0065,0.0,-0.1435,-0.305,-0.3143,0.9851,46
4,43,2374.0,Low*Medium*NoStarvation,10,Low*Medium*NoStarvation,16.0,6.29,7,7,5,0.1923,0.0629,0.35,0.0192,-0.0314,-0.07,0.0058,0.0,-0.0957,-0.2827,-0.2894,0.9851,26
4,44,2420.0,Low*Medium*NoStarvation,20,Low*Medium*NoStarvation,6.29,16.29,7,7,10,0.2174,0.1629,0.35,0.0217,-0.0814,-0.07,0.0065,0.0,-0.1449,-0.3143,-0.3234,0.9851,46
4,45,2446.0,Low*Medium*NoStarvation,10,Low*Medium*NoStarvation,16.29,6.71,7,7,5,0.1923,0.0671,0.35,0.0192,-0.0336,-0.07,0.0058,0.0,-0.0978,-0.2894,-0.2963,0.9851,26
4,46,2542.0,Low*Medium*NoStarvation,45,Medium*Medium*NoStarvation,6.71,40.14,7,7,23,0.2396,0.4014,0.35,0.024,-0.2007,-0.07,0.0072,0.0,-0.2635,-0.4014,-0.409,0.9851,96
4,47,2588.0,Medium*Medium*NoStarvation,20,Low*Medium*NoStarvation,40.14,15.71,7,7,10,0.2174,0.1571,0.35,0.0217,-0.0786,-0.07,0.0065,0.0,-0.142,-0.3054,-0.3157,0.9851,46
4,48,2614.0,Low*Medium*NoStarvation,10,Low*Medium*NoStarvation,15.71,8.29,7,7,4,0.1538,0.0829,0.35,0.0154,-0.0414,-0.07,0.0046,0.0,-0.1068,-0.2963,-0.304,0.9851,26
4,49,2640.0,Low*Medium*NoStarvation,10,Low*Medium*NoStarvation,8.29,6.57,7,7,5,0.1923,0.0657,0.35,0.0192,-0.0329,-0.07,0.0058,0.0,-0.0971,-0.304,-0.3107,0.9851,26
4,50,2686.0,Low*Medium*NoStarvation,20,Low*Medium*NoStarvation,6.57,16.86,7,7,10,0.2174,0.1686,0.35,0.0217,-0.0843,-0.07,0.0065,0.0,-0.1478,-0.3234,-0.3338,0.9851,46
4,51,2732.0,Low*Medium*NoStarvation,20,Low*Medium*NoStarvation,16.86,15.57,7,7,10,0.2174,0.1557,0.35,0.0217,-0.0779,-0.07,0.0065,0.0,-0.1413,-0.3338,-0.3425,0.9851,46
4,52,2758.0,Low*Medium*NoStarvation,10,Low*Medium*NoStarvation,15.57,5.43,7,6,5,0.1923,0.0543,0.3,0.0192,-0.0271,-0.06,0.0058,0.0,-0.0814,-0.3107,-0.3157,0.9851,26
4,53,2804.0,Low*Medium*NoStarvation,20,Low*Medium*NoStarvation,5.43,16.29,6,7,10,0.2174,0.1629,0.35,0.0217,-0.0814,-0.07,0.0065,0.0,-0.1449,-0.3425,-0.3512,0.9851,46
4,54,2900.0,Low*Medium*NoStarvation,45,Medium*Medium*NoStarvation,16.29,42.86,7,7,22,0.2292,0.4286,0.35,0.0229,-0.2143,-0.07,0.0069,0.0,-0.2774,-0.409,-0.4173,0.9851,96
4,55,2996.0,Medium*Medium*NoStarvation,45,Medium*Medium*NoStarvation,42.86,42.14,7,7,22,0.2292,0.4214,0.35,0.0229,-0.2107,-0.07,0.0069,0.0,-0.2738,-0.3648,-0.3771,0.9851,96
4,56,3022.0,Medium*Medium*NoStarvation,10,Low*Medium*NoStarvation,42.14,6.0,7,6,5,0.1923,0.06,0.3,0.0192,-0.03,-0.06,0.0058,0.0,-0.0842,-0.2383,-0.2513,0.9851,26
4,57,3068.0,Low*Medium*NoStarvation,20,Low*Medium*NoStarvation,6.0,15.29,6,7,10,0.2174,0.1529,0.35,0.0217,-0.0764,-0.07,0.0065,0.0,-0.1399,-0.3512,-0.3584,0.9851,46
4,58,3094.0,Low*Medium*NoStarvation,10,Low*Medium*NoStarvation,15.29,6.43,7,7,5,0.1923,0.0643,0.35,0.0192,-0.0321,-0.07,0.0058,0.0,-0.0964,-0.3157,-0.3222,0.9851,26
4,59,3160.0,Low*Medium*NoStarvation,30,Medium*Medium*NoStarvation,6.43,24.86,7,7,16,0.2424,0.2486,0.35,0.0242,-0.1243,-0.07,0.0073,0.0,-0.187,-0.3285,-0.3369,0.9851,66
4,60,3226.0,Medium*Medium*NoStarvation,30,Medium*Medium*NoStarvation,24.86,26.29,7,7,15,0.2273,0.2629,0.35,0.0227,-0.1314,-0.07,0.0068,0.0,-0.1946,-0.3358,-0.3443,0.9851,66
4,61,3252.0,Medium*Medium*NoStarvation,10,Low*Medium*NoStarvation,26.29,6.86,7,7,5,0.1923,0.0686,0.35,0.0192,-0.0343,-0.07,0.0058,0.0,-0.0985,-0.2513,-0.265,0.9851,26
4,62,3348.0,Low*Medium*NoStarvation,45,Medium*Medium*NoStarvation,6.86,40.14,7,7,23,0.2396,0.4014,0.35,0.024,-0.2007,-0.07,0.0072,0.0,-0.2635,-0.4173,-0.4258,0.9851,96
4,63,3414.0,Medium*Medium*NoStarvation,30,Medium*Medium*NoStarvation,40.14,28.0,7,7,14,0.2121,0.28,0.35,0.0212,-0.14,-0.07,0.0064,0.0,-0.2036,-0.3443,-0.3541,0.9851,66
4,64,3460.0,Medium*Medium*NoStarvation,20,Low*Medium*NoStarvation,28.0,16.57,7,7,10,0.2174,0.1657,0.35,0.0217,-0.0829,-0.07,0.0065,0.0,-0.1463,-0.3157,-0.3278,0.9851,46
4,65,3526.0,Low*Medium*NoStarvation,30,Medium*Medium*NoStarvation,16.57,25.29,7,7,15,0.2273,0.2529,0.35,0.0227,-0.1264,-0.07,0.0068,0.0,-0.1896,-0.3369,-0.3461,0.9851,66
4,66,3572.0,Medium*Medium*NoStarvation,20,Low*Medium*NoStarvation,25.29,16.14,7,7,10,0.2174,0.1614,0.35,0.0217,-0.0807,-0.07,0.0065,0.0,-0.1442,-0.3278,-0.3384,0.9851,46
4,67,3638.0,Low*Medium*NoStarvation,30,Medium*Medium*NoStarvation,16.14,26.71,7,7,15,0.2273,0.2671,0.35,0.0227,-0.1336,-0.07,0.0068,0.0,-0.1968,-0.3461,-0.355,0.9851,66
5,0,116.0,Low*Low*NoStarvation,30,Medium*Medium*NoStarvation,0.83,26.71,2,7,31,0.4697,0.2671,0.35,0.047,-0.1336,-0.07,0.0141,0.0,-0.1895,-0.0244,-0.0647,0.9801,66
5,1,182.0,Medium*Medium*NoStarvation,30,Medium*Medium*NoStarvation,26.71,26.43,7,7,31,0.4697,0.2643,0.35,0.047,-0.1321,-0.07,0.0141,0.0,-0.1881,-0.3541,-0.3614,0.9801,66
5,2,248.0,Medium*Medium*NoStarvation,30,Medium*Medium*NoStarvation,26.43,25.29,7,7,30,0.4545,0.2529,0.35,0.0455,-0.1264,-0.07,0.0136,0.0,-0.1828,-0.3614,-0.3673,0.9801,66
5,3,274.0,Medium*Medium*NoStarvation,10,Low*Medium*NoStarvation,25.29,9.14,7,7,9,0.3462,0.0914,0.35,0.0346,-0.0457,-0.07,0.0104,0.0,-0.1053,-0.265,-0.2781,0.9801,26
5,4,340.0,Low*Medium*NoStarvation,30,Medium*Medium*NoStarvation,9.14,26.71,7,7,30,0.4545,0.2671,0.35,0.0455,-0.1336,-0.07,0.0136,0.0,-0.1899,-0.355,-0.3635,0.9801,66
5,5,406.0,Medium*Medium*NoStarvation,30,Medium*Medium*NoStarvation,26.71,27.0,7,7,30,0.4545,0.27,0.35,0.0455,-0.135,-0.07,0.0136,0.0,-0.1914,-0.3673,-0.3748,0.9801,66
5,6,432.0,Medium*Medium*NoStarvation,10,Low*Medium*NoStarvation,27.0,7.29,7,7,10,0.3846,0.0729,0.35,0.0385,-0.0364,-0.07,0.0115,0.0,-0.0949,-0.2781,-0.2887,0.9801,26
5,7,498.0,Low*Medium*NoStarvation,30,Medium*Medium*NoStarvation,7.29,25.57,7,7,30,0.4545,0.2557,0.35,0.0455,-0.1279,-0.07,0.0136,0.0,-0.1842,-0.3635,-0.3716,0.9801,66
5,8,594.0,Medium*Medium*NoStarvation,45,Medium*Medium*NoStarvation,25.57,42.43,7,7,45,0.4688,0.4243,0.35,0.0469,-0.2121,-0.07,0.0141,0.0,-0.2681,-0.3771,-0.3922,0.9801,96
5,9,690.0,Medium*Medium*NoStarvation,45,Medium*Medium*NoStarvation,42.43,42.29,7,7,45,0.4688,0.4229,0.35,0.0469,-0.2114,-0.07,0.0141,0.0,-0.2674,-0.3922,-0.4057,0.9801,96
5,10,736.0,Medium*Medium*NoStarvation,20,Low*Medium*NoStarvation,42.29,16.14,7,7,20,0.4348,0.1614,0.35,0.0435,-0.0807,-0.07,0.013,0.0,-0.1377,-0.3384,-0.3473,0.9801,46
5,11,762.0,Low*Medium*NoStarvation,10,Low*Medium*NoStarvation,16.14,7.43,7,7,9,0.3462,0.0743,0.35,0.0346,-0.0371,-0.07,0.0104,0.0,-0.0968,-0.3222,-0.3287,0.9801,26
5,12,808.0,Low*Medium*NoStarvation,20,Low*Medium*NoStarvation,7.43,15.86,7,7,21,0.4565,0.1586,0.35,0.0457,-0.0793,-0.07,0.0137,0.0,-0.1356,-0.3584,-0.3657,0.9801,46
5,13,904.0,Low*Medium*NoStarvation,45,Medium*Medium*NoStarvation,15.86,40.0,7,7,46,0.4792,0.4,0.35,0.0479,-0.2,-0.07,0.0144,0.0,-0.2556,-0.4258,-0.4348,0.9801,96
5,14,950.0,Medium*Medium*NoStarvation,20,Low*Medium*NoStarvation,40.0,16.57,7,7,20,0.4348,0.1657,0.35,0.0435,-0.0829,-0.07,0.013,0.0,-0.1398,-0.3473,-0.3562,0.9801,46
5,15,1046.0,Low*Medium*NoStarvation,45,Medium*Medium*NoStarvation,16.57,41.86,7,7,45,0.4688,0.4186,0.35,0.0469,-0.2093,-0.07,0.0141,0.0,-0.2652,-0.4348,-0.4438,0.9801,96
5,16,1072.0,Medium*Medium*NoStarvation,10,Low*Medium*NoStarvation,41.86,6.79,7,8,9,0.3462,0.0679,0.4,0.0346,-0.0339,-0.08,0.0104,0.0,-0.1035,-0.2887,-0.2998,0.9801,26
5,17,1118.0,Low*Medium*NoStarvation,20,Low*Medium*NoStarvation,6.79,15.71,8,7,20,0.4348,0.1571,0.35,0.0435,-0.0786,-0.07,0.013,0.0,-0.1355,-0.3657,-0.3723,0.9801,46
5,18,1164.0,Low*Medium*NoStarvation,20,Low*Medium*NoStarvation,15.71,15.86,7,7,20,0.4348,0.1586,0.35,0.0435,-0.0793,-0.07,0.013,0.0,-0.1362,-0.3723,-0.3783,0.9801,46
5,19,1260.0,Low*Medium*NoStarvation,45,Medium*Medium*NoStarvation,15.86,42.48,7,8,44,0.4583,0.4248,0.4,0.0458,-0.2124,-0.08,0.0137,0.0,-0.2786,-0.4438,-0.4543,0.9801,96
5,20,1326.0,Medium*Medium*NoStarvation,30,Medium*Medium*NoStarvation,42.48,26.57,8,7,30,0.4545,0.2657,0.35,0.0455,-0.1329,-0.07,0.0136,0.0,-0.1892,-0.3748,-0.3832,0.9801,66
5,21,1392.0,Medium*Medium*NoStarvation,30,Medium*Medium*NoStarvation,26.57,27.0,7,7,25,0.3788,0.27,0.35,0.0379,-0.135,-0.07,0.0114,0.0,-0.1936,-0.3832,-0.3912,0.9801,66
5,22,1438.0,Medium*Medium*NoStarvation,20,Low*Medium*NoStarvation,27.0,17.71,7,7,9,0.1957,0.1771,0.35,0.0196,-0.0886,-0.07,0.0059,0.0,-0.1527,-0.3562,-0.3654,0.9801,46
5,23,1464.0,Low*Medium*NoStarvation,10,Low*Medium*NoStarvation,17.71,9.29,7,7,4,0.1538,0.0929,0.35,0.0154,-0.0464,-0.07,0.0046,0.0,-0.1118,-0.3287,-0.3366,0.9801,26
5,24,1560.0,Low*Medium*NoStarvation,45,Medium*Medium*NoStarvation,9.29,41.14,7,7,23,0.2396,0.4114,0.35,0.024,-0.2057,-0.07,0.0072,0.0,-0.2685,-0.4543,-0.4627,0.9801,96
5,25,1656.0,Medium*Medium*NoStarvation,45,Medium*Medium*NoStarvation,41.14,39.71,7,7,23,0.2396,0.3971,0.35,0.024,-0.1986,-0.07,0.0072,0.0,-0.2614,-0.4057,-0.4183,0.9801,96
5,26,1682.0,Medium*Medium*NoStarvation,10,Low*Medium*NoStarvation,39.71,6.14,7,7,5,0.1923,0.0614,0.35,0.0192,-0.0307,-0.07,0.0058,0.0,-0.0949,-0.2998,-0.3096,0.9801,26
5,27,1748.0,Low*Medium*NoStarvation,30,Medium*Medium*NoStarvation,6.14,26.86,7,7,15,0.2273,0.2686,0.35,0.0227,-0.1343,-0.07,0.0068,0.0,-0.1975,-0.3716,-0.382,0.9801,66
5,28,1794.0,Medium*Medium*NoStarvation,20,Low*Medium*NoStarvation,26.86,16.71,7,7,10,0.2174,0.1671,0.35,0.0217,-0.0836,-0.07,0.0065,0.0,-0.147,-0.3654,-0.3739,0.9801,46
5,29,1840.0,Low*Medium*NoStarvation,20,Low*Medium*NoStarvation,16.71,16.57,7,7,10,0.2174,0.1657,0.35,0.0217,-0.0829,-0.07,0.0065,0.0,-0.1463,-0.3783,-0.3854,0.9801,46
5,30,1886.0,Low*Medium*NoStarvation,20,Low*Medium*NoStarvation,16.57,16.57,7,7,10,0.2174,0.1657,0.35,0.0217,-0.0829,-0.07,0.0065,0.0,-0.1463,-0.3854,-0.3918,0.9801,46
5,31,1912.0,Low*Medium*NoStarvation,10,Low*Medium*NoStarvation,16.57,7.14,7,7,5,0.1923,0.0714,0.35,0.0192,-0.0357,-0.07,0.0058,0.0,-0.0999,-0.3366,-0.3432,0.9801,26
5,32,1938.0,Low*Medium*NoStarvation,10,Low*Medium*NoStarvation,7.14,5.43,7,6,5,0.1923,0.0543,0.3,0.0192,-0.0271,-0.06,0.0058,0.0,-0.0814,-0.3432,-0.3479,0.9801,26
5,33,2034.0,Low*Medium*NoStarvation,45,Medium*Medium*NoStarvation,5.43,40.86,6,7,23,0.2396,0.4086,0.35,0.024,-0.2043,-0.07,0.0072,0.0,-0.2671,-0.4627,-0.471,0.9801,96
5,34,2100.0,Medium*Medium*NoStarvation,30,Medium*Medium*NoStarvation,40.86,26.43,7,7,15,0.2273,0.2643,0.35,0.0227,-0.1321,-0.07,0.0068,0.0,-0.1953,-0.3912,-0.3995,0.9801,66
5,35,2166.0,Medium*Medium*NoStarvation,30,Medium*Medium*NoStarvation,26.43,25.29,7,7,15,0.2273,0.2529,0.35,0.0227,-0.1264,-0.07,0.0068,0.0,-0.1896,-0.3995,-0.4064,0.9801,66
5,36,2262.0,Medium*Medium*NoStarvation,45,Medium*Medium*NoStarvation,25.29,40.29,7,7,23,0.2396,0.4029,0.35,0.024,-0.2014,-0.07,0.0072,0.0,-0.2642,-0.4183,-0.4307,0.9801,96
5,37,2328.0,Medium*Medium*NoStarvation,30,Medium*Medium*NoStarvation,40.29,26.57,7,7,15,0.2273,0.2657,0.35,0.0227,-0.1329,-0.07,0.0068,0.0,-0.196,-0.4064,-0.4132,0.9801,66
5,38,2424.0,Medium*Medium*NoStarvation,45,Medium*Medium*NoStarvation,26.57,40.43,7,7,23,0.2396,0.4043,0.35,0.024,-0.2021,-0.07,0.0072,0.0,-0.265,-0.4307,-0.442,0.9801,96
5,39,2470.0,Medium*Medium*NoStarvation,20,Low*Medium*NoStarvation,40.43,16.57,7,7,10,0.2174,0.1657,0.35,0.0217,-0.0829,-0.07,0.0065,0.0,-0.1463,-0.3739,-0.3824,0.9801,46
5,40,2536.0,Low*Medium*NoStarvation,30,Medium*Medium*NoStarvation,16.57,26.0,7,7,15,0.2273,0.26,0.35,0.0227,-0.13,-0.07,0.0068,0.0,-0.1932,-0.382,-0.391,0.9801,66
5,41,2602.0,Medium*Medium*NoStarvation,30,Medium*Medium*NoStarvation,26.0,26.0,7,7,15,0.2273,0.26,0.35,0.0227,-0.13,-0.07,0.0068,0.0,-0.1932,-0.4132,-0.4191,0.9801,66
5,42,2648.0,Medium*Medium*NoStarvation,20,Low*Medium*NoStarvation,26.0,16.29,7,7,10,0.2174,0.1629,0.35,0.0217,-0.0814,-0.07,0.0065,0.0,-0.1449,-0.3824,-0.39,0.9801,46
5,43,2714.0,Low*Medium*NoStarvation,30,Medium*Medium*NoStarvation,16.29,25.14,7,7,15,0.2273,0.2514,0.35,0.0227,-0.1257,-0.07,0.0068,0.0,-0.1889,-0.391,-0.3987,0.9801,66
5,44,2810.0,Medium*Medium*NoStarvation,45,Medium*Medium*NoStarvation,25.14,42.71,7,7,22,0.2292,0.4271,0.35,0.0229,-0.2136,-0.07,0.0069,0.0,-0.2767,-0.442,-0.4533,0.9801,96
5,45,2856.0,Medium*Medium*NoStarvation,20,Low*Medium*NoStarvation,42.71,16.29,7,7,10,0.2174,0.1629,0.35,0.0217,-0.0814,-0.07,0.0065,0.0,-0.1449,-0.39,-0.3968,0.9801,46
5,46,2882.0,Low*Medium*NoStarvation,10,Low*Medium*NoStarvation,16.29,6.43,7,7,5,0.1923,0.0643,0.35,0.0192,-0.0321,-0.07,0.0058,0.0,-0.0964,-0.3479,-0.3541,0.9801,26
5,47,2928.0,Low*Medium*NoStarvation,20,Low*Medium*NoStarvation,6.43,16.0,7,7,10,0.2174,0.16,0.35,0.0217,-0.08,-0.07,0.0065,0.0,-0.1435,-0.3918,-0.3988,0.9801,46
5,48,2994.0,Low*Medium*NoStarvation,30,Medium*Medium*NoStarvation,16.0,26.14,7,7,15,0.2273,0.2614,0.35,0.0227,-0.1307,-0.07,0.0068,0.0,-0.1939,-0.3987,-0.406,0.9801,66
5,49,3020.0,Medium*Medium*NoStarvation,10,Low*Medium*NoStarvation,26.14,5.86,7,6,5,0.1923,0.0586,0.3,0.0192,-0.0293,-0.06,0.0058,0.0,-0.0835,-0.3096,-0.3189,0.9801,26
5,50,3086.0,Low*Medium*NoStarvation,30,Medium*Medium*NoStarvation,5.86,25.86,6,7,15,0.2273,0.2586,0.35,0.0227,-0.1293,-0.07,0.0068,0.0,-0.1925,-0.406,-0.4134,0.9801,66
5,51,3112.0,Medium*Medium*NoStarvation,10,Low*Medium*NoStarvation,25.86,5.14,7,6,5,0.1923,0.0514,0.3,0.0192,-0.0257,-0.06,0.0058,0.0,-0.0799,-0.3189,-0.3268,0.9801,26
5,52,3208.0,Low*Medium*NoStarvation,45,Medium*Medium*NoStarvation,5.14,39.43,6,7,23,0.2396,0.3943,0.35,0.024,-0.1971,-0.07,0.0072,0.0,-0.26,-0.471,-0.4793,0.9801,96
5,53,3234.0,Medium*Medium*NoStarvation,10,Low*Medium*NoStarvation,39.43,6.57,7,7,5,0.1923,0.0657,0.35,0.0192,-0.0329,-0.07,0.0058,0.0,-0.0971,-0.3268,-0.3357,0.9801,26
5,54,3260.0,Low*Medium*NoStarvation,10,Low*Medium*NoStarvation,6.57,6.29,7,7,5,0.1923,0.0629,0.35,0.0192,-0.0314,-0.07,0.0058,0.0,-0.0957,-0.3541,-0.3601,0.9801,26
5,55,3356.0,Low*Medium*NoStarvation,45,Medium*Medium*NoStarvation,6.29,41.29,7,7,22,0.2292,0.4129,0.35,0.0229,-0.2064,-0.07,0.0069,0.0,-0.2696,-0.4793,-0.4885,0.9801,96
5,56,3422.0,Medium*Medium*NoStarvation,30,Medium*Medium*NoStarvation,41.29,25.29,7,7,16,0.2424,0.2529,0.35,0.0242,-0.1264,-0.07,0.0073,0.0,-0.1892,-0.4191,-0.4263,0.9801,66
5,57,3468.0,Medium*Medium*NoStarvation,20,Low*Medium*NoStarvation,25.29,15.57,7,7,10,0.2174,0.1557,0.35,0.0217,-0.0779,-0.07,0.0065,0.0,-0.1413,-0.3968,-0.4036,0.9801,46
5,58,3494.0,Low*Medium*NoStarvation,10,Low*Medium*NoStarvation,15.57,5.86,7,6,5,0.1923,0.0586,0.3,0.0192,-0.0293,-0.06,0.0058,0.0,-0.0835,-0.3601,-0.3648,0.9801,26
5,59,3590.0,Low*Medium*NoStarvation,45,Medium*Medium*NoStarvation,5.86,39.57,6,7,24,0.25,0.3957,0.35,0.025,-0.1979,-0.07,0.0075,0.0,-0.2604,-0.4885,-0.4959,0.9801,96
5,60,3686.0,Medium*Medium*NoStarvation,45,Medium*Medium*NoStarvation,39.57,40.86,7,7,23,0.2396,0.4086,0.35,0.024,-0.2043,-0.07,0.0072,0.0,-0.2671,-0.4533,-0.4649,0.9801,96
6,0,116.0,Low*Low*NoStarvation,30,Medium*Medium*NoStarvation,0.83,26.71,2,7,31,0.4697,0.2671,0.35,0.047,-0.1336,-0.07,0.0141,0.0,-0.1895,-0.0647,-0.1074,0.9752,66
6,1,142.0,Medium*Medium*NoStarvation,10,Low*Medium*NoStarvation,26.71,7.0,7,7,10,0.3846,0.07,0.35,0.0385,-0.035,-0.07,0.0115,0.0,-0.0935,-0.3357,-0.3443,0.9752,26
6,2,188.0,Low*Medium*NoStarvation,20,Low*Medium*NoStarvation,7.0,16.29,7,7,20,0.4348,0.1629,0.35,0.0435,-0.0814,-0.07,0.013,0.0,-0.1384,-0.3988,-0.4056,0.9752,46
6,3,214.0,Low*Medium*NoStarvation,10,Low*Medium*NoStarvation,16.29,7.0,7,7,9,0.3462,0.07,0.35,0.0346,-0.035,-0.07,0.0104,0.0,-0.0946,-0.3648,-0.3707,0.9752,26
6,4,240.0,Low*Medium*NoStarvation,10,Low*Medium*NoStarvation,7.0,8.57,7,7,9,0.3462,0.0857,0.35,0.0346,-0.0429,-0.07,0.0104,0.0,-0.1025,-0.3707,-0.3772,0.9752,26
6,5,266.0,Low*Medium*NoStarvation,10,Low*Medium*NoStarvation,8.57,6.0,7,7,10,0.3846,0.06,0.35,0.0385,-0.03,-0.07,0.0115,0.0,-0.0885,-0.3772,-0.3823,0.9752,26
6,6,292.0,Low*Medium*NoStarvation,10,Low*Medium*NoStarvation,6.0,6.86,7,7,9,0.3462,0.0686,0.35,0.0346,-0.0343,-0.07,0.0104,0.0,-0.0939,-0.3823,-0.3878,0.9752,26
6,7,318.0,Low*Medium*NoStarvation,10,Low*Medium*NoStarvation,6.86,6.29,7,7,9,0.3462,0.0629,0.35,0.0346,-0.0314,-0.07,0.0104,0.0,-0.091,-0.3878,-0.3931,0.9752,26
6,8,384.0,Low*Medium*NoStarvation,30,Medium*Medium*NoStarvation,6.29,26.0,7,7,30,0.4545,0.26,0.35,0.0455,-0.13,-0.07,0.0136,0.0,-0.1864,-0.4134,-0.4217,0.9752,66
6,9,430.0,Medium*Medium*NoStarvation,20,Low*Medium*NoStarvation,26.0,17.57,7,7,20,0.4348,0.1757,0.35,0.0435,-0.0879,-0.07,0.013,0.0,-0.1448,-0.4036,-0.4131,0.9752,46
6,10,456.0,Low*Medium*NoStarvation,10,Low*Medium*NoStarvation,17.57,6.14,7,6,9,0.3462,0.0614,0.3,0.0346,-0.0307,-0.06,0.0104,0.0,-0.0803,-0.3931,-0.3972,0.9752,26
6,11,552.0,Low*Medium*NoStarvation,45,Medium*Medium*NoStarvation,6.14,40.14,6,7,46,0.4792,0.4014,0.35,0.0479,-0.2007,-0.07,0.0144,0.0,-0.2563,-0.4959,-0.503,0.9752,96
6,12,598.0,Medium*Medium*NoStarvation,20,Low*Medium*NoStarvation,40.14,15.71,7,7,21,0.4565,0.1571,0.35,0.0457,-0.0786,-0.07,0.0137,0.0,-0.1349,-0.4131,-0.4211,0.9752,46
6,13,624.0,Low*Medium*NoStarvation,10,Low*Medium*NoStarvation,15.71,6.14,7,7,10,0.3846,0.0614,0.35,0.0385,-0.0307,-0.07,0.0115,0.0,-0.0892,-0.3972,-0.4021,0.9752,26
6,14,670.0,Low*Medium*NoStarvation,20,Low*Medium*NoStarvation,6.14,17.0,7,7,20,0.4348,0.17,0.35,0.0435,-0.085,-0.07,0.013,0.0,-0.142,-0.4056,-0.4154,0.9752,46
6,15,716.0,Low*Medium*NoStarvation,20,Low*Medium*NoStarvation,17.0,15.71,7,7,20,0.4348,0.1571,0.35,0.0435,-0.0786,-0.07,0.013,0.0,-0.1355,-0.4154,-0.4236,0.9752,46
6,16,782.0,Low*Medium*NoStarvation,30,Medium*Medium*NoStarvation,15.71,27.86,7,7,30,0.4545,0.2786,0.35,0.0455,-0.1393,-0.07,0.0136,0.0,-0.1956,-0.4217,-0.4301,0.9752,66
6,17,828.0,Medium*Medium*NoStarvation,20,Low*Medium*NoStarvation,27.86,16.43,7,7,20,0.4348,0.1643,0.35,0.0435,-0.0821,-0.07,0.013,0.0,-0.1391,-0.4211,-0.4291,0.9752,46
6,18,924.0,Low*Medium*NoStarvation,45,Medium*Medium*NoStarvation,16.43,42.14,7,7,44,0.4583,0.4214,0.35,0.0458,-0.2107,-0.07,0.0137,0.0,-0.267,-0.503,-0.5104,0.9752,96
6,19,970.0,Medium*Medium*NoStarvation,20,Low*Medium*NoStarvation,42.14,16.21,7,8,19,0.413,0.1621,0.4,0.0413,-0.0811,-0.08,0.0124,0.0,-0.1487,-0.4291,-0.4372,0.9752,46
6,20,996.0,Low*Medium*NoStarvation,10,Low*Medium*NoStarvation,16.21,6.29,8,7,10,0.3846,0.0629,0.35,0.0385,-0.0314,-0.07,0.0115,0.0,-0.0899,-0.4021,-0.4071,0.9752,26
6,21,1092.0,Low*Medium*NoStarvation,45,Medium*Medium*NoStarvation,6.29,43.29,7,7,44,0.4583,0.4329,0.35,0.0458,-0.2164,-0.07,0.0137,0.0,-0.2727,-0.5104,-0.5176,0.9752,96
6,22,1188.0,Medium*Medium*NoStarvation,45,Medium*Medium*NoStarvation,43.29,41.43,7,7,45,0.4688,0.4143,0.35,0.0469,-0.2071,-0.07,0.0141,0.0,-0.2631,-0.4649,-0.4757,0.9752,96
6,23,1284.0,Medium*Medium*NoStarvation,45,Medium*Medium*NoStarvation,41.43,39.86,7,7,46,0.4792,0.3986,0.35,0.0479,-0.1993,-0.07,0.0144,0.0,-0.2549,-0.4757,-0.4846,0.9752,96
6,24,1380.0,Medium*Medium*NoStarvation,45,Medium*Medium*NoStarvation,39.86,39.71,7,7,45,0.4688,0.3971,0.35,0.0469,-0.1986,-0.07,0.0141,0.0,-0.2545,-0.4846,-0.4926,0.9752,96
6,25,1476.0,Medium*Medium*NoStarvation,45,Medium*Medium*NoStarvation,39.71,42.71,7,7,29,0.3021,0.4271,0.35,0.0302,-0.2136,-0.07,0.0091,0.0,-0.2745,-0.4926,-0.5018,0.9752,96
6,26,1522.0,Medium*Medium*NoStarvation,20,Low*Medium*NoStarvation,42.71,16.0,7,7,10,0.2174,0.16,0.35,0.0217,-0.08,-0.07,0.0065,0.0,-0.1435,-0.4372,-0.4445,0.9752,46
6,27,1548.0,Low*Medium*NoStarvation,10,Low*Medium*NoStarvation,16.0,5.86,7,7,5,0.1923,0.0586,0.35,0.0192,-0.0293,-0.07,0.0058,0.0,-0.0935,-0.4071,-0.4124,0.9752,26
6,28,1594.0,Low*Medium*NoStarvation,20,Low*Medium*NoStarvation,5.86,16.29,7,7,10,0.2174,0.1629,0.35,0.0217,-0.0814,-0.07,0.0065,0.0,-0.1449,-0.4236,-0.4329,0.9752,46
6,29,1640.0,Low*Medium*NoStarvation,20,Low*Medium*NoStarvation,16.29,16.71,7,7,10,0.2174,0.1671,0.35,0.0217,-0.0836,-0.07,0.0065,0.0,-0.147,-0.4329,-0.4414,0.9752,46
6,30,1706.0,Low*Medium*NoStarvation,30,Medium*Medium*NoStarvation,16.71,27.86,7,7,14,0.2121,0.2786,0.35,0.0212,-0.1393,-0.07,0.0064,0.0,-0.2029,-0.4301,-0.4383,0.9752,66
6,31,1752.0,Medium*Medium*NoStarvation,20,Low*Medium*NoStarvation,27.86,16.86,7,7,10,0.2174,0.1686,0.35,0.0217,-0.0843,-0.07,0.0065,0.0,-0.1478,-0.4445,-0.4519,0.9752,46
6,32,1818.0,Low*Medium*NoStarvation,30,Medium*Medium*NoStarvation,16.86,26.0,7,7,15,0.2273,0.26,0.35,0.0227,-0.13,-0.07,0.0068,0.0,-0.1932,-0.4383,-0.4448,0.9752,66
6,33,1844.0,Medium*Medium*NoStarvation,10,Low*Medium*NoStarvation,26.0,6.43,7,7,5,0.1923,0.0643,0.35,0.0192,-0.0321,-0.07,0.0058,0.0,-0.0964,-0.3443,-0.3567,0.9752,26
6,34,1870.0,Low*Medium*NoStarvation,10,Low*Medium*NoStarvation,6.43,7.86,7,7,4,0.1538,0.0786,0.35,0.0154,-0.0393,-0.07,0.0046,0.0,-0.1047,-0.4124,-0.4187,0.9752,26
6,35,1936.0,Low*Medium*NoStarvation,30,Medium*Medium*NoStarvation,7.86,26.86,7,7,15,0.2273,0.2686,0.35,0.0227,-0.1343,-0.07,0.0068,0.0,-0.1975,-0.4448,-0.4522,0.9752,66
6,36,1982.0,Medium*Medium*NoStarvation,20,Low*Medium*NoStarvation,26.86,17.0,7,7,10,0.2174,0.17,0.35,0.0217,-0.085,-0.07,0.0065,0.0,-0.1485,-0.4519,-0.4593,0.9752,46
6,37,2008.0,Low*Medium*NoStarvation,10,Low*Medium*NoStarvation,17.0,5.86,7,7,5,0.1923,0.0586,0.35,0.0192,-0.0293,-0.07,0.0058,0.0,-0.0935,-0.4187,-0.4239,0.9752,26
6,38,2074.0,Low*Medium*NoStarvation,30,Medium*Medium*NoStarvation,5.86,26.86,7,7,15,0.2273,0.2686,0.35,0.0227,-0.1343,-0.07,0.0068,0.0,-0.1975,-0.4522,-0.4588,0.9752,66
6,39,2100.0,Medium*Medium*NoStarvation,10,Low*Medium*NoStarvation,26.86,7.14,7,7,5,0.1923,0.0714,0.35,0.0192,-0.0357,-0.07,0.0058,0.0,-0.0999,-0.3567,-0.3691,0.9752,26
6,40,2126.0,Low*Medium*NoStarvation,10,Low*Medium*NoStarvation,7.14,6.14,7,6,5,0.1923,0.0614,0.3,0.0192,-0.0307,-0.06,0.0058,0.0,-0.0849,-0.4239,-0.4281,0.9752,26
6,41,2172.0,Low*Medium*NoStarvation,20,Low*Medium*NoStarvation,6.14,16.14,6,7,10,0.2174,0.1614,0.35,0.0217,-0.0807,-0.07,0.0065,0.0,-0.1442,-0.4414,-0.4502,0.9752,46
6,42,2218.0,Low*Medium*NoStarvation,20,Low*Medium*NoStarvation,16.14,15.14,7,7,10,0.2174,0.1514,0.35,0.0217,-0.0757,-0.07,0.0065,0.0,-0.1392,-0.4502,-0.4576,0.9752,46
6,43,2314.0,Low*Medium*NoStarvation,45,Medium*Medium*NoStarvation,15.14,42.71,7,7,22,0.2292,0.4271,0.35,0.0229,-0.2136,-0.07,0.0069,0.0,-0.2767,-0.5176,-0.5267,0.9752,96
6,44,2380.0,Medium*Medium*NoStarvation,30,Medium*Medium*NoStarvation,42.71,26.29,7,7,15,0.2273,0.2629,0.35,0.0227,-0.1314,-0.07,0.0068,0.0,-0.1946,-0.4263,-0.4363,0.9752,66
6,45,2406.0,Medium*Medium*NoStarvation,10,Low*Medium*NoStarvation,26.29,6.43,7,7,5,0.1923,0.0643,0.35,0.0192,-0.0321,-0.07,0.0058,0.0,-0.0964,-0.3691,-0.3804,0.9752,26
6,46,2472.0,Low*Medium*NoStarvation,30,Medium*Medium*NoStarvation,6.43,27.0,7,7,15,0.2273,0.27,0.35,0.0227,-0.135,-0.07,0.0068,0.0,-0.1982,-0.4588,-0.467,0.9752,66
6,47,2538.0,Medium*Medium*NoStarvation,30,Medium*Medium*NoStarvation,27.0,25.43,7,7,15,0.2273,0.2543,0.35,0.0227,-0.1271,-0.07,0.0068,0.0,-0.1903,-0.4363,-0.446,0.9752,66
6,48,2564.0,Medium*Medium*NoStarvation,10,Low*Medium*NoStarvation,25.43,6.71,7,7,5,0.1923,0.0671,0.35,0.0192,-0.0336,-0.07,0.0058,0.0,-0.0978,-0.3804,-0.3907,0.9752,26
6,49,2660.0,Low*Medium*NoStarvation,45,Medium*Medium*NoStarvation,6.71,39.86,7,7,23,0.2396,0.3986,0.35,0.024,-0.1993,-0.07,0.0072,0.0,-0.2621,-0.5267,-0.5354,0.9752,96
6,50,2756.0,Medium*Medium*NoStarvation,45,Medium*Medium*NoStarvation,39.86,40.0,7,7,23,0.2396,0.4,0.35,0.024,-0.2,-0.07,0.0072,0.0,-0.2628,-0.5018,-0.5131,0.9752,96
6,51,2822.0,Medium*Medium*NoStarvation,30,Medium*Medium*NoStarvation,40.0,26.29,7,7,15,0.2273,0.2629,0.35,0.0227,-0.1314,-0.07,0.0068,0.0,-0.1946,-0.446,-0.456,0.9752,66
6,52,2918.0,Medium*Medium*NoStarvation,45,Medium*Medium*NoStarvation,26.29,41.43,7,7,22,0.2292,0.4143,0.35,0.0229,-0.2071,-0.07,0.0069,0.0,-0.2703,-0.5131,-0.5239,0.9752,96
6,53,3014.0,Medium*Medium*NoStarvation,45,Medium*Medium*NoStarvation,41.43,41.29,7,7,22,0.2292,0.4129,0.35,0.0229,-0.2064,-0.07,0.0069,0.0,-0.2696,-0.5239,-0.5337,0.9752,96
6,54,3110.0,Medium*Medium*NoStarvation,45,Medium*Medium*NoStarvation,41.29,40.0,7,7,23,0.2396,0.4,0.35,0.024,-0.2,-0.07,0.0072,0.0,-0.2628,-0.5337,-0.5417,0.9752,96
6,55,3156.0,Medium*Medium*NoStarvation,20,Low*Medium*NoStarvation,40.0,15.43,7,7,10,0.2174,0.1543,0.35,0.0217,-0.0771,-0.07,0.0065,0.0,-0.1406,-0.4593,-0.4659,0.9752,46
6,56,3182.0,Low*Medium*NoStarvation,10,Low*Medium*NoStarvation,15.43,9.0,7,7,4,0.1538,0.09,0.35,0.0154,-0.045,-0.07,0.0046,0.0,-0.1104,-0.4281,-0.4349,0.9752,26
6,57,3208.0,Low*Medium*NoStarvation,10,Low*Medium*NoStarvation,9.0,5.57,7,6,5,0.1923,0.0557,0.3,0.0192,-0.0279,-0.06,0.0058,0.0,-0.0821,-0.4349,-0.4387,0.9752,26
6,58,3254.0,Low*Medium*NoStarvation,20,Low*Medium*NoStarvation,5.57,16.0,6,7,10,0.2174,0.16,0.35,0.0217,-0.08,-0.07,0.0065,0.0,-0.1435,-0.4576,-0.4657,0.9752,46
6,59,3280.0,Low*Medium*NoStarvation,10,Low*Medium*NoStarvation,16.0,6.43,7,6,5,0.1923,0.0643,0.3,0.0192,-0.0321,-0.06,0.0058,0.0,-0.0864,-0.4387,-0.443,0.9752,26
6,60,3376.0,Low*Medium*NoStarvation,45,Medium*Medium*NoStarvation,6.43,42.29,6,7,22,0.2292,0.4229,0.35,0.0229,-0.2114,-0.07,0.0069,0.0,-0.2746,-0.5354,-0.5445,0.9752,96
6,61,3402.0,Medium*Medium*NoStarvation,10,Low*Medium*NoStarvation,42.29,8.14,7,7,4,0.1538,0.0814,0.35,0.0154,-0.0407,-0.07,0.0046,0.0,-0.1061,-0.3907,-0.4021,0.9752,26
6,62,3468.0,Low*Medium*NoStarvation,30,Medium*Medium*NoStarvation,8.14,26.57,7,7,15,0.2273,0.2657,0.35,0.0227,-0.1329,-0.07,0.0068,0.0,-0.196,-0.467,-0.4761,0.9752,66
6,63,3534.0,Medium*Medium*NoStarvation,30,Medium*Medium*NoStarvation,26.57,27.71,7,7,14,0.2121,0.2771,0.35,0.0212,-0.1386,-0.07,0.0064,0.0,-0.2022,-0.456,-0.4668,0.9752,66
6,64,3580.0,Medium*Medium*NoStarvation,20,Low*Medium*NoStarvation,27.71,17.14,7,7,10,0.2174,0.1714,0.35,0.0217,-0.0857,-0.07,0.0065,0.0,-0.1492,-0.4659,-0.4741,0.9752,46
6,65,3676.0,Low*Medium*NoStarvation,45,Medium*Medium*NoStarvation,17.14,41.71,7,7,22,0.2292,0.4171,0.35,0.0229,-0.2086,-0.07,0.0069,0.0,-0.2717,-0.5445,-0.5534,0.9752,96
7,0,116.0,Low*Low*NoStarvation,30,Medium*Medium*NoStarvation,0.83,26.71,2,7,31,0.4697,0.2671,0.35,0.047,-0.1336,-0.07,0.0141,0.0,-0.1895,-0.1074,-0.1518,0.9704,66
7,1,142.0,Medium*Medium*NoStarvation,10,Low*Medium*NoStarvation,26.71,7.0,7,7,10,0.3846,0.07,0.35,0.0385,-0.035,-0.07,0.0115,0.0,-0.0935,-0.4021,-0.4111,0.9704,26
7,2,208.0,Low*Medium*NoStarvation,30,Medium*Medium*NoStarvation,7.0,26.29,7,7,30,0.4545,0.2629,0.35,0.0455,-0.1314,-0.07,0.0136,0.0,-0.1878,-0.4761,-0.4842,0.9704,66
7,3,274.0,Medium*Medium*NoStarvation,30,Medium*Medium*NoStarvation,26.29,27.29,7,7,30,0.4545,0.2729,0.35,0.0455,-0.1364,-0.07,0.0136,0.0,-0.1928,-0.4668,-0.4764,0.9704,66
7,4,300.0,Medium*Medium*NoStarvation,10,Low*Medium*NoStarvation,27.29,6.86,7,7,10,0.3846,0.0686,0.35,0.0385,-0.0343,-0.07,0.0115,0.0,-0.0927,-0.4111,-0.4191,0.9704,26
7,5,366.0,Low*Medium*NoStarvation,30,Medium*Medium*NoStarvation,6.86,25.86,7,7,30,0.4545,0.2586,0.35,0.0455,-0.1293,-0.07,0.0136,0.0,-0.1856,-0.4842,-0.4921,0.9704,66
7,6,392.0,Medium*Medium*NoStarvation,10,Low*Medium*NoStarvation,25.86,7.29,7,7,8,0.3077,0.0729,0.35,0.0308,-0.0364,-0.07,0.0092,0.0,-0.0972,-0.4191,-0.4268,0.9704,26
7,7,438.0,Low*Medium*NoStarvation,20,Low*Medium*NoStarvation,7.29,17.71,7,7,20,0.4348,0.1771,0.35,0.0435,-0.0886,-0.07,0.013,0.0,-0.1455,-0.4657,-0.4736,0.9704,46
7,8,464.0,Low*Medium*NoStarvation,10,Low*Medium*NoStarvation,17.71,5.54,7,7,9,0.3462,0.0554,0.35,0.0346,-0.0277,-0.07,0.0104,0.0,-0.0873,-0.443,-0.4473,0.9704,26
7,9,530.0,Low*Medium*NoStarvation,30,Medium*Medium*NoStarvation,5.54,26.86,7,7,30,0.4545,0.2686,0.35,0.0455,-0.1343,-0.07,0.0136,0.0,-0.1906,-0.4921,-0.5004,0.9704,66
7,10,626.0,Medium*Medium*NoStarvation,45,Medium*Medium*NoStarvation,26.86,39.43,7,7,46,0.4792,0.3943,0.35,0.0479,-0.1971,-0.07,0.0144,0.0,-0.2528,-0.5417,-0.5513,0.9704,96
7,11,652.0,Medium*Medium*NoStarvation,10,Low*Medium*NoStarvation,39.43,4.57,7,6,10,0.3846,0.0457,0.3,0.0385,-0.0229,-0.06,0.0115,0.0,-0.0713,-0.4268,-0.4315,0.9704,26
7,12,718.0,Low*Medium*NoStarvation,30,Medium*Medium*NoStarvation,4.57,27.14,6,7,30,0.4545,0.2714,0.35,0.0455,-0.1357,-0.07,0.0136,0.0,-0.1921,-0.5004,-0.5084,0.9704,66
7,13,814.0,Medium*Medium*NoStarvation,45,Medium*Medium*NoStarvation,27.14,43.0,7,7,45,0.4688,0.43,0.35,0.0469,-0.215,-0.07,0.0141,0.0,-0.2709,-0.5513,-0.5621,0.9704,96
7,14,840.0,Medium*Medium*NoStarvation,10,Low*Medium*NoStarvation,43.0,7.5,7,8,9,0.3462,0.075,0.4,0.0346,-0.0375,-0.08,0.0104,0.0,-0.1071,-0.4315,-0.4393,0.9704,26
7,15,886.0,Low*Medium*NoStarvation,20,Low*Medium*NoStarvation,7.5,16.86,8,7,19,0.413,0.1686,0.35,0.0413,-0.0843,-0.07,0.0124,0.0,-0.1419,-0.4736,-0.4806,0.9704,46
7,16,952.0,Low*Medium*NoStarvation,30,Medium*Medium*NoStarvation,16.86,26.62,7,8,30,0.4545,0.2662,0.4,0.0455,-0.1331,-0.08,0.0136,0.0,-0.1995,-0.5084,-0.517,0.9704,66
7,17,998.0,Medium*Medium*NoStarvation,20,Low*Medium*NoStarvation,26.62,16.14,8,7,20,0.4348,0.1614,0.35,0.0435,-0.0807,-0.07,0.013,0.0,-0.1377,-0.4741,-0.4807,0.9704,46
7,18,1064.0,Low*Medium*NoStarvation,30,Medium*Medium*NoStarvation,16.14,25.43,7,7,30,0.4545,0.2543,0.35,0.0455,-0.1271,-0.07,0.0136,0.0,-0.1835,-0.517,-0.5232,0.9704,66
7,19,1090.0,Medium*Medium*NoStarvation,10,Low*Medium*NoStarvation,25.43,7.14,7,7,10,0.3846,0.0714,0.35,0.0385,-0.0357,-0.07,0.0115,0.0,-0.0942,-0.4393,-0.4451,0.9704,26
7,20,1186.0,Low*Medium*NoStarvation,45,Medium*Medium*NoStarvation,7.14,42.71,7,7,44,0.4583,0.4271,0.35,0.0458,-0.2136,-0.07,0.0137,0.0,-0.2698,-0.5534,-0.5651,0.9704,96
7,21,1232.0,Medium*Medium*NoStarvation,20,Low*Medium*NoStarvation,42.71,16.43,7,7,20,0.4348,0.1643,0.35,0.0435,-0.0821,-0.07,0.013,0.0,-0.1391,-0.4807,-0.4868,0.9704,46
7,22,1278.0,Low*Medium*NoStarvation,20,Low*Medium*NoStarvation,16.43,15.57,7,7,20,0.4348,0.1557,0.35,0.0435,-0.0779,-0.07,0.013,0.0,-0.1348,-0.4806,-0.4863,0.9704,46
7,23,1374.0,Low*Medium*NoStarvation,45,Medium*Medium*NoStarvation,15.57,40.43,7,7,45,0.4688,0.4043,0.35,0.0469,-0.2021,-0.07,0.0141,0.0,-0.2581,-0.5651,-0.5744,0.9704,96
7,24,1400.0,Medium*Medium*NoStarvation,10,Low*Medium*NoStarvation,40.43,6.14,7,7,11,0.4231,0.0614,0.35,0.0423,-0.0307,-0.07,0.0127,0.0,-0.088,-0.4451,-0.4496,0.9704,26
7,25,1466.0,Low*Medium*NoStarvation,30,Medium*Medium*NoStarvation,6.14,27.71,7,7,16,0.2424,0.2771,0.35,0.0242,-0.1386,-0.07,0.0073,0.0,-0.2013,-0.5232,-0.5315,0.9704,66
7,26,1532.0,Medium*Medium*NoStarvation,30,Medium*Medium*NoStarvation,27.71,26.29,7,7,15,0.2273,0.2629,0.35,0.0227,-0.1314,-0.07,0.0068,0.0,-0.1946,-0.4764,-0.4887,0.9704,66
7,27,1558.0,Medium*Medium*NoStarvation,10,Low*Medium*NoStarvation,26.29,8.57,7,7,4,0.1538,0.0857,0.35,0.0154,-0.0429,-0.07,0.0046,0.0,-0.1082,-0.4496,-0.4557,0.9704,26
7,28,1624.0,Low*Medium*NoStarvation,30,Medium*Medium*NoStarvation,8.57,24.57,7,7,16,0.2424,0.2457,0.35,0.0242,-0.1229,-0.07,0.0073,0.0,-0.1856,-0.5315,-0.5379,0.9704,66
7,29,1720.0,Medium*Medium*NoStarvation,45,Medium*Medium*NoStarvation,24.57,42.86,7,7,21,0.2188,0.4286,0.35,0.0219,-0.2143,-0.07,0.0066,0.0,-0.2777,-0.5621,-0.5746,0.9704,96
7,30,1746.0,Medium*Medium*NoStarvation,10,Low*Medium*NoStarvation,42.86,8.0,7,7,4,0.1538,0.08,0.35,0.0154,-0.04,-0.07,0.0046,0.0,-0.1054,-0.4557,-0.461,0.9704,26
7,31,1842.0,Low*Medium*NoStarvation,45,Medium*Medium*NoStarvation,8.0,39.86,7,7,23,0.2396,0.3986,0.35,0.024,-0.1993,-0.07,0.0072,0.0,-0.2621,-0.5744,-0.5847,0.9704,96
7,32,1938.0,Medium*Medium*NoStarvation,45,Medium*Medium*NoStarvation,39.86,40.71,7,7,23,0.2396,0.4071,0.35,0.024,-0.2036,-0.07,0.0072,0.0,-0.2664,-0.5746,-0.5853,0.9704,96
7,33,1984.0,Medium*Medium*NoStarvation,20,Low*Medium*NoStarvation,40.71,15.86,7,7,10,0.2174,0.1586,0.35,0.0217,-0.0793,-0.07,0.0065,0.0,-0.1428,-0.4868,-0.4927,0.9704,46
7,34,2030.0,Low*Medium*NoStarvation,20,Low*Medium*NoStarvation,15.86,16.14,7,7,10,0.2174,0.1614,0.35,0.0217,-0.0807,-0.07,0.0065,0.0,-0.1442,-0.4863,-0.4924,0.9704,46
7,35,2076.0,Low*Medium*NoStarvation,20,Low*Medium*NoStarvation,16.14,16.57,7,7,10,0.2174,0.1657,0.35,0.0217,-0.0829,-0.07,0.0065,0.0,-0.1463,-0.4924,-0.498,0.9704,46
7,36,2122.0,Low*Medium*NoStarvation,20,Low*Medium*NoStarvation,16.57,15.71,7,7,10,0.2174,0.1571,0.35,0.0217,-0.0786,-0.07,0.0065,0.0,-0.142,-0.498,-0.5027,0.9704,46
7,37,2168.0,Low*Medium*NoStarvation,20,Low*Medium*NoStarvation,15.71,16.29,7,7,10,0.2174,0.1629,0.35,0.0217,-0.0814,-0.07,0.0065,0.0,-0.1449,-0.5027,-0.5072,0.9704,46
7,38,2264.0,Low*Medium*NoStarvation,45,Medium*Medium*NoStarvation,16.29,40.57,7,7,23,0.2396,0.4057,0.35,0.024,-0.2029,-0.07,0.0072,0.0,-0.2657,-0.5847,-0.5943,0.9704,96
7,39,2310.0,Medium*Medium*NoStarvation,20,Low*Medium*NoStarvation,40.57,16.71,7,7,10,0.2174,0.1671,0.35,0.0217,-0.0836,-0.07,0.0065,0.0,-0.147,-0.4927,-0.4984,0.9704,46
7,40,2406.0,Low*Medium*NoStarvation,45,Medium*Medium*NoStarvation,16.71,40.14,7,7,22,0.2292,0.4014,0.35,0.0229,-0.2007,-0.07,0.0069,0.0,-0.2638,-0.5943,-0.6027,0.9704,96
7,41,2452.0,Medium*Medium*NoStarvation,20,Low*Medium*NoStarvation,40.14,16.57,7,7,10,0.2174,0.1657,0.35,0.0217,-0.0829,-0.07,0.0065,0.0,-0.1463,-0.4984,-0.5034,0.9704,46
7,42,2518.0,Low*Medium*NoStarvation,30,Medium*Medium*NoStarvation,16.57,25.43,7,7,16,0.2424,0.2543,0.35,0.0242,-0.1271,-0.07,0.0073,0.0,-0.1899,-0.5379,-0.5446,0.9704,66
7,43,2544.0,Medium*Medium*NoStarvation,10,Low*Medium*NoStarvation,25.43,8.14,7,7,4,0.1538,0.0814,0.35,0.0154,-0.0407,-0.07,0.0046,0.0,-0.1061,-0.461,-0.4657,0.9704,26
7,44,2590.0,Low*Medium*NoStarvation,20,Low*Medium*NoStarvation,8.14,15.57,7,7,10,0.2174,0.1557,0.35,0.0217,-0.0779,-0.07,0.0065,0.0,-0.1413,-0.5072,-0.5108,0.9704,46
7,45,2656.0,Low*Medium*NoStarvation,30,Medium*Medium*NoStarvation,15.57,27.0,7,7,15,0.2273,0.27,0.35,0.0227,-0.135,-0.07,0.0068,0.0,-0.1982,-0.5446,-0.5519,0.9704,66
7,46,2702.0,Medium*Medium*NoStarvation,20,Low*Medium*NoStarvation,27.0,16.71,7,7,10,0.2174,0.1671,0.35,0.0217,-0.0836,-0.07,0.0065,0.0,-0.147,-0.5034,-0.508,0.9704,46
7,47,2768.0,Low*Medium*NoStarvation,30,Medium*Medium*NoStarvation,16.71,25.86,7,7,15,0.2273,0.2586,0.35,0.0227,-0.1293,-0.07,0.0068,0.0,-0.1925,-0.5519,-0.5578,0.9704,66
7,48,2834.0,Medium*Medium*NoStarvation,30,Medium*Medium*NoStarvation,25.86,26.29,7,7,15,0.2273,0.2629,0.35,0.0227,-0.1314,-0.07,0.0068,0.0,-0.1946,-0.4887,-0.5012,0.9704,66
7,49,2860.0,Medium*Medium*NoStarvation,10,Low*Medium*NoStarvation,26.29,8.29,7,7,4,0.1538,0.0829,0.35,0.0154,-0.0414,-0.07,0.0046,0.0,-0.1068,-0.4657,-0.4701,0.9704,26
7,50,2956.0,Low*Medium*NoStarvation,45,Medium*Medium*NoStarvation,8.29,41.43,7,7,22,0.2292,0.4143,0.35,0.0229,-0.2071,-0.07,0.0069,0.0,-0.2703,-0.6027,-0.6118,0.9704,96
7,51,3022.0,Medium*Medium*NoStarvation,30,Medium*Medium*NoStarvation,41.43,26.43,7,7,15,0.2273,0.2643,0.35,0.0227,-0.1321,-0.07,0.0068,0.0,-0.1953,-0.5012,-0.5129,0.9704,66
7,52,3118.0,Medium*Medium*NoStarvation,45,Medium*Medium*NoStarvation,26.43,40.29,7,7,23,0.2396,0.4029,0.35,0.024,-0.2014,-0.07,0.0072,0.0,-0.2642,-0.5853,-0.5955,0.9704,96
7,53,3214.0,Medium*Medium*NoStarvation,45,Medium*Medium*NoStarvation,40.29,39.43,7,7,23,0.2396,0.3943,0.35,0.024,-0.1971,-0.07,0.0072,0.0,-0.26,-0.5955,-0.6043,0.9704,96
7,54,3280.0,Medium*Medium*NoStarvation,30,Medium*Medium*NoStarvation,39.43,25.71,7,7,15,0.2273,0.2571,0.35,0.0227,-0.1286,-0.07,0.0068,0.0,-0.1918,-0.5129,-0.5231,0.9704,66
7,55,3376.0,Medium*Medium*NoStarvation,45,Medium*Medium*NoStarvation,25.71,41.86,7,7,22,0.2292,0.4186,0.35,0.0229,-0.2093,-0.07,0.0069,0.0,-0.2724,-0.6043,-0.6134,0.9704,96
7,56,3442.0,Medium*Medium*NoStarvation,30,Medium*Medium*NoStarvation,41.86,27.71,7,7,14,0.2121,0.2771,0.35,0.0212,-0.1386,-0.07,0.0064,0.0,-0.2022,-0.5231,-0.5333,0.9704,66
7,57,3538.0,Medium*Medium*NoStarvation,45,Medium*Medium*NoStarvation,27.71,42.0,7,7,22,0.2292,0.42,0.35,0.0229,-0.21,-0.07,0.0069,0.0,-0.2731,-0.6134,-0.6217,0.9704,96
7,58,3584.0,Medium*Medium*NoStarvation,20,Low*Medium*NoStarvation,42.0,16.0,7,7,10,0.2174,0.16,0.35,0.0217,-0.08,-0.07,0.0065,0.0,-0.1435,-0.508,-0.5118,0.9704,46
7,59,3650.0,Low*Medium*NoStarvation,30,Medium*Medium*NoStarvation,16.0,27.86,7,7,14,0.2121,0.2786,0.35,0.0212,-0.1393,-0.07,0.0064,0.0,-0.2029,-0.5578,-0.5647,0.9704,66
8,0,116.0,Low*Low*NoStarvation,30,Medium*Medium*NoStarvation,0.83,26.71,2,7,31,0.4697,0.2671,0.35,0.047,-0.1336,-0.07,0.0141,0.0,-0.1895,-0.1518,-0.1979,0.9655,66
8,1,162.0,Medium*Medium*NoStarvation,20,Low*Medium*NoStarvation,26.71,16.86,7,7,20,0.4348,0.1686,0.35,0.0435,-0.0843,-0.07,0.013,0.0,-0.1412,-0.5118,-0.515,0.9655,46
8,2,208.0,Low*Medium*NoStarvation,20,Low*Medium*NoStarvation,16.86,15.86,7,7,20,0.4348,0.1586,0.35,0.0435,-0.0793,-0.07,0.013,0.0,-0.1362,-0.5108,-0.5136,0.9655,46
8,3,234.0,Low*Medium*NoStarvation,10,Low*Medium*NoStarvation,15.86,6.54,7,8,9,0.3462,0.0654,0.4,0.0346,-0.0327,-0.08,0.0104,0.0,-0.1023,-0.4473,-0.453,0.9655,26
8,4,300.0,Low*Medium*NoStarvation,30,Medium*Medium*NoStarvation,6.54,25.86,8,7,30,0.4545,0.2586,0.35,0.0455,-0.1293,-0.07,0.0136,0.0,-0.1856,-0.5647,-0.5691,0.9655,66
8,5,326.0,Medium*Medium*NoStarvation,10,Low*Medium*NoStarvation,25.86,6.57,7,7,9,0.3462,0.0657,0.35,0.0346,-0.0329,-0.07,0.0104,0.0,-0.0925,-0.4701,-0.4731,0.9655,26
8,6,422.0,Low*Medium*NoStarvation,45,Medium*Medium*NoStarvation,6.57,40.43,7,7,46,0.4792,0.4043,0.35,0.0479,-0.2021,-0.07,0.0144,0.0,-0.2578,-0.6118,-0.619,0.9655,96
8,7,448.0,Medium*Medium*NoStarvation,10,Low*Medium*NoStarvation,40.43,5.86,7,7,11,0.4231,0.0586,0.35,0.0423,-0.0293,-0.07,0.0127,0.0,-0.0866,-0.4731,-0.4752,0.9655,26
8,8,544.0,Low*Medium*NoStarvation,45,Medium*Medium*NoStarvation,5.86,42.43,7,7,45,0.4688,0.4243,0.35,0.0469,-0.2121,-0.07,0.0141,0.0,-0.2681,-0.619,-0.6266,0.9655,96
8,9,570.0,Medium*Medium*NoStarvation,10,Low*Medium*NoStarvation,42.43,6.29,7,7,10,0.3846,0.0629,0.35,0.0385,-0.0314,-0.07,0.0115,0.0,-0.0899,-0.4752,-0.4775,0.9655,26
8,10,596.0,Low*Medium*NoStarvation,10,Low*Medium*NoStarvation,6.29,7.29,7,7,10,0.3846,0.0729,0.35,0.0385,-0.0364,-0.07,0.0115,0.0,-0.0949,-0.453,-0.458,0.9655,26
8,11,662.0,Low*Medium*NoStarvation,30,Medium*Medium*NoStarvation,7.29,26.43,7,7,30,0.4545,0.2643,0.35,0.0455,-0.1321,-0.07,0.0136,0.0,-0.1885,-0.5691,-0.574,0.9655,66
8,12,708.0,Medium*Medium*NoStarvation,20,Low*Medium*NoStarvation,26.43,17.0,7,7,20,0.4348,0.17,0.35,0.0435,-0.085,-0.07,0.013,0.0,-0.142,-0.515,-0.5189,0.9655,46
8,13,774.0,Low*Medium*NoStarvation,30,Medium*Medium*NoStarvation,17.0,25.29,7,7,30,0.4545,0.2529,0.35,0.0455,-0.1264,-0.07,0.0136,0.0,-0.1828,-0.574,-0.5778,0.9655,66
8,14,870.0,Medium*Medium*NoStarvation,45,Medium*Medium*NoStarvation,25.29,43.43,7,7,44,0.4583,0.4343,0.35,0.0458,-0.2171,-0.07,0.0137,0.0,-0.2734,-0.6217,-0.6298,0.9655,96
8,15,916.0,Medium*Medium*NoStarvation,20,Low*Medium*NoStarvation,43.43,17.0,7,7,20,0.4348,0.17,0.35,0.0435,-0.085,-0.07,0.013,0.0,-0.142,-0.5189,-0.5225,0.9655,46
8,16,982.0,Low*Medium*NoStarvation,30,Medium*Medium*NoStarvation,17.0,25.29,7,7,31,0.4697,0.2529,0.35,0.047,-0.1264,-0.07,0.0141,0.0,-0.1823,-0.5778,-0.5813,0.9655,66
8,17,1028.0,Medium*Medium*NoStarvation,20,Low*Medium*NoStarvation,25.29,16.43,7,7,20,0.4348,0.1643,0.35,0.0435,-0.0821,-0.07,0.013,0.0,-0.1391,-0.5225,-0.5254,0.9655,46
8,18,1074.0,Low*Medium*NoStarvation,20,Low*Medium*NoStarvation,16.43,16.14,7,7,20,0.4348,0.1614,0.35,0.0435,-0.0807,-0.07,0.013,0.0,-0.1377,-0.5136,-0.5173,0.9655,46
8,19,1170.0,Low*Medium*NoStarvation,45,Medium*Medium*NoStarvation,16.14,41.0,7,7,45,0.4688,0.41,0.35,0.0469,-0.205,-0.07,0.0141,0.0,-0.2609,-0.6266,-0.633,0.9655,96
8,20,1236.0,Medium*Medium*NoStarvation,30,Medium*Medium*NoStarvation,41.0,26.57,7,7,31,0.4697,0.2657,0.35,0.047,-0.1329,-0.07,0.0141,0.0,-0.1888,-0.5333,-0.5418,0.9655,66
8,21,1302.0,Medium*Medium*NoStarvation,30,Medium*Medium*NoStarvation,26.57,26.29,7,7,30,0.4545,0.2629,0.35,0.0455,-0.1314,-0.07,0.0136,0.0,-0.1878,-0.5418,-0.5494,0.9655,66
8,22,1398.0,Medium*Medium*NoStarvation,45,Medium*Medium*NoStarvation,26.29,39.29,7,7,41,0.4271,0.3929,0.35,0.0427,-0.1964,-0.07,0.0128,0.0,-0.2536,-0.6298,-0.6352,0.9655,96
8,23,1444.0,Medium*Medium*NoStarvation,20,Low*Medium*NoStarvation,39.29,17.71,7,7,9,0.1957,0.1771,0.35,0.0196,-0.0886,-0.07,0.0059,0.0,-0.1527,-0.5254,-0.5293,0.9655,46
8,24,1510.0,Low*Medium*NoStarvation,30,Medium*Medium*NoStarvation,17.71,27.0,7,7,14,0.2121,0.27,0.35,0.0212,-0.135,-0.07,0.0064,0.0,-0.1986,-0.5813,-0.586,0.9655,66
8,25,1536.0,Medium*Medium*NoStarvation,10,Low*Medium*NoStarvation,27.0,6.71,7,7,5,0.1923,0.0671,0.35,0.0192,-0.0336,-0.07,0.0058,0.0,-0.0978,-0.4775,-0.4807,0.9655,26
8,26,1602.0,Low*Medium*NoStarvation,30,Medium*Medium*NoStarvation,6.71,27.14,7,7,15,0.2273,0.2714,0.35,0.0227,-0.1357,-0.07,0.0068,0.0,-0.1989,-0.586,-0.5905,0.9655,66
8,27,1698.0,Medium*Medium*NoStarvation,45,Medium*Medium*NoStarvation,27.14,42.29,7,7,22,0.2292,0.4229,0.35,0.0229,-0.2114,-0.07,0.0069,0.0,-0.2746,-0.6352,-0.6424,0.9655,96
8,28,1764.0,Medium*Medium*NoStarvation,30,Medium*Medium*NoStarvation,42.29,26.0,7,7,15,0.2273,0.26,0.35,0.0227,-0.13,-0.07,0.0068,0.0,-0.1932,-0.5494,-0.5571,0.9655,66
8,29,1830.0,Medium*Medium*NoStarvation,30,Medium*Medium*NoStarvation,26.0,27.43,7,7,15,0.2273,0.2743,0.35,0.0227,-0.1371,-0.07,0.0068,0.0,-0.2003,-0.5571,-0.5646,0.9655,66
8,30,1876.0,Medium*Medium*NoStarvation,20,Low*Medium*NoStarvation,27.43,16.57,7,7,10,0.2174,0.1657,0.35,0.0217,-0.0829,-0.07,0.0065,0.0,-0.1463,-0.5293,-0.5322,0.9655,46
8,31,1902.0,Low*Medium*NoStarvation,10,Low*Medium*NoStarvation,16.57,7.29,7,7,5,0.1923,0.0729,0.35,0.0192,-0.0364,-0.07,0.0058,0.0,-0.1007,-0.458,-0.4635,0.9655,26
8,32,1998.0,Low*Medium*NoStarvation,45,Medium*Medium*NoStarvation,7.29,39.57,7,7,23,0.2396,0.3957,0.35,0.024,-0.1979,-0.07,0.0072,0.0,-0.2607,-0.633,-0.6391,0.9655,96
8,33,2064.0,Medium*Medium*NoStarvation,30,Medium*Medium*NoStarvation,39.57,24.86,7,7,16,0.2424,0.2486,0.35,0.0242,-0.1243,-0.07,0.0073,0.0,-0.187,-0.5646,-0.5701,0.9655,66
8,34,2160.0,Medium*Medium*NoStarvation,45,Medium*Medium*NoStarvation,24.86,42.43,7,7,22,0.2292,0.4243,0.35,0.0229,-0.2121,-0.07,0.0069,0.0,-0.2753,-0.6424,-0.6489,0.9655,96
8,35,2226.0,Medium*Medium*NoStarvation,30,Medium*Medium*NoStarvation,42.43,25.57,7,7,15,0.2273,0.2557,0.35,0.0227,-0.1279,-0.07,0.0068,0.0,-0.191,-0.5701,-0.5755,0.9655,66
8,36,2292.0,Medium*Medium*NoStarvation,30,Medium*Medium*NoStarvation,25.57,26.71,7,7,15,0.2273,0.2671,0.35,0.0227,-0.1336,-0.07,0.0068,0.0,-0.1968,-0.5755,-0.5809,0.9655,66
8,37,2388.0,Medium*Medium*NoStarvation,45,Medium*Medium*NoStarvation,26.71,41.29,7,7,22,0.2292,0.4129,0.35,0.0229,-0.2064,-0.07,0.0069,0.0,-0.2696,-0.6489,-0.6542,0.9655,96
8,38,2484.0,Medium*Medium*NoStarvation,45,Medium*Medium*NoStarvation,41.29,40.29,7,7,23,0.2396,0.4029,0.35,0.024,-0.2014,-0.07,0.0072,0.0,-0.2642,-0.6542,-0.6585,0.9655,96
8,39,2530.0,Medium*Medium*NoStarvation,20,Low*Medium*NoStarvation,40.29,16.14,7,7,11,0.2391,0.1614,0.35,0.0239,-0.0807,-0.07,0.0072,0.0,-0.1435,-0.5322,-0.5351,0.9655,46
8,40,2556.0,Low*Medium*NoStarvation,10,Low*Medium*NoStarvation,16.14,6.14,7,7,5,0.1923,0.0614,0.35,0.0192,-0.0307,-0.07,0.0058,0.0,-0.0949,-0.4635,-0.4684,0.9655,26
8,41,2652.0,Low*Medium*NoStarvation,45,Medium*Medium*NoStarvation,6.14,40.57,7,7,23,0.2396,0.4057,0.35,0.024,-0.2029,-0.07,0.0072,0.0,-0.2657,-0.6391,-0.645,0.9655,96
8,42,2748.0,Medium*Medium*NoStarvation,45,Medium*Medium*NoStarvation,40.57,40.29,7,7,22,0.2292,0.4029,0.35,0.0229,-0.2014,-0.07,0.0069,0.0,-0.2646,-0.6585,-0.6624,0.9655,96
8,43,2774.0,Medium*Medium*NoStarvation,10,Low*Medium*NoStarvation,40.29,7.0,7,7,5,0.1923,0.07,0.35,0.0192,-0.035,-0.07,0.0058,0.0,-0.0992,-0.4807,-0.4847,0.9655,26
8,44,2820.0,Low*Medium*NoStarvation,20,Low*Medium*NoStarvation,7.0,15.29,7,7,10,0.2174,0.1529,0.35,0.0217,-0.0764,-0.07,0.0065,0.0,-0.1399,-0.5173,-0.5217,0.9655,46
8,45,2886.0,Low*Medium*NoStarvation,30,Medium*Medium*NoStarvation,15.29,26.0,7,7,15,0.2273,0.26,0.35,0.0227,-0.13,-0.07,0.0068,0.0,-0.1932,-0.5905,-0.5944,0.9655,66
8,46,2912.0,Medium*Medium*NoStarvation,10,Low*Medium*NoStarvation,26.0,5.71,7,6,5,0.1923,0.0571,0.3,0.0192,-0.0286,-0.06,0.0058,0.0,-0.0828,-0.4847,-0.4867,0.9655,26
8,47,2958.0,Low*Medium*NoStarvation,20,Low*Medium*NoStarvation,5.71,16.0,6,7,10,0.2174,0.16,0.35,0.0217,-0.08,-0.07,0.0065,0.0,-0.1435,-0.5217,-0.526,0.9655,46
8,48,3054.0,Low*Medium*NoStarvation,45,Medium*Medium*NoStarvation,16.0,41.43,7,7,23,0.2396,0.4143,0.35,0.024,-0.2071,-0.07,0.0072,0.0,-0.27,-0.645,-0.6513,0.9655,96
8,49,3100.0,Medium*Medium*NoStarvation,20,Low*Medium*NoStarvation,41.43,16.0,7,7,10,0.2174,0.16,0.35,0.0217,-0.08,-0.07,0.0065,0.0,-0.1435,-0.5351,-0.5381,0.9655,46
8,50,3146.0,Low*Medium*NoStarvation,20,Low*Medium*NoStarvation,16.0,16.86,7,7,10,0.2174,0.1686,0.35,0.0217,-0.0843,-0.07,0.0065,0.0,-0.1478,-0.526,-0.5303,0.9655,46
8,51,3192.0,Low*Medium*NoStarvation,20,Low*Medium*NoStarvation,16.86,15.71,7,7,10,0.2174,0.1571,0.35,0.0217,-0.0786,-0.07,0.0065,0.0,-0.142,-0.5303,-0.5337,0.9655,46
8,52,3218.0,Low*Medium*NoStarvation,10,Low*Medium*NoStarvation,15.71,6.43,7,7,5,0.1923,0.0643,0.35,0.0192,-0.0321,-0.07,0.0058,0.0,-0.0964,-0.4684,-0.4733,0.9655,26
8,53,3314.0,Low*Medium*NoStarvation,45,Medium*Medium*NoStarvation,6.43,40.57,7,7,22,0.2292,0.4057,0.35,0.0229,-0.2029,-0.07,0.0069,0.0,-0.266,-0.6513,-0.6566,0.9655,96
8,54,3380.0,Medium*Medium*NoStarvation,30,Medium*Medium*NoStarvation,40.57,25.0,7,7,15,0.2273,0.25,0.35,0.0227,-0.125,-0.07,0.0068,0.0,-0.1882,-0.5809,-0.5854,0.9655,66
8,55,3446.0,Medium*Medium*NoStarvation,30,Medium*Medium*NoStarvation,25.0,27.43,7,7,14,0.2121,0.2743,0.35,0.0212,-0.1371,-0.07,0.0064,0.0,-0.2008,-0.5854,-0.5908,0.9655,66
8,56,3492.0,Medium*Medium*NoStarvation,20,Low*Medium*NoStarvation,27.43,16.43,7,7,10,0.2174,0.1643,0.35,0.0217,-0.0821,-0.07,0.0065,0.0,-0.1456,-0.5381,-0.5414,0.9655,46
8,57,3518.0,Low*Medium*NoStarvation,10,Low*Medium*NoStarvation,16.43,8.0,7,7,4,0.1538,0.08,0.35,0.0154,-0.04,-0.07,0.0046,0.0,-0.1054,-0.4733,-0.4791,0.9655,26
8,58,3614.0,Low*Medium*NoStarvation,45,Medium*Medium*NoStarvation,8.0,42.71,7,7,22,0.2292,0.4271,0.35,0.0229,-0.2136,-0.07,0.0069,0.0,-0.2767,-0.6566,-0.6624,0.9655,96
9,0,96.0,Low*Low*NoStarvation,20,Low*Medium*NoStarvation,0.83,16.14,2,7,21,0.4565,0.1614,0.35,0.0457,-0.0807,-0.07,0.0137,0.0,-0.137,-0.0267,-0.0808,0.9607,46
9,1,192.0,Low*Medium*NoStarvation,45,Medium*Medium*NoStarvation,16.14,39.71,7,7,46,0.4792,0.3971,0.35,0.0479,-0.1986,-0.07,0.0144,0.0,-0.2542,-0.6624,-0.6654,0.9607,96
9,2,218.0,Medium*Medium*NoStarvation,10,Low*Medium*NoStarvation,39.71,9.21,7,8,8,0.3077,0.0921,0.4,0.0308,-0.0461,-0.08,0.0092,0.0,-0.1168,-0.4867,-0.4928,0.9607,26
9,3,314.0,Low*Medium*NoStarvation,45,Medium*Medium*NoStarvation,9.21,42.71,8,7,45,0.4688,0.4271,0.35,0.0469,-0.2136,-0.07,0.0141,0.0,-0.2695,-0.6654,-0.6701,0.9607,96
9,4,340.0,Medium*Medium*NoStarvation,10,Low*Medium*NoStarvation,42.71,6.71,7,7,9,0.3462,0.0671,0.35,0.0346,-0.0336,-0.07,0.0104,0.0,-0.0932,-0.4928,-0.496,0.9607,26
9,5,406.0,Low*Medium*NoStarvation,30,Medium*Medium*NoStarvation,6.71,26.11,7,8,30,0.4545,0.2611,0.4,0.0455,-0.1305,-0.08,0.0136,0.0,-0.1969,-0.5944,-0.5993,0.9607,66
9,6,452.0,Medium*Medium*NoStarvation,20,Low*Medium*NoStarvation,26.11,14.71,8,7,20,0.4348,0.1471,0.35,0.0435,-0.0736,-0.07,0.013,0.0,-0.1305,-0.5414,-0.5435,0.9607,46
9,7,478.0,Low*Medium*NoStarvation,10,Low*Medium*NoStarvation,14.71,8.29,7,7,9,0.3462,0.0829,0.35,0.0346,-0.0414,-0.07,0.0104,0.0,-0.101,-0.4791,-0.4844,0.9607,26
9,8,574.0,Low*Medium*NoStarvation,45,Medium*Medium*NoStarvation,8.29,40.57,7,7,45,0.4688,0.4057,0.35,0.0469,-0.2029,-0.07,0.0141,0.0,-0.2588,-0.6701,-0.6736,0.9607,96
9,9,620.0,Medium*Medium*NoStarvation,20,Low*Medium*NoStarvation,40.57,15.0,7,7,22,0.4783,0.15,0.35,0.0478,-0.075,-0.07,0.0143,0.0,-0.1307,-0.5435,-0.5458,0.9607,46
9,10,686.0,Low*Medium*NoStarvation,30,Medium*Medium*NoStarvation,15.0,26.29,7,7,30,0.4545,0.2629,0.35,0.0455,-0.1314,-0.07,0.0136,0.0,-0.1878,-0.5993,-0.6028,0.9607,66
9,11,782.0,Medium*Medium*NoStarvation,45,Medium*Medium*NoStarvation,26.29,41.0,7,7,46,0.4792,0.41,0.35,0.0479,-0.205,-0.07,0.0144,0.0,-0.2606,-0.6624,-0.6668,0.9607,96
9,12,878.0,Medium*Medium*NoStarvation,45,Medium*Medium*NoStarvation,41.0,40.86,7,7,45,0.4688,0.4086,0.35,0.0469,-0.2043,-0.07,0.0141,0.0,-0.2602,-0.6668,-0.6708,0.9607,96
9,13,974.0,Medium*Medium*NoStarvation,45,Medium*Medium*NoStarvation,40.86,40.57,7,7,45,0.4688,0.4057,0.35,0.0469,-0.2029,-0.07,0.0141,0.0,-0.2588,-0.6708,-0.6743,0.9607,96
9,14,1070.0,Medium*Medium*NoStarvation,45,Medium*Medium*NoStarvation,40.57,40.57,7,7,47,0.4896,0.4057,0.35,0.049,-0.2029,-0.07,0.0147,0.0,-0.2582,-0.6743,-0.6773,0.9607,96
9,15,1096.0,Medium*Medium*NoStarvation,10,Low*Medium*NoStarvation,40.57,7.43,7,7,9,0.3462,0.0743,0.35,0.0346,-0.0371,-0.07,0.0104,0.0,-0.0968,-0.496,-0.4997,0.9607,26
9,16,1192.0,Low*Medium*NoStarvation,45,Medium*Medium*NoStarvation,7.43,40.29,7,7,46,0.4792,0.4029,0.35,0.0479,-0.2014,-0.07,0.0144,0.0,-0.2571,-0.6736,-0.6769,0.9607,96
9,17,1258.0,Medium*Medium*NoStarvation,30,Medium*Medium*NoStarvation,40.29,26.29,7,7,30,0.4545,0.2629,0.35,0.0455,-0.1314,-0.07,0.0136,0.0,-0.1878,-0.5908,-0.5954,0.9607,66
9,18,1324.0,Medium*Medium*NoStarvation,30,Medium*Medium*NoStarvation,26.29,24.43,7,7,30,0.4545,0.2443,0.35,0.0455,-0.1221,-0.07,0.0136,0.0,-0.1785,-0.5954,-0.5987,0.9607,66
9,19,1420.0,Medium*Medium*NoStarvation,45,Medium*Medium*NoStarvation,24.43,40.86,7,7,28,0.2917,0.4086,0.35,0.0292,-0.2043,-0.07,0.0087,0.0,-0.2655,-0.6773,-0.6811,0.9607,96
9,20,1446.0,Medium*Medium*NoStarvation,10,Low*Medium*NoStarvation,40.86,6.57,7,7,5,0.1923,0.0657,0.35,0.0192,-0.0329,-0.07,0.0058,0.0,-0.0971,-0.4997,-0.503,0.9607,26
9,21,1472.0,Low*Medium*NoStarvation,10,Low*Medium*NoStarvation,6.57,8.29,7,7,4,0.1538,0.0829,0.35,0.0154,-0.0414,-0.07,0.0046,0.0,-0.1068,-0.4844,-0.4903,0.9607,26
9,22,1538.0,Low*Medium*NoStarvation,30,Medium*Medium*NoStarvation,8.29,25.71,7,7,15,0.2273,0.2571,0.35,0.0227,-0.1286,-0.07,0.0068,0.0,-0.1918,-0.6028,-0.607,0.9607,66
9,23,1564.0,Medium*Medium*NoStarvation,10,Low*Medium*NoStarvation,25.71,6.43,7,7,5,0.1923,0.0643,0.35,0.0192,-0.0321,-0.07,0.0058,0.0,-0.0964,-0.503,-0.5065,0.9607,26
9,24,1590.0,Low*Medium*NoStarvation,10,Low*Medium*NoStarvation,6.43,6.71,7,7,5,0.1923,0.0671,0.35,0.0192,-0.0336,-0.07,0.0058,0.0,-0.0978,-0.4903,-0.4951,0.9607,26
9,25,1656.0,Low*Medium*NoStarvation,30,Medium*Medium*NoStarvation,6.71,25.43,7,7,15,0.2273,0.2543,0.35,0.0227,-0.1271,-0.07,0.0068,0.0,-0.1903,-0.607,-0.6109,0.9607,66
9,26,1722.0,Medium*Medium*NoStarvation,30,Medium*Medium*NoStarvation,25.43,26.14,7,7,15,0.2273,0.2614,0.35,0.0227,-0.1307,-0.07,0.0068,0.0,-0.1939,-0.5987,-0.6038,0.9607,66
9,27,1788.0,Medium*Medium*NoStarvation,30,Medium*Medium*NoStarvation,26.14,26.57,7,7,15,0.2273,0.2657,0.35,0.0227,-0.1329,-0.07,0.0068,0.0,-0.196,-0.6038,-0.6086,0.9607,66
9,28,1854.0,Medium*Medium*NoStarvation,30,Medium*Medium*NoStarvation,26.57,26.0,7,7,15,0.2273,0.26,0.35,0.0227,-0.13,-0.07,0.0068,0.0,-0.1932,-0.6086,-0.6126,0.9607,66
9,29,1900.0,Medium*Medium*NoStarvation,20,Low*Medium*NoStarvation,26.0,15.57,7,7,10,0.2174,0.1557,0.35,0.0217,-0.0779,-0.07,0.0065,0.0,-0.1413,-0.5458,-0.5499,0.9607,46
9,30,1946.0,Low*Medium*NoStarvation,20,Low*Medium*NoStarvation,15.57,16.57,7,7,11,0.2391,0.1657,0.35,0.0239,-0.0829,-0.07,0.0072,0.0,-0.1457,-0.5337,-0.5394,0.9607,46
9,31,1972.0,Low*Medium*NoStarvation,10,Low*Medium*NoStarvation,16.57,9.29,7,7,4,0.1538,0.0929,0.35,0.0154,-0.0464,-0.07,0.0046,0.0,-0.1118,-0.4951,-0.5014,0.9607,26
9,32,1998.0,Low*Medium*NoStarvation,10,Low*Medium*NoStarvation,9.29,7.14,7,7,5,0.1923,0.0714,0.35,0.0192,-0.0357,-0.07,0.0058,0.0,-0.0999,-0.5014,-0.5064,0.9607,26
9,33,2024.0,Low*Medium*NoStarvation,10,Low*Medium*NoStarvation,7.14,6.29,7,7,5,0.1923,0.0629,0.35,0.0192,-0.0314,-0.07,0.0058,0.0,-0.0957,-0.5064,-0.5109,0.9607,26
9,34,2050.0,Low*Medium*NoStarvation,10,Low*Medium*NoStarvation,6.29,5.86,7,7,5,0.1923,0.0586,0.35,0.0192,-0.0293,-0.07,0.0058,0.0,-0.0935,-0.5109,-0.5151,0.9607,26
9,35,2116.0,Low*Medium*NoStarvation,30,Medium*Medium*NoStarvation,5.86,26.43,7,7,15,0.2273,0.2643,0.35,0.0227,-0.1321,-0.07,0.0068,0.0,-0.1953,-0.6109,-0.6149,0.9607,66
9,36,2162.0,Medium*Medium*NoStarvation,20,Low*Medium*NoStarvation,26.43,16.71,7,7,10,0.2174,0.1671,0.35,0.0217,-0.0836,-0.07,0.0065,0.0,-0.147,-0.5499,-0.556,0.9607,46
9,37,2258.0,Low*Medium*NoStarvation,45,Medium*Medium*NoStarvation,16.71,40.29,7,7,23,0.2396,0.4029,0.35,0.024,-0.2014,-0.07,0.0072,0.0,-0.2642,-0.6769,-0.6813,0.9607,96
9,38,2324.0,Medium*Medium*NoStarvation,30,Medium*Medium*NoStarvation,40.29,26.29,7,7,15,0.2273,0.2629,0.35,0.0227,-0.1314,-0.07,0.0068,0.0,-0.1946,-0.6126,-0.6164,0.9607,66
9,39,2350.0,Medium*Medium*NoStarvation,10,Low*Medium*NoStarvation,26.29,6.43,7,7,5,0.1923,0.0643,0.35,0.0192,-0.0321,-0.07,0.0058,0.0,-0.0964,-0.5065,-0.5118,0.9607,26
9,40,2416.0,Low*Medium*NoStarvation,30,Medium*Medium*NoStarvation,6.43,25.86,7,7,15,0.2273,0.2586,0.35,0.0227,-0.1293,-0.07,0.0068,0.0,-0.1925,-0.6149,-0.6187,0.9607,66
9,41,2462.0,Medium*Medium*NoStarvation,20,Low*Medium*NoStarvation,25.86,14.86,7,7,10,0.2174,0.1486,0.35,0.0217,-0.0743,-0.07,0.0065,0.0,-0.1378,-0.556,-0.5605,0.9607,46
9,42,2508.0,Low*Medium*NoStarvation,20,Low*Medium*NoStarvation,14.86,17.71,7,7,10,0.2174,0.1771,0.35,0.0217,-0.0886,-0.07,0.0065,0.0,-0.152,-0.5394,-0.547,0.9607,46
9,43,2574.0,Low*Medium*NoStarvation,30,Medium*Medium*NoStarvation,17.71,27.0,7,7,15,0.2273,0.27,0.35,0.0227,-0.135,-0.07,0.0068,0.0,-0.1982,-0.6187,-0.6227,0.9607,66
9,44,2600.0,Medium*Medium*NoStarvation,10,Low*Medium*NoStarvation,27.0,7.71,7,7,5,0.1923,0.0771,0.35,0.0192,-0.0386,-0.07,0.0058,0.0,-0.1028,-0.5118,-0.5173,0.9607,26
9,45,2626.0,Low*Medium*NoStarvation,10,Low*Medium*NoStarvation,7.71,5.71,7,7,5,0.1923,0.0571,0.35,0.0192,-0.0286,-0.07,0.0058,0.0,-0.0928,-0.5151,-0.5192,0.9607,26
9,46,2672.0,Low*Medium*NoStarvation,20,Low*Medium*NoStarvation,5.71,15.29,7,7,10,0.2174,0.1529,0.35,0.0217,-0.0764,-0.07,0.0065,0.0,-0.1399,-0.547,-0.5531,0.9607,46
9,47,2768.0,Low*Medium*NoStarvation,45,Medium*Medium*NoStarvation,15.29,43.0,7,7,22,0.2292,0.43,0.35,0.0229,-0.215,-0.07,0.0069,0.0,-0.2781,-0.6813,-0.6875,0.9607,96
9,48,2864.0,Medium*Medium*NoStarvation,45,Medium*Medium*NoStarvation,43.0,41.86,7,7,22,0.2292,0.4186,0.35,0.0229,-0.2093,-0.07,0.0069,0.0,-0.2724,-0.6811,-0.6868,0.9607,96
9,49,2930.0,Medium*Medium*NoStarvation,30,Medium*Medium*NoStarvation,41.86,25.14,7,7,15,0.2273,0.2514,0.35,0.0227,-0.1257,-0.07,0.0068,0.0,-0.1889,-0.6164,-0.6202,0.9607,66
9,50,2956.0,Medium*Medium*NoStarvation,10,Low*Medium*NoStarvation,25.14,6.57,7,7,5,0.1923,0.0657,0.35,0.0192,-0.0329,-0.07,0.0058,0.0,-0.0971,-0.5173,-0.522,0.9607,26
9,51,3022.0,Low*Medium*NoStarvation,30,Medium*Medium*NoStarvation,6.57,25.43,7,7,15,0.2273,0.2543,0.35,0.0227,-0.1271,-0.07,0.0068,0.0,-0.1903,-0.6227,-0.6265,0.9607,66
9,52,3048.0,Medium*Medium*NoStarvation,10,Low*Medium*NoStarvation,25.43,8.57,7,7,4,0.1538,0.0857,0.35,0.0154,-0.0429,-0.07,0.0046,0.0,-0.1082,-0.522,-0.5273,0.9607,26
9,53,3094.0,Low*Medium*NoStarvation,20,Low*Medium*NoStarvation,8.57,16.86,7,7,10,0.2174,0.1686,0.35,0.0217,-0.0843,-0.07,0.0065,0.0,-0.1478,-0.5531,-0.5593,0.9607,46
9,54,3160.0,Low*Medium*NoStarvation,30,Medium*Medium*NoStarvation,16.86,27.29,7,7,14,0.2121,0.2729,0.35,0.0212,-0.1364,-0.07,0.0064,0.0,-0.2001,-0.6265,-0.6313,0.9607,66
9,55,3206.0,Medium*Medium*NoStarvation,20,Low*Medium*NoStarvation,27.29,16.43,7,7,10,0.2174,0.1643,0.35,0.0217,-0.0821,-0.07,0.0065,0.0,-0.1456,-0.5605,-0.5657,0.9607,46
9,56,3252.0,Low*Medium*NoStarvation,20,Low*Medium*NoStarvation,16.43,16.71,7,7,10,0.2174,0.1671,0.35,0.0217,-0.0836,-0.07,0.0065,0.0,-0.147,-0.5593,-0.5648,0.9607,46
9,57,3298.0,Low*Medium*NoStarvation,20,Low*Medium*NoStarvation,16.71,16.71,7,7,10,0.2174,0.1671,0.35,0.0217,-0.0836,-0.07,0.0065,0.0,-0.147,-0.5648,-0.5697,0.9607,46
9,58,3394.0,Low*Medium*NoStarvation,45,Medium*Medium*NoStarvation,16.71,42.14,7,7,22,0.2292,0.4214,0.35,0.0229,-0.2107,-0.07,0.0069,0.0,-0.2738,-0.6875,-0.6936,0.9607,96
9,59,3420.0,Medium*Medium*NoStarvation,10,Low*Medium*NoStarvation,42.14,6.0,7,7,5,0.1923,0.06,0.35,0.0192,-0.03,-0.07,0.0058,0.0,-0.0942,-0.5273,-0.5308,0.9607,26
9,60,3466.0,Low*Medium*NoStarvation,20,Low*Medium*NoStarvation,6.0,15.57,7,7,10,0.2174,0.1557,0.35,0.0217,-0.0779,-0.07,0.0065,0.0,-0.1413,-0.5697,-0.5736,0.9607,46
9,61,3562.0,Low*Medium*NoStarvation,45,Medium*Medium*NoStarvation,15.57,41.0,7,7,23,0.2396,0.41,0.35,0.024,-0.205,-0.07,0.0072,0.0,-0.2678,-0.6936,-0.6988,0.9607,96
9,62,3658.0,Medium*Medium*NoStarvation,45,Medium*Medium*NoStarvation,41.0,42.0,7,7,22,0.2292,0.42,0.35,0.0229,-0.21,-0.07,0.0069,0.0,-0.2731,-0.6868,-0.6932,0.9607,96
10,0,76.0,Low*Low*NoStarvation,10,Low*Medium*NoStarvation,0.83,6.71,2,7,11,0.4231,0.0671,0.35,0.0423,-0.0336,-0.07,0.0127,0.0,-0.0909,-0.0373,-0.0894,0.9559,26
10,1,102.0,Low*Medium*NoStarvation,10,Low*Medium*NoStarvation,6.71,8.68,7,8,9,0.3462,0.0868,0.4,0.0346,-0.0434,-0.08,0.0104,0.0,-0.113,-0.5192,-0.5253,0.9559,26
10,2,148.0,Low*Medium*NoStarvation,20,Low*Medium*NoStarvation,8.68,15.71,8,7,19,0.413,0.1571,0.35,0.0413,-0.0786,-0.07,0.0124,0.0,-0.1362,-0.5736,-0.5772,0.9559,46
10,3,174.0,Low*Medium*NoStarvation,10,Low*Medium*NoStarvation,15.71,6.0,7,7,10,0.3846,0.06,0.35,0.0385,-0.03,-0.07,0.0115,0.0,-0.0885,-0.5253,-0.5289,0.9559,26
10,4,240.0,Low*Medium*NoStarvation,30,Medium*Medium*NoStarvation,6.0,25.71,7,7,30,0.4545,0.2571,0.35,0.0455,-0.1286,-0.07,0.0136,0.0,-0.1849,-0.6313,-0.6344,0.9559,66
10,5,336.0,Medium*Medium*NoStarvation,45,Medium*Medium*NoStarvation,25.71,41.0,7,7,46,0.4792,0.41,0.35,0.0479,-0.205,-0.07,0.0144,0.0,-0.2606,-0.6932,-0.6977,0.9559,96
10,6,362.0,Medium*Medium*NoStarvation,10,Low*Medium*NoStarvation,41.0,6.57,7,7,9,0.3462,0.0657,0.35,0.0346,-0.0329,-0.07,0.0104,0.0,-0.0925,-0.5308,-0.5345,0.9559,26
10,7,458.0,Low*Medium*NoStarvation,45,Medium*Medium*NoStarvation,6.57,41.43,7,7,45,0.4688,0.4143,0.35,0.0469,-0.2071,-0.07,0.0141,0.0,-0.2631,-0.6988,-0.7033,0.9559,96
10,8,554.0,Medium*Medium*NoStarvation,45,Medium*Medium*NoStarvation,41.43,40.14,7,7,46,0.4792,0.4014,0.35,0.0479,-0.2007,-0.07,0.0144,0.0,-0.2563,-0.6977,-0.7017,0.9559,96
10,9,580.0,Medium*Medium*NoStarvation,10,Low*Medium*NoStarvation,40.14,6.96,7,8,9,0.3462,0.0696,0.4,0.0346,-0.0348,-0.08,0.0104,0.0,-0.1044,-0.5345,-0.5391,0.9559,26
10,10,606.0,Low*Medium*NoStarvation,10,Low*Medium*NoStarvation,6.96,6.71,8,7,10,0.3846,0.0671,0.35,0.0385,-0.0336,-0.07,0.0115,0.0,-0.092,-0.5289,-0.5328,0.9559,26
10,11,672.0,Low*Medium*NoStarvation,30,Medium*Medium*NoStarvation,6.71,25.71,7,7,31,0.4697,0.2571,0.35,0.047,-0.1286,-0.07,0.0141,0.0,-0.1845,-0.6344,-0.6379,0.9559,66
10,12,698.0,Medium*Medium*NoStarvation,10,Low*Medium*NoStarvation,25.71,6.29,7,7,10,0.3846,0.0629,0.35,0.0385,-0.0314,-0.07,0.0115,0.0,-0.0899,-0.5391,-0.5422,0.9559,26
10,13,764.0,Low*Medium*NoStarvation,30,Medium*Medium*NoStarvation,6.29,26.71,7,7,30,0.4545,0.2671,0.35,0.0455,-0.1336,-0.07,0.0136,0.0,-0.1899,-0.6379,-0.6419,0.9559,66
10,14,810.0,Medium*Medium*NoStarvation,20,Low*Medium*NoStarvation,26.71,16.0,7,7,20,0.4348,0.16,0.35,0.0435,-0.08,-0.07,0.013,0.0,-0.137,-0.5657,-0.5708,0.9559,46
10,15,836.0,Low*Medium*NoStarvation,10,Low*Medium*NoStarvation,16.0,7.43,7,7,9,0.3462,0.0743,0.35,0.0346,-0.0371,-0.07,0.0104,0.0,-0.0968,-0.5328,-0.5372,0.9559,26
10,16,862.0,Low*Medium*NoStarvation,10,Low*Medium*NoStarvation,7.43,8.29,7,7,8,0.3077,0.0829,0.35,0.0308,-0.0414,-0.07,0.0092,0.0,-0.1022,-0.5372,-0.542,0.9559,26
10,17,908.0,Low*Medium*NoStarvation,20,Low*Medium*NoStarvation,8.29,16.29,7,7,20,0.4348,0.1629,0.35,0.0435,-0.0814,-0.07,0.013,0.0,-0.1384,-0.5772,-0.5821,0.9559,46
10,18,934.0,Low*Medium*NoStarvation,10,Low*Medium*NoStarvation,16.29,7.14,7,7,10,0.3846,0.0714,0.35,0.0385,-0.0357,-0.07,0.0115,0.0,-0.0942,-0.542,-0.546,0.9559,26
10,19,980.0,Low*Medium*NoStarvation,20,Low*Medium*NoStarvation,7.14,14.86,7,7,20,0.4348,0.1486,0.35,0.0435,-0.0743,-0.07,0.013,0.0,-0.1312,-0.5821,-0.5861,0.9559,46
10,20,1006.0,Low*Medium*NoStarvation,10,Low*Medium*NoStarvation,14.86,5.86,7,6,9,0.3462,0.0586,0.3,0.0346,-0.0293,-0.06,0.0104,0.0,-0.0789,-0.546,-0.5485,0.9559,26
10,21,1102.0,Low*Medium*NoStarvation,45,Medium*Medium*NoStarvation,5.86,41.0,6,7,44,0.4583,0.41,0.35,0.0458,-0.205,-0.07,0.0137,0.0,-0.2612,-0.7033,-0.7079,0.9559,96
10,22,1128.0,Medium*Medium*NoStarvation,10,Low*Medium*NoStarvation,41.0,6.96,7,8,11,0.4231,0.0696,0.4,0.0423,-0.0348,-0.08,0.0127,0.0,-0.1021,-0.5422,-0.5475,0.9559,26
10,23,1224.0,Low*Medium*NoStarvation,45,Medium*Medium*NoStarvation,6.96,41.0,8,7,44,0.4583,0.41,0.35,0.0458,-0.205,-0.07,0.0137,0.0,-0.2612,-0.7079,-0.7125,0.9559,96
10,24,1250.0,Medium*Medium*NoStarvation,10,Low*Medium*NoStarvation,41.0,7.57,7,7,10,0.3846,0.0757,0.35,0.0385,-0.0379,-0.07,0.0115,0.0,-0.0963,-0.5475,-0.5518,0.9559,26
10,25,1346.0,Low*Medium*NoStarvation,45,Medium*Medium*NoStarvation,7.57,39.14,7,7,46,0.4792,0.3914,0.35,0.0479,-0.1957,-0.07,0.0144,0.0,-0.2513,-0.7125,-0.7161,0.9559,96
10,26,1392.0,Medium*Medium*NoStarvation,20,Low*Medium*NoStarvation,39.14,16.14,7,7,20,0.4348,0.1614,0.35,0.0435,-0.0807,-0.07,0.013,0.0,-0.1377,-0.5708,-0.5769,0.9559,46
10,27,1418.0,Low*Medium*NoStarvation,10,Low*Medium*NoStarvation,16.14,6.86,7,7,10,0.3846,0.0686,0.35,0.0385,-0.0343,-0.07,0.0115,0.0,-0.0927,-0.5485,-0.5523,0.9559,26
10,28,1464.0,Low*Medium*NoStarvation,20,Low*Medium*NoStarvation,6.86,18.57,7,7,11,0.2391,0.1857,0.35,0.0239,-0.0929,-0.07,0.0072,0.0,-0.1557,-0.5861,-0.5928,0.9559,46
10,29,1510.0,Low*Medium*NoStarvation,20,Low*Medium*NoStarvation,18.57,15.86,7,7,10,0.2174,0.1586,0.35,0.0217,-0.0793,-0.07,0.0065,0.0,-0.1428,-0.5928,-0.5975,0.9559,46
10,30,1536.0,Low*Medium*NoStarvation,10,Low*Medium*NoStarvation,15.86,7.71,7,7,4,0.1538,0.0771,0.35,0.0154,-0.0386,-0.07,0.0046,0.0,-0.104,-0.5523,-0.5571,0.9559,26
10,31,1632.0,Low*Medium*NoStarvation,45,Medium*Medium*NoStarvation,7.71,40.71,7,7,23,0.2396,0.4071,0.35,0.024,-0.2036,-0.07,0.0072,0.0,-0.2664,-0.7161,-0.7207,0.9559,96
10,32,1678.0,Medium*Medium*NoStarvation,20,Low*Medium*NoStarvation,40.71,17.0,7,7,10,0.2174,0.17,0.35,0.0217,-0.085,-0.07,0.0065,0.0,-0.1485,-0.5769,-0.5842,0.9559,46
10,33,1704.0,Low*Medium*NoStarvation,10,Low*Medium*NoStarvation,17.0,6.86,7,7,5,0.1923,0.0686,0.35,0.0192,-0.0343,-0.07,0.0058,0.0,-0.0985,-0.5571,-0.5614,0.9559,26
10,34,1750.0,Low*Medium*NoStarvation,20,Low*Medium*NoStarvation,6.86,16.43,7,7,10,0.2174,0.1643,0.35,0.0217,-0.0821,-0.07,0.0065,0.0,-0.1456,-0.5975,-0.6028,0.9559,46
10,35,1816.0,Low*Medium*NoStarvation,30,Medium*Medium*NoStarvation,16.43,27.57,7,7,14,0.2121,0.2757,0.35,0.0212,-0.1379,-0.07,0.0064,0.0,-0.2015,-0.6419,-0.6476,0.9559,66
10,36,1882.0,Medium*Medium*NoStarvation,30,Medium*Medium*NoStarvation,27.57,25.0,7,7,16,0.2424,0.25,0.35,0.0242,-0.125,-0.07,0.0073,0.0,-0.1877,-0.6202,-0.6266,0.9559,66
10,37,1928.0,Medium*Medium*NoStarvation,20,Low*Medium*NoStarvation,25.0,16.43,7,7,10,0.2174,0.1643,0.35,0.0217,-0.0821,-0.07,0.0065,0.0,-0.1456,-0.5842,-0.5908,0.9559,46
10,38,1994.0,Low*Medium*NoStarvation,30,Medium*Medium*NoStarvation,16.43,27.0,7,7,15,0.2273,0.27,0.35,0.0227,-0.135,-0.07,0.0068,0.0,-0.1982,-0.6476,-0.6523,0.9559,66
10,39,2040.0,Medium*Medium*NoStarvation,20,Low*Medium*NoStarvation,27.0,16.43,7,7,10,0.2174,0.1643,0.35,0.0217,-0.0821,-0.07,0.0065,0.0,-0.1456,-0.5908,-0.5968,0.9559,46
10,40,2136.0,Low*Medium*NoStarvation,45,Medium*Medium*NoStarvation,16.43,40.29,7,7,23,0.2396,0.4029,0.35,0.024,-0.2014,-0.07,0.0072,0.0,-0.2642,-0.7207,-0.7248,0.9559,96
10,41,2202.0,Medium*Medium*NoStarvation,30,Medium*Medium*NoStarvation,40.29,25.29,7,7,15,0.2273,0.2529,0.35,0.0227,-0.1264,-0.07,0.0068,0.0,-0.1896,-0.6266,-0.6326,0.9559,66
10,42,2228.0,Medium*Medium*NoStarvation,10,Low*Medium*NoStarvation,25.29,8.57,7,7,4,0.1538,0.0857,0.35,0.0154,-0.0429,-0.07,0.0046,0.0,-0.1082,-0.5518,-0.5579,0.9559,26
10,43,2274.0,Low*Medium*NoStarvation,20,Low*Medium*NoStarvation,8.57,15.71,7,7,10,0.2174,0.1571,0.35,0.0217,-0.0786,-0.07,0.0065,0.0,-0.142,-0.6028,-0.6073,0.9559,46
10,44,2320.0,Low*Medium*NoStarvation,20,Low*Medium*NoStarvation,15.71,15.14,7,7,10,0.2174,0.1514,0.35,0.0217,-0.0757,-0.07,0.0065,0.0,-0.1392,-0.6073,-0.611,0.9559,46
10,45,2386.0,Low*Medium*NoStarvation,30,Medium*Medium*NoStarvation,15.14,26.0,7,7,15,0.2273,0.26,0.35,0.0227,-0.13,-0.07,0.0068,0.0,-0.1932,-0.6523,-0.6566,0.9559,66
10,46,2412.0,Medium*Medium*NoStarvation,10,Low*Medium*NoStarvation,26.0,7.71,7,7,4,0.1538,0.0771,0.35,0.0154,-0.0386,-0.07,0.0046,0.0,-0.104,-0.5579,-0.5631,0.9559,26
10,47,2508.0,Low*Medium*NoStarvation,45,Medium*Medium*NoStarvation,7.71,40.86,7,7,23,0.2396,0.4086,0.35,0.024,-0.2043,-0.07,0.0072,0.0,-0.2671,-0.7248,-0.7297,0.9559,96
10,48,2534.0,Medium*Medium*NoStarvation,10,Low*Medium*NoStarvation,40.86,8.0,7,7,5,0.1923,0.08,0.35,0.0192,-0.04,-0.07,0.0058,0.0,-0.1042,-0.5631,-0.5677,0.9559,26
10,49,2600.0,Low*Medium*NoStarvation,30,Medium*Medium*NoStarvation,8.0,26.71,7,7,15,0.2273,0.2671,0.35,0.0227,-0.1336,-0.07,0.0068,0.0,-0.1968,-0.6566,-0.6617,0.9559,66
10,50,2696.0,Medium*Medium*NoStarvation,45,Medium*Medium*NoStarvation,26.71,41.57,7,7,23,0.2396,0.4157,0.35,0.024,-0.2079,-0.07,0.0072,0.0,-0.2707,-0.7017,-0.7097,0.9559,96
10,51,2762.0,Medium*Medium*NoStarvation,30,Medium*Medium*NoStarvation,41.57,27.29,7,7,15,0.2273,0.2729,0.35,0.0227,-0.1364,-0.07,0.0068,0.0,-0.1996,-0.6326,-0.6404,0.9559,66
10,52,2788.0,Medium*Medium*NoStarvation,10,Low*Medium*NoStarvation,27.29,5.86,7,7,5,0.1923,0.0586,0.35,0.0192,-0.0293,-0.07,0.0058,0.0,-0.0935,-0.5677,-0.5708,0.9559,26
10,53,2854.0,Low*Medium*NoStarvation,30,Medium*Medium*NoStarvation,5.86,26.57,7,7,15,0.2273,0.2657,0.35,0.0227,-0.1329,-0.07,0.0068,0.0,-0.196,-0.6617,-0.6665,0.9559,66
10,54,2880.0,Medium*Medium*NoStarvation,10,Low*Medium*NoStarvation,26.57,6.71,7,7,5,0.1923,0.0671,0.35,0.0192,-0.0336,-0.07,0.0058,0.0,-0.0978,-0.5708,-0.574,0.9559,26
10,55,2906.0,Low*Medium*NoStarvation,10,Low*Medium*NoStarvation,6.71,7.0,7,7,5,0.1923,0.07,0.35,0.0192,-0.035,-0.07,0.0058,0.0,-0.0992,-0.5614,-0.5657,0.9559,26
10,56,2972.0,Low*Medium*NoStarvation,30,Medium*Medium*NoStarvation,7.0,26.43,7,7,15,0.2273,0.2643,0.35,0.0227,-0.1321,-0.07,0.0068,0.0,-0.1953,-0.6665,-0.671,0.9559,66
10,57,3038.0,Medium*Medium*NoStarvation,30,Medium*Medium*NoStarvation,26.43,27.57,7,7,15,0.2273,0.2757,0.35,0.0227,-0.1379,-0.07,0.0068,0.0,-0.201,-0.6404,-0.6481,0.9559,66
10,58,3134.0,Medium*Medium*NoStarvation,45,Medium*Medium*NoStarvation,27.57,41.57,7,7,22,0.2292,0.4157,0.35,0.0229,-0.2079,-0.07,0.0069,0.0,-0.271,-0.7097,-0.7174,0.9559,96
10,59,3160.0,Medium*Medium*NoStarvation,10,Low*Medium*NoStarvation,41.57,5.29,7,6,5,0.1923,0.0529,0.3,0.0192,-0.0264,-0.06,0.0058,0.0,-0.0807,-0.574,-0.5756,0.9559,26
10,60,3256.0,Low*Medium*NoStarvation,45,Medium*Medium*NoStarvation,5.29,41.14,6,7,23,0.2396,0.4114,0.35,0.024,-0.2057,-0.07,0.0072,0.0,-0.2685,-0.7297,-0.7354,0.9559,96
10,61,3302.0,Medium*Medium*NoStarvation,20,Low*Medium*NoStarvation,41.14,15.86,7,7,10,0.2174,0.1586,0.35,0.0217,-0.0793,-0.07,0.0065,0.0,-0.1428,-0.5968,-0.6024,0.9559,46
10,62,3368.0,Low*Medium*NoStarvation,30,Medium*Medium*NoStarvation,15.86,28.14,7,7,14,0.2121,0.2814,0.35,0.0212,-0.1407,-0.07,0.0064,0.0,-0.2044,-0.671,-0.6762,0.9559,66
10,63,3414.0,Medium*Medium*NoStarvation,20,Low*Medium*NoStarvation,28.14,16.29,7,7,10,0.2174,0.1629,0.35,0.0217,-0.0814,-0.07,0.0065,0.0,-0.1449,-0.6024,-0.6075,0.9559,46
10,64,3460.0,Low*Medium*NoStarvation,20,Low*Medium*NoStarvation,16.29,16.86,7,7,10,0.2174,0.1686,0.35,0.0217,-0.0843,-0.07,0.0065,0.0,-0.1478,-0.611,-0.6156,0.9559,46
10,65,3506.0,Low*Medium*NoStarvation,20,Low*Medium*NoStarvation,16.86,16.86,7,7,10,0.2174,0.1686,0.35,0.0217,-0.0843,-0.07,0.0065,0.0,-0.1478,-0.6156,-0.6197,0.9559,46
10,66,3532.0,Low*Medium*NoStarvation,10,Low*Medium*NoStarvation,16.86,5.43,7,6,5,0.1923,0.0543,0.3,0.0192,-0.0271,-0.06,0.0058,0.0,-0.0814,-0.5657,-0.5682,0.9559,26
10,67,3578.0,Low*Medium*NoStarvation,20,Low*Medium*NoStarvation,5.43,16.0,6,7,10,0.2174,0.16,0.35,0.0217,-0.08,-0.07,0.0065,0.0,-0.1435,-0.6197,-0.6232,0.9559,46
10,68,3604.0,Low*Medium*NoStarvation,10,Low*Medium*NoStarvation,16.0,5.71,7,7,5,0.1923,0.0571,0.35,0.0192,-0.0286,-0.07,0.0058,0.0,-0.0928,-0.5682,-0.5718,0.9559,26
11,0,116.0,Low*Low*NoStarvation,30,Medium*Medium*NoStarvation,0.83,26.71,2,7,31,0.4697,0.2671,0.35,0.047,-0.1336,-0.07,0.0141,0.0,-0.1895,-0.1979,-0.2489,0.9511,66
11,1,142.0,Medium*Medium*NoStarvation,10,Low*Medium*NoStarvation,26.71,7.0,7,7,10,0.3846,0.07,0.35,0.0385,-0.035,-0.07,0.0115,0.0,-0.0935,-0.5756,-0.5789,0.9511,26
11,2,168.0,Low*Medium*NoStarvation,10,Low*Medium*NoStarvation,7.0,7.57,7,7,9,0.3462,0.0757,0.35,0.0346,-0.0379,-0.07,0.0104,0.0,-0.0975,-0.5718,-0.5758,0.9511,26
11,3,264.0,Low*Medium*NoStarvation,45,Medium*Medium*NoStarvation,7.57,40.57,7,7,46,0.4792,0.4057,0.35,0.0479,-0.2029,-0.07,0.0144,0.0,-0.2585,-0.7354,-0.7398,0.9511,96
11,4,290.0,Medium*Medium*NoStarvation,10,Low*Medium*NoStarvation,40.57,8.0,7,7,9,0.3462,0.08,0.35,0.0346,-0.04,-0.07,0.0104,0.0,-0.0996,-0.5789,-0.5828,0.9511,26
11,5,356.0,Low*Medium*NoStarvation,30,Medium*Medium*NoStarvation,8.0,27.57,7,7,29,0.4394,0.2757,0.35,0.0439,-0.1379,-0.07,0.0132,0.0,-0.1947,-0.6762,-0.6805,0.9511,66
11,6,382.0,Medium*Medium*NoStarvation,10,Low*Medium*NoStarvation,27.57,8.43,7,7,8,0.3077,0.0843,0.35,0.0308,-0.0421,-0.07,0.0092,0.0,-0.1029,-0.5828,-0.5866,0.9511,26
11,7,448.0,Low*Medium*NoStarvation,30,Medium*Medium*NoStarvation,8.43,26.43,7,7,30,0.4545,0.2643,0.35,0.0455,-0.1321,-0.07,0.0136,0.0,-0.1885,-0.6805,-0.6841,0.9511,66
11,8,474.0,Medium*Medium*NoStarvation,10,Low*Medium*NoStarvation,26.43,7.21,7,8,10,0.3846,0.0721,0.4,0.0385,-0.0361,-0.08,0.0115,0.0,-0.1045,-0.5866,-0.5902,0.9511,26
11,9,500.0,Low*Medium*NoStarvation,10,Low*Medium*NoStarvation,7.21,8.5,8,8,8,0.3077,0.085,0.4,0.0308,-0.0425,-0.08,0.0092,0.0,-0.1133,-0.5758,-0.5814,0.9511,26
11,10,546.0,Low*Medium*NoStarvation,20,Low*Medium*NoStarvation,8.5,15.86,8,7,19,0.413,0.1586,0.35,0.0413,-0.0793,-0.07,0.0124,0.0,-0.1369,-0.6232,-0.6269,0.9511,46
11,11,592.0,Low*Medium*NoStarvation,20,Low*Medium*NoStarvation,15.86,16.71,7,7,21,0.4565,0.1671,0.35,0.0457,-0.0836,-0.07,0.0137,0.0,-0.1399,-0.6269,-0.6305,0.9511,46
11,12,688.0,Low*Medium*NoStarvation,45,Medium*Medium*NoStarvation,16.71,41.25,7,8,45,0.4688,0.4125,0.4,0.0469,-0.2062,-0.08,0.0141,0.0,-0.2722,-0.7398,-0.7461,0.9511,96
11,13,714.0,Medium*Medium*NoStarvation,10,Low*Medium*NoStarvation,41.25,6.14,8,7,10,0.3846,0.0614,0.35,0.0385,-0.0307,-0.07,0.0115,0.0,-0.0892,-0.5902,-0.5924,0.9511,26
11,14,760.0,Low*Medium*NoStarvation,20,Low*Medium*NoStarvation,6.14,16.86,7,7,20,0.4348,0.1686,0.35,0.0435,-0.0843,-0.07,0.013,0.0,-0.1412,-0.6305,-0.6339,0.9511,46
11,15,786.0,Low*Medium*NoStarvation,10,Low*Medium*NoStarvation,16.86,8.14,7,7,9,0.3462,0.0814,0.35,0.0346,-0.0407,-0.07,0.0104,0.0,-0.1003,-0.5814,-0.5856,0.9511,26
11,16,832.0,Low*Medium*NoStarvation,20,Low*Medium*NoStarvation,8.14,15.0,7,7,20,0.4348,0.15,0.35,0.0435,-0.075,-0.07,0.013,0.0,-0.132,-0.6339,-0.6364,0.9511,46
11,17,898.0,Low*Medium*NoStarvation,30,Medium*Medium*NoStarvation,15.0,27.0,7,7,29,0.4394,0.27,0.35,0.0439,-0.135,-0.07,0.0132,0.0,-0.1918,-0.6841,-0.6882,0.9511,66
11,18,994.0,Medium*Medium*NoStarvation,45,Medium*Medium*NoStarvation,27.0,41.29,7,7,46,0.4792,0.4129,0.35,0.0479,-0.2064,-0.07,0.0144,0.0,-0.2621,-0.7174,-0.7252,0.9511,96
11,19,1040.0,Medium*Medium*NoStarvation,20,Low*Medium*NoStarvation,41.29,16.43,7,7,20,0.4348,0.1643,0.35,0.0435,-0.0821,-0.07,0.013,0.0,-0.1391,-0.6075,-0.6134,0.9511,46
11,20,1136.0,Low*Medium*NoStarvation,45,Medium*Medium*NoStarvation,16.43,41.29,7,7,45,0.4688,0.4129,0.35,0.0469,-0.2064,-0.07,0.0141,0.0,-0.2624,-0.7461,-0.7511,0.9511,96
11,21,1162.0,Medium*Medium*NoStarvation,10,Low*Medium*NoStarvation,41.29,8.0,7,7,9,0.3462,0.08,0.35,0.0346,-0.04,-0.07,0.0104,0.0,-0.0996,-0.5924,-0.5959,0.9511,26
11,22,1228.0,Low*Medium*NoStarvation,30,Medium*Medium*NoStarvation,8.0,27.14,7,7,30,0.4545,0.2714,0.35,0.0455,-0.1357,-0.07,0.0136,0.0,-0.1921,-0.6882,-0.6922,0.9511,66
11,23,1324.0,Medium*Medium*NoStarvation,45,Medium*Medium*NoStarvation,27.14,40.43,7,7,46,0.4792,0.4043,0.35,0.0479,-0.2021,-0.07,0.0144,0.0,-0.2578,-0.7252,-0.7321,0.9511,96
11,24,1370.0,Medium*Medium*NoStarvation,20,Low*Medium*NoStarvation,40.43,16.14,7,7,19,0.413,0.1614,0.35,0.0413,-0.0807,-0.07,0.0124,0.0,-0.1383,-0.6134,-0.6186,0.9511,46
11,25,1436.0,Low*Medium*NoStarvation,30,Medium*Medium*NoStarvation,16.14,26.29,7,7,23,0.3485,0.2629,0.35,0.0348,-0.1314,-0.07,0.0105,0.0,-0.191,-0.6922,-0.6957,0.9511,66
11,26,1482.0,Medium*Medium*NoStarvation,20,Low*Medium*NoStarvation,26.29,17.71,7,7,9,0.1957,0.1771,0.35,0.0196,-0.0886,-0.07,0.0059,0.0,-0.1527,-0.6186,-0.6247,0.9511,46
11,27,1508.0,Low*Medium*NoStarvation,10,Low*Medium*NoStarvation,17.71,6.43,7,7,5,0.1923,0.0643,0.35,0.0192,-0.0321,-0.07,0.0058,0.0,-0.0964,-0.5856,-0.5894,0.9511,26
11,28,1554.0,Low*Medium*NoStarvation,20,Low*Medium*NoStarvation,6.43,16.0,7,7,10,0.2174,0.16,0.35,0.0217,-0.08,-0.07,0.0065,0.0,-0.1435,-0.6364,-0.6402,0.9511,46
11,29,1580.0,Low*Medium*NoStarvation,10,Low*Medium*NoStarvation,16.0,8.0,7,7,4,0.1538,0.08,0.35,0.0154,-0.04,-0.07,0.0046,0.0,-0.1054,-0.5894,-0.594,0.9511,26
11,30,1606.0,Low*Medium*NoStarvation,10,Low*Medium*NoStarvation,8.0,6.43,7,7,5,0.1923,0.0643,0.35,0.0192,-0.0321,-0.07,0.0058,0.0,-0.0964,-0.594,-0.5977,0.9511,26
11,31,1672.0,Low*Medium*NoStarvation,30,Medium*Medium*NoStarvation,6.43,26.29,7,7,15,0.2273,0.2629,0.35,0.0227,-0.1314,-0.07,0.0068,0.0,-0.1946,-0.6957,-0.6992,0.9511,66
11,32,1698.0,Medium*Medium*NoStarvation,10,Low*Medium*NoStarvation,26.29,6.86,7,7,5,0.1923,0.0686,0.35,0.0192,-0.0343,-0.07,0.0058,0.0,-0.0985,-0.5959,-0.5999,0.9511,26
11,33,1724.0,Low*Medium*NoStarvation,10,Low*Medium*NoStarvation,6.86,6.0,7,7,5,0.1923,0.06,0.35,0.0192,-0.03,-0.07,0.0058,0.0,-0.0942,-0.5977,-0.6012,0.9511,26
11,34,1790.0,Low*Medium*NoStarvation,30,Medium*Medium*NoStarvation,6.0,27.43,7,7,15,0.2273,0.2743,0.35,0.0227,-0.1371,-0.07,0.0068,0.0,-0.2003,-0.6992,-0.7033,0.9511,66
11,35,1816.0,Medium*Medium*NoStarvation,10,Low*Medium*NoStarvation,27.43,5.57,7,6,5,0.1923,0.0557,0.3,0.0192,-0.0279,-0.06,0.0058,0.0,-0.0821,-0.5999,-0.6022,0.9511,26
11,36,1842.0,Low*Medium*NoStarvation,10,Low*Medium*NoStarvation,5.57,8.43,6,7,4,0.1538,0.0843,0.35,0.0154,-0.0421,-0.07,0.0046,0.0,-0.1075,-0.6012,-0.6059,0.9511,26
11,37,1938.0,Low*Medium*NoStarvation,45,Medium*Medium*NoStarvation,8.43,41.86,7,7,22,0.2292,0.4186,0.35,0.0229,-0.2093,-0.07,0.0069,0.0,-0.2724,-0.7511,-0.7574,0.9511,96
11,38,2004.0,Medium*Medium*NoStarvation,30,Medium*Medium*NoStarvation,41.86,25.14,7,7,16,0.2424,0.2514,0.35,0.0242,-0.1257,-0.07,0.0073,0.0,-0.1884,-0.6481,-0.6563,0.9511,66
11,39,2100.0,Medium*Medium*NoStarvation,45,Medium*Medium*NoStarvation,25.14,41.29,7,7,23,0.2396,0.4129,0.35,0.024,-0.2064,-0.07,0.0072,0.0,-0.2692,-0.7321,-0.74,0.9511,96
11,40,2166.0,Medium*Medium*NoStarvation,30,Medium*Medium*NoStarvation,41.29,25.14,7,7,15,0.2273,0.2514,0.35,0.0227,-0.1257,-0.07,0.0068,0.0,-0.1889,-0.6563,-0.6638,0.9511,66
11,41,2232.0,Medium*Medium*NoStarvation,30,Medium*Medium*NoStarvation,25.14,25.43,7,7,15,0.2273,0.2543,0.35,0.0227,-0.1271,-0.07,0.0068,0.0,-0.1903,-0.6638,-0.6707,0.9511,66
11,42,2278.0,Medium*Medium*NoStarvation,20,Low*Medium*NoStarvation,25.43,15.71,7,7,10,0.2174,0.1571,0.35,0.0217,-0.0786,-0.07,0.0065,0.0,-0.142,-0.6247,-0.631,0.9511,46
11,43,2304.0,Low*Medium*NoStarvation,10,Low*Medium*NoStarvation,15.71,7.57,7,7,4,0.1538,0.0757,0.35,0.0154,-0.0379,-0.07,0.0046,0.0,-0.1032,-0.6059,-0.6102,0.9511,26
11,44,2330.0,Low*Medium*NoStarvation,10,Low*Medium*NoStarvation,7.57,8.43,7,7,4,0.1538,0.0843,0.35,0.0154,-0.0421,-0.07,0.0046,0.0,-0.1075,-0.6102,-0.6148,0.9511,26
11,45,2376.0,Low*Medium*NoStarvation,20,Low*Medium*NoStarvation,8.43,16.57,7,7,10,0.2174,0.1657,0.35,0.0217,-0.0829,-0.07,0.0065,0.0,-0.1463,-0.6402,-0.6461,0.9511,46
11,46,2472.0,Low*Medium*NoStarvation,45,Medium*Medium*NoStarvation,16.57,40.0,7,7,23,0.2396,0.4,0.35,0.024,-0.2,-0.07,0.0072,0.0,-0.2628,-0.7574,-0.7621,0.9511,96
11,47,2498.0,Medium*Medium*NoStarvation,10,Low*Medium*NoStarvation,40.0,8.14,7,7,4,0.1538,0.0814,0.35,0.0154,-0.0407,-0.07,0.0046,0.0,-0.1061,-0.6022,-0.608,0.9511,26
11,48,2564.0,Low*Medium*NoStarvation,30,Medium*Medium*NoStarvation,8.14,26.43,7,7,15,0.2273,0.2643,0.35,0.0227,-0.1321,-0.07,0.0068,0.0,-0.1953,-0.7033,-0.7072,0.9511,66
11,49,2590.0,Medium*Medium*NoStarvation,10,Low*Medium*NoStarvation,26.43,8.71,7,7,4,0.1538,0.0871,0.35,0.0154,-0.0436,-0.07,0.0046,0.0,-0.109,-0.608,-0.6134,0.9511,26
11,50,2686.0,Low*Medium*NoStarvation,45,Medium*Medium*NoStarvation,8.71,42.0,7,7,22,0.2292,0.42,0.35,0.0229,-0.21,-0.07,0.0069,0.0,-0.2731,-0.7621,-0.7685,0.9511,96
11,51,2752.0,Medium*Medium*NoStarvation,30,Medium*Medium*NoStarvation,42.0,27.0,7,7,15,0.2273,0.27,0.35,0.0227,-0.135,-0.07,0.0068,0.0,-0.1982,-0.6707,-0.6786,0.9511,66
11,52,2848.0,Medium*Medium*NoStarvation,45,Medium*Medium*NoStarvation,27.0,42.43,7,7,22,0.2292,0.4243,0.35,0.0229,-0.2121,-0.07,0.0069,0.0,-0.2753,-0.74,-0.7488,0.9511,96
11,53,2914.0,Medium*Medium*NoStarvation,30,Medium*Medium*NoStarvation,42.43,26.0,7,7,15,0.2273,0.26,0.35,0.0227,-0.13,-0.07,0.0068,0.0,-0.1932,-0.6786,-0.6853,0.9511,66
11,54,2940.0,Medium*Medium*NoStarvation,10,Low*Medium*NoStarvation,26.0,6.43,7,7,5,0.1923,0.0643,0.35,0.0192,-0.0321,-0.07,0.0058,0.0,-0.0964,-0.6134,-0.617,0.9511,26
11,55,2966.0,Low*Medium*NoStarvation,10,Low*Medium*NoStarvation,6.43,6.0,7,6,5,0.1923,0.06,0.3,0.0192,-0.03,-0.06,0.0058,0.0,-0.0842,-0.6148,-0.6171,0.9511,26
11,56,3062.0,Low*Medium*NoStarvation,45,Medium*Medium*NoStarvation,6.0,42.57,6,7,22,0.2292,0.4257,0.35,0.0229,-0.2129,-0.07,0.0069,0.0,-0.276,-0.7685,-0.7747,0.9511,96
11,57,3128.0,Medium*Medium*NoStarvation,30,Medium*Medium*NoStarvation,42.57,27.14,7,7,15,0.2273,0.2714,0.35,0.0227,-0.1357,-0.07,0.0068,0.0,-0.1989,-0.6853,-0.6922,0.9511,66
11,58,3224.0,Medium*Medium*NoStarvation,45,Medium*Medium*NoStarvation,27.14,40.14,7,7,23,0.2396,0.4014,0.35,0.024,-0.2007,-0.07,0.0072,0.0,-0.2635,-0.7488,-0.7558,0.9511,96
11,59,3250.0,Medium*Medium*NoStarvation,10,Low*Medium*NoStarvation,40.14,5.71,7,6,5,0.1923,0.0571,0.3,0.0192,-0.0286,-0.06,0.0058,0.0,-0.0828,-0.617,-0.6191,0.9511,26
11,60,3296.0,Low*Medium*NoStarvation,20,Low*Medium*NoStarvation,5.71,17.86,6,7,10,0.2174,0.1786,0.35,0.0217,-0.0893,-0.07,0.0065,0.0,-0.1528,-0.6461,-0.6523,0.9511,46
11,61,3362.0,Low*Medium*NoStarvation,30,Medium*Medium*NoStarvation,17.86,26.43,7,7,15,0.2273,0.2643,0.35,0.0227,-0.1321,-0.07,0.0068,0.0,-0.1953,-0.7072,-0.7118,0.9511,66
11,62,3388.0,Medium*Medium*NoStarvation,10,Low*Medium*NoStarvation,26.43,8.0,7,7,4,0.1538,0.08,0.35,0.0154,-0.04,-0.07,0.0046,0.0,-0.1054,-0.6191,-0.6233,0.9511,26
11,63,3414.0,Low*Medium*NoStarvation,10,Low*Medium*NoStarvation,8.0,6.43,7,7,5,0.1923,0.0643,0.35,0.0192,-0.0321,-0.07,0.0058,0.0,-0.0964,-0.6171,-0.6206,0.9511,26
11,64,3460.0,Low*Medium*NoStarvation,20,Low*Medium*NoStarvation,6.43,16.71,7,7,10,0.2174,0.1671,0.35,0.0217,-0.0836,-0.07,0.0065,0.0,-0.147,-0.6523,-0.6577,0.9511,46
11,65,3506.0,Low*Medium*NoStarvation,20,Low*Medium*NoStarvation,16.71,16.43,7,7,10,0.2174,0.1643,0.35,0.0217,-0.0821,-0.07,0.0065,0.0,-0.1456,-0.6577,-0.6623,0.9511,46
11,66,3572.0,Low*Medium*NoStarvation,30,Medium*Medium*NoStarvation,16.43,25.43,7,7,15,0.2273,0.2543,0.35,0.0227,-0.1271,-0.07,0.0068,0.0,-0.1903,-0.7118,-0.7157,0.9511,66
11,67,3598.0,Medium*Medium*NoStarvation,10,Low*Medium*NoStarvation,25.43,7.0,7,7,5,0.1923,0.07,0.35,0.0192,-0.035,-0.07,0.0058,0.0,-0.0992,-0.6233,-0.6268,0.9511,26
11,68,3624.0,Low*Medium*NoStarvation,10,Low*Medium*NoStarvation,7.0,6.14,7,7,5,0.1923,0.0614,0.35,0.0192,-0.0307,-0.07,0.0058,0.0,-0.0949,-0.6206,-0.6239,0.9511,26
12,0,146.0,Low*Low*NoStarvation,45,Medium*Medium*NoStarvation,0.83,40.71,2,7,47,0.4896,0.4071,0.35,0.049,-0.2036,-0.07,0.0147,0.0,-0.2589,0.0,-0.0823,0.9464,96
12,1,212.0,Medium*Medium*NoStarvation,30,Medium*Medium*NoStarvation,40.71,27.29,7,7,30,0.4545,0.2729,0.35,0.0455,-0.1364,-0.07,0.0136,0.0,-0.1928,-0.6922,-0.6986,0.9464,66
12,2,238.0,Medium*Medium*NoStarvation,10,Low*Medium*NoStarvation,27.29,7.79,7,8,10,0.3846,0.0779,0.4,0.0385,-0.0389,-0.08,0.0115,0.0,-0.1074,-0.6268,-0.631,0.9464,26
12,3,304.0,Low*Medium*NoStarvation,30,Medium*Medium*NoStarvation,7.79,26.14,8,7,29,0.4394,0.2614,0.35,0.0439,-0.1307,-0.07,0.0132,0.0,-0.1875,-0.7157,-0.7197,0.9464,66
12,4,370.0,Medium*Medium*NoStarvation,30,Medium*Medium*NoStarvation,26.14,26.29,7,7,30,0.4545,0.2629,0.35,0.0455,-0.1314,-0.07,0.0136,0.0,-0.1878,-0.6986,-0.7043,0.9464,66
12,5,416.0,Medium*Medium*NoStarvation,20,Low*Medium*NoStarvation,26.29,14.43,7,7,20,0.4348,0.1443,0.35,0.0435,-0.0721,-0.07,0.013,0.0,-0.1291,-0.631,-0.6369,0.9464,46
12,6,442.0,Low*Medium*NoStarvation,10,Low*Medium*NoStarvation,14.43,6.71,7,7,10,0.3846,0.0671,0.35,0.0385,-0.0336,-0.07,0.0115,0.0,-0.092,-0.6239,-0.6268,0.9464,26
12,7,468.0,Low*Medium*NoStarvation,10,Low*Medium*NoStarvation,6.71,6.82,7,8,9,0.3462,0.0682,0.4,0.0346,-0.0341,-0.08,0.0104,0.0,-0.1037,-0.6268,-0.6309,0.9464,26
12,8,494.0,Low*Medium*NoStarvation,10,Low*Medium*NoStarvation,6.82,7.57,8,7,8,0.3077,0.0757,0.35,0.0308,-0.0379,-0.07,0.0092,0.0,-0.0986,-0.6309,-0.6345,0.9464,26
12,9,540.0,Low*Medium*NoStarvation,20,Low*Medium*NoStarvation,7.57,16.43,7,7,20,0.4348,0.1643,0.35,0.0435,-0.0821,-0.07,0.013,0.0,-0.1391,-0.6623,-0.6671,0.9464,46
12,10,586.0,Low*Medium*NoStarvation,20,Low*Medium*NoStarvation,16.43,14.29,7,7,21,0.4565,0.1429,0.35,0.0457,-0.0714,-0.07,0.0137,0.0,-0.1277,-0.6671,-0.6703,0.9464,46
12,11,682.0,Low*Medium*NoStarvation,45,Medium*Medium*NoStarvation,14.29,42.11,7,8,44,0.4583,0.4211,0.4,0.0458,-0.2105,-0.08,0.0137,0.0,-0.2768,-0.7747,-0.7817,0.9464,96
12,12,778.0,Medium*Medium*NoStarvation,45,Medium*Medium*NoStarvation,42.11,40.57,8,7,46,0.4792,0.4057,0.35,0.0479,-0.2029,-0.07,0.0144,0.0,-0.2585,-0.7558,-0.7628,0.9464,96
12,13,824.0,Medium*Medium*NoStarvation,20,Low*Medium*NoStarvation,40.57,17.43,7,7,18,0.3913,0.1743,0.35,0.0391,-0.0871,-0.07,0.0117,0.0,-0.1454,-0.6369,-0.6449,0.9464,46
12,14,850.0,Low*Medium*NoStarvation,10,Low*Medium*NoStarvation,17.43,6.57,7,7,10,0.3846,0.0657,0.35,0.0385,-0.0329,-0.07,0.0115,0.0,-0.0913,-0.6345,-0.6373,0.9464,26
12,15,916.0,Low*Medium*NoStarvation,30,Medium*Medium*NoStarvation,6.57,25.14,7,7,31,0.4697,0.2514,0.35,0.047,-0.1257,-0.07,0.0141,0.0,-0.1816,-0.7197,-0.7227,0.9464,66
12,16,942.0,Medium*Medium*NoStarvation,10,Low*Medium*NoStarvation,25.14,8.96,7,8,9,0.3462,0.0896,0.4,0.0346,-0.0448,-0.08,0.0104,0.0,-0.1144,-0.631,-0.6367,0.9464,26
12,17,988.0,Low*Medium*NoStarvation,20,Low*Medium*NoStarvation,8.96,16.0,8,7,19,0.413,0.16,0.35,0.0413,-0.08,-0.07,0.0124,0.0,-0.1376,-0.6703,-0.6744,0.9464,46
12,18,1014.0,Low*Medium*NoStarvation,10,Low*Medium*NoStarvation,16.0,6.71,7,7,9,0.3462,0.0671,0.35,0.0346,-0.0336,-0.07,0.0104,0.0,-0.0932,-0.6373,-0.6402,0.9464,26
12,19,1110.0,Low*Medium*NoStarvation,45,Medium*Medium*NoStarvation,6.71,40.57,7,7,45,0.4688,0.4057,0.35,0.0469,-0.2029,-0.07,0.0141,0.0,-0.2588,-0.7817,-0.7867,0.9464,96
12,20,1136.0,Medium*Medium*NoStarvation,10,Low*Medium*NoStarvation,40.57,6.57,7,7,10,0.3846,0.0657,0.35,0.0385,-0.0329,-0.07,0.0115,0.0,-0.0913,-0.6367,-0.6398,0.9464,26
12,21,1182.0,Low*Medium*NoStarvation,20,Low*Medium*NoStarvation,6.57,16.14,7,7,20,0.4348,0.1614,0.35,0.0435,-0.0807,-0.07,0.013,0.0,-0.1377,-0.6744,-0.6783,0.9464,46
12,22,1248.0,Low*Medium*NoStarvation,30,Medium*Medium*NoStarvation,16.14,26.43,7,7,30,0.4545,0.2643,0.35,0.0455,-0.1321,-0.07,0.0136,0.0,-0.1885,-0.7227,-0.7268,0.9464,66
12,23,1314.0,Medium*Medium*NoStarvation,30,Medium*Medium*NoStarvation,26.43,25.86,7,7,30,0.4545,0.2586,0.35,0.0455,-0.1293,-0.07,0.0136,0.0,-0.1856,-0.7043,-0.7101,0.9464,66
12,24,1360.0,Medium*Medium*NoStarvation,20,Low*Medium*NoStarvation,25.86,14.43,7,7,20,0.4348,0.1443,0.35,0.0435,-0.0721,-0.07,0.013,0.0,-0.1291,-0.6449,-0.6509,0.9464,46
12,25,1406.0,Low*Medium*NoStarvation,20,Low*Medium*NoStarvation,14.43,16.29,7,7,20,0.4348,0.1629,0.35,0.0435,-0.0814,-0.07,0.013,0.0,-0.1384,-0.6783,-0.6819,0.9464,46
12,26,1502.0,Low*Medium*NoStarvation,45,Medium*Medium*NoStarvation,16.29,42.29,7,7,27,0.2812,0.4229,0.35,0.0281,-0.2114,-0.07,0.0084,0.0,-0.273,-0.7867,-0.7929,0.9464,96
12,27,1568.0,Medium*Medium*NoStarvation,30,Medium*Medium*NoStarvation,42.29,25.14,7,7,16,0.2424,0.2514,0.35,0.0242,-0.1257,-0.07,0.0073,0.0,-0.1884,-0.7101,-0.7155,0.9464,66
12,28,1594.0,Medium*Medium*NoStarvation,10,Low*Medium*NoStarvation,25.14,8.14,7,7,4,0.1538,0.0814,0.35,0.0154,-0.0407,-0.07,0.0046,0.0,-0.1061,-0.6398,-0.644,0.9464,26
12,29,1640.0,Low*Medium*NoStarvation,20,Low*Medium*NoStarvation,8.14,15.86,7,7,10,0.2174,0.1586,0.35,0.0217,-0.0793,-0.07,0.0065,0.0,-0.1428,-0.6819,-0.6856,0.9464,46
12,30,1666.0,Low*Medium*NoStarvation,10,Low*Medium*NoStarvation,15.86,7.71,7,7,4,0.1538,0.0771,0.35,0.0154,-0.0386,-0.07,0.0046,0.0,-0.104,-0.6402,-0.6442,0.9464,26
12,31,1712.0,Low*Medium*NoStarvation,20,Low*Medium*NoStarvation,7.71,18.57,7,7,9,0.1957,0.1857,0.35,0.0196,-0.0929,-0.07,0.0059,0.0,-0.157,-0.6856,-0.6908,0.9464,46
12,32,1808.0,Low*Medium*NoStarvation,45,Medium*Medium*NoStarvation,18.57,40.71,7,7,23,0.2396,0.4071,0.35,0.024,-0.2036,-0.07,0.0072,0.0,-0.2664,-0.7929,-0.7982,0.9464,96
12,33,1874.0,Medium*Medium*NoStarvation,30,Medium*Medium*NoStarvation,40.71,26.57,7,7,15,0.2273,0.2657,0.35,0.0227,-0.1329,-0.07,0.0068,0.0,-0.196,-0.7155,-0.7215,0.9464,66
12,34,1970.0,Medium*Medium*NoStarvation,45,Medium*Medium*NoStarvation,26.57,40.71,7,7,23,0.2396,0.4071,0.35,0.024,-0.2036,-0.07,0.0072,0.0,-0.2664,-0.7628,-0.7711,0.9464,96
12,35,2016.0,Medium*Medium*NoStarvation,20,Low*Medium*NoStarvation,40.71,17.0,7,7,10,0.2174,0.17,0.35,0.0217,-0.085,-0.07,0.0065,0.0,-0.1485,-0.6509,-0.6587,0.9464,46
12,36,2082.0,Low*Medium*NoStarvation,30,Medium*Medium*NoStarvation,17.0,25.0,7,7,15,0.2273,0.25,0.35,0.0227,-0.125,-0.07,0.0068,0.0,-0.1882,-0.7268,-0.7309,0.9464,66
12,37,2128.0,Medium*Medium*NoStarvation,20,Low*Medium*NoStarvation,25.0,17.29,7,7,10,0.2174,0.1729,0.35,0.0217,-0.0864,-0.07,0.0065,0.0,-0.1499,-0.6587,-0.6658,0.9464,46
12,38,2224.0,Low*Medium*NoStarvation,45,Medium*Medium*NoStarvation,17.29,41.29,7,7,22,0.2292,0.4129,0.35,0.0229,-0.2064,-0.07,0.0069,0.0,-0.2696,-0.7982,-0.8033,0.9464,96
12,39,2250.0,Medium*Medium*NoStarvation,10,Low*Medium*NoStarvation,41.29,8.57,7,7,4,0.1538,0.0857,0.35,0.0154,-0.0429,-0.07,0.0046,0.0,-0.1082,-0.644,-0.6484,0.9464,26
12,40,2276.0,Low*Medium*NoStarvation,10,Low*Medium*NoStarvation,8.57,6.29,7,7,5,0.1923,0.0629,0.35,0.0192,-0.0314,-0.07,0.0058,0.0,-0.0957,-0.6442,-0.6473,0.9464,26
12,41,2342.0,Low*Medium*NoStarvation,30,Medium*Medium*NoStarvation,6.29,25.57,7,7,15,0.2273,0.2557,0.35,0.0227,-0.1279,-0.07,0.0068,0.0,-0.191,-0.7309,-0.7353,0.9464,66
12,42,2408.0,Medium*Medium*NoStarvation,30,Medium*Medium*NoStarvation,25.57,26.29,7,7,15,0.2273,0.2629,0.35,0.0227,-0.1314,-0.07,0.0068,0.0,-0.1946,-0.7215,-0.7272,0.9464,66
12,43,2434.0,Medium*Medium*NoStarvation,10,Low*Medium*NoStarvation,26.29,6.14,7,7,5,0.1923,0.0614,0.35,0.0192,-0.0307,-0.07,0.0058,0.0,-0.0949,-0.6484,-0.6513,0.9464,26
12,44,2460.0,Low*Medium*NoStarvation,10,Low*Medium*NoStarvation,6.14,9.43,7,7,4,0.1538,0.0943,0.35,0.0154,-0.0471,-0.07,0.0046,0.0,-0.1125,-0.6473,-0.6521,0.9464,26
12,45,2526.0,Low*Medium*NoStarvation,30,Medium*Medium*NoStarvation,9.43,27.43,7,7,14,0.2121,0.2743,0.35,0.0212,-0.1371,-0.07,0.0064,0.0,-0.2008,-0.7353,-0.7405,0.9464,66
12,46,2552.0,Medium*Medium*NoStarvation,10,Low*Medium*NoStarvation,27.43,7.0,7,7,5,0.1923,0.07,0.35,0.0192,-0.035,-0.07,0.0058,0.0,-0.0992,-0.6513,-0.6548,0.9464,26
12,47,2598.0,Low*Medium*NoStarvation,20,Low*Medium*NoStarvation,7.0,17.86,7,7,10,0.2174,0.1786,0.35,0.0217,-0.0893,-0.07,0.0065,0.0,-0.1528,-0.6908,-0.6956,0.9464,46
12,48,2664.0,Low*Medium*NoStarvation,30,Medium*Medium*NoStarvation,17.86,26.0,7,7,15,0.2273,0.26,0.35,0.0227,-0.13,-0.07,0.0068,0.0,-0.1932,-0.7405,-0.7447,0.9464,66
12,49,2730.0,Medium*Medium*NoStarvation,30,Medium*Medium*NoStarvation,26.0,25.14,7,7,15,0.2273,0.2514,0.35,0.0227,-0.1257,-0.07,0.0068,0.0,-0.1889,-0.7272,-0.7323,0.9464,66
12,50,2826.0,Medium*Medium*NoStarvation,45,Medium*Medium*NoStarvation,25.14,41.86,7,7,22,0.2292,0.4186,0.35,0.0229,-0.2093,-0.07,0.0069,0.0,-0.2724,-0.7711,-0.7802,0.9464,96
12,51,2922.0,Medium*Medium*NoStarvation,45,Medium*Medium*NoStarvation,41.86,41.43,7,7,22,0.2292,0.4143,0.35,0.0229,-0.2071,-0.07,0.0069,0.0,-0.2703,-0.7802,-0.7881,0.9464,96
12,52,2948.0,Medium*Medium*NoStarvation,10,Low*Medium*NoStarvation,41.43,6.43,7,7,5,0.1923,0.0643,0.35,0.0192,-0.0321,-0.07,0.0058,0.0,-0.0964,-0.6548,-0.6577,0.9464,26
12,53,2994.0,Low*Medium*NoStarvation,20,Low*Medium*NoStarvation,6.43,18.14,7,7,9,0.1957,0.1814,0.35,0.0196,-0.0907,-0.07,0.0059,0.0,-0.1548,-0.6956,-0.7003,0.9464,46
12,54,3020.0,Low*Medium*NoStarvation,10,Low*Medium*NoStarvation,18.14,6.57,7,7,5,0.1923,0.0657,0.35,0.0192,-0.0329,-0.07,0.0058,0.0,-0.0971,-0.6521,-0.6553,0.9464,26
12,55,3066.0,Low*Medium*NoStarvation,20,Low*Medium*NoStarvation,6.57,15.43,7,7,10,0.2174,0.1543,0.35,0.0217,-0.0771,-0.07,0.0065,0.0,-0.1406,-0.7003,-0.7033,0.9464,46
12,56,3112.0,Low*Medium*NoStarvation,20,Low*Medium*NoStarvation,15.43,15.86,7,7,10,0.2174,0.1586,0.35,0.0217,-0.0793,-0.07,0.0065,0.0,-0.1428,-0.7033,-0.7062,0.9464,46
12,57,3178.0,Low*Medium*NoStarvation,30,Medium*Medium*NoStarvation,15.86,27.43,7,7,15,0.2273,0.2743,0.35,0.0227,-0.1371,-0.07,0.0068,0.0,-0.2003,-0.7447,-0.7494,0.9464,66
12,58,3204.0,Medium*Medium*NoStarvation,10,Low*Medium*NoStarvation,27.43,9.0,7,7,4,0.1538,0.09,0.35,0.0154,-0.045,-0.07,0.0046,0.0,-0.1104,-0.6577,-0.6619,0.9464,26
12,59,3300.0,Low*Medium*NoStarvation,45,Medium*Medium*NoStarvation,9.0,40.86,7,7,23,0.2396,0.4086,0.35,0.024,-0.2043,-0.07,0.0072,0.0,-0.2671,-0.8033,-0.8093,0.9464,96
12,60,3366.0,Medium*Medium*NoStarvation,30,Medium*Medium*NoStarvation,40.86,28.14,7,7,14,0.2121,0.2814,0.35,0.0212,-0.1407,-0.07,0.0064,0.0,-0.2044,-0.7323,-0.739,0.9464,66
12,61,3462.0,Medium*Medium*NoStarvation,45,Medium*Medium*NoStarvation,28.14,41.14,7,7,22,0.2292,0.4114,0.35,0.0229,-0.2057,-0.07,0.0069,0.0,-0.2688,-0.7881,-0.7958,0.9464,96
12,62,3488.0,Medium*Medium*NoStarvation,10,Low*Medium*NoStarvation,41.14,8.57,7,7,4,0.1538,0.0857,0.35,0.0154,-0.0429,-0.07,0.0046,0.0,-0.1082,-0.6619,-0.6655,0.9464,26
12,63,3514.0,Low*Medium*NoStarvation,10,Low*Medium*NoStarvation,8.57,6.14,7,7,5,0.1923,0.0614,0.35,0.0192,-0.0307,-0.07,0.0058,0.0,-0.0949,-0.6553,-0.6582,0.9464,26
12,64,3540.0,Low*Medium*NoStarvation,10,Low*Medium*NoStarvation,6.14,6.0,7,6,5,0.1923,0.06,0.3,0.0192,-0.03,-0.06,0.0058,0.0,-0.0842,-0.6582,-0.6601,0.9464,26
12,65,3606.0,Low*Medium*NoStarvation,30,Medium*Medium*NoStarvation,6.0,25.29,6,7,15,0.2273,0.2529,0.35,0.0227,-0.1264,-0.07,0.0068,0.0,-0.1896,-0.7494,-0.7533,0.9464,66
13,0,96.0,Low*Low*NoStarvation,20,Low*Medium*NoStarvation,0.83,16.14,2,7,21,0.4565,0.1614,0.35,0.0457,-0.0807,-0.07,0.0137,0.0,-0.137,-0.0808,-0.1459,0.9416,46
13,1,192.0,Low*Medium*NoStarvation,45,Medium*Medium*NoStarvation,16.14,39.71,7,7,46,0.4792,0.3971,0.35,0.0479,-0.1986,-0.07,0.0144,0.0,-0.2542,-0.8093,-0.8137,0.9416,96
13,2,218.0,Medium*Medium*NoStarvation,10,Low*Medium*NoStarvation,39.71,9.21,7,8,8,0.3077,0.0921,0.4,0.0308,-0.0461,-0.08,0.0092,0.0,-0.1168,-0.6655,-0.6701,0.9416,26
13,3,264.0,Low*Medium*NoStarvation,20,Low*Medium*NoStarvation,9.21,15.86,8,7,20,0.4348,0.1586,0.35,0.0435,-0.0793,-0.07,0.013,0.0,-0.1362,-0.7062,-0.7086,0.9416,46
13,4,310.0,Low*Medium*NoStarvation,20,Low*Medium*NoStarvation,15.86,16.43,7,7,21,0.4565,0.1643,0.35,0.0457,-0.0821,-0.07,0.0137,0.0,-0.1384,-0.7086,-0.711,0.9416,46
13,5,336.0,Low*Medium*NoStarvation,10,Low*Medium*NoStarvation,16.43,6.29,7,6,10,0.3846,0.0629,0.3,0.0385,-0.0314,-0.06,0.0115,0.0,-0.0799,-0.6601,-0.6615,0.9416,26
13,6,402.0,Low*Medium*NoStarvation,30,Medium*Medium*NoStarvation,6.29,26.71,6,7,30,0.4545,0.2671,0.35,0.0455,-0.1336,-0.07,0.0136,0.0,-0.1899,-0.7533,-0.7569,0.9416,66
13,7,428.0,Medium*Medium*NoStarvation,10,Low*Medium*NoStarvation,26.71,7.29,7,7,9,0.3462,0.0729,0.35,0.0346,-0.0364,-0.07,0.0104,0.0,-0.096,-0.6701,-0.6722,0.9416,26
13,8,524.0,Low*Medium*NoStarvation,45,Medium*Medium*NoStarvation,7.29,40.25,7,8,45,0.4688,0.4025,0.4,0.0469,-0.2013,-0.08,0.0141,0.0,-0.2672,-0.8137,-0.8189,0.9416,96
13,9,590.0,Medium*Medium*NoStarvation,30,Medium*Medium*NoStarvation,40.25,26.86,8,7,30,0.4545,0.2686,0.35,0.0455,-0.1343,-0.07,0.0136,0.0,-0.1906,-0.739,-0.7441,0.9416,66
13,10,636.0,Medium*Medium*NoStarvation,20,Low*Medium*NoStarvation,26.86,14.71,7,7,20,0.4348,0.1471,0.35,0.0435,-0.0736,-0.07,0.013,0.0,-0.1305,-0.6658,-0.6718,0.9416,46
13,11,682.0,Low*Medium*NoStarvation,20,Low*Medium*NoStarvation,14.71,14.71,7,7,20,0.4348,0.1471,0.35,0.0435,-0.0736,-0.07,0.013,0.0,-0.1305,-0.711,-0.7125,0.9416,46
13,12,728.0,Low*Medium*NoStarvation,20,Low*Medium*NoStarvation,14.71,16.14,7,7,20,0.4348,0.1614,0.35,0.0435,-0.0807,-0.07,0.013,0.0,-0.1377,-0.7125,-0.7145,0.9416,46
13,13,824.0,Low*Medium*NoStarvation,45,Medium*Medium*NoStarvation,16.14,41.29,7,7,45,0.4688,0.4129,0.35,0.0469,-0.2064,-0.07,0.0141,0.0,-0.2624,-0.8189,-0.8237,0.9416,96
13,14,870.0,Medium*Medium*NoStarvation,20,Low*Medium*NoStarvation,41.29,15.57,7,7,20,0.4348,0.1557,0.35,0.0435,-0.0779,-0.07,0.013,0.0,-0.1348,-0.6718,-0.6776,0.9416,46
13,15,916.0,Low*Medium*NoStarvation,20,Low*Medium*NoStarvation,15.57,16.71,7,7,20,0.4348,0.1671,0.35,0.0435,-0.0836,-0.07,0.013,0.0,-0.1405,-0.7145,-0.7167,0.9416,46
13,16,942.0,Low*Medium*NoStarvation,10,Low*Medium*NoStarvation,16.71,6.71,7,7,9,0.3462,0.0671,0.35,0.0346,-0.0336,-0.07,0.0104,0.0,-0.0932,-0.6615,-0.6642,0.9416,26
13,17,1008.0,Low*Medium*NoStarvation,30,Medium*Medium*NoStarvation,6.71,26.14,7,7,31,0.4697,0.2614,0.35,0.047,-0.1307,-0.07,0.0141,0.0,-0.1866,-0.7569,-0.7604,0.9416,66
13,18,1074.0,Medium*Medium*NoStarvation,30,Medium*Medium*NoStarvation,26.14,25.86,7,7,30,0.4545,0.2586,0.35,0.0455,-0.1293,-0.07,0.0136,0.0,-0.1856,-0.7441,-0.7488,0.9416,66
13,19,1100.0,Medium*Medium*NoStarvation,10,Low*Medium*NoStarvation,25.86,7.0,7,7,10,0.3846,0.07,0.35,0.0385,-0.035,-0.07,0.0115,0.0,-0.0935,-0.6722,-0.6741,0.9416,26
13,20,1196.0,Low*Medium*NoStarvation,45,Medium*Medium*NoStarvation,7.0,40.57,7,7,45,0.4688,0.4057,0.35,0.0469,-0.2029,-0.07,0.0141,0.0,-0.2588,-0.8237,-0.8279,0.9416,96
13,21,1242.0,Medium*Medium*NoStarvation,20,Low*Medium*NoStarvation,40.57,17.57,7,7,20,0.4348,0.1757,0.35,0.0435,-0.0879,-0.07,0.013,0.0,-0.1448,-0.6776,-0.6841,0.9416,46
13,22,1308.0,Low*Medium*NoStarvation,30,Medium*Medium*NoStarvation,17.57,26.57,7,7,30,0.4545,0.2657,0.35,0.0455,-0.1329,-0.07,0.0136,0.0,-0.1892,-0.7604,-0.7639,0.9416,66
13,23,1334.0,Medium*Medium*NoStarvation,10,Low*Medium*NoStarvation,26.57,7.29,7,7,9,0.3462,0.0729,0.35,0.0346,-0.0364,-0.07,0.0104,0.0,-0.096,-0.6741,-0.6761,0.9416,26
13,24,1400.0,Low*Medium*NoStarvation,30,Medium*Medium*NoStarvation,7.29,26.71,7,7,29,0.4394,0.2671,0.35,0.0439,-0.1336,-0.07,0.0132,0.0,-0.1904,-0.7639,-0.7674,0.9416,66
13,25,1446.0,Medium*Medium*NoStarvation,20,Low*Medium*NoStarvation,26.71,17.57,7,7,9,0.1957,0.1757,0.35,0.0196,-0.0879,-0.07,0.0059,0.0,-0.152,-0.6841,-0.6907,0.9416,46
13,26,1542.0,Low*Medium*NoStarvation,45,Medium*Medium*NoStarvation,17.57,41.43,7,7,22,0.2292,0.4143,0.35,0.0229,-0.2071,-0.07,0.0069,0.0,-0.2703,-0.8279,-0.833,0.9416,96
13,27,1638.0,Medium*Medium*NoStarvation,45,Medium*Medium*NoStarvation,41.43,41.14,7,7,23,0.2396,0.4114,0.35,0.024,-0.2057,-0.07,0.0072,0.0,-0.2685,-0.7958,-0.8039,0.9416,96
13,28,1684.0,Medium*Medium*NoStarvation,20,Low*Medium*NoStarvation,41.14,15.43,7,7,10,0.2174,0.1543,0.35,0.0217,-0.0771,-0.07,0.0065,0.0,-0.1406,-0.6907,-0.6954,0.9416,46
13,29,1710.0,Low*Medium*NoStarvation,10,Low*Medium*NoStarvation,15.43,6.71,7,7,5,0.1923,0.0671,0.35,0.0192,-0.0336,-0.07,0.0058,0.0,-0.0978,-0.6642,-0.6673,0.9416,26
13,30,1776.0,Low*Medium*NoStarvation,30,Medium*Medium*NoStarvation,6.71,25.0,7,7,15,0.2273,0.25,0.35,0.0227,-0.125,-0.07,0.0068,0.0,-0.1882,-0.7674,-0.7703,0.9416,66
13,31,1842.0,Medium*Medium*NoStarvation,30,Medium*Medium*NoStarvation,25.0,26.14,7,7,15,0.2273,0.2614,0.35,0.0227,-0.1307,-0.07,0.0068,0.0,-0.1939,-0.7488,-0.7541,0.9416,66
13,32,1868.0,Medium*Medium*NoStarvation,10,Low*Medium*NoStarvation,26.14,7.0,7,7,5,0.1923,0.07,0.35,0.0192,-0.035,-0.07,0.0058,0.0,-0.0992,-0.6761,-0.6784,0.9416,26
13,33,1964.0,Low*Medium*NoStarvation,45,Medium*Medium*NoStarvation,7.0,40.57,7,7,23,0.2396,0.4057,0.35,0.024,-0.2029,-0.07,0.0072,0.0,-0.2657,-0.833,-0.8373,0.9416,96
13,34,2030.0,Medium*Medium*NoStarvation,30,Medium*Medium*NoStarvation,40.57,26.57,7,7,15,0.2273,0.2657,0.35,0.0227,-0.1329,-0.07,0.0068,0.0,-0.196,-0.7541,-0.7594,0.9416,66
13,35,2096.0,Medium*Medium*NoStarvation,30,Medium*Medium*NoStarvation,26.57,25.57,7,7,15,0.2273,0.2557,0.35,0.0227,-0.1279,-0.07,0.0068,0.0,-0.191,-0.7594,-0.7636,0.9416,66
13,36,2122.0,Medium*Medium*NoStarvation,10,Low*Medium*NoStarvation,25.57,7.0,7,7,5,0.1923,0.07,0.35,0.0192,-0.035,-0.07,0.0058,0.0,-0.0992,-0.6784,-0.6806,0.9416,26
13,37,2218.0,Low*Medium*NoStarvation,45,Medium*Medium*NoStarvation,7.0,41.14,7,7,22,0.2292,0.4114,0.35,0.0229,-0.2057,-0.07,0.0069,0.0,-0.2688,-0.8373,-0.8417,0.9416,96
13,38,2314.0,Medium*Medium*NoStarvation,45,Medium*Medium*NoStarvation,41.14,41.57,7,7,22,0.2292,0.4157,0.35,0.0229,-0.2079,-0.07,0.0069,0.0,-0.271,-0.8039,-0.8119,0.9416,96
13,39,2410.0,Medium*Medium*NoStarvation,45,Medium*Medium*NoStarvation,41.57,41.14,7,7,22,0.2292,0.4114,0.35,0.0229,-0.2057,-0.07,0.0069,0.0,-0.2688,-0.8119,-0.8188,0.9416,96
13,40,2476.0,Medium*Medium*NoStarvation,30,Medium*Medium*NoStarvation,41.14,25.71,7,7,15,0.2273,0.2571,0.35,0.0227,-0.1286,-0.07,0.0068,0.0,-0.1918,-0.7636,-0.7677,0.9416,66
13,41,2522.0,Medium*Medium*NoStarvation,20,Low*Medium*NoStarvation,25.71,15.71,7,7,10,0.2174,0.1571,0.35,0.0217,-0.0786,-0.07,0.0065,0.0,-0.142,-0.6954,-0.7002,0.9416,46
13,42,2568.0,Low*Medium*NoStarvation,20,Low*Medium*NoStarvation,15.71,16.57,7,7,10,0.2174,0.1657,0.35,0.0217,-0.0829,-0.07,0.0065,0.0,-0.1463,-0.7167,-0.7197,0.9416,46
13,43,2664.0,Low*Medium*NoStarvation,45,Medium*Medium*NoStarvation,16.57,42.71,7,7,22,0.2292,0.4271,0.35,0.0229,-0.2136,-0.07,0.0069,0.0,-0.2767,-0.8417,-0.8465,0.9416,96
13,44,2690.0,Medium*Medium*NoStarvation,10,Low*Medium*NoStarvation,42.71,5.14,7,6,5,0.1923,0.0514,0.3,0.0192,-0.0257,-0.06,0.0058,0.0,-0.0799,-0.6806,-0.6806,0.9416,26
13,45,2786.0,Low*Medium*NoStarvation,45,Medium*Medium*NoStarvation,5.14,42.14,6,7,22,0.2292,0.4214,0.35,0.0229,-0.2107,-0.07,0.0069,0.0,-0.2738,-0.8465,-0.8505,0.9416,96
13,46,2852.0,Medium*Medium*NoStarvation,30,Medium*Medium*NoStarvation,42.14,25.71,7,7,15,0.2273,0.2571,0.35,0.0227,-0.1286,-0.07,0.0068,0.0,-0.1918,-0.7677,-0.7713,0.9416,66
13,47,2898.0,Medium*Medium*NoStarvation,20,Low*Medium*NoStarvation,25.71,16.86,7,7,10,0.2174,0.1686,0.35,0.0217,-0.0843,-0.07,0.0065,0.0,-0.1478,-0.7002,-0.705,0.9416,46
13,48,2944.0,Low*Medium*NoStarvation,20,Low*Medium*NoStarvation,16.86,16.71,7,7,10,0.2174,0.1671,0.35,0.0217,-0.0836,-0.07,0.0065,0.0,-0.147,-0.7197,-0.7225,0.9416,46
13,49,3040.0,Low*Medium*NoStarvation,45,Medium*Medium*NoStarvation,16.71,41.57,7,7,22,0.2292,0.4157,0.35,0.0229,-0.2079,-0.07,0.0069,0.0,-0.271,-0.8505,-0.8538,0.9416,96
13,50,3066.0,Medium*Medium*NoStarvation,10,Low*Medium*NoStarvation,41.57,6.0,7,6,5,0.1923,0.06,0.3,0.0192,-0.03,-0.06,0.0058,0.0,-0.0842,-0.6806,-0.681,0.9416,26
13,51,3162.0,Low*Medium*NoStarvation,45,Medium*Medium*NoStarvation,6.0,40.14,6,7,23,0.2396,0.4014,0.35,0.024,-0.2007,-0.07,0.0072,0.0,-0.2635,-0.8538,-0.856,0.9416,96
13,52,3258.0,Medium*Medium*NoStarvation,45,Medium*Medium*NoStarvation,40.14,40.43,7,7,23,0.2396,0.4043,0.35,0.024,-0.2021,-0.07,0.0072,0.0,-0.265,-0.8188,-0.8247,0.9416,96
13,53,3354.0,Medium*Medium*NoStarvation,45,Medium*Medium*NoStarvation,40.43,41.86,7,7,22,0.2292,0.4186,0.35,0.0229,-0.2093,-0.07,0.0069,0.0,-0.2724,-0.8247,-0.8308,0.9416,96
13,54,3380.0,Medium*Medium*NoStarvation,10,Low*Medium*NoStarvation,41.86,8.86,7,7,4,0.1538,0.0886,0.35,0.0154,-0.0443,-0.07,0.0046,0.0,-0.1097,-0.681,-0.6839,0.9416,26
13,55,3426.0,Low*Medium*NoStarvation,20,Low*Medium*NoStarvation,8.86,15.86,7,7,10,0.2174,0.1586,0.35,0.0217,-0.0793,-0.07,0.0065,0.0,-0.1428,-0.7225,-0.7246,0.9416,46
13,56,3492.0,Low*Medium*NoStarvation,30,Medium*Medium*NoStarvation,15.86,26.71,7,7,14,0.2121,0.2671,0.35,0.0212,-0.1336,-0.07,0.0064,0.0,-0.1972,-0.7703,-0.7746,0.9416,66
13,57,3588.0,Medium*Medium*NoStarvation,45,Medium*Medium*NoStarvation,26.71,40.43,7,7,23,0.2396,0.4043,0.35,0.024,-0.2021,-0.07,0.0072,0.0,-0.265,-0.8308,-0.8357,0.9416,96
13,58,3684.0,Medium*Medium*NoStarvation,45,Medium*Medium*NoStarvation,40.43,40.57,7,7,23,0.2396,0.4057,0.35,0.024,-0.2029,-0.07,0.0072,0.0,-0.2657,-0.8357,-0.8403,0.9416,96
14,0,116.0,Low*Low*NoStarvation,30,Medium*Medium*NoStarvation,0.83,26.71,2,7,31,0.4697,0.2671,0.35,0.047,-0.1336,-0.07,0.0141,0.0,-0.1895,-0.2489,-0.3045,0.9369,66
14,1,212.0,Medium*Medium*NoStarvation,45,Medium*Medium*NoStarvation,26.71,41.0,7,7,45,0.4688,0.41,0.35,0.0469,-0.205,-0.07,0.0141,0.0,-0.2609,-0.8403,-0.8439,0.9369,96
14,2,238.0,Medium*Medium*NoStarvation,10,Low*Medium*NoStarvation,41.0,7.21,7,8,9,0.3462,0.0721,0.4,0.0346,-0.0361,-0.08,0.0104,0.0,-0.1057,-0.6839,-0.6862,0.9369,26
14,3,334.0,Low*Medium*NoStarvation,45,Medium*Medium*NoStarvation,7.21,42.57,8,7,45,0.4688,0.4257,0.35,0.0469,-0.2129,-0.07,0.0141,0.0,-0.2688,-0.856,-0.8591,0.9369,96
14,4,400.0,Medium*Medium*NoStarvation,30,Medium*Medium*NoStarvation,42.57,27.0,7,7,30,0.4545,0.27,0.35,0.0455,-0.135,-0.07,0.0136,0.0,-0.1914,-0.7713,-0.7751,0.9369,66
14,5,426.0,Medium*Medium*NoStarvation,10,Low*Medium*NoStarvation,27.0,6.71,7,7,10,0.3846,0.0671,0.35,0.0385,-0.0336,-0.07,0.0115,0.0,-0.092,-0.6862,-0.6868,0.9369,26
14,6,472.0,Low*Medium*NoStarvation,20,Low*Medium*NoStarvation,6.71,15.71,7,7,19,0.413,0.1571,0.35,0.0413,-0.0786,-0.07,0.0124,0.0,-0.1362,-0.7246,-0.7258,0.9369,46
14,7,498.0,Low*Medium*NoStarvation,10,Low*Medium*NoStarvation,15.71,7.36,7,8,10,0.3846,0.0736,0.4,0.0385,-0.0368,-0.08,0.0115,0.0,-0.1052,-0.6673,-0.6712,0.9369,26
14,8,564.0,Low*Medium*NoStarvation,30,Medium*Medium*NoStarvation,7.36,27.0,8,7,29,0.4394,0.27,0.35,0.0439,-0.135,-0.07,0.0132,0.0,-0.1918,-0.7746,-0.7781,0.9369,66
14,9,590.0,Medium*Medium*NoStarvation,10,Low*Medium*NoStarvation,27.0,7.14,7,7,9,0.3462,0.0714,0.35,0.0346,-0.0357,-0.07,0.0104,0.0,-0.0953,-0.6868,-0.6881,0.9369,26
14,10,616.0,Low*Medium*NoStarvation,10,Low*Medium*NoStarvation,7.14,8.14,7,7,9,0.3462,0.0814,0.35,0.0346,-0.0407,-0.07,0.0104,0.0,-0.1003,-0.6712,-0.6745,0.9369,26
14,11,662.0,Low*Medium*NoStarvation,20,Low*Medium*NoStarvation,8.14,15.57,7,7,20,0.4348,0.1557,0.35,0.0435,-0.0779,-0.07,0.013,0.0,-0.1348,-0.7258,-0.7274,0.9369,46
14,12,708.0,Low*Medium*NoStarvation,20,Low*Medium*NoStarvation,15.57,17.0,7,7,20,0.4348,0.17,0.35,0.0435,-0.085,-0.07,0.013,0.0,-0.142,-0.7274,-0.7296,0.9369,46
14,13,734.0,Low*Medium*NoStarvation,10,Low*Medium*NoStarvation,17.0,6.86,7,7,10,0.3846,0.0686,0.35,0.0385,-0.0343,-0.07,0.0115,0.0,-0.0927,-0.6745,-0.677,0.9369,26
14,14,780.0,Low*Medium*NoStarvation,20,Low*Medium*NoStarvation,6.86,15.29,7,7,20,0.4348,0.1529,0.35,0.0435,-0.0764,-0.07,0.013,0.0,-0.1334,-0.7296,-0.7309,0.9369,46
14,15,846.0,Low*Medium*NoStarvation,30,Medium*Medium*NoStarvation,15.29,26.57,7,7,29,0.4394,0.2657,0.35,0.0439,-0.1329,-0.07,0.0132,0.0,-0.1897,-0.7781,-0.7812,0.9369,66
14,16,912.0,Medium*Medium*NoStarvation,30,Medium*Medium*NoStarvation,26.57,26.14,7,7,30,0.4545,0.2614,0.35,0.0455,-0.1307,-0.07,0.0136,0.0,-0.1871,-0.7751,-0.7782,0.9369,66
14,17,1008.0,Medium*Medium*NoStarvation,45,Medium*Medium*NoStarvation,26.14,39.57,7,7,46,0.4792,0.3957,0.35,0.0479,-0.1979,-0.07,0.0144,0.0,-0.2535,-0.8439,-0.8468,0.9369,96
14,18,1054.0,Medium*Medium*NoStarvation,20,Low*Medium*NoStarvation,39.57,16.29,7,7,20,0.4348,0.1629,0.35,0.0435,-0.0814,-0.07,0.013,0.0,-0.1384,-0.705,-0.7093,0.9369,46
14,19,1080.0,Low*Medium*NoStarvation,10,Low*Medium*NoStarvation,16.29,7.64,7,8,9,0.3462,0.0764,0.4,0.0346,-0.0382,-0.08,0.0104,0.0,-0.1078,-0.677,-0.681,0.9369,26
14,20,1126.0,Low*Medium*NoStarvation,20,Low*Medium*NoStarvation,7.64,15.57,8,7,20,0.4348,0.1557,0.35,0.0435,-0.0779,-0.07,0.013,0.0,-0.1348,-0.7309,-0.7326,0.9369,46
14,21,1222.0,Low*Medium*NoStarvation,45,Medium*Medium*NoStarvation,15.57,40.29,7,7,46,0.4792,0.4029,0.35,0.0479,-0.2014,-0.07,0.0144,0.0,-0.2571,-0.8591,-0.8608,0.9369,96
14,22,1268.0,Medium*Medium*NoStarvation,20,Low*Medium*NoStarvation,40.29,16.86,7,7,20,0.4348,0.1686,0.35,0.0435,-0.0843,-0.07,0.013,0.0,-0.1412,-0.7093,-0.7137,0.9369,46
14,23,1294.0,Low*Medium*NoStarvation,10,Low*Medium*NoStarvation,16.86,6.14,7,7,10,0.3846,0.0614,0.35,0.0385,-0.0307,-0.07,0.0115,0.0,-0.0892,-0.681,-0.6831,0.9369,26
14,24,1360.0,Low*Medium*NoStarvation,30,Medium*Medium*NoStarvation,6.14,26.43,7,7,30,0.4545,0.2643,0.35,0.0455,-0.1321,-0.07,0.0136,0.0,-0.1885,-0.7812,-0.7839,0.9369,66
14,25,1386.0,Medium*Medium*NoStarvation,10,Low*Medium*NoStarvation,26.43,6.14,7,6,10,0.3846,0.0614,0.3,0.0385,-0.0307,-0.06,0.0115,0.0,-0.0792,-0.6881,-0.6887,0.9369,26
14,26,1412.0,Low*Medium*NoStarvation,10,Low*Medium*NoStarvation,6.14,5.57,6,6,10,0.3846,0.0557,0.3,0.0385,-0.0279,-0.06,0.0115,0.0,-0.0763,-0.6831,-0.6839,0.9369,26
14,27,1508.0,Low*Medium*NoStarvation,45,Medium*Medium*NoStarvation,5.57,40.29,6,7,25,0.2604,0.4029,0.35,0.026,-0.2014,-0.07,0.0078,0.0,-0.2636,-0.8608,-0.863,0.9369,96
14,28,1604.0,Medium*Medium*NoStarvation,45,Medium*Medium*NoStarvation,40.29,41.43,7,7,23,0.2396,0.4143,0.35,0.024,-0.2071,-0.07,0.0072,0.0,-0.27,-0.8468,-0.8511,0.9369,96
14,29,1700.0,Medium*Medium*NoStarvation,45,Medium*Medium*NoStarvation,41.43,41.71,7,7,22,0.2292,0.4171,0.35,0.0229,-0.2086,-0.07,0.0069,0.0,-0.2717,-0.8511,-0.8551,0.9369,96
14,30,1726.0,Medium*Medium*NoStarvation,10,Low*Medium*NoStarvation,41.71,6.0,7,7,5,0.1923,0.06,0.35,0.0192,-0.03,-0.07,0.0058,0.0,-0.0942,-0.6887,-0.6908,0.9369,26
14,31,1792.0,Low*Medium*NoStarvation,30,Medium*Medium*NoStarvation,6.0,26.0,7,7,15,0.2273,0.26,0.35,0.0227,-0.13,-0.07,0.0068,0.0,-0.1932,-0.7839,-0.787,0.9369,66
14,32,1818.0,Medium*Medium*NoStarvation,10,Low*Medium*NoStarvation,26.0,5.71,7,6,5,0.1923,0.0571,0.3,0.0192,-0.0286,-0.06,0.0058,0.0,-0.0828,-0.6908,-0.6915,0.9369,26
14,33,1844.0,Low*Medium*NoStarvation,10,Low*Medium*NoStarvation,5.71,6.14,6,7,5,0.1923,0.0614,0.35,0.0192,-0.0307,-0.07,0.0058,0.0,-0.0949,-0.6839,-0.6866,0.9369,26
14,34,1890.0,Low*Medium*NoStarvation,20,Low*Medium*NoStarvation,6.14,15.71,7,7,10,0.2174,0.1571,0.35,0.0217,-0.0786,-0.07,0.0065,0.0,-0.142,-0.7326,-0.7353,0.9369,46
14,35,1916.0,Low*Medium*NoStarvation,10,Low*Medium*NoStarvation,15.71,5.86,7,7,5,0.1923,0.0586,0.35,0.0192,-0.0293,-0.07,0.0058,0.0,-0.0935,-0.6866,-0.6891,0.9369,26
14,36,1962.0,Low*Medium*NoStarvation,20,Low*Medium*NoStarvation,5.86,16.57,7,7,10,0.2174,0.1657,0.35,0.0217,-0.0829,-0.07,0.0065,0.0,-0.1463,-0.7353,-0.7384,0.9369,46
14,37,2028.0,Low*Medium*NoStarvation,30,Medium*Medium*NoStarvation,16.57,26.71,7,7,15,0.2273,0.2671,0.35,0.0227,-0.1336,-0.07,0.0068,0.0,-0.1968,-0.787,-0.7902,0.9369,66
14,38,2074.0,Medium*Medium*NoStarvation,20,Low*Medium*NoStarvation,26.71,16.29,7,7,10,0.2174,0.1629,0.35,0.0217,-0.0814,-0.07,0.0065,0.0,-0.1449,-0.7137,-0.7189,0.9369,46
14,39,2140.0,Low*Medium*NoStarvation,30,Medium*Medium*NoStarvation,16.29,27.0,7,7,15,0.2273,0.27,0.35,0.0227,-0.135,-0.07,0.0068,0.0,-0.1982,-0.7902,-0.7932,0.9369,66
14,40,2186.0,Medium*Medium*NoStarvation,20,Low*Medium*NoStarvation,27.0,15.14,7,7,10,0.2174,0.1514,0.35,0.0217,-0.0757,-0.07,0.0065,0.0,-0.1392,-0.7189,-0.7229,0.9369,46
14,41,2282.0,Low*Medium*NoStarvation,45,Medium*Medium*NoStarvation,15.14,41.57,7,7,23,0.2396,0.4157,0.35,0.024,-0.2079,-0.07,0.0072,0.0,-0.2707,-0.863,-0.866,0.9369,96
14,42,2348.0,Medium*Medium*NoStarvation,30,Medium*Medium*NoStarvation,41.57,27.0,7,7,15,0.2273,0.27,0.35,0.0227,-0.135,-0.07,0.0068,0.0,-0.1982,-0.7782,-0.7824,0.9369,66
14,43,2414.0,Medium*Medium*NoStarvation,30,Medium*Medium*NoStarvation,27.0,26.14,7,7,15,0.2273,0.2614,0.35,0.0227,-0.1307,-0.07,0.0068,0.0,-0.1939,-0.7824,-0.7858,0.9369,66
14,44,2440.0,Medium*Medium*NoStarvation,10,Low*Medium*NoStarvation,26.14,8.29,7,7,4,0.1538,0.0829,0.35,0.0154,-0.0414,-0.07,0.0046,0.0,-0.1068,-0.6915,-0.6951,0.9369,26
14,45,2486.0,Low*Medium*NoStarvation,20,Low*Medium*NoStarvation,8.29,16.71,7,7,10,0.2174,0.1671,0.35,0.0217,-0.0836,-0.07,0.0065,0.0,-0.147,-0.7384,-0.7413,0.9369,46
14,46,2552.0,Low*Medium*NoStarvation,30,Medium*Medium*NoStarvation,16.71,26.0,7,7,15,0.2273,0.26,0.35,0.0227,-0.13,-0.07,0.0068,0.0,-0.1932,-0.7932,-0.7958,0.9369,66
14,47,2598.0,Medium*Medium*NoStarvation,20,Low*Medium*NoStarvation,26.0,16.29,7,7,10,0.2174,0.1629,0.35,0.0217,-0.0814,-0.07,0.0065,0.0,-0.1449,-0.7229,-0.7271,0.9369,46
14,48,2664.0,Low*Medium*NoStarvation,30,Medium*Medium*NoStarvation,16.29,27.86,7,7,15,0.2273,0.2786,0.35,0.0227,-0.1393,-0.07,0.0068,0.0,-0.2025,-0.7958,-0.799,0.9369,66
14,49,2710.0,Medium*Medium*NoStarvation,20,Low*Medium*NoStarvation,27.86,16.86,7,7,10,0.2174,0.1686,0.35,0.0217,-0.0843,-0.07,0.0065,0.0,-0.1478,-0.7271,-0.7312,0.9369,46
14,50,2736.0,Low*Medium*NoStarvation,10,Low*Medium*NoStarvation,16.86,6.29,7,7,5,0.1923,0.0629,0.35,0.0192,-0.0314,-0.07,0.0058,0.0,-0.0957,-0.6891,-0.6918,0.9369,26
14,51,2832.0,Low*Medium*NoStarvation,45,Medium*Medium*NoStarvation,6.29,41.86,7,7,22,0.2292,0.4186,0.35,0.0229,-0.2093,-0.07,0.0069,0.0,-0.2724,-0.866,-0.8692,0.9369,96
14,52,2858.0,Medium*Medium*NoStarvation,10,Low*Medium*NoStarvation,41.86,7.0,7,7,5,0.1923,0.07,0.35,0.0192,-0.035,-0.07,0.0058,0.0,-0.0992,-0.6951,-0.6977,0.9369,26
14,53,2904.0,Low*Medium*NoStarvation,20,Low*Medium*NoStarvation,7.0,17.29,7,7,9,0.1957,0.1729,0.35,0.0196,-0.0864,-0.07,0.0059,0.0,-0.1506,-0.7413,-0.7445,0.9369,46
14,54,2970.0,Low*Medium*NoStarvation,30,Medium*Medium*NoStarvation,17.29,26.43,7,7,15,0.2273,0.2643,0.35,0.0227,-0.1321,-0.07,0.0068,0.0,-0.1953,-0.799,-0.8014,0.9369,66
14,55,3036.0,Medium*Medium*NoStarvation,30,Medium*Medium*NoStarvation,26.43,26.43,7,7,15,0.2273,0.2643,0.35,0.0227,-0.1321,-0.07,0.0068,0.0,-0.1953,-0.7858,-0.7896,0.9369,66
14,56,3082.0,Medium*Medium*NoStarvation,20,Low*Medium*NoStarvation,26.43,17.29,7,7,10,0.2174,0.1729,0.35,0.0217,-0.0864,-0.07,0.0065,0.0,-0.1499,-0.7312,-0.7353,0.9369,46
14,57,3128.0,Low*Medium*NoStarvation,20,Low*Medium*NoStarvation,17.29,17.29,7,7,9,0.1957,0.1729,0.35,0.0196,-0.0864,-0.07,0.0059,0.0,-0.1506,-0.7445,-0.7474,0.9369,46
14,58,3224.0,Low*Medium*NoStarvation,45,Medium*Medium*NoStarvation,17.29,40.57,7,7,23,0.2396,0.4057,0.35,0.024,-0.2029,-0.07,0.0072,0.0,-0.2657,-0.8692,-0.8717,0.9369,96
14,59,3250.0,Medium*Medium*NoStarvation,10,Low*Medium*NoStarvation,40.57,7.86,7,7,4,0.1538,0.0786,0.35,0.0154,-0.0393,-0.07,0.0046,0.0,-0.1047,-0.6977,-0.7007,0.9369,26
14,60,3346.0,Low*Medium*NoStarvation,45,Medium*Medium*NoStarvation,7.86,41.29,7,7,22,0.2292,0.4129,0.35,0.0229,-0.2064,-0.07,0.0069,0.0,-0.2696,-0.8717,-0.8745,0.9369,96
14,61,3412.0,Medium*Medium*NoStarvation,30,Medium*Medium*NoStarvation,41.29,26.0,7,7,15,0.2273,0.26,0.35,0.0227,-0.13,-0.07,0.0068,0.0,-0.1932,-0.7896,-0.793,0.9369,66
14,62,3458.0,Medium*Medium*NoStarvation,20,Low*Medium*NoStarvation,26.0,15.86,7,7,10,0.2174,0.1586,0.35,0.0217,-0.0793,-0.07,0.0065,0.0,-0.1428,-0.7353,-0.7383,0.9369,46
14,63,3484.0,Low*Medium*NoStarvation,10,Low*Medium*NoStarvation,15.86,7.14,7,7,4,0.1538,0.0714,0.35,0.0154,-0.0357,-0.07,0.0046,0.0,-0.1011,-0.6918,-0.6949,0.9369,26
14,64,3530.0,Low*Medium*NoStarvation,20,Low*Medium*NoStarvation,7.14,16.0,7,7,10,0.2174,0.16,0.35,0.0217,-0.08,-0.07,0.0065,0.0,-0.1435,-0.7474,-0.7495,0.9369,46
14,65,3596.0,Low*Medium*NoStarvation,30,Medium*Medium*NoStarvation,16.0,26.86,7,7,15,0.2273,0.2686,0.35,0.0227,-0.1343,-0.07,0.0068,0.0,-0.1975,-0.8014,-0.8041,0.9369,66
14,66,3622.0,Medium*Medium*NoStarvation,10,Low*Medium*NoStarvation,26.86,6.14,7,7,5,0.1923,0.0614,0.35,0.0192,-0.0307,-0.07,0.0058,0.0,-0.0949,-0.7007,-0.7027,0.9369,26
15,0,96.0,Low*Low*NoStarvation,20,Low*Medium*NoStarvation,0.83,16.14,2,7,21,0.4565,0.1614,0.35,0.0457,-0.0807,-0.07,0.0137,0.0,-0.137,-0.1459,-0.2075,0.9322,46
15,1,122.0,Low*Medium*NoStarvation,10,Low*Medium*NoStarvation,16.14,6.14,7,7,9,0.3462,0.0614,0.35,0.0346,-0.0307,-0.07,0.0104,0.0,-0.0903,-0.6949,-0.697,0.9322,26
15,2,168.0,Low*Medium*NoStarvation,20,Low*Medium*NoStarvation,6.14,17.0,7,7,20,0.4348,0.17,0.35,0.0435,-0.085,-0.07,0.013,0.0,-0.142,-0.7495,-0.7515,0.9322,46
15,3,264.0,Low*Medium*NoStarvation,45,Medium*Medium*NoStarvation,17.0,41.43,7,7,45,0.4688,0.4143,0.35,0.0469,-0.2071,-0.07,0.0141,0.0,-0.2631,-0.8745,-0.8766,0.9322,96
15,4,290.0,Medium*Medium*NoStarvation,10,Low*Medium*NoStarvation,41.43,9.14,7,7,9,0.3462,0.0914,0.35,0.0346,-0.0457,-0.07,0.0104,0.0,-0.1053,-0.7027,-0.7057,0.9322,26
15,5,386.0,Low*Medium*NoStarvation,45,Medium*Medium*NoStarvation,9.14,42.14,7,7,45,0.4688,0.4214,0.35,0.0469,-0.2107,-0.07,0.0141,0.0,-0.2667,-0.8766,-0.8791,0.9322,96
15,6,452.0,Medium*Medium*NoStarvation,30,Medium*Medium*NoStarvation,42.14,26.43,7,7,30,0.4545,0.2643,0.35,0.0455,-0.1321,-0.07,0.0136,0.0,-0.1885,-0.793,-0.7961,0.9322,66
15,7,498.0,Medium*Medium*NoStarvation,20,Low*Medium*NoStarvation,26.43,16.43,7,7,20,0.4348,0.1643,0.35,0.0435,-0.0821,-0.07,0.013,0.0,-0.1391,-0.7383,-0.7412,0.9322,46
15,8,524.0,Low*Medium*NoStarvation,10,Low*Medium*NoStarvation,16.43,6.0,7,7,10,0.3846,0.06,0.35,0.0385,-0.03,-0.07,0.0115,0.0,-0.0885,-0.697,-0.6989,0.9322,26
15,9,570.0,Low*Medium*NoStarvation,20,Low*Medium*NoStarvation,6.0,16.86,7,7,20,0.4348,0.1686,0.35,0.0435,-0.0843,-0.07,0.013,0.0,-0.1412,-0.7515,-0.7534,0.9322,46
15,10,616.0,Low*Medium*NoStarvation,20,Low*Medium*NoStarvation,16.86,16.14,7,7,20,0.4348,0.1614,0.35,0.0435,-0.0807,-0.07,0.013,0.0,-0.1377,-0.7534,-0.7547,0.9322,46
15,11,662.0,Low*Medium*NoStarvation,20,Low*Medium*NoStarvation,16.14,15.57,7,7,20,0.4348,0.1557,0.35,0.0435,-0.0779,-0.07,0.013,0.0,-0.1348,-0.7547,-0.7556,0.9322,46
15,12,758.0,Low*Medium*NoStarvation,45,Medium*Medium*NoStarvation,15.57,40.29,7,7,46,0.4792,0.4029,0.35,0.0479,-0.2014,-0.07,0.0144,0.0,-0.2571,-0.8791,-0.8804,0.9322,96
15,13,824.0,Medium*Medium*NoStarvation,30,Medium*Medium*NoStarvation,40.29,26.0,7,7,30,0.4545,0.26,0.35,0.0455,-0.13,-0.07,0.0136,0.0,-0.1864,-0.7961,-0.7986,0.9322,66
15,14,850.0,Medium*Medium*NoStarvation,10,Low*Medium*NoStarvation,26.0,6.0,7,7,9,0.3462,0.06,0.35,0.0346,-0.03,-0.07,0.0104,0.0,-0.0896,-0.7057,-0.707,0.9322,26
15,15,946.0,Low*Medium*NoStarvation,45,Medium*Medium*NoStarvation,6.0,42.57,7,7,45,0.4688,0.4257,0.35,0.0469,-0.2129,-0.07,0.0141,0.0,-0.2688,-0.8804,-0.8829,0.9322,96
15,16,992.0,Medium*Medium*NoStarvation,20,Low*Medium*NoStarvation,42.57,15.71,7,7,20,0.4348,0.1571,0.35,0.0435,-0.0786,-0.07,0.013,0.0,-0.1355,-0.7412,-0.7435,0.9322,46
15,17,1018.0,Low*Medium*NoStarvation,10,Low*Medium*NoStarvation,15.71,8.43,7,7,9,0.3462,0.0843,0.35,0.0346,-0.0421,-0.07,0.0104,0.0,-0.1018,-0.6989,-0.7021,0.9322,26
15,18,1044.0,Low*Medium*NoStarvation,10,Low*Medium*NoStarvation,8.43,6.29,7,7,9,0.3462,0.0629,0.35,0.0346,-0.0314,-0.07,0.0104,0.0,-0.091,-0.7021,-0.7042,0.9322,26
15,19,1110.0,Low*Medium*NoStarvation,30,Medium*Medium*NoStarvation,6.29,27.14,7,7,30,0.4545,0.2714,0.35,0.0455,-0.1357,-0.07,0.0136,0.0,-0.1921,-0.8041,-0.8065,0.9322,66
15,20,1176.0,Medium*Medium*NoStarvation,30,Medium*Medium*NoStarvation,27.14,26.0,7,7,29,0.4394,0.26,0.35,0.0439,-0.13,-0.07,0.0132,0.0,-0.1868,-0.7986,-0.801,0.9322,66
15,21,1242.0,Medium*Medium*NoStarvation,30,Medium*Medium*NoStarvation,26.0,26.86,7,7,30,0.4545,0.2686,0.35,0.0455,-0.1343,-0.07,0.0136,0.0,-0.1906,-0.801,-0.8036,0.9322,66
15,22,1338.0,Medium*Medium*NoStarvation,45,Medium*Medium*NoStarvation,26.86,41.43,7,7,46,0.4792,0.4143,0.35,0.0479,-0.2071,-0.07,0.0144,0.0,-0.2628,-0.8551,-0.8595,0.9322,96
15,23,1364.0,Medium*Medium*NoStarvation,10,Low*Medium*NoStarvation,41.43,6.14,7,6,9,0.3462,0.0614,0.3,0.0346,-0.0307,-0.06,0.0104,0.0,-0.0803,-0.707,-0.7077,0.9322,26
15,24,1390.0,Low*Medium*NoStarvation,10,Low*Medium*NoStarvation,6.14,6.0,6,6,10,0.3846,0.06,0.3,0.0385,-0.03,-0.06,0.0115,0.0,-0.0785,-0.7042,-0.705,0.9322,26
15,25,1416.0,Low*Medium*NoStarvation,10,Low*Medium*NoStarvation,6.0,7.71,6,7,7,0.2692,0.0771,0.35,0.0269,-0.0386,-0.07,0.0081,0.0,-0.1005,-0.705,-0.708,0.9322,26
15,26,1442.0,Low*Medium*NoStarvation,10,Low*Medium*NoStarvation,7.71,7.43,7,7,4,0.1538,0.0743,0.35,0.0154,-0.0371,-0.07,0.0046,0.0,-0.1025,-0.708,-0.7112,0.9322,26
15,27,1468.0,Low*Medium*NoStarvation,10,Low*Medium*NoStarvation,7.43,8.0,7,7,4,0.1538,0.08,0.35,0.0154,-0.04,-0.07,0.0046,0.0,-0.1054,-0.7112,-0.7146,0.9322,26
15,28,1494.0,Low*Medium*NoStarvation,10,Low*Medium*NoStarvation,8.0,7.0,7,7,5,0.1923,0.07,0.35,0.0192,-0.035,-0.07,0.0058,0.0,-0.0992,-0.7146,-0.7174,0.9322,26
15,29,1590.0,Low*Medium*NoStarvation,45,Medium*Medium*NoStarvation,7.0,41.14,7,7,23,0.2396,0.4114,0.35,0.024,-0.2057,-0.07,0.0072,0.0,-0.2685,-0.8829,-0.8852,0.9322,96
15,30,1636.0,Medium*Medium*NoStarvation,20,Low*Medium*NoStarvation,41.14,16.43,7,7,10,0.2174,0.1643,0.35,0.0217,-0.0821,-0.07,0.0065,0.0,-0.1456,-0.7435,-0.7483,0.9322,46
15,31,1662.0,Low*Medium*NoStarvation,10,Low*Medium*NoStarvation,16.43,8.43,7,7,4,0.1538,0.0843,0.35,0.0154,-0.0421,-0.07,0.0046,0.0,-0.1075,-0.7174,-0.7209,0.9322,26
15,32,1708.0,Low*Medium*NoStarvation,20,Low*Medium*NoStarvation,8.43,16.0,7,7,10,0.2174,0.16,0.35,0.0217,-0.08,-0.07,0.0065,0.0,-0.1435,-0.7556,-0.7593,0.9322,46
15,33,1734.0,Low*Medium*NoStarvation,10,Low*Medium*NoStarvation,16.0,7.86,7,7,4,0.1538,0.0786,0.35,0.0154,-0.0393,-0.07,0.0046,0.0,-0.1047,-0.7209,-0.7242,0.9322,26
15,34,1830.0,Low*Medium*NoStarvation,45,Medium*Medium*NoStarvation,7.86,41.43,7,7,23,0.2396,0.4143,0.35,0.024,-0.2071,-0.07,0.0072,0.0,-0.27,-0.8852,-0.8873,0.9322,96
15,35,1856.0,Medium*Medium*NoStarvation,10,Low*Medium*NoStarvation,41.43,8.43,7,7,4,0.1538,0.0843,0.35,0.0154,-0.0421,-0.07,0.0046,0.0,-0.1075,-0.7077,-0.7128,0.9322,26
15,36,1902.0,Low*Medium*NoStarvation,20,Low*Medium*NoStarvation,8.43,16.86,7,7,10,0.2174,0.1686,0.35,0.0217,-0.0843,-0.07,0.0065,0.0,-0.1478,-0.7593,-0.7633,0.9322,46
15,37,1948.0,Low*Medium*NoStarvation,20,Low*Medium*NoStarvation,16.86,16.14,7,7,10,0.2174,0.1614,0.35,0.0217,-0.0807,-0.07,0.0065,0.0,-0.1442,-0.7633,-0.7666,0.9322,46
15,38,2014.0,Low*Medium*NoStarvation,30,Medium*Medium*NoStarvation,16.14,26.43,7,7,15,0.2273,0.2643,0.35,0.0227,-0.1321,-0.07,0.0068,0.0,-0.1953,-0.8065,-0.8096,0.9322,66
15,39,2080.0,Medium*Medium*NoStarvation,30,Medium*Medium*NoStarvation,26.43,27.0,7,7,15,0.2273,0.27,0.35,0.0227,-0.135,-0.07,0.0068,0.0,-0.1982,-0.8036,-0.8072,0.9322,66
15,40,2176.0,Medium*Medium*NoStarvation,45,Medium*Medium*NoStarvation,27.0,41.0,7,7,22,0.2292,0.41,0.35,0.0229,-0.205,-0.07,0.0069,0.0,-0.2681,-0.8595,-0.8645,0.9322,96
15,41,2202.0,Medium*Medium*NoStarvation,10,Low*Medium*NoStarvation,41.0,5.71,7,6,5,0.1923,0.0571,0.3,0.0192,-0.0286,-0.06,0.0058,0.0,-0.0828,-0.7128,-0.715,0.9322,26
15,42,2248.0,Low*Medium*NoStarvation,20,Low*Medium*NoStarvation,5.71,16.86,6,7,10,0.2174,0.1686,0.35,0.0217,-0.0843,-0.07,0.0065,0.0,-0.1478,-0.7666,-0.7699,0.9322,46
15,43,2344.0,Low*Medium*NoStarvation,45,Medium*Medium*NoStarvation,16.86,41.71,7,7,22,0.2292,0.4171,0.35,0.0229,-0.2086,-0.07,0.0069,0.0,-0.2717,-0.8873,-0.8901,0.9322,96
15,44,2370.0,Medium*Medium*NoStarvation,10,Low*Medium*NoStarvation,41.71,5.43,7,7,5,0.1923,0.0543,0.35,0.0192,-0.0271,-0.07,0.0058,0.0,-0.0914,-0.715,-0.7178,0.9322,26
15,45,2436.0,Low*Medium*NoStarvation,30,Medium*Medium*NoStarvation,5.43,26.43,7,7,15,0.2273,0.2643,0.35,0.0227,-0.1321,-0.07,0.0068,0.0,-0.1953,-0.8096,-0.8127,0.9322,66
15,46,2532.0,Medium*Medium*NoStarvation,45,Medium*Medium*NoStarvation,26.43,40.29,7,7,23,0.2396,0.4029,0.35,0.024,-0.2014,-0.07,0.0072,0.0,-0.2642,-0.8645,-0.8691,0.9322,96
15,47,2578.0,Medium*Medium*NoStarvation,20,Low*Medium*NoStarvation,40.29,16.57,7,7,10,0.2174,0.1657,0.35,0.0217,-0.0829,-0.07,0.0065,0.0,-0.1463,-0.7483,-0.7533,0.9322,46
15,48,2674.0,Low*Medium*NoStarvation,45,Medium*Medium*NoStarvation,16.57,41.71,7,7,23,0.2396,0.4171,0.35,0.024,-0.2086,-0.07,0.0072,0.0,-0.2714,-0.8901,-0.8928,0.9322,96
15,49,2720.0,Medium*Medium*NoStarvation,20,Low*Medium*NoStarvation,41.71,16.43,7,7,10,0.2174,0.1643,0.35,0.0217,-0.0821,-0.07,0.0065,0.0,-0.1456,-0.7533,-0.7577,0.9322,46
15,50,2816.0,Low*Medium*NoStarvation,45,Medium*Medium*NoStarvation,16.43,42.0,7,7,22,0.2292,0.42,0.35,0.0229,-0.21,-0.07,0.0069,0.0,-0.2731,-0.8928,-0.8955,0.9322,96
15,51,2842.0,Medium*Medium*NoStarvation,10,Low*Medium*NoStarvation,42.0,5.71,7,7,5,0.1923,0.0571,0.35,0.0192,-0.0286,-0.07,0.0058,0.0,-0.0928,-0.7178,-0.7205,0.9322,26
15,52,2938.0,Low*Medium*NoStarvation,45,Medium*Medium*NoStarvation,5.71,41.57,7,7,22,0.2292,0.4157,0.35,0.0229,-0.2079,-0.07,0.0069,0.0,-0.271,-0.8955,-0.8979,0.9322,96
15,53,2964.0,Medium*Medium*NoStarvation,10,Low*Medium*NoStarvation,41.57,5.43,7,6,5,0.1923,0.0543,0.3,0.0192,-0.0271,-0.06,0.0058,0.0,-0.0814,-0.7205,-0.7218,0.9322,26
15,54,2990.0,Low*Medium*NoStarvation,10,Low*Medium*NoStarvation,5.43,9.43,6,7,4,0.1538,0.0943,0.35,0.0154,-0.0471,-0.07,0.0046,0.0,-0.1125,-0.7242,-0.7282,0.9322,26
15,55,3056.0,Low*Medium*NoStarvation,30,Medium*Medium*NoStarvation,9.43,26.71,7,7,15,0.2273,0.2671,0.35,0.0227,-0.1336,-0.07,0.0068,0.0,-0.1968,-0.8127,-0.8161,0.9322,66
15,56,3082.0,Medium*Medium*NoStarvation,10,Low*Medium*NoStarvation,26.71,8.57,7,7,4,0.1538,0.0857,0.35,0.0154,-0.0429,-0.07,0.0046,0.0,-0.1082,-0.7218,-0.726,0.9322,26
15,57,3178.0,Low*Medium*NoStarvation,45,Medium*Medium*NoStarvation,8.57,41.86,7,7,23,0.2396,0.4186,0.35,0.024,-0.2093,-0.07,0.0072,0.0,-0.2721,-0.8979,-0.9006,0.9322,96
15,58,3274.0,Medium*Medium*NoStarvation,45,Medium*Medium*NoStarvation,41.86,41.57,7,7,22,0.2292,0.4157,0.35,0.0229,-0.2079,-0.07,0.0069,0.0,-0.271,-0.8691,-0.8746,0.9322,96
15,59,3370.0,Medium*Medium*NoStarvation,45,Medium*Medium*NoStarvation,41.57,41.86,7,7,22,0.2292,0.4186,0.35,0.0229,-0.2093,-0.07,0.0069,0.0,-0.2724,-0.8746,-0.8797,0.9322,96
15,60,3466.0,Medium*Medium*NoStarvation,45,Medium*Medium*NoStarvation,41.86,41.29,7,7,23,0.2396,0.4129,0.35,0.024,-0.2064,-0.07,0.0072,0.0,-0.2692,-0.8797,-0.884,0.9322,96
15,61,3532.0,Medium*Medium*NoStarvation,30,Medium*Medium*NoStarvation,41.29,27.43,7,7,15,0.2273,0.2743,0.35,0.0227,-0.1371,-0.07,0.0068,0.0,-0.2003,-0.8072,-0.8119,0.9322,66
15,62,3598.0,Medium*Medium*NoStarvation,30,Medium*Medium*NoStarvation,27.43,26.71,7,7,15,0.2273,0.2671,0.35,0.0227,-0.1336,-0.07,0.0068,0.0,-0.1968,-0.8119,-0.8157,0.9322,66
15,63,3644.0,Medium*Medium*NoStarvation,20,Low*Medium*NoStarvation,26.71,15.29,7,7,10,0.2174,0.1529,0.35,0.0217,-0.0764,-0.07,0.0065,0.0,-0.1399,-0.7577,-0.7614,0.9322,46
16,0,146.0,Low*Low*NoStarvation,45,Medium*Medium*NoStarvation,0.83,40.71,2,7,47,0.4896,0.4071,0.35,0.049,-0.2036,-0.07,0.0147,0.0,-0.2589,-0.0823,-0.1653,0.9276,96
16,1,212.0,Medium*Medium*NoStarvation,30,Medium*Medium*NoStarvation,40.71,27.29,7,7,30,0.4545,0.2729,0.35,0.0455,-0.1364,-0.07,0.0136,0.0,-0.1928,-0.8157,-0.8188,0.9276,66
16,2,278.0,Medium*Medium*NoStarvation,30,Medium*Medium*NoStarvation,27.29,27.71,7,7,30,0.4545,0.2771,0.35,0.0455,-0.1386,-0.07,0.0136,0.0,-0.1949,-0.8188,-0.8217,0.9276,66
16,3,304.0,Medium*Medium*NoStarvation,10,Low*Medium*NoStarvation,27.71,7.11,7,8,9,0.3462,0.0711,0.4,0.0346,-0.0355,-0.08,0.0104,0.0,-0.1052,-0.726,-0.7294,0.9276,26
16,4,330.0,Low*Medium*NoStarvation,10,Low*Medium*NoStarvation,7.11,8.43,8,7,9,0.3462,0.0843,0.35,0.0346,-0.0421,-0.07,0.0104,0.0,-0.1018,-0.7282,-0.7311,0.9276,26
16,5,356.0,Low*Medium*NoStarvation,10,Low*Medium*NoStarvation,8.43,8.43,7,7,8,0.3077,0.0843,0.35,0.0308,-0.0421,-0.07,0.0092,0.0,-0.1029,-0.7311,-0.7341,0.9276,26
16,6,402.0,Low*Medium*NoStarvation,20,Low*Medium*NoStarvation,8.43,14.86,7,7,20,0.4348,0.1486,0.35,0.0435,-0.0743,-0.07,0.013,0.0,-0.1312,-0.7699,-0.7721,0.9276,46
16,7,498.0,Low*Medium*NoStarvation,45,Medium*Medium*NoStarvation,14.86,42.43,7,7,45,0.4688,0.4243,0.35,0.0469,-0.2121,-0.07,0.0141,0.0,-0.2681,-0.9006,-0.903,0.9276,96
16,8,524.0,Medium*Medium*NoStarvation,10,Low*Medium*NoStarvation,42.43,6.79,7,8,9,0.3462,0.0679,0.4,0.0346,-0.0339,-0.08,0.0104,0.0,-0.1035,-0.7294,-0.7329,0.9276,26
16,9,620.0,Low*Medium*NoStarvation,45,Medium*Medium*NoStarvation,6.79,40.0,8,7,46,0.4792,0.4,0.35,0.0479,-0.2,-0.07,0.0144,0.0,-0.2556,-0.903,-0.9042,0.9276,96
16,10,646.0,Medium*Medium*NoStarvation,10,Low*Medium*NoStarvation,40.0,7.29,7,7,9,0.3462,0.0729,0.35,0.0346,-0.0364,-0.07,0.0104,0.0,-0.096,-0.7329,-0.7353,0.9276,26
16,11,712.0,Low*Medium*NoStarvation,30,Medium*Medium*NoStarvation,7.29,26.86,7,7,30,0.4545,0.2686,0.35,0.0455,-0.1343,-0.07,0.0136,0.0,-0.1906,-0.8161,-0.8197,0.9276,66
16,12,738.0,Medium*Medium*NoStarvation,10,Low*Medium*NoStarvation,26.86,6.14,7,7,10,0.3846,0.0614,0.35,0.0385,-0.0307,-0.07,0.0115,0.0,-0.0892,-0.7353,-0.7367,0.9276,26
16,13,764.0,Low*Medium*NoStarvation,10,Low*Medium*NoStarvation,6.14,7.43,7,7,9,0.3462,0.0743,0.35,0.0346,-0.0371,-0.07,0.0104,0.0,-0.0968,-0.7341,-0.7364,0.9276,26
16,14,790.0,Low*Medium*NoStarvation,10,Low*Medium*NoStarvation,7.43,6.43,7,7,10,0.3846,0.0643,0.35,0.0385,-0.0321,-0.07,0.0115,0.0,-0.0906,-0.7364,-0.7381,0.9276,26
16,15,816.0,Low*Medium*NoStarvation,10,Low*Medium*NoStarvation,6.43,7.71,7,7,9,0.3462,0.0771,0.35,0.0346,-0.0386,-0.07,0.0104,0.0,-0.0982,-0.7381,-0.7405,0.9276,26
16,16,842.0,Low*Medium*NoStarvation,10,Low*Medium*NoStarvation,7.71,6.29,7,7,10,0.3846,0.0629,0.35,0.0385,-0.0314,-0.07,0.0115,0.0,-0.0899,-0.7405,-0.7421,0.9276,26
16,17,938.0,Low*Medium*NoStarvation,45,Medium*Medium*NoStarvation,6.29,40.43,7,7,45,0.4688,0.4043,0.35,0.0469,-0.2021,-0.07,0.0141,0.0,-0.2581,-0.9042,-0.9059,0.9276,96
16,18,964.0,Medium*Medium*NoStarvation,10,Low*Medium*NoStarvation,40.43,7.0,7,7,8,0.3077,0.07,0.35,0.0308,-0.035,-0.07,0.0092,0.0,-0.0958,-0.7367,-0.7394,0.9276,26
16,19,1030.0,Low*Medium*NoStarvation,30,Medium*Medium*NoStarvation,7.0,25.86,7,7,30,0.4545,0.2586,0.35,0.0455,-0.1293,-0.07,0.0136,0.0,-0.1856,-0.8197,-0.8229,0.9276,66
16,20,1076.0,Medium*Medium*NoStarvation,20,Low*Medium*NoStarvation,25.86,15.43,7,7,21,0.4565,0.1543,0.35,0.0457,-0.0771,-0.07,0.0137,0.0,-0.1334,-0.7614,-0.7654,0.9276,46
16,21,1102.0,Low*Medium*NoStarvation,10,Low*Medium*NoStarvation,15.43,7.93,7,8,8,0.3077,0.0793,0.4,0.0308,-0.0396,-0.08,0.0092,0.0,-0.1104,-0.7421,-0.7458,0.9276,26
16,22,1198.0,Low*Medium*NoStarvation,45,Medium*Medium*NoStarvation,7.93,43.29,8,7,45,0.4688,0.4329,0.35,0.0469,-0.2164,-0.07,0.0141,0.0,-0.2724,-0.9059,-0.9091,0.9276,96
16,23,1224.0,Medium*Medium*NoStarvation,10,Low*Medium*NoStarvation,43.29,6.79,7,8,10,0.3846,0.0679,0.4,0.0385,-0.0339,-0.08,0.0115,0.0,-0.1024,-0.7394,-0.7428,0.9276,26
16,24,1250.0,Low*Medium*NoStarvation,10,Low*Medium*NoStarvation,6.79,7.57,8,7,8,0.3077,0.0757,0.35,0.0308,-0.0379,-0.07,0.0092,0.0,-0.0986,-0.7458,-0.7482,0.9276,26
16,25,1276.0,Low*Medium*NoStarvation,10,Low*Medium*NoStarvation,7.57,5.71,7,7,10,0.3846,0.0571,0.35,0.0385,-0.0286,-0.07,0.0115,0.0,-0.087,-0.7482,-0.7494,0.9276,26
16,26,1342.0,Low*Medium*NoStarvation,30,Medium*Medium*NoStarvation,5.71,26.14,7,7,30,0.4545,0.2614,0.35,0.0455,-0.1307,-0.07,0.0136,0.0,-0.1871,-0.8229,-0.8261,0.9276,66
16,27,1408.0,Medium*Medium*NoStarvation,30,Medium*Medium*NoStarvation,26.14,26.14,7,7,30,0.4545,0.2614,0.35,0.0455,-0.1307,-0.07,0.0136,0.0,-0.1871,-0.8217,-0.8251,0.9276,66
16,28,1434.0,Medium*Medium*NoStarvation,10,Low*Medium*NoStarvation,26.14,9.14,7,7,10,0.3846,0.0914,0.35,0.0385,-0.0457,-0.07,0.0115,0.0,-0.1042,-0.7428,-0.7464,0.9276,26
16,29,1460.0,Low*Medium*NoStarvation,10,Low*Medium*NoStarvation,9.14,8.43,7,7,4,0.1538,0.0843,0.35,0.0154,-0.0421,-0.07,0.0046,0.0,-0.1075,-0.7494,-0.7526,0.9276,26
16,30,1506.0,Low*Medium*NoStarvation,20,Low*Medium*NoStarvation,8.43,16.14,7,7,10,0.2174,0.1614,0.35,0.0217,-0.0807,-0.07,0.0065,0.0,-0.1442,-0.7721,-0.777,0.9276,46
16,31,1602.0,Low*Medium*NoStarvation,45,Medium*Medium*NoStarvation,16.14,42.43,7,7,22,0.2292,0.4243,0.35,0.0229,-0.2121,-0.07,0.0069,0.0,-0.2753,-0.9091,-0.9129,0.9276,96
16,32,1698.0,Medium*Medium*NoStarvation,45,Medium*Medium*NoStarvation,42.43,41.86,7,7,22,0.2292,0.4186,0.35,0.0229,-0.2093,-0.07,0.0069,0.0,-0.2724,-0.884,-0.89,0.9276,96
16,33,1764.0,Medium*Medium*NoStarvation,30,Medium*Medium*NoStarvation,41.86,27.71,7,7,14,0.2121,0.2771,0.35,0.0212,-0.1386,-0.07,0.0064,0.0,-0.2022,-0.8251,-0.83,0.9276,66
16,34,1860.0,Medium*Medium*NoStarvation,45,Medium*Medium*NoStarvation,27.71,39.29,7,7,23,0.2396,0.3929,0.35,0.024,-0.1964,-0.07,0.0072,0.0,-0.2592,-0.89,-0.8941,0.9276,96
16,35,1956.0,Medium*Medium*NoStarvation,45,Medium*Medium*NoStarvation,39.29,41.0,7,7,23,0.2396,0.41,0.35,0.024,-0.205,-0.07,0.0072,0.0,-0.2678,-0.8941,-0.8987,0.9276,96
16,36,2052.0,Medium*Medium*NoStarvation,45,Medium*Medium*NoStarvation,41.0,40.43,7,7,23,0.2396,0.4043,0.35,0.024,-0.2021,-0.07,0.0072,0.0,-0.265,-0.8987,-0.9025,0.9276,96
16,37,2118.0,Medium*Medium*NoStarvation,30,Medium*Medium*NoStarvation,40.43,26.29,7,7,15,0.2273,0.2629,0.35,0.0227,-0.1314,-0.07,0.0068,0.0,-0.1946,-0.83,-0.8336,0.9276,66
16,38,2214.0,Medium*Medium*NoStarvation,45,Medium*Medium*NoStarvation,26.29,41.0,7,7,23,0.2396,0.41,0.35,0.024,-0.205,-0.07,0.0072,0.0,-0.2678,-0.9025,-0.9062,0.9276,96
16,39,2240.0,Medium*Medium*NoStarvation,10,Low*Medium*NoStarvation,41.0,6.43,7,7,5,0.1923,0.0643,0.35,0.0192,-0.0321,-0.07,0.0058,0.0,-0.0964,-0.7464,-0.7492,0.9276,26
16,40,2306.0,Low*Medium*NoStarvation,30,Medium*Medium*NoStarvation,6.43,26.14,7,7,15,0.2273,0.2614,0.35,0.0227,-0.1307,-0.07,0.0068,0.0,-0.1939,-0.8261,-0.8303,0.9276,66
16,41,2332.0,Medium*Medium*NoStarvation,10,Low*Medium*NoStarvation,26.14,5.86,7,7,5,0.1923,0.0586,0.35,0.0192,-0.0293,-0.07,0.0058,0.0,-0.0935,-0.7492,-0.7513,0.9276,26
16,42,2378.0,Low*Medium*NoStarvation,20,Low*Medium*NoStarvation,5.86,16.43,7,7,10,0.2174,0.1643,0.35,0.0217,-0.0821,-0.07,0.0065,0.0,-0.1456,-0.777,-0.7816,0.9276,46
16,43,2474.0,Low*Medium*NoStarvation,45,Medium*Medium*NoStarvation,16.43,40.43,7,7,23,0.2396,0.4043,0.35,0.024,-0.2021,-0.07,0.0072,0.0,-0.265,-0.9129,-0.9157,0.9276,96
16,44,2570.0,Medium*Medium*NoStarvation,45,Medium*Medium*NoStarvation,40.43,39.86,7,7,23,0.2396,0.3986,0.35,0.024,-0.1993,-0.07,0.0072,0.0,-0.2621,-0.9062,-0.9094,0.9276,96
16,45,2596.0,Medium*Medium*NoStarvation,10,Low*Medium*NoStarvation,39.86,6.57,7,7,5,0.1923,0.0657,0.35,0.0192,-0.0329,-0.07,0.0058,0.0,-0.0971,-0.7513,-0.7536,0.9276,26
16,46,2622.0,Low*Medium*NoStarvation,10,Low*Medium*NoStarvation,6.57,8.29,7,7,4,0.1538,0.0829,0.35,0.0154,-0.0414,-0.07,0.0046,0.0,-0.1068,-0.7526,-0.7558,0.9276,26
16,47,2718.0,Low*Medium*NoStarvation,45,Medium*Medium*NoStarvation,8.29,40.29,7,7,22,0.2292,0.4029,0.35,0.0229,-0.2014,-0.07,0.0069,0.0,-0.2646,-0.9157,-0.9184,0.9276,96
16,48,2784.0,Medium*Medium*NoStarvation,30,Medium*Medium*NoStarvation,40.29,26.43,7,7,15,0.2273,0.2643,0.35,0.0227,-0.1321,-0.07,0.0068,0.0,-0.1953,-0.8336,-0.8376,0.9276,66
16,49,2880.0,Medium*Medium*NoStarvation,45,Medium*Medium*NoStarvation,26.43,41.43,7,7,22,0.2292,0.4143,0.35,0.0229,-0.2071,-0.07,0.0069,0.0,-0.2703,-0.9094,-0.9133,0.9276,96
16,50,2946.0,Medium*Medium*NoStarvation,30,Medium*Medium*NoStarvation,41.43,25.71,7,7,15,0.2273,0.2571,0.35,0.0227,-0.1286,-0.07,0.0068,0.0,-0.1918,-0.8376,-0.8409,0.9276,66
16,51,3012.0,Medium*Medium*NoStarvation,30,Medium*Medium*NoStarvation,25.71,28.14,7,7,14,0.2121,0.2814,0.35,0.0212,-0.1407,-0.07,0.0064,0.0,-0.2044,-0.8409,-0.845,0.9276,66
16,52,3038.0,Medium*Medium*NoStarvation,10,Low*Medium*NoStarvation,28.14,6.29,7,7,5,0.1923,0.0629,0.35,0.0192,-0.0314,-0.07,0.0058,0.0,-0.0957,-0.7536,-0.7559,0.9276,26
16,53,3064.0,Low*Medium*NoStarvation,10,Low*Medium*NoStarvation,6.29,7.71,7,7,4,0.1538,0.0771,0.35,0.0154,-0.0386,-0.07,0.0046,0.0,-0.104,-0.7558,-0.7586,0.9276,26
16,54,3130.0,Low*Medium*NoStarvation,30,Medium*Medium*NoStarvation,7.71,26.43,7,7,15,0.2273,0.2643,0.35,0.0227,-0.1321,-0.07,0.0068,0.0,-0.1953,-0.8303,-0.8349,0.9276,66
16,55,3226.0,Medium*Medium*NoStarvation,45,Medium*Medium*NoStarvation,26.43,42.14,7,7,22,0.2292,0.4214,0.35,0.0229,-0.2107,-0.07,0.0069,0.0,-0.2738,-0.9133,-0.9174,0.9276,96
16,56,3252.0,Medium*Medium*NoStarvation,10,Low*Medium*NoStarvation,42.14,7.43,7,7,4,0.1538,0.0743,0.35,0.0154,-0.0371,-0.07,0.0046,0.0,-0.1025,-0.7559,-0.7588,0.9276,26
16,57,3318.0,Low*Medium*NoStarvation,30,Medium*Medium*NoStarvation,7.43,26.14,7,7,15,0.2273,0.2614,0.35,0.0227,-0.1307,-0.07,0.0068,0.0,-0.1939,-0.8349,-0.8391,0.9276,66
16,58,3414.0,Medium*Medium*NoStarvation,45,Medium*Medium*NoStarvation,26.14,41.0,7,7,22,0.2292,0.41,0.35,0.0229,-0.205,-0.07,0.0069,0.0,-0.2681,-0.9174,-0.9208,0.9276,96
16,59,3460.0,Medium*Medium*NoStarvation,20,Low*Medium*NoStarvation,41.0,16.29,7,7,10,0.2174,0.1629,0.35,0.0217,-0.0814,-0.07,0.0065,0.0,-0.1449,-0.7654,-0.7716,0.9276,46
16,60,3556.0,Low*Medium*NoStarvation,45,Medium*Medium*NoStarvation,16.29,41.29,7,7,22,0.2292,0.4129,0.35,0.0229,-0.2064,-0.07,0.0069,0.0,-0.2696,-0.9184,-0.9219,0.9276,96
16,61,3622.0,Medium*Medium*NoStarvation,30,Medium*Medium*NoStarvation,41.29,26.57,7,7,14,0.2121,0.2657,0.35,0.0212,-0.1329,-0.07,0.0064,0.0,-0.1965,-0.845,-0.8485,0.9276,66
17,0,146.0,Low*Low*NoStarvation,45,Medium*Medium*NoStarvation,0.83,40.71,2,7,47,0.4896,0.4071,0.35,0.049,-0.2036,-0.07,0.0147,0.0,-0.2589,-0.1653,-0.2429,0.9229,96
17,1,212.0,Medium*Medium*NoStarvation,30,Medium*Medium*NoStarvation,40.71,27.29,7,7,30,0.4545,0.2729,0.35,0.0455,-0.1364,-0.07,0.0136,0.0,-0.1928,-0.8485,-0.8512,0.9229,66
17,2,278.0,Medium*Medium*NoStarvation,30,Medium*Medium*NoStarvation,27.29,27.71,7,7,30,0.4545,0.2771,0.35,0.0455,-0.1386,-0.07,0.0136,0.0,-0.1949,-0.8512,-0.8539,0.9229,66
17,3,304.0,Medium*Medium*NoStarvation,10,Low*Medium*NoStarvation,27.71,7.11,7,8,9,0.3462,0.0711,0.4,0.0346,-0.0355,-0.08,0.0104,0.0,-0.1052,-0.7588,-0.7617,0.9229,26
17,4,370.0,Low*Medium*NoStarvation,30,Medium*Medium*NoStarvation,7.11,25.71,8,7,30,0.4545,0.2571,0.35,0.0455,-0.1286,-0.07,0.0136,0.0,-0.1849,-0.8391,-0.8422,0.9229,66
17,5,416.0,Medium*Medium*NoStarvation,20,Low*Medium*NoStarvation,25.71,15.71,7,7,20,0.4348,0.1571,0.35,0.0435,-0.0786,-0.07,0.013,0.0,-0.1355,-0.7716,-0.7763,0.9229,46
17,6,462.0,Low*Medium*NoStarvation,20,Low*Medium*NoStarvation,15.71,16.43,7,7,20,0.4348,0.1643,0.35,0.0435,-0.0821,-0.07,0.013,0.0,-0.1391,-0.7816,-0.7856,0.9229,46
17,7,488.0,Low*Medium*NoStarvation,10,Low*Medium*NoStarvation,16.43,6.0,7,7,10,0.3846,0.06,0.35,0.0385,-0.03,-0.07,0.0115,0.0,-0.0885,-0.7586,-0.7599,0.9229,26
17,8,514.0,Low*Medium*NoStarvation,10,Low*Medium*NoStarvation,6.0,7.0,7,7,9,0.3462,0.07,0.35,0.0346,-0.035,-0.07,0.0104,0.0,-0.0946,-0.7599,-0.7618,0.9229,26
17,9,560.0,Low*Medium*NoStarvation,20,Low*Medium*NoStarvation,7.0,15.71,7,7,20,0.4348,0.1571,0.35,0.0435,-0.0786,-0.07,0.013,0.0,-0.1355,-0.7856,-0.7892,0.9229,46
17,10,586.0,Low*Medium*NoStarvation,10,Low*Medium*NoStarvation,15.71,6.29,7,7,10,0.3846,0.0629,0.35,0.0385,-0.0314,-0.07,0.0115,0.0,-0.0899,-0.7618,-0.7631,0.9229,26
17,11,652.0,Low*Medium*NoStarvation,30,Medium*Medium*NoStarvation,6.29,25.43,7,7,30,0.4545,0.2543,0.35,0.0455,-0.1271,-0.07,0.0136,0.0,-0.1835,-0.8422,-0.8449,0.9229,66
17,12,678.0,Medium*Medium*NoStarvation,10,Low*Medium*NoStarvation,25.43,7.0,7,7,10,0.3846,0.07,0.35,0.0385,-0.035,-0.07,0.0115,0.0,-0.0935,-0.7617,-0.7636,0.9229,26
17,13,774.0,Low*Medium*NoStarvation,45,Medium*Medium*NoStarvation,7.0,41.43,7,7,45,0.4688,0.4143,0.35,0.0469,-0.2071,-0.07,0.0141,0.0,-0.2631,-0.9219,-0.9247,0.9229,96
17,14,840.0,Medium*Medium*NoStarvation,30,Medium*Medium*NoStarvation,41.43,26.86,7,7,29,0.4394,0.2686,0.35,0.0439,-0.1343,-0.07,0.0132,0.0,-0.1911,-0.8539,-0.8563,0.9229,66
17,15,886.0,Medium*Medium*NoStarvation,20,Low*Medium*NoStarvation,26.86,16.43,7,7,20,0.4348,0.1643,0.35,0.0435,-0.0821,-0.07,0.013,0.0,-0.1391,-0.7763,-0.7813,0.9229,46
17,16,912.0,Low*Medium*NoStarvation,10,Low*Medium*NoStarvation,16.43,9.64,7,8,9,0.3462,0.0964,0.4,0.0346,-0.0482,-0.08,0.0104,0.0,-0.1178,-0.7631,-0.7673,0.9229,26
17,17,1008.0,Low*Medium*NoStarvation,45,Medium*Medium*NoStarvation,9.64,40.19,8,8,45,0.4688,0.4019,0.4,0.0469,-0.201,-0.08,0.0141,0.0,-0.2669,-0.9247,-0.9276,0.9229,96
17,18,1074.0,Medium*Medium*NoStarvation,30,Medium*Medium*NoStarvation,40.19,27.71,8,7,28,0.4242,0.2771,0.35,0.0424,-0.1386,-0.07,0.0127,0.0,-0.1958,-0.8563,-0.859,0.9229,66
17,19,1170.0,Medium*Medium*NoStarvation,45,Medium*Medium*NoStarvation,27.71,41.0,7,7,44,0.4583,0.41,0.35,0.0458,-0.205,-0.07,0.0137,0.0,-0.2612,-0.9208,-0.9235,0.9229,96
17,20,1236.0,Medium*Medium*NoStarvation,30,Medium*Medium*NoStarvation,41.0,26.57,7,7,31,0.4697,0.2657,0.35,0.047,-0.1329,-0.07,0.0141,0.0,-0.1888,-0.859,-0.8607,0.9229,66
17,21,1262.0,Medium*Medium*NoStarvation,10,Low*Medium*NoStarvation,26.57,5.79,7,7,10,0.3846,0.0579,0.35,0.0385,-0.0289,-0.07,0.0115,0.0,-0.0874,-0.7636,-0.765,0.9229,26
17,22,1358.0,Low*Medium*NoStarvation,45,Medium*Medium*NoStarvation,5.79,40.29,7,7,45,0.4688,0.4029,0.35,0.0469,-0.2014,-0.07,0.0141,0.0,-0.2574,-0.9276,-0.9295,0.9229,96
17,23,1404.0,Medium*Medium*NoStarvation,20,Low*Medium*NoStarvation,40.29,16.86,7,7,19,0.413,0.1686,0.35,0.0413,-0.0843,-0.07,0.0124,0.0,-0.1419,-0.7813,-0.7864,0.9229,46
17,24,1430.0,Low*Medium*NoStarvation,10,Low*Medium*NoStarvation,16.86,7.71,7,7,4,0.1538,0.0771,0.35,0.0154,-0.0386,-0.07,0.0046,0.0,-0.104,-0.7673,-0.77,0.9229,26
17,25,1476.0,Low*Medium*NoStarvation,20,Low*Medium*NoStarvation,7.71,15.86,7,7,10,0.2174,0.1586,0.35,0.0217,-0.0793,-0.07,0.0065,0.0,-0.1428,-0.7892,-0.7938,0.9229,46
17,26,1572.0,Low*Medium*NoStarvation,45,Medium*Medium*NoStarvation,15.86,41.71,7,7,23,0.2396,0.4171,0.35,0.024,-0.2086,-0.07,0.0072,0.0,-0.2714,-0.9295,-0.9325,0.9229,96
17,27,1618.0,Medium*Medium*NoStarvation,20,Low*Medium*NoStarvation,41.71,15.29,7,7,10,0.2174,0.1529,0.35,0.0217,-0.0764,-0.07,0.0065,0.0,-0.1399,-0.7864,-0.791,0.9229,46
17,28,1644.0,Low*Medium*NoStarvation,10,Low*Medium*NoStarvation,15.29,5.43,7,6,5,0.1923,0.0543,0.3,0.0192,-0.0271,-0.06,0.0058,0.0,-0.0814,-0.77,-0.7704,0.9229,26
17,29,1670.0,Low*Medium*NoStarvation,10,Low*Medium*NoStarvation,5.43,8.29,6,7,4,0.1538,0.0829,0.35,0.0154,-0.0414,-0.07,0.0046,0.0,-0.1068,-0.7704,-0.7734,0.9229,26
17,30,1716.0,Low*Medium*NoStarvation,20,Low*Medium*NoStarvation,8.29,17.0,7,7,10,0.2174,0.17,0.35,0.0217,-0.085,-0.07,0.0065,0.0,-0.1485,-0.7938,-0.7989,0.9229,46
17,31,1782.0,Low*Medium*NoStarvation,30,Medium*Medium*NoStarvation,17.0,25.71,7,7,15,0.2273,0.2571,0.35,0.0227,-0.1286,-0.07,0.0068,0.0,-0.1918,-0.8449,-0.8484,0.9229,66
17,32,1878.0,Medium*Medium*NoStarvation,45,Medium*Medium*NoStarvation,25.71,40.43,7,7,22,0.2292,0.4043,0.35,0.0229,-0.2021,-0.07,0.0069,0.0,-0.2653,-0.9235,-0.9266,0.9229,96
17,33,1904.0,Medium*Medium*NoStarvation,10,Low*Medium*NoStarvation,40.43,6.71,7,7,5,0.1923,0.0671,0.35,0.0192,-0.0336,-0.07,0.0058,0.0,-0.0978,-0.765,-0.7679,0.9229,26
17,34,1950.0,Low*Medium*NoStarvation,20,Low*Medium*NoStarvation,6.71,16.29,7,7,10,0.2174,0.1629,0.35,0.0217,-0.0814,-0.07,0.0065,0.0,-0.1449,-0.7989,-0.8031,0.9229,46
17,35,1976.0,Low*Medium*NoStarvation,10,Low*Medium*NoStarvation,16.29,8.57,7,7,4,0.1538,0.0857,0.35,0.0154,-0.0429,-0.07,0.0046,0.0,-0.1082,-0.7734,-0.7765,0.9229,26
17,36,2022.0,Low*Medium*NoStarvation,20,Low*Medium*NoStarvation,8.57,16.0,7,7,10,0.2174,0.16,0.35,0.0217,-0.08,-0.07,0.0065,0.0,-0.1435,-0.8031,-0.807,0.9229,46
17,37,2048.0,Low*Medium*NoStarvation,10,Low*Medium*NoStarvation,16.0,6.0,7,7,5,0.1923,0.06,0.35,0.0192,-0.03,-0.07,0.0058,0.0,-0.0942,-0.7765,-0.7782,0.9229,26
17,38,2074.0,Low*Medium*NoStarvation,10,Low*Medium*NoStarvation,6.0,7.86,7,7,4,0.1538,0.0786,0.35,0.0154,-0.0393,-0.07,0.0046,0.0,-0.1047,-0.7782,-0.7808,0.9229,26
17,39,2120.0,Low*Medium*NoStarvation,20,Low*Medium*NoStarvation,7.86,15.14,7,7,11,0.2391,0.1514,0.35,0.0239,-0.0757,-0.07,0.0072,0.0,-0.1385,-0.807,-0.8105,0.9229,46
17,40,2186.0,Low*Medium*NoStarvation,30,Medium*Medium*NoStarvation,15.14,26.57,7,7,14,0.2121,0.2657,0.35,0.0212,-0.1329,-0.07,0.0064,0.0,-0.1965,-0.8484,-0.8523,0.9229,66
17,41,2232.0,Medium*Medium*NoStarvation,20,Low*Medium*NoStarvation,26.57,15.86,7,7,10,0.2174,0.1586,0.35,0.0217,-0.0793,-0.07,0.0065,0.0,-0.1428,-0.791,-0.7965,0.9229,46
17,42,2258.0,Low*Medium*NoStarvation,10,Low*Medium*NoStarvation,15.86,8.43,7,7,4,0.1538,0.0843,0.35,0.0154,-0.0421,-0.07,0.0046,0.0,-0.1075,-0.7808,-0.7838,0.9229,26
17,43,2284.0,Low*Medium*NoStarvation,10,Low*Medium*NoStarvation,8.43,6.43,7,7,5,0.1923,0.0643,0.35,0.0192,-0.0321,-0.07,0.0058,0.0,-0.0964,-0.7838,-0.7856,0.9229,26
17,44,2310.0,Low*Medium*NoStarvation,10,Low*Medium*NoStarvation,6.43,8.14,7,7,4,0.1538,0.0814,0.35,0.0154,-0.0407,-0.07,0.0046,0.0,-0.1061,-0.7856,-0.7883,0.9229,26
17,45,2376.0,Low*Medium*NoStarvation,30,Medium*Medium*NoStarvation,8.14,25.29,7,7,15,0.2273,0.2529,0.35,0.0227,-0.1264,-0.07,0.0068,0.0,-0.1896,-0.8523,-0.8552,0.9229,66
17,46,2442.0,Medium*Medium*NoStarvation,30,Medium*Medium*NoStarvation,25.29,26.29,7,7,15,0.2273,0.2629,0.35,0.0227,-0.1314,-0.07,0.0068,0.0,-0.1946,-0.8607,-0.8632,0.9229,66
17,47,2488.0,Medium*Medium*NoStarvation,20,Low*Medium*NoStarvation,26.29,15.71,7,7,10,0.2174,0.1571,0.35,0.0217,-0.0786,-0.07,0.0065,0.0,-0.142,-0.7965,-0.802,0.9229,46
17,48,2514.0,Low*Medium*NoStarvation,10,Low*Medium*NoStarvation,15.71,8.14,7,7,4,0.1538,0.0814,0.35,0.0154,-0.0407,-0.07,0.0046,0.0,-0.1061,-0.7883,-0.7911,0.9229,26
17,49,2540.0,Low*Medium*NoStarvation,10,Low*Medium*NoStarvation,8.14,6.29,7,7,5,0.1923,0.0629,0.35,0.0192,-0.0314,-0.07,0.0058,0.0,-0.0957,-0.7911,-0.7927,0.9229,26
17,50,2606.0,Low*Medium*NoStarvation,30,Medium*Medium*NoStarvation,6.29,26.43,7,7,15,0.2273,0.2643,0.35,0.0227,-0.1321,-0.07,0.0068,0.0,-0.1953,-0.8552,-0.8583,0.9229,66
17,51,2702.0,Medium*Medium*NoStarvation,45,Medium*Medium*NoStarvation,26.43,40.14,7,7,22,0.2292,0.4014,0.35,0.0229,-0.2007,-0.07,0.0069,0.0,-0.2638,-0.9266,-0.9294,0.9229,96
17,52,2728.0,Medium*Medium*NoStarvation,10,Low*Medium*NoStarvation,40.14,8.29,7,7,4,0.1538,0.0829,0.35,0.0154,-0.0414,-0.07,0.0046,0.0,-0.1068,-0.7679,-0.7731,0.9229,26
17,53,2774.0,Low*Medium*NoStarvation,20,Low*Medium*NoStarvation,8.29,16.57,7,7,10,0.2174,0.1657,0.35,0.0217,-0.0829,-0.07,0.0065,0.0,-0.1463,-0.8105,-0.8154,0.9229,46
17,54,2840.0,Low*Medium*NoStarvation,30,Medium*Medium*NoStarvation,16.57,26.14,7,7,15,0.2273,0.2614,0.35,0.0227,-0.1307,-0.07,0.0068,0.0,-0.1939,-0.8583,-0.8614,0.9229,66
17,55,2936.0,Medium*Medium*NoStarvation,45,Medium*Medium*NoStarvation,26.14,41.86,7,7,22,0.2292,0.4186,0.35,0.0229,-0.2093,-0.07,0.0069,0.0,-0.2724,-0.9294,-0.9333,0.9229,96
17,56,3002.0,Medium*Medium*NoStarvation,30,Medium*Medium*NoStarvation,41.86,26.14,7,7,15,0.2273,0.2614,0.35,0.0227,-0.1307,-0.07,0.0068,0.0,-0.1939,-0.8632,-0.8658,0.9229,66
17,57,3068.0,Medium*Medium*NoStarvation,30,Medium*Medium*NoStarvation,26.14,25.29,7,7,15,0.2273,0.2529,0.35,0.0227,-0.1264,-0.07,0.0068,0.0,-0.1896,-0.8658,-0.8678,0.9229,66
17,58,3134.0,Medium*Medium*NoStarvation,30,Medium*Medium*NoStarvation,25.29,26.57,7,7,15,0.2273,0.2657,0.35,0.0227,-0.1329,-0.07,0.0068,0.0,-0.196,-0.8678,-0.8702,0.9229,66
17,59,3230.0,Medium*Medium*NoStarvation,45,Medium*Medium*NoStarvation,26.57,40.86,7,7,22,0.2292,0.4086,0.35,0.0229,-0.2043,-0.07,0.0069,0.0,-0.2674,-0.9333,-0.9363,0.9229,96
17,60,3326.0,Medium*Medium*NoStarvation,45,Medium*Medium*NoStarvation,40.86,40.43,7,7,22,0.2292,0.4043,0.35,0.0229,-0.2021,-0.07,0.0069,0.0,-0.2653,-0.9363,-0.9388,0.9229,96
17,61,3372.0,Medium*Medium*NoStarvation,20,Low*Medium*NoStarvation,40.43,16.71,7,7,10,0.2174,0.1671,0.35,0.0217,-0.0836,-0.07,0.0065,0.0,-0.147,-0.802,-0.8078,0.9229,46
17,62,3398.0,Low*Medium*NoStarvation,10,Low*Medium*NoStarvation,16.71,5.0,7,6,5,0.1923,0.05,0.3,0.0192,-0.025,-0.06,0.0058,0.0,-0.0792,-0.7927,-0.7927,0.9229,26
17,63,3444.0,Low*Medium*NoStarvation,20,Low*Medium*NoStarvation,5.0,16.14,6,7,10,0.2174,0.1614,0.35,0.0217,-0.0807,-0.07,0.0065,0.0,-0.1442,-0.8154,-0.8196,0.9229,46
17,64,3510.0,Low*Medium*NoStarvation,30,Medium*Medium*NoStarvation,16.14,26.29,7,7,15,0.2273,0.2629,0.35,0.0227,-0.1314,-0.07,0.0068,0.0,-0.1946,-0.8614,-0.8643,0.9229,66
17,65,3536.0,Medium*Medium*NoStarvation,10,Low*Medium*NoStarvation,26.29,5.86,7,7,5,0.1923,0.0586,0.35,0.0192,-0.0293,-0.07,0.0058,0.0,-0.0935,-0.7731,-0.7765,0.9229,26
17,66,3632.0,Low*Medium*NoStarvation,45,Medium*Medium*NoStarvation,5.86,42.14,7,7,22,0.2292,0.4214,0.35,0.0229,-0.2107,-0.07,0.0069,0.0,-0.2738,-0.9325,-0.9365,0.9229,96
18,0,96.0,Low*Low*NoStarvation,20,Low*Medium*NoStarvation,0.83,16.14,2,7,21,0.4565,0.1614,0.35,0.0457,-0.0807,-0.07,0.0137,0.0,-0.137,-0.2075,-0.2718,0.9183,46
18,1,192.0,Low*Medium*NoStarvation,45,Medium*Medium*NoStarvation,16.14,39.71,7,7,46,0.4792,0.3971,0.35,0.0479,-0.1986,-0.07,0.0144,0.0,-0.2542,-0.9365,-0.9382,0.9183,96
18,2,218.0,Medium*Medium*NoStarvation,10,Low*Medium*NoStarvation,39.71,9.21,7,8,8,0.3077,0.0921,0.4,0.0308,-0.0461,-0.08,0.0092,0.0,-0.1168,-0.7765,-0.7819,0.9183,26
18,3,284.0,Low*Medium*NoStarvation,30,Medium*Medium*NoStarvation,9.21,26.14,8,7,30,0.4545,0.2614,0.35,0.0455,-0.1307,-0.07,0.0136,0.0,-0.1871,-0.8643,-0.867,0.9183,66
18,4,310.0,Medium*Medium*NoStarvation,10,Low*Medium*NoStarvation,26.14,5.71,7,6,10,0.3846,0.0571,0.3,0.0385,-0.0286,-0.06,0.0115,0.0,-0.077,-0.7819,-0.7828,0.9183,26
18,5,336.0,Low*Medium*NoStarvation,10,Low*Medium*NoStarvation,5.71,6.71,6,7,10,0.3846,0.0671,0.35,0.0385,-0.0336,-0.07,0.0115,0.0,-0.092,-0.7927,-0.794,0.9183,26
18,6,362.0,Low*Medium*NoStarvation,10,Low*Medium*NoStarvation,6.71,6.14,7,6,10,0.3846,0.0614,0.3,0.0385,-0.0307,-0.06,0.0115,0.0,-0.0792,-0.794,-0.794,0.9183,26
18,7,458.0,Low*Medium*NoStarvation,45,Medium*Medium*NoStarvation,6.14,42.0,6,7,45,0.4688,0.42,0.35,0.0469,-0.21,-0.07,0.0141,0.0,-0.2659,-0.9382,-0.9414,0.9183,96
18,8,484.0,Medium*Medium*NoStarvation,10,Low*Medium*NoStarvation,42.0,6.0,7,6,9,0.3462,0.06,0.3,0.0346,-0.03,-0.06,0.0104,0.0,-0.0796,-0.7828,-0.7839,0.9183,26
18,9,510.0,Low*Medium*NoStarvation,10,Low*Medium*NoStarvation,6.0,5.57,6,6,10,0.3846,0.0557,0.3,0.0385,-0.0279,-0.06,0.0115,0.0,-0.0763,-0.794,-0.7937,0.9183,26
18,10,606.0,Low*Medium*NoStarvation,45,Medium*Medium*NoStarvation,5.57,43.0,6,7,45,0.4688,0.43,0.35,0.0469,-0.215,-0.07,0.0141,0.0,-0.2709,-0.9414,-0.9449,0.9183,96
18,11,672.0,Medium*Medium*NoStarvation,30,Medium*Medium*NoStarvation,43.0,26.29,7,7,30,0.4545,0.2629,0.35,0.0455,-0.1314,-0.07,0.0136,0.0,-0.1878,-0.8702,-0.8725,0.9183,66
18,12,768.0,Medium*Medium*NoStarvation,45,Medium*Medium*NoStarvation,26.29,42.62,7,8,46,0.4792,0.4262,0.4,0.0479,-0.2131,-0.08,0.0144,0.0,-0.2787,-0.9388,-0.9433,0.9183,96
18,13,864.0,Medium*Medium*NoStarvation,45,Medium*Medium*NoStarvation,42.62,41.71,8,7,42,0.4375,0.4171,0.35,0.0437,-0.2086,-0.07,0.0131,0.0,-0.2654,-0.9433,-0.9461,0.9183,96
18,14,910.0,Medium*Medium*NoStarvation,20,Low*Medium*NoStarvation,41.71,16.86,7,7,21,0.4565,0.1686,0.35,0.0457,-0.0843,-0.07,0.0137,0.0,-0.1406,-0.8078,-0.8126,0.9183,46
18,15,936.0,Low*Medium*NoStarvation,10,Low*Medium*NoStarvation,16.86,6.14,7,7,9,0.3462,0.0614,0.35,0.0346,-0.0307,-0.07,0.0104,0.0,-0.0903,-0.7937,-0.7948,0.9183,26
18,16,1032.0,Low*Medium*NoStarvation,45,Medium*Medium*NoStarvation,6.14,40.29,7,7,46,0.4792,0.4029,0.35,0.0479,-0.2014,-0.07,0.0144,0.0,-0.2571,-0.9449,-0.9467,0.9183,96
18,17,1058.0,Medium*Medium*NoStarvation,10,Low*Medium*NoStarvation,40.29,8.71,7,7,9,0.3462,0.0871,0.35,0.0346,-0.0436,-0.07,0.0104,0.0,-0.1032,-0.7839,-0.7874,0.9183,26
18,18,1084.0,Low*Medium*NoStarvation,10,Low*Medium*NoStarvation,8.71,7.71,7,7,9,0.3462,0.0771,0.35,0.0346,-0.0386,-0.07,0.0104,0.0,-0.0982,-0.7948,-0.7966,0.9183,26
18,19,1130.0,Low*Medium*NoStarvation,20,Low*Medium*NoStarvation,7.71,16.43,7,7,20,0.4348,0.1643,0.35,0.0435,-0.0821,-0.07,0.013,0.0,-0.1391,-0.8196,-0.8233,0.9183,46
18,20,1156.0,Low*Medium*NoStarvation,10,Low*Medium*NoStarvation,16.43,7.57,7,7,9,0.3462,0.0757,0.35,0.0346,-0.0379,-0.07,0.0104,0.0,-0.0975,-0.7966,-0.7984,0.9183,26
18,21,1222.0,Low*Medium*NoStarvation,30,Medium*Medium*NoStarvation,7.57,26.71,7,7,30,0.4545,0.2671,0.35,0.0455,-0.1336,-0.07,0.0136,0.0,-0.1899,-0.867,-0.8701,0.9183,66
18,22,1288.0,Medium*Medium*NoStarvation,30,Medium*Medium*NoStarvation,26.71,26.14,7,7,30,0.4545,0.2614,0.35,0.0455,-0.1307,-0.07,0.0136,0.0,-0.1871,-0.8725,-0.8748,0.9183,66
18,23,1334.0,Medium*Medium*NoStarvation,20,Low*Medium*NoStarvation,26.14,16.86,7,7,20,0.4348,0.1686,0.35,0.0435,-0.0843,-0.07,0.013,0.0,-0.1412,-0.8126,-0.8173,0.9183,46
18,24,1360.0,Low*Medium*NoStarvation,10,Low*Medium*NoStarvation,16.86,7.25,7,8,10,0.3846,0.0725,0.4,0.0385,-0.0362,-0.08,0.0115,0.0,-0.1047,-0.7984,-0.8009,0.9183,26
18,25,1386.0,Low*Medium*NoStarvation,10,Low*Medium*NoStarvation,7.25,7.57,8,7,8,0.3077,0.0757,0.35,0.0308,-0.0379,-0.07,0.0092,0.0,-0.0986,-0.8009,-0.8028,0.9183,26
18,26,1482.0,Low*Medium*NoStarvation,45,Medium*Medium*NoStarvation,7.57,42.14,7,7,28,0.2917,0.4214,0.35,0.0292,-0.2107,-0.07,0.0087,0.0,-0.272,-0.9467,-0.9501,0.9183,96
18,27,1508.0,Medium*Medium*NoStarvation,10,Low*Medium*NoStarvation,42.14,5.71,7,7,5,0.1923,0.0571,0.35,0.0192,-0.0286,-0.07,0.0058,0.0,-0.0928,-0.7874,-0.7901,0.9183,26
18,28,1604.0,Low*Medium*NoStarvation,45,Medium*Medium*NoStarvation,5.71,39.86,7,7,23,0.2396,0.3986,0.35,0.024,-0.1993,-0.07,0.0072,0.0,-0.2621,-0.9501,-0.9524,0.9183,96
18,29,1670.0,Medium*Medium*NoStarvation,30,Medium*Medium*NoStarvation,39.86,27.0,7,7,14,0.2121,0.27,0.35,0.0212,-0.135,-0.07,0.0064,0.0,-0.1986,-0.8748,-0.8783,0.9183,66
18,30,1736.0,Medium*Medium*NoStarvation,30,Medium*Medium*NoStarvation,27.0,26.86,7,7,15,0.2273,0.2686,0.35,0.0227,-0.1343,-0.07,0.0068,0.0,-0.1975,-0.8783,-0.8814,0.9183,66
18,31,1802.0,Medium*Medium*NoStarvation,30,Medium*Medium*NoStarvation,26.86,27.86,7,7,15,0.2273,0.2786,0.35,0.0227,-0.1393,-0.07,0.0068,0.0,-0.2025,-0.8814,-0.8846,0.9183,66
18,32,1848.0,Medium*Medium*NoStarvation,20,Low*Medium*NoStarvation,27.86,17.29,7,7,10,0.2174,0.1729,0.35,0.0217,-0.0864,-0.07,0.0065,0.0,-0.1499,-0.8173,-0.8228,0.9183,46
18,33,1914.0,Low*Medium*NoStarvation,30,Medium*Medium*NoStarvation,17.29,27.29,7,7,15,0.2273,0.2729,0.35,0.0227,-0.1364,-0.07,0.0068,0.0,-0.1996,-0.8701,-0.8742,0.9183,66
18,34,1980.0,Medium*Medium*NoStarvation,30,Medium*Medium*NoStarvation,27.29,24.86,7,7,15,0.2273,0.2486,0.35,0.0227,-0.1243,-0.07,0.0068,0.0,-0.1875,-0.8846,-0.886,0.9183,66
18,35,2006.0,Medium*Medium*NoStarvation,10,Low*Medium*NoStarvation,24.86,6.29,7,7,5,0.1923,0.0629,0.35,0.0192,-0.0314,-0.07,0.0058,0.0,-0.0957,-0.7901,-0.7929,0.9183,26
18,36,2072.0,Low*Medium*NoStarvation,30,Medium*Medium*NoStarvation,6.29,26.43,7,7,15,0.2273,0.2643,0.35,0.0227,-0.1321,-0.07,0.0068,0.0,-0.1953,-0.8742,-0.8777,0.9183,66
18,37,2168.0,Medium*Medium*NoStarvation,45,Medium*Medium*NoStarvation,26.43,40.14,7,7,23,0.2396,0.4014,0.35,0.024,-0.2007,-0.07,0.0072,0.0,-0.2635,-0.9461,-0.9492,0.9183,96
18,38,2264.0,Medium*Medium*NoStarvation,45,Medium*Medium*NoStarvation,40.14,40.29,7,7,23,0.2396,0.4029,0.35,0.024,-0.2014,-0.07,0.0072,0.0,-0.2642,-0.9492,-0.9521,0.9183,96
18,39,2290.0,Medium*Medium*NoStarvation,10,Low*Medium*NoStarvation,40.29,6.43,7,7,5,0.1923,0.0643,0.35,0.0192,-0.0321,-0.07,0.0058,0.0,-0.0964,-0.7929,-0.7955,0.9183,26
18,40,2316.0,Low*Medium*NoStarvation,10,Low*Medium*NoStarvation,6.43,5.29,7,6,5,0.1923,0.0529,0.3,0.0192,-0.0264,-0.06,0.0058,0.0,-0.0807,-0.8028,-0.8028,0.9183,26
18,41,2412.0,Low*Medium*NoStarvation,45,Medium*Medium*NoStarvation,5.29,39.71,6,7,23,0.2396,0.3971,0.35,0.024,-0.1986,-0.07,0.0072,0.0,-0.2614,-0.9524,-0.9549,0.9183,96
18,42,2478.0,Medium*Medium*NoStarvation,30,Medium*Medium*NoStarvation,39.71,25.86,7,7,15,0.2273,0.2586,0.35,0.0227,-0.1293,-0.07,0.0068,0.0,-0.1925,-0.886,-0.8882,0.9183,66
18,43,2574.0,Medium*Medium*NoStarvation,45,Medium*Medium*NoStarvation,25.86,42.29,7,7,22,0.2292,0.4229,0.35,0.0229,-0.2114,-0.07,0.0069,0.0,-0.2746,-0.9521,-0.9559,0.9183,96
18,44,2670.0,Medium*Medium*NoStarvation,45,Medium*Medium*NoStarvation,42.29,39.71,7,7,23,0.2396,0.3971,0.35,0.024,-0.1986,-0.07,0.0072,0.0,-0.2614,-0.9559,-0.958,0.9183,96
18,45,2736.0,Medium*Medium*NoStarvation,30,Medium*Medium*NoStarvation,39.71,25.86,7,7,15,0.2273,0.2586,0.35,0.0227,-0.1293,-0.07,0.0068,0.0,-0.1925,-0.8882,-0.8903,0.9183,66
18,46,2782.0,Medium*Medium*NoStarvation,20,Low*Medium*NoStarvation,25.86,14.29,7,7,10,0.2174,0.1429,0.35,0.0217,-0.0714,-0.07,0.0065,0.0,-0.1349,-0.8228,-0.8263,0.9183,46
18,47,2808.0,Low*Medium*NoStarvation,10,Low*Medium*NoStarvation,14.29,8.14,7,7,4,0.1538,0.0814,0.35,0.0154,-0.0407,-0.07,0.0046,0.0,-0.1061,-0.8028,-0.8054,0.9183,26
18,48,2904.0,Low*Medium*NoStarvation,45,Medium*Medium*NoStarvation,8.14,41.0,7,7,22,0.2292,0.41,0.35,0.0229,-0.205,-0.07,0.0069,0.0,-0.2681,-0.9549,-0.9578,0.9183,96
18,49,2930.0,Medium*Medium*NoStarvation,10,Low*Medium*NoStarvation,41.0,6.29,7,7,5,0.1923,0.0629,0.35,0.0192,-0.0314,-0.07,0.0058,0.0,-0.0957,-0.7955,-0.798,0.9183,26
18,50,2956.0,Low*Medium*NoStarvation,10,Low*Medium*NoStarvation,6.29,8.43,7,7,4,0.1538,0.0843,0.35,0.0154,-0.0421,-0.07,0.0046,0.0,-0.1075,-0.8054,-0.8081,0.9183,26
18,51,3052.0,Low*Medium*NoStarvation,45,Medium*Medium*NoStarvation,8.43,43.71,7,7,22,0.2292,0.4371,0.35,0.0229,-0.2186,-0.07,0.0069,0.0,-0.2817,-0.9578,-0.962,0.9183,96
18,52,3118.0,Medium*Medium*NoStarvation,30,Medium*Medium*NoStarvation,43.71,27.0,7,7,15,0.2273,0.27,0.35,0.0227,-0.135,-0.07,0.0068,0.0,-0.1982,-0.8903,-0.8929,0.9183,66
18,53,3164.0,Medium*Medium*NoStarvation,20,Low*Medium*NoStarvation,27.0,16.29,7,7,10,0.2174,0.1629,0.35,0.0217,-0.0814,-0.07,0.0065,0.0,-0.1449,-0.8263,-0.8308,0.9183,46
18,54,3230.0,Low*Medium*NoStarvation,30,Medium*Medium*NoStarvation,16.29,27.86,7,7,15,0.2273,0.2786,0.35,0.0227,-0.1393,-0.07,0.0068,0.0,-0.2025,-0.8777,-0.882,0.9183,66
18,55,3296.0,Medium*Medium*NoStarvation,30,Medium*Medium*NoStarvation,27.86,26.57,7,7,15,0.2273,0.2657,0.35,0.0227,-0.1329,-0.07,0.0068,0.0,-0.196,-0.8929,-0.895,0.9183,66
18,56,3342.0,Medium*Medium*NoStarvation,20,Low*Medium*NoStarvation,26.57,15.43,7,7,10,0.2174,0.1543,0.35,0.0217,-0.0771,-0.07,0.0065,0.0,-0.1406,-0.8308,-0.8346,0.9183,46
18,57,3408.0,Low*Medium*NoStarvation,30,Medium*Medium*NoStarvation,15.43,25.86,7,7,15,0.2273,0.2586,0.35,0.0227,-0.1293,-0.07,0.0068,0.0,-0.1925,-0.882,-0.8849,0.9183,66
18,58,3434.0,Medium*Medium*NoStarvation,10,Low*Medium*NoStarvation,25.86,8.14,7,7,4,0.1538,0.0814,0.35,0.0154,-0.0407,-0.07,0.0046,0.0,-0.1061,-0.798,-0.8016,0.9183,26
18,59,3500.0,Low*Medium*NoStarvation,30,Medium*Medium*NoStarvation,8.14,27.57,7,7,14,0.2121,0.2757,0.35,0.0212,-0.1379,-0.07,0.0064,0.0,-0.2015,-0.8849,-0.8887,0.9183,66
18,60,3526.0,Medium*Medium*NoStarvation,10,Low*Medium*NoStarvation,27.57,7.0,7,7,5,0.1923,0.07,0.35,0.0192,-0.035,-0.07,0.0058,0.0,-0.0992,-0.8016,-0.8041,0.9183,26
18,61,3572.0,Low*Medium*NoStarvation,20,Low*Medium*NoStarvation,7.0,15.57,7,7,10,0.2174,0.1557,0.35,0.0217,-0.0779,-0.07,0.0065,0.0,-0.1413,-0.8233,-0.8278,0.9183,46
18,62,3668.0,Low*Medium*NoStarvation,45,Medium*Medium*NoStarvation,15.57,42.29,7,7,22,0.2292,0.4229,0.35,0.0229,-0.2114,-0.07,0.0069,0.0,-0.2746,-0.962,-0.9656,0.9183,96
19,0,146.0,Low*Low*NoStarvation,45,Medium*Medium*NoStarvation,0.83,40.71,2,7,47,0.4896,0.4071,0.35,0.049,-0.2036,-0.07,0.0147,0.0,-0.2589,-0.2429,-0.3169,0.9137,96
19,1,172.0,Medium*Medium*NoStarvation,10,Low*Medium*NoStarvation,40.71,8.43,7,7,9,0.3462,0.0843,0.35,0.0346,-0.0421,-0.07,0.0104,0.0,-0.1018,-0.8041,-0.8066,0.9137,26
19,2,238.0,Low*Medium*NoStarvation,30,Medium*Medium*NoStarvation,8.43,26.57,7,7,30,0.4545,0.2657,0.35,0.0455,-0.1329,-0.07,0.0136,0.0,-0.1892,-0.8887,-0.8913,0.9137,66
19,3,304.0,Medium*Medium*NoStarvation,30,Medium*Medium*NoStarvation,26.57,25.43,7,7,31,0.4697,0.2543,0.35,0.047,-0.1271,-0.07,0.0141,0.0,-0.1831,-0.895,-0.8964,0.9137,66
19,4,400.0,Medium*Medium*NoStarvation,45,Medium*Medium*NoStarvation,25.43,41.11,7,8,44,0.4583,0.4111,0.4,0.0458,-0.2055,-0.08,0.0137,0.0,-0.2718,-0.958,-0.962,0.9137,96
19,5,426.0,Medium*Medium*NoStarvation,10,Low*Medium*NoStarvation,41.11,6.57,8,7,10,0.3846,0.0657,0.35,0.0385,-0.0329,-0.07,0.0115,0.0,-0.0913,-0.8066,-0.8078,0.9137,26
19,6,452.0,Low*Medium*NoStarvation,10,Low*Medium*NoStarvation,6.57,6.0,7,7,9,0.3462,0.06,0.35,0.0346,-0.03,-0.07,0.0104,0.0,-0.0896,-0.8081,-0.809,0.9137,26
19,7,518.0,Low*Medium*NoStarvation,30,Medium*Medium*NoStarvation,6.0,26.14,7,7,30,0.4545,0.2614,0.35,0.0455,-0.1307,-0.07,0.0136,0.0,-0.1871,-0.8913,-0.8936,0.9137,66
19,8,564.0,Medium*Medium*NoStarvation,20,Low*Medium*NoStarvation,26.14,16.0,7,7,21,0.4565,0.16,0.35,0.0457,-0.08,-0.07,0.0137,0.0,-0.1363,-0.8346,-0.8375,0.9137,46
19,9,660.0,Low*Medium*NoStarvation,45,Medium*Medium*NoStarvation,16.0,40.96,7,8,46,0.4792,0.4096,0.4,0.0479,-0.2048,-0.08,0.0144,0.0,-0.2704,-0.9656,-0.9688,0.9137,96
19,10,726.0,Medium*Medium*NoStarvation,30,Medium*Medium*NoStarvation,40.96,26.29,8,7,29,0.4394,0.2629,0.35,0.0439,-0.1314,-0.07,0.0132,0.0,-0.1882,-0.8964,-0.8983,0.9137,66
19,11,752.0,Medium*Medium*NoStarvation,10,Low*Medium*NoStarvation,26.29,7.43,7,7,10,0.3846,0.0743,0.35,0.0385,-0.0371,-0.07,0.0115,0.0,-0.0956,-0.8078,-0.8094,0.9137,26
19,12,778.0,Low*Medium*NoStarvation,10,Low*Medium*NoStarvation,7.43,6.0,7,7,10,0.3846,0.06,0.35,0.0385,-0.03,-0.07,0.0115,0.0,-0.0885,-0.809,-0.8097,0.9137,26
19,13,844.0,Low*Medium*NoStarvation,30,Medium*Medium*NoStarvation,6.0,27.43,7,7,29,0.4394,0.2743,0.35,0.0439,-0.1371,-0.07,0.0132,0.0,-0.194,-0.8936,-0.8965,0.9137,66
19,14,890.0,Medium*Medium*NoStarvation,20,Low*Medium*NoStarvation,27.43,15.29,7,7,20,0.4348,0.1529,0.35,0.0435,-0.0764,-0.07,0.013,0.0,-0.1334,-0.8375,-0.84,0.9137,46
19,15,986.0,Low*Medium*NoStarvation,45,Medium*Medium*NoStarvation,15.29,40.71,7,7,46,0.4792,0.4071,0.35,0.0479,-0.2036,-0.07,0.0144,0.0,-0.2592,-0.9688,-0.9707,0.9137,96
19,16,1082.0,Medium*Medium*NoStarvation,45,Medium*Medium*NoStarvation,40.71,42.86,7,7,45,0.4688,0.4286,0.35,0.0469,-0.2143,-0.07,0.0141,0.0,-0.2702,-0.962,-0.9657,0.9137,96
19,17,1178.0,Medium*Medium*NoStarvation,45,Medium*Medium*NoStarvation,42.86,39.86,7,7,45,0.4688,0.3986,0.35,0.0469,-0.1993,-0.07,0.0141,0.0,-0.2552,-0.9657,-0.9675,0.9137,96
19,18,1224.0,Medium*Medium*NoStarvation,20,Low*Medium*NoStarvation,39.86,16.71,7,7,20,0.4348,0.1671,0.35,0.0435,-0.0836,-0.07,0.013,0.0,-0.1405,-0.84,-0.8429,0.9137,46
19,19,1320.0,Low*Medium*NoStarvation,45,Medium*Medium*NoStarvation,16.71,42.71,7,7,45,0.4688,0.4271,0.35,0.0469,-0.2136,-0.07,0.0141,0.0,-0.2695,-0.9707,-0.9734,0.9137,96
19,20,1416.0,Medium*Medium*NoStarvation,45,Medium*Medium*NoStarvation,42.71,41.0,7,7,34,0.3542,0.41,0.35,0.0354,-0.205,-0.07,0.0106,0.0,-0.2644,-0.9675,-0.97,0.9137,96
19,21,1442.0,Medium*Medium*NoStarvation,10,Low*Medium*NoStarvation,41.0,6.29,7,7,5,0.1923,0.0629,0.35,0.0192,-0.0314,-0.07,0.0058,0.0,-0.0957,-0.8094,-0.8109,0.9137,26
19,22,1488.0,Low*Medium*NoStarvation,20,Low*Medium*NoStarvation,6.29,15.43,7,7,10,0.2174,0.1543,0.35,0.0217,-0.0771,-0.07,0.0065,0.0,-0.1406,-0.8278,-0.832,0.9137,46
19,23,1554.0,Low*Medium*NoStarvation,30,Medium*Medium*NoStarvation,15.43,26.86,7,7,15,0.2273,0.2686,0.35,0.0227,-0.1343,-0.07,0.0068,0.0,-0.1975,-0.8965,-0.8995,0.9137,66
19,24,1620.0,Medium*Medium*NoStarvation,30,Medium*Medium*NoStarvation,26.86,26.57,7,7,15,0.2273,0.2657,0.35,0.0227,-0.1329,-0.07,0.0068,0.0,-0.196,-0.8983,-0.901,0.9137,66
19,25,1646.0,Medium*Medium*NoStarvation,10,Low*Medium*NoStarvation,26.57,8.14,7,7,4,0.1538,0.0814,0.35,0.0154,-0.0407,-0.07,0.0046,0.0,-0.1061,-0.8109,-0.8133,0.9137,26
19,26,1672.0,Low*Medium*NoStarvation,10,Low*Medium*NoStarvation,8.14,7.43,7,7,4,0.1538,0.0743,0.35,0.0154,-0.0371,-0.07,0.0046,0.0,-0.1025,-0.8097,-0.8119,0.9137,26
19,27,1768.0,Low*Medium*NoStarvation,45,Medium*Medium*NoStarvation,7.43,40.0,7,7,23,0.2396,0.4,0.35,0.024,-0.2,-0.07,0.0072,0.0,-0.2628,-0.9734,-0.9755,0.9137,96
19,28,1814.0,Medium*Medium*NoStarvation,20,Low*Medium*NoStarvation,40.0,16.14,7,7,10,0.2174,0.1614,0.35,0.0217,-0.0807,-0.07,0.0065,0.0,-0.1442,-0.8429,-0.8461,0.9137,46
19,29,1910.0,Low*Medium*NoStarvation,45,Medium*Medium*NoStarvation,16.14,40.14,7,7,23,0.2396,0.4014,0.35,0.024,-0.2007,-0.07,0.0072,0.0,-0.2635,-0.9755,-0.9775,0.9137,96
19,30,1956.0,Medium*Medium*NoStarvation,20,Low*Medium*NoStarvation,40.14,16.71,7,7,10,0.2174,0.1671,0.35,0.0217,-0.0836,-0.07,0.0065,0.0,-0.147,-0.8461,-0.8493,0.9137,46
19,31,2052.0,Low*Medium*NoStarvation,45,Medium*Medium*NoStarvation,16.71,42.0,7,7,22,0.2292,0.42,0.35,0.0229,-0.21,-0.07,0.0069,0.0,-0.2731,-0.9775,-0.9803,0.9137,96
19,32,2148.0,Medium*Medium*NoStarvation,45,Medium*Medium*NoStarvation,42.0,39.86,7,7,23,0.2396,0.3986,0.35,0.024,-0.1993,-0.07,0.0072,0.0,-0.2621,-0.97,-0.9724,0.9137,96
19,33,2244.0,Medium*Medium*NoStarvation,45,Medium*Medium*NoStarvation,39.86,40.57,7,7,23,0.2396,0.4057,0.35,0.024,-0.2029,-0.07,0.0072,0.0,-0.2657,-0.9724,-0.9749,0.9137,96
19,34,2340.0,Medium*Medium*NoStarvation,45,Medium*Medium*NoStarvation,40.57,40.57,7,7,23,0.2396,0.4057,0.35,0.024,-0.2029,-0.07,0.0072,0.0,-0.2657,-0.9749,-0.9772,0.9137,96
19,35,2366.0,Medium*Medium*NoStarvation,10,Low*Medium*NoStarvation,40.57,7.71,7,7,4,0.1538,0.0771,0.35,0.0154,-0.0386,-0.07,0.0046,0.0,-0.104,-0.8133,-0.8154,0.9137,26
19,36,2412.0,Low*Medium*NoStarvation,20,Low*Medium*NoStarvation,7.71,16.29,7,7,10,0.2174,0.1629,0.35,0.0217,-0.0814,-0.07,0.0065,0.0,-0.1449,-0.832,-0.8363,0.9137,46
19,37,2438.0,Low*Medium*NoStarvation,10,Low*Medium*NoStarvation,16.29,6.0,7,6,5,0.1923,0.06,0.3,0.0192,-0.03,-0.06,0.0058,0.0,-0.0842,-0.8119,-0.8122,0.9137,26
19,38,2464.0,Low*Medium*NoStarvation,10,Low*Medium*NoStarvation,6.0,6.14,6,7,5,0.1923,0.0614,0.35,0.0192,-0.0307,-0.07,0.0058,0.0,-0.0949,-0.8122,-0.8135,0.9137,26
19,39,2490.0,Low*Medium*NoStarvation,10,Low*Medium*NoStarvation,6.14,6.57,7,7,5,0.1923,0.0657,0.35,0.0192,-0.0329,-0.07,0.0058,0.0,-0.0971,-0.8135,-0.8151,0.9137,26
19,40,2536.0,Low*Medium*NoStarvation,20,Low*Medium*NoStarvation,6.57,15.86,7,7,10,0.2174,0.1586,0.35,0.0217,-0.0793,-0.07,0.0065,0.0,-0.1428,-0.8363,-0.8403,0.9137,46
19,41,2602.0,Low*Medium*NoStarvation,30,Medium*Medium*NoStarvation,15.86,27.14,7,7,15,0.2273,0.2714,0.35,0.0227,-0.1357,-0.07,0.0068,0.0,-0.1989,-0.8995,-0.9029,0.9137,66
19,42,2648.0,Medium*Medium*NoStarvation,20,Low*Medium*NoStarvation,27.14,16.0,7,7,10,0.2174,0.16,0.35,0.0217,-0.08,-0.07,0.0065,0.0,-0.1435,-0.8493,-0.8521,0.9137,46
19,43,2744.0,Low*Medium*NoStarvation,45,Medium*Medium*NoStarvation,16.0,41.43,7,7,22,0.2292,0.4143,0.35,0.0229,-0.2071,-0.07,0.0069,0.0,-0.2703,-0.9803,-0.9827,0.9137,96
19,44,2810.0,Medium*Medium*NoStarvation,30,Medium*Medium*NoStarvation,41.43,26.14,7,7,15,0.2273,0.2614,0.35,0.0227,-0.1307,-0.07,0.0068,0.0,-0.1939,-0.901,-0.9037,0.9137,66
19,45,2836.0,Medium*Medium*NoStarvation,10,Low*Medium*NoStarvation,26.14,7.71,7,7,4,0.1538,0.0771,0.35,0.0154,-0.0386,-0.07,0.0046,0.0,-0.104,-0.8154,-0.8176,0.9137,26
19,46,2862.0,Low*Medium*NoStarvation,10,Low*Medium*NoStarvation,7.71,6.57,7,7,5,0.1923,0.0657,0.35,0.0192,-0.0329,-0.07,0.0058,0.0,-0.0971,-0.8151,-0.8167,0.9137,26
19,47,2928.0,Low*Medium*NoStarvation,30,Medium*Medium*NoStarvation,6.57,26.57,7,7,15,0.2273,0.2657,0.35,0.0227,-0.1329,-0.07,0.0068,0.0,-0.196,-0.9029,-0.9058,0.9137,66
19,48,2954.0,Medium*Medium*NoStarvation,10,Low*Medium*NoStarvation,26.57,5.71,7,6,5,0.1923,0.0571,0.3,0.0192,-0.0286,-0.06,0.0058,0.0,-0.0828,-0.8176,-0.8176,0.9137,26
19,49,2980.0,Low*Medium*NoStarvation,10,Low*Medium*NoStarvation,5.71,6.71,6,7,5,0.1923,0.0671,0.35,0.0192,-0.0336,-0.07,0.0058,0.0,-0.0978,-0.8167,-0.8183,0.9137,26
19,50,3006.0,Low*Medium*NoStarvation,10,Low*Medium*NoStarvation,6.71,7.14,7,7,5,0.1923,0.0714,0.35,0.0192,-0.0357,-0.07,0.0058,0.0,-0.0999,-0.8183,-0.8201,0.9137,26
19,51,3032.0,Low*Medium*NoStarvation,10,Low*Medium*NoStarvation,7.14,8.43,7,7,4,0.1538,0.0843,0.35,0.0154,-0.0421,-0.07,0.0046,0.0,-0.1075,-0.8201,-0.8227,0.9137,26
19,52,3078.0,Low*Medium*NoStarvation,20,Low*Medium*NoStarvation,8.43,16.57,7,7,10,0.2174,0.1657,0.35,0.0217,-0.0829,-0.07,0.0065,0.0,-0.1463,-0.8403,-0.845,0.9137,46
19,53,3144.0,Low*Medium*NoStarvation,30,Medium*Medium*NoStarvation,16.57,26.57,7,7,15,0.2273,0.2657,0.35,0.0227,-0.1329,-0.07,0.0068,0.0,-0.196,-0.9058,-0.9084,0.9137,66
19,54,3240.0,Medium*Medium*NoStarvation,45,Medium*Medium*NoStarvation,26.57,42.29,7,7,22,0.2292,0.4229,0.35,0.0229,-0.2114,-0.07,0.0069,0.0,-0.2746,-0.9772,-0.9805,0.9137,96
19,55,3336.0,Medium*Medium*NoStarvation,45,Medium*Medium*NoStarvation,42.29,41.86,7,7,22,0.2292,0.4186,0.35,0.0229,-0.2093,-0.07,0.0069,0.0,-0.2724,-0.9805,-0.9833,0.9137,96
19,56,3382.0,Medium*Medium*NoStarvation,20,Low*Medium*NoStarvation,41.86,17.57,7,7,10,0.2174,0.1757,0.35,0.0217,-0.0879,-0.07,0.0065,0.0,-0.1513,-0.8521,-0.856,0.9137,46
19,57,3478.0,Low*Medium*NoStarvation,45,Medium*Medium*NoStarvation,17.57,40.29,7,7,23,0.2396,0.4029,0.35,0.024,-0.2014,-0.07,0.0072,0.0,-0.2642,-0.9827,-0.9844,0.9137,96
19,58,3574.0,Medium*Medium*NoStarvation,45,Medium*Medium*NoStarvation,40.29,42.0,7,7,22,0.2292,0.42,0.35,0.0229,-0.21,-0.07,0.0069,0.0,-0.2731,-0.9833,-0.9859,0.9137,96
19,59,3670.0,Medium*Medium*NoStarvation,45,Medium*Medium*NoStarvation,42.0,39.57,7,7,23,0.2396,0.3957,0.35,0.024,-0.1979,-0.07,0.0072,0.0,-0.2607,-0.9859,-0.9869,0.9137,96
20,0,76.0,Low*Low*NoStarvation,10,Low*Medium*NoStarvation,0.83,6.71,2,7,11,0.4231,0.0671,0.35,0.0423,-0.0336,-0.07,0.0127,0.0,-0.0909,-0.0894,-0.1636,0.9092,26
20,1,122.0,Low*Medium*NoStarvation,20,Low*Medium*NoStarvation,6.71,15.86,7,7,20,0.4348,0.1586,0.35,0.0435,-0.0793,-0.07,0.013,0.0,-0.1362,-0.845,-0.8481,0.9092,46
20,2,148.0,Low*Medium*NoStarvation,10,Low*Medium*NoStarvation,15.86,7.43,7,7,8,0.3077,0.0743,0.35,0.0308,-0.0371,-0.07,0.0092,0.0,-0.0979,-0.8227,-0.8242,0.9092,26
20,3,214.0,Low*Medium*NoStarvation,30,Medium*Medium*NoStarvation,7.43,25.14,7,7,30,0.4545,0.2514,0.35,0.0455,-0.1257,-0.07,0.0136,0.0,-0.1821,-0.9084,-0.9093,0.9092,66
20,4,240.0,Medium*Medium*NoStarvation,10,Low*Medium*NoStarvation,25.14,6.86,7,7,9,0.3462,0.0686,0.35,0.0346,-0.0343,-0.07,0.0104,0.0,-0.0939,-0.8176,-0.8194,0.9092,26
20,5,336.0,Low*Medium*NoStarvation,45,Medium*Medium*NoStarvation,6.86,40.71,7,7,46,0.4792,0.4071,0.35,0.0479,-0.2036,-0.07,0.0144,0.0,-0.2592,-0.9844,-0.9856,0.9092,96
20,6,382.0,Medium*Medium*NoStarvation,20,Low*Medium*NoStarvation,40.71,17.0,7,7,20,0.4348,0.17,0.35,0.0435,-0.085,-0.07,0.013,0.0,-0.142,-0.856,-0.8588,0.9092,46
20,7,448.0,Low*Medium*NoStarvation,30,Medium*Medium*NoStarvation,17.0,26.0,7,7,30,0.4545,0.26,0.35,0.0455,-0.13,-0.07,0.0136,0.0,-0.1864,-0.9093,-0.9108,0.9092,66
20,8,474.0,Medium*Medium*NoStarvation,10,Low*Medium*NoStarvation,26.0,7.14,7,7,9,0.3462,0.0714,0.35,0.0346,-0.0357,-0.07,0.0104,0.0,-0.0953,-0.8194,-0.8212,0.9092,26
20,9,570.0,Low*Medium*NoStarvation,45,Medium*Medium*NoStarvation,7.14,41.86,7,7,45,0.4688,0.4186,0.35,0.0469,-0.2093,-0.07,0.0141,0.0,-0.2652,-0.9856,-0.9875,0.9092,96
20,10,666.0,Medium*Medium*NoStarvation,45,Medium*Medium*NoStarvation,41.86,39.57,7,7,46,0.4792,0.3957,0.35,0.0479,-0.1979,-0.07,0.0144,0.0,-0.2535,-0.9869,-0.9875,0.9092,96
20,11,732.0,Medium*Medium*NoStarvation,30,Medium*Medium*NoStarvation,39.57,26.86,7,7,30,0.4545,0.2686,0.35,0.0455,-0.1343,-0.07,0.0136,0.0,-0.1906,-0.9037,-0.9063,0.9092,66
20,12,798.0,Medium*Medium*NoStarvation,30,Medium*Medium*NoStarvation,26.86,26.57,7,7,30,0.4545,0.2657,0.35,0.0455,-0.1329,-0.07,0.0136,0.0,-0.1892,-0.9063,-0.9085,0.9092,66
20,13,894.0,Medium*Medium*NoStarvation,45,Medium*Medium*NoStarvation,26.57,42.71,7,7,45,0.4688,0.4271,0.35,0.0469,-0.2136,-0.07,0.0141,0.0,-0.2695,-0.9875,-0.9896,0.9092,96
20,14,920.0,Medium*Medium*NoStarvation,10,Low*Medium*NoStarvation,42.71,6.0,7,6,10,0.3846,0.06,0.3,0.0385,-0.03,-0.06,0.0115,0.0,-0.0785,-0.8212,-0.8211,0.9092,26
20,15,966.0,Low*Medium*NoStarvation,20,Low*Medium*NoStarvation,6.0,16.0,6,7,20,0.4348,0.16,0.35,0.0435,-0.08,-0.07,0.013,0.0,-0.137,-0.8481,-0.8512,0.9092,46
20,16,1062.0,Low*Medium*NoStarvation,45,Medium*Medium*NoStarvation,16.0,43.43,7,7,44,0.4583,0.4343,0.35,0.0458,-0.2171,-0.07,0.0137,0.0,-0.2734,-0.9875,-0.99,0.9092,96
20,17,1128.0,Medium*Medium*NoStarvation,30,Medium*Medium*NoStarvation,43.43,26.29,7,7,31,0.4697,0.2629,0.35,0.047,-0.1314,-0.07,0.0141,0.0,-0.1873,-0.9085,-0.9103,0.9092,66
20,18,1154.0,Medium*Medium*NoStarvation,10,Low*Medium*NoStarvation,26.29,6.07,7,8,10,0.3846,0.0607,0.4,0.0385,-0.0304,-0.08,0.0115,0.0,-0.0988,-0.8211,-0.8231,0.9092,26
20,19,1220.0,Low*Medium*NoStarvation,30,Medium*Medium*NoStarvation,6.07,25.71,8,7,29,0.4394,0.2571,0.35,0.0439,-0.1286,-0.07,0.0132,0.0,-0.1854,-0.9108,-0.9123,0.9092,66
20,20,1246.0,Medium*Medium*NoStarvation,10,Low*Medium*NoStarvation,25.71,6.93,7,8,9,0.3462,0.0693,0.4,0.0346,-0.0346,-0.08,0.0104,0.0,-0.1043,-0.8231,-0.8254,0.9092,26
20,21,1292.0,Low*Medium*NoStarvation,20,Low*Medium*NoStarvation,6.93,14.43,8,7,19,0.413,0.1443,0.35,0.0413,-0.0721,-0.07,0.0124,0.0,-0.1298,-0.8512,-0.8532,0.9092,46
20,22,1338.0,Low*Medium*NoStarvation,20,Low*Medium*NoStarvation,14.43,14.57,7,7,21,0.4565,0.1457,0.35,0.0457,-0.0729,-0.07,0.0137,0.0,-0.1292,-0.8532,-0.855,0.9092,46
20,23,1364.0,Low*Medium*NoStarvation,10,Low*Medium*NoStarvation,14.57,5.86,7,7,9,0.3462,0.0586,0.35,0.0346,-0.0293,-0.07,0.0104,0.0,-0.0889,-0.8242,-0.8249,0.9092,26
20,24,1390.0,Low*Medium*NoStarvation,10,Low*Medium*NoStarvation,5.86,7.29,7,7,9,0.3462,0.0729,0.35,0.0346,-0.0364,-0.07,0.0104,0.0,-0.096,-0.8249,-0.8262,0.9092,26
20,25,1436.0,Low*Medium*NoStarvation,20,Low*Medium*NoStarvation,7.29,15.71,7,7,15,0.3261,0.1571,0.35,0.0326,-0.0786,-0.07,0.0098,0.0,-0.1388,-0.855,-0.8577,0.9092,46
20,26,1532.0,Low*Medium*NoStarvation,45,Medium*Medium*NoStarvation,15.71,41.57,7,7,22,0.2292,0.4157,0.35,0.0229,-0.2079,-0.07,0.0069,0.0,-0.271,-0.99,-0.9924,0.9092,96
20,27,1598.0,Medium*Medium*NoStarvation,30,Medium*Medium*NoStarvation,41.57,26.14,7,7,15,0.2273,0.2614,0.35,0.0227,-0.1307,-0.07,0.0068,0.0,-0.1939,-0.9103,-0.9129,0.9092,66
20,28,1624.0,Medium*Medium*NoStarvation,10,Low*Medium*NoStarvation,26.14,8.43,7,7,4,0.1538,0.0843,0.35,0.0154,-0.0421,-0.07,0.0046,0.0,-0.1075,-0.8254,-0.8279,0.9092,26
20,29,1650.0,Low*Medium*NoStarvation,10,Low*Medium*NoStarvation,8.43,5.0,7,6,5,0.1923,0.05,0.3,0.0192,-0.025,-0.06,0.0058,0.0,-0.0792,-0.8262,-0.8259,0.9092,26
20,30,1746.0,Low*Medium*NoStarvation,45,Medium*Medium*NoStarvation,5.0,42.14,6,7,22,0.2292,0.4214,0.35,0.0229,-0.2107,-0.07,0.0069,0.0,-0.2738,-0.9924,-0.995,0.9092,96
20,31,1842.0,Medium*Medium*NoStarvation,45,Medium*Medium*NoStarvation,42.14,41.0,7,7,22,0.2292,0.41,0.35,0.0229,-0.205,-0.07,0.0069,0.0,-0.2681,-0.9896,-0.992,0.9092,96
20,32,1868.0,Medium*Medium*NoStarvation,10,Low*Medium*NoStarvation,41.0,8.14,7,7,4,0.1538,0.0814,0.35,0.0154,-0.0407,-0.07,0.0046,0.0,-0.1061,-0.8279,-0.8301,0.9092,26
20,33,1894.0,Low*Medium*NoStarvation,10,Low*Medium*NoStarvation,8.14,6.43,7,7,5,0.1923,0.0643,0.35,0.0192,-0.0321,-0.07,0.0058,0.0,-0.0964,-0.8259,-0.8273,0.9092,26
20,34,1960.0,Low*Medium*NoStarvation,30,Medium*Medium*NoStarvation,6.43,25.86,7,7,15,0.2273,0.2586,0.35,0.0227,-0.1293,-0.07,0.0068,0.0,-0.1925,-0.9123,-0.915,0.9092,66
20,35,2026.0,Medium*Medium*NoStarvation,30,Medium*Medium*NoStarvation,25.86,24.86,7,7,15,0.2273,0.2486,0.35,0.0227,-0.1243,-0.07,0.0068,0.0,-0.1875,-0.9129,-0.9151,0.9092,66
20,36,2122.0,Medium*Medium*NoStarvation,45,Medium*Medium*NoStarvation,24.86,41.0,7,7,23,0.2396,0.41,0.35,0.024,-0.205,-0.07,0.0072,0.0,-0.2678,-0.992,-0.9943,0.9092,96
20,37,2168.0,Medium*Medium*NoStarvation,20,Low*Medium*NoStarvation,41.0,15.57,7,7,10,0.2174,0.1557,0.35,0.0217,-0.0779,-0.07,0.0065,0.0,-0.1413,-0.8588,-0.8615,0.9092,46
20,38,2234.0,Low*Medium*NoStarvation,30,Medium*Medium*NoStarvation,15.57,25.43,7,7,15,0.2273,0.2543,0.35,0.0227,-0.1271,-0.07,0.0068,0.0,-0.1903,-0.915,-0.9173,0.9092,66
20,39,2280.0,Medium*Medium*NoStarvation,20,Low*Medium*NoStarvation,25.43,15.43,7,7,11,0.2391,0.1543,0.35,0.0239,-0.0771,-0.07,0.0072,0.0,-0.14,-0.8615,-0.8638,0.9092,46
20,40,2306.0,Low*Medium*NoStarvation,10,Low*Medium*NoStarvation,15.43,8.43,7,7,4,0.1538,0.0843,0.35,0.0154,-0.0421,-0.07,0.0046,0.0,-0.1075,-0.8273,-0.8297,0.9092,26
20,41,2332.0,Low*Medium*NoStarvation,10,Low*Medium*NoStarvation,8.43,7.57,7,7,4,0.1538,0.0757,0.35,0.0154,-0.0379,-0.07,0.0046,0.0,-0.1032,-0.8297,-0.8318,0.9092,26
20,42,2358.0,Low*Medium*NoStarvation,10,Low*Medium*NoStarvation,7.57,5.57,7,7,5,0.1923,0.0557,0.35,0.0192,-0.0279,-0.07,0.0058,0.0,-0.0921,-0.8318,-0.8327,0.9092,26
20,43,2424.0,Low*Medium*NoStarvation,30,Medium*Medium*NoStarvation,5.57,25.57,7,7,15,0.2273,0.2557,0.35,0.0227,-0.1279,-0.07,0.0068,0.0,-0.191,-0.9173,-0.9194,0.9092,66
20,44,2450.0,Medium*Medium*NoStarvation,10,Low*Medium*NoStarvation,25.57,6.71,7,7,5,0.1923,0.0671,0.35,0.0192,-0.0336,-0.07,0.0058,0.0,-0.0978,-0.8301,-0.8318,0.9092,26
20,45,2546.0,Low*Medium*NoStarvation,45,Medium*Medium*NoStarvation,6.71,42.86,7,7,22,0.2292,0.4286,0.35,0.0229,-0.2143,-0.07,0.0069,0.0,-0.2774,-0.995,-0.9981,0.9092,96
20,46,2572.0,Medium*Medium*NoStarvation,10,Low*Medium*NoStarvation,42.86,7.43,7,7,5,0.1923,0.0743,0.35,0.0192,-0.0371,-0.07,0.0058,0.0,-0.1014,-0.8318,-0.8337,0.9092,26
20,47,2598.0,Low*Medium*NoStarvation,10,Low*Medium*NoStarvation,7.43,6.71,7,7,4,0.1538,0.0671,0.35,0.0154,-0.0336,-0.07,0.0046,0.0,-0.099,-0.8327,-0.8342,0.9092,26
20,48,2664.0,Low*Medium*NoStarvation,30,Medium*Medium*NoStarvation,6.71,26.86,7,7,15,0.2273,0.2686,0.35,0.0227,-0.1343,-0.07,0.0068,0.0,-0.1975,-0.9194,-0.9222,0.9092,66
20,49,2730.0,Medium*Medium*NoStarvation,30,Medium*Medium*NoStarvation,26.86,26.71,7,7,15,0.2273,0.2671,0.35,0.0227,-0.1336,-0.07,0.0068,0.0,-0.1968,-0.9151,-0.9183,0.9092,66
20,50,2776.0,Medium*Medium*NoStarvation,20,Low*Medium*NoStarvation,26.71,15.71,7,7,10,0.2174,0.1571,0.35,0.0217,-0.0786,-0.07,0.0065,0.0,-0.142,-0.8638,-0.8667,0.9092,46
20,51,2802.0,Low*Medium*NoStarvation,10,Low*Medium*NoStarvation,15.71,7.0,7,7,4,0.1538,0.07,0.35,0.0154,-0.035,-0.07,0.0046,0.0,-0.1004,-0.8342,-0.8359,0.9092,26
20,52,2898.0,Low*Medium*NoStarvation,45,Medium*Medium*NoStarvation,7.0,41.71,7,7,22,0.2292,0.4171,0.35,0.0229,-0.2086,-0.07,0.0069,0.0,-0.2717,-0.9981,-1.0005,0.9092,96
20,53,2994.0,Medium*Medium*NoStarvation,45,Medium*Medium*NoStarvation,41.71,40.43,7,7,23,0.2396,0.4043,0.35,0.024,-0.2021,-0.07,0.0072,0.0,-0.265,-0.9943,-0.9964,0.9092,96
20,54,3090.0,Medium*Medium*NoStarvation,45,Medium*Medium*NoStarvation,40.43,41.0,7,7,23,0.2396,0.41,0.35,0.024,-0.205,-0.07,0.0072,0.0,-0.2678,-0.9964,-0.9985,0.9092,96
20,55,3186.0,Medium*Medium*NoStarvation,45,Medium*Medium*NoStarvation,41.0,40.71,7,7,22,0.2292,0.4071,0.35,0.0229,-0.2036,-0.07,0.0069,0.0,-0.2667,-0.9985,-1.0004,0.9092,96
20,56,3212.0,Medium*Medium*NoStarvation,10,Low*Medium*NoStarvation,40.71,8.14,7,7,4,0.1538,0.0814,0.35,0.0154,-0.0407,-0.07,0.0046,0.0,-0.1061,-0.8337,-0.8362,0.9092,26
20,57,3238.0,Low*Medium*NoStarvation,10,Low*Medium*NoStarvation,8.14,5.86,7,7,5,0.1923,0.0586,0.35,0.0192,-0.0293,-0.07,0.0058,0.0,-0.0935,-0.8359,-0.8369,0.9092,26
20,58,3264.0,Low*Medium*NoStarvation,10,Low*Medium*NoStarvation,5.86,7.43,7,7,5,0.1923,0.0743,0.35,0.0192,-0.0371,-0.07,0.0058,0.0,-0.1014,-0.8369,-0.8387,0.9092,26
20,59,3290.0,Low*Medium*NoStarvation,10,Low*Medium*NoStarvation,7.43,6.14,7,7,5,0.1923,0.0614,0.35,0.0192,-0.0307,-0.07,0.0058,0.0,-0.0949,-0.8387,-0.8398,0.9092,26
20,60,3316.0,Low*Medium*NoStarvation,10,Low*Medium*NoStarvation,6.14,6.29,7,7,5,0.1923,0.0629,0.35,0.0192,-0.0314,-0.07,0.0058,0.0,-0.0957,-0.8398,-0.841,0.9092,26
20,61,3342.0,Low*Medium*NoStarvation,10,Low*Medium*NoStarvation,6.29,8.43,7,7,4,0.1538,0.0843,0.35,0.0154,-0.0421,-0.07,0.0046,0.0,-0.1075,-0.841,-0.8433,0.9092,26
20,62,3368.0,Low*Medium*NoStarvation,10,Low*Medium*NoStarvation,8.43,6.43,7,7,5,0.1923,0.0643,0.35,0.0192,-0.0321,-0.07,0.0058,0.0,-0.0964,-0.8433,-0.8445,0.9092,26
20,63,3434.0,Low*Medium*NoStarvation,30,Medium*Medium*NoStarvation,6.43,26.14,7,7,15,0.2273,0.2614,0.35,0.0227,-0.1307,-0.07,0.0068,0.0,-0.1939,-0.9222,-0.9246,0.9092,66
20,64,3500.0,Medium*Medium*NoStarvation,30,Medium*Medium*NoStarvation,26.14,26.14,7,7,15,0.2273,0.2614,0.35,0.0227,-0.1307,-0.07,0.0068,0.0,-0.1939,-0.9183,-0.9211,0.9092,66
20,65,3596.0,Medium*Medium*NoStarvation,45,Medium*Medium*NoStarvation,26.14,40.71,7,7,22,0.2292,0.4071,0.35,0.0229,-0.2036,-0.07,0.0069,0.0,-0.2667,-1.0004,-1.0023,0.9092,96
20,66,3662.0,Medium*Medium*NoStarvation,30,Medium*Medium*NoStarvation,40.71,26.43,7,7,15,0.2273,0.2643,0.35,0.0227,-0.1321,-0.07,0.0068,0.0,-0.1953,-0.9211,-0.9238,0.9092,66
21,0,96.0,Low*Low*NoStarvation,20,Low*Medium*NoStarvation,0.83,16.14,2,7,21,0.4565,0.1614,0.35,0.0457,-0.0807,-0.07,0.0137,0.0,-0.137,-0.2718,-0.3343,0.9046,46
21,1,122.0,Low*Medium*NoStarvation,10,Low*Medium*NoStarvation,16.14,6.14,7,7,9,0.3462,0.0614,0.35,0.0346,-0.0307,-0.07,0.0104,0.0,-0.0903,-0.8445,-0.8451,0.9046,26
21,2,148.0,Low*Medium*NoStarvation,10,Low*Medium*NoStarvation,6.14,6.86,7,7,10,0.3846,0.0686,0.35,0.0385,-0.0343,-0.07,0.0115,0.0,-0.0927,-0.8451,-0.8459,0.9046,26
21,3,174.0,Low*Medium*NoStarvation,10,Low*Medium*NoStarvation,6.86,7.29,7,7,8,0.3077,0.0729,0.35,0.0308,-0.0364,-0.07,0.0092,0.0,-0.0972,-0.8459,-0.8472,0.9046,26
21,4,270.0,Low*Medium*NoStarvation,45,Medium*Medium*NoStarvation,7.29,40.14,7,7,46,0.4792,0.4014,0.35,0.0479,-0.2007,-0.07,0.0144,0.0,-0.2563,-1.0005,-1.0014,0.9046,96
21,5,316.0,Medium*Medium*NoStarvation,20,Low*Medium*NoStarvation,40.14,16.57,7,7,20,0.4348,0.1657,0.35,0.0435,-0.0829,-0.07,0.013,0.0,-0.1398,-0.8667,-0.8703,0.9046,46
21,6,362.0,Low*Medium*NoStarvation,20,Low*Medium*NoStarvation,16.57,16.57,7,7,20,0.4348,0.1657,0.35,0.0435,-0.0829,-0.07,0.013,0.0,-0.1398,-0.8577,-0.8622,0.9046,46
21,7,428.0,Low*Medium*NoStarvation,30,Medium*Medium*NoStarvation,16.57,25.71,7,7,30,0.4545,0.2571,0.35,0.0455,-0.1286,-0.07,0.0136,0.0,-0.1849,-0.9246,-0.9259,0.9046,66
21,8,494.0,Medium*Medium*NoStarvation,30,Medium*Medium*NoStarvation,25.71,26.29,7,7,30,0.4545,0.2629,0.35,0.0455,-0.1314,-0.07,0.0136,0.0,-0.1878,-0.9238,-0.9254,0.9046,66
21,9,540.0,Medium*Medium*NoStarvation,20,Low*Medium*NoStarvation,26.29,17.0,7,7,20,0.4348,0.17,0.35,0.0435,-0.085,-0.07,0.013,0.0,-0.142,-0.8703,-0.8737,0.9046,46
21,10,566.0,Low*Medium*NoStarvation,10,Low*Medium*NoStarvation,17.0,6.71,7,7,9,0.3462,0.0671,0.35,0.0346,-0.0336,-0.07,0.0104,0.0,-0.0932,-0.8472,-0.848,0.9046,26
21,11,612.0,Low*Medium*NoStarvation,20,Low*Medium*NoStarvation,6.71,16.0,7,7,21,0.4565,0.16,0.35,0.0457,-0.08,-0.07,0.0137,0.0,-0.1363,-0.8622,-0.8659,0.9046,46
21,12,678.0,Low*Medium*NoStarvation,30,Medium*Medium*NoStarvation,16.0,26.76,7,8,30,0.4545,0.2676,0.4,0.0455,-0.1338,-0.08,0.0136,0.0,-0.2002,-0.9259,-0.9286,0.9046,66
21,13,744.0,Medium*Medium*NoStarvation,30,Medium*Medium*NoStarvation,26.76,25.86,8,7,30,0.4545,0.2586,0.35,0.0455,-0.1293,-0.07,0.0136,0.0,-0.1856,-0.9254,-0.9267,0.9046,66
21,14,770.0,Medium*Medium*NoStarvation,10,Low*Medium*NoStarvation,25.86,6.57,7,7,9,0.3462,0.0657,0.35,0.0346,-0.0329,-0.07,0.0104,0.0,-0.0925,-0.8362,-0.8381,0.9046,26
21,15,836.0,Low*Medium*NoStarvation,30,Medium*Medium*NoStarvation,6.57,25.57,7,7,31,0.4697,0.2557,0.35,0.047,-0.1279,-0.07,0.0141,0.0,-0.1838,-0.9286,-0.9295,0.9046,66
21,16,932.0,Medium*Medium*NoStarvation,45,Medium*Medium*NoStarvation,25.57,42.29,7,7,46,0.4792,0.4229,0.35,0.0479,-0.2114,-0.07,0.0144,0.0,-0.2671,-1.0023,-1.0042,0.9046,96
21,17,958.0,Medium*Medium*NoStarvation,10,Low*Medium*NoStarvation,42.29,9.14,7,7,9,0.3462,0.0914,0.35,0.0346,-0.0457,-0.07,0.0104,0.0,-0.1053,-0.8381,-0.8412,0.9046,26
21,18,1054.0,Low*Medium*NoStarvation,45,Medium*Medium*NoStarvation,9.14,40.29,7,7,46,0.4792,0.4029,0.35,0.0479,-0.2014,-0.07,0.0144,0.0,-0.2571,-1.0014,-1.0026,0.9046,96
21,19,1150.0,Medium*Medium*NoStarvation,45,Medium*Medium*NoStarvation,40.29,40.86,7,7,46,0.4792,0.4086,0.35,0.0479,-0.2043,-0.07,0.0144,0.0,-0.2599,-1.0042,-1.0055,0.9046,96
21,20,1176.0,Medium*Medium*NoStarvation,10,Low*Medium*NoStarvation,40.86,7.71,7,7,8,0.3077,0.0771,0.35,0.0308,-0.0386,-0.07,0.0092,0.0,-0.0993,-0.8412,-0.8433,0.9046,26
21,21,1202.0,Low*Medium*NoStarvation,10,Low*Medium*NoStarvation,7.71,9.14,7,7,9,0.3462,0.0914,0.35,0.0346,-0.0457,-0.07,0.0104,0.0,-0.1053,-0.848,-0.8501,0.9046,26
21,22,1298.0,Low*Medium*NoStarvation,45,Medium*Medium*NoStarvation,9.14,40.57,7,7,46,0.4792,0.4057,0.35,0.0479,-0.2029,-0.07,0.0144,0.0,-0.2585,-1.0026,-1.0041,0.9046,96
21,23,1364.0,Medium*Medium*NoStarvation,30,Medium*Medium*NoStarvation,40.57,26.0,7,7,30,0.4545,0.26,0.35,0.0455,-0.13,-0.07,0.0136,0.0,-0.1864,-0.9267,-0.9286,0.9046,66
21,24,1390.0,Medium*Medium*NoStarvation,10,Low*Medium*NoStarvation,26.0,9.71,7,8,9,0.3462,0.0971,0.4,0.0346,-0.0486,-0.08,0.0104,0.0,-0.1182,-0.8433,-0.8473,0.9046,26
21,25,1436.0,Low*Medium*NoStarvation,20,Low*Medium*NoStarvation,9.71,15.57,8,7,11,0.2391,0.1557,0.35,0.0239,-0.0779,-0.07,0.0072,0.0,-0.1407,-0.8659,-0.8699,0.9046,46
21,26,1502.0,Low*Medium*NoStarvation,30,Medium*Medium*NoStarvation,15.57,27.14,7,7,15,0.2273,0.2714,0.35,0.0227,-0.1357,-0.07,0.0068,0.0,-0.1989,-0.9295,-0.9327,0.9046,66
21,27,1528.0,Medium*Medium*NoStarvation,10,Low*Medium*NoStarvation,27.14,6.86,7,7,5,0.1923,0.0686,0.35,0.0192,-0.0343,-0.07,0.0058,0.0,-0.0985,-0.8473,-0.8489,0.9046,26
21,28,1594.0,Low*Medium*NoStarvation,30,Medium*Medium*NoStarvation,6.86,26.14,7,7,15,0.2273,0.2614,0.35,0.0227,-0.1307,-0.07,0.0068,0.0,-0.1939,-0.9327,-0.9353,0.9046,66
21,29,1620.0,Medium*Medium*NoStarvation,10,Low*Medium*NoStarvation,26.14,9.14,7,7,4,0.1538,0.0914,0.35,0.0154,-0.0457,-0.07,0.0046,0.0,-0.1111,-0.8489,-0.8517,0.9046,26
21,30,1646.0,Low*Medium*NoStarvation,10,Low*Medium*NoStarvation,9.14,6.29,7,7,5,0.1923,0.0629,0.35,0.0192,-0.0314,-0.07,0.0058,0.0,-0.0957,-0.8501,-0.8511,0.9046,26
21,31,1742.0,Low*Medium*NoStarvation,45,Medium*Medium*NoStarvation,6.29,41.71,7,7,22,0.2292,0.4171,0.35,0.0229,-0.2086,-0.07,0.0069,0.0,-0.2717,-1.0041,-1.0075,0.9046,96
21,32,1768.0,Medium*Medium*NoStarvation,10,Low*Medium*NoStarvation,41.71,7.0,7,7,5,0.1923,0.07,0.35,0.0192,-0.035,-0.07,0.0058,0.0,-0.0992,-0.8517,-0.853,0.9046,26
21,33,1794.0,Low*Medium*NoStarvation,10,Low*Medium*NoStarvation,7.0,6.29,7,6,5,0.1923,0.0629,0.3,0.0192,-0.0314,-0.06,0.0058,0.0,-0.0857,-0.8511,-0.8512,0.9046,26
21,34,1860.0,Low*Medium*NoStarvation,30,Medium*Medium*NoStarvation,6.29,26.29,6,7,15,0.2273,0.2629,0.35,0.0227,-0.1314,-0.07,0.0068,0.0,-0.1946,-0.9353,-0.938,0.9046,66
21,35,1886.0,Medium*Medium*NoStarvation,10,Low*Medium*NoStarvation,26.29,8.14,7,7,4,0.1538,0.0814,0.35,0.0154,-0.0407,-0.07,0.0046,0.0,-0.1061,-0.853,-0.8549,0.9046,26
21,36,1952.0,Low*Medium*NoStarvation,30,Medium*Medium*NoStarvation,8.14,25.29,7,7,15,0.2273,0.2529,0.35,0.0227,-0.1264,-0.07,0.0068,0.0,-0.1896,-0.938,-0.9401,0.9046,66
21,37,1978.0,Medium*Medium*NoStarvation,10,Low*Medium*NoStarvation,25.29,7.29,7,7,5,0.1923,0.0729,0.35,0.0192,-0.0364,-0.07,0.0058,0.0,-0.1007,-0.8549,-0.8561,0.9046,26
21,38,2024.0,Low*Medium*NoStarvation,20,Low*Medium*NoStarvation,7.29,16.0,7,7,10,0.2174,0.16,0.35,0.0217,-0.08,-0.07,0.0065,0.0,-0.1435,-0.8699,-0.8739,0.9046,46
21,39,2050.0,Low*Medium*NoStarvation,10,Low*Medium*NoStarvation,16.0,6.29,7,7,5,0.1923,0.0629,0.35,0.0192,-0.0314,-0.07,0.0058,0.0,-0.0957,-0.8512,-0.8523,0.9046,26
21,40,2096.0,Low*Medium*NoStarvation,20,Low*Medium*NoStarvation,6.29,16.0,7,7,10,0.2174,0.16,0.35,0.0217,-0.08,-0.07,0.0065,0.0,-0.1435,-0.8739,-0.8775,0.9046,46
21,41,2162.0,Low*Medium*NoStarvation,30,Medium*Medium*NoStarvation,16.0,25.29,7,7,15,0.2273,0.2529,0.35,0.0227,-0.1264,-0.07,0.0068,0.0,-0.1896,-0.9401,-0.9421,0.9046,66
21,42,2258.0,Medium*Medium*NoStarvation,45,Medium*Medium*NoStarvation,25.29,41.0,7,7,23,0.2396,0.41,0.35,0.024,-0.205,-0.07,0.0072,0.0,-0.2678,-1.0055,-1.0087,0.9046,96
21,43,2284.0,Medium*Medium*NoStarvation,10,Low*Medium*NoStarvation,41.0,5.86,7,7,5,0.1923,0.0586,0.35,0.0192,-0.0293,-0.07,0.0058,0.0,-0.0935,-0.8561,-0.8566,0.9046,26
21,44,2330.0,Low*Medium*NoStarvation,20,Low*Medium*NoStarvation,5.86,14.71,7,7,10,0.2174,0.1471,0.35,0.0217,-0.0736,-0.07,0.0065,0.0,-0.137,-0.8775,-0.8802,0.9046,46
21,45,2356.0,Low*Medium*NoStarvation,10,Low*Medium*NoStarvation,14.71,7.14,7,7,5,0.1923,0.0714,0.35,0.0192,-0.0357,-0.07,0.0058,0.0,-0.0999,-0.8523,-0.8537,0.9046,26
21,46,2452.0,Low*Medium*NoStarvation,45,Medium*Medium*NoStarvation,7.14,42.86,7,7,22,0.2292,0.4286,0.35,0.0229,-0.2143,-0.07,0.0069,0.0,-0.2774,-1.0075,-1.0116,0.9046,96
21,47,2548.0,Medium*Medium*NoStarvation,45,Medium*Medium*NoStarvation,42.86,43.14,7,7,22,0.2292,0.4314,0.35,0.0229,-0.2157,-0.07,0.0069,0.0,-0.2788,-1.0087,-1.0128,0.9046,96
21,48,2614.0,Medium*Medium*NoStarvation,30,Medium*Medium*NoStarvation,43.14,26.14,7,7,15,0.2273,0.2614,0.35,0.0227,-0.1307,-0.07,0.0068,0.0,-0.1939,-0.9286,-0.9322,0.9046,66
21,49,2640.0,Medium*Medium*NoStarvation,10,Low*Medium*NoStarvation,26.14,4.57,7,5,5,0.1923,0.0457,0.25,0.0192,-0.0229,-0.05,0.0058,0.0,-0.0671,-0.8566,-0.8544,0.9046,26
21,50,2666.0,Low*Medium*NoStarvation,10,Low*Medium*NoStarvation,4.57,6.57,5,7,5,0.1923,0.0657,0.35,0.0192,-0.0329,-0.07,0.0058,0.0,-0.0971,-0.8537,-0.8549,0.9046,26
21,51,2692.0,Low*Medium*NoStarvation,10,Low*Medium*NoStarvation,6.57,6.43,7,7,5,0.1923,0.0643,0.35,0.0192,-0.0321,-0.07,0.0058,0.0,-0.0964,-0.8549,-0.856,0.9046,26
21,52,2718.0,Low*Medium*NoStarvation,10,Low*Medium*NoStarvation,6.43,5.71,7,7,5,0.1923,0.0571,0.35,0.0192,-0.0286,-0.07,0.0058,0.0,-0.0928,-0.856,-0.8567,0.9046,26
21,53,2764.0,Low*Medium*NoStarvation,20,Low*Medium*NoStarvation,5.71,15.0,7,7,10,0.2174,0.15,0.35,0.0217,-0.075,-0.07,0.0065,0.0,-0.1385,-0.8802,-0.8831,0.9046,46
21,54,2830.0,Low*Medium*NoStarvation,30,Medium*Medium*NoStarvation,15.0,26.43,7,7,15,0.2273,0.2643,0.35,0.0227,-0.1321,-0.07,0.0068,0.0,-0.1953,-0.9421,-0.9443,0.9046,66
21,55,2896.0,Medium*Medium*NoStarvation,30,Medium*Medium*NoStarvation,26.43,25.29,7,7,15,0.2273,0.2529,0.35,0.0227,-0.1264,-0.07,0.0068,0.0,-0.1896,-0.9322,-0.9348,0.9046,66
21,56,2922.0,Medium*Medium*NoStarvation,10,Low*Medium*NoStarvation,25.29,8.14,7,7,4,0.1538,0.0814,0.35,0.0154,-0.0407,-0.07,0.0046,0.0,-0.1061,-0.8544,-0.8567,0.9046,26
21,57,2948.0,Low*Medium*NoStarvation,10,Low*Medium*NoStarvation,8.14,8.0,7,7,4,0.1538,0.08,0.35,0.0154,-0.04,-0.07,0.0046,0.0,-0.1054,-0.8567,-0.8587,0.9046,26
21,58,3044.0,Low*Medium*NoStarvation,45,Medium*Medium*NoStarvation,8.0,41.29,7,7,23,0.2396,0.4129,0.35,0.024,-0.2064,-0.07,0.0072,0.0,-0.2692,-1.0116,-1.0145,0.9046,96
21,59,3070.0,Medium*Medium*NoStarvation,10,Low*Medium*NoStarvation,41.29,8.29,7,7,4,0.1538,0.0829,0.35,0.0154,-0.0414,-0.07,0.0046,0.0,-0.1068,-0.8567,-0.859,0.9046,26
21,60,3136.0,Low*Medium*NoStarvation,30,Medium*Medium*NoStarvation,8.29,25.57,7,7,15,0.2273,0.2557,0.35,0.0227,-0.1279,-0.07,0.0068,0.0,-0.191,-0.9443,-0.9463,0.9046,66
21,61,3202.0,Medium*Medium*NoStarvation,30,Medium*Medium*NoStarvation,25.57,26.57,7,7,15,0.2273,0.2657,0.35,0.0227,-0.1329,-0.07,0.0068,0.0,-0.196,-0.9348,-0.9383,0.9046,66
21,62,3268.0,Medium*Medium*NoStarvation,30,Medium*Medium*NoStarvation,26.57,25.86,7,7,15,0.2273,0.2586,0.35,0.0227,-0.1293,-0.07,0.0068,0.0,-0.1925,-0.9383,-0.941,0.9046,66
21,63,3314.0,Medium*Medium*NoStarvation,20,Low*Medium*NoStarvation,25.86,17.14,7,7,10,0.2174,0.1714,0.35,0.0217,-0.0857,-0.07,0.0065,0.0,-0.1492,-0.8737,-0.8785,0.9046,46
21,64,3340.0,Low*Medium*NoStarvation,10,Low*Medium*NoStarvation,17.14,8.0,7,7,4,0.1538,0.08,0.35,0.0154,-0.04,-0.07,0.0046,0.0,-0.1054,-0.8587,-0.8606,0.9046,26
21,65,3406.0,Low*Medium*NoStarvation,30,Medium*Medium*NoStarvation,8.0,26.86,7,7,14,0.2121,0.2686,0.35,0.0212,-0.1343,-0.07,0.0064,0.0,-0.1979,-0.9463,-0.9488,0.9046,66
21,66,3472.0,Medium*Medium*NoStarvation,30,Medium*Medium*NoStarvation,26.86,26.86,7,7,15,0.2273,0.2686,0.35,0.0227,-0.1343,-0.07,0.0068,0.0,-0.1975,-0.941,-0.944,0.9046,66
21,67,3568.0,Medium*Medium*NoStarvation,45,Medium*Medium*NoStarvation,26.86,41.71,7,7,22,0.2292,0.4171,0.35,0.0229,-0.2086,-0.07,0.0069,0.0,-0.2717,-1.0128,-1.016,0.9046,96
21,68,3664.0,Medium*Medium*NoStarvation,45,Medium*Medium*NoStarvation,41.71,42.14,7,7,22,0.2292,0.4214,0.35,0.0229,-0.2107,-0.07,0.0069,0.0,-0.2738,-1.016,-1.0191,0.9046,96
22,0,116.0,Low*Low*NoStarvation,30,Medium*Medium*NoStarvation,0.83,26.71,2,7,31,0.4697,0.2671,0.35,0.047,-0.1336,-0.07,0.0141,0.0,-0.1895,-0.3045,-0.3703,0.9001,66
22,1,162.0,Medium*Medium*NoStarvation,20,Low*Medium*NoStarvation,26.71,16.86,7,7,20,0.4348,0.1686,0.35,0.0435,-0.0843,-0.07,0.013,0.0,-0.1412,-0.8785,-0.8822,0.9001,46
22,2,228.0,Low*Medium*NoStarvation,30,Medium*Medium*NoStarvation,16.86,26.86,7,7,30,0.4545,0.2686,0.35,0.0455,-0.1343,-0.07,0.0136,0.0,-0.1906,-0.9488,-0.9503,0.9001,66
22,3,294.0,Medium*Medium*NoStarvation,30,Medium*Medium*NoStarvation,26.86,26.29,7,7,31,0.4697,0.2629,0.35,0.047,-0.1314,-0.07,0.0141,0.0,-0.1873,-0.944,-0.9456,0.9001,66
22,4,390.0,Medium*Medium*NoStarvation,45,Medium*Medium*NoStarvation,26.29,42.86,7,7,45,0.4688,0.4286,0.35,0.0469,-0.2143,-0.07,0.0141,0.0,-0.2702,-1.0191,-1.0215,0.9001,96
22,5,416.0,Medium*Medium*NoStarvation,10,Low*Medium*NoStarvation,42.86,7.43,7,7,9,0.3462,0.0743,0.35,0.0346,-0.0371,-0.07,0.0104,0.0,-0.0968,-0.859,-0.8602,0.9001,26
22,6,462.0,Low*Medium*NoStarvation,20,Low*Medium*NoStarvation,7.43,18.25,7,8,19,0.413,0.1825,0.4,0.0413,-0.0912,-0.08,0.0124,0.0,-0.1589,-0.8831,-0.8882,0.9001,46
22,7,528.0,Low*Medium*NoStarvation,30,Medium*Medium*NoStarvation,18.25,25.71,8,7,29,0.4394,0.2571,0.35,0.0439,-0.1286,-0.07,0.0132,0.0,-0.1854,-0.9503,-0.9512,0.9001,66
22,8,554.0,Medium*Medium*NoStarvation,10,Low*Medium*NoStarvation,25.71,7.29,7,7,10,0.3846,0.0729,0.35,0.0385,-0.0364,-0.07,0.0115,0.0,-0.0949,-0.8602,-0.8612,0.9001,26
22,9,600.0,Low*Medium*NoStarvation,20,Low*Medium*NoStarvation,7.29,14.71,7,7,21,0.4565,0.1471,0.35,0.0457,-0.0736,-0.07,0.0137,0.0,-0.1299,-0.8882,-0.8898,0.9001,46
22,10,696.0,Low*Medium*NoStarvation,45,Medium*Medium*NoStarvation,14.71,44.0,7,7,45,0.4688,0.44,0.35,0.0469,-0.22,-0.07,0.0141,0.0,-0.2759,-1.0145,-1.0181,0.9001,96
22,11,722.0,Medium*Medium*NoStarvation,10,Low*Medium*NoStarvation,44.0,6.29,7,7,10,0.3846,0.0629,0.35,0.0385,-0.0314,-0.07,0.0115,0.0,-0.0899,-0.8612,-0.8615,0.9001,26
22,12,768.0,Low*Medium*NoStarvation,20,Low*Medium*NoStarvation,6.29,15.86,7,7,21,0.4565,0.1586,0.35,0.0457,-0.0793,-0.07,0.0137,0.0,-0.1356,-0.8898,-0.8918,0.9001,46
22,13,814.0,Low*Medium*NoStarvation,20,Low*Medium*NoStarvation,15.86,14.71,7,7,20,0.4348,0.1471,0.35,0.0435,-0.0736,-0.07,0.013,0.0,-0.1305,-0.8918,-0.8931,0.9001,46
22,14,840.0,Low*Medium*NoStarvation,10,Low*Medium*NoStarvation,14.71,6.11,7,8,10,0.3846,0.0611,0.4,0.0385,-0.0305,-0.08,0.0115,0.0,-0.099,-0.8606,-0.8619,0.9001,26
22,15,866.0,Low*Medium*NoStarvation,10,Low*Medium*NoStarvation,6.11,5.86,8,7,8,0.3077,0.0586,0.35,0.0308,-0.0293,-0.07,0.0092,0.0,-0.0901,-0.8619,-0.8623,0.9001,26
22,16,932.0,Low*Medium*NoStarvation,30,Medium*Medium*NoStarvation,5.86,27.57,7,7,30,0.4545,0.2757,0.35,0.0455,-0.1379,-0.07,0.0136,0.0,-0.1942,-0.9512,-0.953,0.9001,66
22,17,998.0,Medium*Medium*NoStarvation,30,Medium*Medium*NoStarvation,27.57,24.57,7,7,30,0.4545,0.2457,0.35,0.0455,-0.1229,-0.07,0.0136,0.0,-0.1792,-0.9456,-0.9465,0.9001,66
22,18,1064.0,Medium*Medium*NoStarvation,30,Medium*Medium*NoStarvation,24.57,25.86,7,7,30,0.4545,0.2586,0.35,0.0455,-0.1293,-0.07,0.0136,0.0,-0.1856,-0.9465,-0.948,0.9001,66
22,19,1110.0,Medium*Medium*NoStarvation,20,Low*Medium*NoStarvation,25.86,16.43,7,7,20,0.4348,0.1643,0.35,0.0435,-0.0821,-0.07,0.013,0.0,-0.1391,-0.8822,-0.8855,0.9001,46
22,20,1136.0,Low*Medium*NoStarvation,10,Low*Medium*NoStarvation,16.43,8.71,7,7,9,0.3462,0.0871,0.35,0.0346,-0.0436,-0.07,0.0104,0.0,-0.1032,-0.8623,-0.864,0.9001,26
22,21,1182.0,Low*Medium*NoStarvation,20,Low*Medium*NoStarvation,8.71,16.86,7,7,19,0.413,0.1686,0.35,0.0413,-0.0843,-0.07,0.0124,0.0,-0.1419,-0.8931,-0.8958,0.9001,46
22,22,1248.0,Low*Medium*NoStarvation,30,Medium*Medium*NoStarvation,16.86,26.86,7,7,30,0.4545,0.2686,0.35,0.0455,-0.1343,-0.07,0.0136,0.0,-0.1906,-0.953,-0.9543,0.9001,66
22,23,1294.0,Medium*Medium*NoStarvation,20,Low*Medium*NoStarvation,26.86,16.39,7,8,20,0.4348,0.1639,0.4,0.0435,-0.082,-0.08,0.013,0.0,-0.1489,-0.8855,-0.8896,0.9001,46
22,24,1360.0,Low*Medium*NoStarvation,30,Medium*Medium*NoStarvation,16.39,26.57,8,7,30,0.4545,0.2657,0.35,0.0455,-0.1329,-0.07,0.0136,0.0,-0.1892,-0.9543,-0.9553,0.9001,66
22,25,1426.0,Medium*Medium*NoStarvation,30,Medium*Medium*NoStarvation,26.57,25.14,7,7,26,0.3939,0.2514,0.35,0.0394,-0.1257,-0.07,0.0118,0.0,-0.1839,-0.948,-0.9491,0.9001,66
22,26,1492.0,Medium*Medium*NoStarvation,30,Medium*Medium*NoStarvation,25.14,26.29,7,7,15,0.2273,0.2629,0.35,0.0227,-0.1314,-0.07,0.0068,0.0,-0.1946,-0.9491,-0.9512,0.9001,66
22,27,1518.0,Medium*Medium*NoStarvation,10,Low*Medium*NoStarvation,26.29,5.86,7,7,5,0.1923,0.0586,0.35,0.0192,-0.0293,-0.07,0.0058,0.0,-0.0935,-0.8615,-0.8625,0.9001,26
22,28,1584.0,Low*Medium*NoStarvation,30,Medium*Medium*NoStarvation,5.86,25.14,7,7,16,0.2424,0.2514,0.35,0.0242,-0.1257,-0.07,0.0073,0.0,-0.1884,-0.9553,-0.9563,0.9001,66
22,29,1680.0,Medium*Medium*NoStarvation,45,Medium*Medium*NoStarvation,25.14,41.71,7,7,22,0.2292,0.4171,0.35,0.0229,-0.2086,-0.07,0.0069,0.0,-0.2717,-1.0215,-1.0242,0.9001,96
22,30,1746.0,Medium*Medium*NoStarvation,30,Medium*Medium*NoStarvation,41.71,25.43,7,7,16,0.2424,0.2543,0.35,0.0242,-0.1271,-0.07,0.0073,0.0,-0.1899,-0.9512,-0.9527,0.9001,66
22,31,1842.0,Medium*Medium*NoStarvation,45,Medium*Medium*NoStarvation,25.43,41.0,7,7,23,0.2396,0.41,0.35,0.024,-0.205,-0.07,0.0072,0.0,-0.2678,-1.0242,-1.0262,0.9001,96
22,32,1888.0,Medium*Medium*NoStarvation,20,Low*Medium*NoStarvation,41.0,16.29,7,7,10,0.2174,0.1629,0.35,0.0217,-0.0814,-0.07,0.0065,0.0,-0.1449,-0.8896,-0.8929,0.9001,46
22,33,1984.0,Low*Medium*NoStarvation,45,Medium*Medium*NoStarvation,16.29,43.0,7,7,22,0.2292,0.43,0.35,0.0229,-0.215,-0.07,0.0069,0.0,-0.2781,-1.0181,-1.0217,0.9001,96
22,34,2030.0,Medium*Medium*NoStarvation,20,Low*Medium*NoStarvation,43.0,17.0,7,7,10,0.2174,0.17,0.35,0.0217,-0.085,-0.07,0.0065,0.0,-0.1485,-0.8929,-0.8962,0.9001,46
22,35,2076.0,Low*Medium*NoStarvation,20,Low*Medium*NoStarvation,17.0,16.14,7,7,10,0.2174,0.1614,0.35,0.0217,-0.0807,-0.07,0.0065,0.0,-0.1442,-0.8958,-0.8984,0.9001,46
22,36,2172.0,Low*Medium*NoStarvation,45,Medium*Medium*NoStarvation,16.14,42.86,7,7,22,0.2292,0.4286,0.35,0.0229,-0.2143,-0.07,0.0069,0.0,-0.2774,-1.0217,-1.0249,0.9001,96
22,37,2198.0,Medium*Medium*NoStarvation,10,Low*Medium*NoStarvation,42.86,8.86,7,7,4,0.1538,0.0886,0.35,0.0154,-0.0443,-0.07,0.0046,0.0,-0.1097,-0.8625,-0.8649,0.9001,26
22,38,2264.0,Low*Medium*NoStarvation,30,Medium*Medium*NoStarvation,8.86,27.0,7,7,15,0.2273,0.27,0.35,0.0227,-0.135,-0.07,0.0068,0.0,-0.1982,-0.9563,-0.9583,0.9001,66
22,39,2310.0,Medium*Medium*NoStarvation,20,Low*Medium*NoStarvation,27.0,17.14,7,7,10,0.2174,0.1714,0.35,0.0217,-0.0857,-0.07,0.0065,0.0,-0.1492,-0.8962,-0.8993,0.9001,46
22,40,2356.0,Low*Medium*NoStarvation,20,Low*Medium*NoStarvation,17.14,15.43,7,7,10,0.2174,0.1543,0.35,0.0217,-0.0771,-0.07,0.0065,0.0,-0.1406,-0.8984,-0.9004,0.9001,46
22,41,2382.0,Low*Medium*NoStarvation,10,Low*Medium*NoStarvation,15.43,7.29,7,7,4,0.1538,0.0729,0.35,0.0154,-0.0364,-0.07,0.0046,0.0,-0.1018,-0.864,-0.8655,0.9001,26
22,42,2478.0,Low*Medium*NoStarvation,45,Medium*Medium*NoStarvation,7.29,40.57,7,7,23,0.2396,0.4057,0.35,0.024,-0.2029,-0.07,0.0072,0.0,-0.2657,-1.0249,-1.0268,0.9001,96
22,43,2574.0,Medium*Medium*NoStarvation,45,Medium*Medium*NoStarvation,40.57,42.71,7,7,22,0.2292,0.4271,0.35,0.0229,-0.2136,-0.07,0.0069,0.0,-0.2767,-1.0262,-1.0291,0.9001,96
22,44,2670.0,Medium*Medium*NoStarvation,45,Medium*Medium*NoStarvation,42.71,40.43,7,7,23,0.2396,0.4043,0.35,0.024,-0.2021,-0.07,0.0072,0.0,-0.265,-1.0291,-1.0305,0.9001,96
22,45,2766.0,Medium*Medium*NoStarvation,45,Medium*Medium*NoStarvation,40.43,40.43,7,7,22,0.2292,0.4043,0.35,0.0229,-0.2021,-0.07,0.0069,0.0,-0.2653,-1.0305,-1.0318,0.9001,96
22,46,2792.0,Medium*Medium*NoStarvation,10,Low*Medium*NoStarvation,40.43,4.71,7,6,5,0.1923,0.0471,0.3,0.0192,-0.0236,-0.06,0.0058,0.0,-0.0778,-0.8649,-0.8641,0.9001,26
22,47,2838.0,Low*Medium*NoStarvation,20,Low*Medium*NoStarvation,4.71,17.57,6,7,10,0.2174,0.1757,0.35,0.0217,-0.0879,-0.07,0.0065,0.0,-0.1513,-0.9004,-0.9034,0.9001,46
22,48,2934.0,Low*Medium*NoStarvation,45,Medium*Medium*NoStarvation,17.57,40.0,7,7,23,0.2396,0.4,0.35,0.024,-0.2,-0.07,0.0072,0.0,-0.2628,-1.0268,-1.0282,0.9001,96
22,49,2960.0,Medium*Medium*NoStarvation,10,Low*Medium*NoStarvation,40.0,6.29,7,7,5,0.1923,0.0629,0.35,0.0192,-0.0314,-0.07,0.0058,0.0,-0.0957,-0.8641,-0.8652,0.9001,26
22,50,3006.0,Low*Medium*NoStarvation,20,Low*Medium*NoStarvation,6.29,14.43,7,7,10,0.2174,0.1443,0.35,0.0217,-0.0721,-0.07,0.0065,0.0,-0.1356,-0.9034,-0.9045,0.9001,46
22,51,3102.0,Low*Medium*NoStarvation,45,Medium*Medium*NoStarvation,14.43,42.86,7,7,22,0.2292,0.4286,0.35,0.0229,-0.2143,-0.07,0.0069,0.0,-0.2774,-1.0282,-1.031,0.9001,96
22,52,3168.0,Medium*Medium*NoStarvation,30,Medium*Medium*NoStarvation,42.86,25.71,7,7,15,0.2273,0.2571,0.35,0.0227,-0.1286,-0.07,0.0068,0.0,-0.1918,-0.9527,-0.9544,0.9001,66
22,53,3214.0,Medium*Medium*NoStarvation,20,Low*Medium*NoStarvation,25.71,16.29,7,7,10,0.2174,0.1629,0.35,0.0217,-0.0814,-0.07,0.0065,0.0,-0.1449,-0.8993,-0.9018,0.9001,46
22,54,3240.0,Low*Medium*NoStarvation,10,Low*Medium*NoStarvation,16.29,6.43,7,7,5,0.1923,0.0643,0.35,0.0192,-0.0321,-0.07,0.0058,0.0,-0.0964,-0.8655,-0.8665,0.9001,26
22,55,3266.0,Low*Medium*NoStarvation,10,Low*Medium*NoStarvation,6.43,6.57,7,7,5,0.1923,0.0657,0.35,0.0192,-0.0329,-0.07,0.0058,0.0,-0.0971,-0.8665,-0.8676,0.9001,26
22,56,3292.0,Low*Medium*NoStarvation,10,Low*Medium*NoStarvation,6.57,6.0,7,7,5,0.1923,0.06,0.35,0.0192,-0.03,-0.07,0.0058,0.0,-0.0942,-0.8676,-0.8683,0.9001,26
22,57,3338.0,Low*Medium*NoStarvation,20,Low*Medium*NoStarvation,6.0,16.43,7,7,10,0.2174,0.1643,0.35,0.0217,-0.0821,-0.07,0.0065,0.0,-0.1456,-0.9045,-0.9068,0.9001,46
22,58,3434.0,Low*Medium*NoStarvation,45,Medium*Medium*NoStarvation,16.43,39.71,7,7,23,0.2396,0.3971,0.35,0.024,-0.1986,-0.07,0.0072,0.0,-0.2614,-1.031,-1.0319,0.9001,96
22,59,3460.0,Medium*Medium*NoStarvation,10,Low*Medium*NoStarvation,39.71,6.0,7,7,5,0.1923,0.06,0.35,0.0192,-0.03,-0.07,0.0058,0.0,-0.0942,-0.8652,-0.8662,0.9001,26
22,60,3526.0,Low*Medium*NoStarvation,30,Medium*Medium*NoStarvation,6.0,27.14,7,7,14,0.2121,0.2714,0.35,0.0212,-0.1357,-0.07,0.0064,0.0,-0.1994,-0.9583,-0.9604,0.9001,66
22,61,3592.0,Medium*Medium*NoStarvation,30,Medium*Medium*NoStarvation,27.14,26.29,7,7,15,0.2273,0.2629,0.35,0.0227,-0.1314,-0.07,0.0068,0.0,-0.1946,-0.9544,-0.9564,0.9001,66
22,62,3688.0,Medium*Medium*NoStarvation,45,Medium*Medium*NoStarvation,26.29,40.0,7,7,23,0.2396,0.4,0.35,0.024,-0.2,-0.07,0.0072,0.0,-0.2628,-1.0318,-1.0329,0.9001,96
23,0,76.0,Low*Low*NoStarvation,10,Low*Medium*NoStarvation,0.83,6.71,2,7,11,0.4231,0.0671,0.35,0.0423,-0.0336,-0.07,0.0127,0.0,-0.0909,-0.1636,-0.2345,0.8956,26
23,1,102.0,Low*Medium*NoStarvation,10,Low*Medium*NoStarvation,6.71,8.68,7,8,9,0.3462,0.0868,0.4,0.0346,-0.0434,-0.08,0.0104,0.0,-0.113,-0.8683,-0.8709,0.8956,26
23,2,198.0,Low*Medium*NoStarvation,45,Medium*Medium*NoStarvation,8.68,43.0,8,7,44,0.4583,0.43,0.35,0.0458,-0.215,-0.07,0.0137,0.0,-0.2712,-1.0319,-1.0338,0.8956,96
23,3,264.0,Medium*Medium*NoStarvation,30,Medium*Medium*NoStarvation,43.0,24.43,7,7,31,0.4697,0.2443,0.35,0.047,-0.1221,-0.07,0.0141,0.0,-0.1781,-0.9564,-0.9565,0.8956,66
23,4,290.0,Medium*Medium*NoStarvation,10,Low*Medium*NoStarvation,24.43,8.14,7,7,9,0.3462,0.0814,0.35,0.0346,-0.0407,-0.07,0.0104,0.0,-0.1003,-0.8662,-0.868,0.8956,26
23,5,386.0,Low*Medium*NoStarvation,45,Medium*Medium*NoStarvation,8.14,40.29,7,7,46,0.4792,0.4029,0.35,0.0479,-0.2014,-0.07,0.0144,0.0,-0.2571,-1.0338,-1.0342,0.8956,96
23,6,482.0,Medium*Medium*NoStarvation,45,Medium*Medium*NoStarvation,40.29,40.0,7,7,46,0.4792,0.4,0.35,0.0479,-0.2,-0.07,0.0144,0.0,-0.2556,-1.0329,-1.0333,0.8956,96
23,7,578.0,Medium*Medium*NoStarvation,45,Medium*Medium*NoStarvation,40.0,42.86,7,7,45,0.4688,0.4286,0.35,0.0469,-0.2143,-0.07,0.0141,0.0,-0.2702,-1.0333,-1.0351,0.8956,96
23,8,674.0,Medium*Medium*NoStarvation,45,Medium*Medium*NoStarvation,42.86,42.43,7,7,45,0.4688,0.4243,0.35,0.0469,-0.2121,-0.07,0.0141,0.0,-0.2681,-1.0351,-1.0365,0.8956,96
23,9,740.0,Medium*Medium*NoStarvation,30,Medium*Medium*NoStarvation,42.43,26.0,7,7,30,0.4545,0.26,0.35,0.0455,-0.13,-0.07,0.0136,0.0,-0.1864,-0.9565,-0.9576,0.8956,66
23,10,766.0,Medium*Medium*NoStarvation,10,Low*Medium*NoStarvation,26.0,7.14,7,7,10,0.3846,0.0714,0.35,0.0385,-0.0357,-0.07,0.0115,0.0,-0.0942,-0.868,-0.869,0.8956,26
23,11,862.0,Low*Medium*NoStarvation,45,Medium*Medium*NoStarvation,7.14,41.29,7,7,45,0.4688,0.4129,0.35,0.0469,-0.2064,-0.07,0.0141,0.0,-0.2624,-1.0342,-1.0353,0.8956,96
23,12,888.0,Medium*Medium*NoStarvation,10,Low*Medium*NoStarvation,41.29,6.29,7,6,9,0.3462,0.0629,0.3,0.0346,-0.0314,-0.06,0.0104,0.0,-0.081,-0.869,-0.8686,0.8956,26
23,13,934.0,Low*Medium*NoStarvation,20,Low*Medium*NoStarvation,6.29,15.0,6,7,20,0.4348,0.15,0.35,0.0435,-0.075,-0.07,0.013,0.0,-0.132,-0.9068,-0.9077,0.8956,46
23,14,1000.0,Low*Medium*NoStarvation,30,Medium*Medium*NoStarvation,15.0,26.14,7,7,30,0.4545,0.2614,0.35,0.0455,-0.1307,-0.07,0.0136,0.0,-0.1871,-0.9604,-0.9612,0.8956,66
23,15,1026.0,Medium*Medium*NoStarvation,10,Low*Medium*NoStarvation,26.14,6.14,7,7,10,0.3846,0.0614,0.35,0.0385,-0.0307,-0.07,0.0115,0.0,-0.0892,-0.8686,-0.869,0.8956,26
23,16,1122.0,Low*Medium*NoStarvation,45,Medium*Medium*NoStarvation,6.14,40.86,7,7,46,0.4792,0.4086,0.35,0.0479,-0.2043,-0.07,0.0144,0.0,-0.2599,-1.0353,-1.0359,0.8956,96
23,17,1148.0,Medium*Medium*NoStarvation,10,Low*Medium*NoStarvation,40.86,6.29,7,7,10,0.3846,0.0629,0.35,0.0385,-0.0314,-0.07,0.0115,0.0,-0.0899,-0.869,-0.8695,0.8956,26
23,18,1214.0,Low*Medium*NoStarvation,30,Medium*Medium*NoStarvation,6.29,25.57,7,7,30,0.4545,0.2557,0.35,0.0455,-0.1279,-0.07,0.0136,0.0,-0.1842,-0.9612,-0.9618,0.8956,66
23,19,1310.0,Medium*Medium*NoStarvation,45,Medium*Medium*NoStarvation,25.57,40.0,7,7,46,0.4792,0.4,0.35,0.0479,-0.2,-0.07,0.0144,0.0,-0.2556,-1.0365,-1.0367,0.8956,96
23,20,1356.0,Medium*Medium*NoStarvation,20,Low*Medium*NoStarvation,40.0,17.14,7,8,20,0.4348,0.1714,0.4,0.0435,-0.0857,-0.08,0.013,0.0,-0.1527,-0.9018,-0.9052,0.8956,46
23,21,1402.0,Low*Medium*NoStarvation,20,Low*Medium*NoStarvation,17.14,15.0,8,7,12,0.2609,0.15,0.35,0.0261,-0.075,-0.07,0.0078,0.0,-0.1372,-0.9077,-0.909,0.8956,46
23,22,1448.0,Low*Medium*NoStarvation,20,Low*Medium*NoStarvation,15.0,16.29,7,7,10,0.2174,0.1629,0.35,0.0217,-0.0814,-0.07,0.0065,0.0,-0.1449,-0.909,-0.911,0.8956,46
23,23,1514.0,Low*Medium*NoStarvation,30,Medium*Medium*NoStarvation,16.29,25.71,7,7,15,0.2273,0.2571,0.35,0.0227,-0.1286,-0.07,0.0068,0.0,-0.1918,-0.9618,-0.963,0.8956,66
23,24,1560.0,Medium*Medium*NoStarvation,20,Low*Medium*NoStarvation,25.71,17.0,7,7,10,0.2174,0.17,0.35,0.0217,-0.085,-0.07,0.0065,0.0,-0.1485,-0.9052,-0.9079,0.8956,46
23,25,1586.0,Low*Medium*NoStarvation,10,Low*Medium*NoStarvation,17.0,6.86,7,7,5,0.1923,0.0686,0.35,0.0192,-0.0343,-0.07,0.0058,0.0,-0.0985,-0.8709,-0.8721,0.8956,26
23,26,1632.0,Low*Medium*NoStarvation,20,Low*Medium*NoStarvation,6.86,16.0,7,7,10,0.2174,0.16,0.35,0.0217,-0.08,-0.07,0.0065,0.0,-0.1435,-0.911,-0.9127,0.8956,46
23,27,1728.0,Low*Medium*NoStarvation,45,Medium*Medium*NoStarvation,16.0,40.86,7,7,23,0.2396,0.4086,0.35,0.024,-0.2043,-0.07,0.0072,0.0,-0.2671,-1.0359,-1.0373,0.8956,96
23,28,1824.0,Medium*Medium*NoStarvation,45,Medium*Medium*NoStarvation,40.86,40.29,7,7,23,0.2396,0.4029,0.35,0.024,-0.2014,-0.07,0.0072,0.0,-0.2642,-1.0367,-1.0377,0.8956,96
23,29,1870.0,Medium*Medium*NoStarvation,20,Low*Medium*NoStarvation,40.29,16.86,7,7,10,0.2174,0.1686,0.35,0.0217,-0.0843,-0.07,0.0065,0.0,-0.1478,-0.9079,-0.9104,0.8956,46
23,30,1896.0,Low*Medium*NoStarvation,10,Low*Medium*NoStarvation,16.86,8.0,7,7,4,0.1538,0.08,0.35,0.0154,-0.04,-0.07,0.0046,0.0,-0.1054,-0.8721,-0.8739,0.8956,26
23,31,1922.0,Low*Medium*NoStarvation,10,Low*Medium*NoStarvation,8.0,8.71,7,7,4,0.1538,0.0871,0.35,0.0154,-0.0436,-0.07,0.0046,0.0,-0.109,-0.8739,-0.8761,0.8956,26
23,32,2018.0,Low*Medium*NoStarvation,45,Medium*Medium*NoStarvation,8.71,40.43,7,7,23,0.2396,0.4043,0.35,0.024,-0.2021,-0.07,0.0072,0.0,-0.265,-1.0373,-1.0383,0.8956,96
23,33,2044.0,Medium*Medium*NoStarvation,10,Low*Medium*NoStarvation,40.43,8.71,7,7,4,0.1538,0.0871,0.35,0.0154,-0.0436,-0.07,0.0046,0.0,-0.109,-0.8695,-0.8723,0.8956,26
23,34,2070.0,Low*Medium*NoStarvation,10,Low*Medium*NoStarvation,8.71,7.14,7,7,4,0.1538,0.0714,0.35,0.0154,-0.0357,-0.07,0.0046,0.0,-0.1011,-0.8761,-0.8774,0.8956,26
23,35,2096.0,Low*Medium*NoStarvation,10,Low*Medium*NoStarvation,7.14,6.71,7,7,5,0.1923,0.0671,0.35,0.0192,-0.0336,-0.07,0.0058,0.0,-0.0978,-0.8774,-0.8784,0.8956,26
23,36,2192.0,Low*Medium*NoStarvation,45,Medium*Medium*NoStarvation,6.71,41.57,7,7,22,0.2292,0.4157,0.35,0.0229,-0.2079,-0.07,0.0069,0.0,-0.271,-1.0383,-1.0401,0.8956,96
23,37,2218.0,Medium*Medium*NoStarvation,10,Low*Medium*NoStarvation,41.57,6.0,7,7,5,0.1923,0.06,0.35,0.0192,-0.03,-0.07,0.0058,0.0,-0.0942,-0.8723,-0.8736,0.8956,26
23,38,2244.0,Low*Medium*NoStarvation,10,Low*Medium*NoStarvation,6.0,8.0,7,7,4,0.1538,0.08,0.35,0.0154,-0.04,-0.07,0.0046,0.0,-0.1054,-0.8784,-0.8802,0.8956,26
23,39,2290.0,Low*Medium*NoStarvation,20,Low*Medium*NoStarvation,8.0,15.71,7,7,10,0.2174,0.1571,0.35,0.0217,-0.0786,-0.07,0.0065,0.0,-0.142,-0.9127,-0.9149,0.8956,46
23,40,2316.0,Low*Medium*NoStarvation,10,Low*Medium*NoStarvation,15.71,7.43,7,7,4,0.1538,0.0743,0.35,0.0154,-0.0371,-0.07,0.0046,0.0,-0.1025,-0.8802,-0.8816,0.8956,26
23,41,2362.0,Low*Medium*NoStarvation,20,Low*Medium*NoStarvation,7.43,16.0,7,7,10,0.2174,0.16,0.35,0.0217,-0.08,-0.07,0.0065,0.0,-0.1435,-0.9149,-0.9171,0.8956,46
23,42,2428.0,Low*Medium*NoStarvation,30,Medium*Medium*NoStarvation,16.0,26.29,7,7,15,0.2273,0.2629,0.35,0.0227,-0.1314,-0.07,0.0068,0.0,-0.1946,-0.963,-0.9648,0.8956,66
23,43,2494.0,Medium*Medium*NoStarvation,30,Medium*Medium*NoStarvation,26.29,26.71,7,7,15,0.2273,0.2671,0.35,0.0227,-0.1336,-0.07,0.0068,0.0,-0.1968,-0.9576,-0.9602,0.8956,66
23,44,2590.0,Medium*Medium*NoStarvation,45,Medium*Medium*NoStarvation,26.71,42.43,7,7,22,0.2292,0.4243,0.35,0.0229,-0.2121,-0.07,0.0069,0.0,-0.2753,-1.0377,-1.0401,0.8956,96
23,45,2656.0,Medium*Medium*NoStarvation,30,Medium*Medium*NoStarvation,42.43,28.14,7,7,15,0.2273,0.2814,0.35,0.0227,-0.1407,-0.07,0.0068,0.0,-0.2039,-0.9602,-0.9632,0.8956,66
23,46,2682.0,Medium*Medium*NoStarvation,10,Low*Medium*NoStarvation,28.14,7.43,7,7,4,0.1538,0.0743,0.35,0.0154,-0.0371,-0.07,0.0046,0.0,-0.1025,-0.8736,-0.8758,0.8956,26
23,47,2778.0,Low*Medium*NoStarvation,45,Medium*Medium*NoStarvation,7.43,41.14,7,7,23,0.2396,0.4114,0.35,0.024,-0.2057,-0.07,0.0072,0.0,-0.2685,-1.0401,-1.0418,0.8956,96
23,48,2824.0,Medium*Medium*NoStarvation,20,Low*Medium*NoStarvation,41.14,16.0,7,7,10,0.2174,0.16,0.35,0.0217,-0.08,-0.07,0.0065,0.0,-0.1435,-0.9104,-0.9131,0.8956,46
23,49,2870.0,Low*Medium*NoStarvation,20,Low*Medium*NoStarvation,16.0,16.14,7,7,10,0.2174,0.1614,0.35,0.0217,-0.0807,-0.07,0.0065,0.0,-0.1442,-0.9171,-0.9191,0.8956,46
23,50,2896.0,Low*Medium*NoStarvation,10,Low*Medium*NoStarvation,16.14,9.14,7,7,4,0.1538,0.0914,0.35,0.0154,-0.0457,-0.07,0.0046,0.0,-0.1111,-0.8816,-0.8839,0.8956,26
23,51,2942.0,Low*Medium*NoStarvation,20,Low*Medium*NoStarvation,9.14,17.71,7,7,9,0.1957,0.1771,0.35,0.0196,-0.0886,-0.07,0.0059,0.0,-0.1527,-0.9191,-0.922,0.8956,46
23,52,2988.0,Low*Medium*NoStarvation,20,Low*Medium*NoStarvation,17.71,15.86,7,7,10,0.2174,0.1586,0.35,0.0217,-0.0793,-0.07,0.0065,0.0,-0.1428,-0.922,-0.9237,0.8956,46
23,53,3014.0,Low*Medium*NoStarvation,10,Low*Medium*NoStarvation,15.86,6.14,7,7,5,0.1923,0.0614,0.35,0.0192,-0.0307,-0.07,0.0058,0.0,-0.0949,-0.8839,-0.8846,0.8956,26
23,54,3060.0,Low*Medium*NoStarvation,20,Low*Medium*NoStarvation,6.14,15.71,7,7,10,0.2174,0.1571,0.35,0.0217,-0.0786,-0.07,0.0065,0.0,-0.142,-0.9237,-0.9251,0.8956,46
23,55,3086.0,Low*Medium*NoStarvation,10,Low*Medium*NoStarvation,15.71,7.57,7,7,4,0.1538,0.0757,0.35,0.0154,-0.0379,-0.07,0.0046,0.0,-0.1032,-0.8846,-0.886,0.8956,26
23,56,3152.0,Low*Medium*NoStarvation,30,Medium*Medium*NoStarvation,7.57,25.29,7,7,16,0.2424,0.2529,0.35,0.0242,-0.1264,-0.07,0.0073,0.0,-0.1892,-0.9648,-0.9661,0.8956,66
23,57,3178.0,Medium*Medium*NoStarvation,10,Low*Medium*NoStarvation,25.29,6.71,7,7,5,0.1923,0.0671,0.35,0.0192,-0.0336,-0.07,0.0058,0.0,-0.0978,-0.8758,-0.8777,0.8956,26
23,58,3274.0,Low*Medium*NoStarvation,45,Medium*Medium*NoStarvation,6.71,39.57,7,7,23,0.2396,0.3957,0.35,0.024,-0.1979,-0.07,0.0072,0.0,-0.2607,-1.0418,-1.0427,0.8956,96
23,59,3300.0,Medium*Medium*NoStarvation,10,Low*Medium*NoStarvation,39.57,8.29,7,7,4,0.1538,0.0829,0.35,0.0154,-0.0414,-0.07,0.0046,0.0,-0.1068,-0.8777,-0.8804,0.8956,26
23,60,3366.0,Low*Medium*NoStarvation,30,Medium*Medium*NoStarvation,8.29,28.0,7,7,14,0.2121,0.28,0.35,0.0212,-0.14,-0.07,0.0064,0.0,-0.2036,-0.9661,-0.9691,0.8956,66
23,61,3392.0,Medium*Medium*NoStarvation,10,Low*Medium*NoStarvation,28.0,7.0,7,7,5,0.1923,0.07,0.35,0.0192,-0.035,-0.07,0.0058,0.0,-0.0992,-0.8804,-0.882,0.8956,26
23,62,3418.0,Low*Medium*NoStarvation,10,Low*Medium*NoStarvation,7.0,8.14,7,7,4,0.1538,0.0814,0.35,0.0154,-0.0407,-0.07,0.0046,0.0,-0.1061,-0.886,-0.8878,0.8956,26
23,63,3514.0,Low*Medium*NoStarvation,45,Medium*Medium*NoStarvation,8.14,42.86,7,7,22,0.2292,0.4286,0.35,0.0229,-0.2143,-0.07,0.0069,0.0,-0.2774,-1.0427,-1.0455,0.8956,96
23,64,3540.0,Medium*Medium*NoStarvation,10,Low*Medium*NoStarvation,42.86,5.57,7,6,5,0.1923,0.0557,0.3,0.0192,-0.0279,-0.06,0.0058,0.0,-0.0821,-0.882,-0.8819,0.8956,26
23,65,3566.0,Low*Medium*NoStarvation,10,Low*Medium*NoStarvation,5.57,6.29,6,7,5,0.1923,0.0629,0.35,0.0192,-0.0314,-0.07,0.0058,0.0,-0.0957,-0.8878,-0.8885,0.8956,26
23,66,3592.0,Low*Medium*NoStarvation,10,Low*Medium*NoStarvation,6.29,6.29,7,7,5,0.1923,0.0629,0.35,0.0192,-0.0314,-0.07,0.0058,0.0,-0.0957,-0.8885,-0.8892,0.8956,26
23,67,3658.0,Low*Medium*NoStarvation,30,Medium*Medium*NoStarvation,6.29,24.71,7,7,16,0.2424,0.2471,0.35,0.0242,-0.1236,-0.07,0.0073,0.0,-0.1863,-0.9691,-0.9702,0.8956,66
24,0,116.0,Low*Low*NoStarvation,30,Medium*Medium*NoStarvation,0.83,26.71,2,7,31,0.4697,0.2671,0.35,0.047,-0.1336,-0.07,0.0141,0.0,-0.1895,-0.3703,-0.4316,0.8911,66
24,1,212.0,Medium*Medium*NoStarvation,45,Medium*Medium*NoStarvation,26.71,41.0,7,7,45,0.4688,0.41,0.35,0.0469,-0.205,-0.07,0.0141,0.0,-0.2609,-1.0401,-1.0415,0.8911,96
24,2,278.0,Medium*Medium*NoStarvation,30,Medium*Medium*NoStarvation,41.0,25.71,7,7,31,0.4697,0.2571,0.35,0.047,-0.1286,-0.07,0.0141,0.0,-0.1845,-0.9632,-0.9647,0.8911,66
24,3,374.0,Medium*Medium*NoStarvation,45,Medium*Medium*NoStarvation,25.71,41.86,7,7,46,0.4792,0.4186,0.35,0.0479,-0.2093,-0.07,0.0144,0.0,-0.2649,-1.0415,-1.0432,0.8911,96
24,4,400.0,Medium*Medium*NoStarvation,10,Low*Medium*NoStarvation,41.86,5.29,7,6,9,0.3462,0.0529,0.3,0.0346,-0.0264,-0.06,0.0104,0.0,-0.076,-0.8819,-0.8814,0.8911,26
24,5,446.0,Low*Medium*NoStarvation,20,Low*Medium*NoStarvation,5.29,15.86,6,7,20,0.4348,0.1586,0.35,0.0435,-0.0793,-0.07,0.013,0.0,-0.1362,-0.9251,-0.9262,0.8911,46
24,6,492.0,Low*Medium*NoStarvation,20,Low*Medium*NoStarvation,15.86,16.14,7,7,20,0.4348,0.1614,0.35,0.0435,-0.0807,-0.07,0.013,0.0,-0.1377,-0.9262,-0.9274,0.8911,46
24,7,538.0,Low*Medium*NoStarvation,20,Low*Medium*NoStarvation,16.14,16.86,7,7,20,0.4348,0.1686,0.35,0.0435,-0.0843,-0.07,0.013,0.0,-0.1412,-0.9274,-0.9288,0.8911,46
24,8,584.0,Low*Medium*NoStarvation,20,Low*Medium*NoStarvation,16.86,17.57,7,7,20,0.4348,0.1757,0.35,0.0435,-0.0879,-0.07,0.013,0.0,-0.1448,-0.9288,-0.9304,0.8911,46
24,9,630.0,Low*Medium*NoStarvation,20,Low*Medium*NoStarvation,17.57,15.43,7,7,20,0.4348,0.1543,0.35,0.0435,-0.0771,-0.07,0.013,0.0,-0.1341,-0.9304,-0.9308,0.8911,46
24,10,726.0,Low*Medium*NoStarvation,45,Medium*Medium*NoStarvation,15.43,40.71,7,7,46,0.4792,0.4071,0.35,0.0479,-0.2036,-0.07,0.0144,0.0,-0.2592,-1.0455,-1.0462,0.8911,96
24,11,752.0,Medium*Medium*NoStarvation,10,Low*Medium*NoStarvation,40.71,6.86,7,7,10,0.3846,0.0686,0.35,0.0385,-0.0343,-0.07,0.0115,0.0,-0.0927,-0.8814,-0.8825,0.8911,26
24,12,798.0,Low*Medium*NoStarvation,20,Low*Medium*NoStarvation,6.86,16.43,7,7,20,0.4348,0.1643,0.35,0.0435,-0.0821,-0.07,0.013,0.0,-0.1391,-0.9308,-0.9317,0.8911,46
24,13,844.0,Low*Medium*NoStarvation,20,Low*Medium*NoStarvation,16.43,16.71,7,7,20,0.4348,0.1671,0.35,0.0435,-0.0836,-0.07,0.013,0.0,-0.1405,-0.9317,-0.9326,0.8911,46
24,14,870.0,Low*Medium*NoStarvation,10,Low*Medium*NoStarvation,16.71,6.29,7,7,10,0.3846,0.0629,0.35,0.0385,-0.0314,-0.07,0.0115,0.0,-0.0899,-0.8892,-0.8893,0.8911,26
24,15,916.0,Low*Medium*NoStarvation,20,Low*Medium*NoStarvation,6.29,17.0,7,7,20,0.4348,0.17,0.35,0.0435,-0.085,-0.07,0.013,0.0,-0.142,-0.9326,-0.9336,0.8911,46
24,16,1012.0,Low*Medium*NoStarvation,45,Medium*Medium*NoStarvation,17.0,39.86,7,7,46,0.4792,0.3986,0.35,0.0479,-0.1993,-0.07,0.0144,0.0,-0.2549,-1.0462,-1.0465,0.8911,96
24,17,1058.0,Medium*Medium*NoStarvation,20,Low*Medium*NoStarvation,39.86,15.0,7,7,20,0.4348,0.15,0.35,0.0435,-0.075,-0.07,0.013,0.0,-0.132,-0.9131,-0.915,0.8911,46
24,18,1124.0,Low*Medium*NoStarvation,30,Medium*Medium*NoStarvation,15.0,27.0,7,7,30,0.4545,0.27,0.35,0.0455,-0.135,-0.07,0.0136,0.0,-0.1914,-0.9702,-0.9717,0.8911,66
24,19,1150.0,Medium*Medium*NoStarvation,10,Low*Medium*NoStarvation,27.0,7.29,7,7,9,0.3462,0.0729,0.35,0.0346,-0.0364,-0.07,0.0104,0.0,-0.096,-0.8825,-0.8839,0.8911,26
24,20,1196.0,Low*Medium*NoStarvation,20,Low*Medium*NoStarvation,7.29,15.57,7,7,19,0.413,0.1557,0.35,0.0413,-0.0779,-0.07,0.0124,0.0,-0.1355,-0.9336,-0.9338,0.8911,46
24,21,1292.0,Low*Medium*NoStarvation,45,Medium*Medium*NoStarvation,15.57,40.0,7,7,46,0.4792,0.4,0.35,0.0479,-0.2,-0.07,0.0144,0.0,-0.2556,-1.0465,-1.047,0.8911,96
24,22,1318.0,Medium*Medium*NoStarvation,10,Low*Medium*NoStarvation,40.0,8.29,7,7,9,0.3462,0.0829,0.35,0.0346,-0.0414,-0.07,0.0104,0.0,-0.101,-0.8839,-0.8857,0.8911,26
24,23,1384.0,Low*Medium*NoStarvation,30,Medium*Medium*NoStarvation,8.29,26.86,7,7,30,0.4545,0.2686,0.35,0.0455,-0.1343,-0.07,0.0136,0.0,-0.1906,-0.9717,-0.9733,0.8911,66
24,24,1480.0,Medium*Medium*NoStarvation,45,Medium*Medium*NoStarvation,26.86,40.43,7,7,24,0.25,0.4043,0.35,0.025,-0.2021,-0.07,0.0075,0.0,-0.2646,-1.0432,-1.0451,0.8911,96
24,25,1506.0,Medium*Medium*NoStarvation,10,Low*Medium*NoStarvation,40.43,6.14,7,7,5,0.1923,0.0614,0.35,0.0192,-0.0307,-0.07,0.0058,0.0,-0.0949,-0.8857,-0.8866,0.8911,26
24,26,1602.0,Low*Medium*NoStarvation,45,Medium*Medium*NoStarvation,6.14,40.14,7,7,23,0.2396,0.4014,0.35,0.024,-0.2007,-0.07,0.0072,0.0,-0.2635,-1.047,-1.0484,0.8911,96
24,27,1648.0,Medium*Medium*NoStarvation,20,Low*Medium*NoStarvation,40.14,17.0,7,7,10,0.2174,0.17,0.35,0.0217,-0.085,-0.07,0.0065,0.0,-0.1485,-0.915,-0.9184,0.8911,46
24,28,1714.0,Low*Medium*NoStarvation,30,Medium*Medium*NoStarvation,17.0,26.29,7,7,15,0.2273,0.2629,0.35,0.0227,-0.1314,-0.07,0.0068,0.0,-0.1946,-0.9733,-0.9752,0.8911,66
24,29,1780.0,Medium*Medium*NoStarvation,30,Medium*Medium*NoStarvation,26.29,26.71,7,7,14,0.2121,0.2671,0.35,0.0212,-0.1336,-0.07,0.0064,0.0,-0.1972,-0.9647,-0.9677,0.8911,66
24,30,1806.0,Medium*Medium*NoStarvation,10,Low*Medium*NoStarvation,26.71,7.29,7,7,4,0.1538,0.0729,0.35,0.0154,-0.0364,-0.07,0.0046,0.0,-0.1018,-0.8866,-0.8882,0.8911,26
24,31,1832.0,Low*Medium*NoStarvation,10,Low*Medium*NoStarvation,7.29,8.29,7,7,4,0.1538,0.0829,0.35,0.0154,-0.0414,-0.07,0.0046,0.0,-0.1068,-0.8893,-0.891,0.8911,26
24,32,1928.0,Low*Medium*NoStarvation,45,Medium*Medium*NoStarvation,8.29,39.71,7,7,23,0.2396,0.3971,0.35,0.024,-0.1986,-0.07,0.0072,0.0,-0.2614,-1.0484,-1.0497,0.8911,96
24,33,1954.0,Medium*Medium*NoStarvation,10,Low*Medium*NoStarvation,39.71,9.71,7,7,4,0.1538,0.0971,0.35,0.0154,-0.0486,-0.07,0.0046,0.0,-0.114,-0.8882,-0.8909,0.8911,26
24,34,2020.0,Low*Medium*NoStarvation,30,Medium*Medium*NoStarvation,9.71,26.71,7,7,15,0.2273,0.2671,0.35,0.0227,-0.1336,-0.07,0.0068,0.0,-0.1968,-0.9752,-0.9776,0.8911,66
24,35,2046.0,Medium*Medium*NoStarvation,10,Low*Medium*NoStarvation,26.71,7.29,7,7,5,0.1923,0.0729,0.35,0.0192,-0.0364,-0.07,0.0058,0.0,-0.1007,-0.8909,-0.8921,0.8911,26
24,36,2072.0,Low*Medium*NoStarvation,10,Low*Medium*NoStarvation,7.29,6.29,7,7,5,0.1923,0.0629,0.35,0.0192,-0.0314,-0.07,0.0058,0.0,-0.0957,-0.891,-0.8917,0.8911,26
24,37,2118.0,Low*Medium*NoStarvation,20,Low*Medium*NoStarvation,6.29,16.14,7,7,10,0.2174,0.1614,0.35,0.0217,-0.0807,-0.07,0.0065,0.0,-0.1442,-0.9338,-0.9351,0.8911,46
24,38,2144.0,Low*Medium*NoStarvation,10,Low*Medium*NoStarvation,16.14,8.0,7,7,4,0.1538,0.08,0.35,0.0154,-0.04,-0.07,0.0046,0.0,-0.1054,-0.8917,-0.8933,0.8911,26
24,39,2170.0,Low*Medium*NoStarvation,10,Low*Medium*NoStarvation,8.0,7.43,7,7,4,0.1538,0.0743,0.35,0.0154,-0.0371,-0.07,0.0046,0.0,-0.1025,-0.8933,-0.8946,0.8911,26
24,40,2236.0,Low*Medium*NoStarvation,30,Medium*Medium*NoStarvation,7.43,26.43,7,7,15,0.2273,0.2643,0.35,0.0227,-0.1321,-0.07,0.0068,0.0,-0.1953,-0.9776,-0.9796,0.8911,66
24,41,2262.0,Medium*Medium*NoStarvation,10,Low*Medium*NoStarvation,26.43,6.71,7,7,5,0.1923,0.0671,0.35,0.0192,-0.0336,-0.07,0.0058,0.0,-0.0978,-0.8921,-0.8932,0.8911,26
24,42,2328.0,Low*Medium*NoStarvation,30,Medium*Medium*NoStarvation,6.71,26.86,7,7,14,0.2121,0.2686,0.35,0.0212,-0.1343,-0.07,0.0064,0.0,-0.1979,-0.9796,-0.9819,0.8911,66
24,43,2354.0,Medium*Medium*NoStarvation,10,Low*Medium*NoStarvation,26.86,6.29,7,7,5,0.1923,0.0629,0.35,0.0192,-0.0314,-0.07,0.0058,0.0,-0.0957,-0.8932,-0.894,0.8911,26
24,44,2450.0,Low*Medium*NoStarvation,45,Medium*Medium*NoStarvation,6.29,42.86,7,7,22,0.2292,0.4286,0.35,0.0229,-0.2143,-0.07,0.0069,0.0,-0.2774,-1.0497,-1.0529,0.8911,96
24,45,2476.0,Medium*Medium*NoStarvation,10,Low*Medium*NoStarvation,42.86,5.43,7,6,5,0.1923,0.0543,0.3,0.0192,-0.0271,-0.06,0.0058,0.0,-0.0814,-0.894,-0.8932,0.8911,26
24,46,2522.0,Low*Medium*NoStarvation,20,Low*Medium*NoStarvation,5.43,17.14,6,7,10,0.2174,0.1714,0.35,0.0217,-0.0857,-0.07,0.0065,0.0,-0.1492,-0.9351,-0.937,0.8911,46
24,47,2548.0,Low*Medium*NoStarvation,10,Low*Medium*NoStarvation,17.14,7.0,7,7,5,0.1923,0.07,0.35,0.0192,-0.035,-0.07,0.0058,0.0,-0.0992,-0.8946,-0.8956,0.8911,26
24,48,2574.0,Low*Medium*NoStarvation,10,Low*Medium*NoStarvation,7.0,5.86,7,7,5,0.1923,0.0586,0.35,0.0192,-0.0293,-0.07,0.0058,0.0,-0.0935,-0.8956,-0.896,0.8911,26
24,49,2640.0,Low*Medium*NoStarvation,30,Medium*Medium*NoStarvation,5.86,26.71,7,7,15,0.2273,0.2671,0.35,0.0227,-0.1336,-0.07,0.0068,0.0,-0.1968,-0.9819,-0.9837,0.8911,66
24,50,2706.0,Medium*Medium*NoStarvation,30,Medium*Medium*NoStarvation,26.71,25.29,7,7,15,0.2273,0.2529,0.35,0.0227,-0.1264,-0.07,0.0068,0.0,-0.1896,-0.9677,-0.9703,0.8911,66
24,51,2732.0,Medium*Medium*NoStarvation,10,Low*Medium*NoStarvation,25.29,6.0,7,7,5,0.1923,0.06,0.35,0.0192,-0.03,-0.07,0.0058,0.0,-0.0942,-0.8932,-0.894,0.8911,26
24,52,2758.0,Low*Medium*NoStarvation,10,Low*Medium*NoStarvation,6.0,5.29,7,6,5,0.1923,0.0529,0.3,0.0192,-0.0264,-0.06,0.0058,0.0,-0.0807,-0.896,-0.8951,0.8911,26
24,53,2804.0,Low*Medium*NoStarvation,20,Low*Medium*NoStarvation,5.29,15.29,6,7,10,0.2174,0.1529,0.35,0.0217,-0.0764,-0.07,0.0065,0.0,-0.1399,-0.937,-0.9379,0.8911,46
24,54,2830.0,Low*Medium*NoStarvation,10,Low*Medium*NoStarvation,15.29,6.29,7,7,5,0.1923,0.0629,0.35,0.0192,-0.0314,-0.07,0.0058,0.0,-0.0957,-0.8951,-0.8957,0.8911,26
24,55,2926.0,Low*Medium*NoStarvation,45,Medium*Medium*NoStarvation,6.29,39.71,7,7,23,0.2396,0.3971,0.35,0.024,-0.1986,-0.07,0.0072,0.0,-0.2614,-1.0529,-1.0542,0.8911,96
24,56,2972.0,Medium*Medium*NoStarvation,20,Low*Medium*NoStarvation,39.71,16.43,7,7,10,0.2174,0.1643,0.35,0.0217,-0.0821,-0.07,0.0065,0.0,-0.1456,-0.9184,-0.9217,0.8911,46
24,57,2998.0,Low*Medium*NoStarvation,10,Low*Medium*NoStarvation,16.43,8.43,7,7,4,0.1538,0.0843,0.35,0.0154,-0.0421,-0.07,0.0046,0.0,-0.1075,-0.8957,-0.8975,0.8911,26
24,58,3094.0,Low*Medium*NoStarvation,45,Medium*Medium*NoStarvation,8.43,42.57,7,7,22,0.2292,0.4257,0.35,0.0229,-0.2129,-0.07,0.0069,0.0,-0.276,-1.0542,-1.0568,0.8911,96
24,59,3190.0,Medium*Medium*NoStarvation,45,Medium*Medium*NoStarvation,42.57,40.86,7,7,22,0.2292,0.4086,0.35,0.0229,-0.2043,-0.07,0.0069,0.0,-0.2674,-1.0451,-1.0478,0.8911,96
24,60,3286.0,Medium*Medium*NoStarvation,45,Medium*Medium*NoStarvation,40.86,40.57,7,7,22,0.2292,0.4057,0.35,0.0229,-0.2029,-0.07,0.0069,0.0,-0.266,-1.0478,-1.0501,0.8911,96
24,61,3332.0,Medium*Medium*NoStarvation,20,Low*Medium*NoStarvation,40.57,16.43,7,7,10,0.2174,0.1643,0.35,0.0217,-0.0821,-0.07,0.0065,0.0,-0.1456,-0.9217,-0.9249,0.8911,46
24,62,3358.0,Low*Medium*NoStarvation,10,Low*Medium*NoStarvation,16.43,8.14,7,7,4,0.1538,0.0814,0.35,0.0154,-0.0407,-0.07,0.0046,0.0,-0.1061,-0.8975,-0.8992,0.8911,26
24,63,3424.0,Low*Medium*NoStarvation,30,Medium*Medium*NoStarvation,8.14,26.0,7,7,15,0.2273,0.26,0.35,0.0227,-0.13,-0.07,0.0068,0.0,-0.1932,-0.9837,-0.9851,0.8911,66
24,64,3520.0,Medium*Medium*NoStarvation,45,Medium*Medium*NoStarvation,26.0,40.0,7,7,23,0.2396,0.4,0.35,0.024,-0.2,-0.07,0.0072,0.0,-0.2628,-1.0501,-1.0518,0.8911,96
24,65,3616.0,Medium*Medium*NoStarvation,45,Medium*Medium*NoStarvation,40.0,41.43,7,7,22,0.2292,0.4143,0.35,0.0229,-0.2071,-0.07,0.0069,0.0,-0.2703,-1.0518,-1.0541,0.8911,96
25,0,76.0,Low*Low*NoStarvation,10,Low*Medium*NoStarvation,0.83,6.71,2,7,11,0.4231,0.0671,0.35,0.0423,-0.0336,-0.07,0.0127,0.0,-0.0909,-0.2345,-0.301,0.8867,26
25,1,122.0,Low*Medium*NoStarvation,20,Low*Medium*NoStarvation,6.71,15.86,7,7,20,0.4348,0.1586,0.35,0.0435,-0.0793,-0.07,0.013,0.0,-0.1362,-0.9379,-0.9386,0.8867,46
25,2,218.0,Low*Medium*NoStarvation,45,Medium*Medium*NoStarvation,15.86,40.14,7,7,45,0.4688,0.4014,0.35,0.0469,-0.2007,-0.07,0.0141,0.0,-0.2567,-1.0568,-1.0573,0.8867,96
25,3,264.0,Medium*Medium*NoStarvation,20,Low*Medium*NoStarvation,40.14,16.43,7,7,20,0.4348,0.1643,0.35,0.0435,-0.0821,-0.07,0.013,0.0,-0.1391,-0.9249,-0.9272,0.8867,46
25,4,360.0,Low*Medium*NoStarvation,45,Medium*Medium*NoStarvation,16.43,41.71,7,7,45,0.4688,0.4171,0.35,0.0469,-0.2086,-0.07,0.0141,0.0,-0.2645,-1.0573,-1.0584,0.8867,96
25,5,456.0,Medium*Medium*NoStarvation,45,Medium*Medium*NoStarvation,41.71,42.86,7,7,44,0.4583,0.4286,0.35,0.0458,-0.2143,-0.07,0.0137,0.0,-0.2705,-1.0541,-1.0562,0.8867,96
25,6,502.0,Medium*Medium*NoStarvation,20,Low*Medium*NoStarvation,42.86,17.19,7,8,20,0.4348,0.1719,0.4,0.0435,-0.086,-0.08,0.013,0.0,-0.1529,-0.9272,-0.9307,0.8867,46
25,7,568.0,Low*Medium*NoStarvation,30,Medium*Medium*NoStarvation,17.19,25.71,8,7,29,0.4394,0.2571,0.35,0.0439,-0.1286,-0.07,0.0132,0.0,-0.1854,-0.9851,-0.9856,0.8867,66
25,8,614.0,Medium*Medium*NoStarvation,20,Low*Medium*NoStarvation,25.71,15.86,7,7,20,0.4348,0.1586,0.35,0.0435,-0.0793,-0.07,0.013,0.0,-0.1362,-0.9307,-0.9322,0.8867,46
25,9,680.0,Low*Medium*NoStarvation,30,Medium*Medium*NoStarvation,15.86,25.71,7,7,30,0.4545,0.2571,0.35,0.0455,-0.1286,-0.07,0.0136,0.0,-0.1849,-0.9856,-0.986,0.8867,66
25,10,746.0,Medium*Medium*NoStarvation,30,Medium*Medium*NoStarvation,25.71,25.14,7,7,30,0.4545,0.2514,0.35,0.0455,-0.1257,-0.07,0.0136,0.0,-0.1821,-0.9703,-0.9719,0.8867,66
25,11,772.0,Medium*Medium*NoStarvation,10,Low*Medium*NoStarvation,25.14,9.57,7,7,9,0.3462,0.0957,0.35,0.0346,-0.0479,-0.07,0.0104,0.0,-0.1075,-0.894,-0.8962,0.8867,26
25,12,818.0,Low*Medium*NoStarvation,20,Low*Medium*NoStarvation,9.57,15.57,7,7,20,0.4348,0.1557,0.35,0.0435,-0.0779,-0.07,0.013,0.0,-0.1348,-0.9386,-0.9392,0.8867,46
25,13,844.0,Low*Medium*NoStarvation,10,Low*Medium*NoStarvation,15.57,5.57,7,6,10,0.3846,0.0557,0.3,0.0385,-0.0279,-0.06,0.0115,0.0,-0.0763,-0.8992,-0.8978,0.8867,26
25,14,890.0,Low*Medium*NoStarvation,20,Low*Medium*NoStarvation,5.57,17.57,6,7,20,0.4348,0.1757,0.35,0.0435,-0.0879,-0.07,0.013,0.0,-0.1448,-0.9392,-0.9405,0.8867,46
25,15,986.0,Low*Medium*NoStarvation,45,Medium*Medium*NoStarvation,17.57,41.0,7,7,45,0.4688,0.41,0.35,0.0469,-0.205,-0.07,0.0141,0.0,-0.2609,-1.0584,-1.0594,0.8867,96
25,16,1032.0,Medium*Medium*NoStarvation,20,Low*Medium*NoStarvation,41.0,15.86,7,7,20,0.4348,0.1586,0.35,0.0435,-0.0793,-0.07,0.013,0.0,-0.1362,-0.9322,-0.9334,0.8867,46
25,17,1128.0,Low*Medium*NoStarvation,45,Medium*Medium*NoStarvation,15.86,40.57,7,7,46,0.4792,0.4057,0.35,0.0479,-0.2029,-0.07,0.0144,0.0,-0.2585,-1.0594,-1.0599,0.8867,96
25,18,1154.0,Medium*Medium*NoStarvation,10,Low*Medium*NoStarvation,40.57,6.25,7,8,9,0.3462,0.0625,0.4,0.0346,-0.0312,-0.08,0.0104,0.0,-0.1009,-0.8962,-0.8975,0.8867,26
25,19,1250.0,Low*Medium*NoStarvation,45,Medium*Medium*NoStarvation,6.25,42.57,8,7,45,0.4688,0.4257,0.35,0.0469,-0.2129,-0.07,0.0141,0.0,-0.2688,-1.0599,-1.0616,0.8867,96
25,20,1346.0,Medium*Medium*NoStarvation,45,Medium*Medium*NoStarvation,42.57,40.43,7,7,45,0.4688,0.4043,0.35,0.0469,-0.2021,-0.07,0.0141,0.0,-0.2581,-1.0562,-1.0572,0.8867,96
25,21,1392.0,Medium*Medium*NoStarvation,20,Low*Medium*NoStarvation,40.43,16.71,7,7,18,0.3913,0.1671,0.35,0.0391,-0.0836,-0.07,0.0117,0.0,-0.1418,-0.9334,-0.935,0.8867,46
25,22,1458.0,Low*Medium*NoStarvation,30,Medium*Medium*NoStarvation,16.71,26.43,7,7,15,0.2273,0.2643,0.35,0.0227,-0.1321,-0.07,0.0068,0.0,-0.1953,-0.986,-0.9877,0.8867,66
25,23,1484.0,Medium*Medium*NoStarvation,10,Low*Medium*NoStarvation,26.43,7.0,7,7,4,0.1538,0.07,0.35,0.0154,-0.035,-0.07,0.0046,0.0,-0.1004,-0.8975,-0.8986,0.8867,26
25,24,1530.0,Low*Medium*NoStarvation,20,Low*Medium*NoStarvation,7.0,17.14,7,7,10,0.2174,0.1714,0.35,0.0217,-0.0857,-0.07,0.0065,0.0,-0.1492,-0.9405,-0.9422,0.8867,46
25,25,1626.0,Low*Medium*NoStarvation,45,Medium*Medium*NoStarvation,17.14,42.29,7,7,22,0.2292,0.4229,0.35,0.0229,-0.2114,-0.07,0.0069,0.0,-0.2746,-1.0616,-1.0638,0.8867,96
25,26,1692.0,Medium*Medium*NoStarvation,30,Medium*Medium*NoStarvation,42.29,26.57,7,7,14,0.2121,0.2657,0.35,0.0212,-0.1329,-0.07,0.0064,0.0,-0.1965,-0.9719,-0.9753,0.8867,66
25,27,1758.0,Medium*Medium*NoStarvation,30,Medium*Medium*NoStarvation,26.57,25.57,7,7,16,0.2424,0.2557,0.35,0.0242,-0.1279,-0.07,0.0073,0.0,-0.1906,-0.9753,-0.9777,0.8867,66
25,28,1784.0,Medium*Medium*NoStarvation,10,Low*Medium*NoStarvation,25.57,8.86,7,7,4,0.1538,0.0886,0.35,0.0154,-0.0443,-0.07,0.0046,0.0,-0.1097,-0.8986,-0.9005,0.8867,26
25,29,1830.0,Low*Medium*NoStarvation,20,Low*Medium*NoStarvation,8.86,17.86,7,7,10,0.2174,0.1786,0.35,0.0217,-0.0893,-0.07,0.0065,0.0,-0.1528,-0.9422,-0.9441,0.8867,46
25,30,1926.0,Low*Medium*NoStarvation,45,Medium*Medium*NoStarvation,17.86,40.43,7,7,23,0.2396,0.4043,0.35,0.024,-0.2021,-0.07,0.0072,0.0,-0.265,-1.0638,-1.0649,0.8867,96
25,31,2022.0,Medium*Medium*NoStarvation,45,Medium*Medium*NoStarvation,40.43,40.43,7,7,23,0.2396,0.4043,0.35,0.024,-0.2021,-0.07,0.0072,0.0,-0.265,-1.0572,-1.059,0.8867,96
25,32,2068.0,Medium*Medium*NoStarvation,20,Low*Medium*NoStarvation,40.43,16.71,7,7,10,0.2174,0.1671,0.35,0.0217,-0.0836,-0.07,0.0065,0.0,-0.147,-0.935,-0.9371,0.8867,46
25,33,2094.0,Low*Medium*NoStarvation,10,Low*Medium*NoStarvation,16.71,6.57,7,7,5,0.1923,0.0657,0.35,0.0192,-0.0329,-0.07,0.0058,0.0,-0.0971,-0.8978,-0.8985,0.8867,26
25,34,2190.0,Low*Medium*NoStarvation,45,Medium*Medium*NoStarvation,6.57,40.14,7,7,23,0.2396,0.4014,0.35,0.024,-0.2007,-0.07,0.0072,0.0,-0.2635,-1.0649,-1.0658,0.8867,96
25,35,2216.0,Medium*Medium*NoStarvation,10,Low*Medium*NoStarvation,40.14,6.14,7,7,5,0.1923,0.0614,0.35,0.0192,-0.0307,-0.07,0.0058,0.0,-0.0949,-0.9005,-0.9008,0.8867,26
25,36,2282.0,Low*Medium*NoStarvation,30,Medium*Medium*NoStarvation,6.14,27.57,7,7,15,0.2273,0.2757,0.35,0.0227,-0.1379,-0.07,0.0068,0.0,-0.201,-0.9877,-0.9901,0.8867,66
25,37,2348.0,Medium*Medium*NoStarvation,30,Medium*Medium*NoStarvation,27.57,25.71,7,7,15,0.2273,0.2571,0.35,0.0227,-0.1286,-0.07,0.0068,0.0,-0.1918,-0.9777,-0.9801,0.8867,66
25,38,2394.0,Medium*Medium*NoStarvation,20,Low*Medium*NoStarvation,25.71,15.86,7,7,10,0.2174,0.1586,0.35,0.0217,-0.0793,-0.07,0.0065,0.0,-0.1428,-0.9371,-0.9385,0.8867,46
25,39,2420.0,Low*Medium*NoStarvation,10,Low*Medium*NoStarvation,15.86,9.0,7,7,4,0.1538,0.09,0.35,0.0154,-0.045,-0.07,0.0046,0.0,-0.1104,-0.8985,-0.9006,0.8867,26
25,40,2466.0,Low*Medium*NoStarvation,20,Low*Medium*NoStarvation,9.0,16.57,7,7,10,0.2174,0.1657,0.35,0.0217,-0.0829,-0.07,0.0065,0.0,-0.1463,-0.9441,-0.9453,0.8867,46
25,41,2492.0,Low*Medium*NoStarvation,10,Low*Medium*NoStarvation,16.57,6.14,7,7,5,0.1923,0.0614,0.35,0.0192,-0.0307,-0.07,0.0058,0.0,-0.0949,-0.9006,-0.9011,0.8867,26
25,42,2538.0,Low*Medium*NoStarvation,20,Low*Medium*NoStarvation,6.14,16.57,7,7,10,0.2174,0.1657,0.35,0.0217,-0.0829,-0.07,0.0065,0.0,-0.1463,-0.9453,-0.9465,0.8867,46
25,43,2564.0,Low*Medium*NoStarvation,10,Low*Medium*NoStarvation,16.57,9.29,7,7,4,0.1538,0.0929,0.35,0.0154,-0.0464,-0.07,0.0046,0.0,-0.1118,-0.9011,-0.9032,0.8867,26
25,44,2630.0,Low*Medium*NoStarvation,30,Medium*Medium*NoStarvation,9.29,28.0,7,7,15,0.2273,0.28,0.35,0.0227,-0.14,-0.07,0.0068,0.0,-0.2032,-0.9901,-0.9925,0.8867,66
25,45,2696.0,Medium*Medium*NoStarvation,30,Medium*Medium*NoStarvation,28.0,27.0,7,7,15,0.2273,0.27,0.35,0.0227,-0.135,-0.07,0.0068,0.0,-0.1982,-0.9801,-0.983,0.8867,66
25,46,2742.0,Medium*Medium*NoStarvation,20,Low*Medium*NoStarvation,27.0,15.71,7,7,10,0.2174,0.1571,0.35,0.0217,-0.0786,-0.07,0.0065,0.0,-0.142,-0.9385,-0.9401,0.8867,46
25,47,2768.0,Low*Medium*NoStarvation,10,Low*Medium*NoStarvation,15.71,6.43,7,7,5,0.1923,0.0643,0.35,0.0192,-0.0321,-0.07,0.0058,0.0,-0.0964,-0.9032,-0.9039,0.8867,26
25,48,2864.0,Low*Medium*NoStarvation,45,Medium*Medium*NoStarvation,6.43,41.29,7,7,22,0.2292,0.4129,0.35,0.0229,-0.2064,-0.07,0.0069,0.0,-0.2696,-1.0658,-1.0673,0.8867,96
25,49,2890.0,Medium*Medium*NoStarvation,10,Low*Medium*NoStarvation,41.29,7.57,7,7,4,0.1538,0.0757,0.35,0.0154,-0.0379,-0.07,0.0046,0.0,-0.1032,-0.9008,-0.9024,0.8867,26
25,50,2986.0,Low*Medium*NoStarvation,45,Medium*Medium*NoStarvation,7.57,40.57,7,7,23,0.2396,0.4057,0.35,0.024,-0.2029,-0.07,0.0072,0.0,-0.2657,-1.0673,-1.0683,0.8867,96
25,51,3012.0,Medium*Medium*NoStarvation,10,Low*Medium*NoStarvation,40.57,5.43,7,7,5,0.1923,0.0543,0.35,0.0192,-0.0271,-0.07,0.0058,0.0,-0.0914,-0.9024,-0.9027,0.8867,26
25,52,3078.0,Low*Medium*NoStarvation,30,Medium*Medium*NoStarvation,5.43,25.71,7,7,15,0.2273,0.2571,0.35,0.0227,-0.1286,-0.07,0.0068,0.0,-0.1918,-0.9925,-0.9937,0.8867,66
25,53,3144.0,Medium*Medium*NoStarvation,30,Medium*Medium*NoStarvation,25.71,26.0,7,7,15,0.2273,0.26,0.35,0.0227,-0.13,-0.07,0.0068,0.0,-0.1932,-0.983,-0.9853,0.8867,66
25,54,3210.0,Medium*Medium*NoStarvation,30,Medium*Medium*NoStarvation,26.0,25.71,7,7,15,0.2273,0.2571,0.35,0.0227,-0.1286,-0.07,0.0068,0.0,-0.1918,-0.9853,-0.9872,0.8867,66
25,55,3236.0,Medium*Medium*NoStarvation,10,Low*Medium*NoStarvation,25.71,7.29,7,7,4,0.1538,0.0729,0.35,0.0154,-0.0364,-0.07,0.0046,0.0,-0.1018,-0.9027,-0.9039,0.8867,26
25,56,3282.0,Low*Medium*NoStarvation,20,Low*Medium*NoStarvation,7.29,15.57,7,7,10,0.2174,0.1557,0.35,0.0217,-0.0779,-0.07,0.0065,0.0,-0.1413,-0.9465,-0.9474,0.8867,46
25,57,3308.0,Low*Medium*NoStarvation,10,Low*Medium*NoStarvation,15.57,5.14,7,7,5,0.1923,0.0514,0.35,0.0192,-0.0257,-0.07,0.0058,0.0,-0.0899,-0.9039,-0.9038,0.8867,26
25,58,3404.0,Low*Medium*NoStarvation,45,Medium*Medium*NoStarvation,5.14,42.57,7,7,22,0.2292,0.4257,0.35,0.0229,-0.2129,-0.07,0.0069,0.0,-0.276,-1.0683,-1.0705,0.8867,96
25,59,3430.0,Medium*Medium*NoStarvation,10,Low*Medium*NoStarvation,42.57,6.71,7,7,5,0.1923,0.0671,0.35,0.0192,-0.0336,-0.07,0.0058,0.0,-0.0978,-0.9039,-0.9046,0.8867,26
25,60,3526.0,Low*Medium*NoStarvation,45,Medium*Medium*NoStarvation,6.71,42.29,7,7,22,0.2292,0.4229,0.35,0.0229,-0.2114,-0.07,0.0069,0.0,-0.2746,-1.0705,-1.0723,0.8867,96
25,61,3572.0,Medium*Medium*NoStarvation,20,Low*Medium*NoStarvation,42.29,15.43,7,7,10,0.2174,0.1543,0.35,0.0217,-0.0771,-0.07,0.0065,0.0,-0.1406,-0.9401,-0.9415,0.8867,46
25,62,3668.0,Low*Medium*NoStarvation,45,Medium*Medium*NoStarvation,15.43,41.43,7,7,22,0.2292,0.4143,0.35,0.0229,-0.2071,-0.07,0.0069,0.0,-0.2703,-1.0723,-1.0735,0.8867,96
26,0,76.0,Low*Low*NoStarvation,10,Low*Medium*NoStarvation,0.83,6.71,2,7,11,0.4231,0.0671,0.35,0.0423,-0.0336,-0.07,0.0127,0.0,-0.0909,-0.301,-0.3614,0.8822,26
26,1,122.0,Low*Medium*NoStarvation,20,Low*Medium*NoStarvation,6.71,15.86,7,7,20,0.4348,0.1586,0.35,0.0435,-0.0793,-0.07,0.013,0.0,-0.1362,-0.9474,-0.9476,0.8822,46
26,2,168.0,Low*Medium*NoStarvation,20,Low*Medium*NoStarvation,15.86,16.0,7,7,19,0.413,0.16,0.35,0.0413,-0.08,-0.07,0.0124,0.0,-0.1376,-0.9476,-0.9479,0.8822,46
26,3,194.0,Low*Medium*NoStarvation,10,Low*Medium*NoStarvation,16.0,7.21,7,8,9,0.3462,0.0721,0.4,0.0346,-0.0361,-0.08,0.0104,0.0,-0.1057,-0.9038,-0.9053,0.8822,26
26,4,240.0,Low*Medium*NoStarvation,20,Low*Medium*NoStarvation,7.21,16.29,8,7,19,0.413,0.1629,0.35,0.0413,-0.0814,-0.07,0.0124,0.0,-0.139,-0.9479,-0.9485,0.8822,46
26,5,336.0,Low*Medium*NoStarvation,45,Medium*Medium*NoStarvation,16.29,41.0,7,7,47,0.4896,0.41,0.35,0.049,-0.205,-0.07,0.0147,0.0,-0.2603,-1.0735,-1.0736,0.8822,96
26,6,432.0,Medium*Medium*NoStarvation,45,Medium*Medium*NoStarvation,41.0,39.86,7,7,45,0.4688,0.3986,0.35,0.0469,-0.1993,-0.07,0.0141,0.0,-0.2552,-1.059,-1.06,0.8822,96
26,7,458.0,Medium*Medium*NoStarvation,10,Low*Medium*NoStarvation,39.86,6.86,7,7,11,0.4231,0.0686,0.35,0.0423,-0.0343,-0.07,0.0127,0.0,-0.0916,-0.9046,-0.9048,0.8822,26
26,8,484.0,Low*Medium*NoStarvation,10,Low*Medium*NoStarvation,6.86,6.14,7,7,10,0.3846,0.0614,0.35,0.0385,-0.0307,-0.07,0.0115,0.0,-0.0892,-0.9053,-0.9052,0.8822,26
26,9,530.0,Low*Medium*NoStarvation,20,Low*Medium*NoStarvation,6.14,15.71,7,7,19,0.413,0.1571,0.35,0.0413,-0.0786,-0.07,0.0124,0.0,-0.1362,-0.9485,-0.9488,0.8822,46
26,10,576.0,Low*Medium*NoStarvation,20,Low*Medium*NoStarvation,15.71,16.29,7,7,21,0.4565,0.1629,0.35,0.0457,-0.0814,-0.07,0.0137,0.0,-0.1377,-0.9488,-0.9491,0.8822,46
26,11,622.0,Low*Medium*NoStarvation,20,Low*Medium*NoStarvation,16.29,16.57,7,7,21,0.4565,0.1657,0.35,0.0457,-0.0829,-0.07,0.0137,0.0,-0.1392,-0.9491,-0.9496,0.8822,46
26,12,648.0,Low*Medium*NoStarvation,10,Low*Medium*NoStarvation,16.57,5.64,7,7,10,0.3846,0.0564,0.35,0.0385,-0.0282,-0.07,0.0115,0.0,-0.0867,-0.9052,-0.9048,0.8822,26
26,13,714.0,Low*Medium*NoStarvation,30,Medium*Medium*NoStarvation,5.64,26.71,7,7,29,0.4394,0.2671,0.35,0.0439,-0.1336,-0.07,0.0132,0.0,-0.1904,-0.9937,-0.9948,0.8822,66
26,14,810.0,Medium*Medium*NoStarvation,45,Medium*Medium*NoStarvation,26.71,40.71,7,7,46,0.4792,0.4071,0.35,0.0479,-0.2036,-0.07,0.0144,0.0,-0.2592,-1.06,-1.0614,0.8822,96
26,15,876.0,Medium*Medium*NoStarvation,30,Medium*Medium*NoStarvation,40.71,25.0,7,7,30,0.4545,0.25,0.35,0.0455,-0.125,-0.07,0.0136,0.0,-0.1814,-0.9872,-0.988,0.8822,66
26,16,902.0,Medium*Medium*NoStarvation,10,Low*Medium*NoStarvation,25.0,7.57,7,7,9,0.3462,0.0757,0.35,0.0346,-0.0379,-0.07,0.0104,0.0,-0.0975,-0.9048,-0.9055,0.8822,26
26,17,928.0,Low*Medium*NoStarvation,10,Low*Medium*NoStarvation,7.57,7.21,7,8,10,0.3846,0.0721,0.4,0.0385,-0.0361,-0.08,0.0115,0.0,-0.1045,-0.9048,-0.9062,0.8822,26
26,18,994.0,Low*Medium*NoStarvation,30,Medium*Medium*NoStarvation,7.21,25.71,8,7,29,0.4394,0.2571,0.35,0.0439,-0.1286,-0.07,0.0132,0.0,-0.1854,-0.9948,-0.9953,0.8822,66
26,19,1090.0,Medium*Medium*NoStarvation,45,Medium*Medium*NoStarvation,25.71,39.86,7,7,46,0.4792,0.3986,0.35,0.0479,-0.1993,-0.07,0.0144,0.0,-0.2549,-1.0614,-1.0622,0.8822,96
26,20,1186.0,Medium*Medium*NoStarvation,45,Medium*Medium*NoStarvation,39.86,43.14,7,7,44,0.4583,0.4314,0.35,0.0458,-0.2157,-0.07,0.0137,0.0,-0.272,-1.0622,-1.0647,0.8822,96
26,21,1212.0,Medium*Medium*NoStarvation,10,Low*Medium*NoStarvation,43.14,9.93,7,8,10,0.3846,0.0993,0.4,0.0385,-0.0496,-0.08,0.0115,0.0,-0.1181,-0.9055,-0.9083,0.8822,26
26,22,1278.0,Low*Medium*NoStarvation,30,Medium*Medium*NoStarvation,9.93,26.0,8,7,29,0.4394,0.26,0.35,0.0439,-0.13,-0.07,0.0132,0.0,-0.1868,-0.9953,-0.9962,0.8822,66
26,23,1344.0,Medium*Medium*NoStarvation,30,Medium*Medium*NoStarvation,26.0,25.57,7,7,30,0.4545,0.2557,0.35,0.0455,-0.1279,-0.07,0.0136,0.0,-0.1842,-0.988,-0.9894,0.8822,66
26,24,1440.0,Medium*Medium*NoStarvation,45,Medium*Medium*NoStarvation,25.57,41.29,7,7,34,0.3542,0.4129,0.35,0.0354,-0.2064,-0.07,0.0106,0.0,-0.2658,-1.0647,-1.0666,0.8822,96
26,25,1506.0,Medium*Medium*NoStarvation,30,Medium*Medium*NoStarvation,41.29,27.0,7,7,15,0.2273,0.27,0.35,0.0227,-0.135,-0.07,0.0068,0.0,-0.1982,-0.9894,-0.992,0.8822,66
26,26,1532.0,Medium*Medium*NoStarvation,10,Low*Medium*NoStarvation,27.0,7.43,7,7,5,0.1923,0.0743,0.35,0.0192,-0.0371,-0.07,0.0058,0.0,-0.1014,-0.9083,-0.9092,0.8822,26
26,27,1598.0,Low*Medium*NoStarvation,30,Medium*Medium*NoStarvation,7.43,26.86,7,7,15,0.2273,0.2686,0.35,0.0227,-0.1343,-0.07,0.0068,0.0,-0.1975,-0.9962,-0.9982,0.8822,66
26,28,1664.0,Medium*Medium*NoStarvation,30,Medium*Medium*NoStarvation,26.86,26.57,7,7,15,0.2273,0.2657,0.35,0.0227,-0.1329,-0.07,0.0068,0.0,-0.196,-0.992,-0.9943,0.8822,66
26,29,1760.0,Medium*Medium*NoStarvation,45,Medium*Medium*NoStarvation,26.57,40.43,7,7,23,0.2396,0.4043,0.35,0.024,-0.2021,-0.07,0.0072,0.0,-0.265,-1.0666,-1.0682,0.8822,96
26,30,1786.0,Medium*Medium*NoStarvation,10,Low*Medium*NoStarvation,40.43,8.86,7,7,4,0.1538,0.0886,0.35,0.0154,-0.0443,-0.07,0.0046,0.0,-0.1097,-0.9092,-0.9108,0.8822,26
26,31,1812.0,Low*Medium*NoStarvation,10,Low*Medium*NoStarvation,8.86,8.14,7,7,4,0.1538,0.0814,0.35,0.0154,-0.0407,-0.07,0.0046,0.0,-0.1061,-0.9062,-0.9078,0.8822,26
26,32,1858.0,Low*Medium*NoStarvation,20,Low*Medium*NoStarvation,8.14,16.14,7,7,10,0.2174,0.1614,0.35,0.0217,-0.0807,-0.07,0.0065,0.0,-0.1442,-0.9496,-0.9508,0.8822,46
26,33,1954.0,Low*Medium*NoStarvation,45,Medium*Medium*NoStarvation,16.14,41.0,7,7,23,0.2396,0.41,0.35,0.024,-0.205,-0.07,0.0072,0.0,-0.2678,-1.0736,-1.075,0.8822,96
26,34,2000.0,Medium*Medium*NoStarvation,20,Low*Medium*NoStarvation,41.0,16.71,7,7,10,0.2174,0.1671,0.35,0.0217,-0.0836,-0.07,0.0065,0.0,-0.147,-0.9415,-0.9438,0.8822,46
26,35,2026.0,Low*Medium*NoStarvation,10,Low*Medium*NoStarvation,16.71,9.57,7,7,4,0.1538,0.0957,0.35,0.0154,-0.0479,-0.07,0.0046,0.0,-0.1132,-0.9078,-0.91,0.8822,26
26,36,2092.0,Low*Medium*NoStarvation,30,Medium*Medium*NoStarvation,9.57,26.57,7,7,15,0.2273,0.2657,0.35,0.0227,-0.1329,-0.07,0.0068,0.0,-0.196,-0.9982,-0.9999,0.8822,66
26,37,2188.0,Medium*Medium*NoStarvation,45,Medium*Medium*NoStarvation,26.57,39.43,7,7,23,0.2396,0.3943,0.35,0.024,-0.1971,-0.07,0.0072,0.0,-0.26,-1.0682,-1.0694,0.8822,96
26,38,2214.0,Medium*Medium*NoStarvation,10,Low*Medium*NoStarvation,39.43,8.14,7,7,4,0.1538,0.0814,0.35,0.0154,-0.0407,-0.07,0.0046,0.0,-0.1061,-0.9108,-0.9122,0.8822,26
26,39,2260.0,Low*Medium*NoStarvation,20,Low*Medium*NoStarvation,8.14,16.43,7,7,10,0.2174,0.1643,0.35,0.0217,-0.0821,-0.07,0.0065,0.0,-0.1456,-0.9508,-0.9521,0.8822,46
26,40,2356.0,Low*Medium*NoStarvation,45,Medium*Medium*NoStarvation,16.43,40.14,7,7,23,0.2396,0.4014,0.35,0.024,-0.2007,-0.07,0.0072,0.0,-0.2635,-1.075,-1.0759,0.8822,96
26,41,2382.0,Medium*Medium*NoStarvation,10,Low*Medium*NoStarvation,40.14,7.57,7,7,5,0.1923,0.0757,0.35,0.0192,-0.0379,-0.07,0.0058,0.0,-0.1021,-0.9122,-0.9131,0.8822,26
26,42,2478.0,Low*Medium*NoStarvation,45,Medium*Medium*NoStarvation,7.57,40.29,7,7,23,0.2396,0.4029,0.35,0.024,-0.2014,-0.07,0.0072,0.0,-0.2642,-1.0759,-1.077,0.8822,96
26,43,2504.0,Medium*Medium*NoStarvation,10,Low*Medium*NoStarvation,40.29,5.86,7,7,5,0.1923,0.0586,0.35,0.0192,-0.0293,-0.07,0.0058,0.0,-0.0935,-0.9131,-0.9131,0.8822,26
26,44,2530.0,Low*Medium*NoStarvation,10,Low*Medium*NoStarvation,5.86,6.14,7,6,5,0.1923,0.0614,0.3,0.0192,-0.0307,-0.06,0.0058,0.0,-0.0849,-0.91,-0.9094,0.8822,26
26,45,2576.0,Low*Medium*NoStarvation,20,Low*Medium*NoStarvation,6.14,15.71,6,7,10,0.2174,0.1571,0.35,0.0217,-0.0786,-0.07,0.0065,0.0,-0.142,-0.9521,-0.953,0.8822,46
26,46,2642.0,Low*Medium*NoStarvation,30,Medium*Medium*NoStarvation,15.71,26.71,7,7,15,0.2273,0.2671,0.35,0.0227,-0.1336,-0.07,0.0068,0.0,-0.1968,-0.9999,-1.0018,0.8822,66
26,47,2668.0,Medium*Medium*NoStarvation,10,Low*Medium*NoStarvation,26.71,5.71,7,7,5,0.1923,0.0571,0.35,0.0192,-0.0286,-0.07,0.0058,0.0,-0.0928,-0.9131,-0.9129,0.8822,26
26,48,2714.0,Low*Medium*NoStarvation,20,Low*Medium*NoStarvation,5.71,15.71,7,7,10,0.2174,0.1571,0.35,0.0217,-0.0786,-0.07,0.0065,0.0,-0.142,-0.953,-0.9537,0.8822,46
26,49,2780.0,Low*Medium*NoStarvation,30,Medium*Medium*NoStarvation,15.71,27.0,7,7,15,0.2273,0.27,0.35,0.0227,-0.135,-0.07,0.0068,0.0,-0.1982,-1.0018,-1.0036,0.8822,66
26,50,2826.0,Medium*Medium*NoStarvation,20,Low*Medium*NoStarvation,27.0,14.86,7,7,10,0.2174,0.1486,0.35,0.0217,-0.0743,-0.07,0.0065,0.0,-0.1378,-0.9438,-0.945,0.8822,46
26,51,2922.0,Low*Medium*NoStarvation,45,Medium*Medium*NoStarvation,14.86,41.14,7,7,22,0.2292,0.4114,0.35,0.0229,-0.2057,-0.07,0.0069,0.0,-0.2688,-1.077,-1.0783,0.8822,96
26,52,2948.0,Medium*Medium*NoStarvation,10,Low*Medium*NoStarvation,41.14,6.71,7,7,5,0.1923,0.0671,0.35,0.0192,-0.0336,-0.07,0.0058,0.0,-0.0978,-0.9129,-0.9132,0.8822,26
26,53,3044.0,Low*Medium*NoStarvation,45,Medium*Medium*NoStarvation,6.71,41.71,7,7,22,0.2292,0.4171,0.35,0.0229,-0.2086,-0.07,0.0069,0.0,-0.2717,-1.0783,-1.0798,0.8822,96
26,54,3070.0,Medium*Medium*NoStarvation,10,Low*Medium*NoStarvation,41.71,7.57,7,7,4,0.1538,0.0757,0.35,0.0154,-0.0379,-0.07,0.0046,0.0,-0.1032,-0.9132,-0.9141,0.8822,26
26,55,3136.0,Low*Medium*NoStarvation,30,Medium*Medium*NoStarvation,7.57,26.57,7,7,15,0.2273,0.2657,0.35,0.0227,-0.1329,-0.07,0.0068,0.0,-0.196,-1.0036,-1.0051,0.8822,66
26,56,3202.0,Medium*Medium*NoStarvation,30,Medium*Medium*NoStarvation,26.57,25.14,7,7,15,0.2273,0.2514,0.35,0.0227,-0.1257,-0.07,0.0068,0.0,-0.1889,-0.9943,-0.996,0.8822,66
26,57,3248.0,Medium*Medium*NoStarvation,20,Low*Medium*NoStarvation,25.14,16.86,7,7,10,0.2174,0.1686,0.35,0.0217,-0.0843,-0.07,0.0065,0.0,-0.1478,-0.945,-0.9471,0.8822,46
26,58,3274.0,Low*Medium*NoStarvation,10,Low*Medium*NoStarvation,16.86,5.86,7,6,5,0.1923,0.0586,0.3,0.0192,-0.0293,-0.06,0.0058,0.0,-0.0835,-0.9094,-0.9087,0.8822,26
26,59,3340.0,Low*Medium*NoStarvation,30,Medium*Medium*NoStarvation,5.86,25.86,6,7,15,0.2273,0.2586,0.35,0.0227,-0.1293,-0.07,0.0068,0.0,-0.1925,-1.0051,-1.0061,0.8822,66
26,60,3406.0,Medium*Medium*NoStarvation,30,Medium*Medium*NoStarvation,25.86,24.86,7,7,15,0.2273,0.2486,0.35,0.0227,-0.1243,-0.07,0.0068,0.0,-0.1875,-0.996,-0.9974,0.8822,66
26,61,3502.0,Medium*Medium*NoStarvation,45,Medium*Medium*NoStarvation,24.86,40.71,7,7,22,0.2292,0.4071,0.35,0.0229,-0.2036,-0.07,0.0069,0.0,-0.2667,-1.0694,-1.0714,0.8822,96
26,62,3568.0,Medium*Medium*NoStarvation,30,Medium*Medium*NoStarvation,40.71,26.14,7,7,15,0.2273,0.2614,0.35,0.0227,-0.1307,-0.07,0.0068,0.0,-0.1939,-0.9974,-0.9993,0.8822,66
26,63,3594.0,Medium*Medium*NoStarvation,10,Low*Medium*NoStarvation,26.14,5.86,7,7,5,0.1923,0.0586,0.35,0.0192,-0.0293,-0.07,0.0058,0.0,-0.0935,-0.9141,-0.9138,0.8822,26
26,64,3690.0,Low*Medium*NoStarvation,45,Medium*Medium*NoStarvation,5.86,42.86,7,7,22,0.2292,0.4286,0.35,0.0229,-0.2143,-0.07,0.0069,0.0,-0.2774,-1.0798,-1.0818,0.8822,96
27,0,116.0,Low*Low*NoStarvation,30,Medium*Medium*NoStarvation,0.83,26.71,2,7,31,0.4697,0.2671,0.35,0.047,-0.1336,-0.07,0.0141,0.0,-0.1895,-0.4316,-0.4896,0.8778,66
27,1,142.0,Medium*Medium*NoStarvation,10,Low*Medium*NoStarvation,26.71,7.0,7,7,10,0.3846,0.07,0.35,0.0385,-0.035,-0.07,0.0115,0.0,-0.0935,-0.9138,-0.9135,0.8778,26
27,2,168.0,Low*Medium*NoStarvation,10,Low*Medium*NoStarvation,7.0,7.57,7,7,9,0.3462,0.0757,0.35,0.0346,-0.0379,-0.07,0.0104,0.0,-0.0975,-0.9087,-0.9093,0.8778,26
27,3,214.0,Low*Medium*NoStarvation,20,Low*Medium*NoStarvation,7.57,16.71,7,7,20,0.4348,0.1671,0.35,0.0435,-0.0836,-0.07,0.013,0.0,-0.1405,-0.9537,-0.9543,0.8778,46
27,4,240.0,Low*Medium*NoStarvation,10,Low*Medium*NoStarvation,16.71,6.86,7,7,10,0.3846,0.0686,0.35,0.0385,-0.0343,-0.07,0.0115,0.0,-0.0927,-0.9093,-0.9095,0.8778,26
27,5,286.0,Low*Medium*NoStarvation,20,Low*Medium*NoStarvation,6.86,14.86,7,7,20,0.4348,0.1486,0.35,0.0435,-0.0743,-0.07,0.013,0.0,-0.1312,-0.9543,-0.9538,0.8778,46
27,6,382.0,Low*Medium*NoStarvation,45,Medium*Medium*NoStarvation,14.86,40.0,7,7,46,0.4792,0.4,0.35,0.0479,-0.2,-0.07,0.0144,0.0,-0.2556,-1.0818,-1.0814,0.8778,96
27,7,448.0,Medium*Medium*NoStarvation,30,Medium*Medium*NoStarvation,40.0,26.86,7,7,30,0.4545,0.2686,0.35,0.0455,-0.1343,-0.07,0.0136,0.0,-0.1906,-0.9993,-1.0007,0.8778,66
27,8,494.0,Medium*Medium*NoStarvation,20,Low*Medium*NoStarvation,26.86,16.29,7,7,20,0.4348,0.1629,0.35,0.0435,-0.0814,-0.07,0.013,0.0,-0.1384,-0.9471,-0.9481,0.8778,46
27,9,520.0,Low*Medium*NoStarvation,10,Low*Medium*NoStarvation,16.29,8.39,7,8,8,0.3077,0.0839,0.4,0.0308,-0.042,-0.08,0.0092,0.0,-0.1127,-0.9095,-0.9117,0.8778,26
27,10,586.0,Low*Medium*NoStarvation,30,Medium*Medium*NoStarvation,8.39,25.29,8,7,32,0.4848,0.2529,0.35,0.0485,-0.1264,-0.07,0.0145,0.0,-0.1819,-1.0061,-1.0059,0.8778,66
27,11,612.0,Medium*Medium*NoStarvation,10,Low*Medium*NoStarvation,25.29,8.14,7,7,9,0.3462,0.0814,0.35,0.0346,-0.0407,-0.07,0.0104,0.0,-0.1003,-0.9135,-0.9143,0.8778,26
27,12,638.0,Low*Medium*NoStarvation,10,Low*Medium*NoStarvation,8.14,8.07,7,8,9,0.3462,0.0807,0.4,0.0346,-0.0404,-0.08,0.0104,0.0,-0.11,-0.9117,-0.9136,0.8778,26
27,13,734.0,Low*Medium*NoStarvation,45,Medium*Medium*NoStarvation,8.07,43.57,8,7,44,0.4583,0.4357,0.35,0.0458,-0.2179,-0.07,0.0137,0.0,-0.2741,-1.0814,-1.083,0.8778,96
27,14,760.0,Medium*Medium*NoStarvation,10,Low*Medium*NoStarvation,43.57,5.86,7,7,9,0.3462,0.0586,0.35,0.0346,-0.0293,-0.07,0.0104,0.0,-0.0889,-0.9143,-0.914,0.8778,26
27,15,856.0,Low*Medium*NoStarvation,45,Medium*Medium*NoStarvation,5.86,41.86,7,7,43,0.4479,0.4186,0.35,0.0448,-0.2093,-0.07,0.0134,0.0,-0.2658,-1.083,-1.0835,0.8778,96
27,16,882.0,Medium*Medium*NoStarvation,10,Low*Medium*NoStarvation,41.86,7.0,7,7,11,0.4231,0.07,0.35,0.0423,-0.035,-0.07,0.0127,0.0,-0.0923,-0.914,-0.914,0.8778,26
27,17,928.0,Low*Medium*NoStarvation,20,Low*Medium*NoStarvation,7.0,16.14,7,7,20,0.4348,0.1614,0.35,0.0435,-0.0807,-0.07,0.013,0.0,-0.1377,-0.9538,-0.9544,0.8778,46
27,18,974.0,Low*Medium*NoStarvation,20,Low*Medium*NoStarvation,16.14,16.71,7,7,20,0.4348,0.1671,0.35,0.0435,-0.0836,-0.07,0.013,0.0,-0.1405,-0.9544,-0.9553,0.8778,46
27,19,1070.0,Low*Medium*NoStarvation,45,Medium*Medium*NoStarvation,16.71,41.57,7,7,46,0.4792,0.4157,0.35,0.0479,-0.2079,-0.07,0.0144,0.0,-0.2635,-1.0835,-1.0838,0.8778,96
27,20,1096.0,Medium*Medium*NoStarvation,10,Low*Medium*NoStarvation,41.57,6.57,7,7,10,0.3846,0.0657,0.35,0.0385,-0.0329,-0.07,0.0115,0.0,-0.0913,-0.914,-0.914,0.8778,26
27,21,1192.0,Low*Medium*NoStarvation,45,Medium*Medium*NoStarvation,6.57,40.43,7,7,45,0.4688,0.4043,0.35,0.0469,-0.2021,-0.07,0.0141,0.0,-0.2581,-1.0838,-1.0835,0.8778,96
27,22,1238.0,Medium*Medium*NoStarvation,20,Low*Medium*NoStarvation,40.43,17.57,7,7,21,0.4565,0.1757,0.35,0.0457,-0.0879,-0.07,0.0137,0.0,-0.1442,-0.9481,-0.95,0.8778,46
27,23,1264.0,Low*Medium*NoStarvation,10,Low*Medium*NoStarvation,17.57,6.29,7,7,10,0.3846,0.0629,0.35,0.0385,-0.0314,-0.07,0.0115,0.0,-0.0899,-0.9136,-0.9134,0.8778,26
27,24,1290.0,Low*Medium*NoStarvation,10,Low*Medium*NoStarvation,6.29,8.0,7,7,9,0.3462,0.08,0.35,0.0346,-0.04,-0.07,0.0104,0.0,-0.0996,-0.9134,-0.9143,0.8778,26
27,25,1336.0,Low*Medium*NoStarvation,20,Low*Medium*NoStarvation,8.0,15.57,7,7,20,0.4348,0.1557,0.35,0.0435,-0.0779,-0.07,0.013,0.0,-0.1348,-0.9553,-0.9555,0.8778,46
27,26,1382.0,Low*Medium*NoStarvation,20,Low*Medium*NoStarvation,15.57,14.29,7,7,20,0.4348,0.1429,0.35,0.0435,-0.0714,-0.07,0.013,0.0,-0.1284,-0.9555,-0.9551,0.8778,46
27,27,1428.0,Low*Medium*NoStarvation,20,Low*Medium*NoStarvation,14.29,16.71,7,7,16,0.3478,0.1671,0.35,0.0348,-0.0836,-0.07,0.0104,0.0,-0.1431,-0.9551,-0.9562,0.8778,46
27,28,1474.0,Low*Medium*NoStarvation,20,Low*Medium*NoStarvation,16.71,17.71,7,7,9,0.1957,0.1771,0.35,0.0196,-0.0886,-0.07,0.0059,0.0,-0.1527,-0.9562,-0.9581,0.8778,46
27,29,1500.0,Low*Medium*NoStarvation,10,Low*Medium*NoStarvation,17.71,9.0,7,7,4,0.1538,0.09,0.35,0.0154,-0.045,-0.07,0.0046,0.0,-0.1104,-0.9143,-0.9161,0.8778,26
27,30,1546.0,Low*Medium*NoStarvation,20,Low*Medium*NoStarvation,9.0,16.86,7,7,10,0.2174,0.1686,0.35,0.0217,-0.0843,-0.07,0.0065,0.0,-0.1478,-0.9581,-0.9595,0.8778,46
27,31,1572.0,Low*Medium*NoStarvation,10,Low*Medium*NoStarvation,16.86,6.29,7,7,5,0.1923,0.0629,0.35,0.0192,-0.0314,-0.07,0.0058,0.0,-0.0957,-0.9161,-0.9166,0.8778,26
27,32,1668.0,Low*Medium*NoStarvation,45,Medium*Medium*NoStarvation,6.29,42.57,7,7,22,0.2292,0.4257,0.35,0.0229,-0.2129,-0.07,0.0069,0.0,-0.276,-1.0835,-1.085,0.8778,96
27,33,1764.0,Medium*Medium*NoStarvation,45,Medium*Medium*NoStarvation,42.57,41.29,7,7,22,0.2292,0.4129,0.35,0.0229,-0.2064,-0.07,0.0069,0.0,-0.2696,-1.0714,-1.0734,0.8778,96
27,34,1810.0,Medium*Medium*NoStarvation,20,Low*Medium*NoStarvation,41.29,16.43,7,7,10,0.2174,0.1643,0.35,0.0217,-0.0821,-0.07,0.0065,0.0,-0.1456,-0.95,-0.952,0.8778,46
27,35,1876.0,Low*Medium*NoStarvation,30,Medium*Medium*NoStarvation,16.43,25.0,7,7,16,0.2424,0.25,0.35,0.0242,-0.125,-0.07,0.0073,0.0,-0.1877,-1.0059,-1.0063,0.8778,66
27,36,1972.0,Medium*Medium*NoStarvation,45,Medium*Medium*NoStarvation,25.0,39.86,7,7,23,0.2396,0.3986,0.35,0.024,-0.1993,-0.07,0.0072,0.0,-0.2621,-1.0734,-1.0746,0.8778,96
27,37,1998.0,Medium*Medium*NoStarvation,10,Low*Medium*NoStarvation,39.86,6.57,7,7,5,0.1923,0.0657,0.35,0.0192,-0.0329,-0.07,0.0058,0.0,-0.0971,-0.914,-0.9148,0.8778,26
27,38,2094.0,Low*Medium*NoStarvation,45,Medium*Medium*NoStarvation,6.57,40.43,7,7,23,0.2396,0.4043,0.35,0.024,-0.2021,-0.07,0.0072,0.0,-0.265,-1.085,-1.0853,0.8778,96
27,39,2160.0,Medium*Medium*NoStarvation,30,Medium*Medium*NoStarvation,40.43,27.0,7,7,15,0.2273,0.27,0.35,0.0227,-0.135,-0.07,0.0068,0.0,-0.1982,-1.0007,-1.0027,0.8778,66
27,40,2186.0,Medium*Medium*NoStarvation,10,Low*Medium*NoStarvation,27.0,6.14,7,7,5,0.1923,0.0614,0.35,0.0192,-0.0307,-0.07,0.0058,0.0,-0.0949,-0.9148,-0.9153,0.8778,26
27,41,2232.0,Low*Medium*NoStarvation,20,Low*Medium*NoStarvation,6.14,16.0,7,7,10,0.2174,0.16,0.35,0.0217,-0.08,-0.07,0.0065,0.0,-0.1435,-0.9595,-0.9604,0.8778,46
27,42,2258.0,Low*Medium*NoStarvation,10,Low*Medium*NoStarvation,16.0,9.14,7,7,4,0.1538,0.0914,0.35,0.0154,-0.0457,-0.07,0.0046,0.0,-0.1111,-0.9166,-0.9185,0.8778,26
27,43,2324.0,Low*Medium*NoStarvation,30,Medium*Medium*NoStarvation,9.14,26.29,7,7,15,0.2273,0.2629,0.35,0.0227,-0.1314,-0.07,0.0068,0.0,-0.1946,-1.0063,-1.0075,0.8778,66
27,44,2420.0,Medium*Medium*NoStarvation,45,Medium*Medium*NoStarvation,26.29,42.14,7,7,22,0.2292,0.4214,0.35,0.0229,-0.2107,-0.07,0.0069,0.0,-0.2738,-1.0746,-1.0769,0.8778,96
27,45,2516.0,Medium*Medium*NoStarvation,45,Medium*Medium*NoStarvation,42.14,41.14,7,7,23,0.2396,0.4114,0.35,0.024,-0.2057,-0.07,0.0072,0.0,-0.2685,-1.0769,-1.0784,0.8778,96
27,46,2612.0,Medium*Medium*NoStarvation,45,Medium*Medium*NoStarvation,41.14,40.43,7,7,23,0.2396,0.4043,0.35,0.024,-0.2021,-0.07,0.0072,0.0,-0.265,-1.0784,-1.0794,0.8778,96
27,47,2708.0,Medium*Medium*NoStarvation,45,Medium*Medium*NoStarvation,40.43,40.14,7,7,23,0.2396,0.4014,0.35,0.024,-0.2007,-0.07,0.0072,0.0,-0.2635,-1.0794,-1.0802,0.8778,96
27,48,2804.0,Medium*Medium*NoStarvation,45,Medium*Medium*NoStarvation,40.14,41.43,7,7,22,0.2292,0.4143,0.35,0.0229,-0.2071,-0.07,0.0069,0.0,-0.2703,-1.0802,-1.0816,0.8778,96
27,49,2870.0,Medium*Medium*NoStarvation,30,Medium*Medium*NoStarvation,41.43,26.71,7,7,15,0.2273,0.2671,0.35,0.0227,-0.1336,-0.07,0.0068,0.0,-0.1968,-1.0027,-1.0045,0.8778,66
27,50,2896.0,Medium*Medium*NoStarvation,10,Low*Medium*NoStarvation,26.71,5.86,7,7,5,0.1923,0.0586,0.35,0.0192,-0.0293,-0.07,0.0058,0.0,-0.0935,-0.9153,-0.9158,0.8778,26
27,51,2922.0,Low*Medium*NoStarvation,10,Low*Medium*NoStarvation,5.86,6.29,7,7,5,0.1923,0.0629,0.35,0.0192,-0.0314,-0.07,0.0058,0.0,-0.0957,-0.9185,-0.9189,0.8778,26
27,52,2988.0,Low*Medium*NoStarvation,30,Medium*Medium*NoStarvation,6.29,26.71,7,7,15,0.2273,0.2671,0.35,0.0227,-0.1336,-0.07,0.0068,0.0,-0.1968,-1.0075,-1.0089,0.8778,66
27,53,3014.0,Medium*Medium*NoStarvation,10,Low*Medium*NoStarvation,26.71,6.0,7,6,5,0.1923,0.06,0.3,0.0192,-0.03,-0.06,0.0058,0.0,-0.0842,-0.9158,-0.9153,0.8778,26
27,54,3110.0,Low*Medium*NoStarvation,45,Medium*Medium*NoStarvation,6.0,41.86,6,7,22,0.2292,0.4186,0.35,0.0229,-0.2093,-0.07,0.0069,0.0,-0.2724,-1.0853,-1.0864,0.8778,96
27,55,3206.0,Medium*Medium*NoStarvation,45,Medium*Medium*NoStarvation,41.86,40.0,7,7,23,0.2396,0.4,0.35,0.024,-0.2,-0.07,0.0072,0.0,-0.2628,-1.0816,-1.0821,0.8778,96
27,56,3232.0,Medium*Medium*NoStarvation,10,Low*Medium*NoStarvation,40.0,5.86,7,7,5,0.1923,0.0586,0.35,0.0192,-0.0293,-0.07,0.0058,0.0,-0.0935,-0.9153,-0.9158,0.8778,26
27,57,3328.0,Low*Medium*NoStarvation,45,Medium*Medium*NoStarvation,5.86,39.43,7,7,23,0.2396,0.3943,0.35,0.024,-0.1971,-0.07,0.0072,0.0,-0.26,-1.0864,-1.0862,0.8778,96
27,58,3424.0,Medium*Medium*NoStarvation,45,Medium*Medium*NoStarvation,39.43,39.57,7,7,23,0.2396,0.3957,0.35,0.024,-0.1979,-0.07,0.0072,0.0,-0.2607,-1.0821,-1.0824,0.8778,96
27,59,3450.0,Medium*Medium*NoStarvation,10,Low*Medium*NoStarvation,39.57,6.86,7,7,4,0.1538,0.0686,0.35,0.0154,-0.0343,-0.07,0.0046,0.0,-0.0997,-0.9158,-0.9169,0.8778,26
27,60,3496.0,Low*Medium*NoStarvation,20,Low*Medium*NoStarvation,6.86,15.71,7,7,10,0.2174,0.1571,0.35,0.0217,-0.0786,-0.07,0.0065,0.0,-0.142,-0.9604,-0.9613,0.8778,46
27,61,3592.0,Low*Medium*NoStarvation,45,Medium*Medium*NoStarvation,15.71,42.71,7,7,22,0.2292,0.4271,0.35,0.0229,-0.2136,-0.07,0.0069,0.0,-0.2767,-1.0862,-1.0878,0.8778,96
27,62,3618.0,Medium*Medium*NoStarvation,10,Low*Medium*NoStarvation,42.71,6.0,7,7,5,0.1923,0.06,0.35,0.0192,-0.03,-0.07,0.0058,0.0,-0.0942,-0.9169,-0.9173,0.8778,26
28,0,76.0,Low*Low*NoStarvation,10,Low*Medium*NoStarvation,0.83,6.71,2,7,11,0.4231,0.0671,0.35,0.0423,-0.0336,-0.07,0.0127,0.0,-0.0909,-0.3614,-0.417,0.8734,26
28,1,102.0,Low*Medium*NoStarvation,10,Low*Medium*NoStarvation,6.71,8.68,7,8,9,0.3462,0.0868,0.4,0.0346,-0.0434,-0.08,0.0104,0.0,-0.113,-0.9189,-0.921,0.8734,26
28,2,148.0,Low*Medium*NoStarvation,20,Low*Medium*NoStarvation,8.68,15.71,8,7,19,0.413,0.1571,0.35,0.0413,-0.0786,-0.07,0.0124,0.0,-0.1362,-0.9613,-0.9616,0.8734,46
28,3,174.0,Low*Medium*NoStarvation,10,Low*Medium*NoStarvation,15.71,6.0,7,7,10,0.3846,0.06,0.35,0.0385,-0.03,-0.07,0.0115,0.0,-0.0885,-0.921,-0.9206,0.8734,26
28,4,270.0,Low*Medium*NoStarvation,45,Medium*Medium*NoStarvation,6.0,41.0,7,7,45,0.4688,0.41,0.35,0.0469,-0.205,-0.07,0.0141,0.0,-0.2609,-1.0878,-1.0876,0.8734,96
28,5,316.0,Medium*Medium*NoStarvation,20,Low*Medium*NoStarvation,41.0,15.43,7,7,21,0.4565,0.1543,0.35,0.0457,-0.0771,-0.07,0.0137,0.0,-0.1334,-0.952,-0.953,0.8734,46
28,6,382.0,Low*Medium*NoStarvation,30,Medium*Medium*NoStarvation,15.43,26.86,7,7,30,0.4545,0.2686,0.35,0.0455,-0.1343,-0.07,0.0136,0.0,-0.1906,-1.0089,-1.0096,0.8734,66
28,7,408.0,Medium*Medium*NoStarvation,10,Low*Medium*NoStarvation,26.86,7.43,7,7,9,0.3462,0.0743,0.35,0.0346,-0.0371,-0.07,0.0104,0.0,-0.0968,-0.9173,-0.9181,0.8734,26
28,8,474.0,Low*Medium*NoStarvation,30,Medium*Medium*NoStarvation,7.43,26.71,7,7,30,0.4545,0.2671,0.35,0.0455,-0.1336,-0.07,0.0136,0.0,-0.1899,-1.0096,-1.0103,0.8734,66
28,9,570.0,Medium*Medium*NoStarvation,45,Medium*Medium*NoStarvation,26.71,41.57,7,7,45,0.4688,0.4157,0.35,0.0469,-0.2079,-0.07,0.0141,0.0,-0.2638,-1.0824,-1.0832,0.8734,96
28,10,636.0,Medium*Medium*NoStarvation,30,Medium*Medium*NoStarvation,41.57,26.14,7,7,30,0.4545,0.2614,0.35,0.0455,-0.1307,-0.07,0.0136,0.0,-0.1871,-1.0045,-1.0054,0.8734,66
28,11,662.0,Medium*Medium*NoStarvation,10,Low*Medium*NoStarvation,26.14,7.25,7,8,9,0.3462,0.0725,0.4,0.0346,-0.0362,-0.08,0.0104,0.0,-0.1059,-0.9181,-0.9198,0.8734,26
28,12,708.0,Low*Medium*NoStarvation,20,Low*Medium*NoStarvation,7.25,16.14,8,7,19,0.413,0.1614,0.35,0.0413,-0.0807,-0.07,0.0124,0.0,-0.1383,-0.9616,-0.9622,0.8734,46
28,13,734.0,Low*Medium*NoStarvation,10,Low*Medium*NoStarvation,16.14,6.86,7,7,10,0.3846,0.0686,0.35,0.0385,-0.0343,-0.07,0.0115,0.0,-0.0927,-0.9206,-0.9207,0.8734,26
28,14,800.0,Low*Medium*NoStarvation,30,Medium*Medium*NoStarvation,6.86,26.0,7,7,30,0.4545,0.26,0.35,0.0455,-0.13,-0.07,0.0136,0.0,-0.1864,-1.0103,-1.0107,0.8734,66
28,15,866.0,Medium*Medium*NoStarvation,30,Medium*Medium*NoStarvation,26.0,25.71,7,7,29,0.4394,0.2571,0.35,0.0439,-0.1286,-0.07,0.0132,0.0,-0.1854,-1.0054,-1.0062,0.8734,66
28,16,892.0,Medium*Medium*NoStarvation,10,Low*Medium*NoStarvation,25.71,7.54,7,8,9,0.3462,0.0754,0.4,0.0346,-0.0377,-0.08,0.0104,0.0,-0.1073,-0.9198,-0.9214,0.8734,26
28,17,938.0,Low*Medium*NoStarvation,20,Low*Medium*NoStarvation,7.54,16.57,8,7,20,0.4348,0.1657,0.35,0.0435,-0.0829,-0.07,0.013,0.0,-0.1398,-0.9622,-0.9628,0.8734,46
28,18,964.0,Low*Medium*NoStarvation,10,Low*Medium*NoStarvation,16.57,6.86,7,7,9,0.3462,0.0686,0.35,0.0346,-0.0343,-0.07,0.0104,0.0,-0.0939,-0.9207,-0.9209,0.8734,26
28,19,1030.0,Low*Medium*NoStarvation,30,Medium*Medium*NoStarvation,6.86,25.57,7,7,31,0.4697,0.2557,0.35,0.047,-0.1279,-0.07,0.0141,0.0,-0.1838,-1.0107,-1.0109,0.8734,66
28,20,1056.0,Medium*Medium*NoStarvation,10,Low*Medium*NoStarvation,25.57,6.14,7,7,10,0.3846,0.0614,0.35,0.0385,-0.0307,-0.07,0.0115,0.0,-0.0892,-0.9214,-0.921,0.8734,26
28,21,1102.0,Low*Medium*NoStarvation,20,Low*Medium*NoStarvation,6.14,15.71,7,7,20,0.4348,0.1571,0.35,0.0435,-0.0786,-0.07,0.013,0.0,-0.1355,-0.9628,-0.9629,0.8734,46
28,22,1198.0,Low*Medium*NoStarvation,45,Medium*Medium*NoStarvation,15.71,42.43,7,7,44,0.4583,0.4243,0.35,0.0458,-0.2121,-0.07,0.0137,0.0,-0.2684,-1.0876,-1.0886,0.8734,96
28,23,1224.0,Medium*Medium*NoStarvation,10,Low*Medium*NoStarvation,42.43,6.86,7,7,10,0.3846,0.0686,0.35,0.0385,-0.0343,-0.07,0.0115,0.0,-0.0927,-0.921,-0.9211,0.8734,26
28,24,1270.0,Low*Medium*NoStarvation,20,Low*Medium*NoStarvation,6.86,16.43,7,7,19,0.413,0.1643,0.35,0.0413,-0.0821,-0.07,0.0124,0.0,-0.1398,-0.9629,-0.9635,0.8734,46
28,25,1366.0,Low*Medium*NoStarvation,45,Medium*Medium*NoStarvation,16.43,41.29,7,7,45,0.4688,0.4129,0.35,0.0469,-0.2064,-0.07,0.0141,0.0,-0.2624,-1.0886,-1.0889,0.8734,96
28,26,1462.0,Medium*Medium*NoStarvation,45,Medium*Medium*NoStarvation,41.29,41.43,7,7,33,0.3438,0.4143,0.35,0.0344,-0.2071,-0.07,0.0103,0.0,-0.2668,-1.0832,-1.0844,0.8734,96
28,27,1528.0,Medium*Medium*NoStarvation,30,Medium*Medium*NoStarvation,41.43,25.43,7,7,15,0.2273,0.2543,0.35,0.0227,-0.1271,-0.07,0.0068,0.0,-0.1903,-1.0062,-1.0075,0.8734,66
28,28,1624.0,Medium*Medium*NoStarvation,45,Medium*Medium*NoStarvation,25.43,41.57,7,7,23,0.2396,0.4157,0.35,0.024,-0.2079,-0.07,0.0072,0.0,-0.2707,-1.0844,-1.0859,0.8734,96
28,29,1650.0,Medium*Medium*NoStarvation,10,Low*Medium*NoStarvation,41.57,5.0,7,6,5,0.1923,0.05,0.3,0.0192,-0.025,-0.06,0.0058,0.0,-0.0792,-0.9211,-0.9198,0.8734,26
28,30,1746.0,Low*Medium*NoStarvation,45,Medium*Medium*NoStarvation,5.0,41.14,6,7,22,0.2292,0.4114,0.35,0.0229,-0.2057,-0.07,0.0069,0.0,-0.2688,-1.0889,-1.0897,0.8734,96
28,31,1772.0,Medium*Medium*NoStarvation,10,Low*Medium*NoStarvation,41.14,7.43,7,7,5,0.1923,0.0743,0.35,0.0192,-0.0371,-0.07,0.0058,0.0,-0.1014,-0.9198,-0.9208,0.8734,26
28,32,1798.0,Low*Medium*NoStarvation,10,Low*Medium*NoStarvation,7.43,5.86,7,7,5,0.1923,0.0586,0.35,0.0192,-0.0293,-0.07,0.0058,0.0,-0.0935,-0.9209,-0.921,0.8734,26
28,33,1824.0,Low*Medium*NoStarvation,10,Low*Medium*NoStarvation,5.86,5.71,7,7,5,0.1923,0.0571,0.35,0.0192,-0.0286,-0.07,0.0058,0.0,-0.0928,-0.921,-0.9211,0.8734,26
28,34,1850.0,Low*Medium*NoStarvation,10,Low*Medium*NoStarvation,5.71,8.43,7,7,4,0.1538,0.0843,0.35,0.0154,-0.0421,-0.07,0.0046,0.0,-0.1075,-0.9211,-0.9226,0.8734,26
28,35,1896.0,Low*Medium*NoStarvation,20,Low*Medium*NoStarvation,8.43,16.57,7,7,10,0.2174,0.1657,0.35,0.0217,-0.0829,-0.07,0.0065,0.0,-0.1463,-0.9635,-0.9648,0.8734,46
28,36,1922.0,Low*Medium*NoStarvation,10,Low*Medium*NoStarvation,16.57,7.0,7,7,4,0.1538,0.07,0.35,0.0154,-0.035,-0.07,0.0046,0.0,-0.1004,-0.9226,-0.9234,0.8734,26
28,37,2018.0,Low*Medium*NoStarvation,45,Medium*Medium*NoStarvation,7.0,41.14,7,7,23,0.2396,0.4114,0.35,0.024,-0.2057,-0.07,0.0072,0.0,-0.2685,-1.0897,-1.0904,0.8734,96
28,38,2084.0,Medium*Medium*NoStarvation,30,Medium*Medium*NoStarvation,41.14,25.86,7,7,15,0.2273,0.2586,0.35,0.0227,-0.1293,-0.07,0.0068,0.0,-0.1925,-1.0075,-1.0089,0.8734,66
28,39,2150.0,Medium*Medium*NoStarvation,30,Medium*Medium*NoStarvation,25.86,26.57,7,7,15,0.2273,0.2657,0.35,0.0227,-0.1329,-0.07,0.0068,0.0,-0.196,-1.0089,-1.0105,0.8734,66
28,40,2196.0,Medium*Medium*NoStarvation,20,Low*Medium*NoStarvation,26.57,16.29,7,7,10,0.2174,0.1629,0.35,0.0217,-0.0814,-0.07,0.0065,0.0,-0.1449,-0.953,-0.9553,0.8734,46
28,41,2222.0,Low*Medium*NoStarvation,10,Low*Medium*NoStarvation,16.29,6.0,7,6,5,0.1923,0.06,0.3,0.0192,-0.03,-0.06,0.0058,0.0,-0.0842,-0.9234,-0.9226,0.8734,26
28,42,2248.0,Low*Medium*NoStarvation,10,Low*Medium*NoStarvation,6.0,7.71,6,7,4,0.1538,0.0771,0.35,0.0154,-0.0386,-0.07,0.0046,0.0,-0.104,-0.9226,-0.9238,0.8734,26
28,43,2294.0,Low*Medium*NoStarvation,20,Low*Medium*NoStarvation,7.71,15.71,7,7,10,0.2174,0.1571,0.35,0.0217,-0.0786,-0.07,0.0065,0.0,-0.142,-0.9648,-0.9657,0.8734,46
28,44,2320.0,Low*Medium*NoStarvation,10,Low*Medium*NoStarvation,15.71,7.71,7,7,4,0.1538,0.0771,0.35,0.0154,-0.0386,-0.07,0.0046,0.0,-0.104,-0.9238,-0.925,0.8734,26
28,45,2346.0,Low*Medium*NoStarvation,10,Low*Medium*NoStarvation,7.71,6.0,7,7,5,0.1923,0.06,0.35,0.0192,-0.03,-0.07,0.0058,0.0,-0.0942,-0.925,-0.9251,0.8734,26
28,46,2442.0,Low*Medium*NoStarvation,45,Medium*Medium*NoStarvation,6.0,40.43,7,7,23,0.2396,0.4043,0.35,0.024,-0.2021,-0.07,0.0072,0.0,-0.265,-1.0904,-1.0907,0.8734,96
28,47,2488.0,Medium*Medium*NoStarvation,20,Low*Medium*NoStarvation,40.43,16.43,7,7,10,0.2174,0.1643,0.35,0.0217,-0.0821,-0.07,0.0065,0.0,-0.1456,-0.9553,-0.9576,0.8734,46
28,48,2554.0,Low*Medium*NoStarvation,30,Medium*Medium*NoStarvation,16.43,25.43,7,7,16,0.2424,0.2543,0.35,0.0242,-0.1271,-0.07,0.0073,0.0,-0.1899,-1.0109,-1.0117,0.8734,66
28,49,2580.0,Medium*Medium*NoStarvation,10,Low*Medium*NoStarvation,25.43,9.71,7,7,4,0.1538,0.0971,0.35,0.0154,-0.0486,-0.07,0.0046,0.0,-0.114,-0.9208,-0.9234,0.8734,26
28,50,2606.0,Low*Medium*NoStarvation,10,Low*Medium*NoStarvation,9.71,7.86,7,7,4,0.1538,0.0786,0.35,0.0154,-0.0393,-0.07,0.0046,0.0,-0.1047,-0.9251,-0.9263,0.8734,26
28,51,2632.0,Low*Medium*NoStarvation,10,Low*Medium*NoStarvation,7.86,6.14,7,7,5,0.1923,0.0614,0.35,0.0192,-0.0307,-0.07,0.0058,0.0,-0.0949,-0.9263,-0.9266,0.8734,26
28,52,2698.0,Low*Medium*NoStarvation,30,Medium*Medium*NoStarvation,6.14,26.14,7,7,15,0.2273,0.2614,0.35,0.0227,-0.1307,-0.07,0.0068,0.0,-0.1939,-1.0117,-1.013,0.8734,66
28,53,2794.0,Medium*Medium*NoStarvation,45,Medium*Medium*NoStarvation,26.14,40.71,7,7,22,0.2292,0.4071,0.35,0.0229,-0.2036,-0.07,0.0069,0.0,-0.2667,-1.0859,-1.0871,0.8734,96
28,54,2860.0,Medium*Medium*NoStarvation,30,Medium*Medium*NoStarvation,40.71,26.43,7,7,15,0.2273,0.2643,0.35,0.0227,-0.1321,-0.07,0.0068,0.0,-0.1953,-1.0105,-1.0121,0.8734,66
28,55,2906.0,Medium*Medium*NoStarvation,20,Low*Medium*NoStarvation,26.43,17.86,7,7,9,0.1957,0.1786,0.35,0.0196,-0.0893,-0.07,0.0059,0.0,-0.1534,-0.9576,-0.9606,0.8734,46
28,56,3002.0,Low*Medium*NoStarvation,45,Medium*Medium*NoStarvation,17.86,41.0,7,7,23,0.2396,0.41,0.35,0.024,-0.205,-0.07,0.0072,0.0,-0.2678,-1.0907,-1.0916,0.8734,96
28,57,3028.0,Medium*Medium*NoStarvation,10,Low*Medium*NoStarvation,41.0,5.71,7,7,5,0.1923,0.0571,0.35,0.0192,-0.0286,-0.07,0.0058,0.0,-0.0928,-0.9234,-0.9237,0.8734,26
28,58,3124.0,Low*Medium*NoStarvation,45,Medium*Medium*NoStarvation,5.71,40.57,7,7,23,0.2396,0.4057,0.35,0.024,-0.2029,-0.07,0.0072,0.0,-0.2657,-1.0916,-1.0921,0.8734,96
28,59,3150.0,Medium*Medium*NoStarvation,10,Low*Medium*NoStarvation,40.57,9.14,7,7,4,0.1538,0.0914,0.35,0.0154,-0.0457,-0.07,0.0046,0.0,-0.1111,-0.9237,-0.9259,0.8734,26
28,60,3176.0,Low*Medium*NoStarvation,10,Low*Medium*NoStarvation,9.14,6.57,7,6,5,0.1923,0.0657,0.3,0.0192,-0.0329,-0.06,0.0058,0.0,-0.0871,-0.9266,-0.926,0.8734,26
28,61,3202.0,Low*Medium*NoStarvation,10,Low*Medium*NoStarvation,6.57,8.0,6,7,4,0.1538,0.08,0.35,0.0154,-0.04,-0.07,0.0046,0.0,-0.1054,-0.926,-0.9273,0.8734,26
28,62,3228.0,Low*Medium*NoStarvation,10,Low*Medium*NoStarvation,8.0,8.0,7,7,4,0.1538,0.08,0.35,0.0154,-0.04,-0.07,0.0046,0.0,-0.1054,-0.9273,-0.9286,0.8734,26
28,63,3294.0,Low*Medium*NoStarvation,30,Medium*Medium*NoStarvation,8.0,26.57,7,7,15,0.2273,0.2657,0.35,0.0227,-0.1329,-0.07,0.0068,0.0,-0.196,-1.013,-1.0146,0.8734,66
28,64,3320.0,Medium*Medium*NoStarvation,10,Low*Medium*NoStarvation,26.57,8.29,7,7,4,0.1538,0.0829,0.35,0.0154,-0.0414,-0.07,0.0046,0.0,-0.1068,-0.9259,-0.9275,0.8734,26
28,65,3346.0,Low*Medium*NoStarvation,10,Low*Medium*NoStarvation,8.29,6.86,7,7,4,0.1538,0.0686,0.35,0.0154,-0.0343,-0.07,0.0046,0.0,-0.0997,-0.9286,-0.9292,0.8734,26
28,66,3392.0,Low*Medium*NoStarvation,20,Low*Medium*NoStarvation,6.86,16.57,7,7,10,0.2174,0.1657,0.35,0.0217,-0.0829,-0.07,0.0065,0.0,-0.1463,-0.9657,-0.9674,0.8734,46
28,67,3458.0,Low*Medium*NoStarvation,30,Medium*Medium*NoStarvation,16.57,28.14,7,7,14,0.2121,0.2814,0.35,0.0212,-0.1407,-0.07,0.0064,0.0,-0.2044,-1.0146,-1.0171,0.8734,66
28,68,3484.0,Medium*Medium*NoStarvation,10,Low*Medium*NoStarvation,28.14,5.43,7,7,5,0.1923,0.0543,0.35,0.0192,-0.0271,-0.07,0.0058,0.0,-0.0914,-0.9275,-0.9275,0.8734,26
28,69,3510.0,Low*Medium*NoStarvation,10,Low*Medium*NoStarvation,5.43,5.71,7,7,5,0.1923,0.0571,0.35,0.0192,-0.0286,-0.07,0.0058,0.0,-0.0928,-0.9292,-0.9292,0.8734,26
28,70,3606.0,Low*Medium*NoStarvation,45,Medium*Medium*NoStarvation,5.71,41.57,7,7,22,0.2292,0.4157,0.35,0.0229,-0.2079,-0.07,0.0069,0.0,-0.271,-1.0921,-1.0935,0.8734,96
29,0,146.0,Low*Low*NoStarvation,45,Medium*Medium*NoStarvation,0.83,40.71,2,7,47,0.4896,0.4071,0.35,0.049,-0.2036,-0.07,0.0147,0.0,-0.2589,-0.3169,-0.3946,0.8691,96
29,1,172.0,Medium*Medium*NoStarvation,10,Low*Medium*NoStarvation,40.71,8.43,7,7,9,0.3462,0.0843,0.35,0.0346,-0.0421,-0.07,0.0104,0.0,-0.1018,-0.9275,-0.9286,0.8691,26
29,2,198.0,Low*Medium*NoStarvation,10,Low*Medium*NoStarvation,8.43,5.71,7,7,9,0.3462,0.0571,0.35,0.0346,-0.0286,-0.07,0.0104,0.0,-0.0882,-0.9292,-0.9288,0.8691,26
29,3,294.0,Low*Medium*NoStarvation,45,Medium*Medium*NoStarvation,5.71,40.0,7,7,46,0.4792,0.4,0.35,0.0479,-0.2,-0.07,0.0144,0.0,-0.2556,-1.0935,-1.0933,0.8691,96
29,4,390.0,Medium*Medium*NoStarvation,45,Medium*Medium*NoStarvation,40.0,42.86,7,7,45,0.4688,0.4286,0.35,0.0469,-0.2143,-0.07,0.0141,0.0,-0.2702,-1.0871,-1.089,0.8691,96
29,5,416.0,Medium*Medium*NoStarvation,10,Low*Medium*NoStarvation,42.86,7.43,7,7,9,0.3462,0.0743,0.35,0.0346,-0.0371,-0.07,0.0104,0.0,-0.0968,-0.9286,-0.929,0.8691,26
29,6,442.0,Low*Medium*NoStarvation,10,Low*Medium*NoStarvation,7.43,6.43,7,7,9,0.3462,0.0643,0.35,0.0346,-0.0321,-0.07,0.0104,0.0,-0.0918,-0.9288,-0.9287,0.8691,26
29,7,488.0,Low*Medium*NoStarvation,20,Low*Medium*NoStarvation,6.43,15.57,7,7,20,0.4348,0.1557,0.35,0.0435,-0.0779,-0.07,0.013,0.0,-0.1348,-0.9674,-0.9677,0.8691,46
29,8,584.0,Low*Medium*NoStarvation,45,Medium*Medium*NoStarvation,15.57,41.0,7,7,46,0.4792,0.41,0.35,0.0479,-0.205,-0.07,0.0144,0.0,-0.2606,-1.0933,-1.0936,0.8691,96
29,9,610.0,Medium*Medium*NoStarvation,10,Low*Medium*NoStarvation,41.0,6.36,7,8,10,0.3846,0.0636,0.4,0.0385,-0.0318,-0.08,0.0115,0.0,-0.1002,-0.929,-0.9297,0.8691,26
29,10,636.0,Low*Medium*NoStarvation,10,Low*Medium*NoStarvation,6.36,6.54,8,8,9,0.3462,0.0654,0.4,0.0346,-0.0327,-0.08,0.0104,0.0,-0.1023,-0.9287,-0.9296,0.8691,26
29,11,662.0,Low*Medium*NoStarvation,10,Low*Medium*NoStarvation,6.54,5.86,8,7,8,0.3077,0.0586,0.35,0.0308,-0.0293,-0.07,0.0092,0.0,-0.0901,-0.9296,-0.9293,0.8691,26
29,12,688.0,Low*Medium*NoStarvation,10,Low*Medium*NoStarvation,5.86,9.29,7,7,8,0.3077,0.0929,0.35,0.0308,-0.0464,-0.07,0.0092,0.0,-0.1072,-0.9293,-0.9307,0.8691,26
29,13,714.0,Low*Medium*NoStarvation,10,Low*Medium*NoStarvation,9.29,8.43,7,7,9,0.3462,0.0843,0.35,0.0346,-0.0421,-0.07,0.0104,0.0,-0.1018,-0.9307,-0.9316,0.8691,26
29,14,740.0,Low*Medium*NoStarvation,10,Low*Medium*NoStarvation,8.43,6.29,7,7,10,0.3846,0.0629,0.35,0.0385,-0.0314,-0.07,0.0115,0.0,-0.0899,-0.9316,-0.9313,0.8691,26
29,15,786.0,Low*Medium*NoStarvation,20,Low*Medium*NoStarvation,6.29,15.71,7,7,20,0.4348,0.1571,0.35,0.0435,-0.0786,-0.07,0.013,0.0,-0.1355,-0.9677,-0.9683,0.8691,46
29,16,812.0,Low*Medium*NoStarvation,10,Low*Medium*NoStarvation,15.71,7.96,7,8,8,0.3077,0.0796,0.4,0.0308,-0.0398,-0.08,0.0092,0.0,-0.1106,-0.9313,-0.933,0.8691,26
29,17,908.0,Low*Medium*NoStarvation,45,Medium*Medium*NoStarvation,7.96,43.71,8,7,43,0.4479,0.4371,0.35,0.0448,-0.2186,-0.07,0.0134,0.0,-0.2751,-1.0936,-1.0954,0.8691,96
29,18,934.0,Medium*Medium*NoStarvation,10,Low*Medium*NoStarvation,43.71,6.25,7,8,10,0.3846,0.0625,0.4,0.0385,-0.0312,-0.08,0.0115,0.0,-0.0997,-0.9297,-0.9307,0.8691,26
29,19,960.0,Low*Medium*NoStarvation,10,Low*Medium*NoStarvation,6.25,6.86,8,7,8,0.3077,0.0686,0.35,0.0308,-0.0343,-0.07,0.0092,0.0,-0.0951,-0.933,-0.9332,0.8691,26
29,20,1056.0,Low*Medium*NoStarvation,45,Medium*Medium*NoStarvation,6.86,39.43,7,7,46,0.4792,0.3943,0.35,0.0479,-0.1971,-0.07,0.0144,0.0,-0.2528,-1.0954,-1.0949,0.8691,96
29,21,1152.0,Medium*Medium*NoStarvation,45,Medium*Medium*NoStarvation,39.43,40.57,7,7,46,0.4792,0.4057,0.35,0.0479,-0.2029,-0.07,0.0144,0.0,-0.2585,-1.089,-1.0897,0.8691,96
29,22,1218.0,Medium*Medium*NoStarvation,30,Medium*Medium*NoStarvation,40.57,27.14,7,7,30,0.4545,0.2714,0.35,0.0455,-0.1357,-0.07,0.0136,0.0,-0.1921,-1.0121,-1.0138,0.8691,66
29,23,1264.0,Medium*Medium*NoStarvation,20,Low*Medium*NoStarvation,27.14,16.14,7,7,20,0.4348,0.1614,0.35,0.0435,-0.0807,-0.07,0.013,0.0,-0.1377,-0.9606,-0.9623,0.8691,46
29,24,1290.0,Low*Medium*NoStarvation,10,Low*Medium*NoStarvation,16.14,6.0,7,7,10,0.3846,0.06,0.35,0.0385,-0.03,-0.07,0.0115,0.0,-0.0885,-0.9332,-0.9327,0.8691,26
29,25,1336.0,Low*Medium*NoStarvation,20,Low*Medium*NoStarvation,6.0,15.0,7,7,19,0.413,0.15,0.35,0.0413,-0.075,-0.07,0.0124,0.0,-0.1326,-0.9683,-0.9687,0.8691,46
29,26,1362.0,Low*Medium*NoStarvation,10,Low*Medium*NoStarvation,15.0,7.21,7,8,10,0.3846,0.0721,0.4,0.0385,-0.0361,-0.08,0.0115,0.0,-0.1045,-0.9327,-0.9338,0.8691,26
29,27,1408.0,Low*Medium*NoStarvation,20,Low*Medium*NoStarvation,7.21,15.86,8,7,19,0.413,0.1586,0.35,0.0413,-0.0793,-0.07,0.0124,0.0,-0.1369,-0.9687,-0.9695,0.8691,46
29,28,1474.0,Low*Medium*NoStarvation,30,Medium*Medium*NoStarvation,15.86,26.86,7,7,22,0.3333,0.2686,0.35,0.0333,-0.1343,-0.07,0.01,0.0,-0.1943,-1.0171,-1.0186,0.8691,66
29,29,1540.0,Medium*Medium*NoStarvation,30,Medium*Medium*NoStarvation,26.86,27.86,7,7,14,0.2121,0.2786,0.35,0.0212,-0.1393,-0.07,0.0064,0.0,-0.2029,-1.0138,-1.0165,0.8691,66
29,30,1566.0,Medium*Medium*NoStarvation,10,Low*Medium*NoStarvation,27.86,7.71,7,7,5,0.1923,0.0771,0.35,0.0192,-0.0386,-0.07,0.0058,0.0,-0.1028,-0.9307,-0.9319,0.8691,26
29,31,1592.0,Low*Medium*NoStarvation,10,Low*Medium*NoStarvation,7.71,7.57,7,7,4,0.1538,0.0757,0.35,0.0154,-0.0379,-0.07,0.0046,0.0,-0.1032,-0.9338,-0.9348,0.8691,26
29,32,1658.0,Low*Medium*NoStarvation,30,Medium*Medium*NoStarvation,7.57,26.14,7,7,15,0.2273,0.2614,0.35,0.0227,-0.1307,-0.07,0.0068,0.0,-0.1939,-1.0186,-1.02,0.8691,66
29,33,1724.0,Medium*Medium*NoStarvation,30,Medium*Medium*NoStarvation,26.14,26.71,7,7,15,0.2273,0.2671,0.35,0.0227,-0.1336,-0.07,0.0068,0.0,-0.1968,-1.0165,-1.0184,0.8691,66
29,34,1820.0,Medium*Medium*NoStarvation,45,Medium*Medium*NoStarvation,26.71,41.86,7,7,23,0.2396,0.4186,0.35,0.024,-0.2093,-0.07,0.0072,0.0,-0.2721,-1.0897,-1.0918,0.8691,96
29,35,1916.0,Medium*Medium*NoStarvation,45,Medium*Medium*NoStarvation,41.86,40.29,7,7,23,0.2396,0.4029,0.35,0.024,-0.2014,-0.07,0.0072,0.0,-0.2642,-1.0918,-1.0929,0.8691,96
29,36,1962.0,Medium*Medium*NoStarvation,20,Low*Medium*NoStarvation,40.29,15.57,7,7,10,0.2174,0.1557,0.35,0.0217,-0.0779,-0.07,0.0065,0.0,-0.1413,-0.9623,-0.9643,0.8691,46
29,37,1988.0,Low*Medium*NoStarvation,10,Low*Medium*NoStarvation,15.57,6.57,7,7,5,0.1923,0.0657,0.35,0.0192,-0.0329,-0.07,0.0058,0.0,-0.0971,-0.9348,-0.9352,0.8691,26
29,38,2014.0,Low*Medium*NoStarvation,10,Low*Medium*NoStarvation,6.57,6.29,7,7,5,0.1923,0.0629,0.35,0.0192,-0.0314,-0.07,0.0058,0.0,-0.0957,-0.9352,-0.9354,0.8691,26
29,39,2060.0,Low*Medium*NoStarvation,20,Low*Medium*NoStarvation,6.29,16.14,7,7,10,0.2174,0.1614,0.35,0.0217,-0.0807,-0.07,0.0065,0.0,-0.1442,-0.9695,-0.9712,0.8691,46
29,40,2126.0,Low*Medium*NoStarvation,30,Medium*Medium*NoStarvation,16.14,25.57,7,7,15,0.2273,0.2557,0.35,0.0227,-0.1279,-0.07,0.0068,0.0,-0.191,-1.02,-1.021,0.8691,66
29,41,2152.0,Medium*Medium*NoStarvation,10,Low*Medium*NoStarvation,25.57,7.71,7,7,4,0.1538,0.0771,0.35,0.0154,-0.0386,-0.07,0.0046,0.0,-0.104,-0.9319,-0.9333,0.8691,26
29,42,2248.0,Low*Medium*NoStarvation,45,Medium*Medium*NoStarvation,7.71,42.0,7,7,22,0.2292,0.42,0.35,0.0229,-0.21,-0.07,0.0069,0.0,-0.2731,-1.0949,-1.0967,0.8691,96
29,43,2344.0,Medium*Medium*NoStarvation,45,Medium*Medium*NoStarvation,42.0,41.71,7,7,22,0.2292,0.4171,0.35,0.0229,-0.2086,-0.07,0.0069,0.0,-0.2717,-1.0929,-1.0948,0.8691,96
29,44,2370.0,Medium*Medium*NoStarvation,10,Low*Medium*NoStarvation,41.71,6.43,7,7,5,0.1923,0.0643,0.35,0.0192,-0.0321,-0.07,0.0058,0.0,-0.0964,-0.9333,-0.9338,0.8691,26
29,45,2416.0,Low*Medium*NoStarvation,20,Low*Medium*NoStarvation,6.43,16.14,7,7,10,0.2174,0.1614,0.35,0.0217,-0.0807,-0.07,0.0065,0.0,-0.1442,-0.9712,-0.9727,0.8691,46
29,46,2442.0,Low*Medium*NoStarvation,10,Low*Medium*NoStarvation,16.14,6.43,7,7,5,0.1923,0.0643,0.35,0.0192,-0.0321,-0.07,0.0058,0.0,-0.0964,-0.9354,-0.9357,0.8691,26
29,47,2538.0,Low*Medium*NoStarvation,45,Medium*Medium*NoStarvation,6.43,41.71,7,7,22,0.2292,0.4171,0.35,0.0229,-0.2086,-0.07,0.0069,0.0,-0.2717,-1.0967,-1.0983,0.8691,96
29,48,2564.0,Medium*Medium*NoStarvation,10,Low*Medium*NoStarvation,41.71,6.29,7,7,5,0.1923,0.0629,0.35,0.0192,-0.0314,-0.07,0.0058,0.0,-0.0957,-0.9338,-0.9342,0.8691,26
29,49,2610.0,Low*Medium*NoStarvation,20,Low*Medium*NoStarvation,6.29,16.57,7,7,10,0.2174,0.1657,0.35,0.0217,-0.0829,-0.07,0.0065,0.0,-0.1463,-0.9727,-0.9743,0.8691,46
29,50,2706.0,Low*Medium*NoStarvation,45,Medium*Medium*NoStarvation,16.57,41.86,7,7,22,0.2292,0.4186,0.35,0.0229,-0.2093,-0.07,0.0069,0.0,-0.2724,-1.0983,-1.0998,0.8691,96
29,51,2732.0,Medium*Medium*NoStarvation,10,Low*Medium*NoStarvation,41.86,5.29,7,6,5,0.1923,0.0529,0.3,0.0192,-0.0264,-0.06,0.0058,0.0,-0.0807,-0.9342,-0.9331,0.8691,26
29,52,2778.0,Low*Medium*NoStarvation,20,Low*Medium*NoStarvation,5.29,15.29,6,7,10,0.2174,0.1529,0.35,0.0217,-0.0764,-0.07,0.0065,0.0,-0.1399,-0.9743,-0.975,0.8691,46
29,53,2824.0,Low*Medium*NoStarvation,20,Low*Medium*NoStarvation,15.29,16.0,7,7,10,0.2174,0.16,0.35,0.0217,-0.08,-0.07,0.0065,0.0,-0.1435,-0.975,-0.9761,0.8691,46
29,54,2870.0,Low*Medium*NoStarvation,20,Low*Medium*NoStarvation,16.0,16.71,7,7,10,0.2174,0.1671,0.35,0.0217,-0.0836,-0.07,0.0065,0.0,-0.147,-0.9761,-0.9774,0.8691,46
29,55,2896.0,Low*Medium*NoStarvation,10,Low*Medium*NoStarvation,16.71,5.86,7,6,5,0.1923,0.0586,0.3,0.0192,-0.0293,-0.06,0.0058,0.0,-0.0835,-0.9357,-0.9347,0.8691,26
29,56,2942.0,Low*Medium*NoStarvation,20,Low*Medium*NoStarvation,5.86,16.43,6,7,10,0.2174,0.1643,0.35,0.0217,-0.0821,-0.07,0.0065,0.0,-0.1456,-0.9774,-0.9783,0.8691,46
29,57,3038.0,Low*Medium*NoStarvation,45,Medium*Medium*NoStarvation,16.43,39.43,7,7,23,0.2396,0.3943,0.35,0.024,-0.1971,-0.07,0.0072,0.0,-0.26,-1.0998,-1.0998,0.8691,96
29,58,3064.0,Medium*Medium*NoStarvation,10,Low*Medium*NoStarvation,39.43,6.29,7,7,5,0.1923,0.0629,0.35,0.0192,-0.0314,-0.07,0.0058,0.0,-0.0957,-0.9331,-0.9334,0.8691,26
29,59,3090.0,Low*Medium*NoStarvation,10,Low*Medium*NoStarvation,6.29,6.71,7,7,5,0.1923,0.0671,0.35,0.0192,-0.0336,-0.07,0.0058,0.0,-0.0978,-0.9347,-0.9351,0.8691,26
29,60,3186.0,Low*Medium*NoStarvation,45,Medium*Medium*NoStarvation,6.71,40.29,7,7,23,0.2396,0.4029,0.35,0.024,-0.2014,-0.07,0.0072,0.0,-0.2642,-1.0998,-1.1002,0.8691,96
29,61,3212.0,Medium*Medium*NoStarvation,10,Low*Medium*NoStarvation,40.29,7.57,7,7,4,0.1538,0.0757,0.35,0.0154,-0.0379,-0.07,0.0046,0.0,-0.1032,-0.9334,-0.9346,0.8691,26
29,62,3258.0,Low*Medium*NoStarvation,20,Low*Medium*NoStarvation,7.57,17.57,7,7,10,0.2174,0.1757,0.35,0.0217,-0.0879,-0.07,0.0065,0.0,-0.1513,-0.9783,-0.9798,0.8691,46
29,63,3324.0,Low*Medium*NoStarvation,30,Medium*Medium*NoStarvation,17.57,27.0,7,7,15,0.2273,0.27,0.35,0.0227,-0.135,-0.07,0.0068,0.0,-0.1982,-1.021,-1.0228,0.8691,66
29,64,3420.0,Medium*Medium*NoStarvation,45,Medium*Medium*NoStarvation,27.0,40.86,7,7,22,0.2292,0.4086,0.35,0.0229,-0.2043,-0.07,0.0069,0.0,-0.2674,-1.0948,-1.0962,0.8691,96
29,65,3446.0,Medium*Medium*NoStarvation,10,Low*Medium*NoStarvation,40.86,7.14,7,7,5,0.1923,0.0714,0.35,0.0192,-0.0357,-0.07,0.0058,0.0,-0.0999,-0.9346,-0.9353,0.8691,26
29,66,3492.0,Low*Medium*NoStarvation,20,Low*Medium*NoStarvation,7.14,16.71,7,7,10,0.2174,0.1671,0.35,0.0217,-0.0836,-0.07,0.0065,0.0,-0.147,-0.9798,-0.9807,0.8691,46
29,67,3538.0,Low*Medium*NoStarvation,20,Low*Medium*NoStarvation,16.71,17.57,7,7,9,0.1957,0.1757,0.35,0.0196,-0.0879,-0.07,0.0059,0.0,-0.152,-0.9807,-0.982,0.8691,46
29,68,3564.0,Low*Medium*NoStarvation,10,Low*Medium*NoStarvation,17.57,6.57,7,7,5,0.1923,0.0657,0.35,0.0192,-0.0329,-0.07,0.0058,0.0,-0.0971,-0.9351,-0.9355,0.8691,26
29,69,3590.0,Low*Medium*NoStarvation,10,Low*Medium*NoStarvation,6.57,6.0,7,7,5,0.1923,0.06,0.35,0.0192,-0.03,-0.07,0.0058,0.0,-0.0942,-0.9355,-0.9355,0.8691,26
29,70,3616.0,Low*Medium*NoStarvation,10,Low*Medium*NoStarvation,6.0,9.0,7,7,4,0.1538,0.09,0.35,0.0154,-0.045,-0.07,0.0046,0.0,-0.1104,-0.9355,-0.9372,0.8691,26
30,0,116.0,Low*Low*NoStarvation,30,Medium*Medium*NoStarvation,0.83,26.71,2,7,31,0.4697,0.2671,0.35,0.047,-0.1336,-0.07,0.0141,0.0,-0.1895,-0.4896,-0.5438,0.8647,66
30,1,212.0,Medium*Medium*NoStarvation,45,Medium*Medium*NoStarvation,26.71,41.0,7,7,45,0.4688,0.41,0.35,0.0469,-0.205,-0.07,0.0141,0.0,-0.2609,-1.0962,-1.0968,0.8647,96
30,2,278.0,Medium*Medium*NoStarvation,30,Medium*Medium*NoStarvation,41.0,25.71,7,7,31,0.4697,0.2571,0.35,0.047,-0.1286,-0.07,0.0141,0.0,-0.1845,-1.0184,-1.0192,0.8647,66
30,3,304.0,Medium*Medium*NoStarvation,10,Low*Medium*NoStarvation,25.71,6.11,7,8,10,0.3846,0.0611,0.4,0.0385,-0.0305,-0.08,0.0115,0.0,-0.099,-0.9353,-0.936,0.8647,26
30,4,330.0,Low*Medium*NoStarvation,10,Low*Medium*NoStarvation,6.11,8.0,8,7,8,0.3077,0.08,0.35,0.0308,-0.04,-0.07,0.0092,0.0,-0.1008,-0.9372,-0.9379,0.8647,26
30,5,396.0,Low*Medium*NoStarvation,30,Medium*Medium*NoStarvation,8.0,26.57,7,7,30,0.4545,0.2657,0.35,0.0455,-0.1329,-0.07,0.0136,0.0,-0.1892,-1.0228,-1.0237,0.8647,66
30,6,422.0,Medium*Medium*NoStarvation,10,Low*Medium*NoStarvation,26.57,8.71,7,7,9,0.3462,0.0871,0.35,0.0346,-0.0436,-0.07,0.0104,0.0,-0.1032,-0.936,-0.9371,0.8647,26
30,7,448.0,Low*Medium*NoStarvation,10,Low*Medium*NoStarvation,8.71,6.0,7,7,10,0.3846,0.06,0.35,0.0385,-0.03,-0.07,0.0115,0.0,-0.0885,-0.9379,-0.9374,0.8647,26
30,8,474.0,Low*Medium*NoStarvation,10,Low*Medium*NoStarvation,6.0,6.57,7,7,10,0.3846,0.0657,0.35,0.0385,-0.0329,-0.07,0.0115,0.0,-0.0913,-0.9374,-0.9371,0.8647,26
30,9,570.0,Low*Medium*NoStarvation,45,Medium*Medium*NoStarvation,6.57,40.0,7,7,46,0.4792,0.4,0.35,0.0479,-0.2,-0.07,0.0144,0.0,-0.2556,-1.1002,-1.1001,0.8647,96
30,10,596.0,Medium*Medium*NoStarvation,10,Low*Medium*NoStarvation,40.0,8.71,7,7,9,0.3462,0.0871,0.35,0.0346,-0.0436,-0.07,0.0104,0.0,-0.1032,-0.9371,-0.9381,0.8647,26
30,11,692.0,Low*Medium*NoStarvation,45,Medium*Medium*NoStarvation,8.71,42.86,7,7,44,0.4583,0.4286,0.35,0.0458,-0.2143,-0.07,0.0137,0.0,-0.2705,-1.1001,-1.1016,0.8647,96
30,12,788.0,Medium*Medium*NoStarvation,45,Medium*Medium*NoStarvation,42.86,40.57,7,7,47,0.4896,0.4057,0.35,0.049,-0.2029,-0.07,0.0147,0.0,-0.2582,-1.0968,-1.0974,0.8647,96
30,13,834.0,Medium*Medium*NoStarvation,20,Low*Medium*NoStarvation,40.57,16.86,7,7,19,0.413,0.1686,0.35,0.0413,-0.0843,-0.07,0.0124,0.0,-0.1419,-0.9643,-0.9664,0.8647,46
30,14,930.0,Low*Medium*NoStarvation,45,Medium*Medium*NoStarvation,16.86,43.0,7,7,44,0.4583,0.43,0.35,0.0458,-0.215,-0.07,0.0137,0.0,-0.2712,-1.1016,-1.103,0.8647,96
30,15,996.0,Medium*Medium*NoStarvation,30,Medium*Medium*NoStarvation,43.0,24.86,7,7,31,0.4697,0.2486,0.35,0.047,-0.1243,-0.07,0.0141,0.0,-0.1802,-1.0192,-1.0197,0.8647,66
30,16,1022.0,Medium*Medium*NoStarvation,10,Low*Medium*NoStarvation,24.86,6.29,7,7,10,0.3846,0.0629,0.35,0.0385,-0.0314,-0.07,0.0115,0.0,-0.0899,-0.9381,-0.9376,0.8647,26
30,17,1118.0,Low*Medium*NoStarvation,45,Medium*Medium*NoStarvation,6.29,41.43,7,7,45,0.4688,0.4143,0.35,0.0469,-0.2071,-0.07,0.0141,0.0,-0.2631,-1.103,-1.1034,0.8647,96
30,18,1164.0,Medium*Medium*NoStarvation,20,Low*Medium*NoStarvation,41.43,15.86,7,7,20,0.4348,0.1586,0.35,0.0435,-0.0793,-0.07,0.013,0.0,-0.1362,-0.9664,-0.9677,0.8647,46
30,19,1260.0,Low*Medium*NoStarvation,45,Medium*Medium*NoStarvation,15.86,43.0,7,7,44,0.4583,0.43,0.35,0.0458,-0.215,-0.07,0.0137,0.0,-0.2712,-1.1034,-1.1045,0.8647,96
30,20,1326.0,Medium*Medium*NoStarvation,30,Medium*Medium*NoStarvation,43.0,26.43,7,7,31,0.4697,0.2643,0.35,0.047,-0.1321,-0.07,0.0141,0.0,-0.1881,-1.0197,-1.0209,0.8647,66
30,21,1392.0,Medium*Medium*NoStarvation,30,Medium*Medium*NoStarvation,26.43,26.57,7,7,25,0.3788,0.2657,0.35,0.0379,-0.1329,-0.07,0.0114,0.0,-0.1915,-1.0209,-1.0224,0.8647,66
30,22,1458.0,Medium*Medium*NoStarvation,30,Medium*Medium*NoStarvation,26.57,25.57,7,7,15,0.2273,0.2557,0.35,0.0227,-0.1279,-0.07,0.0068,0.0,-0.191,-1.0224,-1.0236,0.8647,66
30,23,1504.0,Medium*Medium*NoStarvation,20,Low*Medium*NoStarvation,25.57,15.86,7,7,10,0.2174,0.1586,0.35,0.0217,-0.0793,-0.07,0.0065,0.0,-0.1428,-0.9677,-0.9696,0.8647,46
30,24,1600.0,Low*Medium*NoStarvation,45,Medium*Medium*NoStarvation,15.86,42.29,7,7,23,0.2396,0.4229,0.35,0.024,-0.2114,-0.07,0.0072,0.0,-0.2742,-1.1045,-1.1059,0.8647,96
30,25,1646.0,Medium*Medium*NoStarvation,20,Low*Medium*NoStarvation,42.29,15.71,7,7,10,0.2174,0.1571,0.35,0.0217,-0.0786,-0.07,0.0065,0.0,-0.142,-0.9696,-0.9712,0.8647,46
30,26,1672.0,Low*Medium*NoStarvation,10,Low*Medium*NoStarvation,15.71,7.71,7,7,4,0.1538,0.0771,0.35,0.0154,-0.0386,-0.07,0.0046,0.0,-0.104,-0.9371,-0.9382,0.8647,26
30,27,1768.0,Low*Medium*NoStarvation,45,Medium*Medium*NoStarvation,7.71,41.86,7,7,22,0.2292,0.4186,0.35,0.0229,-0.2093,-0.07,0.0069,0.0,-0.2724,-1.1059,-1.1069,0.8647,96
30,28,1794.0,Medium*Medium*NoStarvation,10,Low*Medium*NoStarvation,41.86,6.43,7,7,5,0.1923,0.0643,0.35,0.0192,-0.0321,-0.07,0.0058,0.0,-0.0964,-0.9376,-0.9379,0.8647,26
30,29,1890.0,Low*Medium*NoStarvation,45,Medium*Medium*NoStarvation,6.43,41.86,7,7,22,0.2292,0.4186,0.35,0.0229,-0.2093,-0.07,0.0069,0.0,-0.2724,-1.1069,-1.1079,0.8647,96
30,30,1916.0,Medium*Medium*NoStarvation,10,Low*Medium*NoStarvation,41.86,6.0,7,7,5,0.1923,0.06,0.35,0.0192,-0.03,-0.07,0.0058,0.0,-0.0942,-0.9379,-0.938,0.8647,26
30,31,2012.0,Low*Medium*NoStarvation,45,Medium*Medium*NoStarvation,6.0,40.43,7,7,23,0.2396,0.4043,0.35,0.024,-0.2021,-0.07,0.0072,0.0,-0.265,-1.1079,-1.108,0.8647,96
30,32,2038.0,Medium*Medium*NoStarvation,10,Low*Medium*NoStarvation,40.43,8.0,7,7,4,0.1538,0.08,0.35,0.0154,-0.04,-0.07,0.0046,0.0,-0.1054,-0.938,-0.9392,0.8647,26
30,33,2084.0,Low*Medium*NoStarvation,20,Low*Medium*NoStarvation,8.0,16.29,7,7,10,0.2174,0.1629,0.35,0.0217,-0.0814,-0.07,0.0065,0.0,-0.1449,-0.982,-0.9827,0.8647,46
30,34,2150.0,Low*Medium*NoStarvation,30,Medium*Medium*NoStarvation,16.29,25.57,7,7,15,0.2273,0.2557,0.35,0.0227,-0.1279,-0.07,0.0068,0.0,-0.191,-1.0237,-1.0249,0.8647,66
30,35,2246.0,Medium*Medium*NoStarvation,45,Medium*Medium*NoStarvation,25.57,40.86,7,7,23,0.2396,0.4086,0.35,0.024,-0.2043,-0.07,0.0072,0.0,-0.2671,-1.0974,-1.0989,0.8647,96
30,36,2292.0,Medium*Medium*NoStarvation,20,Low*Medium*NoStarvation,40.86,15.43,7,7,10,0.2174,0.1543,0.35,0.0217,-0.0771,-0.07,0.0065,0.0,-0.1406,-0.9712,-0.9726,0.8647,46
30,37,2358.0,Low*Medium*NoStarvation,30,Medium*Medium*NoStarvation,15.43,25.71,7,7,15,0.2273,0.2571,0.35,0.0227,-0.1286,-0.07,0.0068,0.0,-0.1918,-1.0249,-1.0261,0.8647,66
30,38,2424.0,Medium*Medium*NoStarvation,30,Medium*Medium*NoStarvation,25.71,28.43,7,7,14,0.2121,0.2843,0.35,0.0212,-0.1421,-0.07,0.0064,0.0,-0.2058,-1.0236,-1.0264,0.8647,66
30,39,2450.0,Medium*Medium*NoStarvation,10,Low*Medium*NoStarvation,28.43,5.43,7,6,5,0.1923,0.0543,0.3,0.0192,-0.0271,-0.06,0.0058,0.0,-0.0814,-0.9392,-0.9378,0.8647,26
30,40,2516.0,Low*Medium*NoStarvation,30,Medium*Medium*NoStarvation,5.43,27.14,6,7,15,0.2273,0.2714,0.35,0.0227,-0.1357,-0.07,0.0068,0.0,-0.1989,-1.0261,-1.0278,0.8647,66
30,41,2542.0,Medium*Medium*NoStarvation,10,Low*Medium*NoStarvation,27.14,7.86,7,7,4,0.1538,0.0786,0.35,0.0154,-0.0393,-0.07,0.0046,0.0,-0.1047,-0.9378,-0.9389,0.8647,26
30,42,2608.0,Low*Medium*NoStarvation,30,Medium*Medium*NoStarvation,7.86,26.14,7,7,15,0.2273,0.2614,0.35,0.0227,-0.1307,-0.07,0.0068,0.0,-0.1939,-1.0278,-1.0289,0.8647,66
30,43,2674.0,Medium*Medium*NoStarvation,30,Medium*Medium*NoStarvation,26.14,26.0,7,7,15,0.2273,0.26,0.35,0.0227,-0.13,-0.07,0.0068,0.0,-0.1932,-1.0264,-1.0275,0.8647,66
30,44,2770.0,Medium*Medium*NoStarvation,45,Medium*Medium*NoStarvation,26.0,42.71,7,7,22,0.2292,0.4271,0.35,0.0229,-0.2136,-0.07,0.0069,0.0,-0.2767,-1.0989,-1.1012,0.8647,96
30,45,2816.0,Medium*Medium*NoStarvation,20,Low*Medium*NoStarvation,42.71,15.43,7,7,10,0.2174,0.1543,0.35,0.0217,-0.0771,-0.07,0.0065,0.0,-0.1406,-0.9726,-0.9738,0.8647,46
30,46,2842.0,Low*Medium*NoStarvation,10,Low*Medium*NoStarvation,15.43,5.57,7,7,5,0.1923,0.0557,0.35,0.0192,-0.0279,-0.07,0.0058,0.0,-0.0921,-0.9382,-0.938,0.8647,26
30,47,2868.0,Low*Medium*NoStarvation,10,Low*Medium*NoStarvation,5.57,8.57,7,7,4,0.1538,0.0857,0.35,0.0154,-0.0429,-0.07,0.0046,0.0,-0.1082,-0.938,-0.9394,0.8647,26
30,48,2914.0,Low*Medium*NoStarvation,20,Low*Medium*NoStarvation,8.57,15.0,7,7,10,0.2174,0.15,0.35,0.0217,-0.075,-0.07,0.0065,0.0,-0.1385,-0.9827,-0.9828,0.8647,46
30,49,2960.0,Low*Medium*NoStarvation,20,Low*Medium*NoStarvation,15.0,16.57,7,7,10,0.2174,0.1657,0.35,0.0217,-0.0829,-0.07,0.0065,0.0,-0.1463,-0.9828,-0.9837,0.8647,46
30,50,3006.0,Low*Medium*NoStarvation,20,Low*Medium*NoStarvation,16.57,16.43,7,7,10,0.2174,0.1643,0.35,0.0217,-0.0821,-0.07,0.0065,0.0,-0.1456,-0.9837,-0.9845,0.8647,46
30,51,3102.0,Low*Medium*NoStarvation,45,Medium*Medium*NoStarvation,16.43,43.14,7,7,22,0.2292,0.4314,0.35,0.0229,-0.2157,-0.07,0.0069,0.0,-0.2788,-1.108,-1.1096,0.8647,96
30,52,3148.0,Medium*Medium*NoStarvation,20,Low*Medium*NoStarvation,43.14,16.29,7,7,10,0.2174,0.1629,0.35,0.0217,-0.0814,-0.07,0.0065,0.0,-0.1449,-0.9738,-0.9755,0.8647,46
30,53,3174.0,Low*Medium*NoStarvation,10,Low*Medium*NoStarvation,16.29,8.71,7,7,4,0.1538,0.0871,0.35,0.0154,-0.0436,-0.07,0.0046,0.0,-0.109,-0.9394,-0.9409,0.8647,26
30,54,3200.0,Low*Medium*NoStarvation,10,Low*Medium*NoStarvation,8.71,6.86,7,7,5,0.1923,0.0686,0.35,0.0192,-0.0343,-0.07,0.0058,0.0,-0.0985,-0.9409,-0.9414,0.8647,26
30,55,3266.0,Low*Medium*NoStarvation,30,Medium*Medium*NoStarvation,6.86,25.71,7,7,15,0.2273,0.2571,0.35,0.0227,-0.1286,-0.07,0.0068,0.0,-0.1918,-1.0289,-1.0297,0.8647,66
30,56,3292.0,Medium*Medium*NoStarvation,10,Low*Medium*NoStarvation,25.71,8.57,7,7,4,0.1538,0.0857,0.35,0.0154,-0.0429,-0.07,0.0046,0.0,-0.1082,-0.9389,-0.9406,0.8647,26
30,57,3318.0,Low*Medium*NoStarvation,10,Low*Medium*NoStarvation,8.57,7.29,7,7,5,0.1923,0.0729,0.35,0.0192,-0.0364,-0.07,0.0058,0.0,-0.1007,-0.9414,-0.942,0.8647,26
30,58,3344.0,Low*Medium*NoStarvation,10,Low*Medium*NoStarvation,7.29,6.57,7,7,5,0.1923,0.0657,0.35,0.0192,-0.0329,-0.07,0.0058,0.0,-0.0971,-0.942,-0.9423,0.8647,26
30,59,3440.0,Low*Medium*NoStarvation,45,Medium*Medium*NoStarvation,6.57,40.14,7,7,23,0.2396,0.4014,0.35,0.024,-0.2007,-0.07,0.0072,0.0,-0.2635,-1.1096,-1.1096,0.8647,96
30,60,3466.0,Medium*Medium*NoStarvation,10,Low*Medium*NoStarvation,40.14,8.29,7,7,4,0.1538,0.0829,0.35,0.0154,-0.0414,-0.07,0.0046,0.0,-0.1068,-0.9406,-0.942,0.8647,26
30,61,3492.0,Low*Medium*NoStarvation,10,Low*Medium*NoStarvation,8.29,6.43,7,7,5,0.1923,0.0643,0.35,0.0192,-0.0321,-0.07,0.0058,0.0,-0.0964,-0.9423,-0.9425,0.8647,26
30,62,3518.0,Low*Medium*NoStarvation,10,Low*Medium*NoStarvation,6.43,5.86,7,7,5,0.1923,0.0586,0.35,0.0192,-0.0293,-0.07,0.0058,0.0,-0.0935,-0.9425,-0.9425,0.8647,26
30,63,3614.0,Low*Medium*NoStarvation,45,Medium*Medium*NoStarvation,5.86,41.0,7,7,23,0.2396,0.41,0.35,0.024,-0.205,-0.07,0.0072,0.0,-0.2678,-1.1096,-1.1102,0.8647,96
31,0,96.0,Low*Low*NoStarvation,20,Low*Medium*NoStarvation,0.83,16.14,2,7,21,0.4565,0.1614,0.35,0.0457,-0.0807,-0.07,0.0137,0.0,-0.137,-0.3343,-0.3994,0.8604,46
31,1,162.0,Low*Medium*NoStarvation,30,Medium*Medium*NoStarvation,16.14,26.0,7,7,30,0.4545,0.26,0.35,0.0455,-0.13,-0.07,0.0136,0.0,-0.1864,-1.0297,-1.0302,0.8604,66
31,2,258.0,Medium*Medium*NoStarvation,45,Medium*Medium*NoStarvation,26.0,40.57,7,7,46,0.4792,0.4057,0.35,0.0479,-0.2029,-0.07,0.0144,0.0,-0.2585,-1.1012,-1.1017,0.8604,96
31,3,284.0,Medium*Medium*NoStarvation,10,Low*Medium*NoStarvation,40.57,5.14,7,7,9,0.3462,0.0514,0.35,0.0346,-0.0257,-0.07,0.0104,0.0,-0.0853,-0.942,-0.9412,0.8604,26
31,4,310.0,Low*Medium*NoStarvation,10,Low*Medium*NoStarvation,5.14,5.86,7,6,10,0.3846,0.0586,0.3,0.0385,-0.0293,-0.06,0.0115,0.0,-0.0777,-0.9425,-0.9408,0.8604,26
31,5,406.0,Low*Medium*NoStarvation,45,Medium*Medium*NoStarvation,5.86,40.0,6,7,45,0.4688,0.4,0.35,0.0469,-0.2,-0.07,0.0141,0.0,-0.2559,-1.1102,-1.1095,0.8604,96
31,6,432.0,Medium*Medium*NoStarvation,10,Low*Medium*NoStarvation,40.0,6.29,7,7,10,0.3846,0.0629,0.35,0.0385,-0.0314,-0.07,0.0115,0.0,-0.0899,-0.9412,-0.9407,0.8604,26
31,7,498.0,Low*Medium*NoStarvation,30,Medium*Medium*NoStarvation,6.29,24.86,7,7,30,0.4545,0.2486,0.35,0.0455,-0.1243,-0.07,0.0136,0.0,-0.1806,-1.0302,-1.0299,0.8604,66
31,8,594.0,Medium*Medium*NoStarvation,45,Medium*Medium*NoStarvation,24.86,43.57,7,7,45,0.4688,0.4357,0.35,0.0469,-0.2179,-0.07,0.0141,0.0,-0.2738,-1.1017,-1.1036,0.8604,96
31,9,690.0,Medium*Medium*NoStarvation,45,Medium*Medium*NoStarvation,43.57,43.71,7,7,45,0.4688,0.4371,0.35,0.0469,-0.2186,-0.07,0.0141,0.0,-0.2745,-1.1036,-1.1053,0.8604,96
31,10,736.0,Medium*Medium*NoStarvation,20,Low*Medium*NoStarvation,43.71,16.14,7,7,20,0.4348,0.1614,0.35,0.0435,-0.0807,-0.07,0.013,0.0,-0.1377,-0.9755,-0.9764,0.8604,46
31,11,762.0,Low*Medium*NoStarvation,10,Low*Medium*NoStarvation,16.14,6.14,7,7,10,0.3846,0.0614,0.35,0.0385,-0.0307,-0.07,0.0115,0.0,-0.0892,-0.9408,-0.9403,0.8604,26
31,12,788.0,Low*Medium*NoStarvation,10,Low*Medium*NoStarvation,6.14,7.14,7,7,9,0.3462,0.0714,0.35,0.0346,-0.0357,-0.07,0.0104,0.0,-0.0953,-0.9403,-0.9405,0.8604,26
31,13,884.0,Low*Medium*NoStarvation,45,Medium*Medium*NoStarvation,7.14,42.14,7,7,45,0.4688,0.4214,0.35,0.0469,-0.2107,-0.07,0.0141,0.0,-0.2667,-1.1095,-1.1099,0.8604,96
31,14,910.0,Medium*Medium*NoStarvation,10,Low*Medium*NoStarvation,42.14,8.39,7,8,8,0.3077,0.0839,0.4,0.0308,-0.042,-0.08,0.0092,0.0,-0.1127,-0.9407,-0.9426,0.8604,26
31,15,976.0,Low*Medium*NoStarvation,30,Medium*Medium*NoStarvation,8.39,27.0,8,7,30,0.4545,0.27,0.35,0.0455,-0.135,-0.07,0.0136,0.0,-0.1914,-1.0299,-1.0309,0.8604,66
31,16,1042.0,Medium*Medium*NoStarvation,30,Medium*Medium*NoStarvation,27.0,26.71,7,7,30,0.4545,0.2671,0.35,0.0455,-0.1336,-0.07,0.0136,0.0,-0.1899,-1.0275,-1.0286,0.8604,66
31,17,1108.0,Medium*Medium*NoStarvation,30,Medium*Medium*NoStarvation,26.71,26.14,7,7,30,0.4545,0.2614,0.35,0.0455,-0.1307,-0.07,0.0136,0.0,-0.1871,-1.0286,-1.0293,0.8604,66
31,18,1174.0,Medium*Medium*NoStarvation,30,Medium*Medium*NoStarvation,26.14,26.29,7,7,30,0.4545,0.2629,0.35,0.0455,-0.1314,-0.07,0.0136,0.0,-0.1878,-1.0293,-1.03,0.8604,66
31,19,1200.0,Medium*Medium*NoStarvation,10,Low*Medium*NoStarvation,26.29,9.36,7,8,9,0.3462,0.0936,0.4,0.0346,-0.0468,-0.08,0.0104,0.0,-0.1164,-0.9426,-0.9446,0.8604,26
31,20,1246.0,Low*Medium*NoStarvation,20,Low*Medium*NoStarvation,9.36,16.57,8,7,19,0.413,0.1657,0.35,0.0413,-0.0829,-0.07,0.0124,0.0,-0.1405,-0.9845,-0.9847,0.8604,46
31,21,1272.0,Low*Medium*NoStarvation,10,Low*Medium*NoStarvation,16.57,6.0,7,7,10,0.3846,0.06,0.35,0.0385,-0.03,-0.07,0.0115,0.0,-0.0885,-0.9405,-0.9399,0.8604,26
31,22,1298.0,Low*Medium*NoStarvation,10,Low*Medium*NoStarvation,6.0,8.57,7,7,9,0.3462,0.0857,0.35,0.0346,-0.0429,-0.07,0.0104,0.0,-0.1025,-0.9399,-0.9407,0.8604,26
31,23,1394.0,Low*Medium*NoStarvation,45,Medium*Medium*NoStarvation,8.57,39.29,7,7,45,0.4688,0.3929,0.35,0.0469,-0.1964,-0.07,0.0141,0.0,-0.2524,-1.1099,-1.1092,0.8604,96
31,24,1490.0,Medium*Medium*NoStarvation,45,Medium*Medium*NoStarvation,39.29,40.29,7,7,24,0.25,0.4029,0.35,0.025,-0.2014,-0.07,0.0075,0.0,-0.2639,-1.1053,-1.1062,0.8604,96
31,25,1536.0,Medium*Medium*NoStarvation,20,Low*Medium*NoStarvation,40.29,16.43,7,7,10,0.2174,0.1643,0.35,0.0217,-0.0821,-0.07,0.0065,0.0,-0.1456,-0.9764,-0.9779,0.8604,46
31,26,1602.0,Low*Medium*NoStarvation,30,Medium*Medium*NoStarvation,16.43,26.57,7,7,15,0.2273,0.2657,0.35,0.0227,-0.1329,-0.07,0.0068,0.0,-0.196,-1.0309,-1.0324,0.8604,66
31,27,1628.0,Medium*Medium*NoStarvation,10,Low*Medium*NoStarvation,26.57,8.43,7,7,4,0.1538,0.0843,0.35,0.0154,-0.0421,-0.07,0.0046,0.0,-0.1075,-0.9446,-0.9455,0.8604,26
31,28,1724.0,Low*Medium*NoStarvation,45,Medium*Medium*NoStarvation,8.43,41.71,7,7,22,0.2292,0.4171,0.35,0.0229,-0.2086,-0.07,0.0069,0.0,-0.2717,-1.1092,-1.1105,0.8604,96
31,29,1820.0,Medium*Medium*NoStarvation,45,Medium*Medium*NoStarvation,41.71,40.86,7,7,23,0.2396,0.4086,0.35,0.024,-0.2043,-0.07,0.0072,0.0,-0.2671,-1.1062,-1.1074,0.8604,96
31,30,1916.0,Medium*Medium*NoStarvation,45,Medium*Medium*NoStarvation,40.86,40.43,7,7,23,0.2396,0.4043,0.35,0.024,-0.2021,-0.07,0.0072,0.0,-0.265,-1.1074,-1.1082,0.8604,96
31,31,1942.0,Medium*Medium*NoStarvation,10,Low*Medium*NoStarvation,40.43,5.14,7,6,5,0.1923,0.0514,0.3,0.0192,-0.0257,-0.06,0.0058,0.0,-0.0799,-0.9455,-0.9437,0.8604,26
31,32,2038.0,Low*Medium*NoStarvation,45,Medium*Medium*NoStarvation,5.14,39.57,6,7,23,0.2396,0.3957,0.35,0.024,-0.1979,-0.07,0.0072,0.0,-0.2607,-1.1105,-1.1105,0.8604,96
31,33,2064.0,Medium*Medium*NoStarvation,10,Low*Medium*NoStarvation,39.57,5.29,7,6,5,0.1923,0.0529,0.3,0.0192,-0.0264,-0.06,0.0058,0.0,-0.0807,-0.9437,-0.942,0.8604,26
31,34,2090.0,Low*Medium*NoStarvation,10,Low*Medium*NoStarvation,5.29,7.0,6,7,5,0.1923,0.07,0.35,0.0192,-0.035,-0.07,0.0058,0.0,-0.0992,-0.9407,-0.9413,0.8604,26
31,35,2186.0,Low*Medium*NoStarvation,45,Medium*Medium*NoStarvation,7.0,41.86,7,7,22,0.2292,0.4186,0.35,0.0229,-0.2093,-0.07,0.0069,0.0,-0.2724,-1.1105,-1.1114,0.8604,96
31,36,2212.0,Medium*Medium*NoStarvation,10,Low*Medium*NoStarvation,41.86,5.57,7,7,5,0.1923,0.0557,0.35,0.0192,-0.0279,-0.07,0.0058,0.0,-0.0921,-0.942,-0.9417,0.8604,26
31,37,2258.0,Low*Medium*NoStarvation,20,Low*Medium*NoStarvation,5.57,15.71,7,7,10,0.2174,0.1571,0.35,0.0217,-0.0786,-0.07,0.0065,0.0,-0.142,-0.9847,-0.9852,0.8604,46
31,38,2304.0,Low*Medium*NoStarvation,20,Low*Medium*NoStarvation,15.71,16.71,7,7,10,0.2174,0.1671,0.35,0.0217,-0.0836,-0.07,0.0065,0.0,-0.147,-0.9852,-0.9861,0.8604,46
31,39,2330.0,Low*Medium*NoStarvation,10,Low*Medium*NoStarvation,16.71,7.86,7,7,4,0.1538,0.0786,0.35,0.0154,-0.0393,-0.07,0.0046,0.0,-0.1047,-0.9413,-0.9423,0.8604,26
31,40,2356.0,Low*Medium*NoStarvation,10,Low*Medium*NoStarvation,7.86,7.14,7,7,4,0.1538,0.0714,0.35,0.0154,-0.0357,-0.07,0.0046,0.0,-0.1011,-0.9423,-0.943,0.8604,26
31,41,2422.0,Low*Medium*NoStarvation,30,Medium*Medium*NoStarvation,7.14,26.43,7,7,15,0.2273,0.2643,0.35,0.0227,-0.1321,-0.07,0.0068,0.0,-0.1953,-1.0324,-1.0334,0.8604,66
31,42,2488.0,Medium*Medium*NoStarvation,30,Medium*Medium*NoStarvation,26.43,26.29,7,7,15,0.2273,0.2629,0.35,0.0227,-0.1314,-0.07,0.0068,0.0,-0.1946,-1.03,-1.0312,0.8604,66
31,43,2514.0,Medium*Medium*NoStarvation,10,Low*Medium*NoStarvation,26.29,6.86,7,7,5,0.1923,0.0686,0.35,0.0192,-0.0343,-0.07,0.0058,0.0,-0.0985,-0.9417,-0.9423,0.8604,26
31,44,2540.0,Low*Medium*NoStarvation,10,Low*Medium*NoStarvation,6.86,6.71,7,7,5,0.1923,0.0671,0.35,0.0192,-0.0336,-0.07,0.0058,0.0,-0.0978,-0.943,-0.9434,0.8604,26
31,45,2606.0,Low*Medium*NoStarvation,30,Medium*Medium*NoStarvation,6.71,27.86,7,7,15,0.2273,0.2786,0.35,0.0227,-0.1393,-0.07,0.0068,0.0,-0.2025,-1.0334,-1.0351,0.8604,66
31,46,2632.0,Medium*Medium*NoStarvation,10,Low*Medium*NoStarvation,27.86,6.43,7,7,5,0.1923,0.0643,0.35,0.0192,-0.0321,-0.07,0.0058,0.0,-0.0964,-0.9423,-0.9426,0.8604,26
31,47,2658.0,Low*Medium*NoStarvation,10,Low*Medium*NoStarvation,6.43,8.0,7,7,4,0.1538,0.08,0.35,0.0154,-0.04,-0.07,0.0046,0.0,-0.1054,-0.9434,-0.9445,0.8604,26
31,48,2684.0,Low*Medium*NoStarvation,10,Low*Medium*NoStarvation,8.0,5.71,7,7,5,0.1923,0.0571,0.35,0.0192,-0.0286,-0.07,0.0058,0.0,-0.0928,-0.9445,-0.9443,0.8604,26
31,49,2710.0,Low*Medium*NoStarvation,10,Low*Medium*NoStarvation,5.71,6.0,7,7,5,0.1923,0.06,0.35,0.0192,-0.03,-0.07,0.0058,0.0,-0.0942,-0.9443,-0.9443,0.8604,26
31,50,2806.0,Low*Medium*NoStarvation,45,Medium*Medium*NoStarvation,6.0,41.14,7,7,23,0.2396,0.4114,0.35,0.024,-0.2057,-0.07,0.0072,0.0,-0.2685,-1.1114,-1.112,0.8604,96
31,51,2852.0,Medium*Medium*NoStarvation,20,Low*Medium*NoStarvation,41.14,17.0,7,7,9,0.1957,0.17,0.35,0.0196,-0.085,-0.07,0.0059,0.0,-0.1491,-0.9779,-0.98,0.8604,46
31,52,2918.0,Low*Medium*NoStarvation,30,Medium*Medium*NoStarvation,17.0,25.14,7,7,15,0.2273,0.2514,0.35,0.0227,-0.1257,-0.07,0.0068,0.0,-0.1889,-1.0351,-1.0354,0.8604,66
31,53,2944.0,Medium*Medium*NoStarvation,10,Low*Medium*NoStarvation,25.14,6.43,7,7,5,0.1923,0.0643,0.35,0.0192,-0.0321,-0.07,0.0058,0.0,-0.0964,-0.9426,-0.943,0.8604,26
31,54,2970.0,Low*Medium*NoStarvation,10,Low*Medium*NoStarvation,6.43,6.71,7,7,5,0.1923,0.0671,0.35,0.0192,-0.0336,-0.07,0.0058,0.0,-0.0978,-0.9443,-0.9446,0.8604,26
31,55,3066.0,Low*Medium*NoStarvation,45,Medium*Medium*NoStarvation,6.71,41.57,7,7,23,0.2396,0.4157,0.35,0.024,-0.2079,-0.07,0.0072,0.0,-0.2707,-1.112,-1.1127,0.8604,96
31,56,3132.0,Medium*Medium*NoStarvation,30,Medium*Medium*NoStarvation,41.57,27.0,7,7,15,0.2273,0.27,0.35,0.0227,-0.135,-0.07,0.0068,0.0,-0.1982,-1.0312,-1.0328,0.8604,66
31,57,3228.0,Medium*Medium*NoStarvation,45,Medium*Medium*NoStarvation,27.0,42.57,7,7,22,0.2292,0.4257,0.35,0.0229,-0.2129,-0.07,0.0069,0.0,-0.276,-1.1082,-1.1099,0.8604,96
31,58,3254.0,Medium*Medium*NoStarvation,10,Low*Medium*NoStarvation,42.57,6.86,7,7,5,0.1923,0.0686,0.35,0.0192,-0.0343,-0.07,0.0058,0.0,-0.0985,-0.943,-0.9435,0.8604,26
31,59,3280.0,Low*Medium*NoStarvation,10,Low*Medium*NoStarvation,6.86,9.0,7,7,4,0.1538,0.09,0.35,0.0154,-0.045,-0.07,0.0046,0.0,-0.1104,-0.9446,-0.9462,0.8604,26
31,60,3306.0,Low*Medium*NoStarvation,10,Low*Medium*NoStarvation,9.0,6.57,7,7,5,0.1923,0.0657,0.35,0.0192,-0.0329,-0.07,0.0058,0.0,-0.0971,-0.9462,-0.9464,0.8604,26
31,61,3372.0,Low*Medium*NoStarvation,30,Medium*Medium*NoStarvation,6.57,25.43,7,7,15,0.2273,0.2543,0.35,0.0227,-0.1271,-0.07,0.0068,0.0,-0.1903,-1.0354,-1.0358,0.8604,66
31,62,3438.0,Medium*Medium*NoStarvation,30,Medium*Medium*NoStarvation,25.43,26.0,7,7,15,0.2273,0.26,0.35,0.0227,-0.13,-0.07,0.0068,0.0,-0.1932,-1.0328,-1.0337,0.8604,66
31,63,3504.0,Medium*Medium*NoStarvation,30,Medium*Medium*NoStarvation,26.0,27.29,7,7,14,0.2121,0.2729,0.35,0.0212,-0.1364,-0.07,0.0064,0.0,-0.2001,-1.0337,-1.0353,0.8604,66
31,64,3600.0,Medium*Medium*NoStarvation,45,Medium*Medium*NoStarvation,27.29,40.14,7,7,23,0.2396,0.4014,0.35,0.024,-0.2007,-0.07,0.0072,0.0,-0.2635,-1.1099,-1.1102,0.8604,96
32,0,146.0,Low*Low*NoStarvation,45,Medium*Medium*NoStarvation,0.83,40.71,2,7,47,0.4896,0.4071,0.35,0.049,-0.2036,-0.07,0.0147,0.0,-0.2589,-0.3946,-0.4659,0.8561,96
32,1,242.0,Medium*Medium*NoStarvation,45,Medium*Medium*NoStarvation,40.71,40.14,7,7,45,0.4688,0.4014,0.35,0.0469,-0.2007,-0.07,0.0141,0.0,-0.2567,-1.1102,-1.1097,0.8561,96
32,2,338.0,Medium*Medium*NoStarvation,45,Medium*Medium*NoStarvation,40.14,40.29,7,7,46,0.4792,0.4029,0.35,0.0479,-0.2014,-0.07,0.0144,0.0,-0.2571,-1.1097,-1.1094,0.8561,96
32,3,364.0,Medium*Medium*NoStarvation,10,Low*Medium*NoStarvation,40.29,7.57,7,7,8,0.3077,0.0757,0.35,0.0308,-0.0379,-0.07,0.0092,0.0,-0.0986,-0.9435,-0.9442,0.8561,26
32,4,430.0,Low*Medium*NoStarvation,30,Medium*Medium*NoStarvation,7.57,25.57,7,7,30,0.4545,0.2557,0.35,0.0455,-0.1279,-0.07,0.0136,0.0,-0.1842,-1.0358,-1.0356,0.8561,66
32,5,476.0,Medium*Medium*NoStarvation,20,Low*Medium*NoStarvation,25.57,16.71,7,7,20,0.4348,0.1671,0.35,0.0435,-0.0836,-0.07,0.013,0.0,-0.1405,-0.98,-0.9813,0.8561,46
32,6,572.0,Low*Medium*NoStarvation,45,Medium*Medium*NoStarvation,16.71,41.57,7,7,45,0.4688,0.4157,0.35,0.0469,-0.2079,-0.07,0.0141,0.0,-0.2638,-1.1127,-1.1128,0.8561,96
32,7,598.0,Medium*Medium*NoStarvation,10,Low*Medium*NoStarvation,41.57,6.25,7,8,9,0.3462,0.0625,0.4,0.0346,-0.0312,-0.08,0.0104,0.0,-0.1009,-0.9442,-0.9451,0.8561,26
32,8,694.0,Low*Medium*NoStarvation,45,Medium*Medium*NoStarvation,6.25,40.86,8,7,46,0.4792,0.4086,0.35,0.0479,-0.2043,-0.07,0.0144,0.0,-0.2599,-1.1128,-1.1126,0.8561,96
32,9,720.0,Medium*Medium*NoStarvation,10,Low*Medium*NoStarvation,40.86,6.14,7,7,10,0.3846,0.0614,0.35,0.0385,-0.0307,-0.07,0.0115,0.0,-0.0892,-0.9451,-0.9447,0.8561,26
32,10,746.0,Low*Medium*NoStarvation,10,Low*Medium*NoStarvation,6.14,9.54,7,8,8,0.3077,0.0954,0.4,0.0308,-0.0477,-0.08,0.0092,0.0,-0.1184,-0.9464,-0.9488,0.8561,26
32,11,772.0,Low*Medium*NoStarvation,10,Low*Medium*NoStarvation,9.54,6.71,8,7,10,0.3846,0.0671,0.35,0.0385,-0.0336,-0.07,0.0115,0.0,-0.092,-0.9488,-0.9485,0.8561,26
32,12,818.0,Low*Medium*NoStarvation,20,Low*Medium*NoStarvation,6.71,15.29,7,7,19,0.413,0.1529,0.35,0.0413,-0.0764,-0.07,0.0124,0.0,-0.134,-0.9861,-0.9862,0.8561,46
32,13,884.0,Low*Medium*NoStarvation,30,Medium*Medium*NoStarvation,15.29,27.0,7,7,29,0.4394,0.27,0.35,0.0439,-0.135,-0.07,0.0132,0.0,-0.1918,-1.0356,-1.0362,0.8561,66
32,14,910.0,Medium*Medium*NoStarvation,10,Low*Medium*NoStarvation,27.0,6.43,7,7,9,0.3462,0.0643,0.35,0.0346,-0.0321,-0.07,0.0104,0.0,-0.0918,-0.9447,-0.9447,0.8561,26
32,15,936.0,Low*Medium*NoStarvation,10,Low*Medium*NoStarvation,6.43,8.14,7,7,9,0.3462,0.0814,0.35,0.0346,-0.0407,-0.07,0.0104,0.0,-0.1003,-0.9485,-0.9491,0.8561,26
32,16,982.0,Low*Medium*NoStarvation,20,Low*Medium*NoStarvation,8.14,15.29,7,7,20,0.4348,0.1529,0.35,0.0435,-0.0764,-0.07,0.013,0.0,-0.1334,-0.9862,-0.9864,0.8561,46
32,17,1048.0,Low*Medium*NoStarvation,30,Medium*Medium*NoStarvation,15.29,26.29,7,7,31,0.4697,0.2629,0.35,0.047,-0.1314,-0.07,0.0141,0.0,-0.1873,-1.0362,-1.0364,0.8561,66
32,18,1144.0,Medium*Medium*NoStarvation,45,Medium*Medium*NoStarvation,26.29,41.71,7,7,46,0.4792,0.4171,0.35,0.0479,-0.2086,-0.07,0.0144,0.0,-0.2642,-1.1094,-1.1099,0.8561,96
32,19,1190.0,Medium*Medium*NoStarvation,20,Low*Medium*NoStarvation,41.71,17.14,7,7,20,0.4348,0.1714,0.35,0.0435,-0.0857,-0.07,0.013,0.0,-0.1427,-0.9813,-0.9828,0.8561,46
32,20,1236.0,Low*Medium*NoStarvation,20,Low*Medium*NoStarvation,17.14,16.14,7,7,20,0.4348,0.1614,0.35,0.0435,-0.0807,-0.07,0.013,0.0,-0.1377,-0.9864,-0.9869,0.8561,46
32,21,1302.0,Low*Medium*NoStarvation,30,Medium*Medium*NoStarvation,16.14,25.86,7,7,30,0.4545,0.2586,0.35,0.0455,-0.1293,-0.07,0.0136,0.0,-0.1856,-1.0364,-1.0363,0.8561,66
32,22,1348.0,Medium*Medium*NoStarvation,20,Low*Medium*NoStarvation,25.86,15.86,7,7,20,0.4348,0.1586,0.35,0.0435,-0.0793,-0.07,0.013,0.0,-0.1362,-0.9828,-0.9836,0.8561,46
32,23,1444.0,Low*Medium*NoStarvation,45,Medium*Medium*NoStarvation,15.86,41.43,7,7,33,0.3438,0.4143,0.35,0.0344,-0.2071,-0.07,0.0103,0.0,-0.2668,-1.1126,-1.113,0.8561,96
32,24,1510.0,Medium*Medium*NoStarvation,30,Medium*Medium*NoStarvation,41.43,24.86,7,7,15,0.2273,0.2486,0.35,0.0227,-0.1243,-0.07,0.0068,0.0,-0.1875,-1.0353,-1.0355,0.8561,66
32,25,1556.0,Medium*Medium*NoStarvation,20,Low*Medium*NoStarvation,24.86,17.29,7,7,10,0.2174,0.1729,0.35,0.0217,-0.0864,-0.07,0.0065,0.0,-0.1499,-0.9836,-0.9856,0.8561,46
32,26,1652.0,Low*Medium*NoStarvation,45,Medium*Medium*NoStarvation,17.29,40.14,7,7,23,0.2396,0.4014,0.35,0.024,-0.2007,-0.07,0.0072,0.0,-0.2635,-1.113,-1.1131,0.8561,96
32,27,1678.0,Medium*Medium*NoStarvation,10,Low*Medium*NoStarvation,40.14,6.57,7,7,4,0.1538,0.0657,0.35,0.0154,-0.0329,-0.07,0.0046,0.0,-0.0982,-0.9447,-0.9455,0.8561,26
32,28,1724.0,Low*Medium*NoStarvation,20,Low*Medium*NoStarvation,6.57,15.57,7,7,10,0.2174,0.1557,0.35,0.0217,-0.0779,-0.07,0.0065,0.0,-0.1413,-0.9869,-0.9878,0.8561,46
32,29,1820.0,Low*Medium*NoStarvation,45,Medium*Medium*NoStarvation,15.57,42.29,7,7,22,0.2292,0.4229,0.35,0.0229,-0.2114,-0.07,0.0069,0.0,-0.2746,-1.1131,-1.1143,0.8561,96
32,30,1916.0,Medium*Medium*NoStarvation,45,Medium*Medium*NoStarvation,42.29,40.71,7,7,22,0.2292,0.4071,0.35,0.0229,-0.2036,-0.07,0.0069,0.0,-0.2667,-1.1099,-1.1107,0.8561,96
32,31,1942.0,Medium*Medium*NoStarvation,10,Low*Medium*NoStarvation,40.71,9.14,7,7,4,0.1538,0.0914,0.35,0.0154,-0.0457,-0.07,0.0046,0.0,-0.1111,-0.9455,-0.9475,0.8561,26
32,32,1968.0,Low*Medium*NoStarvation,10,Low*Medium*NoStarvation,9.14,5.57,7,7,5,0.1923,0.0557,0.35,0.0192,-0.0279,-0.07,0.0058,0.0,-0.0921,-0.9491,-0.9488,0.8561,26
32,33,1994.0,Low*Medium*NoStarvation,10,Low*Medium*NoStarvation,5.57,8.29,7,7,4,0.1538,0.0829,0.35,0.0154,-0.0414,-0.07,0.0046,0.0,-0.1068,-0.9488,-0.95,0.8561,26
32,34,2060.0,Low*Medium*NoStarvation,30,Medium*Medium*NoStarvation,8.29,25.0,7,7,16,0.2424,0.25,0.35,0.0242,-0.125,-0.07,0.0073,0.0,-0.1877,-1.0363,-1.0367,0.8561,66
32,35,2086.0,Medium*Medium*NoStarvation,10,Low*Medium*NoStarvation,25.0,7.0,7,7,5,0.1923,0.07,0.35,0.0192,-0.035,-0.07,0.0058,0.0,-0.0992,-0.9475,-0.9482,0.8561,26
32,36,2112.0,Low*Medium*NoStarvation,10,Low*Medium*NoStarvation,7.0,5.43,7,7,5,0.1923,0.0543,0.35,0.0192,-0.0271,-0.07,0.0058,0.0,-0.0914,-0.95,-0.9496,0.8561,26
32,37,2138.0,Low*Medium*NoStarvation,10,Low*Medium*NoStarvation,5.43,6.71,7,7,5,0.1923,0.0671,0.35,0.0192,-0.0336,-0.07,0.0058,0.0,-0.0978,-0.9496,-0.9499,0.8561,26
32,38,2204.0,Low*Medium*NoStarvation,30,Medium*Medium*NoStarvation,6.71,26.0,7,7,15,0.2273,0.26,0.35,0.0227,-0.13,-0.07,0.0068,0.0,-0.1932,-1.0367,-1.0377,0.8561,66
32,39,2270.0,Medium*Medium*NoStarvation,30,Medium*Medium*NoStarvation,26.0,27.14,7,7,15,0.2273,0.2714,0.35,0.0227,-0.1357,-0.07,0.0068,0.0,-0.1989,-1.0355,-1.0372,0.8561,66
32,40,2296.0,Medium*Medium*NoStarvation,10,Low*Medium*NoStarvation,27.14,6.29,7,7,5,0.1923,0.0629,0.35,0.0192,-0.0314,-0.07,0.0058,0.0,-0.0957,-0.9482,-0.9484,0.8561,26
32,41,2342.0,Low*Medium*NoStarvation,20,Low*Medium*NoStarvation,6.29,15.71,7,7,10,0.2174,0.1571,0.35,0.0217,-0.0786,-0.07,0.0065,0.0,-0.142,-0.9878,-0.9887,0.8561,46
32,42,2408.0,Low*Medium*NoStarvation,30,Medium*Medium*NoStarvation,15.71,26.29,7,7,15,0.2273,0.2629,0.35,0.0227,-0.1314,-0.07,0.0068,0.0,-0.1946,-1.0377,-1.0388,0.8561,66
32,43,2434.0,Medium*Medium*NoStarvation,10,Low*Medium*NoStarvation,26.29,6.14,7,7,5,0.1923,0.0614,0.35,0.0192,-0.0307,-0.07,0.0058,0.0,-0.0949,-0.9484,-0.9485,0.8561,26
32,44,2530.0,Low*Medium*NoStarvation,45,Medium*Medium*NoStarvation,6.14,40.29,7,7,23,0.2396,0.4029,0.35,0.024,-0.2014,-0.07,0.0072,0.0,-0.2642,-1.1143,-1.1147,0.8561,96
32,45,2626.0,Medium*Medium*NoStarvation,45,Medium*Medium*NoStarvation,40.29,42.14,7,7,22,0.2292,0.4214,0.35,0.0229,-0.2107,-0.07,0.0069,0.0,-0.2738,-1.1107,-1.1124,0.8561,96
32,46,2652.0,Medium*Medium*NoStarvation,10,Low*Medium*NoStarvation,42.14,6.57,7,7,5,0.1923,0.0657,0.35,0.0192,-0.0329,-0.07,0.0058,0.0,-0.0971,-0.9485,-0.9489,0.8561,26
32,47,2678.0,Low*Medium*NoStarvation,10,Low*Medium*NoStarvation,6.57,7.57,7,7,4,0.1538,0.0757,0.35,0.0154,-0.0379,-0.07,0.0046,0.0,-0.1032,-0.9499,-0.9507,0.8561,26
32,48,2774.0,Low*Medium*NoStarvation,45,Medium*Medium*NoStarvation,7.57,42.0,7,7,22,0.2292,0.42,0.35,0.0229,-0.21,-0.07,0.0069,0.0,-0.2731,-1.1147,-1.1159,0.8561,96
32,49,2820.0,Medium*Medium*NoStarvation,20,Low*Medium*NoStarvation,42.0,14.86,7,7,10,0.2174,0.1486,0.35,0.0217,-0.0743,-0.07,0.0065,0.0,-0.1378,-0.9856,-0.9864,0.8561,46
32,50,2846.0,Low*Medium*NoStarvation,10,Low*Medium*NoStarvation,14.86,5.86,7,7,5,0.1923,0.0586,0.35,0.0192,-0.0293,-0.07,0.0058,0.0,-0.0935,-0.9507,-0.9506,0.8561,26
32,51,2892.0,Low*Medium*NoStarvation,20,Low*Medium*NoStarvation,5.86,15.43,7,7,10,0.2174,0.1543,0.35,0.0217,-0.0771,-0.07,0.0065,0.0,-0.1406,-0.9887,-0.9894,0.8561,46
32,52,2918.0,Low*Medium*NoStarvation,10,Low*Medium*NoStarvation,15.43,6.29,7,7,5,0.1923,0.0629,0.35,0.0192,-0.0314,-0.07,0.0058,0.0,-0.0957,-0.9506,-0.9507,0.8561,26
32,53,2944.0,Low*Medium*NoStarvation,10,Low*Medium*NoStarvation,6.29,5.71,7,7,5,0.1923,0.0571,0.35,0.0192,-0.0286,-0.07,0.0058,0.0,-0.0928,-0.9507,-0.9504,0.8561,26
32,54,3010.0,Low*Medium*NoStarvation,30,Medium*Medium*NoStarvation,5.71,26.71,7,7,15,0.2273,0.2671,0.35,0.0227,-0.1336,-0.07,0.0068,0.0,-0.1968,-1.0388,-1.04,0.8561,66
32,55,3056.0,Medium*Medium*NoStarvation,20,Low*Medium*NoStarvation,26.71,16.43,7,7,10,0.2174,0.1643,0.35,0.0217,-0.0821,-0.07,0.0065,0.0,-0.1456,-0.9864,-0.9879,0.8561,46
32,56,3082.0,Low*Medium*NoStarvation,10,Low*Medium*NoStarvation,16.43,5.57,7,6,5,0.1923,0.0557,0.3,0.0192,-0.0279,-0.06,0.0058,0.0,-0.0821,-0.9504,-0.9491,0.8561,26
32,57,3108.0,Low*Medium*NoStarvation,10,Low*Medium*NoStarvation,5.57,6.57,6,7,5,0.1923,0.0657,0.35,0.0192,-0.0329,-0.07,0.0058,0.0,-0.0971,-0.9491,-0.9493,0.8561,26
32,58,3134.0,Low*Medium*NoStarvation,10,Low*Medium*NoStarvation,6.57,6.71,7,7,5,0.1923,0.0671,0.35,0.0192,-0.0336,-0.07,0.0058,0.0,-0.0978,-0.9493,-0.9496,0.8561,26
32,59,3230.0,Low*Medium*NoStarvation,45,Medium*Medium*NoStarvation,6.71,40.29,7,7,23,0.2396,0.4029,0.35,0.024,-0.2014,-0.07,0.0072,0.0,-0.2642,-1.1159,-1.1162,0.8561,96
32,60,3256.0,Medium*Medium*NoStarvation,10,Low*Medium*NoStarvation,40.29,6.29,7,7,5,0.1923,0.0629,0.35,0.0192,-0.0314,-0.07,0.0058,0.0,-0.0957,-0.9489,-0.949,0.8561,26
32,61,3302.0,Low*Medium*NoStarvation,20,Low*Medium*NoStarvation,6.29,15.57,7,7,10,0.2174,0.1557,0.35,0.0217,-0.0779,-0.07,0.0065,0.0,-0.1413,-0.9894,-0.9901,0.8561,46
32,62,3368.0,Low*Medium*NoStarvation,30,Medium*Medium*NoStarvation,15.57,28.29,7,7,14,0.2121,0.2829,0.35,0.0212,-0.1414,-0.07,0.0064,0.0,-0.2051,-1.04,-1.0419,0.8561,66
32,63,3464.0,Medium*Medium*NoStarvation,45,Medium*Medium*NoStarvation,28.29,40.86,7,7,23,0.2396,0.4086,0.35,0.024,-0.2043,-0.07,0.0072,0.0,-0.2671,-1.1124,-1.1132,0.8561,96
32,64,3490.0,Medium*Medium*NoStarvation,10,Low*Medium*NoStarvation,40.86,6.71,7,7,5,0.1923,0.0671,0.35,0.0192,-0.0336,-0.07,0.0058,0.0,-0.0978,-0.949,-0.9494,0.8561,26
32,65,3586.0,Low*Medium*NoStarvation,45,Medium*Medium*NoStarvation,6.71,41.14,7,7,22,0.2292,0.4114,0.35,0.0229,-0.2057,-0.07,0.0069,0.0,-0.2688,-1.1162,-1.1169,0.8561,96
32,66,3612.0,Medium*Medium*NoStarvation,10,Low*Medium*NoStarvation,41.14,6.43,7,7,5,0.1923,0.0643,0.35,0.0192,-0.0321,-0.07,0.0058,0.0,-0.0964,-0.9494,-0.9495,0.8561,26
33,0,76.0,Low*Low*NoStarvation,10,Low*Medium*NoStarvation,0.83,6.71,2,7,11,0.4231,0.0671,0.35,0.0423,-0.0336,-0.07,0.0127,0.0,-0.0909,-0.417,-0.4699,0.8518,26
33,1,142.0,Low*Medium*NoStarvation,30,Medium*Medium*NoStarvation,6.71,26.14,7,7,30,0.4545,0.2614,0.35,0.0455,-0.1307,-0.07,0.0136,0.0,-0.1871,-1.0419,-1.0419,0.8518,66
33,2,188.0,Medium*Medium*NoStarvation,20,Low*Medium*NoStarvation,26.14,16.29,7,7,20,0.4348,0.1629,0.35,0.0435,-0.0814,-0.07,0.013,0.0,-0.1384,-0.9879,-0.9884,0.8518,46
33,3,214.0,Low*Medium*NoStarvation,10,Low*Medium*NoStarvation,16.29,7.86,7,7,9,0.3462,0.0786,0.35,0.0346,-0.0393,-0.07,0.0104,0.0,-0.0989,-0.9496,-0.95,0.8518,26
33,4,280.0,Low*Medium*NoStarvation,30,Medium*Medium*NoStarvation,7.86,26.0,7,7,30,0.4545,0.26,0.35,0.0455,-0.13,-0.07,0.0136,0.0,-0.1864,-1.0419,-1.0418,0.8518,66
33,5,306.0,Medium*Medium*NoStarvation,10,Low*Medium*NoStarvation,26.0,6.43,7,7,10,0.3846,0.0643,0.35,0.0385,-0.0321,-0.07,0.0115,0.0,-0.0906,-0.9495,-0.9492,0.8518,26
33,6,352.0,Low*Medium*NoStarvation,20,Low*Medium*NoStarvation,6.43,15.57,7,7,20,0.4348,0.1557,0.35,0.0435,-0.0779,-0.07,0.013,0.0,-0.1348,-0.9901,-0.9901,0.8518,46
33,7,448.0,Low*Medium*NoStarvation,45,Medium*Medium*NoStarvation,15.57,39.43,7,7,46,0.4792,0.3943,0.35,0.0479,-0.1971,-0.07,0.0144,0.0,-0.2528,-1.1169,-1.1159,0.8518,96
33,8,514.0,Medium*Medium*NoStarvation,30,Medium*Medium*NoStarvation,39.43,25.57,7,7,30,0.4545,0.2557,0.35,0.0455,-0.1279,-0.07,0.0136,0.0,-0.1842,-1.0372,-1.0373,0.8518,66
33,9,580.0,Medium*Medium*NoStarvation,30,Medium*Medium*NoStarvation,25.57,26.14,7,7,30,0.4545,0.2614,0.35,0.0455,-0.1307,-0.07,0.0136,0.0,-0.1871,-1.0373,-1.0377,0.8518,66
33,10,606.0,Medium*Medium*NoStarvation,10,Low*Medium*NoStarvation,26.14,8.14,7,7,9,0.3462,0.0814,0.35,0.0346,-0.0407,-0.07,0.0104,0.0,-0.1003,-0.9492,-0.9498,0.8518,26
33,11,632.0,Low*Medium*NoStarvation,10,Low*Medium*NoStarvation,8.14,8.25,7,8,9,0.3462,0.0825,0.4,0.0346,-0.0413,-0.08,0.0104,0.0,-0.1109,-0.95,-0.9516,0.8518,26
33,12,658.0,Low*Medium*NoStarvation,10,Low*Medium*NoStarvation,8.25,7.86,8,7,8,0.3077,0.0786,0.35,0.0308,-0.0393,-0.07,0.0092,0.0,-0.1001,-0.9516,-0.9521,0.8518,26
33,13,754.0,Low*Medium*NoStarvation,45,Medium*Medium*NoStarvation,7.86,39.43,7,7,46,0.4792,0.3943,0.35,0.0479,-0.1971,-0.07,0.0144,0.0,-0.2528,-1.1159,-1.1151,0.8518,96
33,14,850.0,Medium*Medium*NoStarvation,45,Medium*Medium*NoStarvation,39.43,41.14,7,7,43,0.4479,0.4114,0.35,0.0448,-0.2057,-0.07,0.0134,0.0,-0.2623,-1.1132,-1.1136,0.8518,96
33,15,896.0,Medium*Medium*NoStarvation,20,Low*Medium*NoStarvation,41.14,16.29,7,7,21,0.4565,0.1629,0.35,0.0457,-0.0814,-0.07,0.0137,0.0,-0.1377,-0.9884,-0.989,0.8518,46
33,16,962.0,Low*Medium*NoStarvation,30,Medium*Medium*NoStarvation,16.29,26.57,7,7,30,0.4545,0.2657,0.35,0.0455,-0.1329,-0.07,0.0136,0.0,-0.1892,-1.0418,-1.042,0.8518,66
33,17,1008.0,Medium*Medium*NoStarvation,20,Low*Medium*NoStarvation,26.57,16.82,7,8,19,0.413,0.1682,0.4,0.0413,-0.0841,-0.08,0.0124,0.0,-0.1517,-0.989,-0.991,0.8518,46
33,18,1074.0,Low*Medium*NoStarvation,30,Medium*Medium*NoStarvation,16.82,25.86,8,7,30,0.4545,0.2586,0.35,0.0455,-0.1293,-0.07,0.0136,0.0,-0.1856,-1.042,-1.0418,0.8518,66
33,19,1170.0,Medium*Medium*NoStarvation,45,Medium*Medium*NoStarvation,25.86,42.0,7,7,45,0.4688,0.42,0.35,0.0469,-0.21,-0.07,0.0141,0.0,-0.2659,-1.1136,-1.1143,0.8518,96
33,20,1216.0,Medium*Medium*NoStarvation,20,Low*Medium*NoStarvation,42.0,16.71,7,7,20,0.4348,0.1671,0.35,0.0435,-0.0836,-0.07,0.013,0.0,-0.1405,-0.991,-0.9916,0.8518,46
33,21,1312.0,Low*Medium*NoStarvation,45,Medium*Medium*NoStarvation,16.71,39.86,7,7,46,0.4792,0.3986,0.35,0.0479,-0.1993,-0.07,0.0144,0.0,-0.2549,-1.1151,-1.1145,0.8518,96
33,22,1408.0,Medium*Medium*NoStarvation,45,Medium*Medium*NoStarvation,39.86,40.14,7,7,40,0.4167,0.4014,0.35,0.0417,-0.2007,-0.07,0.0125,0.0,-0.2582,-1.1143,-1.1142,0.8518,96
33,23,1434.0,Medium*Medium*NoStarvation,10,Low*Medium*NoStarvation,40.14,6.29,7,7,5,0.1923,0.0629,0.35,0.0192,-0.0314,-0.07,0.0058,0.0,-0.0957,-0.9498,-0.9501,0.8518,26
33,24,1480.0,Low*Medium*NoStarvation,20,Low*Medium*NoStarvation,6.29,16.43,7,7,10,0.2174,0.1643,0.35,0.0217,-0.0821,-0.07,0.0065,0.0,-0.1456,-0.9901,-0.9913,0.8518,46
33,25,1506.0,Low*Medium*NoStarvation,10,Low*Medium*NoStarvation,16.43,8.86,7,7,4,0.1538,0.0886,0.35,0.0154,-0.0443,-0.07,0.0046,0.0,-0.1097,-0.9521,-0.9536,0.8518,26
33,26,1572.0,Low*Medium*NoStarvation,30,Medium*Medium*NoStarvation,8.86,26.14,7,7,16,0.2424,0.2614,0.35,0.0242,-0.1307,-0.07,0.0073,0.0,-0.1934,-1.0418,-1.0425,0.8518,66
33,27,1598.0,Medium*Medium*NoStarvation,10,Low*Medium*NoStarvation,26.14,6.43,7,7,5,0.1923,0.0643,0.35,0.0192,-0.0321,-0.07,0.0058,0.0,-0.0964,-0.9501,-0.9505,0.8518,26
33,28,1624.0,Low*Medium*NoStarvation,10,Low*Medium*NoStarvation,6.43,7.86,7,7,4,0.1538,0.0786,0.35,0.0154,-0.0393,-0.07,0.0046,0.0,-0.1047,-0.9536,-0.9545,0.8518,26
33,29,1720.0,Low*Medium*NoStarvation,45,Medium*Medium*NoStarvation,7.86,40.43,7,7,22,0.2292,0.4043,0.35,0.0229,-0.2021,-0.07,0.0069,0.0,-0.2653,-1.1145,-1.1151,0.8518,96
33,30,1786.0,Medium*Medium*NoStarvation,30,Medium*Medium*NoStarvation,40.43,25.86,7,7,15,0.2273,0.2586,0.35,0.0227,-0.1293,-0.07,0.0068,0.0,-0.1925,-1.0377,-1.0387,0.8518,66
33,31,1812.0,Medium*Medium*NoStarvation,10,Low*Medium*NoStarvation,25.86,7.71,7,7,4,0.1538,0.0771,0.35,0.0154,-0.0386,-0.07,0.0046,0.0,-0.104,-0.9505,-0.9518,0.8518,26
33,32,1858.0,Low*Medium*NoStarvation,20,Low*Medium*NoStarvation,7.71,16.71,7,7,10,0.2174,0.1671,0.35,0.0217,-0.0836,-0.07,0.0065,0.0,-0.147,-0.9913,-0.9928,0.8518,46
33,33,1954.0,Low*Medium*NoStarvation,45,Medium*Medium*NoStarvation,16.71,40.43,7,7,23,0.2396,0.4043,0.35,0.024,-0.2021,-0.07,0.0072,0.0,-0.265,-1.1151,-1.1158,0.8518,96
33,34,1980.0,Medium*Medium*NoStarvation,10,Low*Medium*NoStarvation,40.43,6.0,7,7,5,0.1923,0.06,0.35,0.0192,-0.03,-0.07,0.0058,0.0,-0.0942,-0.9518,-0.9519,0.8518,26
33,35,2046.0,Low*Medium*NoStarvation,30,Medium*Medium*NoStarvation,6.0,25.71,7,7,16,0.2424,0.2571,0.35,0.0242,-0.1286,-0.07,0.0073,0.0,-0.1913,-1.0425,-1.0431,0.8518,66
33,36,2072.0,Medium*Medium*NoStarvation,10,Low*Medium*NoStarvation,25.71,8.43,7,7,4,0.1538,0.0843,0.35,0.0154,-0.0421,-0.07,0.0046,0.0,-0.1075,-0.9519,-0.9534,0.8518,26
33,37,2138.0,Low*Medium*NoStarvation,30,Medium*Medium*NoStarvation,8.43,26.14,7,7,15,0.2273,0.2614,0.35,0.0227,-0.1307,-0.07,0.0068,0.0,-0.1939,-1.0431,-1.0439,0.8518,66
33,38,2164.0,Medium*Medium*NoStarvation,10,Low*Medium*NoStarvation,26.14,6.71,7,7,4,0.1538,0.0671,0.35,0.0154,-0.0336,-0.07,0.0046,0.0,-0.099,-0.9534,-0.9538,0.8518,26
33,39,2230.0,Low*Medium*NoStarvation,30,Medium*Medium*NoStarvation,6.71,26.71,7,7,15,0.2273,0.2671,0.35,0.0227,-0.1336,-0.07,0.0068,0.0,-0.1968,-1.0439,-1.0451,0.8518,66
33,40,2276.0,Medium*Medium*NoStarvation,20,Low*Medium*NoStarvation,26.71,16.43,7,7,10,0.2174,0.1643,0.35,0.0217,-0.0821,-0.07,0.0065,0.0,-0.1456,-0.9916,-0.9929,0.8518,46
33,41,2372.0,Low*Medium*NoStarvation,45,Medium*Medium*NoStarvation,16.43,39.71,7,7,23,0.2396,0.3971,0.35,0.024,-0.1986,-0.07,0.0072,0.0,-0.2614,-1.1158,-1.1162,0.8518,96
33,42,2468.0,Medium*Medium*NoStarvation,45,Medium*Medium*NoStarvation,39.71,40.29,7,7,23,0.2396,0.4029,0.35,0.024,-0.2014,-0.07,0.0072,0.0,-0.2642,-1.1142,-1.1151,0.8518,96
33,43,2534.0,Medium*Medium*NoStarvation,30,Medium*Medium*NoStarvation,40.29,25.71,7,7,15,0.2273,0.2571,0.35,0.0227,-0.1286,-0.07,0.0068,0.0,-0.1918,-1.0387,-1.0399,0.8518,66
33,44,2580.0,Medium*Medium*NoStarvation,20,Low*Medium*NoStarvation,25.71,15.86,7,7,10,0.2174,0.1586,0.35,0.0217,-0.0793,-0.07,0.0065,0.0,-0.1428,-0.9929,-0.9938,0.8518,46
33,45,2646.0,Low*Medium*NoStarvation,30,Medium*Medium*NoStarvation,15.86,26.71,7,7,15,0.2273,0.2671,0.35,0.0227,-0.1336,-0.07,0.0068,0.0,-0.1968,-1.0451,-1.0461,0.8518,66
33,46,2672.0,Medium*Medium*NoStarvation,10,Low*Medium*NoStarvation,26.71,7.86,7,7,4,0.1538,0.0786,0.35,0.0154,-0.0393,-0.07,0.0046,0.0,-0.1047,-0.9538,-0.9548,0.8518,26
33,47,2718.0,Low*Medium*NoStarvation,20,Low*Medium*NoStarvation,7.86,16.0,7,7,10,0.2174,0.16,0.35,0.0217,-0.08,-0.07,0.0065,0.0,-0.1435,-0.9928,-0.9938,0.8518,46
33,48,2784.0,Low*Medium*NoStarvation,30,Medium*Medium*NoStarvation,16.0,26.43,7,7,15,0.2273,0.2643,0.35,0.0227,-0.1321,-0.07,0.0068,0.0,-0.1953,-1.0461,-1.0469,0.8518,66
33,49,2880.0,Medium*Medium*NoStarvation,45,Medium*Medium*NoStarvation,26.43,40.43,7,7,22,0.2292,0.4043,0.35,0.0229,-0.2021,-0.07,0.0069,0.0,-0.2653,-1.1151,-1.116,0.8518,96
33,50,2926.0,Medium*Medium*NoStarvation,20,Low*Medium*NoStarvation,40.43,16.57,7,7,10,0.2174,0.1657,0.35,0.0217,-0.0829,-0.07,0.0065,0.0,-0.1463,-0.9938,-0.995,0.8518,46
33,51,2992.0,Low*Medium*NoStarvation,30,Medium*Medium*NoStarvation,16.57,27.14,7,7,15,0.2273,0.2714,0.35,0.0227,-0.1357,-0.07,0.0068,0.0,-0.1989,-1.0469,-1.0481,0.8518,66
33,52,3058.0,Medium*Medium*NoStarvation,30,Medium*Medium*NoStarvation,27.14,25.43,7,7,15,0.2273,0.2543,0.35,0.0227,-0.1271,-0.07,0.0068,0.0,-0.1903,-1.0399,-1.0409,0.8518,66
33,53,3104.0,Medium*Medium*NoStarvation,20,Low*Medium*NoStarvation,25.43,15.86,7,7,10,0.2174,0.1586,0.35,0.0217,-0.0793,-0.07,0.0065,0.0,-0.1428,-0.995,-0.9957,0.8518,46
33,54,3200.0,Low*Medium*NoStarvation,45,Medium*Medium*NoStarvation,15.86,42.43,7,7,22,0.2292,0.4243,0.35,0.0229,-0.2121,-0.07,0.0069,0.0,-0.2753,-1.1162,-1.118,0.8518,96
33,55,3296.0,Medium*Medium*NoStarvation,45,Medium*Medium*NoStarvation,42.43,40.43,7,7,23,0.2396,0.4043,0.35,0.024,-0.2021,-0.07,0.0072,0.0,-0.265,-1.116,-1.1168,0.8518,96
33,56,3322.0,Medium*Medium*NoStarvation,10,Low*Medium*NoStarvation,40.43,8.0,7,7,4,0.1538,0.08,0.35,0.0154,-0.04,-0.07,0.0046,0.0,-0.1054,-0.9548,-0.9558,0.8518,26
33,57,3418.0,Low*Medium*NoStarvation,45,Medium*Medium*NoStarvation,8.0,40.43,7,7,23,0.2396,0.4043,0.35,0.024,-0.2021,-0.07,0.0072,0.0,-0.265,-1.118,-1.1187,0.8518,96
33,58,3514.0,Medium*Medium*NoStarvation,45,Medium*Medium*NoStarvation,40.43,43.29,7,7,21,0.2188,0.4329,0.35,0.0219,-0.2164,-0.07,0.0066,0.0,-0.2799,-1.1168,-1.1192,0.8518,96
33,59,3610.0,Medium*Medium*NoStarvation,45,Medium*Medium*NoStarvation,43.29,41.43,7,7,23,0.2396,0.4143,0.35,0.024,-0.2071,-0.07,0.0072,0.0,-0.27,-1.1192,-1.1203,0.8518,96
34,0,96.0,Low*Low*NoStarvation,20,Low*Medium*NoStarvation,0.83,16.14,2,7,21,0.4565,0.1614,0.35,0.0457,-0.0807,-0.07,0.0137,0.0,-0.137,-0.3994,-0.4591,0.8475,46
34,1,122.0,Low*Medium*NoStarvation,10,Low*Medium*NoStarvation,16.14,6.14,7,7,9,0.3462,0.0614,0.35,0.0346,-0.0307,-0.07,0.0104,0.0,-0.0903,-0.9545,-0.954,0.8475,26
34,2,188.0,Low*Medium*NoStarvation,30,Medium*Medium*NoStarvation,6.14,26.0,7,7,30,0.4545,0.26,0.35,0.0455,-0.13,-0.07,0.0136,0.0,-0.1864,-1.0481,-1.0479,0.8475,66
34,3,214.0,Medium*Medium*NoStarvation,10,Low*Medium*NoStarvation,26.0,7.0,7,7,9,0.3462,0.07,0.35,0.0346,-0.035,-0.07,0.0104,0.0,-0.0946,-0.9558,-0.9555,0.8475,26
34,4,260.0,Low*Medium*NoStarvation,20,Low*Medium*NoStarvation,7.0,16.57,7,7,20,0.4348,0.1657,0.35,0.0435,-0.0829,-0.07,0.013,0.0,-0.1398,-0.9938,-0.9942,0.8475,46
34,5,306.0,Low*Medium*NoStarvation,20,Low*Medium*NoStarvation,16.57,16.57,7,7,20,0.4348,0.1657,0.35,0.0435,-0.0829,-0.07,0.013,0.0,-0.1398,-0.9942,-0.9946,0.8475,46
34,6,332.0,Low*Medium*NoStarvation,10,Low*Medium*NoStarvation,16.57,6.96,7,8,10,0.3846,0.0696,0.4,0.0385,-0.0348,-0.08,0.0115,0.0,-0.1033,-0.954,-0.9548,0.8475,26
34,7,378.0,Low*Medium*NoStarvation,20,Low*Medium*NoStarvation,6.96,15.0,8,7,19,0.413,0.15,0.35,0.0413,-0.075,-0.07,0.0124,0.0,-0.1326,-0.9946,-0.9944,0.8475,46
34,8,424.0,Low*Medium*NoStarvation,20,Low*Medium*NoStarvation,15.0,15.43,7,7,21,0.4565,0.1543,0.35,0.0457,-0.0771,-0.07,0.0137,0.0,-0.1334,-0.9944,-0.9942,0.8475,46
34,9,520.0,Low*Medium*NoStarvation,45,Medium*Medium*NoStarvation,15.43,41.86,7,7,45,0.4688,0.4186,0.35,0.0469,-0.2093,-0.07,0.0141,0.0,-0.2652,-1.1187,-1.1194,0.8475,96
34,10,546.0,Medium*Medium*NoStarvation,10,Low*Medium*NoStarvation,41.86,6.29,7,7,9,0.3462,0.0629,0.35,0.0346,-0.0314,-0.07,0.0104,0.0,-0.091,-0.9555,-0.955,0.8475,26
34,11,572.0,Low*Medium*NoStarvation,10,Low*Medium*NoStarvation,6.29,5.29,7,6,11,0.4231,0.0529,0.3,0.0423,-0.0264,-0.06,0.0127,0.0,-0.0737,-0.9548,-0.9526,0.8475,26
34,12,668.0,Low*Medium*NoStarvation,45,Medium*Medium*NoStarvation,5.29,39.57,6,7,45,0.4688,0.3957,0.35,0.0469,-0.1979,-0.07,0.0141,0.0,-0.2538,-1.1194,-1.1188,0.8475,96
34,13,714.0,Medium*Medium*NoStarvation,20,Low*Medium*NoStarvation,39.57,17.43,7,7,20,0.4348,0.1743,0.35,0.0435,-0.0871,-0.07,0.013,0.0,-0.1441,-0.9957,-0.9962,0.8475,46
34,14,780.0,Low*Medium*NoStarvation,30,Medium*Medium*NoStarvation,17.43,26.71,7,7,30,0.4545,0.2671,0.35,0.0455,-0.1336,-0.07,0.0136,0.0,-0.1899,-1.0479,-1.0481,0.8475,66
34,15,806.0,Medium*Medium*NoStarvation,10,Low*Medium*NoStarvation,26.71,9.14,7,7,8,0.3077,0.0914,0.35,0.0308,-0.0457,-0.07,0.0092,0.0,-0.1065,-0.955,-0.9559,0.8475,26
34,16,852.0,Low*Medium*NoStarvation,20,Low*Medium*NoStarvation,9.14,17.71,7,7,20,0.4348,0.1771,0.35,0.0435,-0.0886,-0.07,0.013,0.0,-0.1455,-0.9942,-0.9951,0.8475,46
34,17,948.0,Low*Medium*NoStarvation,45,Medium*Medium*NoStarvation,17.71,40.57,7,7,45,0.4688,0.4057,0.35,0.0469,-0.2029,-0.07,0.0141,0.0,-0.2588,-1.1188,-1.1188,0.8475,96
34,18,1044.0,Medium*Medium*NoStarvation,45,Medium*Medium*NoStarvation,40.57,41.0,7,7,47,0.4896,0.41,0.35,0.049,-0.205,-0.07,0.0147,0.0,-0.2603,-1.1203,-1.1203,0.8475,96
34,19,1140.0,Medium*Medium*NoStarvation,45,Medium*Medium*NoStarvation,41.0,42.57,7,7,45,0.4688,0.4257,0.35,0.0469,-0.2129,-0.07,0.0141,0.0,-0.2688,-1.1203,-1.1212,0.8475,96
34,20,1236.0,Medium*Medium*NoStarvation,45,Medium*Medium*NoStarvation,42.57,42.71,7,7,45,0.4688,0.4271,0.35,0.0469,-0.2136,-0.07,0.0141,0.0,-0.2695,-1.1212,-1.122,0.8475,96
34,21,1262.0,Medium*Medium*NoStarvation,10,Low*Medium*NoStarvation,42.71,5.57,7,6,10,0.3846,0.0557,0.3,0.0385,-0.0279,-0.06,0.0115,0.0,-0.0763,-0.9559,-0.9537,0.8475,26
34,22,1288.0,Low*Medium*NoStarvation,10,Low*Medium*NoStarvation,5.57,6.43,6,7,10,0.3846,0.0643,0.35,0.0385,-0.0321,-0.07,0.0115,0.0,-0.0906,-0.9526,-0.9521,0.8475,26
34,23,1314.0,Low*Medium*NoStarvation,10,Low*Medium*NoStarvation,6.43,6.43,7,7,10,0.3846,0.0643,0.35,0.0385,-0.0321,-0.07,0.0115,0.0,-0.0906,-0.9521,-0.9517,0.8475,26
34,24,1340.0,Low*Medium*NoStarvation,10,Low*Medium*NoStarvation,6.43,7.0,7,7,9,0.3462,0.07,0.35,0.0346,-0.035,-0.07,0.0104,0.0,-0.0946,-0.9517,-0.9516,0.8475,26
34,25,1436.0,Low*Medium*NoStarvation,45,Medium*Medium*NoStarvation,7.0,42.0,7,7,36,0.375,0.42,0.35,0.0375,-0.21,-0.07,0.0112,0.0,-0.2687,-1.1188,-1.1196,0.8475,96
34,26,1462.0,Medium*Medium*NoStarvation,10,Low*Medium*NoStarvation,42.0,6.0,7,7,5,0.1923,0.06,0.35,0.0192,-0.03,-0.07,0.0058,0.0,-0.0942,-0.9537,-0.9534,0.8475,26
34,27,1488.0,Low*Medium*NoStarvation,10,Low*Medium*NoStarvation,6.0,8.29,7,7,4,0.1538,0.0829,0.35,0.0154,-0.0414,-0.07,0.0046,0.0,-0.1068,-0.9516,-0.9528,0.8475,26
34,28,1554.0,Low*Medium*NoStarvation,30,Medium*Medium*NoStarvation,8.29,27.86,7,7,15,0.2273,0.2786,0.35,0.0227,-0.1393,-0.07,0.0068,0.0,-0.2025,-1.0481,-1.0493,0.8475,66
34,29,1620.0,Medium*Medium*NoStarvation,30,Medium*Medium*NoStarvation,27.86,26.29,7,7,15,0.2273,0.2629,0.35,0.0227,-0.1314,-0.07,0.0068,0.0,-0.1946,-1.0409,-1.042,0.8475,66
34,30,1716.0,Medium*Medium*NoStarvation,45,Medium*Medium*NoStarvation,26.29,41.29,7,7,22,0.2292,0.4129,0.35,0.0229,-0.2064,-0.07,0.0069,0.0,-0.2696,-1.122,-1.1226,0.8475,96
34,31,1762.0,Medium*Medium*NoStarvation,20,Low*Medium*NoStarvation,41.29,16.29,7,7,10,0.2174,0.1629,0.35,0.0217,-0.0814,-0.07,0.0065,0.0,-0.1449,-0.9962,-0.9968,0.8475,46
34,32,1788.0,Low*Medium*NoStarvation,10,Low*Medium*NoStarvation,16.29,9.43,7,7,4,0.1538,0.0943,0.35,0.0154,-0.0471,-0.07,0.0046,0.0,-0.1125,-0.9528,-0.9545,0.8475,26
34,33,1834.0,Low*Medium*NoStarvation,20,Low*Medium*NoStarvation,9.43,16.29,7,7,10,0.2174,0.1629,0.35,0.0217,-0.0814,-0.07,0.0065,0.0,-0.1449,-0.9951,-0.996,0.8475,46
34,34,1900.0,Low*Medium*NoStarvation,30,Medium*Medium*NoStarvation,16.29,26.86,7,7,15,0.2273,0.2686,0.35,0.0227,-0.1343,-0.07,0.0068,0.0,-0.1975,-1.0493,-1.0499,0.8475,66
34,35,1946.0,Medium*Medium*NoStarvation,20,Low*Medium*NoStarvation,26.86,15.86,7,7,10,0.2174,0.1586,0.35,0.0217,-0.0793,-0.07,0.0065,0.0,-0.1428,-0.9968,-0.9973,0.8475,46
34,36,1972.0,Low*Medium*NoStarvation,10,Low*Medium*NoStarvation,15.86,6.43,7,7,5,0.1923,0.0643,0.35,0.0192,-0.0321,-0.07,0.0058,0.0,-0.0964,-0.9545,-0.9546,0.8475,26
34,37,1998.0,Low*Medium*NoStarvation,10,Low*Medium*NoStarvation,6.43,6.71,7,7,5,0.1923,0.0671,0.35,0.0192,-0.0336,-0.07,0.0058,0.0,-0.0978,-0.9546,-0.9548,0.8475,26
34,38,2064.0,Low*Medium*NoStarvation,30,Medium*Medium*NoStarvation,6.71,27.14,7,7,15,0.2273,0.2714,0.35,0.0227,-0.1357,-0.07,0.0068,0.0,-0.1989,-1.0499,-1.0506,0.8475,66
34,39,2090.0,Medium*Medium*NoStarvation,10,Low*Medium*NoStarvation,27.14,9.14,7,7,4,0.1538,0.0914,0.35,0.0154,-0.0457,-0.07,0.0046,0.0,-0.1111,-0.9534,-0.9551,0.8475,26
34,40,2116.0,Low*Medium*NoStarvation,10,Low*Medium*NoStarvation,9.14,8.14,7,7,4,0.1538,0.0814,0.35,0.0154,-0.0407,-0.07,0.0046,0.0,-0.1061,-0.9548,-0.9559,0.8475,26
34,41,2162.0,Low*Medium*NoStarvation,20,Low*Medium*NoStarvation,8.14,14.57,7,7,10,0.2174,0.1457,0.35,0.0217,-0.0729,-0.07,0.0065,0.0,-0.1363,-0.996,-0.996,0.8475,46
34,42,2188.0,Low*Medium*NoStarvation,10,Low*Medium*NoStarvation,14.57,5.14,7,7,5,0.1923,0.0514,0.35,0.0192,-0.0257,-0.07,0.0058,0.0,-0.0899,-0.9559,-0.9553,0.8475,26
34,43,2284.0,Low*Medium*NoStarvation,45,Medium*Medium*NoStarvation,5.14,40.86,7,7,23,0.2396,0.4086,0.35,0.024,-0.2043,-0.07,0.0072,0.0,-0.2671,-1.1196,-1.1203,0.8475,96
34,44,2350.0,Medium*Medium*NoStarvation,30,Medium*Medium*NoStarvation,40.86,27.14,7,7,14,0.2121,0.2714,0.35,0.0212,-0.1357,-0.07,0.0064,0.0,-0.1994,-1.042,-1.0437,0.8475,66
34,45,2416.0,Medium*Medium*NoStarvation,30,Medium*Medium*NoStarvation,27.14,25.0,7,7,15,0.2273,0.25,0.35,0.0227,-0.125,-0.07,0.0068,0.0,-0.1882,-1.0437,-1.0441,0.8475,66
34,46,2482.0,Medium*Medium*NoStarvation,30,Medium*Medium*NoStarvation,25.0,27.0,7,7,15,0.2273,0.27,0.35,0.0227,-0.135,-0.07,0.0068,0.0,-0.1982,-1.0441,-1.0455,0.8475,66
34,47,2548.0,Medium*Medium*NoStarvation,30,Medium*Medium*NoStarvation,27.0,25.71,7,7,15,0.2273,0.2571,0.35,0.0227,-0.1286,-0.07,0.0068,0.0,-0.1918,-1.0455,-1.0461,0.8475,66
34,48,2644.0,Medium*Medium*NoStarvation,45,Medium*Medium*NoStarvation,25.71,42.57,7,7,22,0.2292,0.4257,0.35,0.0229,-0.2129,-0.07,0.0069,0.0,-0.276,-1.1226,-1.1239,0.8475,96
34,49,2670.0,Medium*Medium*NoStarvation,10,Low*Medium*NoStarvation,42.57,7.71,7,7,4,0.1538,0.0771,0.35,0.0154,-0.0386,-0.07,0.0046,0.0,-0.104,-0.9551,-0.9559,0.8475,26
34,50,2696.0,Low*Medium*NoStarvation,10,Low*Medium*NoStarvation,7.71,8.43,7,7,4,0.1538,0.0843,0.35,0.0154,-0.0421,-0.07,0.0046,0.0,-0.1075,-0.9553,-0.9565,0.8475,26
34,51,2792.0,Low*Medium*NoStarvation,45,Medium*Medium*NoStarvation,8.43,40.43,7,7,23,0.2396,0.4043,0.35,0.024,-0.2021,-0.07,0.0072,0.0,-0.265,-1.1203,-1.1208,0.8475,96
34,52,2858.0,Medium*Medium*NoStarvation,30,Medium*Medium*NoStarvation,40.43,24.86,7,7,15,0.2273,0.2486,0.35,0.0227,-0.1243,-0.07,0.0068,0.0,-0.1875,-1.0461,-1.0462,0.8475,66
34,53,2884.0,Medium*Medium*NoStarvation,10,Low*Medium*NoStarvation,24.86,6.0,7,7,5,0.1923,0.06,0.35,0.0192,-0.03,-0.07,0.0058,0.0,-0.0942,-0.9559,-0.9559,0.8475,26
34,54,2910.0,Low*Medium*NoStarvation,10,Low*Medium*NoStarvation,6.0,6.14,7,7,5,0.1923,0.0614,0.35,0.0192,-0.0307,-0.07,0.0058,0.0,-0.0949,-0.9565,-0.9564,0.8475,26
34,55,2936.0,Low*Medium*NoStarvation,10,Low*Medium*NoStarvation,6.14,8.0,7,7,4,0.1538,0.08,0.35,0.0154,-0.04,-0.07,0.0046,0.0,-0.1054,-0.9564,-0.9574,0.8475,26
34,56,2982.0,Low*Medium*NoStarvation,20,Low*Medium*NoStarvation,8.0,17.71,7,7,9,0.1957,0.1771,0.35,0.0196,-0.0886,-0.07,0.0059,0.0,-0.1527,-0.996,-0.9979,0.8475,46
34,57,3008.0,Low*Medium*NoStarvation,10,Low*Medium*NoStarvation,17.71,6.86,7,7,5,0.1923,0.0686,0.35,0.0192,-0.0343,-0.07,0.0058,0.0,-0.0985,-0.9574,-0.9577,0.8475,26
34,58,3034.0,Low*Medium*NoStarvation,10,Low*Medium*NoStarvation,6.86,5.71,7,6,5,0.1923,0.0571,0.3,0.0192,-0.0286,-0.06,0.0058,0.0,-0.0828,-0.9577,-0.9564,0.8475,26
34,59,3060.0,Low*Medium*NoStarvation,10,Low*Medium*NoStarvation,5.71,7.29,6,7,5,0.1923,0.0729,0.35,0.0192,-0.0364,-0.07,0.0058,0.0,-0.1007,-0.9564,-0.9569,0.8475,26
34,60,3086.0,Low*Medium*NoStarvation,10,Low*Medium*NoStarvation,7.29,6.14,7,7,5,0.1923,0.0614,0.35,0.0192,-0.0307,-0.07,0.0058,0.0,-0.0949,-0.9569,-0.9568,0.8475,26
34,61,3112.0,Low*Medium*NoStarvation,10,Low*Medium*NoStarvation,6.14,5.57,7,7,5,0.1923,0.0557,0.35,0.0192,-0.0279,-0.07,0.0058,0.0,-0.0921,-0.9568,-0.9565,0.8475,26
34,62,3138.0,Low*Medium*NoStarvation,10,Low*Medium*NoStarvation,5.57,7.43,7,7,5,0.1923,0.0743,0.35,0.0192,-0.0371,-0.07,0.0058,0.0,-0.1014,-0.9565,-0.957,0.8475,26
34,63,3204.0,Low*Medium*NoStarvation,30,Medium*Medium*NoStarvation,7.43,27.86,7,7,15,0.2273,0.2786,0.35,0.0227,-0.1393,-0.07,0.0068,0.0,-0.2025,-1.0506,-1.0518,0.8475,66
34,64,3250.0,Medium*Medium*NoStarvation,20,Low*Medium*NoStarvation,27.86,17.71,7,7,10,0.2174,0.1771,0.35,0.0217,-0.0886,-0.07,0.0065,0.0,-0.152,-0.9973,-0.9989,0.8475,46
34,65,3316.0,Low*Medium*NoStarvation,30,Medium*Medium*NoStarvation,17.71,26.14,7,7,15,0.2273,0.2614,0.35,0.0227,-0.1307,-0.07,0.0068,0.0,-0.1939,-1.0518,-1.0521,0.8475,66
34,66,3342.0,Medium*Medium*NoStarvation,10,Low*Medium*NoStarvation,26.14,6.71,7,7,4,0.1538,0.0671,0.35,0.0154,-0.0336,-0.07,0.0046,0.0,-0.099,-0.9559,-0.9563,0.8475,26
34,67,3368.0,Low*Medium*NoStarvation,10,Low*Medium*NoStarvation,6.71,8.14,7,7,4,0.1538,0.0814,0.35,0.0154,-0.0407,-0.07,0.0046,0.0,-0.1061,-0.957,-0.9581,0.8475,26
34,68,3434.0,Low*Medium*NoStarvation,30,Medium*Medium*NoStarvation,8.14,25.57,7,7,15,0.2273,0.2557,0.35,0.0227,-0.1279,-0.07,0.0068,0.0,-0.191,-1.0521,-1.052,0.8475,66
34,69,3480.0,Medium*Medium*NoStarvation,20,Low*Medium*NoStarvation,25.57,16.0,7,7,10,0.2174,0.16,0.35,0.0217,-0.08,-0.07,0.0065,0.0,-0.1435,-0.9989,-0.9996,0.8475,46
34,70,3546.0,Low*Medium*NoStarvation,30,Medium*Medium*NoStarvation,16.0,24.57,7,7,15,0.2273,0.2457,0.35,0.0227,-0.1229,-0.07,0.0068,0.0,-0.186,-1.052,-1.0515,0.8475,66
34,71,3642.0,Medium*Medium*NoStarvation,45,Medium*Medium*NoStarvation,24.57,42.14,7,7,22,0.2292,0.4214,0.35,0.0229,-0.2107,-0.07,0.0069,0.0,-0.2738,-1.1239,-1.1249,0.8475,96
35,0,76.0,Low*Low*NoStarvation,10,Low*Medium*NoStarvation,0.83,6.71,2,7,11,0.4231,0.0671,0.35,0.0423,-0.0336,-0.07,0.0127,0.0,-0.0909,-0.4699,-0.5182,0.8433,26
35,1,172.0,Low*Medium*NoStarvation,45,Medium*Medium*NoStarvation,6.71,40.57,7,7,46,0.4792,0.4057,0.35,0.0479,-0.2029,-0.07,0.0144,0.0,-0.2585,-1.1208,-1.1207,0.8433,96
35,2,198.0,Medium*Medium*NoStarvation,10,Low*Medium*NoStarvation,40.57,8.14,7,7,8,0.3077,0.0814,0.35,0.0308,-0.0407,-0.07,0.0092,0.0,-0.1015,-0.9563,-0.957,0.8433,26
35,3,264.0,Low*Medium*NoStarvation,30,Medium*Medium*NoStarvation,8.14,26.0,7,7,30,0.4545,0.26,0.35,0.0455,-0.13,-0.07,0.0136,0.0,-0.1864,-1.0515,-1.0511,0.8433,66
35,4,360.0,Medium*Medium*NoStarvation,45,Medium*Medium*NoStarvation,26.0,39.86,7,7,46,0.4792,0.3986,0.35,0.0479,-0.1993,-0.07,0.0144,0.0,-0.2549,-1.1249,-1.1241,0.8433,96
35,5,386.0,Medium*Medium*NoStarvation,10,Low*Medium*NoStarvation,39.86,8.0,7,7,8,0.3077,0.08,0.35,0.0308,-0.04,-0.07,0.0092,0.0,-0.1008,-0.957,-0.9576,0.8433,26
35,6,482.0,Low*Medium*NoStarvation,45,Medium*Medium*NoStarvation,8.0,39.86,7,7,46,0.4792,0.3986,0.35,0.0479,-0.1993,-0.07,0.0144,0.0,-0.2549,-1.1207,-1.1203,0.8433,96
35,7,528.0,Medium*Medium*NoStarvation,20,Low*Medium*NoStarvation,39.86,16.71,7,7,20,0.4348,0.1671,0.35,0.0435,-0.0836,-0.07,0.013,0.0,-0.1405,-0.9996,-0.9999,0.8433,46
35,8,554.0,Low*Medium*NoStarvation,10,Low*Medium*NoStarvation,16.71,6.71,7,7,10,0.3846,0.0671,0.35,0.0385,-0.0336,-0.07,0.0115,0.0,-0.092,-0.9581,-0.9577,0.8433,26
35,9,600.0,Low*Medium*NoStarvation,20,Low*Medium*NoStarvation,6.71,15.43,7,7,20,0.4348,0.1543,0.35,0.0435,-0.0771,-0.07,0.013,0.0,-0.1341,-0.9979,-0.9977,0.8433,46
35,10,626.0,Low*Medium*NoStarvation,10,Low*Medium*NoStarvation,15.43,6.71,7,7,9,0.3462,0.0671,0.35,0.0346,-0.0336,-0.07,0.0104,0.0,-0.0932,-0.9577,-0.9574,0.8433,26
35,11,652.0,Low*Medium*NoStarvation,10,Low*Medium*NoStarvation,6.71,5.0,7,6,10,0.3846,0.05,0.3,0.0385,-0.025,-0.06,0.0115,0.0,-0.0735,-0.9574,-0.9552,0.8433,26
35,12,678.0,Low*Medium*NoStarvation,10,Low*Medium*NoStarvation,5.0,6.43,6,7,10,0.3846,0.0643,0.35,0.0385,-0.0321,-0.07,0.0115,0.0,-0.0906,-0.9552,-0.9547,0.8433,26
35,13,774.0,Low*Medium*NoStarvation,45,Medium*Medium*NoStarvation,6.43,40.57,7,7,46,0.4792,0.4057,0.35,0.0479,-0.2029,-0.07,0.0144,0.0,-0.2585,-1.1203,-1.1203,0.8433,96
35,14,800.0,Medium*Medium*NoStarvation,10,Low*Medium*NoStarvation,40.57,5.82,7,8,10,0.3846,0.0582,0.4,0.0385,-0.0291,-0.08,0.0115,0.0,-0.0976,-0.9576,-0.9576,0.8433,26
35,15,826.0,Low*Medium*NoStarvation,10,Low*Medium*NoStarvation,5.82,8.86,8,7,8,0.3077,0.0886,0.35,0.0308,-0.0443,-0.07,0.0092,0.0,-0.1051,-0.9547,-0.9557,0.8433,26
35,16,872.0,Low*Medium*NoStarvation,20,Low*Medium*NoStarvation,8.86,15.71,7,7,20,0.4348,0.1571,0.35,0.0435,-0.0786,-0.07,0.013,0.0,-0.1355,-0.9977,-0.9975,0.8433,46
35,17,898.0,Low*Medium*NoStarvation,10,Low*Medium*NoStarvation,15.71,5.57,7,6,10,0.3846,0.0557,0.3,0.0385,-0.0279,-0.06,0.0115,0.0,-0.0763,-0.9557,-0.9538,0.8433,26
35,18,994.0,Low*Medium*NoStarvation,45,Medium*Medium*NoStarvation,5.57,42.14,6,7,46,0.4792,0.4214,0.35,0.0479,-0.2107,-0.07,0.0144,0.0,-0.2663,-1.1203,-1.1211,0.8433,96
35,19,1020.0,Medium*Medium*NoStarvation,10,Low*Medium*NoStarvation,42.14,7.05,7,8,9,0.3462,0.0705,0.4,0.0346,-0.0352,-0.08,0.0104,0.0,-0.1049,-0.9576,-0.9581,0.8433,26
35,20,1046.0,Low*Medium*NoStarvation,10,Low*Medium*NoStarvation,7.05,7.5,8,8,10,0.3846,0.075,0.4,0.0385,-0.0375,-0.08,0.0115,0.0,-0.106,-0.9538,-0.9548,0.8433,26
35,21,1142.0,Low*Medium*NoStarvation,45,Medium*Medium*NoStarvation,7.5,40.57,8,7,45,0.4688,0.4057,0.35,0.0469,-0.2029,-0.07,0.0141,0.0,-0.2588,-1.1211,-1.1211,0.8433,96
35,22,1168.0,Medium*Medium*NoStarvation,10,Low*Medium*NoStarvation,40.57,8.0,7,7,9,0.3462,0.08,0.35,0.0346,-0.04,-0.07,0.0104,0.0,-0.0996,-0.9581,-0.9582,0.8433,26
35,23,1194.0,Low*Medium*NoStarvation,10,Low*Medium*NoStarvation,8.0,7.79,7,8,10,0.3846,0.0779,0.4,0.0385,-0.0389,-0.08,0.0115,0.0,-0.1074,-0.9548,-0.956,0.8433,26
35,24,1220.0,Low*Medium*NoStarvation,10,Low*Medium*NoStarvation,7.79,6.86,8,7,8,0.3077,0.0686,0.35,0.0308,-0.0343,-0.07,0.0092,0.0,-0.0951,-0.956,-0.956,0.8433,26
35,25,1246.0,Low*Medium*NoStarvation,10,Low*Medium*NoStarvation,6.86,5.57,7,6,10,0.3846,0.0557,0.3,0.0385,-0.0279,-0.06,0.0115,0.0,-0.0763,-0.956,-0.954,0.8433,26
35,26,1312.0,Low*Medium*NoStarvation,30,Medium*Medium*NoStarvation,5.57,26.14,6,7,30,0.4545,0.2614,0.35,0.0455,-0.1307,-0.07,0.0136,0.0,-0.1871,-1.0511,-1.051,0.8433,66
35,27,1408.0,Medium*Medium*NoStarvation,45,Medium*Medium*NoStarvation,26.14,40.29,7,7,45,0.4688,0.4029,0.35,0.0469,-0.2014,-0.07,0.0141,0.0,-0.2574,-1.1241,-1.1236,0.8433,96
35,28,1434.0,Medium*Medium*NoStarvation,10,Low*Medium*NoStarvation,40.29,5.14,7,6,10,0.3846,0.0514,0.3,0.0385,-0.0257,-0.06,0.0115,0.0,-0.0742,-0.9582,-0.9557,0.8433,26
35,29,1530.0,Low*Medium*NoStarvation,45,Medium*Medium*NoStarvation,5.14,41.0,6,7,24,0.25,0.41,0.35,0.025,-0.205,-0.07,0.0075,0.0,-0.2675,-1.1211,-1.1217,0.8433,96
35,30,1626.0,Medium*Medium*NoStarvation,45,Medium*Medium*NoStarvation,41.0,40.71,7,7,23,0.2396,0.4071,0.35,0.024,-0.2036,-0.07,0.0072,0.0,-0.2664,-1.1236,-1.1239,0.8433,96
35,31,1672.0,Medium*Medium*NoStarvation,20,Low*Medium*NoStarvation,40.71,16.29,7,7,10,0.2174,0.1629,0.35,0.0217,-0.0814,-0.07,0.0065,0.0,-0.1449,-0.9999,-1.0003,0.8433,46
35,32,1698.0,Low*Medium*NoStarvation,10,Low*Medium*NoStarvation,16.29,8.29,7,7,4,0.1538,0.0829,0.35,0.0154,-0.0414,-0.07,0.0046,0.0,-0.1068,-0.954,-0.9552,0.8433,26
35,33,1724.0,Low*Medium*NoStarvation,10,Low*Medium*NoStarvation,8.29,7.0,7,7,4,0.1538,0.07,0.35,0.0154,-0.035,-0.07,0.0046,0.0,-0.1004,-0.9552,-0.9557,0.8433,26
35,34,1750.0,Low*Medium*NoStarvation,10,Low*Medium*NoStarvation,7.0,8.29,7,7,4,0.1538,0.0829,0.35,0.0154,-0.0414,-0.07,0.0046,0.0,-0.1068,-0.9557,-0.9568,0.8433,26
35,35,1816.0,Low*Medium*NoStarvation,30,Medium*Medium*NoStarvation,8.29,26.57,7,7,15,0.2273,0.2657,0.35,0.0227,-0.1329,-0.07,0.0068,0.0,-0.196,-1.051,-1.0515,0.8433,66
35,36,1842.0,Medium*Medium*NoStarvation,10,Low*Medium*NoStarvation,26.57,5.86,7,7,5,0.1923,0.0586,0.35,0.0192,-0.0293,-0.07,0.0058,0.0,-0.0935,-0.9557,-0.9556,0.8433,26
35,37,1908.0,Low*Medium*NoStarvation,30,Medium*Medium*NoStarvation,5.86,25.71,7,7,15,0.2273,0.2571,0.35,0.0227,-0.1286,-0.07,0.0068,0.0,-0.1918,-1.0515,-1.0515,0.8433,66
35,38,1934.0,Medium*Medium*NoStarvation,10,Low*Medium*NoStarvation,25.71,7.0,7,7,5,0.1923,0.07,0.35,0.0192,-0.035,-0.07,0.0058,0.0,-0.0992,-0.9556,-0.956,0.8433,26
35,39,2030.0,Low*Medium*NoStarvation,45,Medium*Medium*NoStarvation,7.0,41.86,7,7,22,0.2292,0.4186,0.35,0.0229,-0.2093,-0.07,0.0069,0.0,-0.2724,-1.1217,-1.1228,0.8433,96
35,40,2126.0,Medium*Medium*NoStarvation,45,Medium*Medium*NoStarvation,41.86,40.43,7,7,23,0.2396,0.4043,0.35,0.024,-0.2021,-0.07,0.0072,0.0,-0.265,-1.1239,-1.1241,0.8433,96
35,41,2152.0,Medium*Medium*NoStarvation,10,Low*Medium*NoStarvation,40.43,5.86,7,7,5,0.1923,0.0586,0.35,0.0192,-0.0293,-0.07,0.0058,0.0,-0.0935,-0.956,-0.9559,0.8433,26
35,42,2218.0,Low*Medium*NoStarvation,30,Medium*Medium*NoStarvation,5.86,24.86,7,7,15,0.2273,0.2486,0.35,0.0227,-0.1243,-0.07,0.0068,0.0,-0.1875,-1.0515,-1.0511,0.8433,66
35,43,2244.0,Medium*Medium*NoStarvation,10,Low*Medium*NoStarvation,24.86,9.43,7,7,4,0.1538,0.0943,0.35,0.0154,-0.0471,-0.07,0.0046,0.0,-0.1125,-0.9559,-0.9577,0.8433,26
35,44,2340.0,Low*Medium*NoStarvation,45,Medium*Medium*NoStarvation,9.43,41.86,7,7,22,0.2292,0.4186,0.35,0.0229,-0.2093,-0.07,0.0069,0.0,-0.2724,-1.1228,-1.124,0.8433,96
35,45,2436.0,Medium*Medium*NoStarvation,45,Medium*Medium*NoStarvation,41.86,41.86,7,7,22,0.2292,0.4186,0.35,0.0229,-0.2093,-0.07,0.0069,0.0,-0.2724,-1.1241,-1.1251,0.8433,96
35,46,2462.0,Medium*Medium*NoStarvation,10,Low*Medium*NoStarvation,41.86,6.43,7,7,5,0.1923,0.0643,0.35,0.0192,-0.0321,-0.07,0.0058,0.0,-0.0964,-0.9577,-0.9577,0.8433,26
35,47,2508.0,Low*Medium*NoStarvation,20,Low*Medium*NoStarvation,6.43,15.57,7,7,10,0.2174,0.1557,0.35,0.0217,-0.0779,-0.07,0.0065,0.0,-0.1413,-0.9975,-0.998,0.8433,46
35,48,2534.0,Low*Medium*NoStarvation,10,Low*Medium*NoStarvation,15.57,6.71,7,7,5,0.1923,0.0671,0.35,0.0192,-0.0336,-0.07,0.0058,0.0,-0.0978,-0.9568,-0.957,0.8433,26
35,49,2560.0,Low*Medium*NoStarvation,10,Low*Medium*NoStarvation,6.71,6.57,7,7,5,0.1923,0.0657,0.35,0.0192,-0.0329,-0.07,0.0058,0.0,-0.0971,-0.957,-0.9571,0.8433,26
35,50,2626.0,Low*Medium*NoStarvation,30,Medium*Medium*NoStarvation,6.57,27.71,7,7,15,0.2273,0.2771,0.35,0.0227,-0.1386,-0.07,0.0068,0.0,-0.2018,-1.0511,-1.0524,0.8433,66
35,51,2722.0,Medium*Medium*NoStarvation,45,Medium*Medium*NoStarvation,27.71,43.0,7,7,22,0.2292,0.43,0.35,0.0229,-0.215,-0.07,0.0069,0.0,-0.2781,-1.1251,-1.1266,0.8433,96
35,52,2748.0,Medium*Medium*NoStarvation,10,Low*Medium*NoStarvation,43.0,5.86,7,7,5,0.1923,0.0586,0.35,0.0192,-0.0293,-0.07,0.0058,0.0,-0.0935,-0.9577,-0.9574,0.8433,26
35,53,2794.0,Low*Medium*NoStarvation,20,Low*Medium*NoStarvation,5.86,16.43,7,7,10,0.2174,0.1643,0.35,0.0217,-0.0821,-0.07,0.0065,0.0,-0.1456,-0.998,-0.9989,0.8433,46
35,54,2840.0,Low*Medium*NoStarvation,20,Low*Medium*NoStarvation,16.43,17.14,7,7,10,0.2174,0.1714,0.35,0.0217,-0.0857,-0.07,0.0065,0.0,-0.1492,-0.9989,-1.0,0.8433,46
35,55,2906.0,Low*Medium*NoStarvation,30,Medium*Medium*NoStarvation,17.14,25.71,7,7,15,0.2273,0.2571,0.35,0.0227,-0.1286,-0.07,0.0068,0.0,-0.1918,-1.0524,-1.0525,0.8433,66
35,56,2932.0,Medium*Medium*NoStarvation,10,Low*Medium*NoStarvation,25.71,6.29,7,7,5,0.1923,0.0629,0.35,0.0192,-0.0314,-0.07,0.0058,0.0,-0.0957,-0.9574,-0.9573,0.8433,26
35,57,2958.0,Low*Medium*NoStarvation,10,Low*Medium*NoStarvation,6.29,6.0,7,7,5,0.1923,0.06,0.35,0.0192,-0.03,-0.07,0.0058,0.0,-0.0942,-0.9571,-0.957,0.8433,26
35,58,3054.0,Low*Medium*NoStarvation,45,Medium*Medium*NoStarvation,6.0,42.57,7,7,22,0.2292,0.4257,0.35,0.0229,-0.2129,-0.07,0.0069,0.0,-0.276,-1.124,-1.1253,0.8433,96
35,59,3100.0,Medium*Medium*NoStarvation,20,Low*Medium*NoStarvation,42.57,16.57,7,7,10,0.2174,0.1657,0.35,0.0217,-0.0829,-0.07,0.0065,0.0,-0.1463,-1.0003,-1.001,0.8433,46
35,60,3196.0,Low*Medium*NoStarvation,45,Medium*Medium*NoStarvation,16.57,43.43,7,7,22,0.2292,0.4343,0.35,0.0229,-0.2171,-0.07,0.0069,0.0,-0.2803,-1.1253,-1.127,0.8433,96
35,61,3262.0,Medium*Medium*NoStarvation,30,Medium*Medium*NoStarvation,43.43,26.57,7,7,15,0.2273,0.2657,0.35,0.0227,-0.1329,-0.07,0.0068,0.0,-0.196,-1.0462,-1.0474,0.8433,66
35,62,3288.0,Medium*Medium*NoStarvation,10,Low*Medium*NoStarvation,26.57,6.57,7,7,5,0.1923,0.0657,0.35,0.0192,-0.0329,-0.07,0.0058,0.0,-0.0971,-0.9573,-0.9575,0.8433,26
35,63,3334.0,Low*Medium*NoStarvation,20,Low*Medium*NoStarvation,6.57,16.0,7,7,10,0.2174,0.16,0.35,0.0217,-0.08,-0.07,0.0065,0.0,-0.1435,-1.0,-1.0005,0.8433,46
35,64,3360.0,Low*Medium*NoStarvation,10,Low*Medium*NoStarvation,16.0,8.71,7,7,4,0.1538,0.0871,0.35,0.0154,-0.0436,-0.07,0.0046,0.0,-0.109,-0.957,-0.9583,0.8433,26
35,65,3426.0,Low*Medium*NoStarvation,30,Medium*Medium*NoStarvation,8.71,26.57,7,7,14,0.2121,0.2657,0.35,0.0212,-0.1329,-0.07,0.0064,0.0,-0.1965,-1.0525,-1.0531,0.8433,66
35,66,3452.0,Medium*Medium*NoStarvation,10,Low*Medium*NoStarvation,26.57,6.71,7,7,5,0.1923,0.0671,0.35,0.0192,-0.0336,-0.07,0.0058,0.0,-0.0978,-0.9575,-0.9577,0.8433,26
35,67,3498.0,Low*Medium*NoStarvation,20,Low*Medium*NoStarvation,6.71,15.57,7,7,10,0.2174,0.1557,0.35,0.0217,-0.0779,-0.07,0.0065,0.0,-0.1413,-1.0005,-1.0009,0.8433,46
35,68,3524.0,Low*Medium*NoStarvation,10,Low*Medium*NoStarvation,15.57,6.57,7,7,5,0.1923,0.0657,0.35,0.0192,-0.0329,-0.07,0.0058,0.0,-0.0971,-0.9583,-0.9584,0.8433,26
35,69,3550.0,Low*Medium*NoStarvation,10,Low*Medium*NoStarvation,6.57,6.14,7,7,5,0.1923,0.0614,0.35,0.0192,-0.0307,-0.07,0.0058,0.0,-0.0949,-0.9584,-0.9583,0.8433,26
35,70,3576.0,Low*Medium*NoStarvation,10,Low*Medium*NoStarvation,6.14,6.14,7,7,5,0.1923,0.0614,0.35,0.0192,-0.0307,-0.07,0.0058,0.0,-0.0949,-0.9583,-0.9583,0.8433,26
35,71,3622.0,Low*Medium*NoStarvation,20,Low*Medium*NoStarvation,6.14,17.29,7,7,10,0.2174,0.1729,0.35,0.0217,-0.0864,-0.07,0.0065,0.0,-0.1499,-1.0009,-1.002,0.8433,46
36,0,96.0,Low*Low*NoStarvation,20,Low*Medium*NoStarvation,0.83,16.14,2,7,21,0.4565,0.1614,0.35,0.0457,-0.0807,-0.07,0.0137,0.0,-0.137,-0.4591,-0.5131,0.8391,46
36,1,162.0,Low*Medium*NoStarvation,30,Medium*Medium*NoStarvation,16.14,26.0,7,7,30,0.4545,0.26,0.35,0.0455,-0.13,-0.07,0.0136,0.0,-0.1864,-1.0531,-1.0526,0.8391,66
36,2,258.0,Medium*Medium*NoStarvation,45,Medium*Medium*NoStarvation,26.0,40.57,7,7,46,0.4792,0.4057,0.35,0.0479,-0.2029,-0.07,0.0144,0.0,-0.2585,-1.1266,-1.126,0.8391,96
36,3,324.0,Medium*Medium*NoStarvation,30,Medium*Medium*NoStarvation,40.57,26.29,7,7,29,0.4394,0.2629,0.35,0.0439,-0.1314,-0.07,0.0132,0.0,-0.1882,-1.0474,-1.0477,0.8391,66
36,4,370.0,Medium*Medium*NoStarvation,20,Low*Medium*NoStarvation,26.29,16.71,7,7,20,0.4348,0.1671,0.35,0.0435,-0.0836,-0.07,0.013,0.0,-0.1405,-1.001,-1.0012,0.8391,46
36,5,396.0,Low*Medium*NoStarvation,10,Low*Medium*NoStarvation,16.71,7.0,7,7,9,0.3462,0.07,0.35,0.0346,-0.035,-0.07,0.0104,0.0,-0.0946,-0.9583,-0.9581,0.8391,26
36,6,422.0,Low*Medium*NoStarvation,10,Low*Medium*NoStarvation,7.0,6.57,7,7,10,0.3846,0.0657,0.35,0.0385,-0.0329,-0.07,0.0115,0.0,-0.0913,-0.9581,-0.9577,0.8391,26
36,7,448.0,Low*Medium*NoStarvation,10,Low*Medium*NoStarvation,6.57,6.5,7,8,9,0.3462,0.065,0.4,0.0346,-0.0325,-0.08,0.0104,0.0,-0.1021,-0.9577,-0.9583,0.8391,26
36,8,474.0,Low*Medium*NoStarvation,10,Low*Medium*NoStarvation,6.5,8.14,8,7,9,0.3462,0.0814,0.35,0.0346,-0.0407,-0.07,0.0104,0.0,-0.1003,-0.9583,-0.9588,0.8391,26
36,9,570.0,Low*Medium*NoStarvation,45,Medium*Medium*NoStarvation,8.14,41.0,7,7,45,0.4688,0.41,0.35,0.0469,-0.205,-0.07,0.0141,0.0,-0.2609,-1.127,-1.1266,0.8391,96
36,10,596.0,Medium*Medium*NoStarvation,10,Low*Medium*NoStarvation,41.0,6.43,7,7,10,0.3846,0.0643,0.35,0.0385,-0.0321,-0.07,0.0115,0.0,-0.0906,-0.9577,-0.9573,0.8391,26
36,11,622.0,Low*Medium*NoStarvation,10,Low*Medium*NoStarvation,6.43,6.0,7,7,9,0.3462,0.06,0.35,0.0346,-0.03,-0.07,0.0104,0.0,-0.0896,-0.9588,-0.9581,0.8391,26
36,12,718.0,Low*Medium*NoStarvation,45,Medium*Medium*NoStarvation,6.0,43.0,7,7,45,0.4688,0.43,0.35,0.0469,-0.215,-0.07,0.0141,0.0,-0.2709,-1.1266,-1.1272,0.8391,96
36,13,744.0,Medium*Medium*NoStarvation,10,Low*Medium*NoStarvation,43.0,7.57,7,7,9,0.3462,0.0757,0.35,0.0346,-0.0379,-0.07,0.0104,0.0,-0.0975,-0.9573,-0.9576,0.8391,26
36,14,810.0,Low*Medium*NoStarvation,30,Medium*Medium*NoStarvation,7.57,25.71,7,7,30,0.4545,0.2571,0.35,0.0455,-0.1286,-0.07,0.0136,0.0,-0.1849,-1.0526,-1.052,0.8391,66
36,15,906.0,Medium*Medium*NoStarvation,45,Medium*Medium*NoStarvation,25.71,41.57,7,7,45,0.4688,0.4157,0.35,0.0469,-0.2079,-0.07,0.0141,0.0,-0.2638,-1.126,-1.1259,0.8391,96
36,16,972.0,Medium*Medium*NoStarvation,30,Medium*Medium*NoStarvation,41.57,27.71,7,7,30,0.4545,0.2771,0.35,0.0455,-0.1386,-0.07,0.0136,0.0,-0.1949,-1.0477,-1.0486,0.8391,66
36,17,1038.0,Medium*Medium*NoStarvation,30,Medium*Medium*NoStarvation,27.71,25.57,7,7,31,0.4697,0.2557,0.35,0.047,-0.1279,-0.07,0.0141,0.0,-0.1838,-1.0486,-1.0483,0.8391,66
36,18,1064.0,Medium*Medium*NoStarvation,10,Low*Medium*NoStarvation,25.57,7.21,7,8,10,0.3846,0.0721,0.4,0.0385,-0.0361,-0.08,0.0115,0.0,-0.1045,-0.9576,-0.9585,0.8391,26
36,19,1160.0,Low*Medium*NoStarvation,45,Medium*Medium*NoStarvation,7.21,42.71,8,7,44,0.4583,0.4271,0.35,0.0458,-0.2136,-0.07,0.0137,0.0,-0.2698,-1.1272,-1.1277,0.8391,96
36,20,1186.0,Medium*Medium*NoStarvation,10,Low*Medium*NoStarvation,42.71,6.29,7,7,10,0.3846,0.0629,0.35,0.0385,-0.0314,-0.07,0.0115,0.0,-0.0899,-0.9585,-0.9579,0.8391,26
36,21,1252.0,Low*Medium*NoStarvation,30,Medium*Medium*NoStarvation,6.29,26.43,7,7,30,0.4545,0.2643,0.35,0.0455,-0.1321,-0.07,0.0136,0.0,-0.1885,-1.052,-1.0519,0.8391,66
36,22,1348.0,Medium*Medium*NoStarvation,45,Medium*Medium*NoStarvation,26.43,40.43,7,7,46,0.4792,0.4043,0.35,0.0479,-0.2021,-0.07,0.0144,0.0,-0.2578,-1.1259,-1.1253,0.8391,96
36,23,1374.0,Medium*Medium*NoStarvation,10,Low*Medium*NoStarvation,40.43,6.0,7,7,10,0.3846,0.06,0.35,0.0385,-0.03,-0.07,0.0115,0.0,-0.0885,-0.9579,-0.9572,0.8391,26
36,24,1440.0,Low*Medium*NoStarvation,30,Medium*Medium*NoStarvation,6.0,25.29,7,7,19,0.2879,0.2529,0.35,0.0288,-0.1264,-0.07,0.0086,0.0,-0.1878,-1.0519,-1.0516,0.8391,66
36,25,1536.0,Medium*Medium*NoStarvation,45,Medium*Medium*NoStarvation,25.29,42.43,7,7,22,0.2292,0.4243,0.35,0.0229,-0.2121,-0.07,0.0069,0.0,-0.2753,-1.1253,-1.1265,0.8391,96
36,26,1632.0,Medium*Medium*NoStarvation,45,Medium*Medium*NoStarvation,42.43,40.86,7,7,23,0.2396,0.4086,0.35,0.024,-0.2043,-0.07,0.0072,0.0,-0.2671,-1.1265,-1.1267,0.8391,96
36,27,1678.0,Medium*Medium*NoStarvation,20,Low*Medium*NoStarvation,40.86,15.43,7,7,10,0.2174,0.1543,0.35,0.0217,-0.0771,-0.07,0.0065,0.0,-0.1406,-1.0012,-1.0014,0.8391,46
36,28,1724.0,Low*Medium*NoStarvation,20,Low*Medium*NoStarvation,15.43,16.14,7,7,10,0.2174,0.1614,0.35,0.0217,-0.0807,-0.07,0.0065,0.0,-0.1442,-1.002,-1.0025,0.8391,46
36,29,1790.0,Low*Medium*NoStarvation,30,Medium*Medium*NoStarvation,16.14,26.71,7,7,15,0.2273,0.2671,0.35,0.0227,-0.1336,-0.07,0.0068,0.0,-0.1968,-1.0516,-1.0523,0.8391,66
36,30,1886.0,Medium*Medium*NoStarvation,45,Medium*Medium*NoStarvation,26.71,42.43,7,7,22,0.2292,0.4243,0.35,0.0229,-0.2121,-0.07,0.0069,0.0,-0.2753,-1.1267,-1.1277,0.8391,96
36,31,1912.0,Medium*Medium*NoStarvation,10,Low*Medium*NoStarvation,42.43,6.71,7,7,5,0.1923,0.0671,0.35,0.0192,-0.0336,-0.07,0.0058,0.0,-0.0978,-0.9572,-0.9575,0.8391,26
36,32,1938.0,Low*Medium*NoStarvation,10,Low*Medium*NoStarvation,6.71,8.43,7,7,4,0.1538,0.0843,0.35,0.0154,-0.0421,-0.07,0.0046,0.0,-0.1075,-0.9581,-0.9593,0.8391,26
36,33,2004.0,Low*Medium*NoStarvation,30,Medium*Medium*NoStarvation,8.43,27.14,7,7,15,0.2273,0.2714,0.35,0.0227,-0.1357,-0.07,0.0068,0.0,-0.1989,-1.0523,-1.0531,0.8391,66
36,34,2050.0,Medium*Medium*NoStarvation,20,Low*Medium*NoStarvation,27.14,15.86,7,7,10,0.2174,0.1586,0.35,0.0217,-0.0793,-0.07,0.0065,0.0,-0.1428,-1.0014,-1.0019,0.8391,46
36,35,2096.0,Low*Medium*NoStarvation,20,Low*Medium*NoStarvation,15.86,16.0,7,7,11,0.2391,0.16,0.35,0.0239,-0.08,-0.07,0.0072,0.0,-0.1428,-1.0025,-1.0028,0.8391,46
36,36,2192.0,Low*Medium*NoStarvation,45,Medium*Medium*NoStarvation,16.0,41.57,7,7,22,0.2292,0.4157,0.35,0.0229,-0.2079,-0.07,0.0069,0.0,-0.271,-1.1277,-1.1282,0.8391,96
36,37,2288.0,Medium*Medium*NoStarvation,45,Medium*Medium*NoStarvation,41.57,41.14,7,7,22,0.2292,0.4114,0.35,0.0229,-0.2057,-0.07,0.0069,0.0,-0.2688,-1.1277,-1.128,0.8391,96
36,38,2384.0,Medium*Medium*NoStarvation,45,Medium*Medium*NoStarvation,41.14,39.43,7,7,23,0.2396,0.3943,0.35,0.024,-0.1971,-0.07,0.0072,0.0,-0.26,-1.128,-1.1273,0.8391,96
36,39,2410.0,Medium*Medium*NoStarvation,10,Low*Medium*NoStarvation,39.43,7.86,7,7,4,0.1538,0.0786,0.35,0.0154,-0.0393,-0.07,0.0046,0.0,-0.1047,-0.9575,-0.9585,0.8391,26
36,40,2506.0,Low*Medium*NoStarvation,45,Medium*Medium*NoStarvation,7.86,39.71,7,7,23,0.2396,0.3971,0.35,0.024,-0.1986,-0.07,0.0072,0.0,-0.2614,-1.1282,-1.1278,0.8391,96
36,41,2572.0,Medium*Medium*NoStarvation,30,Medium*Medium*NoStarvation,39.71,25.14,7,7,15,0.2273,0.2514,0.35,0.0227,-0.1257,-0.07,0.0068,0.0,-0.1889,-1.0483,-1.0486,0.8391,66
36,42,2598.0,Medium*Medium*NoStarvation,10,Low*Medium*NoStarvation,25.14,6.57,7,7,5,0.1923,0.0657,0.35,0.0192,-0.0329,-0.07,0.0058,0.0,-0.0971,-0.9585,-0.9587,0.8391,26
36,43,2624.0,Low*Medium*NoStarvation,10,Low*Medium*NoStarvation,6.57,6.86,7,7,5,0.1923,0.0686,0.35,0.0192,-0.0343,-0.07,0.0058,0.0,-0.0985,-0.9593,-0.9596,0.8391,26
36,44,2650.0,Low*Medium*NoStarvation,10,Low*Medium*NoStarvation,6.86,6.0,7,6,5,0.1923,0.06,0.3,0.0192,-0.03,-0.06,0.0058,0.0,-0.0842,-0.9596,-0.9584,0.8391,26
36,45,2716.0,Low*Medium*NoStarvation,30,Medium*Medium*NoStarvation,6.0,26.57,6,7,15,0.2273,0.2657,0.35,0.0227,-0.1329,-0.07,0.0068,0.0,-0.196,-1.0531,-1.0537,0.8391,66
36,46,2762.0,Medium*Medium*NoStarvation,20,Low*Medium*NoStarvation,26.57,16.86,7,7,9,0.1957,0.1686,0.35,0.0196,-0.0843,-0.07,0.0059,0.0,-0.1484,-1.0019,-1.0028,0.8391,46
36,47,2808.0,Low*Medium*NoStarvation,20,Low*Medium*NoStarvation,16.86,17.29,7,7,10,0.2174,0.1729,0.35,0.0217,-0.0864,-0.07,0.0065,0.0,-0.1499,-1.0028,-1.0038,0.8391,46
36,48,2834.0,Low*Medium*NoStarvation,10,Low*Medium*NoStarvation,17.29,8.71,7,7,4,0.1538,0.0871,0.35,0.0154,-0.0436,-0.07,0.0046,0.0,-0.109,-0.9584,-0.9597,0.8391,26
36,49,2860.0,Low*Medium*NoStarvation,10,Low*Medium*NoStarvation,8.71,6.29,7,7,5,0.1923,0.0629,0.35,0.0192,-0.0314,-0.07,0.0058,0.0,-0.0957,-0.9597,-0.9597,0.8391,26
36,50,2926.0,Low*Medium*NoStarvation,30,Medium*Medium*NoStarvation,6.29,25.86,7,7,15,0.2273,0.2586,0.35,0.0227,-0.1293,-0.07,0.0068,0.0,-0.1925,-1.0537,-1.0538,0.8391,66
36,51,2972.0,Medium*Medium*NoStarvation,20,Low*Medium*NoStarvation,25.86,16.71,7,7,10,0.2174,0.1671,0.35,0.0217,-0.0836,-0.07,0.0065,0.0,-0.147,-1.0028,-1.0036,0.8391,46
36,52,3018.0,Low*Medium*NoStarvation,20,Low*Medium*NoStarvation,16.71,16.43,7,7,10,0.2174,0.1643,0.35,0.0217,-0.0821,-0.07,0.0065,0.0,-0.1456,-1.0038,-1.0043,0.8391,46
36,53,3064.0,Low*Medium*NoStarvation,20,Low*Medium*NoStarvation,16.43,15.71,7,7,10,0.2174,0.1571,0.35,0.0217,-0.0786,-0.07,0.0065,0.0,-0.142,-1.0043,-1.0045,0.8391,46
36,54,3130.0,Low*Medium*NoStarvation,30,Medium*Medium*NoStarvation,15.71,26.71,7,7,15,0.2273,0.2671,0.35,0.0227,-0.1336,-0.07,0.0068,0.0,-0.1968,-1.0538,-1.0544,0.8391,66
36,55,3156.0,Medium*Medium*NoStarvation,10,Low*Medium*NoStarvation,26.71,6.14,7,7,5,0.1923,0.0614,0.35,0.0192,-0.0307,-0.07,0.0058,0.0,-0.0949,-0.9587,-0.9587,0.8391,26
36,56,3252.0,Low*Medium*NoStarvation,45,Medium*Medium*NoStarvation,6.14,40.71,7,7,23,0.2396,0.4071,0.35,0.024,-0.2036,-0.07,0.0072,0.0,-0.2664,-1.1278,-1.1279,0.8391,96
36,57,3318.0,Medium*Medium*NoStarvation,30,Medium*Medium*NoStarvation,40.71,27.0,7,7,15,0.2273,0.27,0.35,0.0227,-0.135,-0.07,0.0068,0.0,-0.1982,-1.0486,-1.0498,0.8391,66
36,58,3414.0,Medium*Medium*NoStarvation,45,Medium*Medium*NoStarvation,27.0,39.71,7,7,23,0.2396,0.3971,0.35,0.024,-0.1986,-0.07,0.0072,0.0,-0.2614,-1.1273,-1.127,0.8391,96
36,59,3480.0,Medium*Medium*NoStarvation,30,Medium*Medium*NoStarvation,39.71,25.86,7,7,15,0.2273,0.2586,0.35,0.0227,-0.1293,-0.07,0.0068,0.0,-0.1925,-1.0498,-1.0504,0.8391,66
36,60,3526.0,Medium*Medium*NoStarvation,20,Low*Medium*NoStarvation,25.86,16.14,7,7,10,0.2174,0.1614,0.35,0.0217,-0.0807,-0.07,0.0065,0.0,-0.1442,-1.0036,-1.004,0.8391,46
36,61,3552.0,Low*Medium*NoStarvation,10,Low*Medium*NoStarvation,16.14,6.43,7,7,5,0.1923,0.0643,0.35,0.0192,-0.0321,-0.07,0.0058,0.0,-0.0964,-0.9597,-0.9597,0.8391,26
36,62,3578.0,Low*Medium*NoStarvation,10,Low*Medium*NoStarvation,6.43,6.43,7,7,5,0.1923,0.0643,0.35,0.0192,-0.0321,-0.07,0.0058,0.0,-0.0964,-0.9597,-0.9598,0.8391,26
36,63,3644.0,Low*Medium*NoStarvation,30,Medium*Medium*NoStarvation,6.43,26.0,7,7,15,0.2273,0.26,0.35,0.0227,-0.13,-0.07,0.0068,0.0,-0.1932,-1.0544,-1.0546,0.8391,66
37,0,146.0,Low*Low*NoStarvation,45,Medium*Medium*NoStarvation,0.83,40.71,2,7,47,0.4896,0.4071,0.35,0.049,-0.2036,-0.07,0.0147,0.0,-0.2589,-0.4659,-0.5315,0.8349,96
37,1,192.0,Medium*Medium*NoStarvation,20,Low*Medium*NoStarvation,40.71,16.29,7,7,20,0.4348,0.1629,0.35,0.0435,-0.0814,-0.07,0.013,0.0,-0.1384,-1.004,-1.0038,0.8349,46
37,2,288.0,Low*Medium*NoStarvation,45,Medium*Medium*NoStarvation,16.29,42.14,7,7,45,0.4688,0.4214,0.35,0.0469,-0.2107,-0.07,0.0141,0.0,-0.2667,-1.1279,-1.1281,0.8349,96
37,3,334.0,Medium*Medium*NoStarvation,20,Low*Medium*NoStarvation,42.14,16.14,7,7,20,0.4348,0.1614,0.35,0.0435,-0.0807,-0.07,0.013,0.0,-0.1377,-1.0038,-1.0036,0.8349,46
37,4,430.0,Low*Medium*NoStarvation,45,Medium*Medium*NoStarvation,16.14,39.0,7,7,46,0.4792,0.39,0.35,0.0479,-0.195,-0.07,0.0144,0.0,-0.2506,-1.1281,-1.1266,0.8349,96
37,5,456.0,Medium*Medium*NoStarvation,10,Low*Medium*NoStarvation,39.0,6.86,7,7,10,0.3846,0.0686,0.35,0.0385,-0.0343,-0.07,0.0115,0.0,-0.0927,-0.9587,-0.9585,0.8349,26
37,6,522.0,Low*Medium*NoStarvation,30,Medium*Medium*NoStarvation,6.86,25.71,7,7,30,0.4545,0.2571,0.35,0.0455,-0.1286,-0.07,0.0136,0.0,-0.1849,-1.0546,-1.0539,0.8349,66
37,7,568.0,Medium*Medium*NoStarvation,20,Low*Medium*NoStarvation,25.71,17.0,7,7,20,0.4348,0.17,0.35,0.0435,-0.085,-0.07,0.013,0.0,-0.142,-1.0036,-1.0038,0.8349,46
37,8,634.0,Low*Medium*NoStarvation,30,Medium*Medium*NoStarvation,17.0,26.57,7,7,30,0.4545,0.2657,0.35,0.0455,-0.1329,-0.07,0.0136,0.0,-0.1892,-1.0539,-1.0537,0.8349,66
37,9,730.0,Medium*Medium*NoStarvation,45,Medium*Medium*NoStarvation,26.57,41.0,7,7,45,0.4688,0.41,0.35,0.0469,-0.205,-0.07,0.0141,0.0,-0.2609,-1.127,-1.1267,0.8349,96
37,10,776.0,Medium*Medium*NoStarvation,20,Low*Medium*NoStarvation,41.0,16.57,7,7,21,0.4565,0.1657,0.35,0.0457,-0.0829,-0.07,0.0137,0.0,-0.1392,-1.0038,-1.0037,0.8349,46
37,11,802.0,Low*Medium*NoStarvation,10,Low*Medium*NoStarvation,16.57,6.57,7,7,10,0.3846,0.0657,0.35,0.0385,-0.0329,-0.07,0.0115,0.0,-0.0913,-0.9598,-0.9593,0.8349,26
37,12,868.0,Low*Medium*NoStarvation,30,Medium*Medium*NoStarvation,6.57,25.57,7,7,30,0.4545,0.2557,0.35,0.0455,-0.1279,-0.07,0.0136,0.0,-0.1842,-1.0537,-1.053,0.8349,66
37,13,934.0,Medium*Medium*NoStarvation,30,Medium*Medium*NoStarvation,25.57,25.43,7,7,30,0.4545,0.2543,0.35,0.0455,-0.1271,-0.07,0.0136,0.0,-0.1835,-1.0504,-1.05,0.8349,66
37,14,1030.0,Medium*Medium*NoStarvation,45,Medium*Medium*NoStarvation,25.43,42.14,7,7,44,0.4583,0.4214,0.35,0.0458,-0.2107,-0.07,0.0137,0.0,-0.267,-1.1267,-1.127,0.8349,96
37,15,1126.0,Medium*Medium*NoStarvation,45,Medium*Medium*NoStarvation,42.14,41.86,7,7,46,0.4792,0.4186,0.35,0.0479,-0.2093,-0.07,0.0144,0.0,-0.2649,-1.127,-1.127,0.8349,96
37,16,1192.0,Medium*Medium*NoStarvation,30,Medium*Medium*NoStarvation,41.86,25.14,7,7,31,0.4697,0.2514,0.35,0.047,-0.1257,-0.07,0.0141,0.0,-0.1816,-1.05,-1.0494,0.8349,66
37,17,1238.0,Medium*Medium*NoStarvation,20,Low*Medium*NoStarvation,25.14,17.57,7,7,20,0.4348,0.1757,0.35,0.0435,-0.0879,-0.07,0.013,0.0,-0.1448,-1.0037,-1.0042,0.8349,46
37,18,1264.0,Low*Medium*NoStarvation,10,Low*Medium*NoStarvation,17.57,8.57,7,7,9,0.3462,0.0857,0.35,0.0346,-0.0429,-0.07,0.0104,0.0,-0.1025,-0.9593,-0.9599,0.8349,26
37,19,1330.0,Low*Medium*NoStarvation,30,Medium*Medium*NoStarvation,8.57,27.29,7,7,30,0.4545,0.2729,0.35,0.0455,-0.1364,-0.07,0.0136,0.0,-0.1928,-1.053,-1.0532,0.8349,66
37,20,1396.0,Medium*Medium*NoStarvation,30,Medium*Medium*NoStarvation,27.29,26.86,7,7,20,0.303,0.2686,0.35,0.0303,-0.1343,-0.07,0.0091,0.0,-0.1952,-1.0494,-1.0502,0.8349,66
37,21,1492.0,Medium*Medium*NoStarvation,45,Medium*Medium*NoStarvation,26.86,40.86,7,7,22,0.2292,0.4086,0.35,0.0229,-0.2043,-0.07,0.0069,0.0,-0.2674,-1.127,-1.1273,0.8349,96
37,22,1588.0,Medium*Medium*NoStarvation,45,Medium*Medium*NoStarvation,40.86,40.86,7,7,23,0.2396,0.4086,0.35,0.024,-0.2043,-0.07,0.0072,0.0,-0.2671,-1.1273,-1.1276,0.8349,96
37,23,1614.0,Medium*Medium*NoStarvation,10,Low*Medium*NoStarvation,40.86,5.71,7,6,5,0.1923,0.0571,0.3,0.0192,-0.0286,-0.06,0.0058,0.0,-0.0828,-0.9585,-0.9573,0.8349,26
37,24,1710.0,Low*Medium*NoStarvation,45,Medium*Medium*NoStarvation,5.71,40.86,6,7,23,0.2396,0.4086,0.35,0.024,-0.2043,-0.07,0.0072,0.0,-0.2671,-1.1266,-1.1268,0.8349,96
37,25,1776.0,Medium*Medium*NoStarvation,30,Medium*Medium*NoStarvation,40.86,26.43,7,7,15,0.2273,0.2643,0.35,0.0227,-0.1321,-0.07,0.0068,0.0,-0.1953,-1.0502,-1.0509,0.8349,66
37,26,1822.0,Medium*Medium*NoStarvation,20,Low*Medium*NoStarvation,26.43,16.43,7,7,10,0.2174,0.1643,0.35,0.0217,-0.0821,-0.07,0.0065,0.0,-0.1456,-1.0042,-1.0047,0.8349,46
37,27,1868.0,Low*Medium*NoStarvation,20,Low*Medium*NoStarvation,16.43,16.29,7,7,10,0.2174,0.1629,0.35,0.0217,-0.0814,-0.07,0.0065,0.0,-0.1449,-1.0045,-1.0049,0.8349,46
37,28,1894.0,Low*Medium*NoStarvation,10,Low*Medium*NoStarvation,16.29,7.43,7,7,5,0.1923,0.0743,0.35,0.0192,-0.0371,-0.07,0.0058,0.0,-0.1014,-0.9599,-0.9605,0.8349,26
37,29,1920.0,Low*Medium*NoStarvation,10,Low*Medium*NoStarvation,7.43,6.57,7,7,5,0.1923,0.0657,0.35,0.0192,-0.0329,-0.07,0.0058,0.0,-0.0971,-0.9605,-0.9606,0.8349,26
37,30,2016.0,Low*Medium*NoStarvation,45,Medium*Medium*NoStarvation,6.57,40.86,7,7,23,0.2396,0.4086,0.35,0.024,-0.2043,-0.07,0.0072,0.0,-0.2671,-1.1268,-1.127,0.8349,96
37,31,2112.0,Medium*Medium*NoStarvation,45,Medium*Medium*NoStarvation,40.86,40.86,7,7,23,0.2396,0.4086,0.35,0.024,-0.2043,-0.07,0.0072,0.0,-0.2671,-1.1276,-1.1277,0.8349,96
37,32,2178.0,Medium*Medium*NoStarvation,30,Medium*Medium*NoStarvation,40.86,25.57,7,7,15,0.2273,0.2557,0.35,0.0227,-0.1279,-0.07,0.0068,0.0,-0.191,-1.0509,-1.0511,0.8349,66
37,33,2204.0,Medium*Medium*NoStarvation,10,Low*Medium*NoStarvation,25.57,7.43,7,7,4,0.1538,0.0743,0.35,0.0154,-0.0371,-0.07,0.0046,0.0,-0.1025,-0.9573,-0.9583,0.8349,26
37,34,2250.0,Low*Medium*NoStarvation,20,Low*Medium*NoStarvation,7.43,16.29,7,7,10,0.2174,0.1629,0.35,0.0217,-0.0814,-0.07,0.0065,0.0,-0.1449,-1.0049,-1.0054,0.8349,46
37,35,2296.0,Low*Medium*NoStarvation,20,Low*Medium*NoStarvation,16.29,15.86,7,7,10,0.2174,0.1586,0.35,0.0217,-0.0793,-0.07,0.0065,0.0,-0.1428,-1.0054,-1.0056,0.8349,46
37,36,2322.0,Low*Medium*NoStarvation,10,Low*Medium*NoStarvation,15.86,6.0,7,7,5,0.1923,0.06,0.35,0.0192,-0.03,-0.07,0.0058,0.0,-0.0942,-0.9606,-0.9604,0.8349,26
37,37,2388.0,Low*Medium*NoStarvation,30,Medium*Medium*NoStarvation,6.0,26.0,7,7,15,0.2273,0.26,0.35,0.0227,-0.13,-0.07,0.0068,0.0,-0.1932,-1.0532,-1.0535,0.8349,66
37,38,2414.0,Medium*Medium*NoStarvation,10,Low*Medium*NoStarvation,26.0,6.86,7,7,5,0.1923,0.0686,0.35,0.0192,-0.0343,-0.07,0.0058,0.0,-0.0985,-0.9583,-0.9587,0.8349,26
37,39,2460.0,Low*Medium*NoStarvation,20,Low*Medium*NoStarvation,6.86,16.14,7,7,10,0.2174,0.1614,0.35,0.0217,-0.0807,-0.07,0.0065,0.0,-0.1442,-1.0056,-1.0059,0.8349,46
37,40,2526.0,Low*Medium*NoStarvation,30,Medium*Medium*NoStarvation,16.14,26.0,7,7,15,0.2273,0.26,0.35,0.0227,-0.13,-0.07,0.0068,0.0,-0.1932,-1.0535,-1.0537,0.8349,66
37,41,2552.0,Medium*Medium*NoStarvation,10,Low*Medium*NoStarvation,26.0,9.0,7,7,4,0.1538,0.09,0.35,0.0154,-0.045,-0.07,0.0046,0.0,-0.1104,-0.9587,-0.9603,0.8349,26
37,42,2648.0,Low*Medium*NoStarvation,45,Medium*Medium*NoStarvation,9.0,41.43,7,7,23,0.2396,0.4143,0.35,0.024,-0.2071,-0.07,0.0072,0.0,-0.27,-1.127,-1.1277,0.8349,96
37,43,2694.0,Medium*Medium*NoStarvation,20,Low*Medium*NoStarvation,41.43,15.71,7,7,10,0.2174,0.1571,0.35,0.0217,-0.0786,-0.07,0.0065,0.0,-0.142,-1.0047,-1.0049,0.8349,46
37,44,2720.0,Low*Medium*NoStarvation,10,Low*Medium*NoStarvation,15.71,5.71,7,7,5,0.1923,0.0571,0.35,0.0192,-0.0286,-0.07,0.0058,0.0,-0.0928,-0.9604,-0.9601,0.8349,26
37,45,2766.0,Low*Medium*NoStarvation,20,Low*Medium*NoStarvation,5.71,17.14,7,7,9,0.1957,0.1714,0.35,0.0196,-0.0857,-0.07,0.0059,0.0,-0.1498,-1.0059,-1.0067,0.8349,46
37,46,2812.0,Low*Medium*NoStarvation,20,Low*Medium*NoStarvation,17.14,16.0,7,7,10,0.2174,0.16,0.35,0.0217,-0.08,-0.07,0.0065,0.0,-0.1435,-1.0067,-1.0068,0.8349,46
37,47,2838.0,Low*Medium*NoStarvation,10,Low*Medium*NoStarvation,16.0,6.0,7,7,5,0.1923,0.06,0.35,0.0192,-0.03,-0.07,0.0058,0.0,-0.0942,-0.9601,-0.9599,0.8349,26
37,48,2904.0,Low*Medium*NoStarvation,30,Medium*Medium*NoStarvation,6.0,27.0,7,7,15,0.2273,0.27,0.35,0.0227,-0.135,-0.07,0.0068,0.0,-0.1982,-1.0537,-1.0546,0.8349,66
37,49,2950.0,Medium*Medium*NoStarvation,20,Low*Medium*NoStarvation,27.0,17.43,7,7,9,0.1957,0.1743,0.35,0.0196,-0.0871,-0.07,0.0059,0.0,-0.1513,-1.0049,-1.0059,0.8349,46
37,50,2976.0,Low*Medium*NoStarvation,10,Low*Medium*NoStarvation,17.43,8.57,7,7,4,0.1538,0.0857,0.35,0.0154,-0.0429,-0.07,0.0046,0.0,-0.1082,-0.9599,-0.9611,0.8349,26
37,51,3002.0,Low*Medium*NoStarvation,10,Low*Medium*NoStarvation,8.57,7.71,7,7,4,0.1538,0.0771,0.35,0.0154,-0.0386,-0.07,0.0046,0.0,-0.104,-0.9611,-0.9619,0.8349,26
37,52,3068.0,Low*Medium*NoStarvation,30,Medium*Medium*NoStarvation,7.71,26.43,7,7,15,0.2273,0.2643,0.35,0.0227,-0.1321,-0.07,0.0068,0.0,-0.1953,-1.0546,-1.0551,0.8349,66
37,53,3114.0,Medium*Medium*NoStarvation,20,Low*Medium*NoStarvation,26.43,16.71,7,7,10,0.2174,0.1671,0.35,0.0217,-0.0836,-0.07,0.0065,0.0,-0.147,-1.0059,-1.0066,0.8349,46
37,54,3210.0,Low*Medium*NoStarvation,45,Medium*Medium*NoStarvation,16.71,42.57,7,7,23,0.2396,0.4257,0.35,0.024,-0.2129,-0.07,0.0072,0.0,-0.2757,-1.1277,-1.129,0.8349,96
37,55,3236.0,Medium*Medium*NoStarvation,10,Low*Medium*NoStarvation,42.57,7.57,7,7,4,0.1538,0.0757,0.35,0.0154,-0.0379,-0.07,0.0046,0.0,-0.1032,-0.9603,-0.9612,0.8349,26
37,56,3282.0,Low*Medium*NoStarvation,20,Low*Medium*NoStarvation,7.57,16.29,7,7,10,0.2174,0.1629,0.35,0.0217,-0.0814,-0.07,0.0065,0.0,-0.1449,-1.0068,-1.0071,0.8349,46
37,57,3348.0,Low*Medium*NoStarvation,30,Medium*Medium*NoStarvation,16.29,28.14,7,7,14,0.2121,0.2814,0.35,0.0212,-0.1407,-0.07,0.0064,0.0,-0.2044,-1.0551,-1.0565,0.8349,66
37,58,3414.0,Medium*Medium*NoStarvation,30,Medium*Medium*NoStarvation,28.14,25.43,7,7,15,0.2273,0.2543,0.35,0.0227,-0.1271,-0.07,0.0068,0.0,-0.1903,-1.0511,-1.0515,0.8349,66
37,59,3510.0,Medium*Medium*NoStarvation,45,Medium*Medium*NoStarvation,25.43,41.86,7,7,22,0.2292,0.4186,0.35,0.0229,-0.2093,-0.07,0.0069,0.0,-0.2724,-1.1277,-1.1287,0.8349,96
37,60,3536.0,Medium*Medium*NoStarvation,10,Low*Medium*NoStarvation,41.86,6.57,7,7,5,0.1923,0.0657,0.35,0.0192,-0.0329,-0.07,0.0058,0.0,-0.0971,-0.9612,-0.9614,0.8349,26
37,61,3562.0,Low*Medium*NoStarvation,10,Low*Medium*NoStarvation,6.57,7.43,7,7,4,0.1538,0.0743,0.35,0.0154,-0.0371,-0.07,0.0046,0.0,-0.1025,-0.9619,-0.9625,0.8349,26
37,62,3588.0,Low*Medium*NoStarvation,10,Low*Medium*NoStarvation,7.43,8.57,7,7,4,0.1538,0.0857,0.35,0.0154,-0.0429,-0.07,0.0046,0.0,-0.1082,-0.9625,-0.9637,0.8349,26
37,63,3614.0,Low*Medium*NoStarvation,10,Low*Medium*NoStarvation,8.57,6.71,7,7,5,0.1923,0.0671,0.35,0.0192,-0.0336,-0.07,0.0058,0.0,-0.0978,-0.9637,-0.9639,0.8349,26
38,0,96.0,Low*Low*NoStarvation,20,Low*Medium*NoStarvation,0.83,16.14,2,7,21,0.4565,0.1614,0.35,0.0457,-0.0807,-0.07,0.0137,0.0,-0.137,-0.5131,-0.5623,0.8307,46
38,1,162.0,Low*Medium*NoStarvation,30,Medium*Medium*NoStarvation,16.14,26.0,7,7,30,0.4545,0.26,0.35,0.0455,-0.13,-0.07,0.0136,0.0,-0.1864,-1.0565,-1.056,0.8307,66
38,2,208.0,Medium*Medium*NoStarvation,20,Low*Medium*NoStarvation,26.0,16.43,7,7,20,0.4348,0.1643,0.35,0.0435,-0.0821,-0.07,0.013,0.0,-0.1391,-1.0066,-1.0066,0.8307,46
38,3,304.0,Low*Medium*NoStarvation,45,Medium*Medium*NoStarvation,16.43,40.54,7,8,46,0.4792,0.4054,0.4,0.0479,-0.2027,-0.08,0.0144,0.0,-0.2683,-1.129,-1.1294,0.8307,96
38,4,400.0,Medium*Medium*NoStarvation,45,Medium*Medium*NoStarvation,40.54,40.71,8,7,44,0.4583,0.4071,0.35,0.0458,-0.2036,-0.07,0.0137,0.0,-0.2598,-1.1287,-1.1283,0.8307,96
38,5,426.0,Medium*Medium*NoStarvation,10,Low*Medium*NoStarvation,40.71,8.29,7,7,9,0.3462,0.0829,0.35,0.0346,-0.0414,-0.07,0.0104,0.0,-0.101,-0.9614,-0.9621,0.8307,26
38,6,452.0,Low*Medium*NoStarvation,10,Low*Medium*NoStarvation,8.29,8.43,7,7,9,0.3462,0.0843,0.35,0.0346,-0.0421,-0.07,0.0104,0.0,-0.1018,-0.9639,-0.9644,0.8307,26
38,7,548.0,Low*Medium*NoStarvation,45,Medium*Medium*NoStarvation,8.43,40.43,7,7,46,0.4792,0.4043,0.35,0.0479,-0.2021,-0.07,0.0144,0.0,-0.2578,-1.1294,-1.1288,0.8307,96
38,8,594.0,Medium*Medium*NoStarvation,20,Low*Medium*NoStarvation,40.43,16.57,7,7,20,0.4348,0.1657,0.35,0.0435,-0.0829,-0.07,0.013,0.0,-0.1398,-1.0066,-1.0067,0.8307,46
38,9,620.0,Low*Medium*NoStarvation,10,Low*Medium*NoStarvation,16.57,5.71,7,7,10,0.3846,0.0571,0.35,0.0385,-0.0286,-0.07,0.0115,0.0,-0.087,-0.9644,-0.9635,0.8307,26
38,10,686.0,Low*Medium*NoStarvation,30,Medium*Medium*NoStarvation,5.71,24.71,7,7,29,0.4394,0.2471,0.35,0.0439,-0.1236,-0.07,0.0132,0.0,-0.1804,-1.056,-1.0551,0.8307,66
38,11,732.0,Medium*Medium*NoStarvation,20,Low*Medium*NoStarvation,24.71,15.71,7,7,21,0.4565,0.1571,0.35,0.0457,-0.0786,-0.07,0.0137,0.0,-0.1349,-1.0067,-1.0062,0.8307,46
38,12,778.0,Low*Medium*NoStarvation,20,Low*Medium*NoStarvation,15.71,16.0,7,7,20,0.4348,0.16,0.35,0.0435,-0.08,-0.07,0.013,0.0,-0.137,-1.0071,-1.0068,0.8307,46
38,13,844.0,Low*Medium*NoStarvation,30,Medium*Medium*NoStarvation,16.0,26.71,7,7,28,0.4242,0.2671,0.35,0.0424,-0.1336,-0.07,0.0127,0.0,-0.1908,-1.0551,-1.0552,0.8307,66
38,14,870.0,Medium*Medium*NoStarvation,10,Low*Medium*NoStarvation,26.71,8.11,7,8,9,0.3462,0.0811,0.4,0.0346,-0.0405,-0.08,0.0104,0.0,-0.1102,-0.9621,-0.9636,0.8307,26
38,15,896.0,Low*Medium*NoStarvation,10,Low*Medium*NoStarvation,8.11,8.0,8,7,9,0.3462,0.08,0.35,0.0346,-0.04,-0.07,0.0104,0.0,-0.0996,-0.9635,-0.9638,0.8307,26
38,16,942.0,Low*Medium*NoStarvation,20,Low*Medium*NoStarvation,8.0,16.57,7,7,19,0.413,0.1657,0.35,0.0413,-0.0829,-0.07,0.0124,0.0,-0.1405,-1.0068,-1.0069,0.8307,46
38,17,968.0,Low*Medium*NoStarvation,10,Low*Medium*NoStarvation,16.57,8.0,7,7,10,0.3846,0.08,0.35,0.0385,-0.04,-0.07,0.0115,0.0,-0.0985,-0.9638,-0.964,0.8307,26
38,18,1064.0,Low*Medium*NoStarvation,45,Medium*Medium*NoStarvation,8.0,39.86,7,7,45,0.4688,0.3986,0.35,0.0469,-0.1993,-0.07,0.0141,0.0,-0.2552,-1.1288,-1.1282,0.8307,96
38,19,1110.0,Medium*Medium*NoStarvation,20,Low*Medium*NoStarvation,39.86,16.86,7,7,21,0.4565,0.1686,0.35,0.0457,-0.0843,-0.07,0.0137,0.0,-0.1406,-1.0062,-1.0064,0.8307,46
38,20,1176.0,Low*Medium*NoStarvation,30,Medium*Medium*NoStarvation,16.86,27.0,7,7,30,0.4545,0.27,0.35,0.0455,-0.135,-0.07,0.0136,0.0,-0.1914,-1.0552,-1.0556,0.8307,66
38,21,1202.0,Medium*Medium*NoStarvation,10,Low*Medium*NoStarvation,27.0,6.14,7,7,10,0.3846,0.0614,0.35,0.0385,-0.0307,-0.07,0.0115,0.0,-0.0892,-0.9636,-0.9629,0.8307,26
38,22,1298.0,Low*Medium*NoStarvation,45,Medium*Medium*NoStarvation,6.14,40.0,7,7,46,0.4792,0.4,0.35,0.0479,-0.2,-0.07,0.0144,0.0,-0.2556,-1.1282,-1.1276,0.8307,96
38,23,1344.0,Medium*Medium*NoStarvation,20,Low*Medium*NoStarvation,40.0,15.29,7,7,20,0.4348,0.1529,0.35,0.0435,-0.0764,-0.07,0.013,0.0,-0.1334,-1.0064,-1.0059,0.8307,46
38,24,1440.0,Low*Medium*NoStarvation,45,Medium*Medium*NoStarvation,15.29,41.57,7,7,34,0.3542,0.4157,0.35,0.0354,-0.2079,-0.07,0.0106,0.0,-0.2672,-1.1276,-1.1282,0.8307,96
38,25,1486.0,Medium*Medium*NoStarvation,20,Low*Medium*NoStarvation,41.57,15.0,7,7,10,0.2174,0.15,0.35,0.0217,-0.075,-0.07,0.0065,0.0,-0.1385,-1.0059,-1.0059,0.8307,46
38,26,1552.0,Low*Medium*NoStarvation,30,Medium*Medium*NoStarvation,15.0,26.29,7,7,15,0.2273,0.2629,0.35,0.0227,-0.1314,-0.07,0.0068,0.0,-0.1946,-1.0556,-1.0561,0.8307,66
38,27,1578.0,Medium*Medium*NoStarvation,10,Low*Medium*NoStarvation,26.29,6.57,7,7,5,0.1923,0.0657,0.35,0.0192,-0.0329,-0.07,0.0058,0.0,-0.0971,-0.9629,-0.9631,0.8307,26
38,28,1624.0,Low*Medium*NoStarvation,20,Low*Medium*NoStarvation,6.57,15.86,7,7,10,0.2174,0.1586,0.35,0.0217,-0.0793,-0.07,0.0065,0.0,-0.1428,-1.0069,-1.0073,0.8307,46
38,29,1670.0,Low*Medium*NoStarvation,20,Low*Medium*NoStarvation,15.86,16.29,7,7,10,0.2174,0.1629,0.35,0.0217,-0.0814,-0.07,0.0065,0.0,-0.1449,-1.0073,-1.0078,0.8307,46
38,30,1716.0,Low*Medium*NoStarvation,20,Low*Medium*NoStarvation,16.29,16.29,7,7,10,0.2174,0.1629,0.35,0.0217,-0.0814,-0.07,0.0065,0.0,-0.1449,-1.0078,-1.0083,0.8307,46
38,31,1782.0,Low*Medium*NoStarvation,30,Medium*Medium*NoStarvation,16.29,24.57,7,7,16,0.2424,0.2457,0.35,0.0242,-0.1229,-0.07,0.0073,0.0,-0.1856,-1.0561,-1.0558,0.8307,66
38,32,1848.0,Medium*Medium*NoStarvation,30,Medium*Medium*NoStarvation,24.57,26.57,7,7,15,0.2273,0.2657,0.35,0.0227,-0.1329,-0.07,0.0068,0.0,-0.196,-1.0515,-1.0526,0.8307,66
38,33,1944.0,Medium*Medium*NoStarvation,45,Medium*Medium*NoStarvation,26.57,40.57,7,7,23,0.2396,0.4057,0.35,0.024,-0.2029,-0.07,0.0072,0.0,-0.2657,-1.1283,-1.1287,0.8307,96
38,34,1970.0,Medium*Medium*NoStarvation,10,Low*Medium*NoStarvation,40.57,6.71,7,7,5,0.1923,0.0671,0.35,0.0192,-0.0336,-0.07,0.0058,0.0,-0.0978,-0.9631,-0.9633,0.8307,26
38,35,2016.0,Low*Medium*NoStarvation,20,Low*Medium*NoStarvation,6.71,17.29,7,7,10,0.2174,0.1729,0.35,0.0217,-0.0864,-0.07,0.0065,0.0,-0.1499,-1.0083,-1.0092,0.8307,46
38,36,2112.0,Low*Medium*NoStarvation,45,Medium*Medium*NoStarvation,17.29,39.29,7,7,23,0.2396,0.3929,0.35,0.024,-0.1964,-0.07,0.0072,0.0,-0.2592,-1.1282,-1.128,0.8307,96
38,37,2138.0,Medium*Medium*NoStarvation,10,Low*Medium*NoStarvation,39.29,7.43,7,7,4,0.1538,0.0743,0.35,0.0154,-0.0371,-0.07,0.0046,0.0,-0.1025,-0.9633,-0.964,0.8307,26
38,38,2164.0,Low*Medium*NoStarvation,10,Low*Medium*NoStarvation,7.43,5.0,7,6,5,0.1923,0.05,0.3,0.0192,-0.025,-0.06,0.0058,0.0,-0.0792,-0.964,-0.9623,0.8307,26
38,39,2210.0,Low*Medium*NoStarvation,20,Low*Medium*NoStarvation,5.0,15.71,6,7,10,0.2174,0.1571,0.35,0.0217,-0.0786,-0.07,0.0065,0.0,-0.142,-1.0092,-1.0091,0.8307,46
38,40,2236.0,Low*Medium*NoStarvation,10,Low*Medium*NoStarvation,15.71,6.14,7,7,5,0.1923,0.0614,0.35,0.0192,-0.0307,-0.07,0.0058,0.0,-0.0949,-0.9623,-0.9622,0.8307,26
38,41,2332.0,Low*Medium*NoStarvation,45,Medium*Medium*NoStarvation,6.14,40.29,7,7,23,0.2396,0.4029,0.35,0.024,-0.2014,-0.07,0.0072,0.0,-0.2642,-1.128,-1.1284,0.8307,96
38,42,2398.0,Medium*Medium*NoStarvation,30,Medium*Medium*NoStarvation,40.29,26.29,7,7,15,0.2273,0.2629,0.35,0.0227,-0.1314,-0.07,0.0068,0.0,-0.1946,-1.0526,-1.0536,0.8307,66
38,43,2444.0,Medium*Medium*NoStarvation,20,Low*Medium*NoStarvation,26.29,16.86,7,7,10,0.2174,0.1686,0.35,0.0217,-0.0843,-0.07,0.0065,0.0,-0.1478,-1.0059,-1.0067,0.8307,46
38,44,2490.0,Low*Medium*NoStarvation,20,Low*Medium*NoStarvation,16.86,14.86,7,7,11,0.2391,0.1486,0.35,0.0239,-0.0743,-0.07,0.0072,0.0,-0.1371,-1.0091,-1.0085,0.8307,46
38,45,2556.0,Low*Medium*NoStarvation,30,Medium*Medium*NoStarvation,14.86,25.71,7,7,15,0.2273,0.2571,0.35,0.0227,-0.1286,-0.07,0.0068,0.0,-0.1918,-1.0558,-1.0561,0.8307,66
38,46,2652.0,Medium*Medium*NoStarvation,45,Medium*Medium*NoStarvation,25.71,42.71,7,7,23,0.2396,0.4271,0.35,0.024,-0.2136,-0.07,0.0072,0.0,-0.2764,-1.1287,-1.1302,0.8307,96
38,47,2718.0,Medium*Medium*NoStarvation,30,Medium*Medium*NoStarvation,42.71,26.29,7,7,15,0.2273,0.2629,0.35,0.0227,-0.1314,-0.07,0.0068,0.0,-0.1946,-1.0536,-1.0545,0.8307,66
38,48,2744.0,Medium*Medium*NoStarvation,10,Low*Medium*NoStarvation,26.29,8.43,7,7,4,0.1538,0.0843,0.35,0.0154,-0.0421,-0.07,0.0046,0.0,-0.1075,-0.964,-0.965,0.8307,26
38,49,2840.0,Low*Medium*NoStarvation,45,Medium*Medium*NoStarvation,8.43,42.14,7,7,22,0.2292,0.4214,0.35,0.0229,-0.2107,-0.07,0.0069,0.0,-0.2738,-1.1284,-1.1298,0.8307,96
38,50,2886.0,Medium*Medium*NoStarvation,20,Low*Medium*NoStarvation,42.14,16.14,7,7,10,0.2174,0.1614,0.35,0.0217,-0.0807,-0.07,0.0065,0.0,-0.1442,-1.0067,-1.007,0.8307,46
38,51,2912.0,Low*Medium*NoStarvation,10,Low*Medium*NoStarvation,16.14,7.43,7,7,5,0.1923,0.0743,0.35,0.0192,-0.0371,-0.07,0.0058,0.0,-0.1014,-0.9622,-0.9627,0.8307,26
38,52,2938.0,Low*Medium*NoStarvation,10,Low*Medium*NoStarvation,7.43,8.57,7,7,4,0.1538,0.0857,0.35,0.0154,-0.0429,-0.07,0.0046,0.0,-0.1082,-0.9627,-0.9639,0.8307,26
38,53,2984.0,Low*Medium*NoStarvation,20,Low*Medium*NoStarvation,8.57,17.86,7,7,9,0.1957,0.1786,0.35,0.0196,-0.0893,-0.07,0.0059,0.0,-0.1534,-1.0085,-1.0097,0.8307,46
38,54,3080.0,Low*Medium*NoStarvation,45,Medium*Medium*NoStarvation,17.86,40.86,7,7,23,0.2396,0.4086,0.35,0.024,-0.2043,-0.07,0.0072,0.0,-0.2671,-1.1298,-1.1304,0.8307,96
38,55,3176.0,Medium*Medium*NoStarvation,45,Medium*Medium*NoStarvation,40.86,42.29,7,7,22,0.2292,0.4229,0.35,0.0229,-0.2114,-0.07,0.0069,0.0,-0.2746,-1.1302,-1.1315,0.8307,96
38,56,3222.0,Medium*Medium*NoStarvation,20,Low*Medium*NoStarvation,42.29,16.86,7,7,10,0.2174,0.1686,0.35,0.0217,-0.0843,-0.07,0.0065,0.0,-0.1478,-1.007,-1.0079,0.8307,46
38,57,3318.0,Low*Medium*NoStarvation,45,Medium*Medium*NoStarvation,16.86,42.57,7,7,22,0.2292,0.4257,0.35,0.0229,-0.2129,-0.07,0.0069,0.0,-0.276,-1.1304,-1.1318,0.8307,96
38,58,3344.0,Medium*Medium*NoStarvation,10,Low*Medium*NoStarvation,42.57,7.86,7,7,4,0.1538,0.0786,0.35,0.0154,-0.0393,-0.07,0.0046,0.0,-0.1047,-0.965,-0.9657,0.8307,26
38,59,3410.0,Low*Medium*NoStarvation,30,Medium*Medium*NoStarvation,7.86,25.0,7,7,15,0.2273,0.25,0.35,0.0227,-0.125,-0.07,0.0068,0.0,-0.1882,-1.0561,-1.0562,0.8307,66
38,60,3506.0,Medium*Medium*NoStarvation,45,Medium*Medium*NoStarvation,25.0,41.71,7,7,22,0.2292,0.4171,0.35,0.0229,-0.2086,-0.07,0.0069,0.0,-0.2717,-1.1315,-1.1325,0.8307,96
38,61,3552.0,Medium*Medium*NoStarvation,20,Low*Medium*NoStarvation,41.71,17.43,7,7,10,0.2174,0.1743,0.35,0.0217,-0.0871,-0.07,0.0065,0.0,-0.1506,-1.0079,-1.0089,0.8307,46
38,62,3598.0,Low*Medium*NoStarvation,20,Low*Medium*NoStarvation,17.43,16.43,7,7,10,0.2174,0.1643,0.35,0.0217,-0.0821,-0.07,0.0065,0.0,-0.1456,-1.0097,-1.0101,0.8307,46
38,63,3664.0,Low*Medium*NoStarvation,30,Medium*Medium*NoStarvation,16.43,28.71,7,7,14,0.2121,0.2871,0.35,0.0212,-0.1436,-0.07,0.0064,0.0,-0.2072,-1.0562,-1.0582,0.8307,66
39,0,116.0,Low*Low*NoStarvation,30,Medium*Medium*NoStarvation,0.83,26.71,2,7,31,0.4697,0.2671,0.35,0.047,-0.1336,-0.07,0.0141,0.0,-0.1895,-0.5438,-0.5953,0.8266,66
39,1,212.0,Medium*Medium*NoStarvation,45,Medium*Medium*NoStarvation,26.71,41.0,7,7,45,0.4688,0.41,0.35,0.0469,-0.205,-0.07,0.0141,0.0,-0.2609,-1.1325,-1.1322,0.8266,96
39,2,238.0,Medium*Medium*NoStarvation,10,Low*Medium*NoStarvation,41.0,7.21,7,8,9,0.3462,0.0721,0.4,0.0346,-0.0361,-0.08,0.0104,0.0,-0.1057,-0.9657,-0.9664,0.8266,26
39,3,264.0,Low*Medium*NoStarvation,10,Low*Medium*NoStarvation,7.21,6.57,8,7,10,0.3846,0.0657,0.35,0.0385,-0.0329,-0.07,0.0115,0.0,-0.0913,-0.9639,-0.9634,0.8266,26
39,4,360.0,Low*Medium*NoStarvation,45,Medium*Medium*NoStarvation,6.57,40.71,7,7,46,0.4792,0.4071,0.35,0.0479,-0.2036,-0.07,0.0144,0.0,-0.2592,-1.1318,-1.1315,0.8266,96
39,5,386.0,Medium*Medium*NoStarvation,10,Low*Medium*NoStarvation,40.71,6.0,7,7,9,0.3462,0.06,0.35,0.0346,-0.03,-0.07,0.0104,0.0,-0.0896,-0.9664,-0.9655,0.8266,26
39,6,482.0,Low*Medium*NoStarvation,45,Medium*Medium*NoStarvation,6.0,39.43,7,7,46,0.4792,0.3943,0.35,0.0479,-0.1971,-0.07,0.0144,0.0,-0.2528,-1.1315,-1.1305,0.8266,96
39,7,528.0,Medium*Medium*NoStarvation,20,Low*Medium*NoStarvation,39.43,16.43,7,7,20,0.4348,0.1643,0.35,0.0435,-0.0821,-0.07,0.013,0.0,-0.1391,-1.0089,-1.0086,0.8266,46
39,8,574.0,Low*Medium*NoStarvation,20,Low*Medium*NoStarvation,16.43,16.57,7,7,20,0.4348,0.1657,0.35,0.0435,-0.0829,-0.07,0.013,0.0,-0.1398,-1.0101,-1.0098,0.8266,46
39,9,600.0,Low*Medium*NoStarvation,10,Low*Medium*NoStarvation,16.57,6.54,7,8,10,0.3846,0.0654,0.4,0.0385,-0.0327,-0.08,0.0115,0.0,-0.1011,-0.9634,-0.9639,0.8266,26
39,10,646.0,Low*Medium*NoStarvation,20,Low*Medium*NoStarvation,6.54,16.71,8,7,19,0.413,0.1671,0.35,0.0413,-0.0836,-0.07,0.0124,0.0,-0.1412,-1.0098,-1.0096,0.8266,46
39,11,672.0,Low*Medium*NoStarvation,10,Low*Medium*NoStarvation,16.71,6.71,7,7,8,0.3077,0.0671,0.35,0.0308,-0.0336,-0.07,0.0092,0.0,-0.0943,-0.9639,-0.9637,0.8266,26
39,12,698.0,Low*Medium*NoStarvation,10,Low*Medium*NoStarvation,6.71,7.29,7,7,11,0.4231,0.0729,0.35,0.0423,-0.0364,-0.07,0.0127,0.0,-0.0937,-0.9637,-0.9634,0.8266,26
39,13,724.0,Low*Medium*NoStarvation,10,Low*Medium*NoStarvation,7.29,8.43,7,7,9,0.3462,0.0843,0.35,0.0346,-0.0421,-0.07,0.0104,0.0,-0.1018,-0.9634,-0.9639,0.8266,26
39,14,750.0,Low*Medium*NoStarvation,10,Low*Medium*NoStarvation,8.43,8.0,7,7,9,0.3462,0.08,0.35,0.0346,-0.04,-0.07,0.0104,0.0,-0.0996,-0.9639,-0.9643,0.8266,26
39,15,776.0,Low*Medium*NoStarvation,10,Low*Medium*NoStarvation,8.0,7.57,7,7,9,0.3462,0.0757,0.35,0.0346,-0.0379,-0.07,0.0104,0.0,-0.0975,-0.9643,-0.9644,0.8266,26
39,16,802.0,Low*Medium*NoStarvation,10,Low*Medium*NoStarvation,7.57,6.11,7,7,9,0.3462,0.0611,0.35,0.0346,-0.0305,-0.07,0.0104,0.0,-0.0902,-0.9644,-0.9637,0.8266,26
39,17,868.0,Low*Medium*NoStarvation,30,Medium*Medium*NoStarvation,6.11,26.71,7,7,29,0.4394,0.2671,0.35,0.0439,-0.1336,-0.07,0.0132,0.0,-0.1904,-1.0582,-1.0584,0.8266,66
39,18,934.0,Medium*Medium*NoStarvation,30,Medium*Medium*NoStarvation,26.71,26.14,7,7,31,0.4697,0.2614,0.35,0.047,-0.1307,-0.07,0.0141,0.0,-0.1866,-1.0545,-1.0546,0.8266,66
39,19,960.0,Medium*Medium*NoStarvation,10,Low*Medium*NoStarvation,26.14,8.0,7,7,9,0.3462,0.08,0.35,0.0346,-0.04,-0.07,0.0104,0.0,-0.0996,-0.9655,-0.9656,0.8266,26
39,20,1026.0,Low*Medium*NoStarvation,30,Medium*Medium*NoStarvation,8.0,26.14,7,7,30,0.4545,0.2614,0.35,0.0455,-0.1307,-0.07,0.0136,0.0,-0.1871,-1.0584,-1.0581,0.8266,66
39,21,1122.0,Medium*Medium*NoStarvation,45,Medium*Medium*NoStarvation,26.14,40.29,7,7,46,0.4792,0.4029,0.35,0.0479,-0.2014,-0.07,0.0144,0.0,-0.2571,-1.1322,-1.1316,0.8266,96
39,22,1168.0,Medium*Medium*NoStarvation,20,Low*Medium*NoStarvation,40.29,15.86,7,7,20,0.4348,0.1586,0.35,0.0435,-0.0793,-0.07,0.013,0.0,-0.1362,-1.0086,-1.0081,0.8266,46
39,23,1194.0,Low*Medium*NoStarvation,10,Low*Medium*NoStarvation,15.86,8.43,7,7,8,0.3077,0.0843,0.35,0.0308,-0.0421,-0.07,0.0092,0.0,-0.1029,-0.9637,-0.9644,0.8266,26
39,24,1260.0,Low*Medium*NoStarvation,30,Medium*Medium*NoStarvation,8.43,24.14,7,7,31,0.4697,0.2414,0.35,0.047,-0.1207,-0.07,0.0141,0.0,-0.1766,-1.0581,-1.0569,0.8266,66
39,25,1286.0,Medium*Medium*NoStarvation,10,Low*Medium*NoStarvation,24.14,7.71,7,7,8,0.3077,0.0771,0.35,0.0308,-0.0386,-0.07,0.0092,0.0,-0.0993,-0.9656,-0.9658,0.8266,26
39,26,1332.0,Low*Medium*NoStarvation,20,Low*Medium*NoStarvation,7.71,14.71,7,7,21,0.4565,0.1471,0.35,0.0457,-0.0736,-0.07,0.0137,0.0,-0.1299,-1.0096,-1.0085,0.8266,46
39,27,1358.0,Low*Medium*NoStarvation,10,Low*Medium*NoStarvation,14.71,9.14,7,7,8,0.3077,0.0914,0.35,0.0308,-0.0457,-0.07,0.0092,0.0,-0.1065,-0.9644,-0.9654,0.8266,26
39,28,1384.0,Low*Medium*NoStarvation,10,Low*Medium*NoStarvation,9.14,8.14,7,7,9,0.3462,0.0814,0.35,0.0346,-0.0407,-0.07,0.0104,0.0,-0.1003,-0.9654,-0.9658,0.8266,26
39,29,1410.0,Low*Medium*NoStarvation,10,Low*Medium*NoStarvation,8.14,6.14,7,6,10,0.3846,0.0614,0.3,0.0385,-0.0307,-0.06,0.0115,0.0,-0.0792,-0.9658,-0.964,0.8266,26
39,30,1506.0,Low*Medium*NoStarvation,45,Medium*Medium*NoStarvation,6.14,42.29,6,7,30,0.3125,0.4229,0.35,0.0312,-0.2114,-0.07,0.0094,0.0,-0.2721,-1.1305,-1.1316,0.8266,96
39,31,1532.0,Medium*Medium*NoStarvation,10,Low*Medium*NoStarvation,42.29,7.29,7,7,4,0.1538,0.0729,0.35,0.0154,-0.0364,-0.07,0.0046,0.0,-0.1018,-0.9658,-0.9661,0.8266,26
39,32,1598.0,Low*Medium*NoStarvation,30,Medium*Medium*NoStarvation,7.29,25.86,7,7,15,0.2273,0.2586,0.35,0.0227,-0.1293,-0.07,0.0068,0.0,-0.1925,-1.0569,-1.0574,0.8266,66
39,33,1664.0,Medium*Medium*NoStarvation,30,Medium*Medium*NoStarvation,25.86,25.86,7,7,15,0.2273,0.2586,0.35,0.0227,-0.1293,-0.07,0.0068,0.0,-0.1925,-1.0546,-1.0553,0.8266,66
39,34,1690.0,Medium*Medium*NoStarvation,10,Low*Medium*NoStarvation,25.86,6.86,7,7,5,0.1923,0.0686,0.35,0.0192,-0.0343,-0.07,0.0058,0.0,-0.0985,-0.9661,-0.9661,0.8266,26
39,35,1716.0,Low*Medium*NoStarvation,10,Low*Medium*NoStarvation,6.86,7.29,7,7,4,0.1538,0.0729,0.35,0.0154,-0.0364,-0.07,0.0046,0.0,-0.1018,-0.964,-0.9646,0.8266,26
39,36,1742.0,Low*Medium*NoStarvation,10,Low*Medium*NoStarvation,7.29,6.0,7,7,5,0.1923,0.06,0.35,0.0192,-0.03,-0.07,0.0058,0.0,-0.0942,-0.9646,-0.9644,0.8266,26
39,37,1768.0,Low*Medium*NoStarvation,10,Low*Medium*NoStarvation,6.0,8.43,7,7,4,0.1538,0.0843,0.35,0.0154,-0.0421,-0.07,0.0046,0.0,-0.1075,-0.9644,-0.9655,0.8266,26
39,38,1794.0,Low*Medium*NoStarvation,10,Low*Medium*NoStarvation,8.43,6.86,7,7,5,0.1923,0.0686,0.35,0.0192,-0.0343,-0.07,0.0058,0.0,-0.0985,-0.9655,-0.9657,0.8266,26
39,39,1890.0,Low*Medium*NoStarvation,45,Medium*Medium*NoStarvation,6.86,40.57,7,7,22,0.2292,0.4057,0.35,0.0229,-0.2029,-0.07,0.0069,0.0,-0.266,-1.1316,-1.132,0.8266,96
39,40,1956.0,Medium*Medium*NoStarvation,30,Medium*Medium*NoStarvation,40.57,25.43,7,7,15,0.2273,0.2543,0.35,0.0227,-0.1271,-0.07,0.0068,0.0,-0.1903,-1.0553,-1.0558,0.8266,66
39,41,2022.0,Medium*Medium*NoStarvation,30,Medium*Medium*NoStarvation,25.43,26.14,7,7,15,0.2273,0.2614,0.35,0.0227,-0.1307,-0.07,0.0068,0.0,-0.1939,-1.0558,-1.0565,0.8266,66
39,42,2048.0,Medium*Medium*NoStarvation,10,Low*Medium*NoStarvation,26.14,7.0,7,7,5,0.1923,0.07,0.35,0.0192,-0.035,-0.07,0.0058,0.0,-0.0992,-0.9661,-0.9664,0.8266,26
39,43,2094.0,Low*Medium*NoStarvation,20,Low*Medium*NoStarvation,7.0,16.43,7,7,10,0.2174,0.1643,0.35,0.0217,-0.0821,-0.07,0.0065,0.0,-0.1456,-1.0085,-1.0091,0.8266,46
39,44,2120.0,Low*Medium*NoStarvation,10,Low*Medium*NoStarvation,16.43,5.43,7,6,5,0.1923,0.0543,0.3,0.0192,-0.0271,-0.06,0.0058,0.0,-0.0814,-0.9657,-0.9641,0.8266,26
39,45,2166.0,Low*Medium*NoStarvation,20,Low*Medium*NoStarvation,5.43,15.29,6,7,10,0.2174,0.1529,0.35,0.0217,-0.0764,-0.07,0.0065,0.0,-0.1399,-1.0091,-1.0089,0.8266,46
39,46,2212.0,Low*Medium*NoStarvation,20,Low*Medium*NoStarvation,15.29,15.71,7,7,10,0.2174,0.1571,0.35,0.0217,-0.0786,-0.07,0.0065,0.0,-0.142,-1.0089,-1.009,0.8266,46
39,47,2238.0,Low*Medium*NoStarvation,10,Low*Medium*NoStarvation,15.71,5.57,7,6,5,0.1923,0.0557,0.3,0.0192,-0.0279,-0.06,0.0058,0.0,-0.0821,-0.9641,-0.9627,0.8266,26
39,48,2304.0,Low*Medium*NoStarvation,30,Medium*Medium*NoStarvation,5.57,25.57,6,7,15,0.2273,0.2557,0.35,0.0227,-0.1279,-0.07,0.0068,0.0,-0.191,-1.0574,-1.0577,0.8266,66
39,49,2350.0,Medium*Medium*NoStarvation,20,Low*Medium*NoStarvation,25.57,15.57,7,7,10,0.2174,0.1557,0.35,0.0217,-0.0779,-0.07,0.0065,0.0,-0.1413,-1.0081,-1.0081,0.8266,46
39,50,2376.0,Low*Medium*NoStarvation,10,Low*Medium*NoStarvation,15.57,8.71,7,7,4,0.1538,0.0871,0.35,0.0154,-0.0436,-0.07,0.0046,0.0,-0.109,-0.9627,-0.964,0.8266,26
39,51,2442.0,Low*Medium*NoStarvation,30,Medium*Medium*NoStarvation,8.71,26.0,7,7,15,0.2273,0.26,0.35,0.0227,-0.13,-0.07,0.0068,0.0,-0.1932,-1.0577,-1.0583,0.8266,66
39,52,2508.0,Medium*Medium*NoStarvation,30,Medium*Medium*NoStarvation,26.0,27.71,7,7,14,0.2121,0.2771,0.35,0.0212,-0.1386,-0.07,0.0064,0.0,-0.2022,-1.0565,-1.0581,0.8266,66
39,53,2534.0,Medium*Medium*NoStarvation,10,Low*Medium*NoStarvation,27.71,8.57,7,7,4,0.1538,0.0857,0.35,0.0154,-0.0429,-0.07,0.0046,0.0,-0.1082,-0.9664,-0.9673,0.8266,26
39,54,2580.0,Low*Medium*NoStarvation,20,Low*Medium*NoStarvation,8.57,17.14,7,7,10,0.2174,0.1714,0.35,0.0217,-0.0857,-0.07,0.0065,0.0,-0.1492,-1.009,-1.0098,0.8266,46
39,55,2606.0,Low*Medium*NoStarvation,10,Low*Medium*NoStarvation,17.14,8.86,7,7,4,0.1538,0.0886,0.35,0.0154,-0.0443,-0.07,0.0046,0.0,-0.1097,-0.964,-0.9653,0.8266,26
39,56,2702.0,Low*Medium*NoStarvation,45,Medium*Medium*NoStarvation,8.86,42.71,7,7,22,0.2292,0.4271,0.35,0.0229,-0.2136,-0.07,0.0069,0.0,-0.2767,-1.132,-1.1335,0.8266,96
39,57,2798.0,Medium*Medium*NoStarvation,45,Medium*Medium*NoStarvation,42.71,40.86,7,7,23,0.2396,0.4086,0.35,0.024,-0.2043,-0.07,0.0072,0.0,-0.2671,-1.1316,-1.1322,0.8266,96
39,58,2824.0,Medium*Medium*NoStarvation,10,Low*Medium*NoStarvation,40.86,6.43,7,7,5,0.1923,0.0643,0.35,0.0192,-0.0321,-0.07,0.0058,0.0,-0.0964,-0.9673,-0.9671,0.8266,26
39,59,2850.0,Low*Medium*NoStarvation,10,Low*Medium*NoStarvation,6.43,7.86,7,7,4,0.1538,0.0786,0.35,0.0154,-0.0393,-0.07,0.0046,0.0,-0.1047,-0.9653,-0.9661,0.8266,26
39,60,2896.0,Low*Medium*NoStarvation,20,Low*Medium*NoStarvation,7.86,16.43,7,7,10,0.2174,0.1643,0.35,0.0217,-0.0821,-0.07,0.0065,0.0,-0.1456,-1.0098,-1.0103,0.8266,46
39,61,2922.0,Low*Medium*NoStarvation,10,Low*Medium*NoStarvation,16.43,8.43,7,7,4,0.1538,0.0843,0.35,0.0154,-0.0421,-0.07,0.0046,0.0,-0.1075,-0.9661,-0.9672,0.8266,26
39,62,2948.0,Low*Medium*NoStarvation,10,Low*Medium*NoStarvation,8.43,6.57,7,7,5,0.1923,0.0657,0.35,0.0192,-0.0329,-0.07,0.0058,0.0,-0.0971,-0.9672,-0.9672,0.8266,26
39,63,2974.0,Low*Medium*NoStarvation,10,Low*Medium*NoStarvation,6.57,6.29,7,7,5,0.1923,0.0629,0.35,0.0192,-0.0314,-0.07,0.0058,0.0,-0.0957,-0.9672,-0.9671,0.8266,26
39,64,3000.0,Low*Medium*NoStarvation,10,Low*Medium*NoStarvation,6.29,7.0,7,7,4,0.1538,0.07,0.35,0.0154,-0.035,-0.07,0.0046,0.0,-0.1004,-0.9671,-0.9675,0.8266,26
39,65,3066.0,Low*Medium*NoStarvation,30,Medium*Medium*NoStarvation,7.0,25.43,7,7,15,0.2273,0.2543,0.35,0.0227,-0.1271,-0.07,0.0068,0.0,-0.1903,-1.0583,-1.0585,0.8266,66
39,66,3092.0,Medium*Medium*NoStarvation,10,Low*Medium*NoStarvation,25.43,6.14,7,7,5,0.1923,0.0614,0.35,0.0192,-0.0307,-0.07,0.0058,0.0,-0.0949,-0.9671,-0.967,0.8266,26
39,67,3158.0,Low*Medium*NoStarvation,30,Medium*Medium*NoStarvation,6.14,26.43,7,7,15,0.2273,0.2643,0.35,0.0227,-0.1321,-0.07,0.0068,0.0,-0.1953,-1.0585,-1.0592,0.8266,66
39,68,3254.0,Medium*Medium*NoStarvation,45,Medium*Medium*NoStarvation,26.43,42.43,7,7,23,0.2396,0.4243,0.35,0.024,-0.2121,-0.07,0.0072,0.0,-0.275,-1.1322,-1.1335,0.8266,96
39,69,3320.0,Medium*Medium*NoStarvation,30,Medium*Medium*NoStarvation,42.43,26.29,7,7,15,0.2273,0.2629,0.35,0.0227,-0.1314,-0.07,0.0068,0.0,-0.1946,-1.0581,-1.0588,0.8266,66
39,70,3346.0,Medium*Medium*NoStarvation,10,Low*Medium*NoStarvation,26.29,5.86,7,7,5,0.1923,0.0586,0.35,0.0192,-0.0293,-0.07,0.0058,0.0,-0.0935,-0.967,-0.9667,0.8266,26
39,71,3442.0,Low*Medium*NoStarvation,45,Medium*Medium*NoStarvation,5.86,39.29,7,7,23,0.2396,0.3929,0.35,0.024,-0.1964,-0.07,0.0072,0.0,-0.2592,-1.1335,-1.1331,0.8266,96
39,72,3508.0,Medium*Medium*NoStarvation,30,Medium*Medium*NoStarvation,39.29,27.43,7,7,14,0.2121,0.2743,0.35,0.0212,-0.1371,-0.07,0.0064,0.0,-0.2008,-1.0588,-1.06,0.8266,66
39,73,3554.0,Medium*Medium*NoStarvation,20,Low*Medium*NoStarvation,27.43,16.14,7,7,10,0.2174,0.1614,0.35,0.0217,-0.0807,-0.07,0.0065,0.0,-0.1442,-1.0081,-1.0088,0.8266,46
39,74,3580.0,Low*Medium*NoStarvation,10,Low*Medium*NoStarvation,16.14,5.86,7,6,5,0.1923,0.0586,0.3,0.0192,-0.0293,-0.06,0.0058,0.0,-0.0835,-0.9675,-0.9662,0.8266,26
39,75,3646.0,Low*Medium*NoStarvation,30,Medium*Medium*NoStarvation,5.86,25.71,6,7,15,0.2273,0.2571,0.35,0.0227,-0.1286,-0.07,0.0068,0.0,-0.1918,-1.0592,-1.0595,0.8266,66
40,0,146.0,Low*Low*NoStarvation,45,Medium*Medium*NoStarvation,0.83,40.71,2,7,47,0.4896,0.4071,0.35,0.049,-0.2036,-0.07,0.0147,0.0,-0.2589,-0.5315,-0.5912,0.8224,96
40,1,242.0,Medium*Medium*NoStarvation,45,Medium*Medium*NoStarvation,40.71,40.14,7,7,45,0.4688,0.4014,0.35,0.0469,-0.2007,-0.07,0.0141,0.0,-0.2567,-1.1335,-1.1328,0.8224,96
40,2,288.0,Medium*Medium*NoStarvation,20,Low*Medium*NoStarvation,40.14,16.0,7,7,20,0.4348,0.16,0.35,0.0435,-0.08,-0.07,0.013,0.0,-0.137,-1.0088,-1.0085,0.8224,46
40,3,354.0,Low*Medium*NoStarvation,30,Medium*Medium*NoStarvation,16.0,26.29,7,7,30,0.4545,0.2629,0.35,0.0455,-0.1314,-0.07,0.0136,0.0,-0.1878,-1.0595,-1.0593,0.8224,66
40,4,450.0,Medium*Medium*NoStarvation,45,Medium*Medium*NoStarvation,26.29,42.57,7,7,44,0.4583,0.4257,0.35,0.0458,-0.2129,-0.07,0.0137,0.0,-0.2691,-1.1328,-1.1335,0.8224,96
40,5,516.0,Medium*Medium*NoStarvation,30,Medium*Medium*NoStarvation,42.57,25.0,7,7,32,0.4848,0.25,0.35,0.0485,-0.125,-0.07,0.0145,0.0,-0.1805,-1.06,-1.059,0.8224,66
40,6,582.0,Medium*Medium*NoStarvation,30,Medium*Medium*NoStarvation,25.0,28.29,7,7,29,0.4394,0.2829,0.35,0.0439,-0.1414,-0.07,0.0132,0.0,-0.1982,-1.059,-1.0599,0.8224,66
40,7,678.0,Medium*Medium*NoStarvation,45,Medium*Medium*NoStarvation,28.29,41.0,7,7,46,0.4792,0.41,0.35,0.0479,-0.205,-0.07,0.0144,0.0,-0.2606,-1.1335,-1.1332,0.8224,96
40,8,704.0,Medium*Medium*NoStarvation,10,Low*Medium*NoStarvation,41.0,6.71,7,7,9,0.3462,0.0671,0.35,0.0346,-0.0336,-0.07,0.0104,0.0,-0.0932,-0.9667,-0.9663,0.8224,26
40,9,730.0,Low*Medium*NoStarvation,10,Low*Medium*NoStarvation,6.71,8.86,7,7,9,0.3462,0.0886,0.35,0.0346,-0.0443,-0.07,0.0104,0.0,-0.1039,-0.9662,-0.9669,0.8224,26
40,10,826.0,Low*Medium*NoStarvation,45,Medium*Medium*NoStarvation,8.86,41.82,7,8,44,0.4583,0.4182,0.4,0.0458,-0.2091,-0.08,0.0137,0.0,-0.2754,-1.1331,-1.1343,0.8224,96
40,11,922.0,Medium*Medium*NoStarvation,45,Medium*Medium*NoStarvation,41.82,39.71,8,7,45,0.4688,0.3971,0.35,0.0469,-0.1986,-0.07,0.0141,0.0,-0.2545,-1.1332,-1.1323,0.8224,96
40,12,1018.0,Medium*Medium*NoStarvation,45,Medium*Medium*NoStarvation,39.71,42.43,7,7,45,0.4688,0.4243,0.35,0.0469,-0.2121,-0.07,0.0141,0.0,-0.2681,-1.1323,-1.1328,0.8224,96
40,13,1084.0,Medium*Medium*NoStarvation,30,Medium*Medium*NoStarvation,42.43,26.29,7,7,30,0.4545,0.2629,0.35,0.0455,-0.1314,-0.07,0.0136,0.0,-0.1878,-1.0599,-1.0597,0.8224,66
40,14,1150.0,Medium*Medium*NoStarvation,30,Medium*Medium*NoStarvation,26.29,26.29,7,7,30,0.4545,0.2629,0.35,0.0455,-0.1314,-0.07,0.0136,0.0,-0.1878,-1.0597,-1.0595,0.8224,66
40,15,1246.0,Medium*Medium*NoStarvation,45,Medium*Medium*NoStarvation,26.29,40.43,7,7,45,0.4688,0.4043,0.35,0.0469,-0.2021,-0.07,0.0141,0.0,-0.2581,-1.1328,-1.1323,0.8224,96
40,16,1292.0,Medium*Medium*NoStarvation,20,Low*Medium*NoStarvation,40.43,14.68,7,8,20,0.4348,0.1468,0.4,0.0435,-0.0734,-0.08,0.013,0.0,-0.1403,-1.0085,-1.0087,0.8224,46
40,17,1358.0,Low*Medium*NoStarvation,30,Medium*Medium*NoStarvation,14.68,26.0,8,7,31,0.4697,0.26,0.35,0.047,-0.13,-0.07,0.0141,0.0,-0.1859,-1.0593,-1.0589,0.8224,66
40,18,1454.0,Medium*Medium*NoStarvation,45,Medium*Medium*NoStarvation,26.0,39.71,7,7,23,0.2396,0.3971,0.35,0.024,-0.1986,-0.07,0.0072,0.0,-0.2614,-1.1323,-1.1322,0.8224,96
40,19,1550.0,Medium*Medium*NoStarvation,45,Medium*Medium*NoStarvation,39.71,40.43,7,7,23,0.2396,0.4043,0.35,0.024,-0.2021,-0.07,0.0072,0.0,-0.265,-1.1322,-1.1324,0.8224,96
40,20,1596.0,Medium*Medium*NoStarvation,20,Low*Medium*NoStarvation,40.43,18.14,7,7,10,0.2174,0.1814,0.35,0.0217,-0.0907,-0.07,0.0065,0.0,-0.1542,-1.0087,-1.0103,0.8224,46
40,21,1622.0,Low*Medium*NoStarvation,10,Low*Medium*NoStarvation,18.14,7.86,7,7,4,0.1538,0.0786,0.35,0.0154,-0.0393,-0.07,0.0046,0.0,-0.1047,-0.9669,-0.9677,0.8224,26
40,22,1668.0,Low*Medium*NoStarvation,20,Low*Medium*NoStarvation,7.86,16.14,7,7,10,0.2174,0.1614,0.35,0.0217,-0.0807,-0.07,0.0065,0.0,-0.1442,-1.0103,-1.0108,0.8224,46
40,23,1694.0,Low*Medium*NoStarvation,10,Low*Medium*NoStarvation,16.14,7.14,7,7,4,0.1538,0.0714,0.35,0.0154,-0.0357,-0.07,0.0046,0.0,-0.1011,-0.9677,-0.9681,0.8224,26
40,24,1720.0,Low*Medium*NoStarvation,10,Low*Medium*NoStarvation,7.14,5.86,7,7,5,0.1923,0.0586,0.35,0.0192,-0.0293,-0.07,0.0058,0.0,-0.0935,-0.9681,-0.9678,0.8224,26
40,25,1816.0,Low*Medium*NoStarvation,45,Medium*Medium*NoStarvation,5.86,41.43,7,7,23,0.2396,0.4143,0.35,0.024,-0.2071,-0.07,0.0072,0.0,-0.27,-1.1343,-1.1348,0.8224,96
40,26,1862.0,Medium*Medium*NoStarvation,20,Low*Medium*NoStarvation,41.43,17.0,7,7,10,0.2174,0.17,0.35,0.0217,-0.085,-0.07,0.0065,0.0,-0.1485,-1.0103,-1.0112,0.8224,46
40,27,1888.0,Low*Medium*NoStarvation,10,Low*Medium*NoStarvation,17.0,5.86,7,7,5,0.1923,0.0586,0.35,0.0192,-0.0293,-0.07,0.0058,0.0,-0.0935,-0.9678,-0.9675,0.8224,26
40,28,1954.0,Low*Medium*NoStarvation,30,Medium*Medium*NoStarvation,5.86,26.71,7,7,15,0.2273,0.2671,0.35,0.0227,-0.1336,-0.07,0.0068,0.0,-0.1968,-1.0589,-1.0597,0.8224,66
40,29,2000.0,Medium*Medium*NoStarvation,20,Low*Medium*NoStarvation,26.71,15.57,7,7,10,0.2174,0.1557,0.35,0.0217,-0.0779,-0.07,0.0065,0.0,-0.1413,-1.0112,-1.0113,0.8224,46
40,30,2026.0,Low*Medium*NoStarvation,10,Low*Medium*NoStarvation,15.57,9.14,7,7,4,0.1538,0.0914,0.35,0.0154,-0.0457,-0.07,0.0046,0.0,-0.1111,-0.9675,-0.9689,0.8224,26
40,31,2092.0,Low*Medium*NoStarvation,30,Medium*Medium*NoStarvation,9.14,26.29,7,7,15,0.2273,0.2629,0.35,0.0227,-0.1314,-0.07,0.0068,0.0,-0.1946,-1.0597,-1.0601,0.8224,66
40,32,2138.0,Medium*Medium*NoStarvation,20,Low*Medium*NoStarvation,26.29,15.0,7,7,11,0.2391,0.15,0.35,0.0239,-0.075,-0.07,0.0072,0.0,-0.1378,-1.0113,-1.0112,0.8224,46
40,33,2234.0,Low*Medium*NoStarvation,45,Medium*Medium*NoStarvation,15.0,42.29,7,7,22,0.2292,0.4229,0.35,0.0229,-0.2114,-0.07,0.0069,0.0,-0.2746,-1.1348,-1.1358,0.8224,96
40,34,2330.0,Medium*Medium*NoStarvation,45,Medium*Medium*NoStarvation,42.29,41.43,7,7,23,0.2396,0.4143,0.35,0.024,-0.2071,-0.07,0.0072,0.0,-0.27,-1.1324,-1.1331,0.8224,96
40,35,2356.0,Medium*Medium*NoStarvation,10,Low*Medium*NoStarvation,41.43,7.71,7,7,4,0.1538,0.0771,0.35,0.0154,-0.0386,-0.07,0.0046,0.0,-0.104,-0.9663,-0.9673,0.8224,26
40,36,2382.0,Low*Medium*NoStarvation,10,Low*Medium*NoStarvation,7.71,6.0,7,6,5,0.1923,0.06,0.3,0.0192,-0.03,-0.06,0.0058,0.0,-0.0842,-0.9689,-0.9677,0.8224,26
40,37,2408.0,Low*Medium*NoStarvation,10,Low*Medium*NoStarvation,6.0,6.57,6,7,5,0.1923,0.0657,0.35,0.0192,-0.0329,-0.07,0.0058,0.0,-0.0971,-0.9677,-0.9677,0.8224,26
40,38,2434.0,Low*Medium*NoStarvation,10,Low*Medium*NoStarvation,6.57,5.86,7,6,5,0.1923,0.0586,0.3,0.0192,-0.0293,-0.06,0.0058,0.0,-0.0835,-0.9677,-0.9664,0.8224,26
40,39,2500.0,Low*Medium*NoStarvation,30,Medium*Medium*NoStarvation,5.86,25.14,6,7,15,0.2273,0.2514,0.35,0.0227,-0.1257,-0.07,0.0068,0.0,-0.1889,-1.0601,-1.0601,0.8224,66
40,40,2546.0,Medium*Medium*NoStarvation,20,Low*Medium*NoStarvation,25.14,16.14,7,7,10,0.2174,0.1614,0.35,0.0217,-0.0807,-0.07,0.0065,0.0,-0.1442,-1.0112,-1.0114,0.8224,46
40,41,2592.0,Low*Medium*NoStarvation,20,Low*Medium*NoStarvation,16.14,16.57,7,7,10,0.2174,0.1657,0.35,0.0217,-0.0829,-0.07,0.0065,0.0,-0.1463,-1.0108,-1.0113,0.8224,46
40,42,2618.0,Low*Medium*NoStarvation,10,Low*Medium*NoStarvation,16.57,8.86,7,7,4,0.1538,0.0886,0.35,0.0154,-0.0443,-0.07,0.0046,0.0,-0.1097,-0.9664,-0.9677,0.8224,26
40,43,2684.0,Low*Medium*NoStarvation,30,Medium*Medium*NoStarvation,8.86,26.29,7,7,15,0.2273,0.2629,0.35,0.0227,-0.1314,-0.07,0.0068,0.0,-0.1946,-1.0601,-1.0606,0.8224,66
40,44,2710.0,Medium*Medium*NoStarvation,10,Low*Medium*NoStarvation,26.29,7.43,7,7,5,0.1923,0.0743,0.35,0.0192,-0.0371,-0.07,0.0058,0.0,-0.1014,-0.9673,-0.9678,0.8224,26
40,45,2736.0,Low*Medium*NoStarvation,10,Low*Medium*NoStarvation,7.43,5.71,7,7,5,0.1923,0.0571,0.35,0.0192,-0.0286,-0.07,0.0058,0.0,-0.0928,-0.9677,-0.9673,0.8224,26
40,46,2762.0,Low*Medium*NoStarvation,10,Low*Medium*NoStarvation,5.71,8.71,7,7,4,0.1538,0.0871,0.35,0.0154,-0.0436,-0.07,0.0046,0.0,-0.109,-0.9673,-0.9685,0.8224,26
40,47,2788.0,Low*Medium*NoStarvation,10,Low*Medium*NoStarvation,8.71,6.43,7,7,5,0.1923,0.0643,0.35,0.0192,-0.0321,-0.07,0.0058,0.0,-0.0964,-0.9685,-0.9684,0.8224,26
40,48,2814.0,Low*Medium*NoStarvation,10,Low*Medium*NoStarvation,6.43,5.86,7,6,5,0.1923,0.0586,0.3,0.0192,-0.0293,-0.06,0.0058,0.0,-0.0835,-0.9684,-0.9671,0.8224,26
40,49,2880.0,Low*Medium*NoStarvation,30,Medium*Medium*NoStarvation,5.86,26.57,6,7,15,0.2273,0.2657,0.35,0.0227,-0.1329,-0.07,0.0068,0.0,-0.196,-1.0606,-1.0612,0.8224,66
40,50,2906.0,Medium*Medium*NoStarvation,10,Low*Medium*NoStarvation,26.57,7.57,7,7,4,0.1538,0.0757,0.35,0.0154,-0.0379,-0.07,0.0046,0.0,-0.1032,-0.9678,-0.9683,0.8224,26
40,51,3002.0,Low*Medium*NoStarvation,45,Medium*Medium*NoStarvation,7.57,41.57,7,7,22,0.2292,0.4157,0.35,0.0229,-0.2079,-0.07,0.0069,0.0,-0.271,-1.1358,-1.1364,0.8224,96
40,52,3028.0,Medium*Medium*NoStarvation,10,Low*Medium*NoStarvation,41.57,8.71,7,7,4,0.1538,0.0871,0.35,0.0154,-0.0436,-0.07,0.0046,0.0,-0.109,-0.9683,-0.9694,0.8224,26
40,53,3054.0,Low*Medium*NoStarvation,10,Low*Medium*NoStarvation,8.71,6.0,7,6,5,0.1923,0.06,0.3,0.0192,-0.03,-0.06,0.0058,0.0,-0.0842,-0.9671,-0.9659,0.8224,26
40,54,3100.0,Low*Medium*NoStarvation,20,Low*Medium*NoStarvation,6.0,16.29,6,7,10,0.2174,0.1629,0.35,0.0217,-0.0814,-0.07,0.0065,0.0,-0.1449,-1.0113,-1.0116,0.8224,46
40,55,3126.0,Low*Medium*NoStarvation,10,Low*Medium*NoStarvation,16.29,7.0,7,7,4,0.1538,0.07,0.35,0.0154,-0.035,-0.07,0.0046,0.0,-0.1004,-0.9659,-0.9662,0.8224,26
40,56,3172.0,Low*Medium*NoStarvation,20,Low*Medium*NoStarvation,7.0,17.29,7,7,10,0.2174,0.1729,0.35,0.0217,-0.0864,-0.07,0.0065,0.0,-0.1499,-1.0116,-1.0124,0.8224,46
40,57,3218.0,Low*Medium*NoStarvation,20,Low*Medium*NoStarvation,17.29,16.14,7,7,10,0.2174,0.1614,0.35,0.0217,-0.0807,-0.07,0.0065,0.0,-0.1442,-1.0124,-1.0126,0.8224,46
40,58,3244.0,Low*Medium*NoStarvation,10,Low*Medium*NoStarvation,16.14,6.43,7,7,4,0.1538,0.0643,0.35,0.0154,-0.0321,-0.07,0.0046,0.0,-0.0975,-0.9662,-0.9663,0.8224,26
40,59,3290.0,Low*Medium*NoStarvation,20,Low*Medium*NoStarvation,6.43,15.71,7,7,10,0.2174,0.1571,0.35,0.0217,-0.0786,-0.07,0.0065,0.0,-0.142,-1.0126,-1.0125,0.8224,46
40,60,3356.0,Low*Medium*NoStarvation,30,Medium*Medium*NoStarvation,15.71,27.29,7,7,15,0.2273,0.2729,0.35,0.0227,-0.1364,-0.07,0.0068,0.0,-0.1996,-1.0612,-1.0623,0.8224,66
40,61,3452.0,Medium*Medium*NoStarvation,45,Medium*Medium*NoStarvation,27.29,40.14,7,7,23,0.2396,0.4014,0.35,0.024,-0.2007,-0.07,0.0072,0.0,-0.2635,-1.1331,-1.1334,0.8224,96
40,62,3548.0,Medium*Medium*NoStarvation,45,Medium*Medium*NoStarvation,40.14,41.57,7,7,23,0.2396,0.4157,0.35,0.024,-0.2079,-0.07,0.0072,0.0,-0.2707,-1.1334,-1.1344,0.8224,96
40,63,3594.0,Medium*Medium*NoStarvation,20,Low*Medium*NoStarvation,41.57,15.57,7,7,10,0.2174,0.1557,0.35,0.0217,-0.0779,-0.07,0.0065,0.0,-0.1413,-1.0114,-1.0114,0.8224,46
40,64,3660.0,Low*Medium*NoStarvation,30,Medium*Medium*NoStarvation,15.57,28.57,7,7,14,0.2121,0.2857,0.35,0.0212,-0.1429,-0.07,0.0064,0.0,-0.2065,-1.0623,-1.064,0.8224,66
41,0,96.0,Low*Low*NoStarvation,20,Low*Medium*NoStarvation,0.83,16.14,2,7,21,0.4565,0.1614,0.35,0.0457,-0.0807,-0.07,0.0137,0.0,-0.137,-0.5623,-0.6067,0.8183,46
41,1,142.0,Low*Medium*NoStarvation,20,Low*Medium*NoStarvation,16.14,16.14,7,7,20,0.4348,0.1614,0.35,0.0435,-0.0807,-0.07,0.013,0.0,-0.1377,-1.0125,-1.012,0.8183,46
41,2,208.0,Low*Medium*NoStarvation,30,Medium*Medium*NoStarvation,16.14,26.57,7,7,30,0.4545,0.2657,0.35,0.0455,-0.1329,-0.07,0.0136,0.0,-0.1892,-1.064,-1.0637,0.8183,66
41,3,234.0,Medium*Medium*NoStarvation,10,Low*Medium*NoStarvation,26.57,7.76,7,8,8,0.3077,0.0776,0.4,0.0308,-0.0388,-0.08,0.0092,0.0,-0.1096,-0.9694,-0.9704,0.8183,26
41,4,280.0,Low*Medium*NoStarvation,20,Low*Medium*NoStarvation,7.76,16.43,8,7,20,0.4348,0.1643,0.35,0.0435,-0.0821,-0.07,0.013,0.0,-0.1391,-1.012,-1.0116,0.8183,46
41,5,306.0,Low*Medium*NoStarvation,10,Low*Medium*NoStarvation,16.43,6.43,7,7,10,0.3846,0.0643,0.35,0.0385,-0.0321,-0.07,0.0115,0.0,-0.0906,-0.9663,-0.9657,0.8183,26
41,6,352.0,Low*Medium*NoStarvation,20,Low*Medium*NoStarvation,6.43,16.71,7,7,20,0.4348,0.1671,0.35,0.0435,-0.0836,-0.07,0.013,0.0,-0.1405,-1.0116,-1.0114,0.8183,46
41,7,378.0,Low*Medium*NoStarvation,10,Low*Medium*NoStarvation,16.71,7.71,7,7,8,0.3077,0.0771,0.35,0.0308,-0.0386,-0.07,0.0092,0.0,-0.0993,-0.9657,-0.966,0.8183,26
41,8,474.0,Low*Medium*NoStarvation,45,Medium*Medium*NoStarvation,7.71,41.0,7,7,45,0.4688,0.41,0.35,0.0469,-0.205,-0.07,0.0141,0.0,-0.2609,-1.1364,-1.1362,0.8183,96
41,9,570.0,Medium*Medium*NoStarvation,45,Medium*Medium*NoStarvation,41.0,42.43,7,7,45,0.4688,0.4243,0.35,0.0469,-0.2121,-0.07,0.0141,0.0,-0.2681,-1.1344,-1.1351,0.8183,96
41,10,616.0,Medium*Medium*NoStarvation,20,Low*Medium*NoStarvation,42.43,15.86,7,7,20,0.4348,0.1586,0.35,0.0435,-0.0793,-0.07,0.013,0.0,-0.1362,-1.0114,-1.0108,0.8183,46
41,11,642.0,Low*Medium*NoStarvation,10,Low*Medium*NoStarvation,15.86,6.57,7,6,10,0.3846,0.0657,0.3,0.0385,-0.0329,-0.06,0.0115,0.0,-0.0813,-0.966,-0.9645,0.8183,26
41,12,688.0,Low*Medium*NoStarvation,20,Low*Medium*NoStarvation,6.57,17.86,6,7,20,0.4348,0.1786,0.35,0.0435,-0.0893,-0.07,0.013,0.0,-0.1462,-1.0114,-1.0117,0.8183,46
41,13,734.0,Low*Medium*NoStarvation,20,Low*Medium*NoStarvation,17.86,16.14,7,7,20,0.4348,0.1614,0.35,0.0435,-0.0807,-0.07,0.013,0.0,-0.1377,-1.0117,-1.0111,0.8183,46
41,14,830.0,Low*Medium*NoStarvation,45,Medium*Medium*NoStarvation,16.14,41.86,7,7,45,0.4688,0.4186,0.35,0.0469,-0.2093,-0.07,0.0141,0.0,-0.2652,-1.1362,-1.1365,0.8183,96
41,15,876.0,Medium*Medium*NoStarvation,20,Low*Medium*NoStarvation,41.86,16.43,7,7,20,0.4348,0.1643,0.35,0.0435,-0.0821,-0.07,0.013,0.0,-0.1391,-1.0108,-1.0105,0.8183,46
41,16,902.0,Low*Medium*NoStarvation,10,Low*Medium*NoStarvation,16.43,6.0,7,7,10,0.3846,0.06,0.35,0.0385,-0.03,-0.07,0.0115,0.0,-0.0885,-0.9645,-0.9637,0.8183,26
41,17,998.0,Low*Medium*NoStarvation,45,Medium*Medium*NoStarvation,6.0,41.14,7,7,45,0.4688,0.4114,0.35,0.0469,-0.2057,-0.07,0.0141,0.0,-0.2617,-1.1365,-1.1363,0.8183,96
41,18,1064.0,Medium*Medium*NoStarvation,30,Medium*Medium*NoStarvation,41.14,26.71,7,7,30,0.4545,0.2671,0.35,0.0455,-0.1336,-0.07,0.0136,0.0,-0.1899,-1.0595,-1.0598,0.8183,66
41,19,1160.0,Medium*Medium*NoStarvation,45,Medium*Medium*NoStarvation,26.71,41.86,7,7,45,0.4688,0.4186,0.35,0.0469,-0.2093,-0.07,0.0141,0.0,-0.2652,-1.1351,-1.1355,0.8183,96
41,20,1206.0,Medium*Medium*NoStarvation,20,Low*Medium*NoStarvation,41.86,16.14,7,7,20,0.4348,0.1614,0.35,0.0435,-0.0807,-0.07,0.013,0.0,-0.1377,-1.0105,-1.0099,0.8183,46
41,21,1252.0,Low*Medium*NoStarvation,20,Low*Medium*NoStarvation,16.14,15.86,7,7,20,0.4348,0.1586,0.35,0.0435,-0.0793,-0.07,0.013,0.0,-0.1362,-1.0111,-1.0104,0.8183,46
41,22,1278.0,Low*Medium*NoStarvation,10,Low*Medium*NoStarvation,15.86,8.0,7,7,9,0.3462,0.08,0.35,0.0346,-0.04,-0.07,0.0104,0.0,-0.0996,-0.9637,-0.964,0.8183,26
41,23,1304.0,Low*Medium*NoStarvation,10,Low*Medium*NoStarvation,8.0,5.71,7,6,10,0.3846,0.0571,0.3,0.0385,-0.0286,-0.06,0.0115,0.0,-0.077,-0.964,-0.9621,0.8183,26
41,24,1330.0,Low*Medium*NoStarvation,10,Low*Medium*NoStarvation,5.71,7.43,6,7,9,0.3462,0.0743,0.35,0.0346,-0.0371,-0.07,0.0104,0.0,-0.0968,-0.9621,-0.9621,0.8183,26
41,25,1396.0,Low*Medium*NoStarvation,30,Medium*Medium*NoStarvation,7.43,25.86,7,7,30,0.4545,0.2586,0.35,0.0455,-0.1293,-0.07,0.0136,0.0,-0.1856,-1.0637,-1.0633,0.8183,66
41,26,1422.0,Medium*Medium*NoStarvation,10,Low*Medium*NoStarvation,25.86,8.71,7,7,6,0.2308,0.0871,0.35,0.0231,-0.0436,-0.07,0.0069,0.0,-0.1066,-0.9704,-0.9706,0.8183,26
41,27,1518.0,Low*Medium*NoStarvation,45,Medium*Medium*NoStarvation,8.71,40.86,7,7,22,0.2292,0.4086,0.35,0.0229,-0.2043,-0.07,0.0069,0.0,-0.2674,-1.1363,-1.1368,0.8183,96
41,28,1584.0,Medium*Medium*NoStarvation,30,Medium*Medium*NoStarvation,40.86,26.29,7,7,15,0.2273,0.2629,0.35,0.0227,-0.1314,-0.07,0.0068,0.0,-0.1946,-1.0598,-1.0607,0.8183,66
41,29,1650.0,Medium*Medium*NoStarvation,30,Medium*Medium*NoStarvation,26.29,25.71,7,7,15,0.2273,0.2571,0.35,0.0227,-0.1286,-0.07,0.0068,0.0,-0.1918,-1.0607,-1.0611,0.8183,66
41,30,1696.0,Medium*Medium*NoStarvation,20,Low*Medium*NoStarvation,25.71,16.57,7,7,10,0.2174,0.1657,0.35,0.0217,-0.0829,-0.07,0.0065,0.0,-0.1463,-1.0099,-1.0101,0.8183,46
41,31,1762.0,Low*Medium*NoStarvation,30,Medium*Medium*NoStarvation,16.57,26.0,7,7,15,0.2273,0.26,0.35,0.0227,-0.13,-0.07,0.0068,0.0,-0.1932,-1.0633,-1.0636,0.8183,66
41,32,1828.0,Medium*Medium*NoStarvation,30,Medium*Medium*NoStarvation,26.0,25.86,7,7,15,0.2273,0.2586,0.35,0.0227,-0.1293,-0.07,0.0068,0.0,-0.1925,-1.0611,-1.0616,0.8183,66
41,33,1924.0,Medium*Medium*NoStarvation,45,Medium*Medium*NoStarvation,25.86,42.71,7,7,22,0.2292,0.4271,0.35,0.0229,-0.2136,-0.07,0.0069,0.0,-0.2767,-1.1355,-1.1369,0.8183,96
41,34,1950.0,Medium*Medium*NoStarvation,10,Low*Medium*NoStarvation,42.71,6.57,7,7,5,0.1923,0.0657,0.35,0.0192,-0.0329,-0.07,0.0058,0.0,-0.0971,-0.9706,-0.9699,0.8183,26
41,35,1976.0,Low*Medium*NoStarvation,10,Low*Medium*NoStarvation,6.57,6.57,7,7,5,0.1923,0.0657,0.35,0.0192,-0.0329,-0.07,0.0058,0.0,-0.0971,-0.9621,-0.9622,0.8183,26
41,36,2002.0,Low*Medium*NoStarvation,10,Low*Medium*NoStarvation,6.57,6.71,7,7,5,0.1923,0.0671,0.35,0.0192,-0.0336,-0.07,0.0058,0.0,-0.0978,-0.9622,-0.9624,0.8183,26
41,37,2028.0,Low*Medium*NoStarvation,10,Low*Medium*NoStarvation,6.71,9.29,7,7,4,0.1538,0.0929,0.35,0.0154,-0.0464,-0.07,0.0046,0.0,-0.1118,-0.9624,-0.9639,0.8183,26
41,38,2124.0,Low*Medium*NoStarvation,45,Medium*Medium*NoStarvation,9.29,42.29,7,7,22,0.2292,0.4229,0.35,0.0229,-0.2114,-0.07,0.0069,0.0,-0.2746,-1.1368,-1.1379,0.8183,96
41,39,2190.0,Medium*Medium*NoStarvation,30,Medium*Medium*NoStarvation,42.29,25.57,7,7,15,0.2273,0.2557,0.35,0.0227,-0.1279,-0.07,0.0068,0.0,-0.191,-1.0616,-1.0619,0.8183,66
41,40,2216.0,Medium*Medium*NoStarvation,10,Low*Medium*NoStarvation,25.57,7.43,7,7,4,0.1538,0.0743,0.35,0.0154,-0.0371,-0.07,0.0046,0.0,-0.1025,-0.9699,-0.9699,0.8183,26
41,41,2282.0,Low*Medium*NoStarvation,30,Medium*Medium*NoStarvation,7.43,26.14,7,7,15,0.2273,0.2614,0.35,0.0227,-0.1307,-0.07,0.0068,0.0,-0.1939,-1.0636,-1.0639,0.8183,66
41,42,2328.0,Medium*Medium*NoStarvation,20,Low*Medium*NoStarvation,26.14,16.29,7,7,10,0.2174,0.1629,0.35,0.0217,-0.0814,-0.07,0.0065,0.0,-0.1449,-1.0101,-1.0104,0.8183,46
41,43,2394.0,Low*Medium*NoStarvation,30,Medium*Medium*NoStarvation,16.29,25.57,7,7,15,0.2273,0.2557,0.35,0.0227,-0.1279,-0.07,0.0068,0.0,-0.191,-1.0639,-1.0639,0.8183,66
41,44,2440.0,Medium*Medium*NoStarvation,20,Low*Medium*NoStarvation,25.57,16.0,7,7,10,0.2174,0.16,0.35,0.0217,-0.08,-0.07,0.0065,0.0,-0.1435,-1.0104,-1.0104,0.8183,46
41,45,2466.0,Low*Medium*NoStarvation,10,Low*Medium*NoStarvation,16.0,8.43,7,7,4,0.1538,0.0843,0.35,0.0154,-0.0421,-0.07,0.0046,0.0,-0.1075,-0.9639,-0.965,0.8183,26
41,46,2512.0,Low*Medium*NoStarvation,20,Low*Medium*NoStarvation,8.43,17.43,7,7,10,0.2174,0.1743,0.35,0.0217,-0.0871,-0.07,0.0065,0.0,-0.1506,-1.0104,-1.0112,0.8183,46
41,47,2578.0,Low*Medium*NoStarvation,30,Medium*Medium*NoStarvation,17.43,26.43,7,7,15,0.2273,0.2643,0.35,0.0227,-0.1321,-0.07,0.0068,0.0,-0.1953,-1.0639,-1.0644,0.8183,66
41,48,2674.0,Medium*Medium*NoStarvation,45,Medium*Medium*NoStarvation,26.43,42.29,7,7,22,0.2292,0.4229,0.35,0.0229,-0.2114,-0.07,0.0069,0.0,-0.2746,-1.1369,-1.138,0.8183,96
41,49,2700.0,Medium*Medium*NoStarvation,10,Low*Medium*NoStarvation,42.29,7.29,7,7,5,0.1923,0.0729,0.35,0.0192,-0.0364,-0.07,0.0058,0.0,-0.1007,-0.9699,-0.9698,0.8183,26
41,50,2726.0,Low*Medium*NoStarvation,10,Low*Medium*NoStarvation,7.29,6.0,7,7,5,0.1923,0.06,0.35,0.0192,-0.03,-0.07,0.0058,0.0,-0.0942,-0.965,-0.9648,0.8183,26
41,51,2752.0,Low*Medium*NoStarvation,10,Low*Medium*NoStarvation,6.0,5.29,7,6,5,0.1923,0.0529,0.3,0.0192,-0.0264,-0.06,0.0058,0.0,-0.0807,-0.9648,-0.9632,0.8183,26
41,52,2848.0,Low*Medium*NoStarvation,45,Medium*Medium*NoStarvation,5.29,42.71,6,7,22,0.2292,0.4271,0.35,0.0229,-0.2136,-0.07,0.0069,0.0,-0.2767,-1.1379,-1.139,0.8183,96
41,53,2874.0,Medium*Medium*NoStarvation,10,Low*Medium*NoStarvation,42.71,8.57,7,7,4,0.1538,0.0857,0.35,0.0154,-0.0429,-0.07,0.0046,0.0,-0.1082,-0.9698,-0.9704,0.8183,26
41,54,2900.0,Low*Medium*NoStarvation,10,Low*Medium*NoStarvation,8.57,6.43,7,7,5,0.1923,0.0643,0.35,0.0192,-0.0321,-0.07,0.0058,0.0,-0.0964,-0.9632,-0.9632,0.8183,26
41,55,2946.0,Low*Medium*NoStarvation,20,Low*Medium*NoStarvation,6.43,16.86,7,7,10,0.2174,0.1686,0.35,0.0217,-0.0843,-0.07,0.0065,0.0,-0.1478,-1.0112,-1.0116,0.8183,46
41,56,3012.0,Low*Medium*NoStarvation,30,Medium*Medium*NoStarvation,16.86,27.14,7,7,15,0.2273,0.2714,0.35,0.0227,-0.1357,-0.07,0.0068,0.0,-0.1989,-1.0644,-1.0652,0.8183,66
41,57,3078.0,Medium*Medium*NoStarvation,30,Medium*Medium*NoStarvation,27.14,26.0,7,7,15,0.2273,0.26,0.35,0.0227,-0.13,-0.07,0.0068,0.0,-0.1932,-1.0619,-1.0623,0.8183,66
41,58,3104.0,Medium*Medium*NoStarvation,10,Low*Medium*NoStarvation,26.0,6.57,7,7,5,0.1923,0.0657,0.35,0.0192,-0.0329,-0.07,0.0058,0.0,-0.0971,-0.9704,-0.9697,0.8183,26
41,59,3150.0,Low*Medium*NoStarvation,20,Low*Medium*NoStarvation,6.57,16.0,7,7,10,0.2174,0.16,0.35,0.0217,-0.08,-0.07,0.0065,0.0,-0.1435,-1.0116,-1.0115,0.8183,46
41,60,3246.0,Low*Medium*NoStarvation,45,Medium*Medium*NoStarvation,16.0,41.71,7,7,22,0.2292,0.4171,0.35,0.0229,-0.2086,-0.07,0.0069,0.0,-0.2717,-1.139,-1.1396,0.8183,96
41,61,3272.0,Medium*Medium*NoStarvation,10,Low*Medium*NoStarvation,41.71,6.71,7,7,5,0.1923,0.0671,0.35,0.0192,-0.0336,-0.07,0.0058,0.0,-0.0978,-0.9697,-0.9692,0.8183,26
41,62,3298.0,Low*Medium*NoStarvation,10,Low*Medium*NoStarvation,6.71,6.29,7,7,5,0.1923,0.0629,0.35,0.0192,-0.0314,-0.07,0.0058,0.0,-0.0957,-0.9632,-0.9632,0.8183,26
41,63,3364.0,Low*Medium*NoStarvation,30,Medium*Medium*NoStarvation,6.29,27.29,7,7,14,0.2121,0.2729,0.35,0.0212,-0.1364,-0.07,0.0064,0.0,-0.2001,-1.0652,-1.0659,0.8183,66
41,64,3430.0,Medium*Medium*NoStarvation,30,Medium*Medium*NoStarvation,27.29,27.14,7,7,14,0.2121,0.2714,0.35,0.0212,-0.1357,-0.07,0.0064,0.0,-0.1994,-1.0623,-1.0633,0.8183,66
41,65,3476.0,Medium*Medium*NoStarvation,20,Low*Medium*NoStarvation,27.14,15.86,7,7,10,0.2174,0.1586,0.35,0.0217,-0.0793,-0.07,0.0065,0.0,-0.1428,-1.0104,-1.0104,0.8183,46
41,66,3572.0,Low*Medium*NoStarvation,45,Medium*Medium*NoStarvation,15.86,41.57,7,7,22,0.2292,0.4157,0.35,0.0229,-0.2079,-0.07,0.0069,0.0,-0.271,-1.1396,-1.1399,0.8183,96
41,67,3668.0,Medium*Medium*NoStarvation,45,Medium*Medium*NoStarvation,41.57,42.14,7,7,22,0.2292,0.4214,0.35,0.0229,-0.2107,-0.07,0.0069,0.0,-0.2738,-1.138,-1.1388,0.8183,96
42,0,116.0,Low*Low*NoStarvation,30,Medium*Medium*NoStarvation,0.83,26.71,2,7,31,0.4697,0.2671,0.35,0.047,-0.1336,-0.07,0.0141,0.0,-0.1895,-0.5953,-0.6419,0.8142,66
42,1,182.0,Medium*Medium*NoStarvation,30,Medium*Medium*NoStarvation,26.71,26.43,7,7,31,0.4697,0.2643,0.35,0.047,-0.1321,-0.07,0.0141,0.0,-0.1881,-1.0633,-1.063,0.8142,66
42,2,208.0,Medium*Medium*NoStarvation,10,Low*Medium*NoStarvation,26.43,6.0,7,7,10,0.3846,0.06,0.35,0.0385,-0.03,-0.07,0.0115,0.0,-0.0885,-0.9692,-0.9678,0.8142,26
42,3,234.0,Low*Medium*NoStarvation,10,Low*Medium*NoStarvation,6.0,7.93,7,8,8,0.3077,0.0793,0.4,0.0308,-0.0396,-0.08,0.0092,0.0,-0.1104,-0.9632,-0.9646,0.8142,26
42,4,300.0,Low*Medium*NoStarvation,30,Medium*Medium*NoStarvation,7.93,25.14,8,7,31,0.4697,0.2514,0.35,0.047,-0.1257,-0.07,0.0141,0.0,-0.1816,-1.0659,-1.0646,0.8142,66
42,5,326.0,Medium*Medium*NoStarvation,10,Low*Medium*NoStarvation,25.14,7.29,7,7,10,0.3846,0.0729,0.35,0.0385,-0.0364,-0.07,0.0115,0.0,-0.0949,-0.9678,-0.9673,0.8142,26
42,6,392.0,Low*Medium*NoStarvation,30,Medium*Medium*NoStarvation,7.29,26.29,7,7,30,0.4545,0.2629,0.35,0.0455,-0.1314,-0.07,0.0136,0.0,-0.1878,-1.0646,-1.0639,0.8142,66
42,7,438.0,Medium*Medium*NoStarvation,20,Low*Medium*NoStarvation,26.29,15.71,7,7,20,0.4348,0.1571,0.35,0.0435,-0.0786,-0.07,0.013,0.0,-0.1355,-1.0104,-1.0097,0.8142,46
42,8,484.0,Low*Medium*NoStarvation,20,Low*Medium*NoStarvation,15.71,15.86,7,7,20,0.4348,0.1586,0.35,0.0435,-0.0793,-0.07,0.013,0.0,-0.1362,-1.0115,-1.0108,0.8142,46
42,9,510.0,Low*Medium*NoStarvation,10,Low*Medium*NoStarvation,15.86,7.0,7,7,10,0.3846,0.07,0.35,0.0385,-0.035,-0.07,0.0115,0.0,-0.0935,-0.9646,-0.9643,0.8142,26
42,10,536.0,Low*Medium*NoStarvation,10,Low*Medium*NoStarvation,7.0,5.86,7,7,10,0.3846,0.0586,0.35,0.0385,-0.0293,-0.07,0.0115,0.0,-0.0877,-0.9643,-0.9634,0.8142,26
42,11,632.0,Low*Medium*NoStarvation,45,Medium*Medium*NoStarvation,5.86,39.29,7,7,46,0.4792,0.3929,0.35,0.0479,-0.1964,-0.07,0.0144,0.0,-0.2521,-1.1399,-1.1382,0.8142,96
42,12,698.0,Medium*Medium*NoStarvation,30,Medium*Medium*NoStarvation,39.29,26.14,7,7,30,0.4545,0.2614,0.35,0.0455,-0.1307,-0.07,0.0136,0.0,-0.1871,-1.063,-1.0624,0.8142,66
42,13,724.0,Medium*Medium*NoStarvation,10,Low*Medium*NoStarvation,26.14,8.39,7,8,9,0.3462,0.0839,0.4,0.0346,-0.042,-0.08,0.0104,0.0,-0.1116,-0.9673,-0.9685,0.8142,26
42,14,750.0,Low*Medium*NoStarvation,10,Low*Medium*NoStarvation,8.39,7.14,8,7,9,0.3462,0.0714,0.35,0.0346,-0.0357,-0.07,0.0104,0.0,-0.0953,-0.9634,-0.9633,0.8142,26
42,15,846.0,Low*Medium*NoStarvation,45,Medium*Medium*NoStarvation,7.14,42.43,7,7,45,0.4688,0.4243,0.35,0.0469,-0.2121,-0.07,0.0141,0.0,-0.2681,-1.1382,-1.1384,0.8142,96
42,16,912.0,Medium*Medium*NoStarvation,30,Medium*Medium*NoStarvation,42.43,26.86,7,7,29,0.4394,0.2686,0.35,0.0439,-0.1343,-0.07,0.0132,0.0,-0.1911,-1.0624,-1.0625,0.8142,66
42,17,1008.0,Medium*Medium*NoStarvation,45,Medium*Medium*NoStarvation,26.86,41.0,7,7,45,0.4688,0.41,0.35,0.0469,-0.205,-0.07,0.0141,0.0,-0.2609,-1.1388,-1.1382,0.8142,96
42,18,1054.0,Medium*Medium*NoStarvation,20,Low*Medium*NoStarvation,41.0,16.57,7,7,20,0.4348,0.1657,0.35,0.0435,-0.0829,-0.07,0.013,0.0,-0.1398,-1.0097,-1.0094,0.8142,46
42,19,1100.0,Low*Medium*NoStarvation,20,Low*Medium*NoStarvation,16.57,16.71,7,7,20,0.4348,0.1671,0.35,0.0435,-0.0836,-0.07,0.013,0.0,-0.1405,-1.0108,-1.0104,0.8142,46
42,20,1146.0,Low*Medium*NoStarvation,20,Low*Medium*NoStarvation,16.71,15.86,7,7,20,0.4348,0.1586,0.35,0.0435,-0.0793,-0.07,0.013,0.0,-0.1362,-1.0104,-1.0097,0.8142,46
42,21,1172.0,Low*Medium*NoStarvation,10,Low*Medium*NoStarvation,15.86,6.71,7,7,9,0.3462,0.0671,0.35,0.0346,-0.0336,-0.07,0.0104,0.0,-0.0932,-0.9633,-0.963,0.8142,26
42,22,1198.0,Low*Medium*NoStarvation,10,Low*Medium*NoStarvation,6.71,6.86,7,7,9,0.3462,0.0686,0.35,0.0346,-0.0343,-0.07,0.0104,0.0,-0.0939,-0.963,-0.9628,0.8142,26
42,23,1224.0,Low*Medium*NoStarvation,10,Low*Medium*NoStarvation,6.86,7.14,7,7,10,0.3846,0.0714,0.35,0.0385,-0.0357,-0.07,0.0115,0.0,-0.0942,-0.9628,-0.9625,0.8142,26
42,24,1320.0,Low*Medium*NoStarvation,45,Medium*Medium*NoStarvation,7.14,40.0,7,7,45,0.4688,0.4,0.35,0.0469,-0.2,-0.07,0.0141,0.0,-0.2559,-1.1384,-1.1373,0.8142,96
42,25,1346.0,Medium*Medium*NoStarvation,10,Low*Medium*NoStarvation,40.0,8.57,7,7,9,0.3462,0.0857,0.35,0.0346,-0.0429,-0.07,0.0104,0.0,-0.1025,-0.9685,-0.9685,0.8142,26
42,26,1412.0,Low*Medium*NoStarvation,30,Medium*Medium*NoStarvation,8.57,25.57,7,7,30,0.4545,0.2557,0.35,0.0455,-0.1279,-0.07,0.0136,0.0,-0.1842,-1.0639,-1.0631,0.8142,66
42,27,1458.0,Medium*Medium*NoStarvation,20,Low*Medium*NoStarvation,25.57,15.86,7,7,12,0.2609,0.1586,0.35,0.0261,-0.0793,-0.07,0.0078,0.0,-0.1415,-1.0094,-1.0092,0.8142,46
42,28,1554.0,Low*Medium*NoStarvation,45,Medium*Medium*NoStarvation,15.86,40.86,7,7,22,0.2292,0.4086,0.35,0.0229,-0.2043,-0.07,0.0069,0.0,-0.2674,-1.1373,-1.1375,0.8142,96
42,29,1620.0,Medium*Medium*NoStarvation,30,Medium*Medium*NoStarvation,40.86,26.57,7,7,15,0.2273,0.2657,0.35,0.0227,-0.1329,-0.07,0.0068,0.0,-0.196,-1.0625,-1.063,0.8142,66
42,30,1646.0,Medium*Medium*NoStarvation,10,Low*Medium*NoStarvation,26.57,6.86,7,7,5,0.1923,0.0686,0.35,0.0192,-0.0343,-0.07,0.0058,0.0,-0.0985,-0.9685,-0.9681,0.8142,26
42,31,1712.0,Low*Medium*NoStarvation,30,Medium*Medium*NoStarvation,6.86,26.0,7,7,15,0.2273,0.26,0.35,0.0227,-0.13,-0.07,0.0068,0.0,-0.1932,-1.0631,-1.0633,0.8142,66
42,32,1738.0,Medium*Medium*NoStarvation,10,Low*Medium*NoStarvation,26.0,7.43,7,7,4,0.1538,0.0743,0.35,0.0154,-0.0371,-0.07,0.0046,0.0,-0.1025,-0.9681,-0.9682,0.8142,26
42,33,1834.0,Low*Medium*NoStarvation,45,Medium*Medium*NoStarvation,7.43,40.43,7,7,23,0.2396,0.4043,0.35,0.024,-0.2021,-0.07,0.0072,0.0,-0.265,-1.1375,-1.1373,0.8142,96
42,34,1900.0,Medium*Medium*NoStarvation,30,Medium*Medium*NoStarvation,40.43,26.29,7,7,15,0.2273,0.2629,0.35,0.0227,-0.1314,-0.07,0.0068,0.0,-0.1946,-1.063,-1.0633,0.8142,66
42,35,1946.0,Medium*Medium*NoStarvation,20,Low*Medium*NoStarvation,26.29,16.43,7,7,10,0.2174,0.1643,0.35,0.0217,-0.0821,-0.07,0.0065,0.0,-0.1456,-1.0092,-1.0095,0.8142,46
42,36,1992.0,Low*Medium*NoStarvation,20,Low*Medium*NoStarvation,16.43,15.29,7,7,10,0.2174,0.1529,0.35,0.0217,-0.0764,-0.07,0.0065,0.0,-0.1399,-1.0097,-1.0094,0.8142,46
42,37,2018.0,Low*Medium*NoStarvation,10,Low*Medium*NoStarvation,15.29,8.71,7,7,4,0.1538,0.0871,0.35,0.0154,-0.0436,-0.07,0.0046,0.0,-0.109,-0.9625,-0.9638,0.8142,26
42,38,2084.0,Low*Medium*NoStarvation,30,Medium*Medium*NoStarvation,8.71,26.29,7,7,15,0.2273,0.2629,0.35,0.0227,-0.1314,-0.07,0.0068,0.0,-0.1946,-1.0633,-1.0635,0.8142,66
42,39,2180.0,Medium*Medium*NoStarvation,45,Medium*Medium*NoStarvation,26.29,40.71,7,7,23,0.2396,0.4071,0.35,0.024,-0.2036,-0.07,0.0072,0.0,-0.2664,-1.1382,-1.1381,0.8142,96
42,40,2206.0,Medium*Medium*NoStarvation,10,Low*Medium*NoStarvation,40.71,7.29,7,7,4,0.1538,0.0729,0.35,0.0154,-0.0364,-0.07,0.0046,0.0,-0.1018,-0.9682,-0.9683,0.8142,26
42,41,2302.0,Low*Medium*NoStarvation,45,Medium*Medium*NoStarvation,7.29,42.43,7,7,22,0.2292,0.4243,0.35,0.0229,-0.2121,-0.07,0.0069,0.0,-0.2753,-1.1373,-1.1383,0.8142,96
42,42,2348.0,Medium*Medium*NoStarvation,20,Low*Medium*NoStarvation,42.43,16.86,7,7,10,0.2174,0.1686,0.35,0.0217,-0.0843,-0.07,0.0065,0.0,-0.1478,-1.0095,-1.0101,0.8142,46
42,43,2374.0,Low*Medium*NoStarvation,10,Low*Medium*NoStarvation,16.86,6.57,7,7,5,0.1923,0.0657,0.35,0.0192,-0.0329,-0.07,0.0058,0.0,-0.0971,-0.9638,-0.9639,0.8142,26
42,44,2400.0,Low*Medium*NoStarvation,10,Low*Medium*NoStarvation,6.57,6.86,7,7,5,0.1923,0.0686,0.35,0.0192,-0.0343,-0.07,0.0058,0.0,-0.0985,-0.9639,-0.9641,0.8142,26
42,45,2426.0,Low*Medium*NoStarvation,10,Low*Medium*NoStarvation,6.86,6.14,7,7,5,0.1923,0.0614,0.35,0.0192,-0.0307,-0.07,0.0058,0.0,-0.0949,-0.9641,-0.964,0.8142,26
42,46,2452.0,Low*Medium*NoStarvation,10,Low*Medium*NoStarvation,6.14,9.43,7,7,4,0.1538,0.0943,0.35,0.0154,-0.0471,-0.07,0.0046,0.0,-0.1125,-0.964,-0.9656,0.8142,26
42,47,2498.0,Low*Medium*NoStarvation,20,Low*Medium*NoStarvation,9.43,15.0,7,7,10,0.2174,0.15,0.35,0.0217,-0.075,-0.07,0.0065,0.0,-0.1385,-1.0094,-1.0092,0.8142,46
42,48,2524.0,Low*Medium*NoStarvation,10,Low*Medium*NoStarvation,15.0,6.71,7,7,5,0.1923,0.0671,0.35,0.0192,-0.0336,-0.07,0.0058,0.0,-0.0978,-0.9656,-0.9657,0.8142,26
42,49,2570.0,Low*Medium*NoStarvation,20,Low*Medium*NoStarvation,6.71,15.86,7,7,10,0.2174,0.1586,0.35,0.0217,-0.0793,-0.07,0.0065,0.0,-0.1428,-1.0092,-1.0094,0.8142,46
42,50,2596.0,Low*Medium*NoStarvation,10,Low*Medium*NoStarvation,15.86,6.29,7,7,5,0.1923,0.0629,0.35,0.0192,-0.0314,-0.07,0.0058,0.0,-0.0957,-0.9657,-0.9656,0.8142,26
42,51,2692.0,Low*Medium*NoStarvation,45,Medium*Medium*NoStarvation,6.29,40.0,7,7,23,0.2396,0.4,0.35,0.024,-0.2,-0.07,0.0072,0.0,-0.2628,-1.1383,-1.1379,0.8142,96
42,52,2738.0,Medium*Medium*NoStarvation,20,Low*Medium*NoStarvation,40.0,15.71,7,7,10,0.2174,0.1571,0.35,0.0217,-0.0786,-0.07,0.0065,0.0,-0.142,-1.0101,-1.0102,0.8142,46
42,53,2764.0,Low*Medium*NoStarvation,10,Low*Medium*NoStarvation,15.71,5.0,7,6,5,0.1923,0.05,0.3,0.0192,-0.025,-0.06,0.0058,0.0,-0.0792,-0.9656,-0.9639,0.8142,26
42,54,2790.0,Low*Medium*NoStarvation,10,Low*Medium*NoStarvation,5.0,7.71,6,7,4,0.1538,0.0771,0.35,0.0154,-0.0386,-0.07,0.0046,0.0,-0.104,-0.9639,-0.9646,0.8142,26
42,55,2856.0,Low*Medium*NoStarvation,30,Medium*Medium*NoStarvation,7.71,25.71,7,7,15,0.2273,0.2571,0.35,0.0227,-0.1286,-0.07,0.0068,0.0,-0.1918,-1.0635,-1.0635,0.8142,66
42,56,2882.0,Medium*Medium*NoStarvation,10,Low*Medium*NoStarvation,25.71,8.14,7,7,4,0.1538,0.0814,0.35,0.0154,-0.0407,-0.07,0.0046,0.0,-0.1061,-0.9683,-0.9689,0.8142,26
42,57,2928.0,Low*Medium*NoStarvation,20,Low*Medium*NoStarvation,8.14,15.43,7,7,10,0.2174,0.1543,0.35,0.0217,-0.0771,-0.07,0.0065,0.0,-0.1406,-1.0094,-1.0094,0.8142,46
42,58,3024.0,Low*Medium*NoStarvation,45,Medium*Medium*NoStarvation,15.43,41.14,7,7,22,0.2292,0.4114,0.35,0.0229,-0.2057,-0.07,0.0069,0.0,-0.2688,-1.1379,-1.1382,0.8142,96
42,59,3120.0,Medium*Medium*NoStarvation,45,Medium*Medium*NoStarvation,41.14,39.86,7,7,23,0.2396,0.3986,0.35,0.024,-0.1993,-0.07,0.0072,0.0,-0.2621,-1.1381,-1.1377,0.8142,96
42,60,3216.0,Medium*Medium*NoStarvation,45,Medium*Medium*NoStarvation,39.86,42.43,7,7,22,0.2292,0.4243,0.35,0.0229,-0.2121,-0.07,0.0069,0.0,-0.2753,-1.1377,-1.1387,0.8142,96
42,61,3242.0,Medium*Medium*NoStarvation,10,Low*Medium*NoStarvation,42.43,7.0,7,7,5,0.1923,0.07,0.35,0.0192,-0.035,-0.07,0.0058,0.0,-0.0992,-0.9689,-0.9688,0.8142,26
42,62,3268.0,Low*Medium*NoStarvation,10,Low*Medium*NoStarvation,7.0,7.86,7,7,4,0.1538,0.0786,0.35,0.0154,-0.0393,-0.07,0.0046,0.0,-0.1047,-0.9646,-0.9654,0.8142,26
42,63,3334.0,Low*Medium*NoStarvation,30,Medium*Medium*NoStarvation,7.86,26.57,7,7,15,0.2273,0.2657,0.35,0.0227,-0.1329,-0.07,0.0068,0.0,-0.196,-1.0635,-1.064,0.8142,66
42,64,3360.0,Medium*Medium*NoStarvation,10,Low*Medium*NoStarvation,26.57,7.86,7,7,4,0.1538,0.0786,0.35,0.0154,-0.0393,-0.07,0.0046,0.0,-0.1047,-0.9688,-0.9692,0.8142,26
42,65,3426.0,Low*Medium*NoStarvation,30,Medium*Medium*NoStarvation,7.86,25.43,7,7,15,0.2273,0.2543,0.35,0.0227,-0.1271,-0.07,0.0068,0.0,-0.1903,-1.064,-1.0638,0.8142,66
42,66,3452.0,Medium*Medium*NoStarvation,10,Low*Medium*NoStarvation,25.43,9.0,7,7,4,0.1538,0.09,0.35,0.0154,-0.045,-0.07,0.0046,0.0,-0.1104,-0.9692,-0.9702,0.8142,26
42,67,3518.0,Low*Medium*NoStarvation,30,Medium*Medium*NoStarvation,9.0,26.14,7,7,15,0.2273,0.2614,0.35,0.0227,-0.1307,-0.07,0.0068,0.0,-0.1939,-1.0638,-1.0642,0.8142,66
42,68,3544.0,Medium*Medium*NoStarvation,10,Low*Medium*NoStarvation,26.14,8.86,7,7,4,0.1538,0.0886,0.35,0.0154,-0.0443,-0.07,0.0046,0.0,-0.1097,-0.9702,-0.9711,0.8142,26
42,69,3640.0,Low*Medium*NoStarvation,45,Medium*Medium*NoStarvation,8.86,40.0,7,7,23,0.2396,0.4,0.35,0.024,-0.2,-0.07,0.0072,0.0,-0.2628,-1.1382,-1.138,0.8142,96
43,0,116.0,Low*Low*NoStarvation,30,Medium*Medium*NoStarvation,0.83,26.71,2,7,31,0.4697,0.2671,0.35,0.047,-0.1336,-0.07,0.0141,0.0,-0.1895,-0.6419,-0.6841,0.8102,66
43,1,142.0,Medium*Medium*NoStarvation,10,Low*Medium*NoStarvation,26.71,7.0,7,7,10,0.3846,0.07,0.35,0.0385,-0.035,-0.07,0.0115,0.0,-0.0935,-0.9711,-0.9702,0.8102,26
43,2,168.0,Low*Medium*NoStarvation,10,Low*Medium*NoStarvation,7.0,7.57,7,7,9,0.3462,0.0757,0.35,0.0346,-0.0379,-0.07,0.0104,0.0,-0.0975,-0.9654,-0.9655,0.8102,26
43,3,234.0,Low*Medium*NoStarvation,30,Medium*Medium*NoStarvation,7.57,26.57,7,7,30,0.4545,0.2657,0.35,0.0455,-0.1329,-0.07,0.0136,0.0,-0.1892,-1.0642,-1.064,0.8102,66
43,4,260.0,Medium*Medium*NoStarvation,10,Low*Medium*NoStarvation,26.57,6.82,7,8,10,0.3846,0.0682,0.4,0.0385,-0.0341,-0.08,0.0115,0.0,-0.1026,-0.9702,-0.9703,0.8102,26
43,5,356.0,Low*Medium*NoStarvation,45,Medium*Medium*NoStarvation,6.82,40.86,8,7,45,0.4688,0.4086,0.35,0.0469,-0.2043,-0.07,0.0141,0.0,-0.2602,-1.138,-1.1376,0.8102,96
43,6,422.0,Medium*Medium*NoStarvation,30,Medium*Medium*NoStarvation,40.86,26.86,7,7,29,0.4394,0.2686,0.35,0.0439,-0.1343,-0.07,0.0132,0.0,-0.1911,-1.0633,-1.0634,0.8102,66
43,7,448.0,Medium*Medium*NoStarvation,10,Low*Medium*NoStarvation,26.86,9.07,7,8,9,0.3462,0.0907,0.4,0.0346,-0.0454,-0.08,0.0104,0.0,-0.115,-0.9703,-0.9717,0.8102,26
43,8,474.0,Low*Medium*NoStarvation,10,Low*Medium*NoStarvation,9.07,9.54,8,8,8,0.3077,0.0954,0.4,0.0308,-0.0477,-0.08,0.0092,0.0,-0.1184,-0.9655,-0.9677,0.8102,26
43,9,520.0,Low*Medium*NoStarvation,20,Low*Medium*NoStarvation,9.54,15.86,8,7,20,0.4348,0.1586,0.35,0.0435,-0.0793,-0.07,0.013,0.0,-0.1362,-1.0094,-1.0092,0.8102,46
43,10,546.0,Low*Medium*NoStarvation,10,Low*Medium*NoStarvation,15.86,6.0,7,7,10,0.3846,0.06,0.35,0.0385,-0.03,-0.07,0.0115,0.0,-0.0885,-0.9677,-0.9669,0.8102,26
43,11,592.0,Low*Medium*NoStarvation,20,Low*Medium*NoStarvation,6.0,16.43,7,7,20,0.4348,0.1643,0.35,0.0435,-0.0821,-0.07,0.013,0.0,-0.1391,-1.0092,-1.0092,0.8102,46
43,12,658.0,Low*Medium*NoStarvation,30,Medium*Medium*NoStarvation,16.43,26.86,7,7,30,0.4545,0.2686,0.35,0.0455,-0.1343,-0.07,0.0136,0.0,-0.1906,-1.064,-1.0641,0.8102,66
43,13,684.0,Medium*Medium*NoStarvation,10,Low*Medium*NoStarvation,26.86,6.71,7,7,10,0.3846,0.0671,0.35,0.0385,-0.0336,-0.07,0.0115,0.0,-0.092,-0.9717,-0.9708,0.8102,26
43,14,710.0,Low*Medium*NoStarvation,10,Low*Medium*NoStarvation,6.71,9.36,7,8,9,0.3462,0.0936,0.4,0.0346,-0.0468,-0.08,0.0104,0.0,-0.1164,-0.9669,-0.9689,0.8102,26
43,15,806.0,Low*Medium*NoStarvation,45,Medium*Medium*NoStarvation,9.36,43.19,8,8,43,0.4479,0.4319,0.4,0.0448,-0.216,-0.08,0.0134,0.0,-0.2825,-1.1376,-1.1395,0.8102,96
43,16,902.0,Medium*Medium*NoStarvation,45,Medium*Medium*NoStarvation,43.19,41.71,8,7,45,0.4688,0.4171,0.35,0.0469,-0.2086,-0.07,0.0141,0.0,-0.2645,-1.1387,-1.1386,0.8102,96
43,17,968.0,Medium*Medium*NoStarvation,30,Medium*Medium*NoStarvation,41.71,26.29,7,7,30,0.4545,0.2629,0.35,0.0455,-0.1314,-0.07,0.0136,0.0,-0.1878,-1.0634,-1.0632,0.8102,66
43,18,1014.0,Medium*Medium*NoStarvation,20,Low*Medium*NoStarvation,26.29,15.86,7,7,20,0.4348,0.1586,0.35,0.0435,-0.0793,-0.07,0.013,0.0,-0.1362,-1.0102,-1.01,0.8102,46
43,19,1040.0,Low*Medium*NoStarvation,10,Low*Medium*NoStarvation,15.86,5.86,7,6,10,0.3846,0.0586,0.3,0.0385,-0.0293,-0.06,0.0115,0.0,-0.0777,-0.9689,-0.967,0.8102,26
43,20,1066.0,Low*Medium*NoStarvation,10,Low*Medium*NoStarvation,5.86,5.71,6,7,9,0.3462,0.0571,0.35,0.0346,-0.0286,-0.07,0.0104,0.0,-0.0882,-0.967,-0.9661,0.8102,26
43,21,1132.0,Low*Medium*NoStarvation,30,Medium*Medium*NoStarvation,5.71,26.71,7,7,30,0.4545,0.2671,0.35,0.0455,-0.1336,-0.07,0.0136,0.0,-0.1899,-1.0641,-1.064,0.8102,66
43,22,1178.0,Medium*Medium*NoStarvation,20,Low*Medium*NoStarvation,26.71,15.86,7,7,20,0.4348,0.1586,0.35,0.0435,-0.0793,-0.07,0.013,0.0,-0.1362,-1.01,-1.0096,0.8102,46
43,23,1204.0,Low*Medium*NoStarvation,10,Low*Medium*NoStarvation,15.86,6.86,7,7,9,0.3462,0.0686,0.35,0.0346,-0.0343,-0.07,0.0104,0.0,-0.0939,-0.9661,-0.9658,0.8102,26
43,24,1230.0,Low*Medium*NoStarvation,10,Low*Medium*NoStarvation,6.86,5.57,7,6,9,0.3462,0.0557,0.3,0.0346,-0.0279,-0.06,0.0104,0.0,-0.0775,-0.9658,-0.9639,0.8102,26
43,25,1256.0,Low*Medium*NoStarvation,10,Low*Medium*NoStarvation,5.57,5.43,6,6,10,0.3846,0.0543,0.3,0.0385,-0.0271,-0.06,0.0115,0.0,-0.0756,-0.9639,-0.9618,0.8102,26
43,26,1352.0,Low*Medium*NoStarvation,45,Medium*Medium*NoStarvation,5.43,41.57,6,7,45,0.4688,0.4157,0.35,0.0469,-0.2079,-0.07,0.0141,0.0,-0.2638,-1.1395,-1.1393,0.8102,96
43,27,1448.0,Medium*Medium*NoStarvation,45,Medium*Medium*NoStarvation,41.57,41.29,7,7,42,0.4375,0.4129,0.35,0.0437,-0.2064,-0.07,0.0131,0.0,-0.2633,-1.1386,-1.1385,0.8102,96
43,28,1494.0,Medium*Medium*NoStarvation,20,Low*Medium*NoStarvation,41.29,15.57,7,7,10,0.2174,0.1557,0.35,0.0217,-0.0779,-0.07,0.0065,0.0,-0.1413,-1.0096,-1.0093,0.8102,46
43,29,1520.0,Low*Medium*NoStarvation,10,Low*Medium*NoStarvation,15.57,6.71,7,7,5,0.1923,0.0671,0.35,0.0192,-0.0336,-0.07,0.0058,0.0,-0.0978,-0.9618,-0.962,0.8102,26
43,30,1616.0,Low*Medium*NoStarvation,45,Medium*Medium*NoStarvation,6.71,40.71,7,7,23,0.2396,0.4071,0.35,0.024,-0.2036,-0.07,0.0072,0.0,-0.2664,-1.1393,-1.1393,0.8102,96
43,31,1682.0,Medium*Medium*NoStarvation,30,Medium*Medium*NoStarvation,40.71,27.57,7,7,15,0.2273,0.2757,0.35,0.0227,-0.1379,-0.07,0.0068,0.0,-0.201,-1.0632,-1.0644,0.8102,66
43,32,1708.0,Medium*Medium*NoStarvation,10,Low*Medium*NoStarvation,27.57,6.29,7,7,5,0.1923,0.0629,0.35,0.0192,-0.0314,-0.07,0.0058,0.0,-0.0957,-0.9708,-0.9698,0.8102,26
43,33,1754.0,Low*Medium*NoStarvation,20,Low*Medium*NoStarvation,6.29,17.0,7,7,10,0.2174,0.17,0.35,0.0217,-0.085,-0.07,0.0065,0.0,-0.1485,-1.0092,-1.0097,0.8102,46
43,34,1820.0,Low*Medium*NoStarvation,30,Medium*Medium*NoStarvation,17.0,25.43,7,7,15,0.2273,0.2543,0.35,0.0227,-0.1271,-0.07,0.0068,0.0,-0.1903,-1.064,-1.064,0.8102,66
43,35,1846.0,Medium*Medium*NoStarvation,10,Low*Medium*NoStarvation,25.43,5.43,7,6,5,0.1923,0.0543,0.3,0.0192,-0.0271,-0.06,0.0058,0.0,-0.0814,-0.9698,-0.9676,0.8102,26
43,36,1872.0,Low*Medium*NoStarvation,10,Low*Medium*NoStarvation,5.43,5.43,6,6,5,0.1923,0.0543,0.3,0.0192,-0.0271,-0.06,0.0058,0.0,-0.0814,-0.962,-0.9605,0.8102,26
43,37,1968.0,Low*Medium*NoStarvation,45,Medium*Medium*NoStarvation,5.43,40.86,6,7,23,0.2396,0.4086,0.35,0.024,-0.2043,-0.07,0.0072,0.0,-0.2671,-1.1393,-1.1392,0.8102,96
43,38,2014.0,Medium*Medium*NoStarvation,20,Low*Medium*NoStarvation,40.86,15.71,7,7,11,0.2391,0.1571,0.35,0.0239,-0.0786,-0.07,0.0072,0.0,-0.1414,-1.0093,-1.009,0.8102,46
43,39,2040.0,Low*Medium*NoStarvation,10,Low*Medium*NoStarvation,15.71,8.43,7,7,4,0.1538,0.0843,0.35,0.0154,-0.0421,-0.07,0.0046,0.0,-0.1075,-0.9605,-0.9617,0.8102,26
43,40,2106.0,Low*Medium*NoStarvation,30,Medium*Medium*NoStarvation,8.43,26.86,7,7,15,0.2273,0.2686,0.35,0.0227,-0.1343,-0.07,0.0068,0.0,-0.1975,-1.064,-1.0644,0.8102,66
43,41,2132.0,Medium*Medium*NoStarvation,10,Low*Medium*NoStarvation,26.86,6.14,7,7,5,0.1923,0.0614,0.35,0.0192,-0.0307,-0.07,0.0058,0.0,-0.0949,-0.9676,-0.9668,0.8102,26
43,42,2158.0,Low*Medium*NoStarvation,10,Low*Medium*NoStarvation,6.14,6.86,7,7,4,0.1538,0.0686,0.35,0.0154,-0.0343,-0.07,0.0046,0.0,-0.0997,-0.9617,-0.962,0.8102,26
43,43,2224.0,Low*Medium*NoStarvation,30,Medium*Medium*NoStarvation,6.86,26.57,7,7,15,0.2273,0.2657,0.35,0.0227,-0.1329,-0.07,0.0068,0.0,-0.196,-1.0644,-1.0646,0.8102,66
43,44,2270.0,Medium*Medium*NoStarvation,20,Low*Medium*NoStarvation,26.57,16.0,7,7,10,0.2174,0.16,0.35,0.0217,-0.08,-0.07,0.0065,0.0,-0.1435,-1.009,-1.009,0.8102,46
43,45,2366.0,Low*Medium*NoStarvation,45,Medium*Medium*NoStarvation,16.0,41.29,7,7,22,0.2292,0.4129,0.35,0.0229,-0.2064,-0.07,0.0069,0.0,-0.2696,-1.1392,-1.1392,0.8102,96
43,46,2392.0,Medium*Medium*NoStarvation,10,Low*Medium*NoStarvation,41.29,5.43,7,7,5,0.1923,0.0543,0.35,0.0192,-0.0271,-0.07,0.0058,0.0,-0.0914,-0.9668,-0.9659,0.8102,26
43,47,2438.0,Low*Medium*NoStarvation,20,Low*Medium*NoStarvation,5.43,15.0,7,7,11,0.2391,0.15,0.35,0.0239,-0.075,-0.07,0.0072,0.0,-0.1378,-1.0097,-1.0091,0.8102,46
43,48,2504.0,Low*Medium*NoStarvation,30,Medium*Medium*NoStarvation,15.0,25.86,7,7,15,0.2273,0.2586,0.35,0.0227,-0.1293,-0.07,0.0068,0.0,-0.1925,-1.0646,-1.0643,0.8102,66
43,49,2550.0,Medium*Medium*NoStarvation,20,Low*Medium*NoStarvation,25.86,16.71,7,7,10,0.2174,0.1671,0.35,0.0217,-0.0836,-0.07,0.0065,0.0,-0.147,-1.009,-1.0094,0.8102,46
43,50,2576.0,Low*Medium*NoStarvation,10,Low*Medium*NoStarvation,16.71,6.86,7,7,5,0.1923,0.0686,0.35,0.0192,-0.0343,-0.07,0.0058,0.0,-0.0985,-0.962,-0.9622,0.8102,26
43,51,2642.0,Low*Medium*NoStarvation,30,Medium*Medium*NoStarvation,6.86,25.71,7,7,15,0.2273,0.2571,0.35,0.0227,-0.1286,-0.07,0.0068,0.0,-0.1918,-1.0643,-1.064,0.8102,66
43,52,2668.0,Medium*Medium*NoStarvation,10,Low*Medium*NoStarvation,25.71,5.29,7,6,5,0.1923,0.0529,0.3,0.0192,-0.0264,-0.06,0.0058,0.0,-0.0807,-0.9659,-0.964,0.8102,26
43,53,2734.0,Low*Medium*NoStarvation,30,Medium*Medium*NoStarvation,5.29,26.29,6,7,15,0.2273,0.2629,0.35,0.0227,-0.1314,-0.07,0.0068,0.0,-0.1946,-1.064,-1.0638,0.8102,66
43,54,2830.0,Medium*Medium*NoStarvation,45,Medium*Medium*NoStarvation,26.29,41.71,7,7,22,0.2292,0.4171,0.35,0.0229,-0.2086,-0.07,0.0069,0.0,-0.2717,-1.1385,-1.1386,0.8102,96
43,55,2856.0,Medium*Medium*NoStarvation,10,Low*Medium*NoStarvation,41.71,5.86,7,6,5,0.1923,0.0586,0.3,0.0192,-0.0293,-0.06,0.0058,0.0,-0.0835,-0.964,-0.9625,0.8102,26
43,56,2922.0,Low*Medium*NoStarvation,30,Medium*Medium*NoStarvation,5.86,25.86,6,7,15,0.2273,0.2586,0.35,0.0227,-0.1293,-0.07,0.0068,0.0,-0.1925,-1.0638,-1.0633,0.8102,66
43,57,2968.0,Medium*Medium*NoStarvation,20,Low*Medium*NoStarvation,25.86,16.0,7,7,10,0.2174,0.16,0.35,0.0217,-0.08,-0.07,0.0065,0.0,-0.1435,-1.0094,-1.0094,0.8102,46
43,58,2994.0,Low*Medium*NoStarvation,10,Low*Medium*NoStarvation,16.0,6.71,7,7,5,0.1923,0.0671,0.35,0.0192,-0.0336,-0.07,0.0058,0.0,-0.0978,-0.9622,-0.9624,0.8102,26
43,59,3090.0,Low*Medium*NoStarvation,45,Medium*Medium*NoStarvation,6.71,42.14,7,7,22,0.2292,0.4214,0.35,0.0229,-0.2107,-0.07,0.0069,0.0,-0.2738,-1.1392,-1.1393,0.8102,96
43,60,3186.0,Medium*Medium*NoStarvation,45,Medium*Medium*NoStarvation,42.14,43.71,7,7,22,0.2292,0.4371,0.35,0.0229,-0.2186,-0.07,0.0069,0.0,-0.2817,-1.1386,-1.1395,0.8102,96
43,61,3252.0,Medium*Medium*NoStarvation,30,Medium*Medium*NoStarvation,43.71,25.71,7,7,15,0.2273,0.2571,0.35,0.0227,-0.1286,-0.07,0.0068,0.0,-0.1918,-1.0644,-1.0637,0.8102,66
43,62,3278.0,Medium*Medium*NoStarvation,10,Low*Medium*NoStarvation,25.71,6.14,7,7,5,0.1923,0.0614,0.35,0.0192,-0.0307,-0.07,0.0058,0.0,-0.0949,-0.9625,-0.9624,0.8102,26
43,63,3374.0,Low*Medium*NoStarvation,45,Medium*Medium*NoStarvation,6.14,41.29,7,7,22,0.2292,0.4129,0.35,0.0229,-0.2064,-0.07,0.0069,0.0,-0.2696,-1.1393,-1.139,0.8102,96
43,64,3400.0,Medium*Medium*NoStarvation,10,Low*Medium*NoStarvation,41.29,8.0,7,7,4,0.1538,0.08,0.35,0.0154,-0.04,-0.07,0.0046,0.0,-0.1054,-0.9624,-0.9633,0.8102,26
43,65,3426.0,Low*Medium*NoStarvation,10,Low*Medium*NoStarvation,8.0,7.71,7,7,4,0.1538,0.0771,0.35,0.0154,-0.0386,-0.07,0.0046,0.0,-0.104,-0.9624,-0.9632,0.8102,26
43,66,3492.0,Low*Medium*NoStarvation,30,Medium*Medium*NoStarvation,7.71,25.86,7,7,15,0.2273,0.2586,0.35,0.0227,-0.1293,-0.07,0.0068,0.0,-0.1925,-1.0633,-1.0629,0.8102,66
43,67,3538.0,Medium*Medium*NoStarvation,20,Low*Medium*NoStarvation,25.86,14.71,7,7,10,0.2174,0.1471,0.35,0.0217,-0.0736,-0.07,0.0065,0.0,-0.137,-1.0094,-1.0088,0.8102,46
43,68,3564.0,Low*Medium*NoStarvation,10,Low*Medium*NoStarvation,14.71,8.57,7,7,4,0.1538,0.0857,0.35,0.0154,-0.0429,-0.07,0.0046,0.0,-0.1082,-0.9632,-0.9644,0.8102,26
43,69,3630.0,Low*Medium*NoStarvation,30,Medium*Medium*NoStarvation,8.57,26.14,7,7,15,0.2273,0.2614,0.35,0.0227,-0.1307,-0.07,0.0068,0.0,-0.1939,-1.0629,-1.0627,0.8102,66
44,0,116.0,Low*Low*NoStarvation,30,Medium*Medium*NoStarvation,0.83,26.71,2,7,31,0.4697,0.2671,0.35,0.047,-0.1336,-0.07,0.0141,0.0,-0.1895,-0.6841,-0.7213,0.8061,66
44,1,212.0,Medium*Medium*NoStarvation,45,Medium*Medium*NoStarvation,26.71,41.0,7,7,45,0.4688,0.41,0.35,0.0469,-0.205,-0.07,0.0141,0.0,-0.2609,-1.1395,-1.1383,0.8061,96
44,2,278.0,Medium*Medium*NoStarvation,30,Medium*Medium*NoStarvation,41.0,25.71,7,7,31,0.4697,0.2571,0.35,0.047,-0.1286,-0.07,0.0141,0.0,-0.1845,-1.0637,-1.0625,0.8061,66
44,3,374.0,Medium*Medium*NoStarvation,45,Medium*Medium*NoStarvation,25.71,41.86,7,7,46,0.4792,0.4186,0.35,0.0479,-0.2093,-0.07,0.0144,0.0,-0.2649,-1.1383,-1.1377,0.8061,96
44,4,470.0,Medium*Medium*NoStarvation,45,Medium*Medium*NoStarvation,41.86,42.57,7,7,45,0.4688,0.4257,0.35,0.0469,-0.2129,-0.07,0.0141,0.0,-0.2688,-1.1377,-1.1375,0.8061,96
44,5,516.0,Medium*Medium*NoStarvation,20,Low*Medium*NoStarvation,42.57,16.14,7,7,20,0.4348,0.1614,0.35,0.0435,-0.0807,-0.07,0.013,0.0,-0.1377,-1.0088,-1.0085,0.8061,46
44,6,612.0,Low*Medium*NoStarvation,45,Medium*Medium*NoStarvation,16.14,43.43,7,7,45,0.4688,0.4343,0.35,0.0469,-0.2171,-0.07,0.0141,0.0,-0.2731,-1.139,-1.1391,0.8061,96
44,7,658.0,Medium*Medium*NoStarvation,20,Low*Medium*NoStarvation,43.43,16.39,7,8,20,0.4348,0.1639,0.4,0.0435,-0.082,-0.08,0.013,0.0,-0.1489,-1.0085,-1.0093,0.8061,46
44,8,704.0,Low*Medium*NoStarvation,20,Low*Medium*NoStarvation,16.39,16.71,8,7,19,0.413,0.1671,0.35,0.0413,-0.0836,-0.07,0.0124,0.0,-0.1412,-1.0091,-1.0091,0.8061,46
44,9,730.0,Low*Medium*NoStarvation,10,Low*Medium*NoStarvation,16.71,7.43,7,7,10,0.3846,0.0743,0.35,0.0385,-0.0371,-0.07,0.0115,0.0,-0.0956,-0.9644,-0.9643,0.8061,26
44,10,826.0,Low*Medium*NoStarvation,45,Medium*Medium*NoStarvation,7.43,42.57,7,7,42,0.4375,0.4257,0.35,0.0437,-0.2129,-0.07,0.0131,0.0,-0.2697,-1.1391,-1.1388,0.8061,96
44,11,852.0,Medium*Medium*NoStarvation,10,Low*Medium*NoStarvation,42.57,9.54,7,8,9,0.3462,0.0954,0.4,0.0346,-0.0477,-0.08,0.0104,0.0,-0.1173,-0.9633,-0.9655,0.8061,26
44,12,948.0,Low*Medium*NoStarvation,45,Medium*Medium*NoStarvation,9.54,40.86,8,7,45,0.4688,0.4086,0.35,0.0469,-0.2043,-0.07,0.0141,0.0,-0.2602,-1.1388,-1.1379,0.8061,96
44,13,1044.0,Medium*Medium*NoStarvation,45,Medium*Medium*NoStarvation,40.86,42.14,7,7,44,0.4583,0.4214,0.35,0.0458,-0.2107,-0.07,0.0137,0.0,-0.267,-1.1375,-1.1373,0.8061,96
44,14,1070.0,Medium*Medium*NoStarvation,10,Low*Medium*NoStarvation,42.14,6.57,7,7,11,0.4231,0.0657,0.35,0.0423,-0.0329,-0.07,0.0127,0.0,-0.0902,-0.9655,-0.9647,0.8061,26
44,15,1136.0,Low*Medium*NoStarvation,30,Medium*Medium*NoStarvation,6.57,26.29,7,7,30,0.4545,0.2629,0.35,0.0455,-0.1314,-0.07,0.0136,0.0,-0.1878,-1.0627,-1.062,0.8061,66
44,16,1162.0,Medium*Medium*NoStarvation,10,Low*Medium*NoStarvation,26.29,7.93,7,8,9,0.3462,0.0793,0.4,0.0346,-0.0396,-0.08,0.0104,0.0,-0.1093,-0.9647,-0.966,0.8061,26
44,17,1188.0,Low*Medium*NoStarvation,10,Low*Medium*NoStarvation,7.93,7.43,8,7,8,0.3077,0.0743,0.35,0.0308,-0.0371,-0.07,0.0092,0.0,-0.0979,-0.9643,-0.9644,0.8061,26
44,18,1214.0,Low*Medium*NoStarvation,10,Low*Medium*NoStarvation,7.43,8.39,7,8,8,0.3077,0.0839,0.4,0.0308,-0.042,-0.08,0.0092,0.0,-0.1127,-0.9644,-0.9661,0.8061,26
44,19,1280.0,Low*Medium*NoStarvation,30,Medium*Medium*NoStarvation,8.39,25.86,8,7,30,0.4545,0.2586,0.35,0.0455,-0.1293,-0.07,0.0136,0.0,-0.1856,-1.062,-1.0613,0.8061,66
44,20,1306.0,Medium*Medium*NoStarvation,10,Low*Medium*NoStarvation,25.86,5.86,7,6,10,0.3846,0.0586,0.3,0.0385,-0.0293,-0.06,0.0115,0.0,-0.0777,-0.966,-0.9641,0.8061,26
44,21,1352.0,Low*Medium*NoStarvation,20,Low*Medium*NoStarvation,5.86,17.14,6,7,19,0.413,0.1714,0.35,0.0413,-0.0857,-0.07,0.0124,0.0,-0.1433,-1.0091,-1.0095,0.8061,46
44,22,1378.0,Low*Medium*NoStarvation,10,Low*Medium*NoStarvation,17.14,9.0,7,7,9,0.3462,0.09,0.35,0.0346,-0.045,-0.07,0.0104,0.0,-0.1046,-0.9661,-0.9669,0.8061,26
44,23,1404.0,Low*Medium*NoStarvation,10,Low*Medium*NoStarvation,9.0,7.43,7,7,8,0.3077,0.0743,0.35,0.0308,-0.0371,-0.07,0.0092,0.0,-0.0979,-0.9669,-0.967,0.8061,26
44,24,1500.0,Low*Medium*NoStarvation,45,Medium*Medium*NoStarvation,7.43,39.86,7,7,23,0.2396,0.3986,0.35,0.024,-0.1993,-0.07,0.0072,0.0,-0.2621,-1.1379,-1.1371,0.8061,96
44,25,1546.0,Medium*Medium*NoStarvation,20,Low*Medium*NoStarvation,39.86,15.71,7,7,10,0.2174,0.1571,0.35,0.0217,-0.0786,-0.07,0.0065,0.0,-0.142,-1.0093,-1.0096,0.8061,46
44,26,1572.0,Low*Medium*NoStarvation,10,Low*Medium*NoStarvation,15.71,6.29,7,7,5,0.1923,0.0629,0.35,0.0192,-0.0314,-0.07,0.0058,0.0,-0.0957,-0.967,-0.9669,0.8061,26
44,27,1618.0,Low*Medium*NoStarvation,20,Low*Medium*NoStarvation,6.29,15.43,7,7,10,0.2174,0.1543,0.35,0.0217,-0.0771,-0.07,0.0065,0.0,-0.1406,-1.0095,-1.0096,0.8061,46
44,28,1664.0,Low*Medium*NoStarvation,20,Low*Medium*NoStarvation,15.43,15.43,7,7,10,0.2174,0.1543,0.35,0.0217,-0.0771,-0.07,0.0065,0.0,-0.1406,-1.0096,-1.0097,0.8061,46
44,29,1710.0,Low*Medium*NoStarvation,20,Low*Medium*NoStarvation,15.43,18.0,7,7,9,0.1957,0.18,0.35,0.0196,-0.09,-0.07,0.0059,0.0,-0.1541,-1.0097,-1.0112,0.8061,46
44,30,1756.0,Low*Medium*NoStarvation,20,Low*Medium*NoStarvation,18.0,16.29,7,7,10,0.2174,0.1629,0.35,0.0217,-0.0814,-0.07,0.0065,0.0,-0.1449,-1.0112,-1.0116,0.8061,46
44,31,1802.0,Low*Medium*NoStarvation,20,Low*Medium*NoStarvation,16.29,15.71,7,7,10,0.2174,0.1571,0.35,0.0217,-0.0786,-0.07,0.0065,0.0,-0.142,-1.0116,-1.0116,0.8061,46
44,32,1848.0,Low*Medium*NoStarvation,20,Low*Medium*NoStarvation,15.71,15.86,7,7,10,0.2174,0.1586,0.35,0.0217,-0.0793,-0.07,0.0065,0.0,-0.1428,-1.0116,-1.0118,0.8061,46
44,33,1874.0,Low*Medium*NoStarvation,10,Low*Medium*NoStarvation,15.86,8.29,7,7,4,0.1538,0.0829,0.35,0.0154,-0.0414,-0.07,0.0046,0.0,-0.1068,-0.9669,-0.9679,0.8061,26
44,34,1900.0,Low*Medium*NoStarvation,10,Low*Medium*NoStarvation,8.29,6.43,7,7,5,0.1923,0.0643,0.35,0.0192,-0.0321,-0.07,0.0058,0.0,-0.0964,-0.9679,-0.9679,0.8061,26
44,35,1926.0,Low*Medium*NoStarvation,10,Low*Medium*NoStarvation,6.43,8.14,7,7,4,0.1538,0.0814,0.35,0.0154,-0.0407,-0.07,0.0046,0.0,-0.1061,-0.9679,-0.9688,0.8061,26
44,36,1992.0,Low*Medium*NoStarvation,30,Medium*Medium*NoStarvation,8.14,25.86,7,7,15,0.2273,0.2586,0.35,0.0227,-0.1293,-0.07,0.0068,0.0,-0.1925,-1.0613,-1.0612,0.8061,66
44,37,2038.0,Medium*Medium*NoStarvation,20,Low*Medium*NoStarvation,25.86,16.0,7,7,10,0.2174,0.16,0.35,0.0217,-0.08,-0.07,0.0065,0.0,-0.1435,-1.0096,-1.0102,0.8061,46
44,38,2104.0,Low*Medium*NoStarvation,30,Medium*Medium*NoStarvation,16.0,25.86,7,7,15,0.2273,0.2586,0.35,0.0227,-0.1293,-0.07,0.0068,0.0,-0.1925,-1.0612,-1.0611,0.8061,66
44,39,2130.0,Medium*Medium*NoStarvation,10,Low*Medium*NoStarvation,25.86,6.86,7,7,5,0.1923,0.0686,0.35,0.0192,-0.0343,-0.07,0.0058,0.0,-0.0985,-0.9641,-0.9647,0.8061,26
44,40,2156.0,Low*Medium*NoStarvation,10,Low*Medium*NoStarvation,6.86,7.43,7,7,4,0.1538,0.0743,0.35,0.0154,-0.0371,-0.07,0.0046,0.0,-0.1025,-0.9688,-0.9694,0.8061,26
44,41,2202.0,Low*Medium*NoStarvation,20,Low*Medium*NoStarvation,7.43,16.86,7,7,10,0.2174,0.1686,0.35,0.0217,-0.0843,-0.07,0.0065,0.0,-0.1478,-1.0118,-1.0126,0.8061,46
44,42,2268.0,Low*Medium*NoStarvation,30,Medium*Medium*NoStarvation,16.86,25.14,7,7,15,0.2273,0.2514,0.35,0.0227,-0.1257,-0.07,0.0068,0.0,-0.1889,-1.0611,-1.0607,0.8061,66
44,43,2334.0,Medium*Medium*NoStarvation,30,Medium*Medium*NoStarvation,25.14,26.43,7,7,15,0.2273,0.2643,0.35,0.0227,-0.1321,-0.07,0.0068,0.0,-0.1953,-1.0625,-1.0626,0.8061,66
44,44,2380.0,Medium*Medium*NoStarvation,20,Low*Medium*NoStarvation,26.43,16.43,7,7,10,0.2174,0.1643,0.35,0.0217,-0.0821,-0.07,0.0065,0.0,-0.1456,-1.0102,-1.011,0.8061,46
44,45,2406.0,Low*Medium*NoStarvation,10,Low*Medium*NoStarvation,16.43,7.29,7,7,5,0.1923,0.0729,0.35,0.0192,-0.0364,-0.07,0.0058,0.0,-0.1007,-0.9694,-0.9697,0.8061,26
44,46,2432.0,Low*Medium*NoStarvation,10,Low*Medium*NoStarvation,7.29,8.57,7,7,4,0.1538,0.0857,0.35,0.0154,-0.0429,-0.07,0.0046,0.0,-0.1082,-0.9697,-0.9709,0.8061,26
44,47,2498.0,Low*Medium*NoStarvation,30,Medium*Medium*NoStarvation,8.57,25.14,7,7,15,0.2273,0.2514,0.35,0.0227,-0.1257,-0.07,0.0068,0.0,-0.1889,-1.0607,-1.0604,0.8061,66
44,48,2594.0,Medium*Medium*NoStarvation,45,Medium*Medium*NoStarvation,25.14,39.71,7,7,23,0.2396,0.3971,0.35,0.024,-0.1986,-0.07,0.0072,0.0,-0.2614,-1.1373,-1.1366,0.8061,96
44,49,2660.0,Medium*Medium*NoStarvation,30,Medium*Medium*NoStarvation,39.71,27.0,7,7,14,0.2121,0.27,0.35,0.0212,-0.135,-0.07,0.0064,0.0,-0.1986,-1.0626,-1.063,0.8061,66
44,50,2726.0,Medium*Medium*NoStarvation,30,Medium*Medium*NoStarvation,27.0,26.71,7,7,15,0.2273,0.2671,0.35,0.0227,-0.1336,-0.07,0.0068,0.0,-0.1968,-1.063,-1.0632,0.8061,66
44,51,2792.0,Medium*Medium*NoStarvation,30,Medium*Medium*NoStarvation,26.71,25.43,7,7,15,0.2273,0.2543,0.35,0.0227,-0.1271,-0.07,0.0068,0.0,-0.1903,-1.0632,-1.0628,0.8061,66
44,52,2838.0,Medium*Medium*NoStarvation,20,Low*Medium*NoStarvation,25.43,15.29,7,7,10,0.2174,0.1529,0.35,0.0217,-0.0764,-0.07,0.0065,0.0,-0.1399,-1.011,-1.0113,0.8061,46
44,53,2934.0,Low*Medium*NoStarvation,45,Medium*Medium*NoStarvation,15.29,42.43,7,7,22,0.2292,0.4243,0.35,0.0229,-0.2121,-0.07,0.0069,0.0,-0.2753,-1.1371,-1.1377,0.8061,96
44,54,3030.0,Medium*Medium*NoStarvation,45,Medium*Medium*NoStarvation,42.43,42.29,7,7,22,0.2292,0.4229,0.35,0.0229,-0.2114,-0.07,0.0069,0.0,-0.2746,-1.1366,-1.1372,0.8061,96
44,55,3056.0,Medium*Medium*NoStarvation,10,Low*Medium*NoStarvation,42.29,6.43,7,7,5,0.1923,0.0643,0.35,0.0192,-0.0321,-0.07,0.0058,0.0,-0.0964,-0.9647,-0.9653,0.8061,26
44,56,3102.0,Low*Medium*NoStarvation,20,Low*Medium*NoStarvation,6.43,16.43,7,7,10,0.2174,0.1643,0.35,0.0217,-0.0821,-0.07,0.0065,0.0,-0.1456,-1.0126,-1.0133,0.8061,46
44,57,3128.0,Low*Medium*NoStarvation,10,Low*Medium*NoStarvation,16.43,7.43,7,7,4,0.1538,0.0743,0.35,0.0154,-0.0371,-0.07,0.0046,0.0,-0.1025,-0.9709,-0.9714,0.8061,26
44,58,3174.0,Low*Medium*NoStarvation,20,Low*Medium*NoStarvation,7.43,16.0,7,7,10,0.2174,0.16,0.35,0.0217,-0.08,-0.07,0.0065,0.0,-0.1435,-1.0133,-1.0137,0.8061,46
44,59,3220.0,Low*Medium*NoStarvation,20,Low*Medium*NoStarvation,16.0,15.43,7,7,10,0.2174,0.1543,0.35,0.0217,-0.0771,-0.07,0.0065,0.0,-0.1406,-1.0137,-1.0138,0.8061,46
44,60,3246.0,Low*Medium*NoStarvation,10,Low*Medium*NoStarvation,15.43,6.14,7,7,5,0.1923,0.0614,0.35,0.0192,-0.0307,-0.07,0.0058,0.0,-0.0949,-0.9714,-0.9712,0.8061,26
44,61,3272.0,Low*Medium*NoStarvation,10,Low*Medium*NoStarvation,6.14,6.14,7,7,5,0.1923,0.0614,0.35,0.0192,-0.0307,-0.07,0.0058,0.0,-0.0949,-0.9712,-0.971,0.8061,26
44,62,3368.0,Low*Medium*NoStarvation,45,Medium*Medium*NoStarvation,6.14,41.29,7,7,23,0.2396,0.4129,0.35,0.024,-0.2064,-0.07,0.0072,0.0,-0.2692,-1.1377,-1.1377,0.8061,96
44,63,3394.0,Medium*Medium*NoStarvation,10,Low*Medium*NoStarvation,41.29,7.0,7,7,4,0.1538,0.07,0.35,0.0154,-0.035,-0.07,0.0046,0.0,-0.1004,-0.9653,-0.9662,0.8061,26
44,64,3490.0,Low*Medium*NoStarvation,45,Medium*Medium*NoStarvation,7.0,42.0,7,7,23,0.2396,0.42,0.35,0.024,-0.21,-0.07,0.0072,0.0,-0.2728,-1.1377,-1.1382,0.8061,96
44,65,3536.0,Medium*Medium*NoStarvation,20,Low*Medium*NoStarvation,42.0,15.14,7,7,10,0.2174,0.1514,0.35,0.0217,-0.0757,-0.07,0.0065,0.0,-0.1392,-1.0113,-1.0114,0.8061,46
44,66,3632.0,Low*Medium*NoStarvation,45,Medium*Medium*NoStarvation,15.14,39.71,7,7,23,0.2396,0.3971,0.35,0.024,-0.1986,-0.07,0.0072,0.0,-0.2614,-1.1382,-1.1375,0.8061,96
45,0,116.0,Low*Low*NoStarvation,30,Medium*Medium*NoStarvation,0.83,26.71,2,7,31,0.4697,0.2671,0.35,0.047,-0.1336,-0.07,0.0141,0.0,-0.1895,-0.7213,-0.7551,0.8021,66
45,1,212.0,Medium*Medium*NoStarvation,45,Medium*Medium*NoStarvation,26.71,41.0,7,7,45,0.4688,0.41,0.35,0.0469,-0.205,-0.07,0.0141,0.0,-0.2609,-1.1372,-1.1365,0.8021,96
45,2,308.0,Medium*Medium*NoStarvation,45,Medium*Medium*NoStarvation,41.0,41.43,7,7,45,0.4688,0.4143,0.35,0.0469,-0.2071,-0.07,0.0141,0.0,-0.2631,-1.1365,-1.1361,0.8021,96
45,3,334.0,Medium*Medium*NoStarvation,10,Low*Medium*NoStarvation,41.43,6.57,7,7,11,0.4231,0.0657,0.35,0.0423,-0.0329,-0.07,0.0127,0.0,-0.0902,-0.9662,-0.966,0.8021,26
45,4,430.0,Low*Medium*NoStarvation,45,Medium*Medium*NoStarvation,6.57,39.57,7,7,46,0.4792,0.3957,0.35,0.0479,-0.1979,-0.07,0.0144,0.0,-0.2535,-1.1375,-1.136,0.8021,96
45,5,526.0,Medium*Medium*NoStarvation,45,Medium*Medium*NoStarvation,39.57,42.29,7,7,45,0.4688,0.4229,0.35,0.0469,-0.2114,-0.07,0.0141,0.0,-0.2674,-1.1361,-1.1362,0.8021,96
45,6,552.0,Medium*Medium*NoStarvation,10,Low*Medium*NoStarvation,42.29,6.71,7,7,10,0.3846,0.0671,0.35,0.0385,-0.0336,-0.07,0.0115,0.0,-0.092,-0.966,-0.9659,0.8021,26
45,7,598.0,Low*Medium*NoStarvation,20,Low*Medium*NoStarvation,6.71,16.29,7,7,20,0.4348,0.1629,0.35,0.0435,-0.0814,-0.07,0.013,0.0,-0.1384,-1.0138,-1.0137,0.8021,46
45,8,694.0,Low*Medium*NoStarvation,45,Medium*Medium*NoStarvation,16.29,42.86,7,7,45,0.4688,0.4286,0.35,0.0469,-0.2143,-0.07,0.0141,0.0,-0.2702,-1.136,-1.1364,0.8021,96
45,9,720.0,Medium*Medium*NoStarvation,10,Low*Medium*NoStarvation,42.86,6.57,7,7,10,0.3846,0.0657,0.35,0.0385,-0.0329,-0.07,0.0115,0.0,-0.0913,-0.9659,-0.9659,0.8021,26
45,10,786.0,Low*Medium*NoStarvation,30,Medium*Medium*NoStarvation,6.57,25.0,7,7,30,0.4545,0.25,0.35,0.0455,-0.125,-0.07,0.0136,0.0,-0.1814,-1.0604,-1.0594,0.8021,66
45,11,812.0,Medium*Medium*NoStarvation,10,Low*Medium*NoStarvation,25.0,6.57,7,7,10,0.3846,0.0657,0.35,0.0385,-0.0329,-0.07,0.0115,0.0,-0.0913,-0.9659,-0.9658,0.8021,26
45,12,858.0,Low*Medium*NoStarvation,20,Low*Medium*NoStarvation,6.57,15.29,7,7,20,0.4348,0.1529,0.35,0.0435,-0.0764,-0.07,0.013,0.0,-0.1334,-1.0137,-1.013,0.8021,46
45,13,924.0,Low*Medium*NoStarvation,30,Medium*Medium*NoStarvation,15.29,27.29,7,7,30,0.4545,0.2729,0.35,0.0455,-0.1364,-0.07,0.0136,0.0,-0.1928,-1.0594,-1.0596,0.8021,66
45,14,1020.0,Medium*Medium*NoStarvation,45,Medium*Medium*NoStarvation,27.29,40.57,7,7,46,0.4792,0.4057,0.35,0.0479,-0.2029,-0.07,0.0144,0.0,-0.2585,-1.1362,-1.1353,0.8021,96
45,15,1086.0,Medium*Medium*NoStarvation,30,Medium*Medium*NoStarvation,40.57,25.86,7,7,30,0.4545,0.2586,0.35,0.0455,-0.1293,-0.07,0.0136,0.0,-0.1856,-1.0628,-1.062,0.8021,66
45,16,1132.0,Medium*Medium*NoStarvation,20,Low*Medium*NoStarvation,25.86,18.29,7,7,20,0.4348,0.1829,0.35,0.0435,-0.0914,-0.07,0.013,0.0,-0.1484,-1.0114,-1.0125,0.8021,46
45,17,1158.0,Low*Medium*NoStarvation,10,Low*Medium*NoStarvation,18.29,8.39,7,8,9,0.3462,0.0839,0.4,0.0346,-0.042,-0.08,0.0104,0.0,-0.1116,-0.971,-0.9724,0.8021,26
45,18,1224.0,Low*Medium*NoStarvation,30,Medium*Medium*NoStarvation,8.39,26.43,8,7,29,0.4394,0.2643,0.35,0.0439,-0.1321,-0.07,0.0132,0.0,-0.189,-1.0596,-1.0595,0.8021,66
45,19,1320.0,Medium*Medium*NoStarvation,45,Medium*Medium*NoStarvation,26.43,40.57,7,7,46,0.4792,0.4057,0.35,0.0479,-0.2029,-0.07,0.0144,0.0,-0.2585,-1.1353,-1.1346,0.8021,96
45,20,1346.0,Medium*Medium*NoStarvation,10,Low*Medium*NoStarvation,40.57,7.29,7,7,9,0.3462,0.0729,0.35,0.0346,-0.0364,-0.07,0.0104,0.0,-0.096,-0.9658,-0.9663,0.8021,26
45,21,1372.0,Low*Medium*NoStarvation,10,Low*Medium*NoStarvation,7.29,6.14,7,7,9,0.3462,0.0614,0.35,0.0346,-0.0307,-0.07,0.0104,0.0,-0.0903,-0.9724,-0.9717,0.8021,26
45,22,1438.0,Low*Medium*NoStarvation,30,Medium*Medium*NoStarvation,6.14,26.57,7,7,16,0.2424,0.2657,0.35,0.0242,-0.1329,-0.07,0.0073,0.0,-0.1956,-1.0595,-1.0601,0.8021,66
45,23,1464.0,Medium*Medium*NoStarvation,10,Low*Medium*NoStarvation,26.57,7.57,7,7,4,0.1538,0.0757,0.35,0.0154,-0.0379,-0.07,0.0046,0.0,-0.1032,-0.9663,-0.9675,0.8021,26
45,24,1490.0,Low*Medium*NoStarvation,10,Low*Medium*NoStarvation,7.57,8.29,7,7,4,0.1538,0.0829,0.35,0.0154,-0.0414,-0.07,0.0046,0.0,-0.1068,-0.9717,-0.9727,0.8021,26
45,25,1536.0,Low*Medium*NoStarvation,20,Low*Medium*NoStarvation,8.29,16.29,7,7,10,0.2174,0.1629,0.35,0.0217,-0.0814,-0.07,0.0065,0.0,-0.1449,-1.013,-1.0138,0.8021,46
45,26,1562.0,Low*Medium*NoStarvation,10,Low*Medium*NoStarvation,16.29,7.29,7,7,5,0.1923,0.0729,0.35,0.0192,-0.0364,-0.07,0.0058,0.0,-0.1007,-0.9727,-0.973,0.8021,26
45,27,1588.0,Low*Medium*NoStarvation,10,Low*Medium*NoStarvation,7.29,6.43,7,7,5,0.1923,0.0643,0.35,0.0192,-0.0321,-0.07,0.0058,0.0,-0.0964,-0.973,-0.9729,0.8021,26
45,28,1684.0,Low*Medium*NoStarvation,45,Medium*Medium*NoStarvation,6.43,43.14,7,7,22,0.2292,0.4314,0.35,0.0229,-0.2157,-0.07,0.0069,0.0,-0.2788,-1.1364,-1.1377,0.8021,96
45,29,1780.0,Medium*Medium*NoStarvation,45,Medium*Medium*NoStarvation,43.14,42.0,7,7,22,0.2292,0.42,0.35,0.0229,-0.21,-0.07,0.0069,0.0,-0.2731,-1.1346,-1.1355,0.8021,96
45,30,1826.0,Medium*Medium*NoStarvation,20,Low*Medium*NoStarvation,42.0,15.43,7,7,10,0.2174,0.1543,0.35,0.0217,-0.0771,-0.07,0.0065,0.0,-0.1406,-1.0125,-1.0129,0.8021,46
45,31,1852.0,Low*Medium*NoStarvation,10,Low*Medium*NoStarvation,15.43,6.43,7,7,5,0.1923,0.0643,0.35,0.0192,-0.0321,-0.07,0.0058,0.0,-0.0964,-0.9729,-0.9728,0.8021,26
45,32,1878.0,Low*Medium*NoStarvation,10,Low*Medium*NoStarvation,6.43,6.57,7,7,5,0.1923,0.0657,0.35,0.0192,-0.0329,-0.07,0.0058,0.0,-0.0971,-0.9728,-0.9728,0.8021,26
45,33,1944.0,Low*Medium*NoStarvation,30,Medium*Medium*NoStarvation,6.57,26.29,7,7,15,0.2273,0.2629,0.35,0.0227,-0.1314,-0.07,0.0068,0.0,-0.1946,-1.0601,-1.0606,0.8021,66
45,34,2040.0,Medium*Medium*NoStarvation,45,Medium*Medium*NoStarvation,26.29,40.29,7,7,23,0.2396,0.4029,0.35,0.024,-0.2014,-0.07,0.0072,0.0,-0.2642,-1.1355,-1.1355,0.8021,96
45,35,2136.0,Medium*Medium*NoStarvation,45,Medium*Medium*NoStarvation,40.29,41.43,7,7,22,0.2292,0.4143,0.35,0.0229,-0.2071,-0.07,0.0069,0.0,-0.2703,-1.1355,-1.136,0.8021,96
45,36,2162.0,Medium*Medium*NoStarvation,10,Low*Medium*NoStarvation,41.43,9.0,7,7,4,0.1538,0.09,0.35,0.0154,-0.045,-0.07,0.0046,0.0,-0.1104,-0.9675,-0.9693,0.8021,26
45,37,2188.0,Low*Medium*NoStarvation,10,Low*Medium*NoStarvation,9.0,5.57,7,6,5,0.1923,0.0557,0.3,0.0192,-0.0279,-0.06,0.0058,0.0,-0.0821,-0.9728,-0.9713,0.8021,26
45,38,2214.0,Low*Medium*NoStarvation,10,Low*Medium*NoStarvation,5.57,7.71,6,7,4,0.1538,0.0771,0.35,0.0154,-0.0386,-0.07,0.0046,0.0,-0.104,-0.9713,-0.972,0.8021,26
45,39,2240.0,Low*Medium*NoStarvation,10,Low*Medium*NoStarvation,7.71,6.14,7,7,5,0.1923,0.0614,0.35,0.0192,-0.0307,-0.07,0.0058,0.0,-0.0949,-0.972,-0.9718,0.8021,26
45,40,2266.0,Low*Medium*NoStarvation,10,Low*Medium*NoStarvation,6.14,8.14,7,7,4,0.1538,0.0814,0.35,0.0154,-0.0407,-0.07,0.0046,0.0,-0.1061,-0.9718,-0.9726,0.8021,26
45,41,2312.0,Low*Medium*NoStarvation,20,Low*Medium*NoStarvation,8.14,15.71,7,7,10,0.2174,0.1571,0.35,0.0217,-0.0786,-0.07,0.0065,0.0,-0.142,-1.0138,-1.0141,0.8021,46
45,42,2338.0,Low*Medium*NoStarvation,10,Low*Medium*NoStarvation,15.71,5.57,7,6,5,0.1923,0.0557,0.3,0.0192,-0.0279,-0.06,0.0058,0.0,-0.0821,-0.9726,-0.9711,0.8021,26
45,43,2384.0,Low*Medium*NoStarvation,20,Low*Medium*NoStarvation,5.57,16.86,6,7,10,0.2174,0.1686,0.35,0.0217,-0.0843,-0.07,0.0065,0.0,-0.1478,-1.0141,-1.0149,0.8021,46
45,44,2410.0,Low*Medium*NoStarvation,10,Low*Medium*NoStarvation,16.86,8.14,7,7,4,0.1538,0.0814,0.35,0.0154,-0.0407,-0.07,0.0046,0.0,-0.1061,-0.9711,-0.972,0.8021,26
45,45,2456.0,Low*Medium*NoStarvation,20,Low*Medium*NoStarvation,8.14,15.71,7,7,10,0.2174,0.1571,0.35,0.0217,-0.0786,-0.07,0.0065,0.0,-0.142,-1.0149,-1.0151,0.8021,46
45,46,2482.0,Low*Medium*NoStarvation,10,Low*Medium*NoStarvation,15.71,8.0,7,7,4,0.1538,0.08,0.35,0.0154,-0.04,-0.07,0.0046,0.0,-0.1054,-0.972,-0.9728,0.8021,26
45,47,2508.0,Low*Medium*NoStarvation,10,Low*Medium*NoStarvation,8.0,6.29,7,7,5,0.1923,0.0629,0.35,0.0192,-0.0314,-0.07,0.0058,0.0,-0.0957,-0.9728,-0.9727,0.8021,26
45,48,2574.0,Low*Medium*NoStarvation,30,Medium*Medium*NoStarvation,6.29,26.86,7,7,15,0.2273,0.2686,0.35,0.0227,-0.1343,-0.07,0.0068,0.0,-0.1975,-1.0606,-1.0615,0.8021,66
45,49,2620.0,Medium*Medium*NoStarvation,20,Low*Medium*NoStarvation,26.86,15.57,7,7,10,0.2174,0.1557,0.35,0.0217,-0.0779,-0.07,0.0065,0.0,-0.1413,-1.0129,-1.0133,0.8021,46
45,50,2686.0,Low*Medium*NoStarvation,30,Medium*Medium*NoStarvation,15.57,25.57,7,7,15,0.2273,0.2557,0.35,0.0227,-0.1279,-0.07,0.0068,0.0,-0.191,-1.0615,-1.0617,0.8021,66
45,51,2712.0,Medium*Medium*NoStarvation,10,Low*Medium*NoStarvation,25.57,7.29,7,7,4,0.1538,0.0729,0.35,0.0154,-0.0364,-0.07,0.0046,0.0,-0.1018,-0.9693,-0.9701,0.8021,26
45,52,2808.0,Low*Medium*NoStarvation,45,Medium*Medium*NoStarvation,7.29,40.43,7,7,23,0.2396,0.4043,0.35,0.024,-0.2021,-0.07,0.0072,0.0,-0.265,-1.1377,-1.1377,0.8021,96
45,53,2834.0,Medium*Medium*NoStarvation,10,Low*Medium*NoStarvation,40.43,6.14,7,7,5,0.1923,0.0614,0.35,0.0192,-0.0307,-0.07,0.0058,0.0,-0.0949,-0.9701,-0.9701,0.8021,26
45,54,2860.0,Low*Medium*NoStarvation,10,Low*Medium*NoStarvation,6.14,5.86,7,6,5,0.1923,0.0586,0.3,0.0192,-0.0293,-0.06,0.0058,0.0,-0.0835,-0.9727,-0.9713,0.8021,26
45,55,2956.0,Low*Medium*NoStarvation,45,Medium*Medium*NoStarvation,5.86,41.14,6,7,22,0.2292,0.4114,0.35,0.0229,-0.2057,-0.07,0.0069,0.0,-0.2688,-1.1377,-1.1381,0.8021,96
45,56,3052.0,Medium*Medium*NoStarvation,45,Medium*Medium*NoStarvation,41.14,41.71,7,7,22,0.2292,0.4171,0.35,0.0229,-0.2086,-0.07,0.0069,0.0,-0.2717,-1.136,-1.1369,0.8021,96
45,57,3078.0,Medium*Medium*NoStarvation,10,Low*Medium*NoStarvation,41.71,5.29,7,7,5,0.1923,0.0529,0.35,0.0192,-0.0264,-0.07,0.0058,0.0,-0.0907,-0.9701,-0.9696,0.8021,26
45,58,3174.0,Low*Medium*NoStarvation,45,Medium*Medium*NoStarvation,5.29,41.14,7,7,22,0.2292,0.4114,0.35,0.0229,-0.2057,-0.07,0.0069,0.0,-0.2688,-1.1381,-1.1385,0.8021,96
45,59,3200.0,Medium*Medium*NoStarvation,10,Low*Medium*NoStarvation,41.14,5.86,7,7,5,0.1923,0.0586,0.35,0.0192,-0.0293,-0.07,0.0058,0.0,-0.0935,-0.9696,-0.9694,0.8021,26
45,60,3226.0,Low*Medium*NoStarvation,10,Low*Medium*NoStarvation,5.86,7.57,7,7,4,0.1538,0.0757,0.35,0.0154,-0.0379,-0.07,0.0046,0.0,-0.1032,-0.9713,-0.9719,0.8021,26
45,61,3252.0,Low*Medium*NoStarvation,10,Low*Medium*NoStarvation,7.57,6.71,7,7,5,0.1923,0.0671,0.35,0.0192,-0.0336,-0.07,0.0058,0.0,-0.0978,-0.9719,-0.972,0.8021,26
45,62,3298.0,Low*Medium*NoStarvation,20,Low*Medium*NoStarvation,6.71,15.43,7,7,10,0.2174,0.1543,0.35,0.0217,-0.0771,-0.07,0.0065,0.0,-0.1406,-1.0151,-1.0151,0.8021,46
45,63,3364.0,Low*Medium*NoStarvation,30,Medium*Medium*NoStarvation,15.43,26.57,7,7,15,0.2273,0.2657,0.35,0.0227,-0.1329,-0.07,0.0068,0.0,-0.196,-1.0617,-1.0624,0.8021,66
45,64,3390.0,Medium*Medium*NoStarvation,10,Low*Medium*NoStarvation,26.57,5.86,7,7,5,0.1923,0.0586,0.35,0.0192,-0.0293,-0.07,0.0058,0.0,-0.0935,-0.9694,-0.9693,0.8021,26
45,65,3486.0,Low*Medium*NoStarvation,45,Medium*Medium*NoStarvation,5.86,42.86,7,7,22,0.2292,0.4286,0.35,0.0229,-0.2143,-0.07,0.0069,0.0,-0.2774,-1.1385,-1.1396,0.8021,96
45,66,3512.0,Medium*Medium*NoStarvation,10,Low*Medium*NoStarvation,42.86,7.43,7,7,4,0.1538,0.0743,0.35,0.0154,-0.0371,-0.07,0.0046,0.0,-0.1025,-0.9693,-0.9701,0.8021,26
45,67,3538.0,Low*Medium*NoStarvation,10,Low*Medium*NoStarvation,7.43,5.57,7,6,5,0.1923,0.0557,0.3,0.0192,-0.0279,-0.06,0.0058,0.0,-0.0821,-0.972,-0.9705,0.8021,26
45,68,3584.0,Low*Medium*NoStarvation,20,Low*Medium*NoStarvation,5.57,15.43,6,7,10,0.2174,0.1543,0.35,0.0217,-0.0771,-0.07,0.0065,0.0,-0.1406,-1.0151,-1.015,0.8021,46
45,69,3650.0,Low*Medium*NoStarvation,30,Medium*Medium*NoStarvation,15.43,25.86,7,7,15,0.2273,0.2586,0.35,0.0227,-0.1293,-0.07,0.0068,0.0,-0.1925,-1.0624,-1.0627,0.8021,66
46,0,116.0,Low*Low*NoStarvation,30,Medium*Medium*NoStarvation,0.83,26.71,2,7,31,0.4697,0.2671,0.35,0.047,-0.1336,-0.07,0.0141,0.0,-0.1895,-0.7551,-0.7858,0.7981,66
46,1,142.0,Medium*Medium*NoStarvation,10,Low*Medium*NoStarvation,26.71,7.0,7,7,10,0.3846,0.07,0.35,0.0385,-0.035,-0.07,0.0115,0.0,-0.0935,-0.9701,-0.9698,0.7981,26
46,2,188.0,Low*Medium*NoStarvation,20,Low*Medium*NoStarvation,7.0,16.29,7,7,20,0.4348,0.1629,0.35,0.0435,-0.0814,-0.07,0.013,0.0,-0.1384,-1.015,-1.0147,0.7981,46
46,3,234.0,Low*Medium*NoStarvation,20,Low*Medium*NoStarvation,16.29,16.0,7,7,20,0.4348,0.16,0.35,0.0435,-0.08,-0.07,0.013,0.0,-0.137,-1.0147,-1.0143,0.7981,46
46,4,280.0,Low*Medium*NoStarvation,20,Low*Medium*NoStarvation,16.0,15.71,7,7,20,0.4348,0.1571,0.35,0.0435,-0.0786,-0.07,0.013,0.0,-0.1355,-1.0143,-1.0137,0.7981,46
46,5,306.0,Low*Medium*NoStarvation,10,Low*Medium*NoStarvation,15.71,5.71,7,6,10,0.3846,0.0571,0.3,0.0385,-0.0286,-0.06,0.0115,0.0,-0.077,-0.9705,-0.9685,0.7981,26
46,6,352.0,Low*Medium*NoStarvation,20,Low*Medium*NoStarvation,5.71,16.71,6,7,20,0.4348,0.1671,0.35,0.0435,-0.0836,-0.07,0.013,0.0,-0.1405,-1.0137,-1.0136,0.7981,46
46,7,418.0,Low*Medium*NoStarvation,30,Medium*Medium*NoStarvation,16.71,25.71,7,7,29,0.4394,0.2571,0.35,0.0439,-0.1286,-0.07,0.0132,0.0,-0.1854,-1.0627,-1.0623,0.7981,66
46,8,444.0,Medium*Medium*NoStarvation,10,Low*Medium*NoStarvation,25.71,5.71,7,7,10,0.3846,0.0571,0.35,0.0385,-0.0286,-0.07,0.0115,0.0,-0.087,-0.9698,-0.9687,0.7981,26
46,9,470.0,Low*Medium*NoStarvation,10,Low*Medium*NoStarvation,5.71,6.43,7,7,10,0.3846,0.0643,0.35,0.0385,-0.0321,-0.07,0.0115,0.0,-0.0906,-0.9685,-0.9678,0.7981,26
46,10,496.0,Low*Medium*NoStarvation,10,Low*Medium*NoStarvation,6.43,9.29,7,7,9,0.3462,0.0929,0.35,0.0346,-0.0464,-0.07,0.0104,0.0,-0.106,-0.9678,-0.9688,0.7981,26
46,11,592.0,Low*Medium*NoStarvation,45,Medium*Medium*NoStarvation,9.29,40.29,7,7,45,0.4688,0.4029,0.35,0.0469,-0.2014,-0.07,0.0141,0.0,-0.2574,-1.1396,-1.1386,0.7981,96
46,12,688.0,Medium*Medium*NoStarvation,45,Medium*Medium*NoStarvation,40.29,40.29,7,7,46,0.4792,0.4029,0.35,0.0479,-0.2014,-0.07,0.0144,0.0,-0.2571,-1.1369,-1.1361,0.7981,96
46,13,714.0,Medium*Medium*NoStarvation,10,Low*Medium*NoStarvation,40.29,8.43,7,7,10,0.3846,0.0843,0.35,0.0385,-0.0421,-0.07,0.0115,0.0,-0.1006,-0.9687,-0.9691,0.7981,26
46,14,740.0,Low*Medium*NoStarvation,10,Low*Medium*NoStarvation,8.43,6.86,7,7,10,0.3846,0.0686,0.35,0.0385,-0.0343,-0.07,0.0115,0.0,-0.0927,-0.9688,-0.9684,0.7981,26
46,15,836.0,Low*Medium*NoStarvation,45,Medium*Medium*NoStarvation,6.86,42.14,7,7,45,0.4688,0.4214,0.35,0.0469,-0.2107,-0.07,0.0141,0.0,-0.2667,-1.1386,-1.1386,0.7981,96
46,16,882.0,Medium*Medium*NoStarvation,20,Low*Medium*NoStarvation,42.14,16.43,7,7,20,0.4348,0.1643,0.35,0.0435,-0.0821,-0.07,0.013,0.0,-0.1391,-1.0133,-1.013,0.7981,46
46,17,978.0,Low*Medium*NoStarvation,45,Medium*Medium*NoStarvation,16.43,40.29,7,7,46,0.4792,0.4029,0.35,0.0479,-0.2014,-0.07,0.0144,0.0,-0.2571,-1.1386,-1.1377,0.7981,96
46,18,1004.0,Medium*Medium*NoStarvation,10,Low*Medium*NoStarvation,40.29,6.86,7,7,10,0.3846,0.0686,0.35,0.0385,-0.0343,-0.07,0.0115,0.0,-0.0927,-0.9691,-0.9686,0.7981,26
46,19,1030.0,Low*Medium*NoStarvation,10,Low*Medium*NoStarvation,6.86,5.86,7,7,10,0.3846,0.0586,0.35,0.0385,-0.0293,-0.07,0.0115,0.0,-0.0877,-0.9684,-0.9674,0.7981,26
46,20,1056.0,Low*Medium*NoStarvation,10,Low*Medium*NoStarvation,5.86,6.14,7,7,10,0.3846,0.0614,0.35,0.0385,-0.0307,-0.07,0.0115,0.0,-0.0892,-0.9674,-0.9667,0.7981,26
46,21,1122.0,Low*Medium*NoStarvation,30,Medium*Medium*NoStarvation,6.14,25.86,7,7,30,0.4545,0.2586,0.35,0.0455,-0.1293,-0.07,0.0136,0.0,-0.1856,-1.0623,-1.0618,0.7981,66
46,22,1148.0,Medium*Medium*NoStarvation,10,Low*Medium*NoStarvation,25.86,6.79,7,8,10,0.3846,0.0679,0.4,0.0385,-0.0339,-0.08,0.0115,0.0,-0.1024,-0.9686,-0.969,0.7981,26
46,23,1244.0,Low*Medium*NoStarvation,45,Medium*Medium*NoStarvation,6.79,42.71,8,7,44,0.4583,0.4271,0.35,0.0458,-0.2136,-0.07,0.0137,0.0,-0.2698,-1.1377,-1.1381,0.7981,96
46,24,1340.0,Medium*Medium*NoStarvation,45,Medium*Medium*NoStarvation,42.71,41.0,7,7,45,0.4688,0.41,0.35,0.0469,-0.205,-0.07,0.0141,0.0,-0.2609,-1.1361,-1.1358,0.7981,96
46,25,1366.0,Medium*Medium*NoStarvation,10,Low*Medium*NoStarvation,41.0,5.93,7,7,10,0.3846,0.0593,0.35,0.0385,-0.0296,-0.07,0.0115,0.0,-0.0881,-0.969,-0.9679,0.7981,26
46,26,1432.0,Low*Medium*NoStarvation,30,Medium*Medium*NoStarvation,5.93,25.29,7,7,23,0.3485,0.2529,0.35,0.0348,-0.1264,-0.07,0.0105,0.0,-0.186,-1.0618,-1.0613,0.7981,66
46,27,1528.0,Medium*Medium*NoStarvation,45,Medium*Medium*NoStarvation,25.29,41.29,7,7,22,0.2292,0.4129,0.35,0.0229,-0.2064,-0.07,0.0069,0.0,-0.2696,-1.1358,-1.1363,0.7981,96
46,28,1594.0,Medium*Medium*NoStarvation,30,Medium*Medium*NoStarvation,41.29,27.71,7,7,15,0.2273,0.2771,0.35,0.0227,-0.1386,-0.07,0.0068,0.0,-0.2018,-1.062,-1.0631,0.7981,66
46,29,1620.0,Medium*Medium*NoStarvation,10,Low*Medium*NoStarvation,27.71,6.43,7,7,5,0.1923,0.0643,0.35,0.0192,-0.0321,-0.07,0.0058,0.0,-0.0964,-0.9679,-0.9677,0.7981,26
46,30,1646.0,Low*Medium*NoStarvation,10,Low*Medium*NoStarvation,6.43,6.14,7,7,5,0.1923,0.0614,0.35,0.0192,-0.0307,-0.07,0.0058,0.0,-0.0949,-0.9667,-0.9665,0.7981,26
46,31,1742.0,Low*Medium*NoStarvation,45,Medium*Medium*NoStarvation,6.14,42.43,7,7,22,0.2292,0.4243,0.35,0.0229,-0.2121,-0.07,0.0069,0.0,-0.2753,-1.1381,-1.1389,0.7981,96
46,32,1768.0,Medium*Medium*NoStarvation,10,Low*Medium*NoStarvation,42.43,7.14,7,7,5,0.1923,0.0714,0.35,0.0192,-0.0357,-0.07,0.0058,0.0,-0.0999,-0.9677,-0.9679,0.7981,26
46,33,1794.0,Low*Medium*NoStarvation,10,Low*Medium*NoStarvation,7.14,5.86,7,7,5,0.1923,0.0586,0.35,0.0192,-0.0293,-0.07,0.0058,0.0,-0.0935,-0.9665,-0.9662,0.7981,26
46,34,1890.0,Low*Medium*NoStarvation,45,Medium*Medium*NoStarvation,5.86,41.14,7,7,23,0.2396,0.4114,0.35,0.024,-0.2057,-0.07,0.0072,0.0,-0.2685,-1.1389,-1.139,0.7981,96
46,35,1986.0,Medium*Medium*NoStarvation,45,Medium*Medium*NoStarvation,41.14,40.29,7,7,23,0.2396,0.4029,0.35,0.024,-0.2014,-0.07,0.0072,0.0,-0.2642,-1.1363,-1.1362,0.7981,96
46,36,2052.0,Medium*Medium*NoStarvation,30,Medium*Medium*NoStarvation,40.29,26.29,7,7,15,0.2273,0.2629,0.35,0.0227,-0.1314,-0.07,0.0068,0.0,-0.1946,-1.0631,-1.0633,0.7981,66
46,37,2078.0,Medium*Medium*NoStarvation,10,Low*Medium*NoStarvation,26.29,6.57,7,7,5,0.1923,0.0657,0.35,0.0192,-0.0329,-0.07,0.0058,0.0,-0.0971,-0.9679,-0.9678,0.7981,26
46,38,2104.0,Low*Medium*NoStarvation,10,Low*Medium*NoStarvation,6.57,6.14,7,7,5,0.1923,0.0614,0.35,0.0192,-0.0307,-0.07,0.0058,0.0,-0.0949,-0.9662,-0.966,0.7981,26
46,39,2130.0,Low*Medium*NoStarvation,10,Low*Medium*NoStarvation,6.14,7.43,7,7,5,0.1923,0.0743,0.35,0.0192,-0.0371,-0.07,0.0058,0.0,-0.1014,-0.966,-0.9665,0.7981,26
46,40,2156.0,Low*Medium*NoStarvation,10,Low*Medium*NoStarvation,7.43,7.71,7,7,4,0.1538,0.0771,0.35,0.0154,-0.0386,-0.07,0.0046,0.0,-0.104,-0.9665,-0.9672,0.7981,26
46,41,2202.0,Low*Medium*NoStarvation,20,Low*Medium*NoStarvation,7.71,15.43,7,7,10,0.2174,0.1543,0.35,0.0217,-0.0771,-0.07,0.0065,0.0,-0.1406,-1.0136,-1.0133,0.7981,46
46,42,2228.0,Low*Medium*NoStarvation,10,Low*Medium*NoStarvation,15.43,7.71,7,7,5,0.1923,0.0771,0.35,0.0192,-0.0386,-0.07,0.0058,0.0,-0.1028,-0.9672,-0.9679,0.7981,26
46,43,2294.0,Low*Medium*NoStarvation,30,Medium*Medium*NoStarvation,7.71,27.0,7,7,15,0.2273,0.27,0.35,0.0227,-0.135,-0.07,0.0068,0.0,-0.1982,-1.0613,-1.0621,0.7981,66
46,44,2360.0,Medium*Medium*NoStarvation,30,Medium*Medium*NoStarvation,27.0,26.71,7,7,15,0.2273,0.2671,0.35,0.0227,-0.1336,-0.07,0.0068,0.0,-0.1968,-1.0633,-1.0638,0.7981,66
46,45,2426.0,Medium*Medium*NoStarvation,30,Medium*Medium*NoStarvation,26.71,26.29,7,7,15,0.2273,0.2629,0.35,0.0227,-0.1314,-0.07,0.0068,0.0,-0.1946,-1.0638,-1.064,0.7981,66
46,46,2522.0,Medium*Medium*NoStarvation,45,Medium*Medium*NoStarvation,26.29,40.29,7,7,23,0.2396,0.4029,0.35,0.024,-0.2014,-0.07,0.0072,0.0,-0.2642,-1.1362,-1.1361,0.7981,96
46,47,2568.0,Medium*Medium*NoStarvation,20,Low*Medium*NoStarvation,40.29,16.71,7,7,10,0.2174,0.1671,0.35,0.0217,-0.0836,-0.07,0.0065,0.0,-0.147,-1.013,-1.0135,0.7981,46
46,48,2594.0,Low*Medium*NoStarvation,10,Low*Medium*NoStarvation,16.71,7.57,7,7,5,0.1923,0.0757,0.35,0.0192,-0.0379,-0.07,0.0058,0.0,-0.1021,-0.9679,-0.9684,0.7981,26
46,49,2660.0,Low*Medium*NoStarvation,30,Medium*Medium*NoStarvation,7.57,26.29,7,7,15,0.2273,0.2629,0.35,0.0227,-0.1314,-0.07,0.0068,0.0,-0.1946,-1.0621,-1.0624,0.7981,66
46,50,2686.0,Medium*Medium*NoStarvation,10,Low*Medium*NoStarvation,26.29,7.0,7,7,5,0.1923,0.07,0.35,0.0192,-0.035,-0.07,0.0058,0.0,-0.0992,-0.9678,-0.9681,0.7981,26
46,51,2752.0,Low*Medium*NoStarvation,30,Medium*Medium*NoStarvation,7.0,26.29,7,7,15,0.2273,0.2629,0.35,0.0227,-0.1314,-0.07,0.0068,0.0,-0.1946,-1.0624,-1.0628,0.7981,66
46,52,2848.0,Medium*Medium*NoStarvation,45,Medium*Medium*NoStarvation,26.29,41.0,7,7,22,0.2292,0.41,0.35,0.0229,-0.205,-0.07,0.0069,0.0,-0.2681,-1.1361,-1.1364,0.7981,96
46,53,2944.0,Medium*Medium*NoStarvation,45,Medium*Medium*NoStarvation,41.0,41.0,7,7,22,0.2292,0.41,0.35,0.0229,-0.205,-0.07,0.0069,0.0,-0.2681,-1.1364,-1.1367,0.7981,96
46,54,3040.0,Medium*Medium*NoStarvation,45,Medium*Medium*NoStarvation,41.0,42.14,7,7,22,0.2292,0.4214,0.35,0.0229,-0.2107,-0.07,0.0069,0.0,-0.2738,-1.1367,-1.1376,0.7981,96
46,55,3066.0,Medium*Medium*NoStarvation,10,Low*Medium*NoStarvation,42.14,6.0,7,7,5,0.1923,0.06,0.35,0.0192,-0.03,-0.07,0.0058,0.0,-0.0942,-0.9681,-0.9679,0.7981,26
46,56,3112.0,Low*Medium*NoStarvation,20,Low*Medium*NoStarvation,6.0,16.57,7,7,10,0.2174,0.1657,0.35,0.0217,-0.0829,-0.07,0.0065,0.0,-0.1463,-1.0133,-1.0138,0.7981,46
46,57,3178.0,Low*Medium*NoStarvation,30,Medium*Medium*NoStarvation,16.57,26.0,7,7,15,0.2273,0.26,0.35,0.0227,-0.13,-0.07,0.0068,0.0,-0.1932,-1.0628,-1.0629,0.7981,66
46,58,3274.0,Medium*Medium*NoStarvation,45,Medium*Medium*NoStarvation,26.0,42.29,7,7,22,0.2292,0.4229,0.35,0.0229,-0.2114,-0.07,0.0069,0.0,-0.2746,-1.1376,-1.1384,0.7981,96
46,59,3300.0,Medium*Medium*NoStarvation,10,Low*Medium*NoStarvation,42.29,6.57,7,7,5,0.1923,0.0657,0.35,0.0192,-0.0329,-0.07,0.0058,0.0,-0.0971,-0.9679,-0.9679,0.7981,26
46,60,3366.0,Low*Medium*NoStarvation,30,Medium*Medium*NoStarvation,6.57,25.57,7,7,15,0.2273,0.2557,0.35,0.0227,-0.1279,-0.07,0.0068,0.0,-0.191,-1.0629,-1.0629,0.7981,66
46,61,3432.0,Medium*Medium*NoStarvation,30,Medium*Medium*NoStarvation,25.57,25.14,7,7,15,0.2273,0.2514,0.35,0.0227,-0.1257,-0.07,0.0068,0.0,-0.1889,-1.064,-1.0636,0.7981,66
46,62,3458.0,Medium*Medium*NoStarvation,10,Low*Medium*NoStarvation,25.14,6.71,7,7,5,0.1923,0.0671,0.35,0.0192,-0.0336,-0.07,0.0058,0.0,-0.0978,-0.9679,-0.9681,0.7981,26
46,63,3524.0,Low*Medium*NoStarvation,30,Medium*Medium*NoStarvation,6.71,28.29,7,7,14,0.2121,0.2829,0.35,0.0212,-0.1414,-0.07,0.0064,0.0,-0.2051,-1.0629,-1.0642,0.7981,66
46,64,3620.0,Medium*Medium*NoStarvation,45,Medium*Medium*NoStarvation,28.29,41.43,7,7,22,0.2292,0.4143,0.35,0.0229,-0.2071,-0.07,0.0069,0.0,-0.2703,-1.1384,-1.1387,0.7981,96
47,0,116.0,Low*Low*NoStarvation,30,Medium*Medium*NoStarvation,0.83,26.71,2,7,31,0.4697,0.2671,0.35,0.047,-0.1336,-0.07,0.0141,0.0,-0.1895,-0.7858,-0.8133,0.7941,66
47,1,162.0,Medium*Medium*NoStarvation,20,Low*Medium*NoStarvation,26.71,16.86,7,7,20,0.4348,0.1686,0.35,0.0435,-0.0843,-0.07,0.013,0.0,-0.1412,-1.0135,-1.0135,0.7941,46
47,2,188.0,Low*Medium*NoStarvation,10,Low*Medium*NoStarvation,16.86,8.93,7,8,9,0.3462,0.0893,0.4,0.0346,-0.0446,-0.08,0.0104,0.0,-0.1143,-0.9684,-0.9701,0.7941,26
47,3,214.0,Low*Medium*NoStarvation,10,Low*Medium*NoStarvation,8.93,7.68,8,8,8,0.3077,0.0768,0.4,0.0308,-0.0384,-0.08,0.0092,0.0,-0.1092,-0.9701,-0.9713,0.7941,26
47,4,280.0,Low*Medium*NoStarvation,30,Medium*Medium*NoStarvation,7.68,25.86,8,7,30,0.4545,0.2586,0.35,0.0455,-0.1293,-0.07,0.0136,0.0,-0.1856,-1.0642,-1.0635,0.7941,66
47,5,346.0,Medium*Medium*NoStarvation,30,Medium*Medium*NoStarvation,25.86,27.0,7,7,30,0.4545,0.27,0.35,0.0455,-0.135,-0.07,0.0136,0.0,-0.1914,-1.0636,-1.0635,0.7941,66
47,6,372.0,Medium*Medium*NoStarvation,10,Low*Medium*NoStarvation,27.0,5.29,7,6,9,0.3462,0.0529,0.3,0.0346,-0.0264,-0.06,0.0104,0.0,-0.076,-0.9681,-0.9663,0.7941,26
47,7,418.0,Low*Medium*NoStarvation,20,Low*Medium*NoStarvation,5.29,15.71,6,7,20,0.4348,0.1571,0.35,0.0435,-0.0786,-0.07,0.013,0.0,-0.1355,-1.0138,-1.0134,0.7941,46
47,8,444.0,Low*Medium*NoStarvation,10,Low*Medium*NoStarvation,15.71,9.0,7,7,9,0.3462,0.09,0.35,0.0346,-0.045,-0.07,0.0104,0.0,-0.1046,-0.9713,-0.9721,0.7941,26
47,9,510.0,Low*Medium*NoStarvation,30,Medium*Medium*NoStarvation,9.0,26.43,7,7,30,0.4545,0.2643,0.35,0.0455,-0.1321,-0.07,0.0136,0.0,-0.1885,-1.0635,-1.063,0.7941,66
47,10,556.0,Medium*Medium*NoStarvation,20,Low*Medium*NoStarvation,26.43,17.29,7,7,20,0.4348,0.1729,0.35,0.0435,-0.0864,-0.07,0.013,0.0,-0.1434,-1.0135,-1.0139,0.7941,46
47,11,582.0,Low*Medium*NoStarvation,10,Low*Medium*NoStarvation,17.29,8.29,7,7,9,0.3462,0.0829,0.35,0.0346,-0.0414,-0.07,0.0104,0.0,-0.101,-0.9721,-0.9725,0.7941,26
47,12,678.0,Low*Medium*NoStarvation,45,Medium*Medium*NoStarvation,8.29,42.57,7,7,44,0.4583,0.4257,0.35,0.0458,-0.2129,-0.07,0.0137,0.0,-0.2691,-1.139,-1.1389,0.7941,96
47,13,704.0,Medium*Medium*NoStarvation,10,Low*Medium*NoStarvation,42.57,6.86,7,7,11,0.4231,0.0686,0.35,0.0423,-0.0343,-0.07,0.0127,0.0,-0.0916,-0.9663,-0.9664,0.7941,26
47,14,730.0,Low*Medium*NoStarvation,10,Low*Medium*NoStarvation,6.86,5.29,7,7,9,0.3462,0.0529,0.35,0.0346,-0.0264,-0.07,0.0104,0.0,-0.086,-0.9725,-0.9713,0.7941,26
47,15,796.0,Low*Medium*NoStarvation,30,Medium*Medium*NoStarvation,5.29,25.0,7,7,31,0.4697,0.25,0.35,0.047,-0.125,-0.07,0.0141,0.0,-0.1809,-1.063,-1.0617,0.7941,66
47,16,842.0,Medium*Medium*NoStarvation,20,Low*Medium*NoStarvation,25.0,16.71,7,7,20,0.4348,0.1671,0.35,0.0435,-0.0836,-0.07,0.013,0.0,-0.1405,-1.0139,-1.014,0.7941,46
47,17,938.0,Low*Medium*NoStarvation,45,Medium*Medium*NoStarvation,16.71,41.14,7,7,46,0.4792,0.4114,0.35,0.0479,-0.2057,-0.07,0.0144,0.0,-0.2613,-1.1389,-1.1382,0.7941,96
47,18,964.0,Medium*Medium*NoStarvation,10,Low*Medium*NoStarvation,41.14,5.29,7,6,9,0.3462,0.0529,0.3,0.0346,-0.0264,-0.06,0.0104,0.0,-0.076,-0.9664,-0.9647,0.7941,26
47,19,990.0,Low*Medium*NoStarvation,10,Low*Medium*NoStarvation,5.29,8.86,6,7,10,0.3846,0.0886,0.35,0.0385,-0.0443,-0.07,0.0115,0.0,-0.1027,-0.9713,-0.9719,0.7941,26
47,20,1086.0,Low*Medium*NoStarvation,45,Medium*Medium*NoStarvation,8.86,42.71,7,7,44,0.4583,0.4271,0.35,0.0458,-0.2136,-0.07,0.0137,0.0,-0.2698,-1.1382,-1.1382,0.7941,96
47,21,1132.0,Medium*Medium*NoStarvation,20,Low*Medium*NoStarvation,42.71,15.0,7,7,21,0.4565,0.15,0.35,0.0457,-0.075,-0.07,0.0137,0.0,-0.1313,-1.014,-1.0132,0.7941,46
47,22,1178.0,Low*Medium*NoStarvation,20,Low*Medium*NoStarvation,15.0,15.57,7,7,20,0.4348,0.1557,0.35,0.0435,-0.0779,-0.07,0.013,0.0,-0.1348,-1.0134,-1.013,0.7941,46
47,23,1204.0,Low*Medium*NoStarvation,10,Low*Medium*NoStarvation,15.57,8.21,7,8,9,0.3462,0.0821,0.4,0.0346,-0.0411,-0.08,0.0104,0.0,-0.1107,-0.9719,-0.9733,0.7941,26
47,24,1270.0,Low*Medium*NoStarvation,30,Medium*Medium*NoStarvation,8.21,25.0,8,7,30,0.4545,0.25,0.35,0.0455,-0.125,-0.07,0.0136,0.0,-0.1814,-1.0617,-1.0605,0.7941,66
47,25,1336.0,Medium*Medium*NoStarvation,30,Medium*Medium*NoStarvation,25.0,26.86,7,7,30,0.4545,0.2686,0.35,0.0455,-0.1343,-0.07,0.0136,0.0,-0.1906,-1.0635,-1.063,0.7941,66
47,26,1402.0,Medium*Medium*NoStarvation,30,Medium*Medium*NoStarvation,26.86,26.14,7,7,30,0.4545,0.2614,0.35,0.0455,-0.1307,-0.07,0.0136,0.0,-0.1871,-1.063,-1.0623,0.7941,66
47,27,1448.0,Medium*Medium*NoStarvation,20,Low*Medium*NoStarvation,26.14,15.86,7,7,15,0.3261,0.1586,0.35,0.0326,-0.0793,-0.07,0.0098,0.0,-0.1395,-1.0132,-1.0134,0.7941,46
47,28,1494.0,Low*Medium*NoStarvation,20,Low*Medium*NoStarvation,15.86,14.86,7,7,10,0.2174,0.1486,0.35,0.0217,-0.0743,-0.07,0.0065,0.0,-0.1378,-1.013,-1.0131,0.7941,46
47,29,1520.0,Low*Medium*NoStarvation,10,Low*Medium*NoStarvation,14.86,6.57,7,7,5,0.1923,0.0657,0.35,0.0192,-0.0329,-0.07,0.0058,0.0,-0.0971,-0.9733,-0.9732,0.7941,26
47,30,1546.0,Low*Medium*NoStarvation,10,Low*Medium*NoStarvation,6.57,6.14,7,7,5,0.1923,0.0614,0.35,0.0192,-0.0307,-0.07,0.0058,0.0,-0.0949,-0.9732,-0.973,0.7941,26
47,31,1612.0,Low*Medium*NoStarvation,30,Medium*Medium*NoStarvation,6.14,23.86,7,7,15,0.2273,0.2386,0.35,0.0227,-0.1193,-0.07,0.0068,0.0,-0.1825,-1.0605,-1.0595,0.7941,66
47,32,1658.0,Medium*Medium*NoStarvation,20,Low*Medium*NoStarvation,23.86,15.86,7,7,10,0.2174,0.1586,0.35,0.0217,-0.0793,-0.07,0.0065,0.0,-0.1428,-1.0134,-1.0139,0.7941,46
47,33,1704.0,Low*Medium*NoStarvation,20,Low*Medium*NoStarvation,15.86,17.29,7,7,10,0.2174,0.1729,0.35,0.0217,-0.0864,-0.07,0.0065,0.0,-0.1499,-1.0131,-1.0143,0.7941,46
47,34,1800.0,Low*Medium*NoStarvation,45,Medium*Medium*NoStarvation,17.29,40.14,7,7,23,0.2396,0.4014,0.35,0.024,-0.2007,-0.07,0.0072,0.0,-0.2635,-1.1382,-1.1375,0.7941,96
47,35,1826.0,Medium*Medium*NoStarvation,10,Low*Medium*NoStarvation,40.14,7.71,7,7,4,0.1538,0.0771,0.35,0.0154,-0.0386,-0.07,0.0046,0.0,-0.104,-0.9647,-0.9662,0.7941,26
47,36,1852.0,Low*Medium*NoStarvation,10,Low*Medium*NoStarvation,7.71,8.0,7,7,4,0.1538,0.08,0.35,0.0154,-0.04,-0.07,0.0046,0.0,-0.1054,-0.973,-0.9738,0.7941,26
47,37,1898.0,Low*Medium*NoStarvation,20,Low*Medium*NoStarvation,8.0,16.71,7,7,10,0.2174,0.1671,0.35,0.0217,-0.0836,-0.07,0.0065,0.0,-0.147,-1.0143,-1.0152,0.7941,46
47,38,1964.0,Low*Medium*NoStarvation,30,Medium*Medium*NoStarvation,16.71,26.57,7,7,15,0.2273,0.2657,0.35,0.0227,-0.1329,-0.07,0.0068,0.0,-0.196,-1.0595,-1.0601,0.7941,66
47,39,1990.0,Medium*Medium*NoStarvation,10,Low*Medium*NoStarvation,26.57,9.0,7,7,4,0.1538,0.09,0.35,0.0154,-0.045,-0.07,0.0046,0.0,-0.1104,-0.9662,-0.9683,0.7941,26
47,40,2056.0,Low*Medium*NoStarvation,30,Medium*Medium*NoStarvation,9.0,26.57,7,7,15,0.2273,0.2657,0.35,0.0227,-0.1329,-0.07,0.0068,0.0,-0.196,-1.0601,-1.0609,0.7941,66
47,41,2102.0,Medium*Medium*NoStarvation,20,Low*Medium*NoStarvation,26.57,16.43,7,7,10,0.2174,0.1643,0.35,0.0217,-0.0821,-0.07,0.0065,0.0,-0.1456,-1.0139,-1.0148,0.7941,46
47,42,2128.0,Low*Medium*NoStarvation,10,Low*Medium*NoStarvation,16.43,5.71,7,6,5,0.1923,0.0571,0.3,0.0192,-0.0286,-0.06,0.0058,0.0,-0.0828,-0.9738,-0.9723,0.7941,26
47,43,2154.0,Low*Medium*NoStarvation,10,Low*Medium*NoStarvation,5.71,8.29,6,7,4,0.1538,0.0829,0.35,0.0154,-0.0414,-0.07,0.0046,0.0,-0.1068,-0.9723,-0.9733,0.7941,26
47,44,2180.0,Low*Medium*NoStarvation,10,Low*Medium*NoStarvation,8.29,8.14,7,7,4,0.1538,0.0814,0.35,0.0154,-0.0407,-0.07,0.0046,0.0,-0.1061,-0.9733,-0.9742,0.7941,26
47,45,2246.0,Low*Medium*NoStarvation,30,Medium*Medium*NoStarvation,8.14,26.57,7,7,15,0.2273,0.2657,0.35,0.0227,-0.1329,-0.07,0.0068,0.0,-0.196,-1.0609,-1.0615,0.7941,66
47,46,2272.0,Medium*Medium*NoStarvation,10,Low*Medium*NoStarvation,26.57,6.57,7,6,5,0.1923,0.0657,0.3,0.0192,-0.0329,-0.06,0.0058,0.0,-0.0871,-0.9683,-0.9678,0.7941,26
47,47,2298.0,Low*Medium*NoStarvation,10,Low*Medium*NoStarvation,6.57,8.29,6,7,4,0.1538,0.0829,0.35,0.0154,-0.0414,-0.07,0.0046,0.0,-0.1068,-0.9742,-0.9751,0.7941,26
47,48,2394.0,Low*Medium*NoStarvation,45,Medium*Medium*NoStarvation,8.29,39.86,7,7,23,0.2396,0.3986,0.35,0.024,-0.1993,-0.07,0.0072,0.0,-0.2621,-1.1375,-1.1371,0.7941,96
47,49,2490.0,Medium*Medium*NoStarvation,45,Medium*Medium*NoStarvation,39.86,41.57,7,7,22,0.2292,0.4157,0.35,0.0229,-0.2079,-0.07,0.0069,0.0,-0.271,-1.1387,-1.139,0.7941,96
47,50,2516.0,Medium*Medium*NoStarvation,10,Low*Medium*NoStarvation,41.57,8.86,7,7,4,0.1538,0.0886,0.35,0.0154,-0.0443,-0.07,0.0046,0.0,-0.1097,-0.9678,-0.9698,0.7941,26
47,51,2582.0,Low*Medium*NoStarvation,30,Medium*Medium*NoStarvation,8.86,27.57,7,7,15,0.2273,0.2757,0.35,0.0227,-0.1379,-0.07,0.0068,0.0,-0.201,-1.0615,-1.0628,0.7941,66
47,52,2628.0,Medium*Medium*NoStarvation,20,Low*Medium*NoStarvation,27.57,17.14,7,7,10,0.2174,0.1714,0.35,0.0217,-0.0857,-0.07,0.0065,0.0,-0.1492,-1.0148,-1.016,0.7941,46
47,53,2654.0,Low*Medium*NoStarvation,10,Low*Medium*NoStarvation,17.14,5.71,7,7,5,0.1923,0.0571,0.35,0.0192,-0.0286,-0.07,0.0058,0.0,-0.0928,-0.9751,-0.9747,0.7941,26
47,54,2720.0,Low*Medium*NoStarvation,30,Medium*Medium*NoStarvation,5.71,27.14,7,7,15,0.2273,0.2714,0.35,0.0227,-0.1357,-0.07,0.0068,0.0,-0.1989,-1.0628,-1.0637,0.7941,66
47,55,2816.0,Medium*Medium*NoStarvation,45,Medium*Medium*NoStarvation,27.14,40.71,7,7,23,0.2396,0.4071,0.35,0.024,-0.2036,-0.07,0.0072,0.0,-0.2664,-1.139,-1.139,0.7941,96
47,56,2912.0,Medium*Medium*NoStarvation,45,Medium*Medium*NoStarvation,40.71,41.57,7,7,22,0.2292,0.4157,0.35,0.0229,-0.2079,-0.07,0.0069,0.0,-0.271,-1.139,-1.1395,0.7941,96
47,57,3008.0,Medium*Medium*NoStarvation,45,Medium*Medium*NoStarvation,41.57,40.43,7,7,23,0.2396,0.4043,0.35,0.024,-0.2021,-0.07,0.0072,0.0,-0.265,-1.1395,-1.1393,0.7941,96
47,58,3054.0,Medium*Medium*NoStarvation,20,Low*Medium*NoStarvation,40.43,18.29,7,7,9,0.1957,0.1829,0.35,0.0196,-0.0914,-0.07,0.0059,0.0,-0.1556,-1.016,-1.0176,0.7941,46
47,59,3150.0,Low*Medium*NoStarvation,45,Medium*Medium*NoStarvation,18.29,39.57,7,7,23,0.2396,0.3957,0.35,0.024,-0.1979,-0.07,0.0072,0.0,-0.2607,-1.1371,-1.1367,0.7941,96
47,60,3196.0,Medium*Medium*NoStarvation,20,Low*Medium*NoStarvation,39.57,15.57,7,7,10,0.2174,0.1557,0.35,0.0217,-0.0779,-0.07,0.0065,0.0,-0.1413,-1.0176,-1.0177,0.7941,46
47,61,3242.0,Low*Medium*NoStarvation,20,Low*Medium*NoStarvation,15.57,15.14,7,7,10,0.2174,0.1514,0.35,0.0217,-0.0757,-0.07,0.0065,0.0,-0.1392,-1.0152,-1.0154,0.7941,46
47,62,3288.0,Low*Medium*NoStarvation,20,Low*Medium*NoStarvation,15.14,16.71,7,7,10,0.2174,0.1671,0.35,0.0217,-0.0836,-0.07,0.0065,0.0,-0.147,-1.0154,-1.0162,0.7941,46
47,63,3314.0,Low*Medium*NoStarvation,10,Low*Medium*NoStarvation,16.71,5.14,7,6,5,0.1923,0.0514,0.3,0.0192,-0.0257,-0.06,0.0058,0.0,-0.0799,-0.9747,-0.9729,0.7941,26
47,64,3410.0,Low*Medium*NoStarvation,45,Medium*Medium*NoStarvation,5.14,41.43,6,7,22,0.2292,0.4143,0.35,0.0229,-0.2071,-0.07,0.0069,0.0,-0.2703,-1.1367,-1.1374,0.7941,96
47,65,3436.0,Medium*Medium*NoStarvation,10,Low*Medium*NoStarvation,41.43,7.29,7,7,5,0.1923,0.0729,0.35,0.0192,-0.0364,-0.07,0.0058,0.0,-0.1007,-0.9698,-0.9704,0.7941,26
47,66,3502.0,Low*Medium*NoStarvation,30,Medium*Medium*NoStarvation,7.29,26.14,7,7,15,0.2273,0.2614,0.35,0.0227,-0.1307,-0.07,0.0068,0.0,-0.1939,-1.0637,-1.064,0.7941,66
47,67,3598.0,Medium*Medium*NoStarvation,45,Medium*Medium*NoStarvation,26.14,40.14,7,7,23,0.2396,0.4014,0.35,0.024,-0.2007,-0.07,0.0072,0.0,-0.2635,-1.1393,-1.1391,0.7941,96
47,68,3624.0,Medium*Medium*NoStarvation,10,Low*Medium*NoStarvation,40.14,7.57,7,7,4,0.1538,0.0757,0.35,0.0154,-0.0379,-0.07,0.0046,0.0,-0.1032,-0.9704,-0.9713,0.7941,26
48,0,76.0,Low*Low*NoStarvation,10,Low*Medium*NoStarvation,0.83,6.71,2,7,11,0.4231,0.0671,0.35,0.0423,-0.0336,-0.07,0.0127,0.0,-0.0909,-0.5182,-0.563,0.7901,26
48,1,102.0,Low*Medium*NoStarvation,10,Low*Medium*NoStarvation,6.71,8.68,7,8,9,0.3462,0.0868,0.4,0.0346,-0.0434,-0.08,0.0104,0.0,-0.113,-0.9729,-0.9745,0.7901,26
48,2,168.0,Low*Medium*NoStarvation,30,Medium*Medium*NoStarvation,8.68,25.86,8,7,29,0.4394,0.2586,0.35,0.0439,-0.1293,-0.07,0.0132,0.0,-0.1861,-1.064,-1.0637,0.7901,66
48,3,194.0,Medium*Medium*NoStarvation,10,Low*Medium*NoStarvation,25.86,7.71,7,7,9,0.3462,0.0771,0.35,0.0346,-0.0386,-0.07,0.0104,0.0,-0.0982,-0.9713,-0.9717,0.7901,26
48,4,220.0,Low*Medium*NoStarvation,10,Low*Medium*NoStarvation,7.71,7.0,7,7,9,0.3462,0.07,0.35,0.0346,-0.035,-0.07,0.0104,0.0,-0.0946,-0.9745,-0.9742,0.7901,26
48,5,246.0,Low*Medium*NoStarvation,10,Low*Medium*NoStarvation,7.0,6.0,7,7,10,0.3846,0.06,0.35,0.0385,-0.03,-0.07,0.0115,0.0,-0.0885,-0.9742,-0.9733,0.7901,26
48,6,312.0,Low*Medium*NoStarvation,30,Medium*Medium*NoStarvation,6.0,25.29,7,7,29,0.4394,0.2529,0.35,0.0439,-0.1264,-0.07,0.0132,0.0,-0.1832,-1.0637,-1.0631,0.7901,66
48,7,378.0,Medium*Medium*NoStarvation,30,Medium*Medium*NoStarvation,25.29,26.86,7,7,30,0.4545,0.2686,0.35,0.0455,-0.1343,-0.07,0.0136,0.0,-0.1906,-1.0623,-1.0625,0.7901,66
48,8,404.0,Medium*Medium*NoStarvation,10,Low*Medium*NoStarvation,26.86,6.86,7,7,10,0.3846,0.0686,0.35,0.0385,-0.0343,-0.07,0.0115,0.0,-0.0927,-0.9717,-0.9714,0.7901,26
48,9,500.0,Low*Medium*NoStarvation,45,Medium*Medium*NoStarvation,6.86,41.86,7,7,46,0.4792,0.4186,0.35,0.0479,-0.2093,-0.07,0.0144,0.0,-0.2649,-1.1374,-1.1375,0.7901,96
48,10,526.0,Medium*Medium*NoStarvation,10,Low*Medium*NoStarvation,41.86,6.57,7,7,10,0.3846,0.0657,0.35,0.0385,-0.0329,-0.07,0.0115,0.0,-0.0913,-0.9714,-0.971,0.7901,26
48,11,552.0,Low*Medium*NoStarvation,10,Low*Medium*NoStarvation,6.57,6.29,7,7,9,0.3462,0.0629,0.35,0.0346,-0.0314,-0.07,0.0104,0.0,-0.091,-0.9733,-0.9727,0.7901,26
48,12,578.0,Low*Medium*NoStarvation,10,Low*Medium*NoStarvation,6.29,8.57,7,7,9,0.3462,0.0857,0.35,0.0346,-0.0429,-0.07,0.0104,0.0,-0.1025,-0.9727,-0.9732,0.7901,26
48,13,674.0,Low*Medium*NoStarvation,45,Medium*Medium*NoStarvation,8.57,42.43,7,7,45,0.4688,0.4243,0.35,0.0469,-0.2121,-0.07,0.0141,0.0,-0.2681,-1.1375,-1.138,0.7901,96
48,14,740.0,Medium*Medium*NoStarvation,30,Medium*Medium*NoStarvation,42.43,25.57,7,7,30,0.4545,0.2557,0.35,0.0455,-0.1279,-0.07,0.0136,0.0,-0.1842,-1.0625,-1.0621,0.7901,66
48,15,786.0,Medium*Medium*NoStarvation,20,Low*Medium*NoStarvation,25.57,16.14,7,7,20,0.4348,0.1614,0.35,0.0435,-0.0807,-0.07,0.013,0.0,-0.1377,-1.0177,-1.0173,0.7901,46
48,16,852.0,Low*Medium*NoStarvation,30,Medium*Medium*NoStarvation,16.14,25.29,7,7,31,0.4697,0.2529,0.35,0.047,-0.1264,-0.07,0.0141,0.0,-0.1823,-1.0631,-1.0624,0.7901,66
48,17,948.0,Medium*Medium*NoStarvation,45,Medium*Medium*NoStarvation,25.29,41.57,7,7,44,0.4583,0.4157,0.35,0.0458,-0.2079,-0.07,0.0137,0.0,-0.2641,-1.1391,-1.139,0.7901,96
48,18,1014.0,Medium*Medium*NoStarvation,30,Medium*Medium*NoStarvation,41.57,26.86,7,7,31,0.4697,0.2686,0.35,0.047,-0.1343,-0.07,0.0141,0.0,-0.1902,-1.0621,-1.0623,0.7901,66
48,19,1110.0,Medium*Medium*NoStarvation,45,Medium*Medium*NoStarvation,26.86,41.14,7,7,46,0.4792,0.4114,0.35,0.0479,-0.2057,-0.07,0.0144,0.0,-0.2613,-1.139,-1.1386,0.7901,96
48,20,1176.0,Medium*Medium*NoStarvation,30,Medium*Medium*NoStarvation,41.14,26.29,7,7,30,0.4545,0.2629,0.35,0.0455,-0.1314,-0.07,0.0136,0.0,-0.1878,-1.0623,-1.0622,0.7901,66
48,21,1272.0,Medium*Medium*NoStarvation,45,Medium*Medium*NoStarvation,26.29,42.43,7,7,45,0.4688,0.4243,0.35,0.0469,-0.2121,-0.07,0.0141,0.0,-0.2681,-1.1386,-1.1389,0.7901,96
48,22,1298.0,Medium*Medium*NoStarvation,10,Low*Medium*NoStarvation,42.43,7.86,7,7,9,0.3462,0.0786,0.35,0.0346,-0.0393,-0.07,0.0104,0.0,-0.0989,-0.971,-0.9713,0.7901,26
48,23,1364.0,Low*Medium*NoStarvation,30,Medium*Medium*NoStarvation,7.86,25.86,7,7,30,0.4545,0.2586,0.35,0.0455,-0.1293,-0.07,0.0136,0.0,-0.1856,-1.0624,-1.0621,0.7901,66
48,24,1410.0,Medium*Medium*NoStarvation,20,Low*Medium*NoStarvation,25.86,15.71,7,7,17,0.3696,0.1571,0.35,0.037,-0.0786,-0.07,0.0111,0.0,-0.1375,-1.0173,-1.0169,0.7901,46
48,25,1506.0,Low*Medium*NoStarvation,45,Medium*Medium*NoStarvation,15.71,41.0,7,7,22,0.2292,0.41,0.35,0.0229,-0.205,-0.07,0.0069,0.0,-0.2681,-1.138,-1.1384,0.7901,96
48,26,1602.0,Medium*Medium*NoStarvation,45,Medium*Medium*NoStarvation,41.0,41.14,7,7,23,0.2396,0.4114,0.35,0.024,-0.2057,-0.07,0.0072,0.0,-0.2685,-1.1389,-1.1393,0.7901,96
48,27,1648.0,Medium*Medium*NoStarvation,20,Low*Medium*NoStarvation,41.14,17.14,7,7,10,0.2174,0.1714,0.35,0.0217,-0.0857,-0.07,0.0065,0.0,-0.1492,-1.0169,-1.0177,0.7901,46
48,28,1714.0,Low*Medium*NoStarvation,30,Medium*Medium*NoStarvation,17.14,27.14,7,7,14,0.2121,0.2714,0.35,0.0212,-0.1357,-0.07,0.0064,0.0,-0.1994,-1.0621,-1.0633,0.7901,66
48,29,1760.0,Medium*Medium*NoStarvation,20,Low*Medium*NoStarvation,27.14,16.14,7,7,10,0.2174,0.1614,0.35,0.0217,-0.0807,-0.07,0.0065,0.0,-0.1442,-1.0177,-1.018,0.7901,46
48,30,1786.0,Low*Medium*NoStarvation,10,Low*Medium*NoStarvation,16.14,8.29,7,7,4,0.1538,0.0829,0.35,0.0154,-0.0414,-0.07,0.0046,0.0,-0.1068,-0.9732,-0.9741,0.7901,26
48,31,1812.0,Low*Medium*NoStarvation,10,Low*Medium*NoStarvation,8.29,8.43,7,7,4,0.1538,0.0843,0.35,0.0154,-0.0421,-0.07,0.0046,0.0,-0.1075,-0.9741,-0.9751,0.7901,26
48,32,1908.0,Low*Medium*NoStarvation,45,Medium*Medium*NoStarvation,8.43,41.14,7,7,23,0.2396,0.4114,0.35,0.024,-0.2057,-0.07,0.0072,0.0,-0.2685,-1.1384,-1.1388,0.7901,96
48,33,1934.0,Medium*Medium*NoStarvation,10,Low*Medium*NoStarvation,41.14,7.86,7,7,4,0.1538,0.0786,0.35,0.0154,-0.0393,-0.07,0.0046,0.0,-0.1047,-0.9713,-0.9724,0.7901,26
48,34,1980.0,Low*Medium*NoStarvation,20,Low*Medium*NoStarvation,7.86,16.29,7,7,10,0.2174,0.1629,0.35,0.0217,-0.0814,-0.07,0.0065,0.0,-0.1449,-1.0162,-1.0169,0.7901,46
48,35,2006.0,Low*Medium*NoStarvation,10,Low*Medium*NoStarvation,16.29,6.14,7,7,5,0.1923,0.0614,0.35,0.0192,-0.0307,-0.07,0.0058,0.0,-0.0949,-0.9751,-0.9749,0.7901,26
48,36,2032.0,Low*Medium*NoStarvation,10,Low*Medium*NoStarvation,6.14,8.43,7,7,4,0.1538,0.0843,0.35,0.0154,-0.0421,-0.07,0.0046,0.0,-0.1075,-0.9749,-0.9759,0.7901,26
48,37,2098.0,Low*Medium*NoStarvation,30,Medium*Medium*NoStarvation,8.43,26.29,7,7,15,0.2273,0.2629,0.35,0.0227,-0.1314,-0.07,0.0068,0.0,-0.1946,-1.0633,-1.0639,0.7901,66
48,38,2144.0,Medium*Medium*NoStarvation,20,Low*Medium*NoStarvation,26.29,17.0,7,7,10,0.2174,0.17,0.35,0.0217,-0.085,-0.07,0.0065,0.0,-0.1485,-1.018,-1.0188,0.7901,46
48,39,2240.0,Low*Medium*NoStarvation,45,Medium*Medium*NoStarvation,17.0,41.71,7,7,22,0.2292,0.4171,0.35,0.0229,-0.2086,-0.07,0.0069,0.0,-0.2717,-1.1388,-1.1397,0.7901,96
48,40,2286.0,Medium*Medium*NoStarvation,20,Low*Medium*NoStarvation,41.71,17.0,7,7,10,0.2174,0.17,0.35,0.0217,-0.085,-0.07,0.0065,0.0,-0.1485,-1.0188,-1.0196,0.7901,46
48,41,2312.0,Low*Medium*NoStarvation,10,Low*Medium*NoStarvation,17.0,6.0,7,7,5,0.1923,0.06,0.35,0.0192,-0.03,-0.07,0.0058,0.0,-0.0942,-0.9759,-0.9756,0.7901,26
48,42,2338.0,Low*Medium*NoStarvation,10,Low*Medium*NoStarvation,6.0,7.29,7,7,4,0.1538,0.0729,0.35,0.0154,-0.0364,-0.07,0.0046,0.0,-0.1018,-0.9756,-0.976,0.7901,26
48,43,2364.0,Low*Medium*NoStarvation,10,Low*Medium*NoStarvation,7.29,7.0,7,7,5,0.1923,0.07,0.35,0.0192,-0.035,-0.07,0.0058,0.0,-0.0992,-0.976,-0.9761,0.7901,26
48,44,2390.0,Low*Medium*NoStarvation,10,Low*Medium*NoStarvation,7.0,6.43,7,7,5,0.1923,0.0643,0.35,0.0192,-0.0321,-0.07,0.0058,0.0,-0.0964,-0.9761,-0.976,0.7901,26
48,45,2416.0,Low*Medium*NoStarvation,10,Low*Medium*NoStarvation,6.43,5.86,7,7,5,0.1923,0.0586,0.35,0.0192,-0.0293,-0.07,0.0058,0.0,-0.0935,-0.976,-0.9756,0.7901,26
48,46,2462.0,Low*Medium*NoStarvation,20,Low*Medium*NoStarvation,5.86,17.43,7,7,10,0.2174,0.1743,0.35,0.0217,-0.0871,-0.07,0.0065,0.0,-0.1506,-1.0169,-1.018,0.7901,46
48,47,2508.0,Low*Medium*NoStarvation,20,Low*Medium*NoStarvation,17.43,15.0,7,7,11,0.2391,0.15,0.35,0.0239,-0.075,-0.07,0.0072,0.0,-0.1378,-1.018,-1.0178,0.7901,46
48,48,2534.0,Low*Medium*NoStarvation,10,Low*Medium*NoStarvation,15.0,9.0,7,7,4,0.1538,0.09,0.35,0.0154,-0.045,-0.07,0.0046,0.0,-0.1104,-0.9756,-0.9769,0.7901,26
48,49,2580.0,Low*Medium*NoStarvation,20,Low*Medium*NoStarvation,9.0,16.71,7,7,10,0.2174,0.1671,0.35,0.0217,-0.0836,-0.07,0.0065,0.0,-0.147,-1.0178,-1.0187,0.7901,46
48,50,2646.0,Low*Medium*NoStarvation,30,Medium*Medium*NoStarvation,16.71,25.57,7,7,15,0.2273,0.2557,0.35,0.0227,-0.1279,-0.07,0.0068,0.0,-0.191,-1.0639,-1.0642,0.7901,66
48,51,2692.0,Medium*Medium*NoStarvation,20,Low*Medium*NoStarvation,25.57,16.0,7,7,10,0.2174,0.16,0.35,0.0217,-0.08,-0.07,0.0065,0.0,-0.1435,-1.0196,-1.0199,0.7901,46
48,52,2718.0,Low*Medium*NoStarvation,10,Low*Medium*NoStarvation,16.0,7.14,7,7,5,0.1923,0.0714,0.35,0.0192,-0.0357,-0.07,0.0058,0.0,-0.0999,-0.9769,-0.9771,0.7901,26
48,53,2744.0,Low*Medium*NoStarvation,10,Low*Medium*NoStarvation,7.14,6.86,7,7,4,0.1538,0.0686,0.35,0.0154,-0.0343,-0.07,0.0046,0.0,-0.0997,-0.9771,-0.9773,0.7901,26
48,54,2810.0,Low*Medium*NoStarvation,30,Medium*Medium*NoStarvation,6.86,27.43,7,7,15,0.2273,0.2743,0.35,0.0227,-0.1371,-0.07,0.0068,0.0,-0.2003,-1.0642,-1.0653,0.7901,66
48,55,2876.0,Medium*Medium*NoStarvation,30,Medium*Medium*NoStarvation,27.43,26.29,7,7,15,0.2273,0.2629,0.35,0.0227,-0.1314,-0.07,0.0068,0.0,-0.1946,-1.0622,-1.063,0.7901,66
48,56,2922.0,Medium*Medium*NoStarvation,20,Low*Medium*NoStarvation,26.29,16.71,7,7,10,0.2174,0.1671,0.35,0.0217,-0.0836,-0.07,0.0065,0.0,-0.147,-1.0199,-1.0206,0.7901,46
48,57,3018.0,Low*Medium*NoStarvation,45,Medium*Medium*NoStarvation,16.71,41.43,7,7,23,0.2396,0.4143,0.35,0.024,-0.2071,-0.07,0.0072,0.0,-0.27,-1.1397,-1.1402,0.7901,96
48,58,3044.0,Medium*Medium*NoStarvation,10,Low*Medium*NoStarvation,41.43,8.29,7,7,4,0.1538,0.0829,0.35,0.0154,-0.0414,-0.07,0.0046,0.0,-0.1068,-0.9724,-0.9738,0.7901,26
48,59,3090.0,Low*Medium*NoStarvation,20,Low*Medium*NoStarvation,8.29,15.86,7,7,10,0.2174,0.1586,0.35,0.0217,-0.0793,-0.07,0.0065,0.0,-0.1428,-1.0187,-1.019,0.7901,46
48,60,3116.0,Low*Medium*NoStarvation,10,Low*Medium*NoStarvation,15.86,6.14,7,7,5,0.1923,0.0614,0.35,0.0192,-0.0307,-0.07,0.0058,0.0,-0.0949,-0.9773,-0.977,0.7901,26
48,61,3142.0,Low*Medium*NoStarvation,10,Low*Medium*NoStarvation,6.14,6.29,7,7,5,0.1923,0.0629,0.35,0.0192,-0.0314,-0.07,0.0058,0.0,-0.0957,-0.977,-0.9768,0.7901,26
48,62,3188.0,Low*Medium*NoStarvation,20,Low*Medium*NoStarvation,6.29,16.14,7,7,10,0.2174,0.1614,0.35,0.0217,-0.0807,-0.07,0.0065,0.0,-0.1442,-1.019,-1.0195,0.7901,46
48,63,3234.0,Low*Medium*NoStarvation,20,Low*Medium*NoStarvation,16.14,17.43,7,7,10,0.2174,0.1743,0.35,0.0217,-0.0871,-0.07,0.0065,0.0,-0.1506,-1.0195,-1.0205,0.7901,46
48,64,3260.0,Low*Medium*NoStarvation,10,Low*Medium*NoStarvation,17.43,5.57,7,7,5,0.1923,0.0557,0.35,0.0192,-0.0279,-0.07,0.0058,0.0,-0.0921,-0.9768,-0.9763,0.7901,26
48,65,3356.0,Low*Medium*NoStarvation,45,Medium*Medium*NoStarvation,5.57,39.86,7,7,23,0.2396,0.3986,0.35,0.024,-0.1993,-0.07,0.0072,0.0,-0.2621,-1.1402,-1.14,0.7901,96
48,66,3452.0,Medium*Medium*NoStarvation,45,Medium*Medium*NoStarvation,39.86,42.86,7,7,22,0.2292,0.4286,0.35,0.0229,-0.2143,-0.07,0.0069,0.0,-0.2774,-1.1393,-1.1408,0.7901,96
48,67,3478.0,Medium*Medium*NoStarvation,10,Low*Medium*NoStarvation,42.86,6.43,7,7,5,0.1923,0.0643,0.35,0.0192,-0.0321,-0.07,0.0058,0.0,-0.0964,-0.9738,-0.974,0.7901,26
48,68,3544.0,Low*Medium*NoStarvation,30,Medium*Medium*NoStarvation,6.43,26.43,7,7,14,0.2121,0.2643,0.35,0.0212,-0.1321,-0.07,0.0064,0.0,-0.1958,-1.0653,-1.066,0.7901,66
48,69,3570.0,Medium*Medium*NoStarvation,10,Low*Medium*NoStarvation,26.43,6.0,7,7,5,0.1923,0.06,0.35,0.0192,-0.03,-0.07,0.0058,0.0,-0.0942,-0.974,-0.9738,0.7901,26
48,70,3666.0,Low*Medium*NoStarvation,45,Medium*Medium*NoStarvation,6.0,40.86,7,7,23,0.2396,0.4086,0.35,0.024,-0.2043,-0.07,0.0072,0.0,-0.2671,-1.14,-1.1404,0.7901,96
49,0,76.0,Low*Low*NoStarvation,10,Low*Medium*NoStarvation,0.83,6.71,2,7,11,0.4231,0.0671,0.35,0.0423,-0.0336,-0.07,0.0127,0.0,-0.0909,-0.563,-0.6037,0.7862,26
49,1,102.0,Low*Medium*NoStarvation,10,Low*Medium*NoStarvation,6.71,8.68,7,8,9,0.3462,0.0868,0.4,0.0346,-0.0434,-0.08,0.0104,0.0,-0.113,-0.9763,-0.9778,0.7862,26
49,2,198.0,Low*Medium*NoStarvation,45,Medium*Medium*NoStarvation,8.68,43.0,8,7,44,0.4583,0.43,0.35,0.0458,-0.215,-0.07,0.0137,0.0,-0.2712,-1.1404,-1.1411,0.7862,96
49,3,264.0,Medium*Medium*NoStarvation,30,Medium*Medium*NoStarvation,43.0,24.43,7,7,31,0.4697,0.2443,0.35,0.047,-0.1221,-0.07,0.0141,0.0,-0.1781,-1.063,-1.0621,0.7862,66
49,4,290.0,Medium*Medium*NoStarvation,10,Low*Medium*NoStarvation,24.43,8.14,7,7,9,0.3462,0.0814,0.35,0.0346,-0.0407,-0.07,0.0104,0.0,-0.1003,-0.9738,-0.9745,0.7862,26
49,5,316.0,Low*Medium*NoStarvation,10,Low*Medium*NoStarvation,8.14,9.0,7,7,9,0.3462,0.09,0.35,0.0346,-0.045,-0.07,0.0104,0.0,-0.1046,-0.9778,-0.9785,0.7862,26
49,6,362.0,Low*Medium*NoStarvation,20,Low*Medium*NoStarvation,9.0,16.57,7,7,20,0.4348,0.1657,0.35,0.0435,-0.0829,-0.07,0.013,0.0,-0.1398,-1.0205,-1.0205,0.7862,46
49,7,388.0,Low*Medium*NoStarvation,10,Low*Medium*NoStarvation,16.57,9.0,7,7,8,0.3077,0.09,0.35,0.0308,-0.045,-0.07,0.0092,0.0,-0.1058,-0.9785,-0.9793,0.7862,26
49,8,454.0,Low*Medium*NoStarvation,30,Medium*Medium*NoStarvation,9.0,25.57,7,7,30,0.4545,0.2557,0.35,0.0455,-0.1279,-0.07,0.0136,0.0,-0.1842,-1.066,-1.0655,0.7862,66
49,9,480.0,Medium*Medium*NoStarvation,10,Low*Medium*NoStarvation,25.57,6.29,7,7,10,0.3846,0.0629,0.35,0.0385,-0.0314,-0.07,0.0115,0.0,-0.0899,-0.9745,-0.9742,0.7862,26
49,10,576.0,Low*Medium*NoStarvation,45,Medium*Medium*NoStarvation,6.29,42.71,7,7,45,0.4688,0.4271,0.35,0.0469,-0.2136,-0.07,0.0141,0.0,-0.2695,-1.1411,-1.1416,0.7862,96
49,11,642.0,Medium*Medium*NoStarvation,30,Medium*Medium*NoStarvation,42.71,26.0,7,7,30,0.4545,0.26,0.35,0.0455,-0.13,-0.07,0.0136,0.0,-0.1864,-1.0621,-1.0622,0.7862,66
49,12,708.0,Medium*Medium*NoStarvation,30,Medium*Medium*NoStarvation,26.0,26.29,7,7,30,0.4545,0.2629,0.35,0.0455,-0.1314,-0.07,0.0136,0.0,-0.1878,-1.0622,-1.0625,0.7862,66
49,13,734.0,Medium*Medium*NoStarvation,10,Low*Medium*NoStarvation,26.29,6.57,7,7,10,0.3846,0.0657,0.35,0.0385,-0.0329,-0.07,0.0115,0.0,-0.0913,-0.9742,-0.974,0.7862,26
49,14,780.0,Low*Medium*NoStarvation,20,Low*Medium*NoStarvation,6.57,17.62,7,8,21,0.4565,0.1762,0.4,0.0457,-0.0881,-0.08,0.0137,0.0,-0.1544,-1.0205,-1.022,0.7862,46
49,15,846.0,Low*Medium*NoStarvation,30,Medium*Medium*NoStarvation,17.62,25.86,8,7,28,0.4242,0.2586,0.35,0.0424,-0.1293,-0.07,0.0127,0.0,-0.1866,-1.0655,-1.0653,0.7862,66
49,16,912.0,Medium*Medium*NoStarvation,30,Medium*Medium*NoStarvation,25.86,26.71,7,7,30,0.4545,0.2671,0.35,0.0455,-0.1336,-0.07,0.0136,0.0,-0.1899,-1.0625,-1.0629,0.7862,66
49,17,938.0,Medium*Medium*NoStarvation,10,Low*Medium*NoStarvation,26.71,6.57,7,7,10,0.3846,0.0657,0.35,0.0385,-0.0329,-0.07,0.0115,0.0,-0.0913,-0.974,-0.9739,0.7862,26
49,18,964.0,Low*Medium*NoStarvation,10,Low*Medium*NoStarvation,6.57,6.86,7,7,9,0.3462,0.0686,0.35,0.0346,-0.0343,-0.07,0.0104,0.0,-0.0939,-0.9793,-0.9789,0.7862,26
49,19,990.0,Low*Medium*NoStarvation,10,Low*Medium*NoStarvation,6.86,6.43,7,7,10,0.3846,0.0643,0.35,0.0385,-0.0321,-0.07,0.0115,0.0,-0.0906,-0.9789,-0.9782,0.7862,26
49,20,1016.0,Low*Medium*NoStarvation,10,Low*Medium*NoStarvation,6.43,7.71,7,7,9,0.3462,0.0771,0.35,0.0346,-0.0386,-0.07,0.0104,0.0,-0.0982,-0.9782,-0.9782,0.7862,26
49,21,1112.0,Low*Medium*NoStarvation,45,Medium*Medium*NoStarvation,7.71,41.71,7,7,45,0.4688,0.4171,0.35,0.0469,-0.2086,-0.07,0.0141,0.0,-0.2645,-1.1416,-1.1416,0.7862,96
49,22,1138.0,Medium*Medium*NoStarvation,10,Low*Medium*NoStarvation,41.71,7.57,7,7,9,0.3462,0.0757,0.35,0.0346,-0.0379,-0.07,0.0104,0.0,-0.0975,-0.9739,-0.9743,0.7862,26
49,23,1204.0,Low*Medium*NoStarvation,30,Medium*Medium*NoStarvation,7.57,27.0,7,7,30,0.4545,0.27,0.35,0.0455,-0.135,-0.07,0.0136,0.0,-0.1914,-1.0653,-1.0656,0.7862,66
49,24,1250.0,Medium*Medium*NoStarvation,20,Low*Medium*NoStarvation,27.0,16.29,7,7,20,0.4348,0.1629,0.35,0.0435,-0.0814,-0.07,0.013,0.0,-0.1384,-1.0206,-1.0204,0.7862,46
49,25,1316.0,Low*Medium*NoStarvation,30,Medium*Medium*NoStarvation,16.29,25.86,7,7,30,0.4545,0.2586,0.35,0.0455,-0.1293,-0.07,0.0136,0.0,-0.1856,-1.0656,-1.0653,0.7862,66
49,26,1412.0,Medium*Medium*NoStarvation,45,Medium*Medium*NoStarvation,25.86,40.86,7,7,45,0.4688,0.4086,0.35,0.0469,-0.2043,-0.07,0.0141,0.0,-0.2602,-1.1408,-1.1404,0.7862,96
49,27,1458.0,Medium*Medium*NoStarvation,20,Low*Medium*NoStarvation,40.86,16.14,7,7,10,0.2174,0.1614,0.35,0.0217,-0.0807,-0.07,0.0065,0.0,-0.1442,-1.0204,-1.0208,0.7862,46
49,28,1484.0,Low*Medium*NoStarvation,10,Low*Medium*NoStarvation,16.14,6.0,7,7,5,0.1923,0.06,0.35,0.0192,-0.03,-0.07,0.0058,0.0,-0.0942,-0.9782,-0.9778,0.7862,26
49,29,1510.0,Low*Medium*NoStarvation,10,Low*Medium*NoStarvation,6.0,8.71,7,7,4,0.1538,0.0871,0.35,0.0154,-0.0436,-0.07,0.0046,0.0,-0.109,-0.9778,-0.979,0.7862,26
49,30,1606.0,Low*Medium*NoStarvation,45,Medium*Medium*NoStarvation,8.71,42.86,7,7,22,0.2292,0.4286,0.35,0.0229,-0.2143,-0.07,0.0069,0.0,-0.2774,-1.1416,-1.1428,0.7862,96
49,31,1672.0,Medium*Medium*NoStarvation,30,Medium*Medium*NoStarvation,42.86,26.0,7,7,15,0.2273,0.26,0.35,0.0227,-0.13,-0.07,0.0068,0.0,-0.1932,-1.0629,-1.0636,0.7862,66
49,32,1768.0,Medium*Medium*NoStarvation,45,Medium*Medium*NoStarvation,26.0,40.86,7,7,23,0.2396,0.4086,0.35,0.024,-0.2043,-0.07,0.0072,0.0,-0.2671,-1.1404,-1.1408,0.7862,96
49,33,1834.0,Medium*Medium*NoStarvation,30,Medium*Medium*NoStarvation,40.86,25.86,7,7,15,0.2273,0.2586,0.35,0.0227,-0.1293,-0.07,0.0068,0.0,-0.1925,-1.0636,-1.0642,0.7862,66
49,34,1930.0,Medium*Medium*NoStarvation,45,Medium*Medium*NoStarvation,25.86,41.86,7,7,22,0.2292,0.4186,0.35,0.0229,-0.2093,-0.07,0.0069,0.0,-0.2724,-1.1408,-1.1416,0.7862,96
49,35,1996.0,Medium*Medium*NoStarvation,30,Medium*Medium*NoStarvation,41.86,25.71,7,7,15,0.2273,0.2571,0.35,0.0227,-0.1286,-0.07,0.0068,0.0,-0.1918,-1.0642,-1.0646,0.7862,66
49,36,2042.0,Medium*Medium*NoStarvation,20,Low*Medium*NoStarvation,25.71,17.14,7,7,10,0.2174,0.1714,0.35,0.0217,-0.0857,-0.07,0.0065,0.0,-0.1492,-1.0208,-1.0218,0.7862,46
49,37,2068.0,Low*Medium*NoStarvation,10,Low*Medium*NoStarvation,17.14,6.86,7,7,5,0.1923,0.0686,0.35,0.0192,-0.0343,-0.07,0.0058,0.0,-0.0985,-0.979,-0.979,0.7862,26
49,38,2114.0,Low*Medium*NoStarvation,20,Low*Medium*NoStarvation,6.86,17.14,7,7,10,0.2174,0.1714,0.35,0.0217,-0.0857,-0.07,0.0065,0.0,-0.1492,-1.022,-1.0229,0.7862,46
49,39,2160.0,Low*Medium*NoStarvation,20,Low*Medium*NoStarvation,17.14,16.57,7,7,10,0.2174,0.1657,0.35,0.0217,-0.0829,-0.07,0.0065,0.0,-0.1463,-1.0229,-1.0233,0.7862,46
49,40,2256.0,Low*Medium*NoStarvation,45,Medium*Medium*NoStarvation,16.57,40.86,7,7,22,0.2292,0.4086,0.35,0.0229,-0.2043,-0.07,0.0069,0.0,-0.2674,-1.1428,-1.143,0.7862,96
49,41,2352.0,Medium*Medium*NoStarvation,45,Medium*Medium*NoStarvation,40.86,40.71,7,7,23,0.2396,0.4071,0.35,0.024,-0.2036,-0.07,0.0072,0.0,-0.2664,-1.1416,-1.1418,0.7862,96
49,42,2418.0,Medium*Medium*NoStarvation,30,Medium*Medium*NoStarvation,40.71,25.29,7,7,16,0.2424,0.2529,0.35,0.0242,-0.1264,-0.07,0.0073,0.0,-0.1892,-1.0646,-1.0648,0.7862,66
49,43,2484.0,Medium*Medium*NoStarvation,30,Medium*Medium*NoStarvation,25.29,26.57,7,7,15,0.2273,0.2657,0.35,0.0227,-0.1329,-0.07,0.0068,0.0,-0.196,-1.0648,-1.0656,0.7862,66
49,44,2580.0,Medium*Medium*NoStarvation,45,Medium*Medium*NoStarvation,26.57,41.0,7,7,23,0.2396,0.41,0.35,0.024,-0.205,-0.07,0.0072,0.0,-0.2678,-1.1418,-1.1421,0.7862,96
49,45,2676.0,Medium*Medium*NoStarvation,45,Medium*Medium*NoStarvation,41.0,41.14,7,7,23,0.2396,0.4114,0.35,0.024,-0.2057,-0.07,0.0072,0.0,-0.2685,-1.1421,-1.1424,0.7862,96
49,46,2722.0,Medium*Medium*NoStarvation,20,Low*Medium*NoStarvation,41.14,16.0,7,7,10,0.2174,0.16,0.35,0.0217,-0.08,-0.07,0.0065,0.0,-0.1435,-1.0218,-1.0221,0.7862,46
49,47,2788.0,Low*Medium*NoStarvation,30,Medium*Medium*NoStarvation,16.0,27.57,7,7,14,0.2121,0.2757,0.35,0.0212,-0.1379,-0.07,0.0064,0.0,-0.2015,-1.0653,-1.0666,0.7862,66
49,48,2884.0,Medium*Medium*NoStarvation,45,Medium*Medium*NoStarvation,27.57,41.43,7,7,22,0.2292,0.4143,0.35,0.0229,-0.2071,-0.07,0.0069,0.0,-0.2703,-1.1424,-1.1429,0.7862,96
49,49,2980.0,Medium*Medium*NoStarvation,45,Medium*Medium*NoStarvation,41.43,40.57,7,7,23,0.2396,0.4057,0.35,0.024,-0.2029,-0.07,0.0072,0.0,-0.2657,-1.1429,-1.1428,0.7862,96
49,50,3046.0,Medium*Medium*NoStarvation,30,Medium*Medium*NoStarvation,40.57,26.29,7,7,15,0.2273,0.2629,0.35,0.0227,-0.1314,-0.07,0.0068,0.0,-0.1946,-1.0656,-1.0662,0.7862,66
49,51,3092.0,Medium*Medium*NoStarvation,20,Low*Medium*NoStarvation,26.29,17.43,7,7,10,0.2174,0.1743,0.35,0.0217,-0.0871,-0.07,0.0065,0.0,-0.1506,-1.0221,-1.023,0.7862,46
49,52,3118.0,Low*Medium*NoStarvation,10,Low*Medium*NoStarvation,17.43,5.86,7,7,5,0.1923,0.0586,0.35,0.0192,-0.0293,-0.07,0.0058,0.0,-0.0935,-0.979,-0.9786,0.7862,26
49,53,3184.0,Low*Medium*NoStarvation,30,Medium*Medium*NoStarvation,5.86,28.86,7,7,14,0.2121,0.2886,0.35,0.0212,-0.1443,-0.07,0.0064,0.0,-0.2079,-1.0666,-1.0684,0.7862,66
49,54,3210.0,Medium*Medium*NoStarvation,10,Low*Medium*NoStarvation,28.86,8.71,7,7,4,0.1538,0.0871,0.35,0.0154,-0.0436,-0.07,0.0046,0.0,-0.109,-0.9743,-0.9758,0.7862,26
49,55,3236.0,Low*Medium*NoStarvation,10,Low*Medium*NoStarvation,8.71,8.14,7,7,4,0.1538,0.0814,0.35,0.0154,-0.0407,-0.07,0.0046,0.0,-0.1061,-0.9786,-0.9794,0.7862,26
49,56,3282.0,Low*Medium*NoStarvation,20,Low*Medium*NoStarvation,8.14,15.43,7,7,10,0.2174,0.1543,0.35,0.0217,-0.0771,-0.07,0.0065,0.0,-0.1406,-1.0233,-1.0232,0.7862,46
49,57,3308.0,Low*Medium*NoStarvation,10,Low*Medium*NoStarvation,15.43,6.43,7,7,5,0.1923,0.0643,0.35,0.0192,-0.0321,-0.07,0.0058,0.0,-0.0964,-0.9794,-0.9792,0.7862,26
49,58,3334.0,Low*Medium*NoStarvation,10,Low*Medium*NoStarvation,6.43,6.86,7,7,5,0.1923,0.0686,0.35,0.0192,-0.0343,-0.07,0.0058,0.0,-0.0985,-0.9792,-0.9793,0.7862,26
49,59,3380.0,Low*Medium*NoStarvation,20,Low*Medium*NoStarvation,6.86,17.29,7,7,9,0.1957,0.1729,0.35,0.0196,-0.0864,-0.07,0.0059,0.0,-0.1506,-1.0232,-1.0241,0.7862,46
49,60,3426.0,Low*Medium*NoStarvation,20,Low*Medium*NoStarvation,17.29,16.29,7,7,10,0.2174,0.1629,0.35,0.0217,-0.0814,-0.07,0.0065,0.0,-0.1449,-1.0241,-1.0243,0.7862,46
49,61,3452.0,Low*Medium*NoStarvation,10,Low*Medium*NoStarvation,16.29,7.14,7,7,5,0.1923,0.0714,0.35,0.0192,-0.0357,-0.07,0.0058,0.0,-0.0999,-0.9793,-0.9795,0.7862,26
49,62,3478.0,Low*Medium*NoStarvation,10,Low*Medium*NoStarvation,7.14,5.43,7,6,5,0.1923,0.0543,0.3,0.0192,-0.0271,-0.06,0.0058,0.0,-0.0814,-0.9795,-0.9778,0.7862,26
49,63,3504.0,Low*Medium*NoStarvation,10,Low*Medium*NoStarvation,5.43,5.57,6,7,5,0.1923,0.0557,0.35,0.0192,-0.0279,-0.07,0.0058,0.0,-0.0921,-0.9778,-0.9773,0.7862,26
49,64,3530.0,Low*Medium*NoStarvation,10,Low*Medium*NoStarvation,5.57,5.29,7,6,5,0.1923,0.0529,0.3,0.0192,-0.0264,-0.06,0.0058,0.0,-0.0807,-0.9773,-0.9756,0.7862,26
49,65,3596.0,Low*Medium*NoStarvation,30,Medium*Medium*NoStarvation,5.29,26.57,6,7,15,0.2273,0.2657,0.35,0.0227,-0.1329,-0.07,0.0068,0.0,-0.196,-1.0684,-1.069,0.7862,66
49,66,3662.0,Medium*Medium*NoStarvation,30,Medium*Medium*NoStarvation,26.57,26.14,7,7,15,0.2273,0.2614,0.35,0.0227,-0.1307,-0.07,0.0068,0.0,-0.1939,-1.0662,-1.0668,0.7862,66
50,0,146.0,Low*Low*NoStarvation,45,Medium*Medium*NoStarvation,0.83,40.71,2,7,47,0.4896,0.4071,0.35,0.049,-0.2036,-0.07,0.0147,0.0,-0.2589,-0.5912,-0.6458,0.7822,96
50,1,192.0,Medium*Medium*NoStarvation,20,Low*Medium*NoStarvation,40.71,16.29,7,7,20,0.4348,0.1629,0.35,0.0435,-0.0814,-0.07,0.013,0.0,-0.1384,-1.023,-1.0224,0.7822,46
50,2,218.0,Low*Medium*NoStarvation,10,Low*Medium*NoStarvation,16.29,7.0,7,7,8,0.3077,0.07,0.35,0.0308,-0.035,-0.07,0.0092,0.0,-0.0958,-0.9756,-0.9754,0.7822,26
50,3,264.0,Low*Medium*NoStarvation,20,Low*Medium*NoStarvation,7.0,17.29,7,7,21,0.4565,0.1729,0.35,0.0457,-0.0864,-0.07,0.0137,0.0,-0.1427,-1.0243,-1.0239,0.7822,46
50,4,290.0,Low*Medium*NoStarvation,10,Low*Medium*NoStarvation,17.29,9.29,7,7,9,0.3462,0.0929,0.35,0.0346,-0.0464,-0.07,0.0104,0.0,-0.106,-0.9754,-0.9762,0.7822,26
50,5,336.0,Low*Medium*NoStarvation,20,Low*Medium*NoStarvation,9.29,17.0,7,7,20,0.4348,0.17,0.35,0.0435,-0.085,-0.07,0.013,0.0,-0.142,-1.0239,-1.0236,0.7822,46
50,6,402.0,Low*Medium*NoStarvation,30,Medium*Medium*NoStarvation,17.0,24.71,7,7,30,0.4545,0.2471,0.35,0.0455,-0.1236,-0.07,0.0136,0.0,-0.1799,-1.069,-1.0679,0.7822,66
50,7,498.0,Medium*Medium*NoStarvation,45,Medium*Medium*NoStarvation,24.71,40.71,7,7,46,0.4792,0.4071,0.35,0.0479,-0.2036,-0.07,0.0144,0.0,-0.2592,-1.1428,-1.1423,0.7822,96
50,8,524.0,Medium*Medium*NoStarvation,10,Low*Medium*NoStarvation,40.71,7.5,7,8,8,0.3077,0.075,0.4,0.0308,-0.0375,-0.08,0.0092,0.0,-0.1083,-0.9758,-0.9769,0.7822,26
50,9,550.0,Low*Medium*NoStarvation,10,Low*Medium*NoStarvation,7.5,6.29,8,7,10,0.3846,0.0629,0.35,0.0385,-0.0314,-0.07,0.0115,0.0,-0.0899,-0.9762,-0.9755,0.7822,26
50,10,616.0,Low*Medium*NoStarvation,30,Medium*Medium*NoStarvation,6.29,26.14,7,7,30,0.4545,0.2614,0.35,0.0455,-0.1307,-0.07,0.0136,0.0,-0.1871,-1.0679,-1.0678,0.7822,66
50,11,662.0,Medium*Medium*NoStarvation,20,Low*Medium*NoStarvation,26.14,13.71,7,7,20,0.4348,0.1371,0.35,0.0435,-0.0686,-0.07,0.013,0.0,-0.1255,-1.0224,-1.0205,0.7822,46
50,12,708.0,Low*Medium*NoStarvation,20,Low*Medium*NoStarvation,13.71,16.14,7,7,20,0.4348,0.1614,0.35,0.0435,-0.0807,-0.07,0.013,0.0,-0.1377,-1.0236,-1.0228,0.7822,46
50,13,754.0,Low*Medium*NoStarvation,20,Low*Medium*NoStarvation,16.14,16.71,7,7,20,0.4348,0.1671,0.35,0.0435,-0.0836,-0.07,0.013,0.0,-0.1405,-1.0228,-1.0223,0.7822,46
50,14,800.0,Low*Medium*NoStarvation,20,Low*Medium*NoStarvation,16.71,16.0,7,7,20,0.4348,0.16,0.35,0.0435,-0.08,-0.07,0.013,0.0,-0.137,-1.0223,-1.0216,0.7822,46
50,15,826.0,Low*Medium*NoStarvation,10,Low*Medium*NoStarvation,16.0,7.43,7,7,9,0.3462,0.0743,0.35,0.0346,-0.0371,-0.07,0.0104,0.0,-0.0968,-0.9755,-0.9754,0.7822,26
50,16,852.0,Low*Medium*NoStarvation,10,Low*Medium*NoStarvation,7.43,6.36,7,8,10,0.3846,0.0636,0.4,0.0385,-0.0318,-0.08,0.0115,0.0,-0.1002,-0.9754,-0.9757,0.7822,26
50,17,948.0,Low*Medium*NoStarvation,45,Medium*Medium*NoStarvation,6.36,42.86,8,7,43,0.4479,0.4286,0.35,0.0448,-0.2143,-0.07,0.0134,0.0,-0.2708,-1.143,-1.1437,0.7822,96
50,18,1044.0,Medium*Medium*NoStarvation,45,Medium*Medium*NoStarvation,42.86,42.14,7,7,46,0.4792,0.4214,0.35,0.0479,-0.2107,-0.07,0.0144,0.0,-0.2663,-1.1423,-1.1426,0.7822,96
50,19,1070.0,Medium*Medium*NoStarvation,10,Low*Medium*NoStarvation,42.14,5.79,7,8,9,0.3462,0.0579,0.4,0.0346,-0.0289,-0.08,0.0104,0.0,-0.0985,-0.9769,-0.9769,0.7822,26
50,20,1116.0,Low*Medium*NoStarvation,20,Low*Medium*NoStarvation,5.79,15.57,8,7,20,0.4348,0.1557,0.35,0.0435,-0.0779,-0.07,0.013,0.0,-0.1348,-1.0216,-1.0207,0.7822,46
50,21,1142.0,Low*Medium*NoStarvation,10,Low*Medium*NoStarvation,15.57,8.43,7,7,8,0.3077,0.0843,0.35,0.0308,-0.0421,-0.07,0.0092,0.0,-0.1029,-0.9757,-0.9762,0.7822,26
50,22,1168.0,Low*Medium*NoStarvation,10,Low*Medium*NoStarvation,8.43,7.0,7,7,9,0.3462,0.07,0.35,0.0346,-0.035,-0.07,0.0104,0.0,-0.0946,-0.9762,-0.9759,0.7822,26
50,23,1194.0,Low*Medium*NoStarvation,10,Low*Medium*NoStarvation,7.0,6.96,7,8,10,0.3846,0.0696,0.4,0.0385,-0.0348,-0.08,0.0115,0.0,-0.1033,-0.9759,-0.9765,0.7822,26
50,24,1240.0,Low*Medium*NoStarvation,20,Low*Medium*NoStarvation,6.96,16.29,8,7,20,0.4348,0.1629,0.35,0.0435,-0.0814,-0.07,0.013,0.0,-0.1384,-1.0207,-1.0204,0.7822,46
50,25,1266.0,Low*Medium*NoStarvation,10,Low*Medium*NoStarvation,16.29,8.71,7,7,9,0.3462,0.0871,0.35,0.0346,-0.0436,-0.07,0.0104,0.0,-0.1032,-0.9765,-0.977,0.7822,26
50,26,1332.0,Low*Medium*NoStarvation,30,Medium*Medium*NoStarvation,8.71,26.14,7,7,30,0.4545,0.2614,0.35,0.0455,-0.1307,-0.07,0.0136,0.0,-0.1871,-1.0678,-1.0676,0.7822,66
50,27,1398.0,Medium*Medium*NoStarvation,30,Medium*Medium*NoStarvation,26.14,25.86,7,7,30,0.4545,0.2586,0.35,0.0455,-0.1293,-0.07,0.0136,0.0,-0.1856,-1.0668,-1.0666,0.7822,66
50,28,1424.0,Medium*Medium*NoStarvation,10,Low*Medium*NoStarvation,25.86,8.0,7,7,8,0.3077,0.08,0.35,0.0308,-0.04,-0.07,0.0092,0.0,-0.1008,-0.9769,-0.9772,0.7822,26
50,29,1450.0,Low*Medium*NoStarvation,10,Low*Medium*NoStarvation,8.0,7.0,7,7,7,0.2692,0.07,0.35,0.0269,-0.035,-0.07,0.0081,0.0,-0.0969,-0.977,-0.9769,0.7822,26
50,30,1476.0,Low*Medium*NoStarvation,10,Low*Medium*NoStarvation,7.0,6.0,7,7,5,0.1923,0.06,0.35,0.0192,-0.03,-0.07,0.0058,0.0,-0.0942,-0.9769,-0.9766,0.7822,26
50,31,1522.0,Low*Medium*NoStarvation,20,Low*Medium*NoStarvation,6.0,15.43,7,7,10,0.2174,0.1543,0.35,0.0217,-0.0771,-0.07,0.0065,0.0,-0.1406,-1.0204,-1.0203,0.7822,46
50,32,1548.0,Low*Medium*NoStarvation,10,Low*Medium*NoStarvation,15.43,9.14,7,7,4,0.1538,0.0914,0.35,0.0154,-0.0457,-0.07,0.0046,0.0,-0.1111,-0.9766,-0.9779,0.7822,26
50,33,1594.0,Low*Medium*NoStarvation,20,Low*Medium*NoStarvation,9.14,15.43,7,7,10,0.2174,0.1543,0.35,0.0217,-0.0771,-0.07,0.0065,0.0,-0.1406,-1.0203,-1.0203,0.7822,46
50,34,1620.0,Low*Medium*NoStarvation,10,Low*Medium*NoStarvation,15.43,6.0,7,7,5,0.1923,0.06,0.35,0.0192,-0.03,-0.07,0.0058,0.0,-0.0942,-0.9779,-0.9776,0.7822,26
50,35,1646.0,Low*Medium*NoStarvation,10,Low*Medium*NoStarvation,6.0,7.57,7,7,4,0.1538,0.0757,0.35,0.0154,-0.0379,-0.07,0.0046,0.0,-0.1032,-0.9776,-0.9781,0.7822,26
50,36,1692.0,Low*Medium*NoStarvation,20,Low*Medium*NoStarvation,7.57,17.0,7,7,10,0.2174,0.17,0.35,0.0217,-0.085,-0.07,0.0065,0.0,-0.1485,-1.0203,-1.0212,0.7822,46
50,37,1788.0,Low*Medium*NoStarvation,45,Medium*Medium*NoStarvation,17.0,40.57,7,7,22,0.2292,0.4057,0.35,0.0229,-0.2029,-0.07,0.0069,0.0,-0.266,-1.1437,-1.1439,0.7822,96
50,38,1834.0,Medium*Medium*NoStarvation,20,Low*Medium*NoStarvation,40.57,15.86,7,7,10,0.2174,0.1586,0.35,0.0217,-0.0793,-0.07,0.0065,0.0,-0.1428,-1.0205,-1.0207,0.7822,46
50,39,1880.0,Low*Medium*NoStarvation,20,Low*Medium*NoStarvation,15.86,16.57,7,7,10,0.2174,0.1657,0.35,0.0217,-0.0829,-0.07,0.0065,0.0,-0.1463,-1.0212,-1.0217,0.7822,46
50,40,1976.0,Low*Medium*NoStarvation,45,Medium*Medium*NoStarvation,16.57,41.14,7,7,22,0.2292,0.4114,0.35,0.0229,-0.2057,-0.07,0.0069,0.0,-0.2688,-1.1439,-1.1443,0.7822,96
50,41,2072.0,Medium*Medium*NoStarvation,45,Medium*Medium*NoStarvation,41.14,42.86,7,7,22,0.2292,0.4286,0.35,0.0229,-0.2143,-0.07,0.0069,0.0,-0.2774,-1.1426,-1.1441,0.7822,96
50,42,2138.0,Medium*Medium*NoStarvation,30,Medium*Medium*NoStarvation,42.86,26.14,7,7,15,0.2273,0.2614,0.35,0.0227,-0.1307,-0.07,0.0068,0.0,-0.1939,-1.0666,-1.0672,0.7822,66
50,43,2204.0,Medium*Medium*NoStarvation,30,Medium*Medium*NoStarvation,26.14,25.14,7,7,15,0.2273,0.2514,0.35,0.0227,-0.1257,-0.07,0.0068,0.0,-0.1889,-1.0672,-1.0674,0.7822,66
50,44,2300.0,Medium*Medium*NoStarvation,45,Medium*Medium*NoStarvation,25.14,40.71,7,7,23,0.2396,0.4071,0.35,0.024,-0.2036,-0.07,0.0072,0.0,-0.2664,-1.1441,-1.1442,0.7822,96
50,45,2326.0,Medium*Medium*NoStarvation,10,Low*Medium*NoStarvation,40.71,8.43,7,7,4,0.1538,0.0843,0.35,0.0154,-0.0421,-0.07,0.0046,0.0,-0.1075,-0.9772,-0.9783,0.7822,26
50,46,2352.0,Low*Medium*NoStarvation,10,Low*Medium*NoStarvation,8.43,8.71,7,7,4,0.1538,0.0871,0.35,0.0154,-0.0436,-0.07,0.0046,0.0,-0.109,-0.9781,-0.9792,0.7822,26
50,47,2448.0,Low*Medium*NoStarvation,45,Medium*Medium*NoStarvation,8.71,40.71,7,7,23,0.2396,0.4071,0.35,0.024,-0.2036,-0.07,0.0072,0.0,-0.2664,-1.1443,-1.1446,0.7822,96
50,48,2474.0,Medium*Medium*NoStarvation,10,Low*Medium*NoStarvation,40.71,5.43,7,7,5,0.1923,0.0543,0.35,0.0192,-0.0271,-0.07,0.0058,0.0,-0.0914,-0.9783,-0.9777,0.7822,26
50,49,2540.0,Low*Medium*NoStarvation,30,Medium*Medium*NoStarvation,5.43,25.57,7,7,15,0.2273,0.2557,0.35,0.0227,-0.1279,-0.07,0.0068,0.0,-0.191,-1.0676,-1.0679,0.7822,66
50,50,2566.0,Medium*Medium*NoStarvation,10,Low*Medium*NoStarvation,25.57,7.0,7,7,5,0.1923,0.07,0.35,0.0192,-0.035,-0.07,0.0058,0.0,-0.0992,-0.9777,-0.978,0.7822,26
50,51,2632.0,Low*Medium*NoStarvation,30,Medium*Medium*NoStarvation,7.0,25.29,7,7,15,0.2273,0.2529,0.35,0.0227,-0.1264,-0.07,0.0068,0.0,-0.1896,-1.0679,-1.0681,0.7822,66
50,52,2658.0,Medium*Medium*NoStarvation,10,Low*Medium*NoStarvation,25.29,6.29,7,7,5,0.1923,0.0629,0.35,0.0192,-0.0314,-0.07,0.0058,0.0,-0.0957,-0.978,-0.9779,0.7822,26
50,53,2684.0,Low*Medium*NoStarvation,10,Low*Medium*NoStarvation,6.29,7.43,7,7,4,0.1538,0.0743,0.35,0.0154,-0.0371,-0.07,0.0046,0.0,-0.1025,-0.9792,-0.9797,0.7822,26
50,54,2780.0,Low*Medium*NoStarvation,45,Medium*Medium*NoStarvation,7.43,40.71,7,7,23,0.2396,0.4071,0.35,0.024,-0.2036,-0.07,0.0072,0.0,-0.2664,-1.1446,-1.1448,0.7822,96
50,55,2826.0,Medium*Medium*NoStarvation,20,Low*Medium*NoStarvation,40.71,16.71,7,7,10,0.2174,0.1671,0.35,0.0217,-0.0836,-0.07,0.0065,0.0,-0.147,-1.0207,-1.0215,0.7822,46
50,56,2852.0,Low*Medium*NoStarvation,10,Low*Medium*NoStarvation,16.71,7.43,7,7,5,0.1923,0.0743,0.35,0.0192,-0.0371,-0.07,0.0058,0.0,-0.1014,-0.9797,-0.98,0.7822,26
50,57,2948.0,Low*Medium*NoStarvation,45,Medium*Medium*NoStarvation,7.43,41.86,7,7,22,0.2292,0.4186,0.35,0.0229,-0.2093,-0.07,0.0069,0.0,-0.2724,-1.1448,-1.1455,0.7822,96
50,58,3014.0,Medium*Medium*NoStarvation,30,Medium*Medium*NoStarvation,41.86,26.29,7,7,15,0.2273,0.2629,0.35,0.0227,-0.1314,-0.07,0.0068,0.0,-0.1946,-1.0674,-1.0681,0.7822,66
50,59,3080.0,Medium*Medium*NoStarvation,30,Medium*Medium*NoStarvation,26.29,26.29,7,7,15,0.2273,0.2629,0.35,0.0227,-0.1314,-0.07,0.0068,0.0,-0.1946,-1.0681,-1.0688,0.7822,66
50,60,3126.0,Medium*Medium*NoStarvation,20,Low*Medium*NoStarvation,26.29,15.86,7,7,10,0.2174,0.1586,0.35,0.0217,-0.0793,-0.07,0.0065,0.0,-0.1428,-1.0215,-1.0219,0.7822,46
50,61,3152.0,Low*Medium*NoStarvation,10,Low*Medium*NoStarvation,15.86,8.14,7,7,4,0.1538,0.0814,0.35,0.0154,-0.0407,-0.07,0.0046,0.0,-0.1061,-0.98,-0.9809,0.7822,26
50,62,3248.0,Low*Medium*NoStarvation,45,Medium*Medium*NoStarvation,8.14,42.0,7,7,22,0.2292,0.42,0.35,0.0229,-0.21,-0.07,0.0069,0.0,-0.2731,-1.1455,-1.1463,0.7822,96
50,63,3274.0,Medium*Medium*NoStarvation,10,Low*Medium*NoStarvation,42.0,7.14,7,7,4,0.1538,0.0714,0.35,0.0154,-0.0357,-0.07,0.0046,0.0,-0.1011,-0.9779,-0.9785,0.7822,26
50,64,3340.0,Low*Medium*NoStarvation,30,Medium*Medium*NoStarvation,7.14,25.43,7,7,15,0.2273,0.2543,0.35,0.0227,-0.1271,-0.07,0.0068,0.0,-0.1903,-1.0681,-1.0684,0.7822,66
50,65,3366.0,Medium*Medium*NoStarvation,10,Low*Medium*NoStarvation,25.43,5.86,7,6,5,0.1923,0.0586,0.3,0.0192,-0.0293,-0.06,0.0058,0.0,-0.0835,-0.9785,-0.9773,0.7822,26
50,66,3392.0,Low*Medium*NoStarvation,10,Low*Medium*NoStarvation,5.86,7.71,6,7,4,0.1538,0.0771,0.35,0.0154,-0.0386,-0.07,0.0046,0.0,-0.104,-0.9809,-0.9814,0.7822,26
50,67,3488.0,Low*Medium*NoStarvation,45,Medium*Medium*NoStarvation,7.71,42.43,7,7,22,0.2292,0.4243,0.35,0.0229,-0.2121,-0.07,0.0069,0.0,-0.2753,-1.1463,-1.1472,0.7822,96
50,68,3514.0,Medium*Medium*NoStarvation,10,Low*Medium*NoStarvation,42.43,5.14,7,6,5,0.1923,0.0514,0.3,0.0192,-0.0257,-0.06,0.0058,0.0,-0.0799,-0.9773,-0.9759,0.7822,26
50,69,3560.0,Low*Medium*NoStarvation,20,Low*Medium*NoStarvation,5.14,16.29,6,7,10,0.2174,0.1629,0.35,0.0217,-0.0814,-0.07,0.0065,0.0,-0.1449,-1.0217,-1.0224,0.7822,46
50,70,3586.0,Low*Medium*NoStarvation,10,Low*Medium*NoStarvation,16.29,6.0,7,7,5,0.1923,0.06,0.35,0.0192,-0.03,-0.07,0.0058,0.0,-0.0942,-0.9814,-0.981,0.7822,26
50,71,3652.0,Low*Medium*NoStarvation,30,Medium*Medium*NoStarvation,6.0,25.71,7,7,15,0.2273,0.2571,0.35,0.0227,-0.1286,-0.07,0.0068,0.0,-0.1918,-1.0684,-1.0686,0.7822,66
